species,scenario,metric,estimate,lo,hi,latin,group,species_order,pct,pct_lo,pct_hi
DecapterusMaruadsi,SSP1-2.6,ingestion,-0.0524390259337893,-0.0558605188177183,-0.0489960200846651,Decapterus maruadsi,Mid-trophic species,10,-5.10878216741237,-5.43289699948765,-4.78150806936744
DecapterusMaruadsi,SSP1-2.6,maintenance,0.0849097265238825,0.0809492708321316,0.088705538314801,Decapterus maruadsi,Mid-trophic species,10,8.86187888602872,8.43158887287796,9.2758833338805
DecapterusMaruadsi,SSP1-2.6,enet,0.00621369906708961,0.00282586553554287,0.00975941627617548,Decapterus maruadsi,Mid-trophic species,10,0.623304414254067,0.282986205721292,0.98071946824958
DecapterusMaruadsi,SSP1-2.6,mbi,0.137117352391936,0.130908083922553,0.143451422340182,Decapterus maruadsi,Mid-trophic species,10,14.6962739443896,13.9863004760515,15.4250738645465
DecapterusMaruadsi,SSP1-2.6,age_mature,-0.0116938226662472,-0.0132982830720518,-0.0101148125977987,Decapterus maruadsi,Mid-trophic species,10,-1.1625715657568,-1.32102515604303,-1.00638299190595
DecapterusMaruadsi,SSP1-2.6,ingestion_age_standardized,-0.00321958077261755,-0.00494369132111507,-0.00145780273558572,Decapterus maruadsi,Mid-trophic species,10,-0.321440348016933,-0.493149139168392,-0.145674065734069
DecapterusMaruadsi,SSP1-2.6,maintenance_age_standardized,0.0830332360148285,0.0797090192631603,0.0866043134968076,Decapterus maruadsi,Mid-trophic species,10,8.65779214680202,8.29718978621936,9.04651120141244
DecapterusMaruadsi,SSP1-2.6,enet_age_standardized,0.0696574863647957,0.0670877013070365,0.0722296812648526,Decapterus maruadsi,Mid-trophic species,10,7.21408954820519,6.9389260898018,7.49022006105955
DecapterusMaruadsi,SSP1-2.6,mbi_age_standardized,0.0862252214904372,0.0821581300524376,0.0900874258344063,Decapterus maruadsi,Mid-trophic species,10,9.00518037528128,8.56274665853642,9.42699469866093
DecapterusMaruadsi,SSP1-2.6,length_age1,0.0448846285276819,0.0409982923072732,0.0487602558519817,Decapterus maruadsi,Mid-trophic species,10,4.59071850957828,4.18503263837355,4.99685967362888
DecapterusMaruadsi,SSP1-2.6,age_standardized_size,0.0416748883265435,0.0392641545866194,0.0441485605830078,Decapterus maruadsi,Mid-trophic species,10,4.25554766912875,4.00451800720081,4.51376096083993
DecapterusMaruadsi,SSP1-2.6,max_realized_size,0.0149257816681321,0.0130508981099731,0.0168532317896359,Decapterus maruadsi,Mid-trophic species,10,1.50377274131412,1.31364327770802,1.69960486811835
DecapterusMaruadsi,SSP1-2.6,reproductive_allocation,-0.0212531376101117,-0.029089106356409,-0.0128176761686923,Decapterus maruadsi,Mid-trophic species,10,-2.10288812081402,-2.86700910587185,-1.273587961108
DecapterusMaruadsi,SSP1-2.6,egg_production,-0.117600081285201,-0.143985677456011,-0.0919812798216726,Decapterus maruadsi,Mid-trophic species,10,-11.0948470125908,-13.4099850136622,-8.78777755240344
DecapterusMaruadsi,SSP1-2.6,eggs_per_biomass,0.0194778961123345,0.0107158602700809,0.0273670939973085,Decapterus maruadsi,Mid-trophic species,10,1.96688279663313,1.0773480734436,2.77450125483998
DecapterusMaruadsi,SSP1-2.6,mean_size,0.0261054061599257,0.0228193303779475,0.0296025753790036,Decapterus maruadsi,Mid-trophic species,10,2.64491368333548,2.30816830677365,3.00450873183824
DecapterusMaruadsi,SSP1-2.6,biomass,-0.13576575524875,-0.163293468507293,-0.109936393464682,Decapterus maruadsi,Mid-trophic species,10,-12.6952884757382,-15.0658103261866,-10.4108881985688
DecapterusMaruadsi,SSP1-2.6,abundance,-0.203201081838386,-0.237375255035098,-0.167325378405559,Decapterus maruadsi,Mid-trophic species,10,-18.3885880802258,-21.1304729391382,-15.4075678953946
DecapterusMaruadsi,SSP1-2.6,yield,-0.131558097847578,-0.157874203532096,-0.106640460277912,Decapterus maruadsi,Mid-trophic species,10,-12.3271662371195,-14.6042799988563,-10.1151213256305
DecapterusMaruadsi,SSP1-2.6,mean_tl,0.00311871935537427,0.0023922212172164,0.00384406779676376,Decapterus maruadsi,Mid-trophic species,10,0.312358762018472,0.239508486142737,0.385146570168882
DecapterusMaruadsi,SSP5-8.5,ingestion,-0.0881197053707664,-0.0915560501980953,-0.0847051109878073,Decapterus maruadsi,Mid-trophic species,10,-8.43487382110768,-8.74898316570974,-8.12168164776848
DecapterusMaruadsi,SSP5-8.5,maintenance,0.194895960157681,0.190946662045973,0.198710037142191,Decapterus maruadsi,Mid-trophic species,10,21.5184552303538,21.0394890372503,21.9828209740545
DecapterusMaruadsi,SSP5-8.5,enet,0.0051480610171167,0.0016581174331062,0.00874240472503074,Decapterus maruadsi,Mid-trophic species,10,0.516133505197303,0.165949286992406,0.878073115218192
DecapterusMaruadsi,SSP5-8.5,mbi,0.282805781804348,0.276629102702751,0.289264129839106,Decapterus maruadsi,Mid-trophic species,10,32.6847438875242,31.8677186517536,33.5444412667109
DecapterusMaruadsi,SSP5-8.5,age_mature,-0.0156527249840691,-0.0172158692425938,-0.01408621477506,Decapterus maruadsi,Mid-trophic species,10,-1.55308577642483,-1.70685229422848,-1.3987468250384
DecapterusMaruadsi,SSP5-8.5,ingestion_age_standardized,-0.00756309752566621,-0.0093184094601588,-0.00584936678652481,Decapterus maruadsi,Mid-trophic species,10,-0.753456926954166,-0.92751276263402,-0.583229254800577
DecapterusMaruadsi,SSP5-8.5,maintenance_age_standardized,0.190954813456563,0.187366295626816,0.194501692603784,Decapterus maruadsi,Mid-trophic species,10,21.0404756838444,20.606898194289,21.4705538898496
DecapterusMaruadsi,SSP5-8.5,enet_age_standardized,0.103161624512513,0.100617038471161,0.105653973050585,Decapterus maruadsi,Mid-trophic species,10,10.8670582938678,10.5853061482027,11.1437222728435
DecapterusMaruadsi,SSP5-8.5,mbi_age_standardized,0.198487454282384,0.19446704135183,0.202655430112225,Decapterus maruadsi,Mid-trophic species,10,21.955672710396,21.4663448560062,22.4650417881698
DecapterusMaruadsi,SSP5-8.5,length_age1,0.0612914004874096,0.0573772483574193,0.0653334147818201,Decapterus maruadsi,Mid-trophic species,10,6.32086885808691,5.90552619025193,6.75148902996567
DecapterusMaruadsi,SSP5-8.5,age_standardized_size,0.0596349143268491,0.0571549431232573,0.061981467812997,Decapterus maruadsi,Mid-trophic species,10,6.14489559911722,5.88198545416452,6.39426273616004
DecapterusMaruadsi,SSP5-8.5,max_realized_size,0.0235459495323365,0.0215681605599253,0.0254826614119113,Decapterus maruadsi,Mid-trophic species,10,2.38253439615634,2.18024345899341,2.58101200171226
DecapterusMaruadsi,SSP5-8.5,reproductive_allocation,-0.038466819386934,-0.0463194379106976,-0.030084357878949,Decapterus maruadsi,Mid-trophic species,10,-3.77363672926159,-4.52630656969868,-2.96363277254672
DecapterusMaruadsi,SSP5-8.5,egg_production,-0.111725273563786,-0.138154976251959,-0.0847436925305242,Decapterus maruadsi,Mid-trophic species,10,-10.571009116505,-12.9036297404209,-8.12522638665154
DecapterusMaruadsi,SSP5-8.5,eggs_per_biomass,0.0305393582809286,0.0223710772980402,0.0385120578092989,Decapterus maruadsi,Mid-trophic species,10,3.10104680498773,2.26231863212711,3.92632595206293
DecapterusMaruadsi,SSP5-8.5,mean_size,0.035481924592787,0.0319260695024875,0.03896857423061,Decapterus maruadsi,Mid-trophic species,10,3.61189196874088,3.24411735939163,3.97378085761424
DecapterusMaruadsi,SSP5-8.5,biomass,-0.142095720296606,-0.168971523774979,-0.115852525131836,Decapterus maruadsi,Mid-trophic species,10,-13.2461788503489,-15.5467047845993,-10.9393444302492
DecapterusMaruadsi,SSP5-8.5,abundance,-0.231556499564425,-0.264689622895549,-0.198507269696711,Decapterus maruadsi,Mid-trophic species,10,-20.6702126747381,-23.2555889905061,-18.0046190096777
DecapterusMaruadsi,SSP5-8.5,yield,-0.137922790120401,-0.165546477631278,-0.112550719092665,Decapterus maruadsi,Mid-trophic species,10,-12.8834048232557,-15.2569524271573,-10.64479741888
DecapterusMaruadsi,SSP5-8.5,mean_tl,0.00310825349748383,0.00243521347351824,0.00381824995434026,Decapterus maruadsi,Mid-trophic species,10,0.311308912620811,0.243818101422511,0.382554875729202
EngraulisJaponicus,SSP1-2.6,ingestion,-0.101574742493134,-0.106244204675526,-0.0968446372760775,Engraulis japonicus,Prey,1,-9.65863465700644,-10.0794968811592,-9.2302982539834
EngraulisJaponicus,SSP1-2.6,maintenance,0.211036098680117,0.208029713046829,0.214239073177315,Engraulis japonicus,Prey,1,23.4956934572098,23.1249753186934,23.8918811647197
EngraulisJaponicus,SSP1-2.6,enet,-0.0672584781928793,-0.0715673008250353,-0.0631966177400328,Engraulis japonicus,Prey,1,-6.50464949908937,-6.90663771143447,-6.12411211067816
EngraulisJaponicus,SSP1-2.6,mbi,0.312250005890382,0.306084794120985,0.317892606943969,Engraulis japonicus,Prey,1,36.6496282447815,35.8097460346003,37.4228670685972
EngraulisJaponicus,SSP1-2.6,age_mature,-0.0468240478833557,-0.051437687094037,-0.0420883126218253,Engraulis japonicus,Prey,1,-4.57447139428268,-5.01371631682433,-4.12148959927672
EngraulisJaponicus,SSP1-2.6,ingestion_age_standardized,0.0527638432317488,0.0473328636577909,0.0580889608078311,Engraulis japonicus,Prey,1,5.41806638224827,4.84709488768758,5.98092730058066
EngraulisJaponicus,SSP1-2.6,maintenance_age_standardized,0.243252796163937,0.236661535141782,0.249826739326742,Engraulis japonicus,Prey,1,27.5390997321031,26.7012206086918,28.3802964851199
EngraulisJaponicus,SSP1-2.6,enet_age_standardized,0.0774279503043258,0.0716407680771847,0.0831177967605511,Engraulis japonicus,Prey,1,8.05043796422298,7.42693628907321,8.66698071922532
EngraulisJaponicus,SSP1-2.6,mbi_age_standardized,0.190137602183908,0.179752307889018,0.199656228212695,Engraulis japonicus,Prey,1,20.9416004491488,19.6920858548272,22.0982946514813
EngraulisJaponicus,SSP1-2.6,length_age1,0.035770625332455,0.0314797483586807,0.0402620866976624,Engraulis japonicus,Prey,1,3.64180911693426,3.19804760855718,4.10835926005639
EngraulisJaponicus,SSP1-2.6,age_standardized_size,0.0760521261895559,0.0690369460083924,0.0835217276019947,Engraulis japonicus,Prey,1,7.90188178308195,7.14757951707896,8.71088353043716
EngraulisJaponicus,SSP1-2.6,max_realized_size,-0.00461608975475525,-0.00538975416267211,-0.00380519623525832,Engraulis japonicus,Prey,1,-0.460545198703466,-0.537525549748064,-0.379796565023638
EngraulisJaponicus,SSP1-2.6,reproductive_allocation,0.0291387019047877,0.0183758154309547,0.0399775570459922,Engraulis japonicus,Prey,1,2.95673875298252,1.85456896578191,4.07874155861712
EngraulisJaponicus,SSP1-2.6,egg_production,-0.158821827441795,-0.168563630313697,-0.149267024135412,Engraulis japonicus,Prey,1,-14.6851646947266,-15.5122498111958,-13.8660914136026
EngraulisJaponicus,SSP1-2.6,eggs_per_biomass,0.0496972349151408,0.0432189157853063,0.0564604572819752,Engraulis japonicus,Prey,1,5.09528563717316,4.41664543514033,5.8084774425109
EngraulisJaponicus,SSP1-2.6,mean_size,0.0175002542858916,0.0144519417035108,0.0209240701540079,Engraulis japonicus,Prey,1,1.76542809258551,1.45568759046222,2.11445133481964
EngraulisJaponicus,SSP1-2.6,biomass,-0.206741500004591,-0.215684599383129,-0.198245699097229,Engraulis japonicus,Prey,1,-18.6770157270399,-19.4010528634774,-17.9831686234444
EngraulisJaponicus,SSP1-2.6,abundance,-0.233777203641021,-0.245364933935532,-0.22153184784922,Engraulis japonicus,Prey,1,-20.8461851930846,-21.7581045092936,-19.8709597634354
EngraulisJaponicus,SSP1-2.6,yield,-0.207498940663376,-0.216953053597277,-0.198172403179459,Engraulis japonicus,Prey,1,-18.7385897395478,-19.5032241241463,-17.9771569042015
EngraulisJaponicus,SSP1-2.6,mean_tl,-0.00361786505147713,-0.00403021519069857,-0.00319805025307448,Engraulis japonicus,Prey,1,-0.361132846291956,-0.402210477269183,-0.319294193736497
EngraulisJaponicus,SSP5-8.5,ingestion,-0.142760804142448,-0.147422076436554,-0.138101252977713,Engraulis japonicus,Prey,1,-13.3038582324219,-13.7070321742913,-12.898950512545
EngraulisJaponicus,SSP5-8.5,maintenance,0.415099497214169,0.412082975802712,0.418330451755645,Engraulis japonicus,Prey,1,51.4521423858119,50.9959721250798,51.9422687346743
EngraulisJaponicus,SSP5-8.5,enet,-0.192983959544308,-0.197866165263571,-0.188222149134853,Engraulis japonicus,Prey,1,-17.5504800688248,-17.9520345531648,-17.1569348363005
EngraulisJaponicus,SSP5-8.5,mbi,0.557511720201127,0.551675436670943,0.563733852559952,Engraulis japonicus,Prey,1,74.632175246296,73.615940758964,75.7221472131973
EngraulisJaponicus,SSP5-8.5,age_mature,-0.0693543548967107,-0.0740072649296344,-0.0648514296655744,Engraulis japonicus,Prey,1,-6.70039902103364,-7.13350528687148,-6.27933058536584
EngraulisJaponicus,SSP5-8.5,ingestion_age_standardized,0.0867385499915222,0.080829523275275,0.0924621230579845,Engraulis japonicus,Prey,1,9.06115020535929,8.41860523241946,9.68715946316852
EngraulisJaponicus,SSP5-8.5,maintenance_age_standardized,0.449243878901282,0.442519496906592,0.456062579958058,Engraulis japonicus,Prey,1,56.7126799761399,55.662419187432,57.7849083406377
EngraulisJaponicus,SSP5-8.5,enet_age_standardized,0.119839262506959,0.113648097894324,0.126494537632883,Engraulis japonicus,Prey,1,12.731563512657,12.0357799237547,13.4843252228678
EngraulisJaponicus,SSP5-8.5,mbi_age_standardized,0.362233313475306,0.351992181170713,0.372076873375593,Engraulis japonicus,Prey,1,43.6534065619644,42.1897406102033,45.0744500633556
EngraulisJaponicus,SSP5-8.5,length_age1,0.0525800446474998,0.0481708779469588,0.0569817110597399,Engraulis japonicus,Prey,1,5.39869247139617,4.93499507704445,5.86364488796791
EngraulisJaponicus,SSP5-8.5,age_standardized_size,0.111249851375574,0.104166375555685,0.118437127152303,Engraulis japonicus,Prey,1,11.7674124388985,10.9785080666038,12.5736093642962
EngraulisJaponicus,SSP5-8.5,max_realized_size,-0.0137094833876204,-0.0144608783163013,-0.0129664318610787,Engraulis japonicus,Prey,1,-1.36159364018048,-1.43568220012248,-1.28827298462019
EngraulisJaponicus,SSP5-8.5,reproductive_allocation,0.0478188459815943,0.0365687921073834,0.0587141221033828,Engraulis japonicus,Prey,1,4.89806110584261,3.72456558780412,6.04720318879721
EngraulisJaponicus,SSP5-8.5,egg_production,-0.208697697530461,-0.217807043100779,-0.199244975898735,Engraulis japonicus,Prey,1,-18.8359440493945,-19.5719381810923,-18.0650852048858
EngraulisJaponicus,SSP5-8.5,eggs_per_biomass,0.105975460357438,0.0992535844249714,0.112686958417079,Engraulis japonicus,Prey,1,11.1794593129852,10.4346309078112,11.9281496449467
EngraulisJaponicus,SSP5-8.5,mean_size,0.0180156823601857,0.0149768400819682,0.0212698855463679,Engraulis japonicus,Prey,1,1.81789437135196,1.50895549525916,2.14977019042359
EngraulisJaponicus,SSP5-8.5,biomass,-0.307607532937478,-0.315823126699872,-0.299129425341109,Engraulis japonicus,Prey,1,-26.4796195327816,-27.0811587276756,-25.8536560933875
EngraulisJaponicus,SSP5-8.5,abundance,-0.34561365523632,-0.357204124231,-0.334434410205822,Engraulis japonicus,Prey,1,-29.2214116339604,-30.037032821075,-28.4257211289439
EngraulisJaponicus,SSP5-8.5,yield,-0.310236612745973,-0.319539880227095,-0.301004380567236,Engraulis japonicus,Prey,1,-26.6726566144437,-27.3516770517904,-25.9925469206635
EngraulisJaponicus,SSP5-8.5,mean_tl,-0.00409337740556692,-0.0045044035907857,-0.00370182652504994,Engraulis japonicus,Prey,1,-0.408501095584646,-0.449427397992386,-0.369498321209594
LarimichthysPolyactis,SSP1-2.6,ingestion,-0.584369020426802,-0.592671431024115,-0.576253082626785,Larimichthys polyactis,Mid-trophic species,13,-44.2542504843851,-44.7151586141175,-43.7999805288513
LarimichthysPolyactis,SSP1-2.6,maintenance,0.285194438698589,0.279121706841844,0.29135445179037,Larimichthys polyactis,Mid-trophic species,13,33.0020610458047,32.1968226656957,33.8238841047584
LarimichthysPolyactis,SSP1-2.6,enet,0.113953547134747,0.109147678144834,0.11892471023229,Larimichthys polyactis,Mid-trophic species,13,12.0700063945913,11.5327047609329,12.6285117351211
LarimichthysPolyactis,SSP1-2.6,mbi,0.868231203750081,0.855869083397144,0.880610479650019,Larimichthys polyactis,Mid-trophic species,13,138.269262624974,135.341880927037,141.237196097121
LarimichthysPolyactis,SSP1-2.6,age_mature,0.0111565979424367,0.00690774439337882,0.0154563581159354,Larimichthys polyactis,Mid-trophic species,13,1.12190648712585,0.693165789074546,1.55764254225392
LarimichthysPolyactis,SSP1-2.6,ingestion_age_standardized,-0.020139240762309,-0.0218307884944466,-0.0183673584587427,Larimichthys polyactis,Mid-trophic species,13,-1.99378008021303,-2.15942214402858,-1.81997065404838
LarimichthysPolyactis,SSP1-2.6,maintenance_age_standardized,0.207861694892244,0.19825330972543,0.217244569860414,Larimichthys polyactis,Mid-trophic species,13,23.1042898253749,21.9271207962092,24.2647979219484
LarimichthysPolyactis,SSP1-2.6,enet_age_standardized,0.102001792829864,0.0953823148153648,0.108935408406059,Larimichthys polyactis,Mid-trophic species,13,10.7385457079872,10.0079351374116,11.5090322553957
LarimichthysPolyactis,SSP1-2.6,mbi_age_standardized,0.227881111773667,0.217702433362164,0.237761205787183,Larimichthys polyactis,Mid-trophic species,13,25.5936000552541,24.3217072648304,26.8406268581634
LarimichthysPolyactis,SSP1-2.6,length_age1,0.0219275914040604,0.0162482210211794,0.0277661611372,Larimichthys polyactis,Mid-trophic species,13,2.21697679130466,1.63809412123377,2.81552336585338
LarimichthysPolyactis,SSP1-2.6,age_standardized_size,0.0521368773469885,0.0466664139171181,0.0581378278593576,Larimichthys polyactis,Mid-trophic species,13,5.35199356585445,4.77724284751184,5.98610640255859
LarimichthysPolyactis,SSP1-2.6,max_realized_size,0.00408768634305602,-0.000455514349751265,0.00863636982545871,Larimichthys polyactis,Mid-trophic species,13,0.40960523281659,-0.0455410618840801,0.867377085952614
LarimichthysPolyactis,SSP1-2.6,reproductive_allocation,0.0573461133537952,0.040749584924512,0.0737539666632651,Larimichthys polyactis,Mid-trophic species,13,5.90222887264145,4.15912427351755,7.65419077130238
LarimichthysPolyactis,SSP1-2.6,egg_production,0.0909551242638056,0.0790867124253264,0.10313102449712,Larimichthys polyactis,Mid-trophic species,13,9.52198553583507,8.22981667004692,10.8636658120827
LarimichthysPolyactis,SSP1-2.6,eggs_per_biomass,0.00237343365275554,-0.00797892321956393,0.013080100123523,Larimichthys polyactis,Mid-trophic species,13,0.23762524760631,-0.794717610373774,1.31660188329021
LarimichthysPolyactis,SSP1-2.6,mean_size,0.03263271695818,0.027101993668428,0.0382148143950591,Larimichthys polyactis,Mid-trophic species,13,3.31710033581916,2.74725931184037,3.89543912678767
LarimichthysPolyactis,SSP1-2.6,biomass,0.0862644948196399,0.0746242954236963,0.0984714320988665,Larimichthys polyactis,Mid-trophic species,13,9.00946145568056,7.7479260940684,10.3482879754286
LarimichthysPolyactis,SSP1-2.6,abundance,0.0938750087116228,0.0770544959490192,0.110543255023125,Larimichthys polyactis,Mid-trophic species,13,9.84224441001165,8.01009359143221,11.6884658879037
LarimichthysPolyactis,SSP1-2.6,yield,0.100582011980245,0.0885956356883689,0.112416960438788,Larimichthys polyactis,Mid-trophic species,13,10.5814328008168,9.2638742872214,11.8979333501815
LarimichthysPolyactis,SSP1-2.6,mean_tl,-0.00338548651229305,-0.00406395932638835,-0.00268968300948696,Larimichthys polyactis,Mid-trophic species,13,-0.337976221449698,-0.405571261889537,-0.268606905299973
LarimichthysPolyactis,SSP5-8.5,ingestion,-0.583446788047225,-0.591594065610104,-0.575372862698238,Larimichthys polyactis,Mid-trophic species,13,-44.2028162356387,-44.6555645415573,-43.750490373813
LarimichthysPolyactis,SSP5-8.5,maintenance,0.450127497396481,0.444127742945112,0.456226815268893,Larimichthys polyactis,Mid-trophic species,13,56.8512153958146,55.9129640713431,57.8108243222056
LarimichthysPolyactis,SSP5-8.5,enet,0.0894118952356615,0.0845053403045231,0.0946756726323923,Larimichthys polyactis,Mid-trophic species,13,9.3530983778364,8.81786554218829,9.9302263493692
LarimichthysPolyactis,SSP5-8.5,mbi,1.03229797815898,1.02033519751555,1.04473627173784,Larimichthys polyactis,Mid-trophic species,13,180.751002427672,177.412448777116,184.264873797469
LarimichthysPolyactis,SSP5-8.5,age_mature,0.00863777108010934,0.00433081024522055,0.0130594650808237,Larimichthys polyactis,Mid-trophic species,13,0.86751842693289,0.434020175663408,1.31451123245461
LarimichthysPolyactis,SSP5-8.5,ingestion_age_standardized,-0.0264374749410682,-0.0280900848713645,-0.0246913797363498,Larimichthys polyactis,Mid-trophic species,13,-2.60910643545214,-2.76992267342073,-2.43890411172862
LarimichthysPolyactis,SSP5-8.5,maintenance_age_standardized,0.364535994948414,0.355429502831969,0.374337520140462,Larimichthys polyactis,Mid-trophic species,13,43.9845757420402,42.6793334475913,45.402783132272
LarimichthysPolyactis,SSP5-8.5,enet_age_standardized,0.153106065481944,0.146220781943421,0.160532043967245,Larimichthys polyactis,Mid-trophic species,13,16.544858625337,15.745170427976,17.4135396493999
LarimichthysPolyactis,SSP5-8.5,mbi_age_standardized,0.390854157260109,0.380615536018701,0.400966122230097,Larimichthys polyactis,Mid-trophic species,13,47.8242906695455,46.3184955344008,49.3266679098079
LarimichthysPolyactis,SSP5-8.5,length_age1,0.0242423582082111,0.0185178121678385,0.0297208119417065,Larimichthys polyactis,Mid-trophic species,13,2.45385931413107,1.86903300911094,3.01668835091755
LarimichthysPolyactis,SSP5-8.5,age_standardized_size,0.085812761603439,0.0803059216731677,0.0916014281840411,Larimichthys polyactis,Mid-trophic species,13,8.96022938177961,8.36185193637653,9.59279290351378
LarimichthysPolyactis,SSP5-8.5,max_realized_size,0.0520374370000896,0.0475808280946149,0.0561206773057316,Larimichthys polyactis,Mid-trophic species,13,5.34151784793091,4.87309646212371,5.77253194768463
LarimichthysPolyactis,SSP5-8.5,reproductive_allocation,0.0263775750290207,0.00937726110080039,0.0444342470745355,Larimichthys polyactis,Mid-trophic species,13,2.6728542355128,0.942136536494798,4.54362339596923
LarimichthysPolyactis,SSP5-8.5,egg_production,0.154915689598057,0.143486461055725,0.166745635754505,Larimichthys polyactis,Mid-trophic species,13,16.7559519542974,15.4291182817314,18.1453707503506
LarimichthysPolyactis,SSP5-8.5,eggs_per_biomass,0.0244543159045766,0.0146271663021019,0.0355357510122179,Larimichthys polyactis,Mid-trophic species,13,2.47557749972203,1.47346668021651,3.61746917599521
LarimichthysPolyactis,SSP5-8.5,mean_size,0.0237182105456565,0.0182128097873829,0.0292777499864601,Larimichthys polyactis,Mid-trophic species,13,2.40017243440724,1.83796744932412,2.9710556853493
LarimichthysPolyactis,SSP5-8.5,biomass,0.126969159402645,0.115211296493493,0.138873037535203,Larimichthys polyactis,Mid-trophic species,13,13.5382001382377,12.2110510540902,14.8978213636753
LarimichthysPolyactis,SSP5-8.5,abundance,0.136151251236231,0.118875137573778,0.153405416967943,Larimichthys polyactis,Mid-trophic species,13,14.5855192503102,12.6229285787573,16.5797517243419
LarimichthysPolyactis,SSP5-8.5,yield,0.141240495778733,0.129823450780084,0.153539022677652,Larimichthys polyactis,Mid-trophic species,13,15.1701594052959,13.8627341809311,16.5953284853576
LarimichthysPolyactis,SSP5-8.5,mean_tl,-0.00107476327443405,-0.00173624975079281,-0.00037374795814988,Larimichthys polyactis,Mid-trophic species,13,-0.107418592324315,-0.173474334115487,-0.0373678123082311
MiichthysMiiuy,SSP1-2.6,ingestion,-0.490765748119014,-0.497435297846354,-0.48416519666724,Miichthys miiuy,Predator,5,-38.7842543757502,-39.1911773304218,-38.3788602565531
MiichthysMiiuy,SSP1-2.6,maintenance,0.490972892567457,0.48526090078485,0.496870965984408,Miichthys miiuy,Predator,5,63.3905061034028,62.4598812661741,64.3570428544629
MiichthysMiiuy,SSP1-2.6,enet,-0.0618973338968516,-0.0685853009784427,-0.0551381825256555,Miichthys miiuy,Predator,5,-6.00206141420015,-6.62861899951234,-5.36456307188841
MiichthysMiiuy,SSP1-2.6,mbi,0.981402284131822,0.971506492114909,0.99176160506286,Miichthys miiuy,Predator,5,166.819518755678,164.192149681736,169.597954286412
MiichthysMiiuy,SSP1-2.6,age_mature,-0.0024501040757767,-0.00585653197145114,0.00094237311324678,Miichthys miiuy,Predator,5,-0.244710502061807,-0.583941591795723,0.0942817286303743
MiichthysMiiuy,SSP1-2.6,ingestion_age_standardized,-1.11416495658405e-06,-0.00468466023521813,0.00436994318810669,Miichthys miiuy,Predator,5,-0.00011141643359025,-0.467370432936731,0.43795053134148
MiichthysMiiuy,SSP1-2.6,maintenance_age_standardized,0.475949158810963,0.463631301521095,0.488370713861502,Miichthys miiuy,Predator,5,60.9541182890667,58.9836691996649,62.9658875139939
MiichthysMiiuy,SSP1-2.6,enet_age_standardized,-0.00275866441562112,-0.0104437345724993,0.00467120709484023,Miichthys miiuy,Predator,5,-0.275486279754178,-1.03893881343894,0.468213419031849
MiichthysMiiuy,SSP1-2.6,mbi_age_standardized,0.475584691688247,0.461248033249218,0.489720989445331,Miichthys miiuy,Predator,5,60.8954664936594,58.6052196176872,63.1860850030916
MiichthysMiiuy,SSP1-2.6,length_age1,0.0297975863687069,0.0244880593061434,0.0352333448558844,Miichthys miiuy,Predator,5,3.02459770175123,2.47903543262527,3.58613935281715
MiichthysMiiuy,SSP1-2.6,age_standardized_size,0.027095148014582,0.0226703986055122,0.0311818641460658,Miichthys miiuy,Predator,5,2.746555942077,2.29293250450879,3.1673111175869
MiichthysMiiuy,SSP1-2.6,max_realized_size,0.0214696532780675,0.018050183224768,0.0250090472738886,Miichthys miiuy,Predator,5,2.17017845669685,1.82140723733581,2.53243968731092
MiichthysMiiuy,SSP1-2.6,reproductive_allocation,0.142161299143411,0.118165693457288,0.165886120726609,Miichthys miiuy,Predator,5,15.2762573157467,12.5430572401708,18.0438666571101
MiichthysMiiuy,SSP1-2.6,egg_production,0.041812838700722,0.0230358149978391,0.0615312848449534,Miichthys miiuy,Predator,5,4.26993075299298,2.33031884924071,6.34637663074193
MiichthysMiiuy,SSP1-2.6,eggs_per_biomass,-0.0186075935555501,-0.0294926304918428,-0.00754203604584003,Miichthys miiuy,Predator,5,-1.84355411000252,-2.90619670494173,-0.75136662587707
MiichthysMiiuy,SSP1-2.6,mean_size,0.177149699148294,0.168141170328201,0.186613792046684,Miichthys miiuy,Predator,5,19.3809792060363,18.3103617985339,20.5161752105753
MiichthysMiiuy,SSP1-2.6,biomass,0.0579758213465724,0.0422684356667528,0.0725122139701565,Miichthys miiuy,Predator,5,5.96893735384303,4.31744664031744,7.52059385432007
MiichthysMiiuy,SSP1-2.6,abundance,-0.142223552238242,-0.173567148812034,-0.111846538623244,Miichthys miiuy,Predator,5,-13.2572680509587,-15.9339300100737,-10.581853070892
MiichthysMiiuy,SSP1-2.6,yield,0.0613508502359157,0.044357981954692,0.0776183044310919,Miichthys miiuy,Predator,5,6.32718979488867,4.53565066802646,8.07100776869982
MiichthysMiiuy,SSP1-2.6,mean_tl,-0.00501160154590147,-0.00557884374192607,-0.00445649492454349,Miichthys miiuy,Predator,5,-0.499906442330556,-0.556331089171613,-0.444657948587313
MiichthysMiiuy,SSP5-8.5,ingestion,-0.481397797096885,-0.488479318945116,-0.474150340656453,Miichthys miiuy,Predator,5,-38.2080937603227,-38.6441287764691,-37.7586328546612
MiichthysMiiuy,SSP5-8.5,maintenance,0.698851486858733,0.693325100300895,0.704588383765242,Miichthys miiuy,Predator,5,101.144121366728,100.035587113921,102.301380819472
MiichthysMiiuy,SSP5-8.5,enet,-0.183693062165059,-0.191160219088309,-0.176607108669035,Miichthys miiuy,Predator,5,-16.7808804406199,-17.3999763455992,-16.189099439259
MiichthysMiiuy,SSP5-8.5,mbi,1.18011168000428,1.17016141444246,1.19083563007248,Miichthys miiuy,Predator,5,225.473767171031,222.251275665001,228.982913925804
MiichthysMiiuy,SSP5-8.5,age_mature,-0.000769726187393105,-0.00418673972005068,0.00257092856713065,Miichthys miiuy,Predator,5,-0.0769430024184392,-0.41779875439304,0.257423623796704
MiichthysMiiuy,SSP5-8.5,ingestion_age_standardized,-0.0217864963225728,-0.0263373994935364,-0.0174525414029704,Miichthys miiuy,Predator,5,-2.15508847636489,-2.59935951048733,-1.73011279318138
MiichthysMiiuy,SSP5-8.5,maintenance_age_standardized,0.694575024521793,0.681932188700644,0.707327629783356,Miichthys miiuy,Predator,5,100.285772763276,97.769532344672,102.856293745872
MiichthysMiiuy,SSP5-8.5,enet_age_standardized,0.0172374000286706,0.00993596206495674,0.0247821343657244,Miichthys miiuy,Predator,5,1.73868213187227,0.998548762816931,2.50917639271102
MiichthysMiiuy,SSP5-8.5,mbi_age_standardized,0.715976536291905,0.701663134575711,0.730782184421219,Miichthys miiuy,Predator,5,104.618387975041,101.710463580653,107.670433834385
MiichthysMiiuy,SSP5-8.5,length_age1,0.0465043524136687,0.0411312445671488,0.0520847824599001,Miichthys miiuy,Predator,5,4.7602638658655,4.19888519475198,5.3465054085988
MiichthysMiiuy,SSP5-8.5,age_standardized_size,0.0655659044875667,0.0613865104712113,0.0696426466139959,Miichthys miiuy,Predator,5,6.77631053749894,6.3309815151015,7.21249852963926
MiichthysMiiuy,SSP5-8.5,max_realized_size,0.0709721493615222,0.067607408299373,0.0745685661026073,Miichthys miiuy,Predator,5,7.35513263621213,6.99451744179953,7.74192154261477
MiichthysMiiuy,SSP5-8.5,reproductive_allocation,0.137956204986659,0.114206520341867,0.161664284747952,Miichthys miiuy,Predator,5,14.7925275770533,12.0983606898182,17.5465553358802
MiichthysMiiuy,SSP5-8.5,egg_production,0.207559788052977,0.188495916685719,0.226821854197459,Miichthys miiuy,Predator,5,23.0671294081078,20.7432152651597,25.4606345176815
MiichthysMiiuy,SSP5-8.5,eggs_per_biomass,-0.0139820597600548,-0.0246214663497097,-0.00319123746148432,Miichthys miiuy,Predator,5,-1.38847647518948,-2.43208304667164,-0.318615087548979
MiichthysMiiuy,SSP5-8.5,mean_size,0.180153302704018,0.170447815884553,0.189799906964002,Miichthys miiuy,Predator,5,19.7400913849926,18.5835768528532,20.900765943986
MiichthysMiiuy,SSP5-8.5,biomass,0.217870025290935,0.202744027738756,0.233220696799946,Miichthys miiuy,Predator,5,24.3425443255518,22.4758923808666,26.2660113625778
MiichthysMiiuy,SSP5-8.5,abundance,0.00152257712593971,-0.028381759821536,0.0328064522290545,Miichthys miiuy,Predator,5,0.15237368349994,-2.79827811589297,3.33505171958108
MiichthysMiiuy,SSP5-8.5,yield,0.23562530356125,0.220316528151396,0.251786261550611,Miichthys miiuy,Predator,5,26.5699968034727,24.6471211380256,28.6321071629255
MiichthysMiiuy,SSP5-8.5,mean_tl,-0.0046455334686224,-0.00522158124735856,-0.00410329025753709,Miichthys miiuy,Predator,5,-0.463475966782567,-0.52079724887133,-0.409488326477625
MuraenesoxCinereus,SSP1-2.6,ingestion,-0.274265831722398,-0.277583400063434,-0.270804959723352,Muraenesox cinereus,Predator,4,-23.9870018261654,-24.2387622952216,-23.723474815632
MuraenesoxCinereus,SSP1-2.6,maintenance,0.402965622291391,0.396858995380437,0.409301051668088,Muraenesox cinereus,Predator,4,49.6255452945449,48.714622077957,50.5764965311636
MuraenesoxCinereus,SSP1-2.6,enet,0.0959401963637746,0.0933661179746969,0.0984046763335279,Muraenesox cinereus,Predator,4,10.0693236567723,9.78636092980696,10.3409218368798
MuraenesoxCinereus,SSP1-2.6,mbi,0.677075817142257,0.669142386988471,0.684883597092998,Muraenesox cinereus,Predator,4,96.8114183744354,95.2562059747594,98.3540932167847
MuraenesoxCinereus,SSP1-2.6,age_mature,0.0208144157788554,0.0193096251792519,0.0222757910242118,Muraenesox cinereus,Predator,4,2.10325465235832,1.94972617764204,2.2525749010609
MuraenesoxCinereus,SSP1-2.6,ingestion_age_standardized,-0.0180863896421881,-0.0188190203381744,-0.0173451382263987,Muraenesox cinereus,Predator,4,-1.79238125169439,-1.86430481784589,-1.71955772832043
MuraenesoxCinereus,SSP1-2.6,maintenance_age_standardized,0.340387356159047,0.334595494727274,0.345924634656865,Muraenesox cinereus,Predator,4,40.5491911082083,39.7375025318928,41.3296098258465
MuraenesoxCinereus,SSP1-2.6,enet_age_standardized,0.114725594414635,0.112107046801679,0.117379781509598,Muraenesox cinereus,Predator,4,12.1565631468385,11.8632600278172,12.4546430542895
MuraenesoxCinereus,SSP1-2.6,mbi_age_standardized,0.358459237122667,0.352583048257176,0.364071505264369,Muraenesox cinereus,Predator,4,43.112269426031,42.2737806737713,43.9177119219259
MuraenesoxCinereus,SSP1-2.6,length_age1,0.0216432484123778,0.0199692926188582,0.0232622704899818,Muraenesox cinereus,Predator,4,2.18791624210062,2.01700127963573,2.35349473601123
MuraenesoxCinereus,SSP1-2.6,age_standardized_size,0.0698513515935325,0.0680180432837143,0.071564363062091,Muraenesox cinereus,Predator,4,7.234876647082,7.03846215579485,7.41872864594113
MuraenesoxCinereus,SSP1-2.6,max_realized_size,0.0303284596230073,0.0268810051170046,0.0336362886128759,Muraenesox cinereus,Predator,4,3.07930522530184,2.72455585253699,3.42083849479278
MuraenesoxCinereus,SSP1-2.6,reproductive_allocation,0.0308649743031623,0.023495329936284,0.0381237920325971,Muraenesox cinereus,Predator,4,3.13462362401495,2.37735196478976,3.88598274884677
MuraenesoxCinereus,SSP1-2.6,egg_production,0.144038145422825,0.138987694097546,0.149466865470909,Muraenesox cinereus,Predator,4,15.4928162907779,14.9109959081531,16.1214993862548
MuraenesoxCinereus,SSP1-2.6,eggs_per_biomass,0.00247771802094078,-0.00200035576124837,0.00716661617579751,Muraenesox cinereus,Predator,4,0.248079010096181,-0.199835638304069,0.719235782627004
MuraenesoxCinereus,SSP1-2.6,mean_size,0.0353532151762913,0.0326132778730355,0.0380903913114644,Muraenesox cinereus,Predator,4,3.59855700076994,3.31509196542934,3.88251294005475
MuraenesoxCinereus,SSP1-2.6,biomass,0.140710315384602,0.134085377984298,0.147054800754755,Muraenesox cinereus,Predator,4,15.109114628592,14.3490444386292,15.8417443440674
MuraenesoxCinereus,SSP1-2.6,abundance,0.111554875925923,0.102299912338614,0.120122079108361,Muraenesox cinereus,Predator,4,11.8015094435688,10.7715639502799,12.7634503791755
MuraenesoxCinereus,SSP1-2.6,yield,0.146393173596106,0.139738839027805,0.153158690659322,Muraenesox cinereus,Predator,4,15.7651256492038,14.9973431457455,16.5509919805776
MuraenesoxCinereus,SSP1-2.6,mean_tl,-0.000963573796054671,-0.00129960403153529,-0.000604727625009698,Muraenesox cinereus,Predator,4,-0.096310970789748,-0.129875991192929,-0.0604544814111652
MuraenesoxCinereus,SSP5-8.5,ingestion,-0.268179222297986,-0.271531820961412,-0.264678309548873,Muraenesox cinereus,Predator,4,-23.5229295143486,-23.7788971205598,-23.2547207494675
MuraenesoxCinereus,SSP5-8.5,maintenance,0.628028155114595,0.621751842291089,0.634123320414173,Muraenesox cinereus,Predator,4,87.3911870285465,86.2187444752489,88.5368552609019
MuraenesoxCinereus,SSP5-8.5,enet,0.0998661894778408,0.0974049322329094,0.102456721043457,Muraenesox cinereus,Predator,4,10.5023044471767,10.2306642750735,10.7889352577069
MuraenesoxCinereus,SSP5-8.5,mbi,0.896084412692257,0.888414473650507,0.904193635340611,Muraenesox cinereus,Predator,4,144.999115094825,143.127174827496,146.993944795302
MuraenesoxCinereus,SSP5-8.5,age_mature,0.0176693175381492,0.0162882650624707,0.0190816101857094,Muraenesox cinereus,Predator,4,1.78263434125743,1.64216420276224,1.9264827615104
MuraenesoxCinereus,SSP5-8.5,ingestion_age_standardized,-0.0220481505738304,-0.0227944226934431,-0.0213114717972815,Muraenesox cinereus,Predator,4,-2.18068666434558,-2.25365925855469,-2.10859870269907
MuraenesoxCinereus,SSP5-8.5,maintenance_age_standardized,0.565401915322232,0.559824803569721,0.570896153080376,Muraenesox cinereus,Predator,4,76.0155073870412,75.0365815589279,76.985239965005
MuraenesoxCinereus,SSP5-8.5,enet_age_standardized,0.151889601996769,0.149134962909327,0.154415683378793,Muraenesox cinereus,Predator,4,16.4031722560537,16.0829647583783,16.697587844609
MuraenesoxCinereus,SSP5-8.5,mbi_age_standardized,0.587437816030984,0.581999679208409,0.592605486680843,Muraenesox cinereus,Predator,4,79.9372181545203,78.9613507977953,80.8694811750605
MuraenesoxCinereus,SSP5-8.5,length_age1,0.0318618381198549,0.0302775637686143,0.0334634252481242,Muraenesox cinereus,Predator,4,3.237486059956,3.0740590494976,3.40296236577353
MuraenesoxCinereus,SSP5-8.5,age_standardized_size,0.0943554951428962,0.0924384508098067,0.0962337149458469,Muraenesox cinereus,Predator,4,9.89503479954859,9.68456295224056,10.1016357904556
MuraenesoxCinereus,SSP5-8.5,max_realized_size,0.0602262488197258,0.0568957842843678,0.0632350406195124,Muraenesox cinereus,Predator,4,6.2076812989732,5.85454875713973,6.52771932199214
MuraenesoxCinereus,SSP5-8.5,reproductive_allocation,0.013825544240387,0.00693183919743253,0.0208218716030813,Muraenesox cinereus,Predator,4,1.39215590525665,0.695592000403211,2.10401591911582
MuraenesoxCinereus,SSP5-8.5,egg_production,0.176483155728162,0.171012053922171,0.182203203917598,Muraenesox cinereus,Predator,4,19.301433113265,18.6505050975054,19.9857984952483
MuraenesoxCinereus,SSP5-8.5,eggs_per_biomass,0.0181076043645873,0.0133364889054266,0.0226705513190237,Muraenesox cinereus,Predator,4,1.82725410646274,1.34258165375221,2.2929481260229
MuraenesoxCinereus,SSP5-8.5,mean_size,0.0380707011780672,0.0354275770113979,0.0407013276725537,Muraenesox cinereus,Predator,4,3.88046749965489,3.60626106602358,4.15409796169268
MuraenesoxCinereus,SSP5-8.5,biomass,0.157133270813423,0.150762172740836,0.163840818887841,Muraenesox cinereus,Predator,4,17.0151550558751,16.27200986622,17.8026780554059
MuraenesoxCinereus,SSP5-8.5,abundance,0.0988977709262472,0.0900170631872946,0.108096706058241,Muraenesox cinereus,Predator,4,10.3953437652699,9.41929539652326,11.4155485762105
MuraenesoxCinereus,SSP5-8.5,yield,0.163340640733275,0.156476991522616,0.169975250764989,Muraenesox cinereus,Predator,4,17.7437704626668,16.9383856267501,18.5275516295052
MuraenesoxCinereus,SSP5-8.5,mean_tl,-0.000293535380684892,-0.000641870449370365,5.5663743867931e-05,Muraenesox cinereus,Predator,4,-0.0293492303390042,-0.0641664494601235,0.00556652931229529
PampusArgenteus,SSP1-2.6,ingestion,-0.433093005724077,-0.438740349831925,-0.426748190716611,Pampus argenteus,Mid-trophic species,12,-35.1499825228214,-35.515180716392,-34.7372130705162
PampusArgenteus,SSP1-2.6,maintenance,0.263522900606488,0.259212492571663,0.267758115582264,Pampus argenteus,Mid-trophic species,12,30.1507099902303,29.5909146640179,30.7030951355291
PampusArgenteus,SSP1-2.6,enet,0.0874517159535482,0.0819993303066979,0.0928093154725392,Pampus argenteus,Mid-trophic species,12,9.13895664662019,8.54550829073069,9.72524862465955
PampusArgenteus,SSP1-2.6,mbi,0.696053261883503,0.68766471662623,0.704522771437337,Pampus argenteus,Mid-trophic species,12,100.582061614264,98.9065074689001,102.28810779038
PampusArgenteus,SSP1-2.6,age_mature,-0.00394278296684082,-0.00500339343120817,-0.00282578419172301,Pampus argenteus,Mid-trophic species,12,-0.393502040346438,-0.499089730798819,-0.2821795421593
PampusArgenteus,SSP1-2.6,ingestion_age_standardized,-0.0104111025976054,-0.013297100329539,-0.00761646415153239,Pampus argenteus,Mid-trophic species,12,-1.03570946588512,-1.32090844415534,-0.758753238762455
PampusArgenteus,SSP1-2.6,maintenance_age_standardized,0.197819379765105,0.190341721301293,0.205089484169181,Pampus argenteus,Mid-trophic species,12,21.8742244430058,20.9662894615517,22.7634913938563
PampusArgenteus,SSP1-2.6,enet_age_standardized,0.0978500743221345,0.0910189063522754,0.104786872869402,Pampus argenteus,Mid-trophic species,12,10.2797435060709,9.52897129958683,11.0473913014604
PampusArgenteus,SSP1-2.6,mbi_age_standardized,0.208055287975432,0.199429273758074,0.216495435972316,Pampus argenteus,Mid-trophic species,12,23.1281242714133,22.0705870439099,24.1717418108225
PampusArgenteus,SSP1-2.6,length_age1,0.0112117298272848,0.00754430790279818,0.0148638550893054,Pampus argenteus,Mid-trophic species,12,1.12748168211401,0.757283789488339,1.49748715455469
PampusArgenteus,SSP1-2.6,age_standardized_size,0.0611104015418843,0.054271089223666,0.0683111876898573,Pampus argenteus,Mid-trophic species,12,6.3016266343999,5.57707714434224,7.06984448176988
PampusArgenteus,SSP1-2.6,max_realized_size,0.0608026965586017,0.0533536899977909,0.0683694748595573,Pampus argenteus,Mid-trophic species,12,6.26892212608159,5.48026522987746,7.0760854618477
PampusArgenteus,SSP1-2.6,reproductive_allocation,-0.00983297451275451,-0.0209941101375584,0.00163296075658019,Pampus argenteus,Mid-trophic species,12,-0.978478888421952,-2.07752679485541,0.163429476302435
PampusArgenteus,SSP1-2.6,egg_production,0.296717047766631,0.239435585476267,0.355517650798237,Pampus argenteus,Mid-trophic species,12,34.5434551872645,27.0531841286541,42.6919108949933
PampusArgenteus,SSP1-2.6,eggs_per_biomass,-0.055653498634412,-0.0663333411809445,-0.0449501733447132,Pampus argenteus,Mid-trophic species,12,-5.41331767390187,-6.41811346722622,-4.39548828231727
PampusArgenteus,SSP1-2.6,mean_size,0.024979942330267,0.0211567109179755,0.0287001198803699,Pampus argenteus,Mid-trophic species,12,2.5294555298615,2.13821008230974,2.91159367870548
PampusArgenteus,SSP1-2.6,biomass,0.346277853578432,0.291767417322864,0.406400865131121,Pampus argenteus,Mid-trophic species,12,41.3795389356486,33.8791601690872,50.1404292470235
PampusArgenteus,SSP1-2.6,abundance,0.320304560240377,0.256058709077918,0.380595401027708,Pampus argenteus,Mid-trophic species,12,37.7547246574456,29.1828567777481,46.315549442471
PampusArgenteus,SSP1-2.6,yield,0.332854929925089,0.275774027493944,0.388954766389347,Pampus argenteus,Mid-trophic species,12,39.4944919026658,31.7550100287345,47.543781044414
PampusArgenteus,SSP1-2.6,mean_tl,-0.00438041819292555,-0.00518112290112596,-0.00358751338202575,Pampus argenteus,Mid-trophic species,12,-0.437083815444939,-0.516772403424737,-0.358108594436279
PampusArgenteus,SSP5-8.5,ingestion,-0.429291677670006,-0.434864433452577,-0.423109126791615,Pampus argenteus,Mid-trophic species,12,-34.9029971933608,-35.2647579537704,-34.4992849617269
PampusArgenteus,SSP5-8.5,maintenance,0.409128405146254,0.404813222536592,0.413300644433572,Pampus argenteus,Mid-trophic species,12,50.5505022667419,49.9022490289496,51.1799471713122
PampusArgenteus,SSP5-8.5,enet,0.0840852548306423,0.0782649528839304,0.0897287432241424,Pampus argenteus,Mid-trophic species,12,8.77216233787353,8.14091431871538,9.3877521767949
PampusArgenteus,SSP5-8.5,mbi,0.837780399395568,0.829403029510478,0.845606662832695,Pampus argenteus,Mid-trophic species,12,131.123126895791,129.195010521119,132.939054066655
PampusArgenteus,SSP5-8.5,age_mature,-0.00542624005870223,-0.00646971482725342,-0.00446238567979612,Pampus argenteus,Mid-trophic species,12,-0.541154461047311,-0.644883128340901,-0.4452444030141
PampusArgenteus,SSP5-8.5,ingestion_age_standardized,-0.0103436063680227,-0.0132858979980473,-0.00757816128712408,Pampus argenteus,Mid-trophic species,12,-1.02902952397782,-1.31980300206869,-0.754951941944237
PampusArgenteus,SSP5-8.5,maintenance_age_standardized,0.34141549872697,0.33402714570948,0.348768830569462,Pampus argenteus,Mid-trophic species,12,40.6937700256076,39.6581054243511,41.7321511062127
PampusArgenteus,SSP5-8.5,enet_age_standardized,0.130074606890055,0.12333404769235,0.137394381165686,Pampus argenteus,Mid-trophic species,12,13.8913350938153,13.1262253382135,14.7280525140999
PampusArgenteus,SSP5-8.5,mbi_age_standardized,0.351606964395976,0.343033174229624,0.359866860919452,Pampus argenteus,Mid-trophic species,12,42.1349772854775,40.9215510789962,43.3138595103008
PampusArgenteus,SSP5-8.5,length_age1,0.0369052626781887,0.0332749336253761,0.0403300880698811,Pampus argenteus,Mid-trophic species,12,3.75947172370841,3.38347361039153,4.11543901205922
PampusArgenteus,SSP5-8.5,age_standardized_size,0.0808962902543801,0.0733691038714466,0.0880849308045681,Pampus argenteus,Mid-trophic species,12,8.42584425683084,7.61276665070383,9.20808693964787
PampusArgenteus,SSP5-8.5,max_realized_size,0.0769176700392629,0.0692873715089603,0.0845173365443945,Pampus argenteus,Mid-trophic species,12,7.99531602311387,7.17441536336403,8.81917095523563
PampusArgenteus,SSP5-8.5,reproductive_allocation,-0.0247051487513885,-0.0355066342058901,-0.0133866009484536,Pampus argenteus,Mid-trophic species,12,-2.44024742267704,-3.48836685716889,-1.32973988870775
PampusArgenteus,SSP5-8.5,egg_production,0.237199769278487,0.179661335078393,0.299600309784489,Pampus argenteus,Mid-trophic species,12,26.7694338864961,19.6811976246414,34.9319390025433
PampusArgenteus,SSP5-8.5,eggs_per_biomass,-0.055009192947845,-0.0658009425699009,-0.0437157500157113,Pampus argenteus,Mid-trophic species,12,-5.35235529951236,-6.36827733565087,-4.27739897159047
PampusArgenteus,SSP5-8.5,mean_size,0.0418532756090942,0.0380052469333175,0.0457413758670251,Pampus argenteus,Mid-trophic species,12,4.27414719187811,3.87366830463098,4.68036472597657
PampusArgenteus,SSP5-8.5,biomass,0.288471655070058,0.231826464637432,0.347270691317092,Pampus argenteus,Mid-trophic species,12,33.4386525894256,26.0900898946856,41.5199755812432
PampusArgenteus,SSP5-8.5,abundance,0.21160808964803,0.145770014879091,0.276146497016945,Pampus argenteus,Mid-trophic species,12,23.5663520845653,15.6930080747105,31.8040938950275
PampusArgenteus,SSP5-8.5,yield,0.280040099370023,0.222196545092652,0.337631770205902,Pampus argenteus,Mid-trophic species,12,32.3182870073155,24.8816802559148,40.1624288545134
PampusArgenteus,SSP5-8.5,mean_tl,-0.00317779979788289,-0.0039988034502829,-0.00233024818378038,Pampus argenteus,Mid-trophic species,12,-0.317275593631383,-0.399081888221764,-0.232753526314999
PennahiaArgentata,SSP1-2.6,ingestion,-0.428399716568313,-0.435480777384354,-0.421488477467086,Pennahia argentata,Mid-trophic species,11,-34.8449072959074,-35.3046448340967,-34.3930452067036
PennahiaArgentata,SSP1-2.6,maintenance,0.275878851595307,0.270277487992114,0.281510423393327,Pennahia argentata,Mid-trophic species,11,31.7688218531542,31.0328000576448,32.5129808598741
PennahiaArgentata,SSP1-2.6,enet,0.0599827123576634,0.0524541127380913,0.0675800036310599,Pennahia argentata,Mid-trophic species,11,6.18181900535937,5.3854202485198,6.99158533271465
PennahiaArgentata,SSP1-2.6,mbi,0.703720124999296,0.693654042620116,0.713773499730089,Pennahia argentata,Mid-trophic species,11,102.125807104951,100.10139810729,104.16810236506
PennahiaArgentata,SSP1-2.6,age_mature,0.0230543649473315,0.0186942861787486,0.0276822788785108,Pennahia argentata,Mid-trophic species,11,2.33221708909299,1.88701183230446,2.80689932923202
PennahiaArgentata,SSP1-2.6,ingestion_age_standardized,-0.0185626465140189,-0.0202796236178421,-0.0168425658647362,Pennahia argentata,Mid-trophic species,11,-1.83914216900144,-2.00753750754931,-1.6701522804763
PennahiaArgentata,SSP1-2.6,maintenance_age_standardized,0.234563875396786,0.228444888506601,0.240440841316713,Pennahia argentata,Mid-trophic species,11,26.4357231176318,25.6644267681212,27.1809693016815
PennahiaArgentata,SSP1-2.6,enet_age_standardized,0.0866781043374632,0.0818341366612242,0.0916096516621517,Pennahia argentata,Mid-trophic species,11,9.05455813203579,8.52757874348076,9.59369414115294
PennahiaArgentata,SSP1-2.6,mbi_age_standardized,0.253072775445491,0.246748373384103,0.25969138354705,Pennahia argentata,Mid-trophic species,11,28.7977006524411,27.9857026164861,29.6529894458827
PennahiaArgentata,SSP1-2.6,length_age1,-0.0155868594024363,-0.0219748187757405,-0.00884822502470646,Pennahia argentata,Mid-trophic species,11,-1.54660129960997,-2.17351313519006,-0.880919468290942
PennahiaArgentata,SSP1-2.6,age_standardized_size,0.0453525683673166,0.0394094019657082,0.0512607799700643,Pennahia argentata,Mid-trophic species,11,4.63967212640546,4.01962548798918,5.25973538011597
PennahiaArgentata,SSP1-2.6,max_realized_size,0.0580903064344891,0.0529013463856452,0.0634172481675863,Pennahia argentata,Mid-trophic species,11,5.98106991143763,5.43256269547503,6.54713124497746
PennahiaArgentata,SSP1-2.6,reproductive_allocation,-0.053471649152284,-0.0698891879358586,-0.037135429814243,Pennahia argentata,Mid-trophic species,11,-5.20671846782613,-6.75028538854858,-3.64543662938411
PennahiaArgentata,SSP1-2.6,egg_production,0.207605946871626,0.191446877578955,0.222979452452624,Pennahia argentata,Mid-trophic species,11,23.0728101725235,21.1000500152791,24.979489325237
PennahiaArgentata,SSP1-2.6,eggs_per_biomass,-0.0496710964293107,-0.0592692917658465,-0.0403453343877696,Pennahia argentata,Mid-trophic species,11,-4.84576612885432,-5.75470598348793,-3.95422971971405
PennahiaArgentata,SSP1-2.6,mean_size,0.00458442797452807,5.43999499876646e-05,0.0092542454221242,Pennahia argentata,Mid-trophic species,11,0.459495254134823,0.00544014296917084,0.929719834801879
PennahiaArgentata,SSP1-2.6,biomass,0.254251676012837,0.234152074171554,0.274962583623381,Pennahia argentata,Mid-trophic species,11,28.9496298719386,26.3836674509681,31.6481415981611
PennahiaArgentata,SSP1-2.6,abundance,0.26253460116352,0.234364464222423,0.28966187750802,Pennahia argentata,Mid-trophic species,11,30.0221456565391,26.410512935283,33.5975688219014
PennahiaArgentata,SSP1-2.6,yield,0.255326594814613,0.234682599704477,0.274722871261044,Pennahia argentata,Mid-trophic species,11,29.0883147777228,26.4507350024465,31.6165876932229
PennahiaArgentata,SSP1-2.6,mean_tl,-0.000622369591256246,-0.00120626454729124,-5.62017420265187e-05,Pennahia argentata,Mid-trophic species,11,-0.0622175959474447,-0.120553730265804,-0.0056200162738218
PennahiaArgentata,SSP5-8.5,ingestion,-0.456397560779646,-0.462945754796813,-0.449686331790861,Pennahia argentata,Mid-trophic species,11,-36.6438092342728,-37.0573225034579,-36.2171813327133
PennahiaArgentata,SSP5-8.5,maintenance,0.429937327701247,0.424113616810435,0.435573389932799,Pennahia argentata,Mid-trophic species,11,53.7161183104475,52.823521713157,54.5849179237836
PennahiaArgentata,SSP5-8.5,enet,0.0606632652504959,0.0537827407131415,0.0674218300404416,Pennahia argentata,Mid-trophic species,11,6.25410594420237,5.52553132316016,6.97466342783115
PennahiaArgentata,SSP5-8.5,mbi,0.885602478587114,0.875268162072158,0.89506131188178,Pennahia argentata,Mid-trophic species,11,142.444462753464,139.951866759713,144.748584482495
PennahiaArgentata,SSP5-8.5,age_mature,0.0296798428536648,0.0250248293472972,0.0342914982842469,Pennahia argentata,Mid-trophic species,11,3.01246793759657,2.53405787456997,3.48862303251321
PennahiaArgentata,SSP5-8.5,ingestion_age_standardized,-0.0315518041880612,-0.0332114816785478,-0.0299267417559121,Pennahia argentata,Mid-trophic species,11,-3.10592400357926,-3.26660354547954,-2.94833707115784
PennahiaArgentata,SSP5-8.5,maintenance_age_standardized,0.384139860173216,0.378129042746727,0.390121296181319,Pennahia argentata,Mid-trophic species,11,46.8350791117539,45.9551275229618,47.7159956878496
PennahiaArgentata,SSP5-8.5,enet_age_standardized,0.148946040783509,0.144476186990487,0.153767579950179,Pennahia argentata,Mid-trophic species,11,16.0610361893661,15.5434180271023,16.621980241236
PennahiaArgentata,SSP5-8.5,mbi_age_standardized,0.415639662418649,0.408619300256647,0.422277333649933,Pennahia argentata,Mid-trophic species,11,51.5339736624872,50.4738757770204,52.5431519516247
PennahiaArgentata,SSP5-8.5,length_age1,-0.00780154712619149,-0.0143031152106855,-0.00139574205771024,Pennahia argentata,Mid-trophic species,11,-0.777119404237203,-1.42013116058558,-0.139476846277953
PennahiaArgentata,SSP5-8.5,age_standardized_size,0.0858840184861088,0.0805134746306387,0.0916553555546429,Pennahia argentata,Mid-trophic species,11,8.96799382469204,8.38434509340285,9.59870311403159
PennahiaArgentata,SSP5-8.5,max_realized_size,0.126021899238334,0.120654276574713,0.13127120197624,Pennahia argentata,Mid-trophic species,11,13.4307008470555,12.8234787738274,14.0276984753529
PennahiaArgentata,SSP5-8.5,reproductive_allocation,-0.12481425634867,-0.142436344774882,-0.108600392972725,Pennahia argentata,Mid-trophic species,11,-11.7339163994106,-13.2757242931803,-10.2911171118277
PennahiaArgentata,SSP5-8.5,egg_production,0.356199233100651,0.34101790440592,0.37179410860296,Pennahia argentata,Mid-trophic species,11,42.7892003277685,40.6378421006878,45.0334339187024
PennahiaArgentata,SSP5-8.5,eggs_per_biomass,-0.082970671484175,-0.0921347135638411,-0.0737342461919776,Pennahia argentata,Mid-trophic species,11,-7.96218598508601,-8.80177151142487,-7.10814753230074
PennahiaArgentata,SSP5-8.5,mean_size,0.00436184746580404,-0.00064038403865188,0.00910530644216271,Pennahia argentata,Mid-trophic species,11,0.437137416876698,-0.0640179036555777,0.914688584679202
PennahiaArgentata,SSP5-8.5,biomass,0.441923001286376,0.42174916756699,0.461770917359964,Pennahia argentata,Mid-trophic species,11,55.5695949235401,52.4626051055073,58.6881734526377
PennahiaArgentata,SSP5-8.5,abundance,0.38123123607826,0.354442741565481,0.40817848617372,Pennahia argentata,Mid-trophic species,11,46.4086115801965,42.5386124482511,50.4075593911376
PennahiaArgentata,SSP5-8.5,yield,0.445412734751917,0.424855385852635,0.465521959190641,Pennahia argentata,Mid-trophic species,11,56.1134397299535,52.9369235242605,59.2845372227643
PennahiaArgentata,SSP5-8.5,mean_tl,0.0030238245306051,0.00244981758993054,0.00361319628096848,Pennahia argentata,Mid-trophic species,11,0.30284008995507,0.245282084501741,0.361973174358332
PortunusTrituberculatus,SSP1-2.6,ingestion,-0.341398234279139,-0.355365799037227,-0.327939871596009,Portunus trituberculatus,Invertebrate,8,-28.9224203449201,-29.9082998455966,-27.9593664713794
PortunusTrituberculatus,SSP1-2.6,maintenance,0.317356484722815,0.310240486761789,0.324808335387569,Portunus trituberculatus,Invertebrate,8,37.3492113618619,36.3753039252062,38.376540170318
PortunusTrituberculatus,SSP1-2.6,enet,0.0164081320472124,0.00809147461366746,0.0251753837466958,Portunus trituberculatus,Invertebrate,8,1.65434847273911,0.812429906739509,2.54949599018011
PortunusTrituberculatus,SSP1-2.6,mbi,0.654891144008105,0.635327300233995,0.673144564436416,Portunus trituberculatus,Invertebrate,8,92.4932965483791,88.763986533226,96.0392217978594
PortunusTrituberculatus,SSP1-2.6,age_mature,-0.000193328447819131,-0.00679413076457723,0.00630023545154254,Portunus trituberculatus,Invertebrate,8,-0.0193309761079008,-0.677110283924642,0.63201236798176
PortunusTrituberculatus,SSP1-2.6,ingestion_age_standardized,-0.256982459630976,-0.27922074893291,-0.234838068186675,Portunus trituberculatus,Invertebrate,8,-22.661822095172,-24.3627083729518,-20.9301121434323
PortunusTrituberculatus,SSP1-2.6,maintenance_age_standardized,0.330985414226454,0.312803322861518,0.34944954401759,Portunus trituberculatus,Invertebrate,8,39.2339483811677,36.7252597253499,41.8286629322251
PortunusTrituberculatus,SSP1-2.6,enet_age_standardized,0.225440012380751,0.206617283752472,0.244478340776079,Portunus trituberculatus,Invertebrate,8,25.2873874941129,22.9511927533701,27.6955004070439
PortunusTrituberculatus,SSP1-2.6,mbi_age_standardized,0.581548352548996,0.55008256427011,0.61494604123885,Portunus trituberculatus,Invertebrate,8,78.8805989932676,73.3396128545564,84.9556797072295
PortunusTrituberculatus,SSP1-2.6,length_age1,0.124189691520446,0.106577660991796,0.141788333089044,Portunus trituberculatus,Invertebrate,8,13.2230625178793,11.2464318173295,15.2332712015725
PortunusTrituberculatus,SSP1-2.6,age_standardized_size,0.124189691520446,0.107615263992675,0.141101033553296,Portunus trituberculatus,Invertebrate,8,13.2230625178793,11.3619213546039,15.1540986385224
PortunusTrituberculatus,SSP1-2.6,max_realized_size,0.0187298397354354,0.0146679074077464,0.0225439415774245,Portunus trituberculatus,Invertebrate,8,1.89063434235146,1.47760090565852,2.279997662138
PortunusTrituberculatus,SSP1-2.6,reproductive_allocation,0.147443015742584,0.117103064886275,0.174030255009834,Portunus trituberculatus,Invertebrate,8,15.8867245758732,12.4235292902329,19.0091571507883
PortunusTrituberculatus,SSP1-2.6,egg_production,0.0985261892709698,0.08009757312284,0.116533792760012,Portunus trituberculatus,Invertebrate,8,10.3543305010589,8.33927725339765,12.3595479218046
PortunusTrituberculatus,SSP1-2.6,eggs_per_biomass,0.221234983738452,0.200336852707648,0.241393746928286,Portunus trituberculatus,Invertebrate,8,24.7616565726486,22.1814260290297,27.3022185213705
PortunusTrituberculatus,SSP1-2.6,mean_size,0.0174674432632745,0.00824231267085235,0.0265095952153466,Portunus trituberculatus,Invertebrate,8,1.76208911960059,0.827637404712611,2.68641001965848
PortunusTrituberculatus,SSP1-2.6,biomass,-0.121414944033534,-0.131851738923197,-0.111241923837649,Portunus trituberculatus,Invertebrate,8,-11.4333618644694,-12.3529068028996,-10.5277731900578
PortunusTrituberculatus,SSP1-2.6,abundance,-0.119598778798669,-0.144206337882548,-0.0943686146572221,Portunus trituberculatus,Invertebrate,8,-11.272364060265,-13.4290898953797,-9.00527194920711
PortunusTrituberculatus,SSP1-2.6,yield,-0.0999546184588289,-0.109587869398285,-0.0899260067769146,Portunus trituberculatus,Invertebrate,8,-9.51215181157373,-10.3796587952357,-8.60011875127483
PortunusTrituberculatus,SSP1-2.6,mean_tl,0.0050790983478277,0.00473185988081067,0.00540324102909925,Portunus trituberculatus,Invertebrate,8,0.509201883338495,0.47430728088016,0.541786486274409
PortunusTrituberculatus,SSP5-8.5,ingestion,-0.356585907941203,-0.370041550281929,-0.342115094280962,Portunus trituberculatus,Invertebrate,8,-29.9937672027054,-30.9294368972578,-28.9733547601974
PortunusTrituberculatus,SSP5-8.5,maintenance,0.452605298720527,0.44497681546982,0.460149333835651,Portunus trituberculatus,Invertebrate,8,57.2403434369008,56.0454017020022,58.4310558502391
PortunusTrituberculatus,SSP5-8.5,enet,-0.0291139180924568,-0.0372329983609226,-0.0204035356428767,Portunus trituberculatus,Invertebrate,8,-2.86941911410508,-3.65483734548358,-2.0196791997485
PortunusTrituberculatus,SSP5-8.5,mbi,0.805103052080365,0.786835927812924,0.823518731134932,Portunus trituberculatus,Invertebrate,8,123.69270069243,119.643573877251,127.850318856505
PortunusTrituberculatus,SSP5-8.5,age_mature,-0.00375861937629754,-0.0098477796135881,0.0021520190719865,Portunus trituberculatus,Invertebrate,8,-0.375156460798698,-0.979944901174445,0.215433632699047
PortunusTrituberculatus,SSP5-8.5,ingestion_age_standardized,-0.231830833500461,-0.253304852766483,-0.209662768178623,Portunus trituberculatus,Invertebrate,8,-20.6919725426684,-22.3768790481185,-18.9142353131014
PortunusTrituberculatus,SSP5-8.5,maintenance_age_standardized,0.437495522673697,0.418423157682923,0.456404140647115,Portunus trituberculatus,Invertebrate,8,54.8823364031022,51.9563553365357,57.8388106675872
PortunusTrituberculatus,SSP5-8.5,enet_age_standardized,0.258774962526553,0.239770557406635,0.277995608815015,Portunus trituberculatus,Invertebrate,8,29.5342271474292,27.0957505078742,32.0480398722665
PortunusTrituberculatus,SSP5-8.5,mbi_age_standardized,0.662839395548108,0.630805205653612,0.695457534962677,Portunus trituberculatus,Invertebrate,8,94.0293781839396,87.9123050761631,100.462605065599
PortunusTrituberculatus,SSP5-8.5,length_age1,0.130636597046133,0.113329972428871,0.146626849021946,Portunus trituberculatus,Invertebrate,8,13.9553588916876,12.000144157742,15.7921802751148
PortunusTrituberculatus,SSP5-8.5,age_standardized_size,0.130636597046133,0.113930555118725,0.147974791684326,Portunus trituberculatus,Invertebrate,8,13.9553588916876,12.0674297088304,15.9483667364263
PortunusTrituberculatus,SSP5-8.5,max_realized_size,0.0441767869257818,0.0403424752509191,0.0480519467528508,Portunus trituberculatus,Invertebrate,8,4.51671104371623,4.11672871683899,4.92251577488008
PortunusTrituberculatus,SSP5-8.5,reproductive_allocation,0.142980618502909,0.110265212484736,0.173367833394086,Portunus trituberculatus,Invertebrate,8,15.370744087191,11.6574160601259,18.9303490176069
PortunusTrituberculatus,SSP5-8.5,egg_production,0.14606811498967,0.128029075566013,0.164785282680334,Portunus trituberculatus,Invertebrate,8,15.7275013141746,13.6586049099337,17.9139909767254
PortunusTrituberculatus,SSP5-8.5,eggs_per_biomass,0.301606473815433,0.281575839825626,0.320931800493314,Portunus trituberculatus,Invertebrate,8,35.2029063167554,32.5216496698534,37.8411570698934
PortunusTrituberculatus,SSP5-8.5,mean_size,-0.00120464136728741,-0.0104861217873972,0.0080370652227804,Portunus trituberculatus,Invertebrate,8,-0.120391607814252,-1.04313340830675,0.806944913053376
PortunusTrituberculatus,SSP5-8.5,biomass,-0.151297408563859,-0.161656885115005,-0.141107454833055,Portunus trituberculatus,Invertebrate,8,-14.0407989386199,-14.9266946357653,-13.1604006662486
PortunusTrituberculatus,SSP5-8.5,abundance,-0.123892964013791,-0.149590678060359,-0.0993110680640786,Portunus trituberculatus,Invertebrate,8,-11.6525600624292,-13.8939644803306,-9.45389957903881
PortunusTrituberculatus,SSP5-8.5,yield,-0.124564965998404,-0.134088804447883,-0.114315298723849,Portunus trituberculatus,Invertebrate,8,-11.7119097736075,-12.548759943597,-10.8023327565939
PortunusTrituberculatus,SSP5-8.5,mean_tl,0.00556227768703963,0.00521642901663777,0.00589239814766771,Portunus trituberculatus,Invertebrate,8,0.557777587532482,0.523005827085421,0.590979247361512
ScomberJaponicus,SSP1-2.6,ingestion,-0.118661719447792,-0.122460831500578,-0.11461205037505,Scomber japonicus,Mid-trophic species,9,-11.1891820321645,-11.5259441775135,-10.828798384578
ScomberJaponicus,SSP1-2.6,maintenance,0.185664410078015,0.182915201981036,0.188509013588839,Scomber japonicus,Mid-trophic species,9,20.4018136219023,20.071258571511,20.7447966377079
ScomberJaponicus,SSP1-2.6,enet,-0.0316017593427356,-0.0341885776873383,-0.028852250799932,Scomber japonicus,Mid-trophic species,9,-3.11076424123428,-3.36107519961776,-2.84399989243889
ScomberJaponicus,SSP1-2.6,mbi,0.304056855635627,0.29846396375951,0.309994072424033,Scomber japonicus,Mid-trophic species,9,35.5346112963839,34.7786967146374,36.3417032350192
ScomberJaponicus,SSP1-2.6,age_mature,-0.00772135618325839,-0.00885926968152352,-0.00652539399179694,Scomber japonicus,Mid-trophic species,9,-0.769162308842464,-0.882014198473968,-0.650414984235448
ScomberJaponicus,SSP1-2.6,ingestion_age_standardized,0.0313596386035359,0.029682397804995,0.0330957701332722,Scomber japonicus,Mid-trophic species,9,3.18565326068343,3.01273112977478,3.36495272541641
ScomberJaponicus,SSP1-2.6,maintenance_age_standardized,0.159082582204754,0.152324728641105,0.165343720567827,Scomber japonicus,Mid-trophic species,9,17.2434764930749,16.4538333989948,17.9798570060837
ScomberJaponicus,SSP1-2.6,enet_age_standardized,0.046680532949738,0.0433603844445335,0.049960609456322,Scomber japonicus,Mid-trophic species,9,4.77872221126501,4.43141816288541,5.12296870515581
ScomberJaponicus,SSP1-2.6,mbi_age_standardized,0.127699155239663,0.121013764201678,0.134478135345154,Scomber japonicus,Mid-trophic species,9,13.6211128109522,12.8640447095167,14.3939646883412
ScomberJaponicus,SSP1-2.6,length_age1,0.0305118670505326,0.0285103963766036,0.0324088150443739,Scomber japonicus,Mid-trophic species,9,3.09821246931581,2.89207078260927,3.2939700288817
ScomberJaponicus,SSP1-2.6,age_standardized_size,0.0173608629938922,0.0157094280241486,0.0190706167168012,Scomber japonicus,Mid-trophic species,9,1.75124386668457,1.58334697790283,1.92536224205044
ScomberJaponicus,SSP1-2.6,max_realized_size,0.000798693150860671,0.000657142061373432,0.000938111676385757,Scomber japonicus,Mid-trophic species,9,0.0799012191168069,0.0657358026521893,0.0938551840774737
ScomberJaponicus,SSP1-2.6,reproductive_allocation,0.0526643443291284,0.0451952090480931,0.0600638668104162,Scomber japonicus,Mid-trophic species,9,5.40757792213065,4.62320739430937,6.19043648244164
ScomberJaponicus,SSP1-2.6,egg_production,-0.103362500410189,-0.108741911495121,-0.0979254778259457,Scomber japonicus,Mid-trophic species,9,-9.81999886508794,-10.3038116821002,-9.32835282810428
ScomberJaponicus,SSP1-2.6,eggs_per_biomass,0.0437460421819237,0.0374185387059736,0.0500700291960955,Scomber japonicus,Mid-trophic species,9,4.47170071446612,3.8127426433733,5.13447186236049
ScomberJaponicus,SSP1-2.6,mean_size,0.0137756068931565,0.0115329522998655,0.0159721310476142,Scomber japonicus,Mid-trophic species,9,1.38709277638143,1.1599713197473,1.61003673587423
ScomberJaponicus,SSP1-2.6,biomass,-0.146865723768462,-0.151904395968249,-0.141543143214225,Scomber japonicus,Mid-trophic species,9,-13.6590094938694,-14.0929592590253,-13.1982274297647
ScomberJaponicus,SSP1-2.6,abundance,-0.175314455052809,-0.18248108968121,-0.167677251076385,Scomber japonicus,Mid-trophic species,9,-16.0806909233353,-16.6799600135467,-15.4373284241455
ScomberJaponicus,SSP1-2.6,yield,-0.142070447662043,-0.146911144065995,-0.137102395395622,Scomber japonicus,Mid-trophic species,9,-13.2439863250248,-13.662931038288,-12.8119055033098
ScomberJaponicus,SSP1-2.6,mean_tl,-0.000164020906315174,-0.00037178852438464,3.66947797837214e-05,Scomber japonicus,Mid-trophic species,9,-0.0164007455621729,-0.0371719419595573,0.0036695453045299
ScomberJaponicus,SSP5-8.5,ingestion,-0.169216936798954,-0.173087436332332,-0.165506964398527,Scomber japonicus,Mid-trophic species,9,-15.5674281801632,-15.8935927928203,-15.2536038892392
ScomberJaponicus,SSP5-8.5,maintenance,0.402361456992645,0.399500300668025,0.405305551706265,Scomber japonicus,Mid-trophic species,9,49.5351740346106,49.1079420059297,49.9760684489819
ScomberJaponicus,SSP5-8.5,enet,-0.100981801105129,-0.103819671749583,-0.0981717158096756,Scomber japonicus,Mid-trophic species,9,-9.60505163822083,-9.86121715436518,-9.35067688305742
ScomberJaponicus,SSP5-8.5,mbi,0.571288667265737,0.565871351176882,0.576859904362994,Scomber japonicus,Mid-trophic species,9,77.0547228179014,76.0981547744889,78.0438895405447
ScomberJaponicus,SSP5-8.5,age_mature,-0.0123721415922961,-0.0136203967618809,-0.0111752873017679,Scomber japonicus,Mid-trophic species,9,-1.22959213083711,-1.3528058859597,-1.11130757383173
ScomberJaponicus,SSP5-8.5,ingestion_age_standardized,0.0529396347756475,0.0511977943466215,0.0547879751652121,Scomber japonicus,Mid-trophic species,9,5.43659961583756,5.25310573884787,5.63166255726864
ScomberJaponicus,SSP5-8.5,maintenance_age_standardized,0.3730134839738,0.366880855429229,0.379412021567579,Scomber japonicus,Mid-trophic species,9,45.2103919831976,44.3225956334073,46.1425050353559
ScomberJaponicus,SSP5-8.5,enet_age_standardized,0.0207843219026726,0.0175363665394822,0.0241572618368787,Scomber japonicus,Mid-trophic species,9,2.10018201588895,1.76910313788823,2.44514123341821
ScomberJaponicus,SSP5-8.5,mbi_age_standardized,0.320070580965117,0.313807261209126,0.326275302658322,Scomber japonicus,Mid-trophic species,9,37.7224966772934,36.8625923819004,38.5796829912926
ScomberJaponicus,SSP5-8.5,length_age1,0.0431711581367604,0.0412395190868925,0.0450775866048276,Scomber japonicus,Mid-trophic species,9,4.41165886075978,4.21016788980744,4.61090208073809
ScomberJaponicus,SSP5-8.5,age_standardized_size,0.0239737966069885,0.0224440420067682,0.0255518841065997,Scomber japonicus,Mid-trophic species,9,2.42634783605089,2.26978044464115,2.58811318156544
ScomberJaponicus,SSP5-8.5,max_realized_size,0.00145782695779064,0.00115920049818777,0.00176947427466406,Scomber japonicus,Mid-trophic species,9,0.145889010407507,0.115987263077222,0.177104071805934
ScomberJaponicus,SSP5-8.5,reproductive_allocation,0.0770319365317628,0.0698073834517231,0.0846941825234411,Scomber japonicus,Mid-trophic species,9,8.00765697414743,7.23016183247025,8.83841688979516
ScomberJaponicus,SSP5-8.5,egg_production,-0.155208832355361,-0.161113297269987,-0.149754817921182,Scomber japonicus,Mid-trophic species,9,-14.3763651041826,-14.8804372496965,-13.9080967531504
ScomberJaponicus,SSP5-8.5,eggs_per_biomass,0.0721186189566274,0.0659175384134469,0.0782701929831118,Scomber japonicus,Mid-trophic species,9,7.47828261202053,6.81386331279221,8.14148098931669
ScomberJaponicus,SSP5-8.5,mean_size,0.0181199882294229,0.0157490856973149,0.0204490526746646,Scomber japonicus,Mid-trophic species,9,1.82851512922233,1.58737561695912,2.06595670435248
ScomberJaponicus,SSP5-8.5,biomass,-0.223630228061757,-0.228598377527726,-0.218520864452539,Scomber japonicus,Mid-trophic species,9,-20.0389246671703,-20.4351980530933,-19.6293289630796
ScomberJaponicus,SSP5-8.5,abundance,-0.26291738280787,-0.270566574739877,-0.255106875628999,Scomber japonicus,Mid-trophic species,9,-23.1194588768176,-23.7052894699659,-22.5166317301515
ScomberJaponicus,SSP5-8.5,yield,-0.220024524485018,-0.224783836783171,-0.214951103344643,Scomber japonicus,Mid-trophic species,9,-19.7500883156423,-20.1311152748793,-19.3419121679653
ScomberJaponicus,SSP5-8.5,mean_tl,-0.000365222877936343,-0.000578912713014166,-0.000151737768202384,Scomber japonicus,Mid-trophic species,9,-0.0365156192179694,-0.0578745175380924,-0.015172625660953
ScomberomorusNiphonius,SSP1-2.6,ingestion,-0.113086395965203,-0.118303903153478,-0.10806536457905,Scomberomorus niphonius,Predator,2,-10.6926501164077,-11.1573983883706,-10.2431074702022
ScomberomorusNiphonius,SSP1-2.6,maintenance,0.170133934780349,0.166424870288277,0.174365196039818,Scomberomorus niphonius,Predator,2,18.5463615497059,18.1074798727866,19.0490248767578
ScomberomorusNiphonius,SSP1-2.6,enet,-0.0873506116008703,-0.0914076408031228,-0.0836394152384173,Scomberomorus niphonius,Predator,2,-8.36442456545453,-8.73543965254331,-8.02371512245637
ScomberomorusNiphonius,SSP1-2.6,mbi,0.282739723164108,0.275495389667672,0.290148126095066,Scomberomorus niphonius,Predator,2,32.6759792032571,31.7183032133308,33.6625462472841
ScomberomorusNiphonius,SSP1-2.6,age_mature,0.010050862678791,0.00935237589038579,0.0107686063069633,Scomberomorus niphonius,Predator,2,1.01015422479074,0.939624601442524,1.0826796435814
ScomberomorusNiphonius,SSP1-2.6,ingestion_age_standardized,-0.00823164589856761,-0.00854602006863809,-0.00789728427330436,Scomberomorus niphonius,Predator,2,-0.819785867318645,-0.8509606642918,-0.786618265049588
ScomberomorusNiphonius,SSP1-2.6,maintenance_age_standardized,0.109358878682689,0.105554103771782,0.112956332375326,Scomberomorus niphonius,Predator,2,11.5562630158373,11.1326229837049,11.9583042349041
ScomberomorusNiphonius,SSP1-2.6,enet_age_standardized,0.0727019142822892,0.0707191611290515,0.0747941976196031,Scomberomorus niphonius,Predator,2,7.5409924792865,7.32797648619787,7.76623425857081
ScomberomorusNiphonius,SSP1-2.6,mbi_age_standardized,0.117582115632438,0.113906441660051,0.121428772205393,Scomberomorus niphonius,Predator,2,12.4773987679023,12.0647274080764,12.9108939121275
ScomberomorusNiphonius,SSP1-2.6,length_age1,0.000175925939756712,-0.00066110079173714,0.000976236665658109,Scomberomorus niphonius,Predator,2,0.0175941415632375,-0.0660882312756961,0.0976713339774671
ScomberomorusNiphonius,SSP1-2.6,age_standardized_size,0.00803372218601179,0.00738799953086533,0.00865201220943442,Scomberomorus niphonius,Predator,2,0.8066079122933,0.741535813301164,0.868954904536023
ScomberomorusNiphonius,SSP1-2.6,max_realized_size,-0.00135098426409412,-0.00200831886245186,-0.000673848993699794,Scomberomorus niphonius,Predator,2,-0.13500720956745,-0.200630353948805,-0.0673622008454111
ScomberomorusNiphonius,SSP1-2.6,reproductive_allocation,-0.00042439737375123,-0.00369732438557153,0.0026990248849503,Scomberomorus niphonius,Predator,2,-0.0424307329924378,-0.369049769785013,0.270267053177431
ScomberomorusNiphonius,SSP1-2.6,egg_production,0.0962989535930486,0.089342351266416,0.1032593691628,Scomberomorus niphonius,Predator,2,10.1088189065351,9.34549379375544,10.8778954853393
ScomberomorusNiphonius,SSP1-2.6,eggs_per_biomass,0.0819890553415458,0.0778420652868061,0.0859129998976163,Scomberomorus niphonius,Predator,2,8.5443929951454,8.0951925355772,8.97115191672497
ScomberomorusNiphonius,SSP1-2.6,mean_size,-0.029866443690192,-0.031769376719855,-0.0280810522404405,Scomberomorus niphonius,Predator,2,-2.94248486717179,-3.12700319979943,-2.76904442605109
ScomberomorusNiphonius,SSP1-2.6,biomass,0.0139699934591425,0.00909676870418316,0.0188404263426857,Scomberomorus niphonius,Predator,2,1.40680298081894,0.91382700518774,1.90190270496748
ScomberomorusNiphonius,SSP1-2.6,abundance,0.0834245258669183,0.0757820401123425,0.0913294944743707,Scomberomorus niphonius,Predator,2,8.70031715747954,7.87274292228466,9.56299498049988
ScomberomorusNiphonius,SSP1-2.6,yield,0.0137279634167294,0.00888176173401871,0.0186616017266229,Scomberomorus niphonius,Predator,2,1.38226245788422,0.892132161350556,1.88368176556499
ScomberomorusNiphonius,SSP1-2.6,mean_tl,-0.00353722805384188,-0.00396373173192617,-0.00311157868202043,Scomberomorus niphonius,Predator,2,-0.353097943246028,-0.395588651617129,-0.310674273818012
ScomberomorusNiphonius,SSP5-8.5,ingestion,-0.170756454911358,-0.175553949868896,-0.165871098840388,Scomberomorus niphonius,Predator,2,-15.6973136475882,-16.1007867563088,-15.2844573531414
ScomberomorusNiphonius,SSP5-8.5,maintenance,0.358238235329383,0.354609117361766,0.362124748599526,Scomberomorus niphonius,Predator,2,43.0806448525193,42.5623293963068,43.6378116942684
ScomberomorusNiphonius,SSP5-8.5,enet,-0.242972038328232,-0.247109749259276,-0.238802420481536,Scomberomorus niphonius,Predator,2,-21.5706556379202,-21.894503137692,-21.2429525203589
ScomberomorusNiphonius,SSP5-8.5,mbi,0.528465150138599,0.521322515538595,0.535443959039924,Scomberomorus niphonius,Predator,2,69.6326702718581,68.4253629023637,70.8206447630175
ScomberomorusNiphonius,SSP5-8.5,age_mature,0.0142599154411729,0.0135742074536733,0.0149481614819547,Scomberomorus niphonius,Predator,2,1.43620730440444,1.36667552880556,1.50604440226996
ScomberomorusNiphonius,SSP5-8.5,ingestion_age_standardized,-0.013343929888098,-0.0136408742726688,-0.0130388344657227,Scomberomorus niphonius,Predator,2,-1.3255294342516,-1.35482591425872,-1.29541971204104
ScomberomorusNiphonius,SSP5-8.5,maintenance_age_standardized,0.285577699933324,0.281739503150724,0.289318487570866,Scomberomorus niphonius,Predator,2,33.0530453494728,32.5433403786241,33.5517006369269
ScomberomorusNiphonius,SSP5-8.5,enet_age_standardized,0.113082714102414,0.11107050498128,0.115139613114278,Scomberomorus niphonius,Predator,2,11.9724546129109,11.7473691538772,12.2030076750571
ScomberomorusNiphonius,SSP5-8.5,mbi_age_standardized,0.298911504630843,0.295108322691232,0.302581447066549,Scomberomorus niphonius,Predator,2,34.8390291896194,34.3271857628391,35.3347898148817
ScomberomorusNiphonius,SSP5-8.5,length_age1,0.00318412520861079,0.0024288713511472,0.00400510467547203,Scomberomorus niphonius,Predator,2,0.318919992002553,0.243182344877191,0.40131358254889
ScomberomorusNiphonius,SSP5-8.5,age_standardized_size,0.0140731567798387,0.0134261298503376,0.0146899634983477,Scomberomorus niphonius,Predator,2,1.41726498299379,1.35166650571266,1.47983912950125
ScomberomorusNiphonius,SSP5-8.5,max_realized_size,-0.00630757240565665,-0.00698348944616576,-0.00562439661353283,Scomberomorus niphonius,Predator,2,-0.628772142991507,-0.6959161547892,-0.560860930679186
ScomberomorusNiphonius,SSP5-8.5,reproductive_allocation,-0.00726381775521149,-0.0102445409928302,-0.00433404743588388,Scomberomorus niphonius,Predator,2,-0.723749999205314,-1.01922444199041,-0.432466900604089
ScomberomorusNiphonius,SSP5-8.5,egg_production,0.151548486097959,0.144650468655965,0.158506429535412,Scomberomorus niphonius,Predator,2,16.3634720548952,15.5635568812967,17.175945806991
ScomberomorusNiphonius,SSP5-8.5,eggs_per_biomass,0.132963328291819,0.129080919157528,0.136873359352497,Scomberomorus niphonius,Predator,2,14.2208110840333,13.7782188816953,14.6682922657038
ScomberomorusNiphonius,SSP5-8.5,mean_size,-0.0435968131031852,-0.0454737361543713,-0.0418535464895599,Scomberomorus niphonius,Predator,2,-4.2660133438929,-4.44553014791518,-4.09897792983717
ScomberomorusNiphonius,SSP5-8.5,biomass,0.0184505895706493,0.0141052441498351,0.0229470871615451,Scomberomorus niphonius,Predator,2,1.8621853383006,1.42051924850946,2.32123970425435
ScomberomorusNiphonius,SSP5-8.5,abundance,0.119076421604559,0.111319604906336,0.126586991134714,Scomberomorus niphonius,Predator,2,12.6456000574067,11.7752088824518,13.4948177311645
ScomberomorusNiphonius,SSP5-8.5,yield,0.0176208933200303,0.0130182028583336,0.022435361196199,Scomberomorus niphonius,Predator,2,1.77770571610474,1.31033085679704,2.26889266390349
ScomberomorusNiphonius,SSP5-8.5,mean_tl,-0.0058243025840601,-0.00623437370732825,-0.00544418947681101,Scomberomorus niphonius,Predator,2,-0.580737421502453,-0.621498032236612,-0.5429396734287
TodarodesPacificus,SSP1-2.6,ingestion,-0.415477583171664,-0.440642759399605,-0.398401775648924,Todarodes pacificus,Invertebrate,6,-33.9975011405558,-35.6377406370207,-32.8607775581196
TodarodesPacificus,SSP1-2.6,maintenance,0.52860619851563,0.520673104629558,0.53675040371953,Todarodes pacificus,Invertebrate,6,69.6565983721616,68.3160211420452,71.0439583271812
TodarodesPacificus,SSP1-2.6,enet,-0.230443565869953,-0.244349052854077,-0.216879099980818,Todarodes pacificus,Invertebrate,6,-20.5818747334309,-21.6785796608322,-19.4972708763276
TodarodesPacificus,SSP1-2.6,mbi,1.05877039244936,0.920969403733732,1.28259165977218,Todarodes pacificus,Invertebrate,6,188.282406681382,151.172408483519,260.597308127822
TodarodesPacificus,SSP1-2.6,age_mature,0.00500452927376529,0.000155741117882302,0.00996321791219517,Todarodes pacificus,Invertebrate,6,0.501707284655417,0.0155753246159795,1.00130160134861
TodarodesPacificus,SSP1-2.6,ingestion_age_standardized,-0.181068732774228,-0.212845996702689,-0.147294222387753,Todarodes pacificus,Invertebrate,6,-16.5621992390355,-19.1719394489621,-13.6959985636409
TodarodesPacificus,SSP1-2.6,maintenance_age_standardized,0.456914108981831,0.424887662800151,0.488792578189187,Todarodes pacificus,Invertebrate,6,57.9193239908948,52.9418599409801,63.0346515120847
TodarodesPacificus,SSP1-2.6,enet_age_standardized,0.0331409895754986,0.0156987389318172,0.0494986191671953,Todarodes pacificus,Invertebrate,6,3.36962693660623,1.58226114993092,5.0744141311843
TodarodesPacificus,SSP1-2.6,mbi_age_standardized,0.615689477537611,0.568152891473542,0.662170102805074,Todarodes pacificus,Invertebrate,6,85.0932335981282,76.5003884925094,93.899559177491
TodarodesPacificus,SSP1-2.6,length_age1,0.0490032550175046,0.033599266113797,0.0639939254785122,Todarodes pacificus,Invertebrate,6,5.02237692312171,3.41700966777168,6.60859227799902
TodarodesPacificus,SSP1-2.6,age_standardized_size,0.0490032550175046,0.0328613380483089,0.0648156092893593,Todarodes pacificus,Invertebrate,6,5.02237692312171,3.34072350420125,6.69622683138731
TodarodesPacificus,SSP1-2.6,max_realized_size,-0.0398991171102973,-0.0416081041699721,-0.0381152221858055,Todarodes pacificus,Invertebrate,6,-3.91136287433461,-4.07543687166165,-3.73979786078369
TodarodesPacificus,SSP1-2.6,reproductive_allocation,0.170709503258071,0.140038725682279,0.199680819928752,Todarodes pacificus,Invertebrate,6,18.6146127382947,15.0318344857427,22.1012972949942
TodarodesPacificus,SSP1-2.6,egg_production,0.12348173165676,0.110469751636146,0.136718279885133,Todarodes pacificus,Invertebrate,6,13.1429335013836,11.6802567090794,14.65051094681
TodarodesPacificus,SSP1-2.6,eggs_per_biomass,0.0710578102171545,0.0572514667572754,0.0854445421773713,Todarodes pacificus,Invertebrate,6,7.3643291626158,5.89220606143475,8.92011549446194
TodarodesPacificus,SSP1-2.6,mean_size,0.138746517532356,0.128057661861135,0.149193974092436,Todarodes pacificus,Invertebrate,6,14.8832854105531,13.6618540347967,16.0898151535906
TodarodesPacificus,SSP1-2.6,biomass,0.0471674388573871,0.0361897935025473,0.0579538166961513,Todarodes pacificus,Invertebrate,6,4.82975201245326,3.68526157071341,5.9666055700762
TodarodesPacificus,SSP1-2.6,abundance,-0.0259253457492124,-0.0445851312728388,-0.00781400777034158,Todarodes pacificus,Invertebrate,6,-2.55921694199422,-4.36058224258039,-0.778355777540829
TodarodesPacificus,SSP1-2.6,yield,0.0566322248139006,0.0464430611060146,0.0666648538668828,Todarodes pacificus,Invertebrate,6,5.82665346451852,4.75384316907144,6.89371679764228
TodarodesPacificus,SSP1-2.6,mean_tl,-0.00260251339909265,-0.0030880071896091,-0.00211482999786789,Todarodes pacificus,Invertebrate,6,-0.259912979702281,-0.308324419938499,-0.211259532050645
TodarodesPacificus,SSP5-8.5,ingestion,-0.400085945923638,-0.410073005426265,-0.389346269348105,Todarodes pacificus,Invertebrate,6,-32.9737562764194,-33.6398198164567,-32.2500367963581
TodarodesPacificus,SSP5-8.5,maintenance,0.745997893473482,0.73842295928427,0.75375632860341,Todarodes pacificus,Invertebrate,6,110.854448827803,109.263274383688,112.496711848684
TodarodesPacificus,SSP5-8.5,enet,-0.548993498471104,-0.567711885654602,-0.530604818026423,Todarodes pacificus,Invertebrate,6,-42.2469196417044,-43.3179092906778,-41.1750921582175
TodarodesPacificus,SSP5-8.5,mbi,1.14400367033618,1.12852876552301,1.15913694268752,Todarodes pacificus,Invertebrate,6,213.93120084887,209.110541223243,218.718136857368
TodarodesPacificus,SSP5-8.5,age_mature,-0.00310337877749053,-0.00768533590547234,0.00184401851136972,Todarodes pacificus,Invertebrate,6,-0.309856827512922,-0.765587922129074,0.18457197590549
TodarodesPacificus,SSP5-8.5,ingestion_age_standardized,-0.186971243800009,-0.219577826017523,-0.15277471398698,Todarodes pacificus,Invertebrate,6,-17.0532411621687,-19.7142327953695,-14.1676931786623
TodarodesPacificus,SSP5-8.5,maintenance_age_standardized,0.646494601654136,0.615529953287832,0.67735088421738,Todarodes pacificus,Invertebrate,6,90.8837850529028,85.0637090938992,96.8655621618838
TodarodesPacificus,SSP5-8.5,enet_age_standardized,0.0066968560000024,-0.0104000474367707,0.0252354536059192,Todarodes pacificus,Invertebrate,6,0.671933008069536,-1.03461539368881,2.55565630899057
TodarodesPacificus,SSP5-8.5,mbi_age_standardized,0.814165914995023,0.766510146323243,0.859312772994628,Todarodes pacificus,Invertebrate,6,125.729211343111,115.224212227862,136.153722376913
TodarodesPacificus,SSP5-8.5,length_age1,0.0512766346904074,0.0354983457088289,0.0671582722965385,Todarodes pacificus,Invertebrate,6,5.26140425701356,3.61359340561191,6.94647314193058
TodarodesPacificus,SSP5-8.5,age_standardized_size,0.0512766346904074,0.0347553572903796,0.0670415400819478,Todarodes pacificus,Invertebrate,6,5.26140425701356,3.53663829763475,6.93398977189794
TodarodesPacificus,SSP5-8.5,max_realized_size,-0.0155530674935563,-0.0173145743507539,-0.0139257393019466,Todarodes pacificus,Invertebrate,6,-1.5432743151199,-1.71655385119969,-1.3829224726093
TodarodesPacificus,SSP5-8.5,reproductive_allocation,0.151181504454573,0.120990239301719,0.181264868633911,Todarodes pacificus,Invertebrate,6,16.3207766313879,12.8613896253865,19.8732643925953
TodarodesPacificus,SSP5-8.5,egg_production,0.191450622196862,0.178253750198392,0.204413227928861,Todarodes pacificus,Invertebrate,6,21.100503489544,19.5128546867263,22.6804998816446
TodarodesPacificus,SSP5-8.5,eggs_per_biomass,0.107705910357454,0.0934382232968147,0.122476615627592,Todarodes pacificus,Invertebrate,6,11.3720163654806,9.79427739613219,13.0292688579811
TodarodesPacificus,SSP5-8.5,mean_size,0.12976176987512,0.119818137375217,0.140223258844149,Todarodes pacificus,Invertebrate,6,13.855711241038,12.7291820686806,15.0530636325567
TodarodesPacificus,SSP5-8.5,biomass,0.0770853015162455,0.0663389160334817,0.0880655643177438,Todarodes pacificus,Invertebrate,6,8.01342095488187,6.85888176852043,9.20597198315074
TodarodesPacificus,SSP5-8.5,abundance,0.00977174125913475,-0.00914613306551941,0.0280791767462011,Todarodes pacificus,Invertebrate,6,0.981964061566032,-0.910443441446473,2.84771126690941
TodarodesPacificus,SSP5-8.5,yield,0.0887827480758119,0.0781231242986596,0.0991121533543583,Todarodes pacificus,Invertebrate,6,9.28432082444108,8.12557793342228,10.4190131241751
TodarodesPacificus,SSP5-8.5,mean_tl,-0.00269412284046815,-0.00320275104695211,-0.00219427752815801,Todarodes pacificus,Invertebrate,6,-0.26904969484588,-0.319762771086718,-0.219187186111147
TrachurusJaponicus,SSP1-2.6,ingestion,-0.165071043968642,-0.172900817624465,-0.157159109006243,Trachurus japonicus,Mid-trophic species,14,-15.2166531506096,-15.8778954991253,-14.5431921477613
TrachurusJaponicus,SSP1-2.6,maintenance,0.141921617518832,0.137257533343979,0.146731361815926,Trachurus japonicus,Mid-trophic species,14,15.2486310260072,14.7123533042505,15.804282671813
TrachurusJaponicus,SSP1-2.6,enet,-0.0778084418453551,-0.0853265081956911,-0.0699285994232965,Trachurus japonicus,Mid-trophic species,14,-7.48583720061503,-8.17875684323749,-6.75396042608476
TrachurusJaponicus,SSP1-2.6,mbi,0.306347159350446,0.295645242717244,0.317111434391526,Trachurus japonicus,Mid-trophic species,14,35.8453824644573,34.3993280845085,37.3155580156657
TrachurusJaponicus,SSP1-2.6,age_mature,-0.0207596411946174,-0.0229693873858941,-0.0185935407624678,Trachurus japonicus,Mid-trophic species,14,-2.05456432418492,-2.27075992095104,-1.84217472808668
TrachurusJaponicus,SSP1-2.6,ingestion_age_standardized,0.0350359162571583,0.029561856951877,0.0406811918811953,Trachurus japonicus,Mid-trophic species,14,3.56569050513738,3.00031463564483,4.1520007576215
TrachurusJaponicus,SSP1-2.6,maintenance_age_standardized,0.10226281862434,0.0940768318206796,0.110480529086798,Trachurus japonicus,Mid-trophic species,14,10.7674550977438,9.86441535051308,11.6814603440209
TrachurusJaponicus,SSP1-2.6,enet_age_standardized,0.0725206712257563,0.0663931130334059,0.0786094647274373,Trachurus japonicus,Mid-trophic species,14,7.52150318730975,6.86467335626946,8.17817656273949
TrachurusJaponicus,SSP1-2.6,mbi_age_standardized,0.0673072422222681,0.0585339314413264,0.0761123588986213,Trachurus japonicus,Mid-trophic species,14,6.96240613683063,6.02809619454805,7.90838120147184
TrachurusJaponicus,SSP1-2.6,length_age1,0.0124517496320432,0.0096972175744619,0.0151669254782948,Trachurus japonicus,Mid-trophic species,14,1.25295954364344,0.97443879392749,1.5282526992954
TrachurusJaponicus,SSP1-2.6,age_standardized_size,0.00281249570441162,-0.000319090449797366,0.00594508992809312,Trachurus japonicus,Mid-trophic species,14,0.28164544809326,-0.0319039545854216,0.596279704796832
TrachurusJaponicus,SSP1-2.6,max_realized_size,-0.0162190160264349,-0.019691664715519,-0.0127674511386682,Trachurus japonicus,Mid-trophic species,14,-1.60881959982631,-1.94990502576122,-1.26862929957576
TrachurusJaponicus,SSP1-2.6,reproductive_allocation,-0.0867980504080097,-0.100213559569405,-0.0733662994792432,Trachurus japonicus,Mid-trophic species,14,-8.3137763107426,-9.53557980211148,-7.07396199170247
TrachurusJaponicus,SSP1-2.6,egg_production,-0.10194716621053,-0.1416653443015,-0.0637025590791814,Trachurus japonicus,Mid-trophic species,14,-9.692273659752,-13.2088340526666,-6.17159579011957
TrachurusJaponicus,SSP1-2.6,eggs_per_biomass,0.141820815974062,0.125986715996498,0.156620781081629,Trachurus japonicus,Mid-trophic species,14,15.2370143714653,13.4267100574809,16.955201354585
TrachurusJaponicus,SSP1-2.6,mean_size,0.0257005987206978,0.0218110444203343,0.0294592179304595,Trachurus japonicus,Mid-trophic species,14,2.60337066770575,2.20506440516386,2.98974332666859
TrachurusJaponicus,SSP1-2.6,biomass,-0.219892133083909,-0.256397082955863,-0.182051135638431,Trachurus japonicus,Mid-trophic species,14,-19.739463214075,-22.6165368765686,-16.644128523115
TrachurusJaponicus,SSP1-2.6,abundance,-0.28228472258018,-0.327978310961603,-0.237519269874249,Trachurus japonicus,Mid-trophic species,14,-24.5941043646102,-27.9621356144069,-21.1418305035432
TrachurusJaponicus,SSP1-2.6,yield,-0.265476204776139,-0.305640877551469,-0.223669393829929,Trachurus japonicus,Mid-trophic species,14,-23.3159310185586,-26.3348880086872,-20.0420563427819
TrachurusJaponicus,SSP1-2.6,mean_tl,0.00243360097680886,0.00153651743452307,0.00331016435076401,Trachurus japonicus,Mid-trophic species,14,0.243656458726016,0.153769848225904,0.331564899479986
TrachurusJaponicus,SSP5-8.5,ingestion,-0.228930629545146,-0.235755517203497,-0.221880516488083,Trachurus japonicus,Mid-trophic species,14,-20.461629227907,-21.0026214674166,-19.8988933767576
TrachurusJaponicus,SSP5-8.5,maintenance,0.319984165285663,0.315699391490639,0.324292428458594,Trachurus japonicus,Mid-trophic species,14,37.7105958083852,37.1217993867306,38.3051691664172
TrachurusJaponicus,SSP5-8.5,enet,-0.15295281893623,-0.160452411360994,-0.14561580540083,Trachurus japonicus,Mid-trophic species,14,-14.1829789760343,-14.8241643371559,-13.5510228307584
TrachurusJaponicus,SSP5-8.5,mbi,0.548025503128085,0.538198745526371,0.558457393160816,Trachurus japonicus,Mid-trophic species,14,72.9834091645706,71.2918679284175,74.7973982834843
TrachurusJaponicus,SSP5-8.5,age_mature,-0.0247306874482149,-0.0269553808572098,-0.0225618938016137,Trachurus japonicus,Mid-trophic species,14,-2.44273893980539,-2.65953269625099,-2.23092776749991
TrachurusJaponicus,SSP5-8.5,ingestion_age_standardized,0.0476082643668178,0.0413601192308478,0.0540718324851656,Trachurus japonicus,Mid-trophic species,14,4.87597382841691,4.22273640892392,5.55604229602726
TrachurusJaponicus,SSP5-8.5,maintenance_age_standardized,0.27388564783535,0.265122228947756,0.282530886949287,Trachurus japonicus,Mid-trophic species,14,31.506441317793,30.3590302511982,32.648274546931
TrachurusJaponicus,SSP5-8.5,enet_age_standardized,0.0899284554815417,0.0834337347025827,0.096661398631434,Trachurus japonicus,Mid-trophic species,14,9.40960043332366,8.70131816544597,10.148734534804
TrachurusJaponicus,SSP5-8.5,mbi_age_standardized,0.226641173715391,0.216684184373766,0.236357685175823,Trachurus japonicus,Mid-trophic species,14,25.4379682774915,24.1951812406023,26.662728295363
TrachurusJaponicus,SSP5-8.5,length_age1,0.0137447540735194,0.0109022149404815,0.0164002498476466,Trachurus japonicus,Mid-trophic species,14,1.38396474694897,1.09618606454807,1.65354721603557
TrachurusJaponicus,SSP5-8.5,age_standardized_size,-0.000793407416959039,-0.00446687487659993,0.00286229625931935,Trachurus japonicus,Mid-trophic species,14,-0.0793092752518931,-0.445691322901565,0.286639654039722
TrachurusJaponicus,SSP5-8.5,max_realized_size,-0.0251905652657971,-0.0288425278915811,-0.0217972671088043,Trachurus japonicus,Mid-trophic species,14,-2.48759304561639,-2.84305524896177,-2.15614233731528
TrachurusJaponicus,SSP5-8.5,reproductive_allocation,-0.133319219335577,-0.147085684066397,-0.119172029586303,Trachurus japonicus,Mid-trophic species,14,-12.4814328675621,-13.6779989953204,-11.2344915310513
TrachurusJaponicus,SSP5-8.5,egg_production,-0.0964678380537124,-0.134602430081873,-0.0585870307217941,Trachurus japonicus,Mid-trophic species,14,-9.19608985650714,-12.5936656088766,-5.69038415115001
TrachurusJaponicus,SSP5-8.5,eggs_per_biomass,0.175873789133197,0.16066151762573,0.190221709749728,Trachurus japonicus,Mid-trophic species,14,19.2287569506561,17.4287425941031,20.9517729805564
TrachurusJaponicus,SSP5-8.5,mean_size,0.0342608592812172,0.0304659758797883,0.0381208314732147,Trachurus japonicus,Mid-trophic species,14,3.48545229285298,3.09348128020468,3.88567518868113
TrachurusJaponicus,SSP5-8.5,biomass,-0.238169494288699,-0.274103028763252,-0.200256100458215,Trachurus japonicus,Mid-trophic species,14,-21.193089343948,-23.9746256777197,-18.1478897396099
TrachurusJaponicus,SSP5-8.5,abundance,-0.323705889816011,-0.36866758747655,-0.277253757864806,Trachurus japonicus,Mid-trophic species,14,-27.6537011074372,-30.8344712879401,-24.2137840775427
TrachurusJaponicus,SSP5-8.5,yield,-0.301938082493176,-0.3410526833021,-0.261963655217973,Trachurus japonicus,Mid-trophic species,14,-26.0616155723532,-28.8978551738096,-23.0461008073754
TrachurusJaponicus,SSP5-8.5,mean_tl,0.00138645775960827,0.0004333500850995,0.0022869594458071,Trachurus japonicus,Mid-trophic species,14,0.138741933651176,0.0433443994812377,0.228957653223705
TrachysalambriaCurvirostris,SSP1-2.6,ingestion,-0.340320278661653,-0.357275550415829,-0.323461616152712,Trachysalambria curvirostris,Invertebrate,7,-28.8457605581528,-30.0420298304391,-27.6360266533667
TrachysalambriaCurvirostris,SSP1-2.6,maintenance,0.38721207663516,0.37963751890167,0.39428144451024,Trachysalambria curvirostris,Invertebrate,7,47.2868819216446,46.1754634965217,48.3317961629947
TrachysalambriaCurvirostris,SSP1-2.6,enet,-0.167470196849677,-0.183178624540231,-0.151738942898348,Trachysalambria curvirostris,Invertebrate,7,-15.4198175527866,-16.7380583807185,-14.0787444995032
TrachysalambriaCurvirostris,SSP1-2.6,mbi,0.722580274992895,0.702173232041085,0.74339746430377,Trachysalambria curvirostris,Invertebrate,7,105.974105819014,101.813381823801,110.306849074277
TrachysalambriaCurvirostris,SSP1-2.6,age_mature,-0.00867771877042337,-0.0197655130600301,0.00279096095048243,Trachysalambria curvirostris,Invertebrate,7,-0.864017604245682,-1.95714559559889,0.279485930787349
TrachysalambriaCurvirostris,SSP1-2.6,ingestion_age_standardized,-0.033468379709168,-0.0535698766015167,-0.0128469275907438,Trachysalambria curvirostris,Invertebrate,7,-3.29145097275969,-5.21602931277768,-1.27647580681719
TrachysalambriaCurvirostris,SSP1-2.6,maintenance_age_standardized,0.362959093317457,0.340086794160032,0.38780990272695,Trachysalambria curvirostris,Invertebrate,7,43.7577051530325,40.5069537101653,47.3749601877554
TrachysalambriaCurvirostris,SSP1-2.6,enet_age_standardized,0.0996778766015164,0.0756130458306433,0.122121614432867,Trachysalambria curvirostris,Invertebrate,7,10.4814973995648,7.85451458586528,12.9891504539595
TrachysalambriaCurvirostris,SSP1-2.6,mbi_age_standardized,0.391427565273909,0.357001946283594,0.422680946734689,Trachysalambria curvirostris,Invertebrate,7,47.9090786091686,42.9038651165652,52.6047327903225
TrachysalambriaCurvirostris,SSP1-2.6,length_age1,0.0752961679681369,0.0499166119585401,0.101362789275402,Trachysalambria curvirostris,Invertebrate,7,7.82034329217083,5.11834365931934,10.6678059875373
TrachysalambriaCurvirostris,SSP1-2.6,age_standardized_size,0.0793942102538233,0.0607951605640049,0.0983824472180385,Trachysalambria curvirostris,Invertebrate,7,8.26310222100661,6.26812128707621,10.3384690830465
TrachysalambriaCurvirostris,SSP1-2.6,max_realized_size,0.00919615634334762,0.00538432938553815,0.012647491860904,Trachysalambria curvirostris,Invertebrate,7,0.923857090637847,0.539885093824655,1.27278096350443
TrachysalambriaCurvirostris,SSP1-2.6,reproductive_allocation,0.0509339271269407,-0.022904684524201,0.127241950092967,Trachysalambria curvirostris,Invertebrate,7,5.22533655832314,-2.26443635487261,13.5691765270744
TrachysalambriaCurvirostris,SSP1-2.6,egg_production,0.0838521709329158,0.0653889461925196,0.103695054344468,Trachysalambria curvirostris,Invertebrate,7,8.74681225277476,6.7574172553456,10.9262138664137
TrachysalambriaCurvirostris,SSP1-2.6,eggs_per_biomass,0.0797078779356908,0.0644990780353758,0.0950333901341991,Trachysalambria curvirostris,Invertebrate,7,8.29706618373232,6.66245948540518,9.96955734958611
TrachysalambriaCurvirostris,SSP1-2.6,mean_size,0.0355482243291523,0.0160579922699122,0.0543736332132306,Trachysalambria curvirostris,Invertebrate,7,3.61876163758881,1.61876147237903,5.58790399414388
TrachysalambriaCurvirostris,SSP1-2.6,biomass,0.00342690790421338,-0.0127599475490621,0.0199965713494561,Trachysalambria curvirostris,Invertebrate,7,0.34327864662842,-1.2678884571093,2.01978421188731
TrachysalambriaCurvirostris,SSP1-2.6,abundance,-0.00463885172639399,-0.0379650940688525,0.0273420598064395,Trachysalambria curvirostris,Invertebrate,7,-0.462810887164722,-3.72534541306677,2.77192841056377
TrachysalambriaCurvirostris,SSP1-2.6,yield,0.0142117669765423,-0.00160065845470298,0.0295930621336241,Trachysalambria curvirostris,Invertebrate,7,1.43132342434138,-0.159937808419508,3.00352882933252
TrachysalambriaCurvirostris,SSP1-2.6,mean_tl,-0.000349244919698546,-0.00113890934936885,0.000454423119733405,Trachysalambria curvirostris,Invertebrate,7,-0.0349183940790643,-0.113826103826165,0.0454526385560872
TrachysalambriaCurvirostris,SSP5-8.5,ingestion,-0.34125351028122,-0.359445845213909,-0.32434917302224,Trachysalambria curvirostris,Invertebrate,7,-28.9121329690328,-30.1936946110095,-27.7002253008271
TrachysalambriaCurvirostris,SSP5-8.5,maintenance,0.54737558391311,0.539644773521787,0.55516158204696,Trachysalambria curvirostris,Invertebrate,7,72.8710204488317,71.5397399365689,74.2222473905262
TrachysalambriaCurvirostris,SSP5-8.5,enet,-0.366987736349113,-0.383268746965339,-0.350664393204505,Trachysalambria curvirostris,Invertebrate,7,-30.7181858527892,-31.8370311241882,-29.577994476271
TrachysalambriaCurvirostris,SSP5-8.5,mbi,0.884206527956121,0.863171234788052,0.905275120439123,Trachysalambria curvirostris,Invertebrate,7,142.106258365937,137.06667265131,147.261209561402
TrachysalambriaCurvirostris,SSP5-8.5,age_mature,-0.0219857169346206,-0.0334445411093929,-0.0102855872033662,Trachysalambria curvirostris,Invertebrate,7,-2.17457925797721,-3.28914554888567,-1.02328714436314
TrachysalambriaCurvirostris,SSP5-8.5,ingestion_age_standardized,-0.0325505288202899,-0.0526089819196276,-0.0120135161396513,Trachysalambria curvirostris,Invertebrate,7,-3.202646196536,-5.12490812749598,-1.1941641963073
TrachysalambriaCurvirostris,SSP5-8.5,maintenance_age_standardized,0.522988354633608,0.49768035600248,0.547097510746975,Trachysalambria curvirostris,Invertebrate,7,68.7061662781627,64.490125655029,72.8229563398218
TrachysalambriaCurvirostris,SSP5-8.5,enet_age_standardized,0.130529635176289,0.108522833826695,0.154007113072377,Trachysalambria curvirostris,Invertebrate,7,13.9431706652712,11.4630359524227,16.6499184142054
TrachysalambriaCurvirostris,SSP5-8.5,mbi_age_standardized,0.551343821545641,0.518641073582887,0.584449292511456,Trachysalambria curvirostris,Invertebrate,7,73.5583766321098,67.9743450272383,79.400274280358
TrachysalambriaCurvirostris,SSP5-8.5,length_age1,0.0790868611585854,0.0551337903403195,0.106743731365514,Trachysalambria curvirostris,Invertebrate,7,8.22983276742146,5.66819790602768,11.2649080879743
TrachysalambriaCurvirostris,SSP5-8.5,age_standardized_size,0.103329688638872,0.0836786679467935,0.123461589936887,Trachysalambria curvirostris,Invertebrate,7,10.8856926350002,8.72794599284117,13.1406546310617
TrachysalambriaCurvirostris,SSP5-8.5,max_realized_size,0.0465461522213725,0.0430837387964742,0.050055454005571,Trachysalambria curvirostris,Invertebrate,7,4.76464291627119,4.40253166137667,5.13293951856955
TrachysalambriaCurvirostris,SSP5-8.5,reproductive_allocation,0.0242089878344043,-0.0493325903506474,0.0943600076946587,Trachysalambria curvirostris,Invertebrate,7,2.45044044759255,-4.8135503899743,9.89553070770046
TrachysalambriaCurvirostris,SSP5-8.5,egg_production,0.114953694215497,0.0960210308313485,0.134395429951837,Trachysalambria curvirostris,Invertebrate,7,12.1821489545055,10.0782214115641,14.3845040817256
TrachysalambriaCurvirostris,SSP5-8.5,eggs_per_biomass,0.0979979508238846,0.0836238821339464,0.112301199295536,Trachysalambria curvirostris,Invertebrate,7,10.2960524945828,8.72198940711044,11.8849806672125
TrachysalambriaCurvirostris,SSP5-8.5,mean_size,0.0281977214565693,0.00976013375831874,0.0463486899976991,Trachysalambria curvirostris,Invertebrate,7,2.85990404173377,0.980791920138624,4.74395789924054
TrachysalambriaCurvirostris,SSP5-8.5,biomass,0.0165177006097116,0.000197511387877044,0.0332955374577564,Trachysalambria curvirostris,Invertebrate,7,1.6654872037893,0.0197530894535447,3.38560372809691
TrachysalambriaCurvirostris,SSP5-8.5,abundance,0.0227651981834694,-0.0125188870501917,0.0583364594872472,Trachysalambria curvirostris,Invertebrate,7,2.30263029100399,-1.24408517614611,6.00716068636111
TrachysalambriaCurvirostris,SSP5-8.5,yield,0.033448900264461,0.0181848671642678,0.0491477621939481,Trachysalambria curvirostris,Invertebrate,7,3.40146045034213,1.83512186913755,5.03755450688272
TrachysalambriaCurvirostris,SSP5-8.5,mean_tl,0.000504011584116802,-0.000282327199348916,0.00124868009535929,Trachysalambria curvirostris,Invertebrate,7,0.0504138619296768,-0.0282287348775556,0.124946002094162
TrichiurusJaponicus,SSP1-2.6,ingestion,-0.237601393603732,-0.242650573381495,-0.232756260781109,Trichiurus japonicus,Predator,3,-21.148306364608,-21.5454393000451,-20.7653324050072
TrichiurusJaponicus,SSP1-2.6,maintenance,0.246432896153395,0.241744546710414,0.251087740870383,Trichiurus japonicus,Predator,3,27.9453324097299,27.3468839457447,28.5422863504305
TrichiurusJaponicus,SSP1-2.6,enet,0.050248292385616,0.0457645097313174,0.0551085948885242,Trichiurus japonicus,Predator,3,5.15321513921176,4.68278641533961,5.66553558158041
TrichiurusJaponicus,SSP1-2.6,mbi,0.483727718802759,0.475350288266921,0.491996655041187,Trichiurus japonicus,Predator,3,62.2109915487735,60.8577564656899,63.5578648252876
TrichiurusJaponicus,SSP1-2.6,age_mature,-0.0645971092963407,-0.0744839776239237,-0.0542330341742093,Trichiurus japonicus,Predator,3,-6.25549247898596,-7.17776537326467,-5.27886518336425
TrichiurusJaponicus,SSP1-2.6,ingestion_age_standardized,0.00789950101353498,0.00567648121981031,0.0101110645468743,Trichiurus japonicus,Predator,3,0.793078439177086,0.569262296765238,1.0162354078179
TrichiurusJaponicus,SSP1-2.6,maintenance_age_standardized,0.238717410962332,0.230830253268863,0.245989491680507,Trichiurus japonicus,Predator,3,26.9619705274609,25.9645400611378,27.888613452703
TrichiurusJaponicus,SSP1-2.6,enet_age_standardized,0.0344005641700528,0.0268064309642493,0.0419409693360117,Trichiurus japonicus,Predator,3,3.49991072639506,2.71689554145129,4.28329178142222
TrichiurusJaponicus,SSP1-2.6,mbi_age_standardized,0.230724535257608,0.223172937958933,0.238330782426931,Trichiurus japonicus,Predator,3,25.9512240443577,25.0036733845644,26.9128928947622
TrichiurusJaponicus,SSP1-2.6,length_age1,0.0477580082723563,0.0410020195556571,0.054432037903784,Trichiurus japonicus,Predator,3,4.89167954222325,4.18542096259178,5.59407100309222
TrichiurusJaponicus,SSP1-2.6,age_standardized_size,0.0505435103813662,0.045686052802858,0.055418625509504,Trichiurus japonicus,Predator,3,5.18426284332685,4.67457364763337,5.69830021194984
TrichiurusJaponicus,SSP1-2.6,max_realized_size,-0.0122762915405148,-0.0151820164619323,-0.00938007348535173,Trichiurus japonicus,Predator,3,-1.22012452840055,-1.50673506694057,-0.933621782627636
TrichiurusJaponicus,SSP1-2.6,reproductive_allocation,0.1049663055927,0.0912223228184844,0.118832286065376,Trichiurus japonicus,Predator,3,11.0673186250502,9.55125356208884,12.6181026197876
TrichiurusJaponicus,SSP1-2.6,egg_production,-0.0309356076091863,-0.0458122224501533,-0.0152384233551978,Trichiurus japonicus,Predator,3,-3.0461998064038,-4.47786855309857,-1.5122906093361
TrichiurusJaponicus,SSP1-2.6,eggs_per_biomass,0.0718923978005957,0.0581155293172897,0.0848216326861649,Trichiurus japonicus,Predator,3,7.45397150062728,5.98374309325562,8.85228924773671
TrichiurusJaponicus,SSP1-2.6,mean_size,0.0722619933499202,0.066572682694328,0.0775678133637341,Trichiurus japonicus,Predator,3,7.49369335030841,6.88386473247149,8.06555128592015
TrichiurusJaponicus,SSP1-2.6,biomass,-0.101802539771907,-0.111103913938654,-0.0920674300849464,Trichiurus japonicus,Predator,3,-9.6792118303911,-10.515424284957,-8.79563517090828
TrichiurusJaponicus,SSP1-2.6,abundance,-0.165564302205443,-0.180987120729065,-0.150269523153843,Trichiurus japonicus,Predator,3,-15.2584629224317,-16.5553894315941,-13.9523973044006
TrichiurusJaponicus,SSP1-2.6,yield,-0.0898513571215134,-0.0992749391382579,-0.0813520098408809,Trichiurus japonicus,Predator,3,-8.59329552696341,-9.45062818659776,-7.8130872681744
TrichiurusJaponicus,SSP1-2.6,mean_tl,-0.000382695831922735,-0.000773719330037117,1.82138755397542e-05,Trichiurus japonicus,Predator,3,-0.0382622613213313,-0.077342008641812,0.00182140414133336
TrichiurusJaponicus,SSP5-8.5,ingestion,-0.232106076488119,-0.236824569296135,-0.22700750446364,Trichiurus japonicus,Predator,3,-20.7137985172299,-21.0870286543709,-20.3085198150455
TrichiurusJaponicus,SSP5-8.5,maintenance,0.34201800145349,0.337465097829246,0.346776430574689,Trichiurus japonicus,Predator,3,40.7785639473718,40.139069596104,41.4500450964178
TrichiurusJaponicus,SSP5-8.5,enet,0.0092786608716038,0.00440316097813549,0.0142474513603633,Trichiurus japonicus,Predator,3,0.932184109360557,0.441286913506467,1.43494300319877
TrichiurusJaponicus,SSP5-8.5,mbi,0.573780216653729,0.565703043667222,0.582122175518387,Trichiurus japonicus,Predator,3,77.496413422663,76.068518626666,78.9832742456401
TrichiurusJaponicus,SSP5-8.5,age_mature,-0.0835379663710232,-0.0942790522760727,-0.073436758515011,Trichiurus japonicus,Predator,3,-8.01438375920831,-8.99712187972646,-7.08050924007915
TrichiurusJaponicus,SSP5-8.5,ingestion_age_standardized,0.0109961403515572,0.0088143428832955,0.0132651249279676,Trichiurus japonicus,Predator,3,1.10568201133074,0.885330359040659,1.33534970209293
TrichiurusJaponicus,SSP5-8.5,maintenance_age_standardized,0.333575588418861,0.325849473577168,0.341241879126647,Trichiurus japonicus,Predator,3,39.595056024932,38.5206842947896,40.6693449498851
TrichiurusJaponicus,SSP5-8.5,enet_age_standardized,0.0310610629265732,0.0232052648971883,0.0386181415543431,Trichiurus japonicus,Predator,3,3.15484913331872,2.34766018067203,3.93735143073031
TrichiurusJaponicus,SSP5-8.5,mbi_age_standardized,0.322503431451365,0.314826996442616,0.330623255448775,Trichiurus japonicus,Predator,3,38.0579628243295,37.0022271726568,39.1835327143997
TrichiurusJaponicus,SSP5-8.5,length_age1,0.0412201711959978,0.0346090930247638,0.0479976264196292,Trichiurus japonicus,Predator,3,4.20815166235393,3.52149569470768,4.9168165036553
TrichiurusJaponicus,SSP5-8.5,age_standardized_size,0.0584860325436051,0.0539561182220056,0.0633564125605712,Trichiurus japonicus,Predator,3,6.02301768724127,5.54382866303029,6.54064958273237
TrichiurusJaponicus,SSP5-8.5,max_realized_size,-0.012652450363469,-0.0154813269466666,-0.0100353088608711,Trichiurus japonicus,Predator,3,-1.25727446251371,-1.53621072240433,-0.998512316551925
TrichiurusJaponicus,SSP5-8.5,reproductive_allocation,0.0964233639512758,0.0830429972686761,0.110718963009244,Trichiurus japonicus,Predator,3,10.1225184363033,8.65885278827028,11.7080921675141
TrichiurusJaponicus,SSP5-8.5,egg_production,0.034067390563445,0.0188684312615155,0.049334893630519,Trichiurus japonicus,Predator,3,3.46543303170264,1.90475649944128,5.05721217457793
TrichiurusJaponicus,SSP5-8.5,eggs_per_biomass,0.130919489268673,0.117904980083707,0.145101542946098,Trichiurus japonicus,Predator,3,13.9876005366751,12.5137195845703,15.6156963891939
TrichiurusJaponicus,SSP5-8.5,mean_size,0.058156659547921,0.0525920550760671,0.0639971871668094,Trichiurus japonicus,Predator,3,5.98810231869957,5.39995836246512,6.60894000256393
TrichiurusJaponicus,SSP5-8.5,biomass,-0.097648577780098,-0.107144928535557,-0.0880528628153334,Trichiurus japonicus,Predator,3,-9.30324236846203,-10.1604539583655,-8.42875316952762
TrichiurusJaponicus,SSP5-8.5,abundance,-0.132988680508537,-0.148206643276701,-0.117668160006046,Trichiurus japonicus,Predator,3,-12.4524998015505,-13.7747082237216,-11.1008993556624
TrichiurusJaponicus,SSP5-8.5,yield,-0.0839103244961516,-0.0928949047944985,-0.0749298949367435,Trichiurus japonicus,Predator,3,-8.04862897467272,-8.87107326034507,-7.21914718757993
TrichiurusJaponicus,SSP5-8.5,mean_tl,-0.00128427852283674,-0.00165028614034014,-0.000899275433461369,Trichiurus japonicus,Predator,3,-0.128345419010334,-0.164892516693582,-0.089887120648835
