scenario,run,species,latin,group,species_order,age_mature
Base,1,EngraulisJaponicus,Engraulis japonicus,Prey,1,0.729058404666667
Base,2,EngraulisJaponicus,Engraulis japonicus,Prey,1,0.71105457
Base,3,EngraulisJaponicus,Engraulis japonicus,Prey,1,0.698822408666667
Base,4,EngraulisJaponicus,Engraulis japonicus,Prey,1,0.738199130666667
Base,5,EngraulisJaponicus,Engraulis japonicus,Prey,1,0.691157709333333
Base,6,EngraulisJaponicus,Engraulis japonicus,Prey,1,0.702019217333333
Base,7,EngraulisJaponicus,Engraulis japonicus,Prey,1,0.713198153333333
Base,8,EngraulisJaponicus,Engraulis japonicus,Prey,1,0.700516539666667
Base,9,EngraulisJaponicus,Engraulis japonicus,Prey,1,0.702737279333333
Base,10,EngraulisJaponicus,Engraulis japonicus,Prey,1,0.722169847333333
Base,11,EngraulisJaponicus,Engraulis japonicus,Prey,1,0.710254182666667
Base,12,EngraulisJaponicus,Engraulis japonicus,Prey,1,0.707792409333333
Base,13,EngraulisJaponicus,Engraulis japonicus,Prey,1,0.693054836666667
Base,14,EngraulisJaponicus,Engraulis japonicus,Prey,1,0.721841594333333
Base,15,EngraulisJaponicus,Engraulis japonicus,Prey,1,0.724932359666667
Base,16,EngraulisJaponicus,Engraulis japonicus,Prey,1,0.704238481
Base,17,EngraulisJaponicus,Engraulis japonicus,Prey,1,0.707040085
Base,18,EngraulisJaponicus,Engraulis japonicus,Prey,1,0.716014978666667
Base,19,EngraulisJaponicus,Engraulis japonicus,Prey,1,0.691563389666667
Base,20,EngraulisJaponicus,Engraulis japonicus,Prey,1,0.721487789666667
Base,21,EngraulisJaponicus,Engraulis japonicus,Prey,1,0.722150237333333
Base,22,EngraulisJaponicus,Engraulis japonicus,Prey,1,0.708436495666667
Base,23,EngraulisJaponicus,Engraulis japonicus,Prey,1,0.693678654
Base,24,EngraulisJaponicus,Engraulis japonicus,Prey,1,0.722670903333333
Base,25,EngraulisJaponicus,Engraulis japonicus,Prey,1,0.762331546
Base,26,EngraulisJaponicus,Engraulis japonicus,Prey,1,0.703331996333333
Base,27,EngraulisJaponicus,Engraulis japonicus,Prey,1,0.705451172666667
Base,28,EngraulisJaponicus,Engraulis japonicus,Prey,1,0.689821165
Base,29,EngraulisJaponicus,Engraulis japonicus,Prey,1,0.721511368333333
Base,30,EngraulisJaponicus,Engraulis japonicus,Prey,1,0.701561912333333
Base,31,EngraulisJaponicus,Engraulis japonicus,Prey,1,0.697257506
Base,32,EngraulisJaponicus,Engraulis japonicus,Prey,1,0.704840714666667
Base,33,EngraulisJaponicus,Engraulis japonicus,Prey,1,0.714033769666667
Base,34,EngraulisJaponicus,Engraulis japonicus,Prey,1,0.691628267
Base,35,EngraulisJaponicus,Engraulis japonicus,Prey,1,0.690181521333333
Base,36,EngraulisJaponicus,Engraulis japonicus,Prey,1,0.72072741
Base,37,EngraulisJaponicus,Engraulis japonicus,Prey,1,0.712719816333333
Base,38,EngraulisJaponicus,Engraulis japonicus,Prey,1,0.704740904666667
Base,39,EngraulisJaponicus,Engraulis japonicus,Prey,1,0.720364377333333
Base,40,EngraulisJaponicus,Engraulis japonicus,Prey,1,0.717588776333333
Base,41,EngraulisJaponicus,Engraulis japonicus,Prey,1,0.719962929333333
Base,42,EngraulisJaponicus,Engraulis japonicus,Prey,1,0.719647137666667
Base,43,EngraulisJaponicus,Engraulis japonicus,Prey,1,0.698028910666667
Base,44,EngraulisJaponicus,Engraulis japonicus,Prey,1,0.722342034333333
Base,45,EngraulisJaponicus,Engraulis japonicus,Prey,1,0.711020155333333
Base,46,EngraulisJaponicus,Engraulis japonicus,Prey,1,0.709993497666667
Base,47,EngraulisJaponicus,Engraulis japonicus,Prey,1,0.682229269666667
Base,48,EngraulisJaponicus,Engraulis japonicus,Prey,1,0.686838200666667
Base,49,EngraulisJaponicus,Engraulis japonicus,Prey,1,0.714605031333333
Base,50,EngraulisJaponicus,Engraulis japonicus,Prey,1,0.734760970333333
Base,51,EngraulisJaponicus,Engraulis japonicus,Prey,1,0.697168175
Base,52,EngraulisJaponicus,Engraulis japonicus,Prey,1,0.705666410666667
Base,53,EngraulisJaponicus,Engraulis japonicus,Prey,1,0.692858337
Base,54,EngraulisJaponicus,Engraulis japonicus,Prey,1,0.692127992
Base,55,EngraulisJaponicus,Engraulis japonicus,Prey,1,0.706781287
Base,56,EngraulisJaponicus,Engraulis japonicus,Prey,1,0.710649786333333
Base,57,EngraulisJaponicus,Engraulis japonicus,Prey,1,0.727507037666667
Base,58,EngraulisJaponicus,Engraulis japonicus,Prey,1,0.702896603
Base,59,EngraulisJaponicus,Engraulis japonicus,Prey,1,0.714972716666667
Base,60,EngraulisJaponicus,Engraulis japonicus,Prey,1,0.721918495666667
Base,61,EngraulisJaponicus,Engraulis japonicus,Prey,1,0.722715891
Base,62,EngraulisJaponicus,Engraulis japonicus,Prey,1,0.712536584333333
Base,63,EngraulisJaponicus,Engraulis japonicus,Prey,1,0.684251623333333
Base,64,EngraulisJaponicus,Engraulis japonicus,Prey,1,0.711941722
Base,65,EngraulisJaponicus,Engraulis japonicus,Prey,1,0.700795440666667
Base,66,EngraulisJaponicus,Engraulis japonicus,Prey,1,0.704490290666667
Base,67,EngraulisJaponicus,Engraulis japonicus,Prey,1,0.690107353333333
Base,68,EngraulisJaponicus,Engraulis japonicus,Prey,1,0.722938388333333
Base,69,EngraulisJaponicus,Engraulis japonicus,Prey,1,0.733859339
Base,70,EngraulisJaponicus,Engraulis japonicus,Prey,1,0.704247677333333
Base,71,EngraulisJaponicus,Engraulis japonicus,Prey,1,0.726712232666667
Base,72,EngraulisJaponicus,Engraulis japonicus,Prey,1,0.701011202333333
Base,73,EngraulisJaponicus,Engraulis japonicus,Prey,1,0.712720520333333
Base,74,EngraulisJaponicus,Engraulis japonicus,Prey,1,0.715171066666667
Base,75,EngraulisJaponicus,Engraulis japonicus,Prey,1,0.692341022
Base,76,EngraulisJaponicus,Engraulis japonicus,Prey,1,0.692319424666667
Base,77,EngraulisJaponicus,Engraulis japonicus,Prey,1,0.693105176
Base,78,EngraulisJaponicus,Engraulis japonicus,Prey,1,0.703402711
Base,79,EngraulisJaponicus,Engraulis japonicus,Prey,1,0.719225849333333
Base,80,EngraulisJaponicus,Engraulis japonicus,Prey,1,0.72530901
Base,81,EngraulisJaponicus,Engraulis japonicus,Prey,1,0.704383874333333
Base,82,EngraulisJaponicus,Engraulis japonicus,Prey,1,0.707987289
Base,83,EngraulisJaponicus,Engraulis japonicus,Prey,1,0.691991008333333
Base,84,EngraulisJaponicus,Engraulis japonicus,Prey,1,0.713507283666667
Base,85,EngraulisJaponicus,Engraulis japonicus,Prey,1,0.700525108666667
Base,86,EngraulisJaponicus,Engraulis japonicus,Prey,1,0.719131621666667
Base,87,EngraulisJaponicus,Engraulis japonicus,Prey,1,0.723000965
Base,88,EngraulisJaponicus,Engraulis japonicus,Prey,1,0.7237135
Base,89,EngraulisJaponicus,Engraulis japonicus,Prey,1,0.699821639666667
Base,90,EngraulisJaponicus,Engraulis japonicus,Prey,1,0.687890099666667
Base,91,EngraulisJaponicus,Engraulis japonicus,Prey,1,0.736301132333333
Base,92,EngraulisJaponicus,Engraulis japonicus,Prey,1,0.684412934333333
Base,93,EngraulisJaponicus,Engraulis japonicus,Prey,1,0.715429028333333
Base,94,EngraulisJaponicus,Engraulis japonicus,Prey,1,0.723038672666667
Base,95,EngraulisJaponicus,Engraulis japonicus,Prey,1,0.713095506333333
Base,96,EngraulisJaponicus,Engraulis japonicus,Prey,1,0.706889638666667
Base,97,EngraulisJaponicus,Engraulis japonicus,Prey,1,0.707736103666667
Base,98,EngraulisJaponicus,Engraulis japonicus,Prey,1,0.724350289333333
Base,99,EngraulisJaponicus,Engraulis japonicus,Prey,1,0.713529959333333
Base,100,EngraulisJaponicus,Engraulis japonicus,Prey,1,0.721540968
Base,1,ScomberomorusNiphonius,Scomberomorus niphonius,Predator,2,0.658587692333333
Base,2,ScomberomorusNiphonius,Scomberomorus niphonius,Predator,2,0.66251538
Base,3,ScomberomorusNiphonius,Scomberomorus niphonius,Predator,2,0.660252449666667
Base,4,ScomberomorusNiphonius,Scomberomorus niphonius,Predator,2,0.659536871333333
Base,5,ScomberomorusNiphonius,Scomberomorus niphonius,Predator,2,0.657238188666667
Base,6,ScomberomorusNiphonius,Scomberomorus niphonius,Predator,2,0.658776422
Base,7,ScomberomorusNiphonius,Scomberomorus niphonius,Predator,2,0.658970814666667
Base,8,ScomberomorusNiphonius,Scomberomorus niphonius,Predator,2,0.659835736666667
Base,9,ScomberomorusNiphonius,Scomberomorus niphonius,Predator,2,0.659570879333333
Base,10,ScomberomorusNiphonius,Scomberomorus niphonius,Predator,2,0.661262897333333
Base,11,ScomberomorusNiphonius,Scomberomorus niphonius,Predator,2,0.658418860666667
Base,12,ScomberomorusNiphonius,Scomberomorus niphonius,Predator,2,0.660712977333333
Base,13,ScomberomorusNiphonius,Scomberomorus niphonius,Predator,2,0.661044362666667
Base,14,ScomberomorusNiphonius,Scomberomorus niphonius,Predator,2,0.658771106
Base,15,ScomberomorusNiphonius,Scomberomorus niphonius,Predator,2,0.660467761666667
Base,16,ScomberomorusNiphonius,Scomberomorus niphonius,Predator,2,0.655364922
Base,17,ScomberomorusNiphonius,Scomberomorus niphonius,Predator,2,0.659716028333333
Base,18,ScomberomorusNiphonius,Scomberomorus niphonius,Predator,2,0.660731627666667
Base,19,ScomberomorusNiphonius,Scomberomorus niphonius,Predator,2,0.658502641666667
Base,20,ScomberomorusNiphonius,Scomberomorus niphonius,Predator,2,0.662588811
Base,21,ScomberomorusNiphonius,Scomberomorus niphonius,Predator,2,0.656089152
Base,22,ScomberomorusNiphonius,Scomberomorus niphonius,Predator,2,0.656881911
Base,23,ScomberomorusNiphonius,Scomberomorus niphonius,Predator,2,0.658159837666667
Base,24,ScomberomorusNiphonius,Scomberomorus niphonius,Predator,2,0.656741738333333
Base,25,ScomberomorusNiphonius,Scomberomorus niphonius,Predator,2,0.658659941333333
Base,26,ScomberomorusNiphonius,Scomberomorus niphonius,Predator,2,0.656854851
Base,27,ScomberomorusNiphonius,Scomberomorus niphonius,Predator,2,0.658303888333333
Base,28,ScomberomorusNiphonius,Scomberomorus niphonius,Predator,2,0.656850068
Base,29,ScomberomorusNiphonius,Scomberomorus niphonius,Predator,2,0.658046083333333
Base,30,ScomberomorusNiphonius,Scomberomorus niphonius,Predator,2,0.656636205
Base,31,ScomberomorusNiphonius,Scomberomorus niphonius,Predator,2,0.6585947
Base,32,ScomberomorusNiphonius,Scomberomorus niphonius,Predator,2,0.657264673333333
Base,33,ScomberomorusNiphonius,Scomberomorus niphonius,Predator,2,0.65884637
Base,34,ScomberomorusNiphonius,Scomberomorus niphonius,Predator,2,0.658623875666667
Base,35,ScomberomorusNiphonius,Scomberomorus niphonius,Predator,2,0.657693097
Base,36,ScomberomorusNiphonius,Scomberomorus niphonius,Predator,2,0.659079162333333
Base,37,ScomberomorusNiphonius,Scomberomorus niphonius,Predator,2,0.655723163333333
Base,38,ScomberomorusNiphonius,Scomberomorus niphonius,Predator,2,0.659511211333333
Base,39,ScomberomorusNiphonius,Scomberomorus niphonius,Predator,2,0.658402286
Base,40,ScomberomorusNiphonius,Scomberomorus niphonius,Predator,2,0.659756098333333
Base,41,ScomberomorusNiphonius,Scomberomorus niphonius,Predator,2,0.658512480333333
Base,42,ScomberomorusNiphonius,Scomberomorus niphonius,Predator,2,0.661118814333333
Base,43,ScomberomorusNiphonius,Scomberomorus niphonius,Predator,2,0.656399315333333
Base,44,ScomberomorusNiphonius,Scomberomorus niphonius,Predator,2,0.658900079333333
Base,45,ScomberomorusNiphonius,Scomberomorus niphonius,Predator,2,0.657804968666667
Base,46,ScomberomorusNiphonius,Scomberomorus niphonius,Predator,2,0.660374238666667
Base,47,ScomberomorusNiphonius,Scomberomorus niphonius,Predator,2,0.66002612
Base,48,ScomberomorusNiphonius,Scomberomorus niphonius,Predator,2,0.654896673666667
Base,49,ScomberomorusNiphonius,Scomberomorus niphonius,Predator,2,0.656863392666667
Base,50,ScomberomorusNiphonius,Scomberomorus niphonius,Predator,2,0.658982754
Base,51,ScomberomorusNiphonius,Scomberomorus niphonius,Predator,2,0.655656207333333
Base,52,ScomberomorusNiphonius,Scomberomorus niphonius,Predator,2,0.658839057666667
Base,53,ScomberomorusNiphonius,Scomberomorus niphonius,Predator,2,0.659320185666667
Base,54,ScomberomorusNiphonius,Scomberomorus niphonius,Predator,2,0.661096932666667
Base,55,ScomberomorusNiphonius,Scomberomorus niphonius,Predator,2,0.656318951333333
Base,56,ScomberomorusNiphonius,Scomberomorus niphonius,Predator,2,0.656752841333333
Base,57,ScomberomorusNiphonius,Scomberomorus niphonius,Predator,2,0.658327163
Base,58,ScomberomorusNiphonius,Scomberomorus niphonius,Predator,2,0.660502900666667
Base,59,ScomberomorusNiphonius,Scomberomorus niphonius,Predator,2,0.657368092666667
Base,60,ScomberomorusNiphonius,Scomberomorus niphonius,Predator,2,0.657820814666667
Base,61,ScomberomorusNiphonius,Scomberomorus niphonius,Predator,2,0.658427891
Base,62,ScomberomorusNiphonius,Scomberomorus niphonius,Predator,2,0.660714742666667
Base,63,ScomberomorusNiphonius,Scomberomorus niphonius,Predator,2,0.662223672333333
Base,64,ScomberomorusNiphonius,Scomberomorus niphonius,Predator,2,0.658552576
Base,65,ScomberomorusNiphonius,Scomberomorus niphonius,Predator,2,0.657094025
Base,66,ScomberomorusNiphonius,Scomberomorus niphonius,Predator,2,0.659307709
Base,67,ScomberomorusNiphonius,Scomberomorus niphonius,Predator,2,0.655447029666667
Base,68,ScomberomorusNiphonius,Scomberomorus niphonius,Predator,2,0.657225108666667
Base,69,ScomberomorusNiphonius,Scomberomorus niphonius,Predator,2,0.660471632333333
Base,70,ScomberomorusNiphonius,Scomberomorus niphonius,Predator,2,0.658046722666667
Base,71,ScomberomorusNiphonius,Scomberomorus niphonius,Predator,2,0.659140212333333
Base,72,ScomberomorusNiphonius,Scomberomorus niphonius,Predator,2,0.661205675
Base,73,ScomberomorusNiphonius,Scomberomorus niphonius,Predator,2,0.661559819
Base,74,ScomberomorusNiphonius,Scomberomorus niphonius,Predator,2,0.656957617666667
Base,75,ScomberomorusNiphonius,Scomberomorus niphonius,Predator,2,0.656555849333333
Base,76,ScomberomorusNiphonius,Scomberomorus niphonius,Predator,2,0.656996053666667
Base,77,ScomberomorusNiphonius,Scomberomorus niphonius,Predator,2,0.662154808666667
Base,78,ScomberomorusNiphonius,Scomberomorus niphonius,Predator,2,0.657225148
Base,79,ScomberomorusNiphonius,Scomberomorus niphonius,Predator,2,0.655793012666667
Base,80,ScomberomorusNiphonius,Scomberomorus niphonius,Predator,2,0.659649115666667
Base,81,ScomberomorusNiphonius,Scomberomorus niphonius,Predator,2,0.656636224666667
Base,82,ScomberomorusNiphonius,Scomberomorus niphonius,Predator,2,0.657004198666667
Base,83,ScomberomorusNiphonius,Scomberomorus niphonius,Predator,2,0.660453714
Base,84,ScomberomorusNiphonius,Scomberomorus niphonius,Predator,2,0.661728616666667
Base,85,ScomberomorusNiphonius,Scomberomorus niphonius,Predator,2,0.663919302333333
Base,86,ScomberomorusNiphonius,Scomberomorus niphonius,Predator,2,0.654379077
Base,87,ScomberomorusNiphonius,Scomberomorus niphonius,Predator,2,0.658132714666667
Base,88,ScomberomorusNiphonius,Scomberomorus niphonius,Predator,2,0.655913012333333
Base,89,ScomberomorusNiphonius,Scomberomorus niphonius,Predator,2,0.6584801
Base,90,ScomberomorusNiphonius,Scomberomorus niphonius,Predator,2,0.660364575333333
Base,91,ScomberomorusNiphonius,Scomberomorus niphonius,Predator,2,0.653923479666667
Base,92,ScomberomorusNiphonius,Scomberomorus niphonius,Predator,2,0.661658189333333
Base,93,ScomberomorusNiphonius,Scomberomorus niphonius,Predator,2,0.658310524666667
Base,94,ScomberomorusNiphonius,Scomberomorus niphonius,Predator,2,0.664053607666667
Base,95,ScomberomorusNiphonius,Scomberomorus niphonius,Predator,2,0.659059485333333
Base,96,ScomberomorusNiphonius,Scomberomorus niphonius,Predator,2,0.658171422333333
Base,97,ScomberomorusNiphonius,Scomberomorus niphonius,Predator,2,0.660267413
Base,98,ScomberomorusNiphonius,Scomberomorus niphonius,Predator,2,0.663798201333333
Base,99,ScomberomorusNiphonius,Scomberomorus niphonius,Predator,2,0.65975413
Base,100,ScomberomorusNiphonius,Scomberomorus niphonius,Predator,2,0.658771437333333
Base,1,TrichiurusJaponicus,Trichiurus japonicus,Predator,3,1.17776348333333
Base,2,TrichiurusJaponicus,Trichiurus japonicus,Predator,3,1.27523592466667
Base,3,TrichiurusJaponicus,Trichiurus japonicus,Predator,3,1.24657984666667
Base,4,TrichiurusJaponicus,Trichiurus japonicus,Predator,3,1.22325401833333
Base,5,TrichiurusJaponicus,Trichiurus japonicus,Predator,3,1.372979938
Base,6,TrichiurusJaponicus,Trichiurus japonicus,Predator,3,1.20575453
Base,7,TrichiurusJaponicus,Trichiurus japonicus,Predator,3,1.194155781
Base,8,TrichiurusJaponicus,Trichiurus japonicus,Predator,3,1.36225392333333
Base,9,TrichiurusJaponicus,Trichiurus japonicus,Predator,3,1.20401560833333
Base,10,TrichiurusJaponicus,Trichiurus japonicus,Predator,3,1.223201742
Base,11,TrichiurusJaponicus,Trichiurus japonicus,Predator,3,1.18927723466667
Base,12,TrichiurusJaponicus,Trichiurus japonicus,Predator,3,1.27338576866667
Base,13,TrichiurusJaponicus,Trichiurus japonicus,Predator,3,1.24142898
Base,14,TrichiurusJaponicus,Trichiurus japonicus,Predator,3,1.27860163766667
Base,15,TrichiurusJaponicus,Trichiurus japonicus,Predator,3,1.25848075
Base,16,TrichiurusJaponicus,Trichiurus japonicus,Predator,3,1.27756026
Base,17,TrichiurusJaponicus,Trichiurus japonicus,Predator,3,1.182308199
Base,18,TrichiurusJaponicus,Trichiurus japonicus,Predator,3,1.22464979333333
Base,19,TrichiurusJaponicus,Trichiurus japonicus,Predator,3,1.178134769
Base,20,TrichiurusJaponicus,Trichiurus japonicus,Predator,3,1.21620461
Base,21,TrichiurusJaponicus,Trichiurus japonicus,Predator,3,1.21366613
Base,22,TrichiurusJaponicus,Trichiurus japonicus,Predator,3,1.26315984333333
Base,23,TrichiurusJaponicus,Trichiurus japonicus,Predator,3,1.23460331966667
Base,24,TrichiurusJaponicus,Trichiurus japonicus,Predator,3,1.151788339
Base,25,TrichiurusJaponicus,Trichiurus japonicus,Predator,3,1.16954027466667
Base,26,TrichiurusJaponicus,Trichiurus japonicus,Predator,3,1.17351468866667
Base,27,TrichiurusJaponicus,Trichiurus japonicus,Predator,3,1.22600429933333
Base,28,TrichiurusJaponicus,Trichiurus japonicus,Predator,3,1.24889321
Base,29,TrichiurusJaponicus,Trichiurus japonicus,Predator,3,1.36770110333333
Base,30,TrichiurusJaponicus,Trichiurus japonicus,Predator,3,1.34252854333333
Base,31,TrichiurusJaponicus,Trichiurus japonicus,Predator,3,1.155469088
Base,32,TrichiurusJaponicus,Trichiurus japonicus,Predator,3,1.279504252
Base,33,TrichiurusJaponicus,Trichiurus japonicus,Predator,3,1.33247904333333
Base,34,TrichiurusJaponicus,Trichiurus japonicus,Predator,3,1.22773734066667
Base,35,TrichiurusJaponicus,Trichiurus japonicus,Predator,3,1.295295715
Base,36,TrichiurusJaponicus,Trichiurus japonicus,Predator,3,1.179792535
Base,37,TrichiurusJaponicus,Trichiurus japonicus,Predator,3,1.31605621866667
Base,38,TrichiurusJaponicus,Trichiurus japonicus,Predator,3,1.28177193
Base,39,TrichiurusJaponicus,Trichiurus japonicus,Predator,3,1.17601834333333
Base,40,TrichiurusJaponicus,Trichiurus japonicus,Predator,3,1.17152741233333
Base,41,TrichiurusJaponicus,Trichiurus japonicus,Predator,3,1.296310798
Base,42,TrichiurusJaponicus,Trichiurus japonicus,Predator,3,1.210043608
Base,43,TrichiurusJaponicus,Trichiurus japonicus,Predator,3,1.245733835
Base,44,TrichiurusJaponicus,Trichiurus japonicus,Predator,3,1.28133725
Base,45,TrichiurusJaponicus,Trichiurus japonicus,Predator,3,1.232760815
Base,46,TrichiurusJaponicus,Trichiurus japonicus,Predator,3,1.20641141466667
Base,47,TrichiurusJaponicus,Trichiurus japonicus,Predator,3,1.15398103666667
Base,48,TrichiurusJaponicus,Trichiurus japonicus,Predator,3,1.25873008666667
Base,49,TrichiurusJaponicus,Trichiurus japonicus,Predator,3,1.30731138
Base,50,TrichiurusJaponicus,Trichiurus japonicus,Predator,3,1.24125040966667
Base,51,TrichiurusJaponicus,Trichiurus japonicus,Predator,3,1.28607498666667
Base,52,TrichiurusJaponicus,Trichiurus japonicus,Predator,3,1.36863360666667
Base,53,TrichiurusJaponicus,Trichiurus japonicus,Predator,3,1.25081085333333
Base,54,TrichiurusJaponicus,Trichiurus japonicus,Predator,3,1.187733055
Base,55,TrichiurusJaponicus,Trichiurus japonicus,Predator,3,1.21866014133333
Base,56,TrichiurusJaponicus,Trichiurus japonicus,Predator,3,1.21750803266667
Base,57,TrichiurusJaponicus,Trichiurus japonicus,Predator,3,1.24465567666667
Base,58,TrichiurusJaponicus,Trichiurus japonicus,Predator,3,1.273883859
Base,59,TrichiurusJaponicus,Trichiurus japonicus,Predator,3,1.29860899766667
Base,60,TrichiurusJaponicus,Trichiurus japonicus,Predator,3,1.17281511466667
Base,61,TrichiurusJaponicus,Trichiurus japonicus,Predator,3,1.26663708966667
Base,62,TrichiurusJaponicus,Trichiurus japonicus,Predator,3,1.21438485
Base,63,TrichiurusJaponicus,Trichiurus japonicus,Predator,3,1.27617073533333
Base,64,TrichiurusJaponicus,Trichiurus japonicus,Predator,3,1.29617921666667
Base,65,TrichiurusJaponicus,Trichiurus japonicus,Predator,3,1.195382712
Base,66,TrichiurusJaponicus,Trichiurus japonicus,Predator,3,1.27485377266667
Base,67,TrichiurusJaponicus,Trichiurus japonicus,Predator,3,1.27628388833333
Base,68,TrichiurusJaponicus,Trichiurus japonicus,Predator,3,1.197507522
Base,69,TrichiurusJaponicus,Trichiurus japonicus,Predator,3,1.247075999
Base,70,TrichiurusJaponicus,Trichiurus japonicus,Predator,3,1.26683832666667
Base,71,TrichiurusJaponicus,Trichiurus japonicus,Predator,3,1.29470603666667
Base,72,TrichiurusJaponicus,Trichiurus japonicus,Predator,3,1.23669609333333
Base,73,TrichiurusJaponicus,Trichiurus japonicus,Predator,3,1.24500931333333
Base,74,TrichiurusJaponicus,Trichiurus japonicus,Predator,3,1.15259561466667
Base,75,TrichiurusJaponicus,Trichiurus japonicus,Predator,3,1.21095324
Base,76,TrichiurusJaponicus,Trichiurus japonicus,Predator,3,1.21675805033333
Base,77,TrichiurusJaponicus,Trichiurus japonicus,Predator,3,1.251612327
Base,78,TrichiurusJaponicus,Trichiurus japonicus,Predator,3,1.26496102333333
Base,79,TrichiurusJaponicus,Trichiurus japonicus,Predator,3,1.37066625333333
Base,80,TrichiurusJaponicus,Trichiurus japonicus,Predator,3,1.19213978
Base,81,TrichiurusJaponicus,Trichiurus japonicus,Predator,3,1.28862736666667
Base,82,TrichiurusJaponicus,Trichiurus japonicus,Predator,3,1.23484121333333
Base,83,TrichiurusJaponicus,Trichiurus japonicus,Predator,3,1.31134187333333
Base,84,TrichiurusJaponicus,Trichiurus japonicus,Predator,3,1.13279053133333
Base,85,TrichiurusJaponicus,Trichiurus japonicus,Predator,3,1.32714235166667
Base,86,TrichiurusJaponicus,Trichiurus japonicus,Predator,3,1.30717932
Base,87,TrichiurusJaponicus,Trichiurus japonicus,Predator,3,1.31109195533333
Base,88,TrichiurusJaponicus,Trichiurus japonicus,Predator,3,1.18917359766667
Base,89,TrichiurusJaponicus,Trichiurus japonicus,Predator,3,1.25885115733333
Base,90,TrichiurusJaponicus,Trichiurus japonicus,Predator,3,1.219568352
Base,91,TrichiurusJaponicus,Trichiurus japonicus,Predator,3,1.25285425933333
Base,92,TrichiurusJaponicus,Trichiurus japonicus,Predator,3,1.174584061
Base,93,TrichiurusJaponicus,Trichiurus japonicus,Predator,3,1.269845032
Base,94,TrichiurusJaponicus,Trichiurus japonicus,Predator,3,1.14372374366667
Base,95,TrichiurusJaponicus,Trichiurus japonicus,Predator,3,1.19750269466667
Base,96,TrichiurusJaponicus,Trichiurus japonicus,Predator,3,1.22516813133333
Base,97,TrichiurusJaponicus,Trichiurus japonicus,Predator,3,1.26779002666667
Base,98,TrichiurusJaponicus,Trichiurus japonicus,Predator,3,1.27461699666667
Base,99,TrichiurusJaponicus,Trichiurus japonicus,Predator,3,1.272031631
Base,100,TrichiurusJaponicus,Trichiurus japonicus,Predator,3,1.21697641633333
Base,1,MuraenesoxCinereus,Muraenesox cinereus,Predator,4,0.689140183666667
Base,2,MuraenesoxCinereus,Muraenesox cinereus,Predator,4,0.687976837333333
Base,3,MuraenesoxCinereus,Muraenesox cinereus,Predator,4,0.681696612666667
Base,4,MuraenesoxCinereus,Muraenesox cinereus,Predator,4,0.690848845333333
Base,5,MuraenesoxCinereus,Muraenesox cinereus,Predator,4,0.690322282666667
Base,6,MuraenesoxCinereus,Muraenesox cinereus,Predator,4,0.686362768333333
Base,7,MuraenesoxCinereus,Muraenesox cinereus,Predator,4,0.68940891
Base,8,MuraenesoxCinereus,Muraenesox cinereus,Predator,4,0.685595339666667
Base,9,MuraenesoxCinereus,Muraenesox cinereus,Predator,4,0.692960591666667
Base,10,MuraenesoxCinereus,Muraenesox cinereus,Predator,4,0.701395798333333
Base,11,MuraenesoxCinereus,Muraenesox cinereus,Predator,4,0.697725047666667
Base,12,MuraenesoxCinereus,Muraenesox cinereus,Predator,4,0.691394524666667
Base,13,MuraenesoxCinereus,Muraenesox cinereus,Predator,4,0.690131024
Base,14,MuraenesoxCinereus,Muraenesox cinereus,Predator,4,0.685328427333333
Base,15,MuraenesoxCinereus,Muraenesox cinereus,Predator,4,0.681125405666667
Base,16,MuraenesoxCinereus,Muraenesox cinereus,Predator,4,0.684093160333333
Base,17,MuraenesoxCinereus,Muraenesox cinereus,Predator,4,0.690315546
Base,18,MuraenesoxCinereus,Muraenesox cinereus,Predator,4,0.697109205666667
Base,19,MuraenesoxCinereus,Muraenesox cinereus,Predator,4,0.689996469666667
Base,20,MuraenesoxCinereus,Muraenesox cinereus,Predator,4,0.689172815
Base,21,MuraenesoxCinereus,Muraenesox cinereus,Predator,4,0.683545207333333
Base,22,MuraenesoxCinereus,Muraenesox cinereus,Predator,4,0.685485504333333
Base,23,MuraenesoxCinereus,Muraenesox cinereus,Predator,4,0.691456291333333
Base,24,MuraenesoxCinereus,Muraenesox cinereus,Predator,4,0.687210355
Base,25,MuraenesoxCinereus,Muraenesox cinereus,Predator,4,0.688102059333333
Base,26,MuraenesoxCinereus,Muraenesox cinereus,Predator,4,0.686124590333333
Base,27,MuraenesoxCinereus,Muraenesox cinereus,Predator,4,0.689005525
Base,28,MuraenesoxCinereus,Muraenesox cinereus,Predator,4,0.686539756
Base,29,MuraenesoxCinereus,Muraenesox cinereus,Predator,4,0.692496962333333
Base,30,MuraenesoxCinereus,Muraenesox cinereus,Predator,4,0.688825435
Base,31,MuraenesoxCinereus,Muraenesox cinereus,Predator,4,0.683304659333333
Base,32,MuraenesoxCinereus,Muraenesox cinereus,Predator,4,0.689585754333333
Base,33,MuraenesoxCinereus,Muraenesox cinereus,Predator,4,0.695584832666667
Base,34,MuraenesoxCinereus,Muraenesox cinereus,Predator,4,0.681140043333333
Base,35,MuraenesoxCinereus,Muraenesox cinereus,Predator,4,0.680844730333333
Base,36,MuraenesoxCinereus,Muraenesox cinereus,Predator,4,0.689263423333333
Base,37,MuraenesoxCinereus,Muraenesox cinereus,Predator,4,0.686377533
Base,38,MuraenesoxCinereus,Muraenesox cinereus,Predator,4,0.689614100333333
Base,39,MuraenesoxCinereus,Muraenesox cinereus,Predator,4,0.681788402333333
Base,40,MuraenesoxCinereus,Muraenesox cinereus,Predator,4,0.683162851666667
Base,41,MuraenesoxCinereus,Muraenesox cinereus,Predator,4,0.683826638
Base,42,MuraenesoxCinereus,Muraenesox cinereus,Predator,4,0.688964993333333
Base,43,MuraenesoxCinereus,Muraenesox cinereus,Predator,4,0.695216265
Base,44,MuraenesoxCinereus,Muraenesox cinereus,Predator,4,0.686807533333333
Base,45,MuraenesoxCinereus,Muraenesox cinereus,Predator,4,0.679955108333333
Base,46,MuraenesoxCinereus,Muraenesox cinereus,Predator,4,0.690030168
Base,47,MuraenesoxCinereus,Muraenesox cinereus,Predator,4,0.690181919333333
Base,48,MuraenesoxCinereus,Muraenesox cinereus,Predator,4,0.687401388333333
Base,49,MuraenesoxCinereus,Muraenesox cinereus,Predator,4,0.688095837333333
Base,50,MuraenesoxCinereus,Muraenesox cinereus,Predator,4,0.690551983666667
Base,51,MuraenesoxCinereus,Muraenesox cinereus,Predator,4,0.683604044
Base,52,MuraenesoxCinereus,Muraenesox cinereus,Predator,4,0.691434173333333
Base,53,MuraenesoxCinereus,Muraenesox cinereus,Predator,4,0.691513392333333
Base,54,MuraenesoxCinereus,Muraenesox cinereus,Predator,4,0.683551422333333
Base,55,MuraenesoxCinereus,Muraenesox cinereus,Predator,4,0.689061898
Base,56,MuraenesoxCinereus,Muraenesox cinereus,Predator,4,0.698016547666667
Base,57,MuraenesoxCinereus,Muraenesox cinereus,Predator,4,0.687831631333333
Base,58,MuraenesoxCinereus,Muraenesox cinereus,Predator,4,0.689082880333333
Base,59,MuraenesoxCinereus,Muraenesox cinereus,Predator,4,0.689610721
Base,60,MuraenesoxCinereus,Muraenesox cinereus,Predator,4,0.691669137666667
Base,61,MuraenesoxCinereus,Muraenesox cinereus,Predator,4,0.68810603
Base,62,MuraenesoxCinereus,Muraenesox cinereus,Predator,4,0.683975925666667
Base,63,MuraenesoxCinereus,Muraenesox cinereus,Predator,4,0.693175685666667
Base,64,MuraenesoxCinereus,Muraenesox cinereus,Predator,4,0.687666980333333
Base,65,MuraenesoxCinereus,Muraenesox cinereus,Predator,4,0.682525546333333
Base,66,MuraenesoxCinereus,Muraenesox cinereus,Predator,4,0.684426051
Base,67,MuraenesoxCinereus,Muraenesox cinereus,Predator,4,0.67880518
Base,68,MuraenesoxCinereus,Muraenesox cinereus,Predator,4,0.684568905333333
Base,69,MuraenesoxCinereus,Muraenesox cinereus,Predator,4,0.688955173333333
Base,70,MuraenesoxCinereus,Muraenesox cinereus,Predator,4,0.688616205
Base,71,MuraenesoxCinereus,Muraenesox cinereus,Predator,4,0.684706605
Base,72,MuraenesoxCinereus,Muraenesox cinereus,Predator,4,0.682296968
Base,73,MuraenesoxCinereus,Muraenesox cinereus,Predator,4,0.692099364333333
Base,74,MuraenesoxCinereus,Muraenesox cinereus,Predator,4,0.689619355666667
Base,75,MuraenesoxCinereus,Muraenesox cinereus,Predator,4,0.683502684333333
Base,76,MuraenesoxCinereus,Muraenesox cinereus,Predator,4,0.690660415666667
Base,77,MuraenesoxCinereus,Muraenesox cinereus,Predator,4,0.690816399666667
Base,78,MuraenesoxCinereus,Muraenesox cinereus,Predator,4,0.695230862333333
Base,79,MuraenesoxCinereus,Muraenesox cinereus,Predator,4,0.688409332666667
Base,80,MuraenesoxCinereus,Muraenesox cinereus,Predator,4,0.685944173666667
Base,81,MuraenesoxCinereus,Muraenesox cinereus,Predator,4,0.690822542666667
Base,82,MuraenesoxCinereus,Muraenesox cinereus,Predator,4,0.685601957333333
Base,83,MuraenesoxCinereus,Muraenesox cinereus,Predator,4,0.689416738333333
Base,84,MuraenesoxCinereus,Muraenesox cinereus,Predator,4,0.685604695333333
Base,85,MuraenesoxCinereus,Muraenesox cinereus,Predator,4,0.684215497666667
Base,86,MuraenesoxCinereus,Muraenesox cinereus,Predator,4,0.683303423333333
Base,87,MuraenesoxCinereus,Muraenesox cinereus,Predator,4,0.687822073333333
Base,88,MuraenesoxCinereus,Muraenesox cinereus,Predator,4,0.694112265666667
Base,89,MuraenesoxCinereus,Muraenesox cinereus,Predator,4,0.687003891666667
Base,90,MuraenesoxCinereus,Muraenesox cinereus,Predator,4,0.679864509333333
Base,91,MuraenesoxCinereus,Muraenesox cinereus,Predator,4,0.688618639
Base,92,MuraenesoxCinereus,Muraenesox cinereus,Predator,4,0.685394132
Base,93,MuraenesoxCinereus,Muraenesox cinereus,Predator,4,0.685314229333333
Base,94,MuraenesoxCinereus,Muraenesox cinereus,Predator,4,0.692516522
Base,95,MuraenesoxCinereus,Muraenesox cinereus,Predator,4,0.686496496333333
Base,96,MuraenesoxCinereus,Muraenesox cinereus,Predator,4,0.687293791666667
Base,97,MuraenesoxCinereus,Muraenesox cinereus,Predator,4,0.681844934333333
Base,98,MuraenesoxCinereus,Muraenesox cinereus,Predator,4,0.696917711
Base,99,MuraenesoxCinereus,Muraenesox cinereus,Predator,4,0.690786247333333
Base,100,MuraenesoxCinereus,Muraenesox cinereus,Predator,4,0.687219865333333
Base,1,MiichthysMiiuy,Miichthys miiuy,Predator,5,0.582477495333333
Base,2,MiichthysMiiuy,Miichthys miiuy,Predator,5,0.572761441666667
Base,3,MiichthysMiiuy,Miichthys miiuy,Predator,5,0.603623184666667
Base,4,MiichthysMiiuy,Miichthys miiuy,Predator,5,0.570315777666667
Base,5,MiichthysMiiuy,Miichthys miiuy,Predator,5,0.580380496666667
Base,6,MiichthysMiiuy,Miichthys miiuy,Predator,5,0.578465162666667
Base,7,MiichthysMiiuy,Miichthys miiuy,Predator,5,0.567108771666667
Base,8,MiichthysMiiuy,Miichthys miiuy,Predator,5,0.576833575666667
Base,9,MiichthysMiiuy,Miichthys miiuy,Predator,5,0.579656634333333
Base,10,MiichthysMiiuy,Miichthys miiuy,Predator,5,0.587210730333333
Base,11,MiichthysMiiuy,Miichthys miiuy,Predator,5,0.583575917666667
Base,12,MiichthysMiiuy,Miichthys miiuy,Predator,5,0.577088763333333
Base,13,MiichthysMiiuy,Miichthys miiuy,Predator,5,0.58017119
Base,14,MiichthysMiiuy,Miichthys miiuy,Predator,5,0.601940197
Base,15,MiichthysMiiuy,Miichthys miiuy,Predator,5,0.601806484666667
Base,16,MiichthysMiiuy,Miichthys miiuy,Predator,5,0.598560545666667
Base,17,MiichthysMiiuy,Miichthys miiuy,Predator,5,0.579742301333333
Base,18,MiichthysMiiuy,Miichthys miiuy,Predator,5,0.582172421333333
Base,19,MiichthysMiiuy,Miichthys miiuy,Predator,5,0.575786249666667
Base,20,MiichthysMiiuy,Miichthys miiuy,Predator,5,0.59244283
Base,21,MiichthysMiiuy,Miichthys miiuy,Predator,5,0.583411506333333
Base,22,MiichthysMiiuy,Miichthys miiuy,Predator,5,0.583634854
Base,23,MiichthysMiiuy,Miichthys miiuy,Predator,5,0.589752516333333
Base,24,MiichthysMiiuy,Miichthys miiuy,Predator,5,0.578916023666667
Base,25,MiichthysMiiuy,Miichthys miiuy,Predator,5,0.562021980333333
Base,26,MiichthysMiiuy,Miichthys miiuy,Predator,5,0.587120703666667
Base,27,MiichthysMiiuy,Miichthys miiuy,Predator,5,0.605073761
Base,28,MiichthysMiiuy,Miichthys miiuy,Predator,5,0.581759572333333
Base,29,MiichthysMiiuy,Miichthys miiuy,Predator,5,0.587954588666667
Base,30,MiichthysMiiuy,Miichthys miiuy,Predator,5,0.589671823666667
Base,31,MiichthysMiiuy,Miichthys miiuy,Predator,5,0.589254980666667
Base,32,MiichthysMiiuy,Miichthys miiuy,Predator,5,0.583280171333333
Base,33,MiichthysMiiuy,Miichthys miiuy,Predator,5,0.578961962666667
Base,34,MiichthysMiiuy,Miichthys miiuy,Predator,5,0.5738622
Base,35,MiichthysMiiuy,Miichthys miiuy,Predator,5,0.583821101333333
Base,36,MiichthysMiiuy,Miichthys miiuy,Predator,5,0.591668796333333
Base,37,MiichthysMiiuy,Miichthys miiuy,Predator,5,0.587529168333333
Base,38,MiichthysMiiuy,Miichthys miiuy,Predator,5,0.591792911666667
Base,39,MiichthysMiiuy,Miichthys miiuy,Predator,5,0.574377148333333
Base,40,MiichthysMiiuy,Miichthys miiuy,Predator,5,0.585965971666667
Base,41,MiichthysMiiuy,Miichthys miiuy,Predator,5,0.595672522333333
Base,42,MiichthysMiiuy,Miichthys miiuy,Predator,5,0.58092309
Base,43,MiichthysMiiuy,Miichthys miiuy,Predator,5,0.585811308333333
Base,44,MiichthysMiiuy,Miichthys miiuy,Predator,5,0.568664856666667
Base,45,MiichthysMiiuy,Miichthys miiuy,Predator,5,0.599179382666667
Base,46,MiichthysMiiuy,Miichthys miiuy,Predator,5,0.602932594333333
Base,47,MiichthysMiiuy,Miichthys miiuy,Predator,5,0.593832182666667
Base,48,MiichthysMiiuy,Miichthys miiuy,Predator,5,0.582705408
Base,49,MiichthysMiiuy,Miichthys miiuy,Predator,5,0.580034951666667
Base,50,MiichthysMiiuy,Miichthys miiuy,Predator,5,0.571881282333333
Base,51,MiichthysMiiuy,Miichthys miiuy,Predator,5,0.56471798
Base,52,MiichthysMiiuy,Miichthys miiuy,Predator,5,0.579930973666667
Base,53,MiichthysMiiuy,Miichthys miiuy,Predator,5,0.575696933666667
Base,54,MiichthysMiiuy,Miichthys miiuy,Predator,5,0.581860718666667
Base,55,MiichthysMiiuy,Miichthys miiuy,Predator,5,0.581568913666667
Base,56,MiichthysMiiuy,Miichthys miiuy,Predator,5,0.577280692666667
Base,57,MiichthysMiiuy,Miichthys miiuy,Predator,5,0.576324926
Base,58,MiichthysMiiuy,Miichthys miiuy,Predator,5,0.571553854
Base,59,MiichthysMiiuy,Miichthys miiuy,Predator,5,0.579099038333333
Base,60,MiichthysMiiuy,Miichthys miiuy,Predator,5,0.596877722
Base,61,MiichthysMiiuy,Miichthys miiuy,Predator,5,0.58383999
Base,62,MiichthysMiiuy,Miichthys miiuy,Predator,5,0.582129218
Base,63,MiichthysMiiuy,Miichthys miiuy,Predator,5,0.574552353333333
Base,64,MiichthysMiiuy,Miichthys miiuy,Predator,5,0.589048454666667
Base,65,MiichthysMiiuy,Miichthys miiuy,Predator,5,0.588373376666667
Base,66,MiichthysMiiuy,Miichthys miiuy,Predator,5,0.602609115
Base,67,MiichthysMiiuy,Miichthys miiuy,Predator,5,0.581089905
Base,68,MiichthysMiiuy,Miichthys miiuy,Predator,5,0.584899743333333
Base,69,MiichthysMiiuy,Miichthys miiuy,Predator,5,0.589565195
Base,70,MiichthysMiiuy,Miichthys miiuy,Predator,5,0.584776258666667
Base,71,MiichthysMiiuy,Miichthys miiuy,Predator,5,0.569981800333333
Base,72,MiichthysMiiuy,Miichthys miiuy,Predator,5,0.58100444
Base,73,MiichthysMiiuy,Miichthys miiuy,Predator,5,0.593867495333333
Base,74,MiichthysMiiuy,Miichthys miiuy,Predator,5,0.581211809666667
Base,75,MiichthysMiiuy,Miichthys miiuy,Predator,5,0.599500979666667
Base,76,MiichthysMiiuy,Miichthys miiuy,Predator,5,0.591488941333333
Base,77,MiichthysMiiuy,Miichthys miiuy,Predator,5,0.579456946666667
Base,78,MiichthysMiiuy,Miichthys miiuy,Predator,5,0.576372315
Base,79,MiichthysMiiuy,Miichthys miiuy,Predator,5,0.588549591666667
Base,80,MiichthysMiiuy,Miichthys miiuy,Predator,5,0.578594062666667
Base,81,MiichthysMiiuy,Miichthys miiuy,Predator,5,0.577275392
Base,82,MiichthysMiiuy,Miichthys miiuy,Predator,5,0.564111650666667
Base,83,MiichthysMiiuy,Miichthys miiuy,Predator,5,0.585971868
Base,84,MiichthysMiiuy,Miichthys miiuy,Predator,5,0.571570235666667
Base,85,MiichthysMiiuy,Miichthys miiuy,Predator,5,0.568670981
Base,86,MiichthysMiiuy,Miichthys miiuy,Predator,5,0.583114588
Base,87,MiichthysMiiuy,Miichthys miiuy,Predator,5,0.592317009333333
Base,88,MiichthysMiiuy,Miichthys miiuy,Predator,5,0.579136671
Base,89,MiichthysMiiuy,Miichthys miiuy,Predator,5,0.584414981333333
Base,90,MiichthysMiiuy,Miichthys miiuy,Predator,5,0.589833361333333
Base,91,MiichthysMiiuy,Miichthys miiuy,Predator,5,0.585142482333333
Base,92,MiichthysMiiuy,Miichthys miiuy,Predator,5,0.571839443333333
Base,93,MiichthysMiiuy,Miichthys miiuy,Predator,5,0.59245819
Base,94,MiichthysMiiuy,Miichthys miiuy,Predator,5,0.582676629666667
Base,95,MiichthysMiiuy,Miichthys miiuy,Predator,5,0.578831753
Base,96,MiichthysMiiuy,Miichthys miiuy,Predator,5,0.584414772333333
Base,97,MiichthysMiiuy,Miichthys miiuy,Predator,5,0.591799853333333
Base,98,MiichthysMiiuy,Miichthys miiuy,Predator,5,0.578251489333333
Base,99,MiichthysMiiuy,Miichthys miiuy,Predator,5,0.578641009333333
Base,100,MiichthysMiiuy,Miichthys miiuy,Predator,5,0.583652323333333
Base,1,TodarodesPacificus,Todarodes pacificus,Invertebrate,6,1.011919051
Base,2,TodarodesPacificus,Todarodes pacificus,Invertebrate,6,1.001963651
Base,3,TodarodesPacificus,Todarodes pacificus,Invertebrate,6,0.943193524
Base,4,TodarodesPacificus,Todarodes pacificus,Invertebrate,6,1.03429852666667
Base,5,TodarodesPacificus,Todarodes pacificus,Invertebrate,6,0.994336203333333
Base,6,TodarodesPacificus,Todarodes pacificus,Invertebrate,6,1.011451193
Base,7,TodarodesPacificus,Todarodes pacificus,Invertebrate,6,0.976493514666667
Base,8,TodarodesPacificus,Todarodes pacificus,Invertebrate,6,1.017314148
Base,9,TodarodesPacificus,Todarodes pacificus,Invertebrate,6,0.994515487
Base,10,TodarodesPacificus,Todarodes pacificus,Invertebrate,6,1.01010835833333
Base,11,TodarodesPacificus,Todarodes pacificus,Invertebrate,6,1.02932202533333
Base,12,TodarodesPacificus,Todarodes pacificus,Invertebrate,6,0.992159375333333
Base,13,TodarodesPacificus,Todarodes pacificus,Invertebrate,6,0.992650088666667
Base,14,TodarodesPacificus,Todarodes pacificus,Invertebrate,6,1.01256907966667
Base,15,TodarodesPacificus,Todarodes pacificus,Invertebrate,6,1.01688706633333
Base,16,TodarodesPacificus,Todarodes pacificus,Invertebrate,6,0.979695608333333
Base,17,TodarodesPacificus,Todarodes pacificus,Invertebrate,6,0.978968670666667
Base,18,TodarodesPacificus,Todarodes pacificus,Invertebrate,6,1.019642837
Base,19,TodarodesPacificus,Todarodes pacificus,Invertebrate,6,1.009472381
Base,20,TodarodesPacificus,Todarodes pacificus,Invertebrate,6,1.02320845566667
Base,21,TodarodesPacificus,Todarodes pacificus,Invertebrate,6,0.993930149333333
Base,22,TodarodesPacificus,Todarodes pacificus,Invertebrate,6,1.01343616233333
Base,23,TodarodesPacificus,Todarodes pacificus,Invertebrate,6,0.988172219333333
Base,24,TodarodesPacificus,Todarodes pacificus,Invertebrate,6,1.049519148
Base,25,TodarodesPacificus,Todarodes pacificus,Invertebrate,6,1.03873892133333
Base,26,TodarodesPacificus,Todarodes pacificus,Invertebrate,6,1.03275463866667
Base,27,TodarodesPacificus,Todarodes pacificus,Invertebrate,6,0.979426642666667
Base,28,TodarodesPacificus,Todarodes pacificus,Invertebrate,6,1.00154309266667
Base,29,TodarodesPacificus,Todarodes pacificus,Invertebrate,6,1.00948104766667
Base,30,TodarodesPacificus,Todarodes pacificus,Invertebrate,6,1.05474943466667
Base,31,TodarodesPacificus,Todarodes pacificus,Invertebrate,6,1.00211709633333
Base,32,TodarodesPacificus,Todarodes pacificus,Invertebrate,6,1.01199187366667
Base,33,TodarodesPacificus,Todarodes pacificus,Invertebrate,6,1.00004418466667
Base,34,TodarodesPacificus,Todarodes pacificus,Invertebrate,6,1.01353586433333
Base,35,TodarodesPacificus,Todarodes pacificus,Invertebrate,6,1.021110369
Base,36,TodarodesPacificus,Todarodes pacificus,Invertebrate,6,1.00186696366667
Base,37,TodarodesPacificus,Todarodes pacificus,Invertebrate,6,1.03780606233333
Base,38,TodarodesPacificus,Todarodes pacificus,Invertebrate,6,1.028540735
Base,39,TodarodesPacificus,Todarodes pacificus,Invertebrate,6,1.01401433233333
Base,40,TodarodesPacificus,Todarodes pacificus,Invertebrate,6,1.017501467
Base,41,TodarodesPacificus,Todarodes pacificus,Invertebrate,6,0.975471268666667
Base,42,TodarodesPacificus,Todarodes pacificus,Invertebrate,6,1.03229231233333
Base,43,TodarodesPacificus,Todarodes pacificus,Invertebrate,6,0.968887895
Base,44,TodarodesPacificus,Todarodes pacificus,Invertebrate,6,1.02042030333333
Base,45,TodarodesPacificus,Todarodes pacificus,Invertebrate,6,0.981829813333333
Base,46,TodarodesPacificus,Todarodes pacificus,Invertebrate,6,1.02362323733333
Base,47,TodarodesPacificus,Todarodes pacificus,Invertebrate,6,0.970170550333333
Base,48,TodarodesPacificus,Todarodes pacificus,Invertebrate,6,0.983895794666667
Base,49,TodarodesPacificus,Todarodes pacificus,Invertebrate,6,1.02246592833333
Base,50,TodarodesPacificus,Todarodes pacificus,Invertebrate,6,1.00044054833333
Base,51,TodarodesPacificus,Todarodes pacificus,Invertebrate,6,0.973510247
Base,52,TodarodesPacificus,Todarodes pacificus,Invertebrate,6,1.02932557166667
Base,53,TodarodesPacificus,Todarodes pacificus,Invertebrate,6,1.022803562
Base,54,TodarodesPacificus,Todarodes pacificus,Invertebrate,6,0.991125345
Base,55,TodarodesPacificus,Todarodes pacificus,Invertebrate,6,1.02400541866667
Base,56,TodarodesPacificus,Todarodes pacificus,Invertebrate,6,1.01745988033333
Base,57,TodarodesPacificus,Todarodes pacificus,Invertebrate,6,1.03566193866667
Base,58,TodarodesPacificus,Todarodes pacificus,Invertebrate,6,0.986681472333333
Base,59,TodarodesPacificus,Todarodes pacificus,Invertebrate,6,1.007950078
Base,60,TodarodesPacificus,Todarodes pacificus,Invertebrate,6,0.973882571333333
Base,61,TodarodesPacificus,Todarodes pacificus,Invertebrate,6,1.03042091866667
Base,62,TodarodesPacificus,Todarodes pacificus,Invertebrate,6,1.00643773
Base,63,TodarodesPacificus,Todarodes pacificus,Invertebrate,6,0.999637072333333
Base,64,TodarodesPacificus,Todarodes pacificus,Invertebrate,6,1.019842402
Base,65,TodarodesPacificus,Todarodes pacificus,Invertebrate,6,0.998409166333333
Base,66,TodarodesPacificus,Todarodes pacificus,Invertebrate,6,1.0155756
Base,67,TodarodesPacificus,Todarodes pacificus,Invertebrate,6,0.982527291
Base,68,TodarodesPacificus,Todarodes pacificus,Invertebrate,6,1.04351290966667
Base,69,TodarodesPacificus,Todarodes pacificus,Invertebrate,6,0.990767092666667
Base,70,TodarodesPacificus,Todarodes pacificus,Invertebrate,6,0.996526774
Base,71,TodarodesPacificus,Todarodes pacificus,Invertebrate,6,1.020476187
Base,72,TodarodesPacificus,Todarodes pacificus,Invertebrate,6,0.978348735333333
Base,73,TodarodesPacificus,Todarodes pacificus,Invertebrate,6,1.027496777
Base,74,TodarodesPacificus,Todarodes pacificus,Invertebrate,6,1.00807861966667
Base,75,TodarodesPacificus,Todarodes pacificus,Invertebrate,6,1.02927871766667
Base,76,TodarodesPacificus,Todarodes pacificus,Invertebrate,6,1.008522566
Base,77,TodarodesPacificus,Todarodes pacificus,Invertebrate,6,1.01051242966667
Base,78,TodarodesPacificus,Todarodes pacificus,Invertebrate,6,0.999507960333333
Base,79,TodarodesPacificus,Todarodes pacificus,Invertebrate,6,0.965963013666667
Base,80,TodarodesPacificus,Todarodes pacificus,Invertebrate,6,1.01929793566667
Base,81,TodarodesPacificus,Todarodes pacificus,Invertebrate,6,1.00378140766667
Base,82,TodarodesPacificus,Todarodes pacificus,Invertebrate,6,1.01762938233333
Base,83,TodarodesPacificus,Todarodes pacificus,Invertebrate,6,1.02945692033333
Base,84,TodarodesPacificus,Todarodes pacificus,Invertebrate,6,1.00496090633333
Base,85,TodarodesPacificus,Todarodes pacificus,Invertebrate,6,1.019695299
Base,86,TodarodesPacificus,Todarodes pacificus,Invertebrate,6,1.02534066133333
Base,87,TodarodesPacificus,Todarodes pacificus,Invertebrate,6,0.996770160333333
Base,88,TodarodesPacificus,Todarodes pacificus,Invertebrate,6,1.04199167733333
Base,89,TodarodesPacificus,Todarodes pacificus,Invertebrate,6,1.02560644066667
Base,90,TodarodesPacificus,Todarodes pacificus,Invertebrate,6,0.996692521
Base,91,TodarodesPacificus,Todarodes pacificus,Invertebrate,6,0.978052697666667
Base,92,TodarodesPacificus,Todarodes pacificus,Invertebrate,6,0.974618412333333
Base,93,TodarodesPacificus,Todarodes pacificus,Invertebrate,6,1.01778419733333
Base,94,TodarodesPacificus,Todarodes pacificus,Invertebrate,6,1.03946105966667
Base,95,TodarodesPacificus,Todarodes pacificus,Invertebrate,6,1.013939849
Base,96,TodarodesPacificus,Todarodes pacificus,Invertebrate,6,1.06984203766667
Base,97,TodarodesPacificus,Todarodes pacificus,Invertebrate,6,1.03014142766667
Base,98,TodarodesPacificus,Todarodes pacificus,Invertebrate,6,0.992998103666667
Base,99,TodarodesPacificus,Todarodes pacificus,Invertebrate,6,1.048632352
Base,100,TodarodesPacificus,Todarodes pacificus,Invertebrate,6,1.02260968366667
Base,1,TrachysalambriaCurvirostris,Trachysalambria curvirostris,Invertebrate,7,0.785826317
Base,2,TrachysalambriaCurvirostris,Trachysalambria curvirostris,Invertebrate,7,0.898908196666667
Base,3,TrachysalambriaCurvirostris,Trachysalambria curvirostris,Invertebrate,7,0.899682597666667
Base,4,TrachysalambriaCurvirostris,Trachysalambria curvirostris,Invertebrate,7,0.900777832666667
Base,5,TrachysalambriaCurvirostris,Trachysalambria curvirostris,Invertebrate,7,0.854615674
Base,6,TrachysalambriaCurvirostris,Trachysalambria curvirostris,Invertebrate,7,0.917609054333333
Base,7,TrachysalambriaCurvirostris,Trachysalambria curvirostris,Invertebrate,7,0.867111437333333
Base,8,TrachysalambriaCurvirostris,Trachysalambria curvirostris,Invertebrate,7,0.875831342333333
Base,9,TrachysalambriaCurvirostris,Trachysalambria curvirostris,Invertebrate,7,0.790993641
Base,10,TrachysalambriaCurvirostris,Trachysalambria curvirostris,Invertebrate,7,0.835856458666667
Base,11,TrachysalambriaCurvirostris,Trachysalambria curvirostris,Invertebrate,7,0.922474290333333
Base,12,TrachysalambriaCurvirostris,Trachysalambria curvirostris,Invertebrate,7,0.948537423666667
Base,13,TrachysalambriaCurvirostris,Trachysalambria curvirostris,Invertebrate,7,0.993512637333333
Base,14,TrachysalambriaCurvirostris,Trachysalambria curvirostris,Invertebrate,7,0.809754325
Base,15,TrachysalambriaCurvirostris,Trachysalambria curvirostris,Invertebrate,7,0.926066654
Base,16,TrachysalambriaCurvirostris,Trachysalambria curvirostris,Invertebrate,7,0.832556345333333
Base,17,TrachysalambriaCurvirostris,Trachysalambria curvirostris,Invertebrate,7,0.841225606666667
Base,18,TrachysalambriaCurvirostris,Trachysalambria curvirostris,Invertebrate,7,0.895602006
Base,19,TrachysalambriaCurvirostris,Trachysalambria curvirostris,Invertebrate,7,0.861645397
Base,20,TrachysalambriaCurvirostris,Trachysalambria curvirostris,Invertebrate,7,0.790657968666667
Base,21,TrachysalambriaCurvirostris,Trachysalambria curvirostris,Invertebrate,7,0.860563945666667
Base,22,TrachysalambriaCurvirostris,Trachysalambria curvirostris,Invertebrate,7,0.810415114
Base,23,TrachysalambriaCurvirostris,Trachysalambria curvirostris,Invertebrate,7,0.849847793
Base,24,TrachysalambriaCurvirostris,Trachysalambria curvirostris,Invertebrate,7,0.849959631666667
Base,25,TrachysalambriaCurvirostris,Trachysalambria curvirostris,Invertebrate,7,0.872197868666667
Base,26,TrachysalambriaCurvirostris,Trachysalambria curvirostris,Invertebrate,7,0.890463502666667
Base,27,TrachysalambriaCurvirostris,Trachysalambria curvirostris,Invertebrate,7,0.925358664666667
Base,28,TrachysalambriaCurvirostris,Trachysalambria curvirostris,Invertebrate,7,0.847939330666667
Base,29,TrachysalambriaCurvirostris,Trachysalambria curvirostris,Invertebrate,7,0.826998460666667
Base,30,TrachysalambriaCurvirostris,Trachysalambria curvirostris,Invertebrate,7,0.836691031
Base,31,TrachysalambriaCurvirostris,Trachysalambria curvirostris,Invertebrate,7,0.905285892333333
Base,32,TrachysalambriaCurvirostris,Trachysalambria curvirostris,Invertebrate,7,0.951942678666667
Base,33,TrachysalambriaCurvirostris,Trachysalambria curvirostris,Invertebrate,7,0.893703464
Base,34,TrachysalambriaCurvirostris,Trachysalambria curvirostris,Invertebrate,7,0.925201023666667
Base,35,TrachysalambriaCurvirostris,Trachysalambria curvirostris,Invertebrate,7,0.909620423666667
Base,36,TrachysalambriaCurvirostris,Trachysalambria curvirostris,Invertebrate,7,0.903445844666667
Base,37,TrachysalambriaCurvirostris,Trachysalambria curvirostris,Invertebrate,7,0.860086145666667
Base,38,TrachysalambriaCurvirostris,Trachysalambria curvirostris,Invertebrate,7,0.855112897
Base,39,TrachysalambriaCurvirostris,Trachysalambria curvirostris,Invertebrate,7,0.865058797333333
Base,40,TrachysalambriaCurvirostris,Trachysalambria curvirostris,Invertebrate,7,0.795803364333333
Base,41,TrachysalambriaCurvirostris,Trachysalambria curvirostris,Invertebrate,7,0.822937460666667
Base,42,TrachysalambriaCurvirostris,Trachysalambria curvirostris,Invertebrate,7,0.852041964666667
Base,43,TrachysalambriaCurvirostris,Trachysalambria curvirostris,Invertebrate,7,0.808867961
Base,44,TrachysalambriaCurvirostris,Trachysalambria curvirostris,Invertebrate,7,0.773454755333333
Base,45,TrachysalambriaCurvirostris,Trachysalambria curvirostris,Invertebrate,7,0.845376871
Base,46,TrachysalambriaCurvirostris,Trachysalambria curvirostris,Invertebrate,7,0.846113296333333
Base,47,TrachysalambriaCurvirostris,Trachysalambria curvirostris,Invertebrate,7,0.838556586333333
Base,48,TrachysalambriaCurvirostris,Trachysalambria curvirostris,Invertebrate,7,0.871028878
Base,49,TrachysalambriaCurvirostris,Trachysalambria curvirostris,Invertebrate,7,0.807179184
Base,50,TrachysalambriaCurvirostris,Trachysalambria curvirostris,Invertebrate,7,0.888369612666667
Base,51,TrachysalambriaCurvirostris,Trachysalambria curvirostris,Invertebrate,7,0.896161921333333
Base,52,TrachysalambriaCurvirostris,Trachysalambria curvirostris,Invertebrate,7,0.867020538333333
Base,53,TrachysalambriaCurvirostris,Trachysalambria curvirostris,Invertebrate,7,0.846709103333333
Base,54,TrachysalambriaCurvirostris,Trachysalambria curvirostris,Invertebrate,7,0.871738617
Base,55,TrachysalambriaCurvirostris,Trachysalambria curvirostris,Invertebrate,7,0.958693031
Base,56,TrachysalambriaCurvirostris,Trachysalambria curvirostris,Invertebrate,7,0.842741820666667
Base,57,TrachysalambriaCurvirostris,Trachysalambria curvirostris,Invertebrate,7,0.868466376333333
Base,58,TrachysalambriaCurvirostris,Trachysalambria curvirostris,Invertebrate,7,0.946508387666667
Base,59,TrachysalambriaCurvirostris,Trachysalambria curvirostris,Invertebrate,7,0.914768363
Base,60,TrachysalambriaCurvirostris,Trachysalambria curvirostris,Invertebrate,7,0.881611159333333
Base,61,TrachysalambriaCurvirostris,Trachysalambria curvirostris,Invertebrate,7,0.875561975
Base,62,TrachysalambriaCurvirostris,Trachysalambria curvirostris,Invertebrate,7,0.913628895333333
Base,63,TrachysalambriaCurvirostris,Trachysalambria curvirostris,Invertebrate,7,0.962373909
Base,64,TrachysalambriaCurvirostris,Trachysalambria curvirostris,Invertebrate,7,0.876611827666667
Base,65,TrachysalambriaCurvirostris,Trachysalambria curvirostris,Invertebrate,7,0.907196213333333
Base,66,TrachysalambriaCurvirostris,Trachysalambria curvirostris,Invertebrate,7,0.894307408333333
Base,67,TrachysalambriaCurvirostris,Trachysalambria curvirostris,Invertebrate,7,0.814905462
Base,68,TrachysalambriaCurvirostris,Trachysalambria curvirostris,Invertebrate,7,0.887810546333333
Base,69,TrachysalambriaCurvirostris,Trachysalambria curvirostris,Invertebrate,7,0.884142459666667
Base,70,TrachysalambriaCurvirostris,Trachysalambria curvirostris,Invertebrate,7,0.909349039
Base,71,TrachysalambriaCurvirostris,Trachysalambria curvirostris,Invertebrate,7,0.868757698666667
Base,72,TrachysalambriaCurvirostris,Trachysalambria curvirostris,Invertebrate,7,0.914111915666667
Base,73,TrachysalambriaCurvirostris,Trachysalambria curvirostris,Invertebrate,7,0.929478579666667
Base,74,TrachysalambriaCurvirostris,Trachysalambria curvirostris,Invertebrate,7,0.912130206666667
Base,75,TrachysalambriaCurvirostris,Trachysalambria curvirostris,Invertebrate,7,0.917755318666667
Base,76,TrachysalambriaCurvirostris,Trachysalambria curvirostris,Invertebrate,7,0.953213879
Base,77,TrachysalambriaCurvirostris,Trachysalambria curvirostris,Invertebrate,7,0.831647935666667
Base,78,TrachysalambriaCurvirostris,Trachysalambria curvirostris,Invertebrate,7,0.892472762666667
Base,79,TrachysalambriaCurvirostris,Trachysalambria curvirostris,Invertebrate,7,0.816536719666667
Base,80,TrachysalambriaCurvirostris,Trachysalambria curvirostris,Invertebrate,7,0.83644801
Base,81,TrachysalambriaCurvirostris,Trachysalambria curvirostris,Invertebrate,7,0.891419282666667
Base,82,TrachysalambriaCurvirostris,Trachysalambria curvirostris,Invertebrate,7,0.917309387666667
Base,83,TrachysalambriaCurvirostris,Trachysalambria curvirostris,Invertebrate,7,0.90673113
Base,84,TrachysalambriaCurvirostris,Trachysalambria curvirostris,Invertebrate,7,0.888529265666667
Base,85,TrachysalambriaCurvirostris,Trachysalambria curvirostris,Invertebrate,7,0.907474995
Base,86,TrachysalambriaCurvirostris,Trachysalambria curvirostris,Invertebrate,7,0.861681451
Base,87,TrachysalambriaCurvirostris,Trachysalambria curvirostris,Invertebrate,7,0.842404460666667
Base,88,TrachysalambriaCurvirostris,Trachysalambria curvirostris,Invertebrate,7,0.888773153666667
Base,89,TrachysalambriaCurvirostris,Trachysalambria curvirostris,Invertebrate,7,0.878417173666667
Base,90,TrachysalambriaCurvirostris,Trachysalambria curvirostris,Invertebrate,7,0.890576051666667
Base,91,TrachysalambriaCurvirostris,Trachysalambria curvirostris,Invertebrate,7,0.877503833666667
Base,92,TrachysalambriaCurvirostris,Trachysalambria curvirostris,Invertebrate,7,0.903259323333333
Base,93,TrachysalambriaCurvirostris,Trachysalambria curvirostris,Invertebrate,7,0.911370011666667
Base,94,TrachysalambriaCurvirostris,Trachysalambria curvirostris,Invertebrate,7,0.828640687666667
Base,95,TrachysalambriaCurvirostris,Trachysalambria curvirostris,Invertebrate,7,0.952774690333333
Base,96,TrachysalambriaCurvirostris,Trachysalambria curvirostris,Invertebrate,7,0.882165356
Base,97,TrachysalambriaCurvirostris,Trachysalambria curvirostris,Invertebrate,7,0.900616399666667
Base,98,TrachysalambriaCurvirostris,Trachysalambria curvirostris,Invertebrate,7,0.914253954
Base,99,TrachysalambriaCurvirostris,Trachysalambria curvirostris,Invertebrate,7,0.826189129666667
Base,100,TrachysalambriaCurvirostris,Trachysalambria curvirostris,Invertebrate,7,0.975459356333333
Base,1,PortunusTrituberculatus,Portunus trituberculatus,Invertebrate,8,0.966854065
Base,2,PortunusTrituberculatus,Portunus trituberculatus,Invertebrate,8,1.00100469733333
Base,3,PortunusTrituberculatus,Portunus trituberculatus,Invertebrate,8,0.981786852
Base,4,PortunusTrituberculatus,Portunus trituberculatus,Invertebrate,8,1.001619428
Base,5,PortunusTrituberculatus,Portunus trituberculatus,Invertebrate,8,1.01715333433333
Base,6,PortunusTrituberculatus,Portunus trituberculatus,Invertebrate,8,0.949793831666667
Base,7,PortunusTrituberculatus,Portunus trituberculatus,Invertebrate,8,1.016143821
Base,8,PortunusTrituberculatus,Portunus trituberculatus,Invertebrate,8,0.997156671666667
Base,9,PortunusTrituberculatus,Portunus trituberculatus,Invertebrate,8,1.00957637966667
Base,10,PortunusTrituberculatus,Portunus trituberculatus,Invertebrate,8,1.02709365866667
Base,11,PortunusTrituberculatus,Portunus trituberculatus,Invertebrate,8,0.971551414
Base,12,PortunusTrituberculatus,Portunus trituberculatus,Invertebrate,8,1.00762666133333
Base,13,PortunusTrituberculatus,Portunus trituberculatus,Invertebrate,8,0.986245115333333
Base,14,PortunusTrituberculatus,Portunus trituberculatus,Invertebrate,8,0.956663725333333
Base,15,PortunusTrituberculatus,Portunus trituberculatus,Invertebrate,8,1.013812913
Base,16,PortunusTrituberculatus,Portunus trituberculatus,Invertebrate,8,1.01889323133333
Base,17,PortunusTrituberculatus,Portunus trituberculatus,Invertebrate,8,1.01854399066667
Base,18,PortunusTrituberculatus,Portunus trituberculatus,Invertebrate,8,1.01424164666667
Base,19,PortunusTrituberculatus,Portunus trituberculatus,Invertebrate,8,0.996521171
Base,20,PortunusTrituberculatus,Portunus trituberculatus,Invertebrate,8,0.970201942666667
Base,21,PortunusTrituberculatus,Portunus trituberculatus,Invertebrate,8,0.972745576333333
Base,22,PortunusTrituberculatus,Portunus trituberculatus,Invertebrate,8,0.944649652666667
Base,23,PortunusTrituberculatus,Portunus trituberculatus,Invertebrate,8,0.971022496333333
Base,24,PortunusTrituberculatus,Portunus trituberculatus,Invertebrate,8,1.016826638
Base,25,PortunusTrituberculatus,Portunus trituberculatus,Invertebrate,8,0.966994433
Base,26,PortunusTrituberculatus,Portunus trituberculatus,Invertebrate,8,1.032472798
Base,27,PortunusTrituberculatus,Portunus trituberculatus,Invertebrate,8,0.984958150666667
Base,28,PortunusTrituberculatus,Portunus trituberculatus,Invertebrate,8,1.014895552
Base,29,PortunusTrituberculatus,Portunus trituberculatus,Invertebrate,8,0.981206045666667
Base,30,PortunusTrituberculatus,Portunus trituberculatus,Invertebrate,8,1.03296650566667
Base,31,PortunusTrituberculatus,Portunus trituberculatus,Invertebrate,8,1.00662849
Base,32,PortunusTrituberculatus,Portunus trituberculatus,Invertebrate,8,1.034371301
Base,33,PortunusTrituberculatus,Portunus trituberculatus,Invertebrate,8,0.996363665
Base,34,PortunusTrituberculatus,Portunus trituberculatus,Invertebrate,8,0.980834085333333
Base,35,PortunusTrituberculatus,Portunus trituberculatus,Invertebrate,8,1.04286203133333
Base,36,PortunusTrituberculatus,Portunus trituberculatus,Invertebrate,8,0.976012433333333
Base,37,PortunusTrituberculatus,Portunus trituberculatus,Invertebrate,8,1.03317428766667
Base,38,PortunusTrituberculatus,Portunus trituberculatus,Invertebrate,8,0.975084876
Base,39,PortunusTrituberculatus,Portunus trituberculatus,Invertebrate,8,0.969724202666667
Base,40,PortunusTrituberculatus,Portunus trituberculatus,Invertebrate,8,0.967082192
Base,41,PortunusTrituberculatus,Portunus trituberculatus,Invertebrate,8,1.00646941333333
Base,42,PortunusTrituberculatus,Portunus trituberculatus,Invertebrate,8,1.03649345333333
Base,43,PortunusTrituberculatus,Portunus trituberculatus,Invertebrate,8,1.00182324433333
Base,44,PortunusTrituberculatus,Portunus trituberculatus,Invertebrate,8,1.00799397
Base,45,PortunusTrituberculatus,Portunus trituberculatus,Invertebrate,8,0.979225898333333
Base,46,PortunusTrituberculatus,Portunus trituberculatus,Invertebrate,8,1.00156925033333
Base,47,PortunusTrituberculatus,Portunus trituberculatus,Invertebrate,8,0.963405135333333
Base,48,PortunusTrituberculatus,Portunus trituberculatus,Invertebrate,8,1.01364300566667
Base,49,PortunusTrituberculatus,Portunus trituberculatus,Invertebrate,8,0.989465936
Base,50,PortunusTrituberculatus,Portunus trituberculatus,Invertebrate,8,1.01890216
Base,51,PortunusTrituberculatus,Portunus trituberculatus,Invertebrate,8,1.034012481
Base,52,PortunusTrituberculatus,Portunus trituberculatus,Invertebrate,8,1.00368652633333
Base,53,PortunusTrituberculatus,Portunus trituberculatus,Invertebrate,8,0.995241060333333
Base,54,PortunusTrituberculatus,Portunus trituberculatus,Invertebrate,8,0.991170582333333
Base,55,PortunusTrituberculatus,Portunus trituberculatus,Invertebrate,8,1.01167052766667
Base,56,PortunusTrituberculatus,Portunus trituberculatus,Invertebrate,8,1.01978846
Base,57,PortunusTrituberculatus,Portunus trituberculatus,Invertebrate,8,1.00917232266667
Base,58,PortunusTrituberculatus,Portunus trituberculatus,Invertebrate,8,1.02323807166667
Base,59,PortunusTrituberculatus,Portunus trituberculatus,Invertebrate,8,0.989435132
Base,60,PortunusTrituberculatus,Portunus trituberculatus,Invertebrate,8,1.05411158533333
Base,61,PortunusTrituberculatus,Portunus trituberculatus,Invertebrate,8,1.009230785
Base,62,PortunusTrituberculatus,Portunus trituberculatus,Invertebrate,8,0.99489919
Base,63,PortunusTrituberculatus,Portunus trituberculatus,Invertebrate,8,0.944875209666667
Base,64,PortunusTrituberculatus,Portunus trituberculatus,Invertebrate,8,0.990882676
Base,65,PortunusTrituberculatus,Portunus trituberculatus,Invertebrate,8,1.05536813466667
Base,66,PortunusTrituberculatus,Portunus trituberculatus,Invertebrate,8,0.974984112333333
Base,67,PortunusTrituberculatus,Portunus trituberculatus,Invertebrate,8,1.044569573
Base,68,PortunusTrituberculatus,Portunus trituberculatus,Invertebrate,8,1.003609397
Base,69,PortunusTrituberculatus,Portunus trituberculatus,Invertebrate,8,1.02545609133333
Base,70,PortunusTrituberculatus,Portunus trituberculatus,Invertebrate,8,1.01284436833333
Base,71,PortunusTrituberculatus,Portunus trituberculatus,Invertebrate,8,1.01252000266667
Base,72,PortunusTrituberculatus,Portunus trituberculatus,Invertebrate,8,0.996142998
Base,73,PortunusTrituberculatus,Portunus trituberculatus,Invertebrate,8,0.966570602
Base,74,PortunusTrituberculatus,Portunus trituberculatus,Invertebrate,8,0.945235624333333
Base,75,PortunusTrituberculatus,Portunus trituberculatus,Invertebrate,8,0.993625893333333
Base,76,PortunusTrituberculatus,Portunus trituberculatus,Invertebrate,8,1.031101611
Base,77,PortunusTrituberculatus,Portunus trituberculatus,Invertebrate,8,1.00508263233333
Base,78,PortunusTrituberculatus,Portunus trituberculatus,Invertebrate,8,1.00802679433333
Base,79,PortunusTrituberculatus,Portunus trituberculatus,Invertebrate,8,1.05644526466667
Base,80,PortunusTrituberculatus,Portunus trituberculatus,Invertebrate,8,0.984529439666667
Base,81,PortunusTrituberculatus,Portunus trituberculatus,Invertebrate,8,0.971082886666667
Base,82,PortunusTrituberculatus,Portunus trituberculatus,Invertebrate,8,0.994824246333333
Base,83,PortunusTrituberculatus,Portunus trituberculatus,Invertebrate,8,0.982824439
Base,84,PortunusTrituberculatus,Portunus trituberculatus,Invertebrate,8,0.979975643666667
Base,85,PortunusTrituberculatus,Portunus trituberculatus,Invertebrate,8,1.043370467
Base,86,PortunusTrituberculatus,Portunus trituberculatus,Invertebrate,8,1.05550025933333
Base,87,PortunusTrituberculatus,Portunus trituberculatus,Invertebrate,8,0.936416410333333
Base,88,PortunusTrituberculatus,Portunus trituberculatus,Invertebrate,8,1.02573039466667
Base,89,PortunusTrituberculatus,Portunus trituberculatus,Invertebrate,8,0.971973573666667
Base,90,PortunusTrituberculatus,Portunus trituberculatus,Invertebrate,8,0.949840682333333
Base,91,PortunusTrituberculatus,Portunus trituberculatus,Invertebrate,8,0.995327765333333
Base,92,PortunusTrituberculatus,Portunus trituberculatus,Invertebrate,8,0.985443367666667
Base,93,PortunusTrituberculatus,Portunus trituberculatus,Invertebrate,8,1.021049644
Base,94,PortunusTrituberculatus,Portunus trituberculatus,Invertebrate,8,0.985333870333333
Base,95,PortunusTrituberculatus,Portunus trituberculatus,Invertebrate,8,1.03552977466667
Base,96,PortunusTrituberculatus,Portunus trituberculatus,Invertebrate,8,0.966715558333333
Base,97,PortunusTrituberculatus,Portunus trituberculatus,Invertebrate,8,0.968803428
Base,98,PortunusTrituberculatus,Portunus trituberculatus,Invertebrate,8,0.993066108333333
Base,99,PortunusTrituberculatus,Portunus trituberculatus,Invertebrate,8,0.962211814333333
Base,100,PortunusTrituberculatus,Portunus trituberculatus,Invertebrate,8,1.01205084566667
Base,1,ScomberJaponicus,Scomber japonicus,Mid-trophic species,9,0.800079604
Base,2,ScomberJaponicus,Scomber japonicus,Mid-trophic species,9,0.804651471333333
Base,3,ScomberJaponicus,Scomber japonicus,Mid-trophic species,9,0.793514331
Base,4,ScomberJaponicus,Scomber japonicus,Mid-trophic species,9,0.797974652333333
Base,5,ScomberJaponicus,Scomber japonicus,Mid-trophic species,9,0.801841433666667
Base,6,ScomberJaponicus,Scomber japonicus,Mid-trophic species,9,0.803236735333334
Base,7,ScomberJaponicus,Scomber japonicus,Mid-trophic species,9,0.801455990333333
Base,8,ScomberJaponicus,Scomber japonicus,Mid-trophic species,9,0.803138435
Base,9,ScomberJaponicus,Scomber japonicus,Mid-trophic species,9,0.789186709333333
Base,10,ScomberJaponicus,Scomber japonicus,Mid-trophic species,9,0.803775951666667
Base,11,ScomberJaponicus,Scomber japonicus,Mid-trophic species,9,0.794055074333333
Base,12,ScomberJaponicus,Scomber japonicus,Mid-trophic species,9,0.795438781
Base,13,ScomberJaponicus,Scomber japonicus,Mid-trophic species,9,0.797449556666667
Base,14,ScomberJaponicus,Scomber japonicus,Mid-trophic species,9,0.794062599333333
Base,15,ScomberJaponicus,Scomber japonicus,Mid-trophic species,9,0.798315369
Base,16,ScomberJaponicus,Scomber japonicus,Mid-trophic species,9,0.798152177
Base,17,ScomberJaponicus,Scomber japonicus,Mid-trophic species,9,0.796957586333333
Base,18,ScomberJaponicus,Scomber japonicus,Mid-trophic species,9,0.801720478666667
Base,19,ScomberJaponicus,Scomber japonicus,Mid-trophic species,9,0.795253164
Base,20,ScomberJaponicus,Scomber japonicus,Mid-trophic species,9,0.791190061
Base,21,ScomberJaponicus,Scomber japonicus,Mid-trophic species,9,0.802708861333333
Base,22,ScomberJaponicus,Scomber japonicus,Mid-trophic species,9,0.797572329
Base,23,ScomberJaponicus,Scomber japonicus,Mid-trophic species,9,0.804945319666667
Base,24,ScomberJaponicus,Scomber japonicus,Mid-trophic species,9,0.800978116666667
Base,25,ScomberJaponicus,Scomber japonicus,Mid-trophic species,9,0.795774296666667
Base,26,ScomberJaponicus,Scomber japonicus,Mid-trophic species,9,0.802267629
Base,27,ScomberJaponicus,Scomber japonicus,Mid-trophic species,9,0.804948111333333
Base,28,ScomberJaponicus,Scomber japonicus,Mid-trophic species,9,0.799495656666667
Base,29,ScomberJaponicus,Scomber japonicus,Mid-trophic species,9,0.797108247666667
Base,30,ScomberJaponicus,Scomber japonicus,Mid-trophic species,9,0.801422477666667
Base,31,ScomberJaponicus,Scomber japonicus,Mid-trophic species,9,0.795597513
Base,32,ScomberJaponicus,Scomber japonicus,Mid-trophic species,9,0.797960575333333
Base,33,ScomberJaponicus,Scomber japonicus,Mid-trophic species,9,0.795268736
Base,34,ScomberJaponicus,Scomber japonicus,Mid-trophic species,9,0.799223558
Base,35,ScomberJaponicus,Scomber japonicus,Mid-trophic species,9,0.7946734
Base,36,ScomberJaponicus,Scomber japonicus,Mid-trophic species,9,0.794461332
Base,37,ScomberJaponicus,Scomber japonicus,Mid-trophic species,9,0.796642413333333
Base,38,ScomberJaponicus,Scomber japonicus,Mid-trophic species,9,0.793406792333333
Base,39,ScomberJaponicus,Scomber japonicus,Mid-trophic species,9,0.796123117333333
Base,40,ScomberJaponicus,Scomber japonicus,Mid-trophic species,9,0.804170784666667
Base,41,ScomberJaponicus,Scomber japonicus,Mid-trophic species,9,0.801869713333333
Base,42,ScomberJaponicus,Scomber japonicus,Mid-trophic species,9,0.797842234666667
Base,43,ScomberJaponicus,Scomber japonicus,Mid-trophic species,9,0.801314365666667
Base,44,ScomberJaponicus,Scomber japonicus,Mid-trophic species,9,0.79121142
Base,45,ScomberJaponicus,Scomber japonicus,Mid-trophic species,9,0.800297116333333
Base,46,ScomberJaponicus,Scomber japonicus,Mid-trophic species,9,0.794684341333333
Base,47,ScomberJaponicus,Scomber japonicus,Mid-trophic species,9,0.801144581
Base,48,ScomberJaponicus,Scomber japonicus,Mid-trophic species,9,0.792549564
Base,49,ScomberJaponicus,Scomber japonicus,Mid-trophic species,9,0.802202554333333
Base,50,ScomberJaponicus,Scomber japonicus,Mid-trophic species,9,0.799887547333333
Base,51,ScomberJaponicus,Scomber japonicus,Mid-trophic species,9,0.795588879333333
Base,52,ScomberJaponicus,Scomber japonicus,Mid-trophic species,9,0.800684227
Base,53,ScomberJaponicus,Scomber japonicus,Mid-trophic species,9,0.789382182333333
Base,54,ScomberJaponicus,Scomber japonicus,Mid-trophic species,9,0.7938642
Base,55,ScomberJaponicus,Scomber japonicus,Mid-trophic species,9,0.801704774
Base,56,ScomberJaponicus,Scomber japonicus,Mid-trophic species,9,0.795448844333333
Base,57,ScomberJaponicus,Scomber japonicus,Mid-trophic species,9,0.799464518
Base,58,ScomberJaponicus,Scomber japonicus,Mid-trophic species,9,0.797958365333333
Base,59,ScomberJaponicus,Scomber japonicus,Mid-trophic species,9,0.796713086666667
Base,60,ScomberJaponicus,Scomber japonicus,Mid-trophic species,9,0.802705769
Base,61,ScomberJaponicus,Scomber japonicus,Mid-trophic species,9,0.797881123666667
Base,62,ScomberJaponicus,Scomber japonicus,Mid-trophic species,9,0.795615393
Base,63,ScomberJaponicus,Scomber japonicus,Mid-trophic species,9,0.80515285
Base,64,ScomberJaponicus,Scomber japonicus,Mid-trophic species,9,0.803169591333333
Base,65,ScomberJaponicus,Scomber japonicus,Mid-trophic species,9,0.805461256
Base,66,ScomberJaponicus,Scomber japonicus,Mid-trophic species,9,0.800600613
Base,67,ScomberJaponicus,Scomber japonicus,Mid-trophic species,9,0.799065524
Base,68,ScomberJaponicus,Scomber japonicus,Mid-trophic species,9,0.798143064666667
Base,69,ScomberJaponicus,Scomber japonicus,Mid-trophic species,9,0.792156663333333
Base,70,ScomberJaponicus,Scomber japonicus,Mid-trophic species,9,0.797738201333333
Base,71,ScomberJaponicus,Scomber japonicus,Mid-trophic species,9,0.796499260666667
Base,72,ScomberJaponicus,Scomber japonicus,Mid-trophic species,9,0.792948475333333
Base,73,ScomberJaponicus,Scomber japonicus,Mid-trophic species,9,0.799385864333333
Base,74,ScomberJaponicus,Scomber japonicus,Mid-trophic species,9,0.800374412666667
Base,75,ScomberJaponicus,Scomber japonicus,Mid-trophic species,9,0.799372748
Base,76,ScomberJaponicus,Scomber japonicus,Mid-trophic species,9,0.800055508
Base,77,ScomberJaponicus,Scomber japonicus,Mid-trophic species,9,0.801932848
Base,78,ScomberJaponicus,Scomber japonicus,Mid-trophic species,9,0.798818564666667
Base,79,ScomberJaponicus,Scomber japonicus,Mid-trophic species,9,0.797221654
Base,80,ScomberJaponicus,Scomber japonicus,Mid-trophic species,9,0.800029662666667
Base,81,ScomberJaponicus,Scomber japonicus,Mid-trophic species,9,0.811634664666667
Base,82,ScomberJaponicus,Scomber japonicus,Mid-trophic species,9,0.797674359333333
Base,83,ScomberJaponicus,Scomber japonicus,Mid-trophic species,9,0.794406385333333
Base,84,ScomberJaponicus,Scomber japonicus,Mid-trophic species,9,0.801475781
Base,85,ScomberJaponicus,Scomber japonicus,Mid-trophic species,9,0.794013527666667
Base,86,ScomberJaponicus,Scomber japonicus,Mid-trophic species,9,0.797457637333333
Base,87,ScomberJaponicus,Scomber japonicus,Mid-trophic species,9,0.791516398666667
Base,88,ScomberJaponicus,Scomber japonicus,Mid-trophic species,9,0.796141940666667
Base,89,ScomberJaponicus,Scomber japonicus,Mid-trophic species,9,0.800866242
Base,90,ScomberJaponicus,Scomber japonicus,Mid-trophic species,9,0.801041136333333
Base,91,ScomberJaponicus,Scomber japonicus,Mid-trophic species,9,0.793242611333333
Base,92,ScomberJaponicus,Scomber japonicus,Mid-trophic species,9,0.797848883333333
Base,93,ScomberJaponicus,Scomber japonicus,Mid-trophic species,9,0.802331951
Base,94,ScomberJaponicus,Scomber japonicus,Mid-trophic species,9,0.806208327333333
Base,95,ScomberJaponicus,Scomber japonicus,Mid-trophic species,9,0.797210515
Base,96,ScomberJaponicus,Scomber japonicus,Mid-trophic species,9,0.792451655
Base,97,ScomberJaponicus,Scomber japonicus,Mid-trophic species,9,0.805455507666667
Base,98,ScomberJaponicus,Scomber japonicus,Mid-trophic species,9,0.795506917666667
Base,99,ScomberJaponicus,Scomber japonicus,Mid-trophic species,9,0.797612953333333
Base,100,ScomberJaponicus,Scomber japonicus,Mid-trophic species,9,0.790273417666667
Base,1,DecapterusMaruadsi,Decapterus maruadsi,Mid-trophic species,10,0.538637438
Base,2,DecapterusMaruadsi,Decapterus maruadsi,Mid-trophic species,10,0.547343033333333
Base,3,DecapterusMaruadsi,Decapterus maruadsi,Mid-trophic species,10,0.547059568666667
Base,4,DecapterusMaruadsi,Decapterus maruadsi,Mid-trophic species,10,0.54624402
Base,5,DecapterusMaruadsi,Decapterus maruadsi,Mid-trophic species,10,0.541129636666667
Base,6,DecapterusMaruadsi,Decapterus maruadsi,Mid-trophic species,10,0.542080768
Base,7,DecapterusMaruadsi,Decapterus maruadsi,Mid-trophic species,10,0.545040077
Base,8,DecapterusMaruadsi,Decapterus maruadsi,Mid-trophic species,10,0.546893335666667
Base,9,DecapterusMaruadsi,Decapterus maruadsi,Mid-trophic species,10,0.542679537333333
Base,10,DecapterusMaruadsi,Decapterus maruadsi,Mid-trophic species,10,0.542754503
Base,11,DecapterusMaruadsi,Decapterus maruadsi,Mid-trophic species,10,0.540183060333333
Base,12,DecapterusMaruadsi,Decapterus maruadsi,Mid-trophic species,10,0.553562027
Base,13,DecapterusMaruadsi,Decapterus maruadsi,Mid-trophic species,10,0.540171258333333
Base,14,DecapterusMaruadsi,Decapterus maruadsi,Mid-trophic species,10,0.534527203666667
Base,15,DecapterusMaruadsi,Decapterus maruadsi,Mid-trophic species,10,0.543171984
Base,16,DecapterusMaruadsi,Decapterus maruadsi,Mid-trophic species,10,0.541179087333333
Base,17,DecapterusMaruadsi,Decapterus maruadsi,Mid-trophic species,10,0.543588554333333
Base,18,DecapterusMaruadsi,Decapterus maruadsi,Mid-trophic species,10,0.541469615666667
Base,19,DecapterusMaruadsi,Decapterus maruadsi,Mid-trophic species,10,0.543248269
Base,20,DecapterusMaruadsi,Decapterus maruadsi,Mid-trophic species,10,0.538361179
Base,21,DecapterusMaruadsi,Decapterus maruadsi,Mid-trophic species,10,0.539611591666667
Base,22,DecapterusMaruadsi,Decapterus maruadsi,Mid-trophic species,10,0.545857483
Base,23,DecapterusMaruadsi,Decapterus maruadsi,Mid-trophic species,10,0.540415985
Base,24,DecapterusMaruadsi,Decapterus maruadsi,Mid-trophic species,10,0.538912626
Base,25,DecapterusMaruadsi,Decapterus maruadsi,Mid-trophic species,10,0.549945227666667
Base,26,DecapterusMaruadsi,Decapterus maruadsi,Mid-trophic species,10,0.538850924666667
Base,27,DecapterusMaruadsi,Decapterus maruadsi,Mid-trophic species,10,0.539942776
Base,28,DecapterusMaruadsi,Decapterus maruadsi,Mid-trophic species,10,0.546955669
Base,29,DecapterusMaruadsi,Decapterus maruadsi,Mid-trophic species,10,0.537058787666667
Base,30,DecapterusMaruadsi,Decapterus maruadsi,Mid-trophic species,10,0.549250949666667
Base,31,DecapterusMaruadsi,Decapterus maruadsi,Mid-trophic species,10,0.542444315666667
Base,32,DecapterusMaruadsi,Decapterus maruadsi,Mid-trophic species,10,0.543200264666667
Base,33,DecapterusMaruadsi,Decapterus maruadsi,Mid-trophic species,10,0.540194372666667
Base,34,DecapterusMaruadsi,Decapterus maruadsi,Mid-trophic species,10,0.541810128
Base,35,DecapterusMaruadsi,Decapterus maruadsi,Mid-trophic species,10,0.535464607
Base,36,DecapterusMaruadsi,Decapterus maruadsi,Mid-trophic species,10,0.541305210333333
Base,37,DecapterusMaruadsi,Decapterus maruadsi,Mid-trophic species,10,0.542319712333333
Base,38,DecapterusMaruadsi,Decapterus maruadsi,Mid-trophic species,10,0.542771336666667
Base,39,DecapterusMaruadsi,Decapterus maruadsi,Mid-trophic species,10,0.541041335666667
Base,40,DecapterusMaruadsi,Decapterus maruadsi,Mid-trophic species,10,0.5439333
Base,41,DecapterusMaruadsi,Decapterus maruadsi,Mid-trophic species,10,0.546661688333333
Base,42,DecapterusMaruadsi,Decapterus maruadsi,Mid-trophic species,10,0.542589544333333
Base,43,DecapterusMaruadsi,Decapterus maruadsi,Mid-trophic species,10,0.541698543666667
Base,44,DecapterusMaruadsi,Decapterus maruadsi,Mid-trophic species,10,0.541140011666667
Base,45,DecapterusMaruadsi,Decapterus maruadsi,Mid-trophic species,10,0.536214033666667
Base,46,DecapterusMaruadsi,Decapterus maruadsi,Mid-trophic species,10,0.538734305
Base,47,DecapterusMaruadsi,Decapterus maruadsi,Mid-trophic species,10,0.536871902333333
Base,48,DecapterusMaruadsi,Decapterus maruadsi,Mid-trophic species,10,0.540584560333333
Base,49,DecapterusMaruadsi,Decapterus maruadsi,Mid-trophic species,10,0.541144410666667
Base,50,DecapterusMaruadsi,Decapterus maruadsi,Mid-trophic species,10,0.538575209666667
Base,51,DecapterusMaruadsi,Decapterus maruadsi,Mid-trophic species,10,0.542401834666667
Base,52,DecapterusMaruadsi,Decapterus maruadsi,Mid-trophic species,10,0.545708492666667
Base,53,DecapterusMaruadsi,Decapterus maruadsi,Mid-trophic species,10,0.542633299666667
Base,54,DecapterusMaruadsi,Decapterus maruadsi,Mid-trophic species,10,0.536883650666667
Base,55,DecapterusMaruadsi,Decapterus maruadsi,Mid-trophic species,10,0.533595798
Base,56,DecapterusMaruadsi,Decapterus maruadsi,Mid-trophic species,10,0.538507393
Base,57,DecapterusMaruadsi,Decapterus maruadsi,Mid-trophic species,10,0.544729804333333
Base,58,DecapterusMaruadsi,Decapterus maruadsi,Mid-trophic species,10,0.536877006333333
Base,59,DecapterusMaruadsi,Decapterus maruadsi,Mid-trophic species,10,0.538799616666667
Base,60,DecapterusMaruadsi,Decapterus maruadsi,Mid-trophic species,10,0.539133546666667
Base,61,DecapterusMaruadsi,Decapterus maruadsi,Mid-trophic species,10,0.546068332
Base,62,DecapterusMaruadsi,Decapterus maruadsi,Mid-trophic species,10,0.543345860333333
Base,63,DecapterusMaruadsi,Decapterus maruadsi,Mid-trophic species,10,0.542880508333333
Base,64,DecapterusMaruadsi,Decapterus maruadsi,Mid-trophic species,10,0.537666906666667
Base,65,DecapterusMaruadsi,Decapterus maruadsi,Mid-trophic species,10,0.547565945666667
Base,66,DecapterusMaruadsi,Decapterus maruadsi,Mid-trophic species,10,0.541903898333333
Base,67,DecapterusMaruadsi,Decapterus maruadsi,Mid-trophic species,10,0.541134332333333
Base,68,DecapterusMaruadsi,Decapterus maruadsi,Mid-trophic species,10,0.545302239333333
Base,69,DecapterusMaruadsi,Decapterus maruadsi,Mid-trophic species,10,0.542350959
Base,70,DecapterusMaruadsi,Decapterus maruadsi,Mid-trophic species,10,0.547805510333333
Base,71,DecapterusMaruadsi,Decapterus maruadsi,Mid-trophic species,10,0.546127739666667
Base,72,DecapterusMaruadsi,Decapterus maruadsi,Mid-trophic species,10,0.545040392333333
Base,73,DecapterusMaruadsi,Decapterus maruadsi,Mid-trophic species,10,0.548440031666667
Base,74,DecapterusMaruadsi,Decapterus maruadsi,Mid-trophic species,10,0.544557511333333
Base,75,DecapterusMaruadsi,Decapterus maruadsi,Mid-trophic species,10,0.537771084666667
Base,76,DecapterusMaruadsi,Decapterus maruadsi,Mid-trophic species,10,0.538939381
Base,77,DecapterusMaruadsi,Decapterus maruadsi,Mid-trophic species,10,0.542772247666667
Base,78,DecapterusMaruadsi,Decapterus maruadsi,Mid-trophic species,10,0.539689475666667
Base,79,DecapterusMaruadsi,Decapterus maruadsi,Mid-trophic species,10,0.541265111666667
Base,80,DecapterusMaruadsi,Decapterus maruadsi,Mid-trophic species,10,0.543936097
Base,81,DecapterusMaruadsi,Decapterus maruadsi,Mid-trophic species,10,0.540322404666667
Base,82,DecapterusMaruadsi,Decapterus maruadsi,Mid-trophic species,10,0.544786707333333
Base,83,DecapterusMaruadsi,Decapterus maruadsi,Mid-trophic species,10,0.542701191333333
Base,84,DecapterusMaruadsi,Decapterus maruadsi,Mid-trophic species,10,0.549063676666667
Base,85,DecapterusMaruadsi,Decapterus maruadsi,Mid-trophic species,10,0.540354006666667
Base,86,DecapterusMaruadsi,Decapterus maruadsi,Mid-trophic species,10,0.550378568
Base,87,DecapterusMaruadsi,Decapterus maruadsi,Mid-trophic species,10,0.540428888333333
Base,88,DecapterusMaruadsi,Decapterus maruadsi,Mid-trophic species,10,0.53631651
Base,89,DecapterusMaruadsi,Decapterus maruadsi,Mid-trophic species,10,0.538473254
Base,90,DecapterusMaruadsi,Decapterus maruadsi,Mid-trophic species,10,0.543531542666667
Base,91,DecapterusMaruadsi,Decapterus maruadsi,Mid-trophic species,10,0.543299098666667
Base,92,DecapterusMaruadsi,Decapterus maruadsi,Mid-trophic species,10,0.546774330666667
Base,93,DecapterusMaruadsi,Decapterus maruadsi,Mid-trophic species,10,0.548637394333333
Base,94,DecapterusMaruadsi,Decapterus maruadsi,Mid-trophic species,10,0.54104301
Base,95,DecapterusMaruadsi,Decapterus maruadsi,Mid-trophic species,10,0.537318029333333
Base,96,DecapterusMaruadsi,Decapterus maruadsi,Mid-trophic species,10,0.544872284666667
Base,97,DecapterusMaruadsi,Decapterus maruadsi,Mid-trophic species,10,0.547990263
Base,98,DecapterusMaruadsi,Decapterus maruadsi,Mid-trophic species,10,0.543787344333333
Base,99,DecapterusMaruadsi,Decapterus maruadsi,Mid-trophic species,10,0.541494404
Base,100,DecapterusMaruadsi,Decapterus maruadsi,Mid-trophic species,10,0.543460327333333
Base,1,PennahiaArgentata,Pennahia argentata,Mid-trophic species,11,0.603595326666667
Base,2,PennahiaArgentata,Pennahia argentata,Mid-trophic species,11,0.596561534333333
Base,3,PennahiaArgentata,Pennahia argentata,Mid-trophic species,11,0.602141954333333
Base,4,PennahiaArgentata,Pennahia argentata,Mid-trophic species,11,0.591873644333333
Base,5,PennahiaArgentata,Pennahia argentata,Mid-trophic species,11,0.585661184333333
Base,6,PennahiaArgentata,Pennahia argentata,Mid-trophic species,11,0.577164655666667
Base,7,PennahiaArgentata,Pennahia argentata,Mid-trophic species,11,0.595064210333333
Base,8,PennahiaArgentata,Pennahia argentata,Mid-trophic species,11,0.583067617
Base,9,PennahiaArgentata,Pennahia argentata,Mid-trophic species,11,0.587208883666667
Base,10,PennahiaArgentata,Pennahia argentata,Mid-trophic species,11,0.574915756333333
Base,11,PennahiaArgentata,Pennahia argentata,Mid-trophic species,11,0.594799579
Base,12,PennahiaArgentata,Pennahia argentata,Mid-trophic species,11,0.587146646333333
Base,13,PennahiaArgentata,Pennahia argentata,Mid-trophic species,11,0.587388192333333
Base,14,PennahiaArgentata,Pennahia argentata,Mid-trophic species,11,0.600180646333333
Base,15,PennahiaArgentata,Pennahia argentata,Mid-trophic species,11,0.582696429333333
Base,16,PennahiaArgentata,Pennahia argentata,Mid-trophic species,11,0.589871970333333
Base,17,PennahiaArgentata,Pennahia argentata,Mid-trophic species,11,0.602285403333333
Base,18,PennahiaArgentata,Pennahia argentata,Mid-trophic species,11,0.583281335
Base,19,PennahiaArgentata,Pennahia argentata,Mid-trophic species,11,0.589199556
Base,20,PennahiaArgentata,Pennahia argentata,Mid-trophic species,11,0.581650558
Base,21,PennahiaArgentata,Pennahia argentata,Mid-trophic species,11,0.588335765666667
Base,22,PennahiaArgentata,Pennahia argentata,Mid-trophic species,11,0.605981811333333
Base,23,PennahiaArgentata,Pennahia argentata,Mid-trophic species,11,0.593087438333333
Base,24,PennahiaArgentata,Pennahia argentata,Mid-trophic species,11,0.584592964666667
Base,25,PennahiaArgentata,Pennahia argentata,Mid-trophic species,11,0.590343982666667
Base,26,PennahiaArgentata,Pennahia argentata,Mid-trophic species,11,0.578138294333333
Base,27,PennahiaArgentata,Pennahia argentata,Mid-trophic species,11,0.594496763333333
Base,28,PennahiaArgentata,Pennahia argentata,Mid-trophic species,11,0.573868956
Base,29,PennahiaArgentata,Pennahia argentata,Mid-trophic species,11,0.597196295666667
Base,30,PennahiaArgentata,Pennahia argentata,Mid-trophic species,11,0.591498168666667
Base,31,PennahiaArgentata,Pennahia argentata,Mid-trophic species,11,0.594899851666667
Base,32,PennahiaArgentata,Pennahia argentata,Mid-trophic species,11,0.588966148666667
Base,33,PennahiaArgentata,Pennahia argentata,Mid-trophic species,11,0.606207244
Base,34,PennahiaArgentata,Pennahia argentata,Mid-trophic species,11,0.576232035333333
Base,35,PennahiaArgentata,Pennahia argentata,Mid-trophic species,11,0.580977824666667
Base,36,PennahiaArgentata,Pennahia argentata,Mid-trophic species,11,0.606520595
Base,37,PennahiaArgentata,Pennahia argentata,Mid-trophic species,11,0.584255538666667
Base,38,PennahiaArgentata,Pennahia argentata,Mid-trophic species,11,0.610164899333333
Base,39,PennahiaArgentata,Pennahia argentata,Mid-trophic species,11,0.583020981
Base,40,PennahiaArgentata,Pennahia argentata,Mid-trophic species,11,0.582707925333333
Base,41,PennahiaArgentata,Pennahia argentata,Mid-trophic species,11,0.589329849333333
Base,42,PennahiaArgentata,Pennahia argentata,Mid-trophic species,11,0.572473808666667
Base,43,PennahiaArgentata,Pennahia argentata,Mid-trophic species,11,0.580517533
Base,44,PennahiaArgentata,Pennahia argentata,Mid-trophic species,11,0.591815158333333
Base,45,PennahiaArgentata,Pennahia argentata,Mid-trophic species,11,0.603562860333333
Base,46,PennahiaArgentata,Pennahia argentata,Mid-trophic species,11,0.563481477666667
Base,47,PennahiaArgentata,Pennahia argentata,Mid-trophic species,11,0.603312427333333
Base,48,PennahiaArgentata,Pennahia argentata,Mid-trophic species,11,0.555121545666667
Base,49,PennahiaArgentata,Pennahia argentata,Mid-trophic species,11,0.597694092
Base,50,PennahiaArgentata,Pennahia argentata,Mid-trophic species,11,0.590508902333333
Base,51,PennahiaArgentata,Pennahia argentata,Mid-trophic species,11,0.590241596
Base,52,PennahiaArgentata,Pennahia argentata,Mid-trophic species,11,0.581166116
Base,53,PennahiaArgentata,Pennahia argentata,Mid-trophic species,11,0.588067505666667
Base,54,PennahiaArgentata,Pennahia argentata,Mid-trophic species,11,0.581975121
Base,55,PennahiaArgentata,Pennahia argentata,Mid-trophic species,11,0.579442906
Base,56,PennahiaArgentata,Pennahia argentata,Mid-trophic species,11,0.562883345
Base,57,PennahiaArgentata,Pennahia argentata,Mid-trophic species,11,0.598901525333333
Base,58,PennahiaArgentata,Pennahia argentata,Mid-trophic species,11,0.601297335
Base,59,PennahiaArgentata,Pennahia argentata,Mid-trophic species,11,0.596990784
Base,60,PennahiaArgentata,Pennahia argentata,Mid-trophic species,11,0.592777498666667
Base,61,PennahiaArgentata,Pennahia argentata,Mid-trophic species,11,0.591770777333333
Base,62,PennahiaArgentata,Pennahia argentata,Mid-trophic species,11,0.609540296333333
Base,63,PennahiaArgentata,Pennahia argentata,Mid-trophic species,11,0.589740385666667
Base,64,PennahiaArgentata,Pennahia argentata,Mid-trophic species,11,0.589626697666667
Base,65,PennahiaArgentata,Pennahia argentata,Mid-trophic species,11,0.583838786666667
Base,66,PennahiaArgentata,Pennahia argentata,Mid-trophic species,11,0.587027156
Base,67,PennahiaArgentata,Pennahia argentata,Mid-trophic species,11,0.586862925
Base,68,PennahiaArgentata,Pennahia argentata,Mid-trophic species,11,0.590515411666667
Base,69,PennahiaArgentata,Pennahia argentata,Mid-trophic species,11,0.601160444
Base,70,PennahiaArgentata,Pennahia argentata,Mid-trophic species,11,0.586133685
Base,71,PennahiaArgentata,Pennahia argentata,Mid-trophic species,11,0.608327900666667
Base,72,PennahiaArgentata,Pennahia argentata,Mid-trophic species,11,0.583355060666667
Base,73,PennahiaArgentata,Pennahia argentata,Mid-trophic species,11,0.595014078
Base,74,PennahiaArgentata,Pennahia argentata,Mid-trophic species,11,0.564265148333333
Base,75,PennahiaArgentata,Pennahia argentata,Mid-trophic species,11,0.589725618666667
Base,76,PennahiaArgentata,Pennahia argentata,Mid-trophic species,11,0.569629463333333
Base,77,PennahiaArgentata,Pennahia argentata,Mid-trophic species,11,0.585966868666667
Base,78,PennahiaArgentata,Pennahia argentata,Mid-trophic species,11,0.588536022333333
Base,79,PennahiaArgentata,Pennahia argentata,Mid-trophic species,11,0.578737164333333
Base,80,PennahiaArgentata,Pennahia argentata,Mid-trophic species,11,0.594621700666667
Base,81,PennahiaArgentata,Pennahia argentata,Mid-trophic species,11,0.587103534666667
Base,82,PennahiaArgentata,Pennahia argentata,Mid-trophic species,11,0.593251275333333
Base,83,PennahiaArgentata,Pennahia argentata,Mid-trophic species,11,0.602107737
Base,84,PennahiaArgentata,Pennahia argentata,Mid-trophic species,11,0.603885304
Base,85,PennahiaArgentata,Pennahia argentata,Mid-trophic species,11,0.579949580333333
Base,86,PennahiaArgentata,Pennahia argentata,Mid-trophic species,11,0.615955841333333
Base,87,PennahiaArgentata,Pennahia argentata,Mid-trophic species,11,0.604482447666667
Base,88,PennahiaArgentata,Pennahia argentata,Mid-trophic species,11,0.590055957333333
Base,89,PennahiaArgentata,Pennahia argentata,Mid-trophic species,11,0.610519424666667
Base,90,PennahiaArgentata,Pennahia argentata,Mid-trophic species,11,0.588151714
Base,91,PennahiaArgentata,Pennahia argentata,Mid-trophic species,11,0.592388011
Base,92,PennahiaArgentata,Pennahia argentata,Mid-trophic species,11,0.592604041333333
Base,93,PennahiaArgentata,Pennahia argentata,Mid-trophic species,11,0.595841737666667
Base,94,PennahiaArgentata,Pennahia argentata,Mid-trophic species,11,0.600603179
Base,95,PennahiaArgentata,Pennahia argentata,Mid-trophic species,11,0.556302962333333
Base,96,PennahiaArgentata,Pennahia argentata,Mid-trophic species,11,0.593006663666667
Base,97,PennahiaArgentata,Pennahia argentata,Mid-trophic species,11,0.604282814666667
Base,98,PennahiaArgentata,Pennahia argentata,Mid-trophic species,11,0.584791288
Base,99,PennahiaArgentata,Pennahia argentata,Mid-trophic species,11,0.611453334333333
Base,100,PennahiaArgentata,Pennahia argentata,Mid-trophic species,11,0.590981176
Base,1,PampusArgenteus,Pampus argenteus,Mid-trophic species,12,0.436767465666667
Base,2,PampusArgenteus,Pampus argenteus,Mid-trophic species,12,0.437555055666667
Base,3,PampusArgenteus,Pampus argenteus,Mid-trophic species,12,0.441034123
Base,4,PampusArgenteus,Pampus argenteus,Mid-trophic species,12,0.437095343666667
Base,5,PampusArgenteus,Pampus argenteus,Mid-trophic species,12,0.435676905
Base,6,PampusArgenteus,Pampus argenteus,Mid-trophic species,12,0.438998031666667
Base,7,PampusArgenteus,Pampus argenteus,Mid-trophic species,12,0.438215406333333
Base,8,PampusArgenteus,Pampus argenteus,Mid-trophic species,12,0.438489508333333
Base,9,PampusArgenteus,Pampus argenteus,Mid-trophic species,12,0.438195323333333
Base,10,PampusArgenteus,Pampus argenteus,Mid-trophic species,12,0.436330019666667
Base,11,PampusArgenteus,Pampus argenteus,Mid-trophic species,12,0.435295058666667
Base,12,PampusArgenteus,Pampus argenteus,Mid-trophic species,12,0.435132015
Base,13,PampusArgenteus,Pampus argenteus,Mid-trophic species,12,0.439569377
Base,14,PampusArgenteus,Pampus argenteus,Mid-trophic species,12,0.43966114
Base,15,PampusArgenteus,Pampus argenteus,Mid-trophic species,12,0.439913052333333
Base,16,PampusArgenteus,Pampus argenteus,Mid-trophic species,12,0.437726883666667
Base,17,PampusArgenteus,Pampus argenteus,Mid-trophic species,12,0.438454531666667
Base,18,PampusArgenteus,Pampus argenteus,Mid-trophic species,12,0.440980623
Base,19,PampusArgenteus,Pampus argenteus,Mid-trophic species,12,0.43788075
Base,20,PampusArgenteus,Pampus argenteus,Mid-trophic species,12,0.436706332
Base,21,PampusArgenteus,Pampus argenteus,Mid-trophic species,12,0.438378332666667
Base,22,PampusArgenteus,Pampus argenteus,Mid-trophic species,12,0.44055218
Base,23,PampusArgenteus,Pampus argenteus,Mid-trophic species,12,0.434036013
Base,24,PampusArgenteus,Pampus argenteus,Mid-trophic species,12,0.437347237333333
Base,25,PampusArgenteus,Pampus argenteus,Mid-trophic species,12,0.435944999666667
Base,26,PampusArgenteus,Pampus argenteus,Mid-trophic species,12,0.441026948666667
Base,27,PampusArgenteus,Pampus argenteus,Mid-trophic species,12,0.443001338666667
Base,28,PampusArgenteus,Pampus argenteus,Mid-trophic species,12,0.439793357666667
Base,29,PampusArgenteus,Pampus argenteus,Mid-trophic species,12,0.437227971333333
Base,30,PampusArgenteus,Pampus argenteus,Mid-trophic species,12,0.439361575
Base,31,PampusArgenteus,Pampus argenteus,Mid-trophic species,12,0.436432837666667
Base,32,PampusArgenteus,Pampus argenteus,Mid-trophic species,12,0.435492755
Base,33,PampusArgenteus,Pampus argenteus,Mid-trophic species,12,0.437730206666667
Base,34,PampusArgenteus,Pampus argenteus,Mid-trophic species,12,0.433918610666667
Base,35,PampusArgenteus,Pampus argenteus,Mid-trophic species,12,0.441513105666667
Base,36,PampusArgenteus,Pampus argenteus,Mid-trophic species,12,0.436336831333333
Base,37,PampusArgenteus,Pampus argenteus,Mid-trophic species,12,0.440608368
Base,38,PampusArgenteus,Pampus argenteus,Mid-trophic species,12,0.439685003333333
Base,39,PampusArgenteus,Pampus argenteus,Mid-trophic species,12,0.440069761
Base,40,PampusArgenteus,Pampus argenteus,Mid-trophic species,12,0.437956913666667
Base,41,PampusArgenteus,Pampus argenteus,Mid-trophic species,12,0.437505743666667
Base,42,PampusArgenteus,Pampus argenteus,Mid-trophic species,12,0.439722788
Base,43,PampusArgenteus,Pampus argenteus,Mid-trophic species,12,0.438543643
Base,44,PampusArgenteus,Pampus argenteus,Mid-trophic species,12,0.438851709666667
Base,45,PampusArgenteus,Pampus argenteus,Mid-trophic species,12,0.442280330333333
Base,46,PampusArgenteus,Pampus argenteus,Mid-trophic species,12,0.437892909333333
Base,47,PampusArgenteus,Pampus argenteus,Mid-trophic species,12,0.436108639666667
Base,48,PampusArgenteus,Pampus argenteus,Mid-trophic species,12,0.437400667333333
Base,49,PampusArgenteus,Pampus argenteus,Mid-trophic species,12,0.433855081333333
Base,50,PampusArgenteus,Pampus argenteus,Mid-trophic species,12,0.435382940333333
Base,51,PampusArgenteus,Pampus argenteus,Mid-trophic species,12,0.439197666
Base,52,PampusArgenteus,Pampus argenteus,Mid-trophic species,12,0.434616428
Base,53,PampusArgenteus,Pampus argenteus,Mid-trophic species,12,0.432906561333333
Base,54,PampusArgenteus,Pampus argenteus,Mid-trophic species,12,0.436546001
Base,55,PampusArgenteus,Pampus argenteus,Mid-trophic species,12,0.438508689666667
Base,56,PampusArgenteus,Pampus argenteus,Mid-trophic species,12,0.439077549666667
Base,57,PampusArgenteus,Pampus argenteus,Mid-trophic species,12,0.436562592666667
Base,58,PampusArgenteus,Pampus argenteus,Mid-trophic species,12,0.440290790666667
Base,59,PampusArgenteus,Pampus argenteus,Mid-trophic species,12,0.436895502
Base,60,PampusArgenteus,Pampus argenteus,Mid-trophic species,12,0.437993263
Base,61,PampusArgenteus,Pampus argenteus,Mid-trophic species,12,0.436745285666667
Base,62,PampusArgenteus,Pampus argenteus,Mid-trophic species,12,0.435063184
Base,63,PampusArgenteus,Pampus argenteus,Mid-trophic species,12,0.438835040666667
Base,64,PampusArgenteus,Pampus argenteus,Mid-trophic species,12,0.436753611333333
Base,65,PampusArgenteus,Pampus argenteus,Mid-trophic species,12,0.436807074666667
Base,66,PampusArgenteus,Pampus argenteus,Mid-trophic species,12,0.436996540666667
Base,67,PampusArgenteus,Pampus argenteus,Mid-trophic species,12,0.438228680333333
Base,68,PampusArgenteus,Pampus argenteus,Mid-trophic species,12,0.437063584666667
Base,69,PampusArgenteus,Pampus argenteus,Mid-trophic species,12,0.435247802666667
Base,70,PampusArgenteus,Pampus argenteus,Mid-trophic species,12,0.437772233
Base,71,PampusArgenteus,Pampus argenteus,Mid-trophic species,12,0.438035812333333
Base,72,PampusArgenteus,Pampus argenteus,Mid-trophic species,12,0.437372317333333
Base,73,PampusArgenteus,Pampus argenteus,Mid-trophic species,12,0.434998907666667
Base,74,PampusArgenteus,Pampus argenteus,Mid-trophic species,12,0.436940116666667
Base,75,PampusArgenteus,Pampus argenteus,Mid-trophic species,12,0.438373037666667
Base,76,PampusArgenteus,Pampus argenteus,Mid-trophic species,12,0.439455375
Base,77,PampusArgenteus,Pampus argenteus,Mid-trophic species,12,0.436825709
Base,78,PampusArgenteus,Pampus argenteus,Mid-trophic species,12,0.436331638666667
Base,79,PampusArgenteus,Pampus argenteus,Mid-trophic species,12,0.435834479
Base,80,PampusArgenteus,Pampus argenteus,Mid-trophic species,12,0.437282481666667
Base,81,PampusArgenteus,Pampus argenteus,Mid-trophic species,12,0.437947871333333
Base,82,PampusArgenteus,Pampus argenteus,Mid-trophic species,12,0.434806274333333
Base,83,PampusArgenteus,Pampus argenteus,Mid-trophic species,12,0.435838104666667
Base,84,PampusArgenteus,Pampus argenteus,Mid-trophic species,12,0.440042633666667
Base,85,PampusArgenteus,Pampus argenteus,Mid-trophic species,12,0.440219355333333
Base,86,PampusArgenteus,Pampus argenteus,Mid-trophic species,12,0.439781588
Base,87,PampusArgenteus,Pampus argenteus,Mid-trophic species,12,0.440449882
Base,88,PampusArgenteus,Pampus argenteus,Mid-trophic species,12,0.441570250333333
Base,89,PampusArgenteus,Pampus argenteus,Mid-trophic species,12,0.438683311666667
Base,90,PampusArgenteus,Pampus argenteus,Mid-trophic species,12,0.435899703333333
Base,91,PampusArgenteus,Pampus argenteus,Mid-trophic species,12,0.435264902666667
Base,92,PampusArgenteus,Pampus argenteus,Mid-trophic species,12,0.434270758333333
Base,93,PampusArgenteus,Pampus argenteus,Mid-trophic species,12,0.438165577666667
Base,94,PampusArgenteus,Pampus argenteus,Mid-trophic species,12,0.440346913333333
Base,95,PampusArgenteus,Pampus argenteus,Mid-trophic species,12,0.436799196666667
Base,96,PampusArgenteus,Pampus argenteus,Mid-trophic species,12,0.439800016
Base,97,PampusArgenteus,Pampus argenteus,Mid-trophic species,12,0.440951608
Base,98,PampusArgenteus,Pampus argenteus,Mid-trophic species,12,0.439308169
Base,99,PampusArgenteus,Pampus argenteus,Mid-trophic species,12,0.441974561
Base,100,PampusArgenteus,Pampus argenteus,Mid-trophic species,12,0.440044333
Base,1,LarimichthysPolyactis,Larimichthys polyactis,Mid-trophic species,13,0.850588999333333
Base,2,LarimichthysPolyactis,Larimichthys polyactis,Mid-trophic species,13,0.885648691
Base,3,LarimichthysPolyactis,Larimichthys polyactis,Mid-trophic species,13,0.85361434
Base,4,LarimichthysPolyactis,Larimichthys polyactis,Mid-trophic species,13,0.855352429
Base,5,LarimichthysPolyactis,Larimichthys polyactis,Mid-trophic species,13,0.861661812666667
Base,6,LarimichthysPolyactis,Larimichthys polyactis,Mid-trophic species,13,0.872067094333333
Base,7,LarimichthysPolyactis,Larimichthys polyactis,Mid-trophic species,13,0.836473593333333
Base,8,LarimichthysPolyactis,Larimichthys polyactis,Mid-trophic species,13,0.857175443333333
Base,9,LarimichthysPolyactis,Larimichthys polyactis,Mid-trophic species,13,0.857472528666667
Base,10,LarimichthysPolyactis,Larimichthys polyactis,Mid-trophic species,13,0.863064017333333
Base,11,LarimichthysPolyactis,Larimichthys polyactis,Mid-trophic species,13,0.883337342
Base,12,LarimichthysPolyactis,Larimichthys polyactis,Mid-trophic species,13,0.856565561333333
Base,13,LarimichthysPolyactis,Larimichthys polyactis,Mid-trophic species,13,0.851408346
Base,14,LarimichthysPolyactis,Larimichthys polyactis,Mid-trophic species,13,0.866893535666667
Base,15,LarimichthysPolyactis,Larimichthys polyactis,Mid-trophic species,13,0.867846394333333
Base,16,LarimichthysPolyactis,Larimichthys polyactis,Mid-trophic species,13,0.849943690666667
Base,17,LarimichthysPolyactis,Larimichthys polyactis,Mid-trophic species,13,0.844346331666667
Base,18,LarimichthysPolyactis,Larimichthys polyactis,Mid-trophic species,13,0.843393537333333
Base,19,LarimichthysPolyactis,Larimichthys polyactis,Mid-trophic species,13,0.847725079666667
Base,20,LarimichthysPolyactis,Larimichthys polyactis,Mid-trophic species,13,0.860020517
Base,21,LarimichthysPolyactis,Larimichthys polyactis,Mid-trophic species,13,0.849613639
Base,22,LarimichthysPolyactis,Larimichthys polyactis,Mid-trophic species,13,0.818658892333333
Base,23,LarimichthysPolyactis,Larimichthys polyactis,Mid-trophic species,13,0.85753743
Base,24,LarimichthysPolyactis,Larimichthys polyactis,Mid-trophic species,13,0.872400824666667
Base,25,LarimichthysPolyactis,Larimichthys polyactis,Mid-trophic species,13,0.858279572
Base,26,LarimichthysPolyactis,Larimichthys polyactis,Mid-trophic species,13,0.883947392333333
Base,27,LarimichthysPolyactis,Larimichthys polyactis,Mid-trophic species,13,0.85735432
Base,28,LarimichthysPolyactis,Larimichthys polyactis,Mid-trophic species,13,0.852203366666667
Base,29,LarimichthysPolyactis,Larimichthys polyactis,Mid-trophic species,13,0.878093464666667
Base,30,LarimichthysPolyactis,Larimichthys polyactis,Mid-trophic species,13,0.852391257666667
Base,31,LarimichthysPolyactis,Larimichthys polyactis,Mid-trophic species,13,0.8434119
Base,32,LarimichthysPolyactis,Larimichthys polyactis,Mid-trophic species,13,0.860775024
Base,33,LarimichthysPolyactis,Larimichthys polyactis,Mid-trophic species,13,0.856548609333333
Base,34,LarimichthysPolyactis,Larimichthys polyactis,Mid-trophic species,13,0.881254183666667
Base,35,LarimichthysPolyactis,Larimichthys polyactis,Mid-trophic species,13,0.887580611666667
Base,36,LarimichthysPolyactis,Larimichthys polyactis,Mid-trophic species,13,0.868844244
Base,37,LarimichthysPolyactis,Larimichthys polyactis,Mid-trophic species,13,0.863118870666667
Base,38,LarimichthysPolyactis,Larimichthys polyactis,Mid-trophic species,13,0.861601266666667
Base,39,LarimichthysPolyactis,Larimichthys polyactis,Mid-trophic species,13,0.863033415666667
Base,40,LarimichthysPolyactis,Larimichthys polyactis,Mid-trophic species,13,0.837140298666667
Base,41,LarimichthysPolyactis,Larimichthys polyactis,Mid-trophic species,13,0.860189207666667
Base,42,LarimichthysPolyactis,Larimichthys polyactis,Mid-trophic species,13,0.833455961333333
Base,43,LarimichthysPolyactis,Larimichthys polyactis,Mid-trophic species,13,0.844809898
Base,44,LarimichthysPolyactis,Larimichthys polyactis,Mid-trophic species,13,0.844174021333333
Base,45,LarimichthysPolyactis,Larimichthys polyactis,Mid-trophic species,13,0.880487746333333
Base,46,LarimichthysPolyactis,Larimichthys polyactis,Mid-trophic species,13,0.910309425333333
Base,47,LarimichthysPolyactis,Larimichthys polyactis,Mid-trophic species,13,0.844204247
Base,48,LarimichthysPolyactis,Larimichthys polyactis,Mid-trophic species,13,0.870510707666667
Base,49,LarimichthysPolyactis,Larimichthys polyactis,Mid-trophic species,13,0.845698672333333
Base,50,LarimichthysPolyactis,Larimichthys polyactis,Mid-trophic species,13,0.868229385333333
Base,51,LarimichthysPolyactis,Larimichthys polyactis,Mid-trophic species,13,0.831328711666667
Base,52,LarimichthysPolyactis,Larimichthys polyactis,Mid-trophic species,13,0.866421174
Base,53,LarimichthysPolyactis,Larimichthys polyactis,Mid-trophic species,13,0.868305764333334
Base,54,LarimichthysPolyactis,Larimichthys polyactis,Mid-trophic species,13,0.865066110333333
Base,55,LarimichthysPolyactis,Larimichthys polyactis,Mid-trophic species,13,0.863281181
Base,56,LarimichthysPolyactis,Larimichthys polyactis,Mid-trophic species,13,0.866652605333333
Base,57,LarimichthysPolyactis,Larimichthys polyactis,Mid-trophic species,13,0.865383505
Base,58,LarimichthysPolyactis,Larimichthys polyactis,Mid-trophic species,13,0.875405835
Base,59,LarimichthysPolyactis,Larimichthys polyactis,Mid-trophic species,13,0.872311222333333
Base,60,LarimichthysPolyactis,Larimichthys polyactis,Mid-trophic species,13,0.875043876666667
Base,61,LarimichthysPolyactis,Larimichthys polyactis,Mid-trophic species,13,0.851578610666667
Base,62,LarimichthysPolyactis,Larimichthys polyactis,Mid-trophic species,13,0.869571046
Base,63,LarimichthysPolyactis,Larimichthys polyactis,Mid-trophic species,13,0.869779390666667
Base,64,LarimichthysPolyactis,Larimichthys polyactis,Mid-trophic species,13,0.862738934666667
Base,65,LarimichthysPolyactis,Larimichthys polyactis,Mid-trophic species,13,0.824947293
Base,66,LarimichthysPolyactis,Larimichthys polyactis,Mid-trophic species,13,0.866376879
Base,67,LarimichthysPolyactis,Larimichthys polyactis,Mid-trophic species,13,0.858713879666667
Base,68,LarimichthysPolyactis,Larimichthys polyactis,Mid-trophic species,13,0.874615244666667
Base,69,LarimichthysPolyactis,Larimichthys polyactis,Mid-trophic species,13,0.865799291666667
Base,70,LarimichthysPolyactis,Larimichthys polyactis,Mid-trophic species,13,0.875921761
Base,71,LarimichthysPolyactis,Larimichthys polyactis,Mid-trophic species,13,0.869540519666667
Base,72,LarimichthysPolyactis,Larimichthys polyactis,Mid-trophic species,13,0.869386166666667
Base,73,LarimichthysPolyactis,Larimichthys polyactis,Mid-trophic species,13,0.881933656
Base,74,LarimichthysPolyactis,Larimichthys polyactis,Mid-trophic species,13,0.871194718666667
Base,75,LarimichthysPolyactis,Larimichthys polyactis,Mid-trophic species,13,0.870522835333333
Base,76,LarimichthysPolyactis,Larimichthys polyactis,Mid-trophic species,13,0.848885459666667
Base,77,LarimichthysPolyactis,Larimichthys polyactis,Mid-trophic species,13,0.864803368333334
Base,78,LarimichthysPolyactis,Larimichthys polyactis,Mid-trophic species,13,0.873152746666667
Base,79,LarimichthysPolyactis,Larimichthys polyactis,Mid-trophic species,13,0.875975195333333
Base,80,LarimichthysPolyactis,Larimichthys polyactis,Mid-trophic species,13,0.847292192666667
Base,81,LarimichthysPolyactis,Larimichthys polyactis,Mid-trophic species,13,0.858125721666667
Base,82,LarimichthysPolyactis,Larimichthys polyactis,Mid-trophic species,13,0.883066803
Base,83,LarimichthysPolyactis,Larimichthys polyactis,Mid-trophic species,13,0.865236781
Base,84,LarimichthysPolyactis,Larimichthys polyactis,Mid-trophic species,13,0.848050269
Base,85,LarimichthysPolyactis,Larimichthys polyactis,Mid-trophic species,13,0.891092506
Base,86,LarimichthysPolyactis,Larimichthys polyactis,Mid-trophic species,13,0.892327634
Base,87,LarimichthysPolyactis,Larimichthys polyactis,Mid-trophic species,13,0.864070636
Base,88,LarimichthysPolyactis,Larimichthys polyactis,Mid-trophic species,13,0.874143935666667
Base,89,LarimichthysPolyactis,Larimichthys polyactis,Mid-trophic species,13,0.855453024
Base,90,LarimichthysPolyactis,Larimichthys polyactis,Mid-trophic species,13,0.846542777
Base,91,LarimichthysPolyactis,Larimichthys polyactis,Mid-trophic species,13,0.903364640666667
Base,92,LarimichthysPolyactis,Larimichthys polyactis,Mid-trophic species,13,0.863055686666667
Base,93,LarimichthysPolyactis,Larimichthys polyactis,Mid-trophic species,13,0.886926952666667
Base,94,LarimichthysPolyactis,Larimichthys polyactis,Mid-trophic species,13,0.875884024333333
Base,95,LarimichthysPolyactis,Larimichthys polyactis,Mid-trophic species,13,0.834522078666667
Base,96,LarimichthysPolyactis,Larimichthys polyactis,Mid-trophic species,13,0.887425597333333
Base,97,LarimichthysPolyactis,Larimichthys polyactis,Mid-trophic species,13,0.877136867
Base,98,LarimichthysPolyactis,Larimichthys polyactis,Mid-trophic species,13,0.824029495666667
Base,99,LarimichthysPolyactis,Larimichthys polyactis,Mid-trophic species,13,0.875183495666667
Base,100,LarimichthysPolyactis,Larimichthys polyactis,Mid-trophic species,13,0.864332218
Base,1,TrachurusJaponicus,Trachurus japonicus,Mid-trophic species,14,0.470461961333333
Base,2,TrachurusJaponicus,Trachurus japonicus,Mid-trophic species,14,0.471785711333333
Base,3,TrachurusJaponicus,Trachurus japonicus,Mid-trophic species,14,0.473016872666667
Base,4,TrachurusJaponicus,Trachurus japonicus,Mid-trophic species,14,0.478136068666667
Base,5,TrachurusJaponicus,Trachurus japonicus,Mid-trophic species,14,0.472155897666667
Base,6,TrachurusJaponicus,Trachurus japonicus,Mid-trophic species,14,0.473899733333333
Base,7,TrachurusJaponicus,Trachurus japonicus,Mid-trophic species,14,0.469911185666667
Base,8,TrachurusJaponicus,Trachurus japonicus,Mid-trophic species,14,0.477324105
Base,9,TrachurusJaponicus,Trachurus japonicus,Mid-trophic species,14,0.484924356666667
Base,10,TrachurusJaponicus,Trachurus japonicus,Mid-trophic species,14,0.473430485333333
Base,11,TrachurusJaponicus,Trachurus japonicus,Mid-trophic species,14,0.477157648
Base,12,TrachurusJaponicus,Trachurus japonicus,Mid-trophic species,14,0.478581125
Base,13,TrachurusJaponicus,Trachurus japonicus,Mid-trophic species,14,0.469489365333333
Base,14,TrachurusJaponicus,Trachurus japonicus,Mid-trophic species,14,0.474975542
Base,15,TrachurusJaponicus,Trachurus japonicus,Mid-trophic species,14,0.467638166
Base,16,TrachurusJaponicus,Trachurus japonicus,Mid-trophic species,14,0.473494374333333
Base,17,TrachurusJaponicus,Trachurus japonicus,Mid-trophic species,14,0.475343587666667
Base,18,TrachurusJaponicus,Trachurus japonicus,Mid-trophic species,14,0.480403120333333
Base,19,TrachurusJaponicus,Trachurus japonicus,Mid-trophic species,14,0.488174418333333
Base,20,TrachurusJaponicus,Trachurus japonicus,Mid-trophic species,14,0.47949157
Base,21,TrachurusJaponicus,Trachurus japonicus,Mid-trophic species,14,0.472223994333333
Base,22,TrachurusJaponicus,Trachurus japonicus,Mid-trophic species,14,0.470768127666667
Base,23,TrachurusJaponicus,Trachurus japonicus,Mid-trophic species,14,0.479236807
Base,24,TrachurusJaponicus,Trachurus japonicus,Mid-trophic species,14,0.456042988333333
Base,25,TrachurusJaponicus,Trachurus japonicus,Mid-trophic species,14,0.476714716
Base,26,TrachurusJaponicus,Trachurus japonicus,Mid-trophic species,14,0.479151538666667
Base,27,TrachurusJaponicus,Trachurus japonicus,Mid-trophic species,14,0.480772922333333
Base,28,TrachurusJaponicus,Trachurus japonicus,Mid-trophic species,14,0.477908911666667
Base,29,TrachurusJaponicus,Trachurus japonicus,Mid-trophic species,14,0.477371033333333
Base,30,TrachurusJaponicus,Trachurus japonicus,Mid-trophic species,14,0.474348967666667
Base,31,TrachurusJaponicus,Trachurus japonicus,Mid-trophic species,14,0.47566906
Base,32,TrachurusJaponicus,Trachurus japonicus,Mid-trophic species,14,0.475222621
Base,33,TrachurusJaponicus,Trachurus japonicus,Mid-trophic species,14,0.465990446333333
Base,34,TrachurusJaponicus,Trachurus japonicus,Mid-trophic species,14,0.480963771666667
Base,35,TrachurusJaponicus,Trachurus japonicus,Mid-trophic species,14,0.476001410666667
Base,36,TrachurusJaponicus,Trachurus japonicus,Mid-trophic species,14,0.475335524
Base,37,TrachurusJaponicus,Trachurus japonicus,Mid-trophic species,14,0.472955363333333
Base,38,TrachurusJaponicus,Trachurus japonicus,Mid-trophic species,14,0.474251758333333
Base,39,TrachurusJaponicus,Trachurus japonicus,Mid-trophic species,14,0.475466981
Base,40,TrachurusJaponicus,Trachurus japonicus,Mid-trophic species,14,0.478395161333333
Base,41,TrachurusJaponicus,Trachurus japonicus,Mid-trophic species,14,0.476016007666667
Base,42,TrachurusJaponicus,Trachurus japonicus,Mid-trophic species,14,0.476897517333333
Base,43,TrachurusJaponicus,Trachurus japonicus,Mid-trophic species,14,0.468245684333333
Base,44,TrachurusJaponicus,Trachurus japonicus,Mid-trophic species,14,0.477116006666667
Base,45,TrachurusJaponicus,Trachurus japonicus,Mid-trophic species,14,0.475030514
Base,46,TrachurusJaponicus,Trachurus japonicus,Mid-trophic species,14,0.463371666
Base,47,TrachurusJaponicus,Trachurus japonicus,Mid-trophic species,14,0.466305929
Base,48,TrachurusJaponicus,Trachurus japonicus,Mid-trophic species,14,0.477679678
Base,49,TrachurusJaponicus,Trachurus japonicus,Mid-trophic species,14,0.473540166
Base,50,TrachurusJaponicus,Trachurus japonicus,Mid-trophic species,14,0.475362411333333
Base,51,TrachurusJaponicus,Trachurus japonicus,Mid-trophic species,14,0.473697086333333
Base,52,TrachurusJaponicus,Trachurus japonicus,Mid-trophic species,14,0.475688031
Base,53,TrachurusJaponicus,Trachurus japonicus,Mid-trophic species,14,0.473822372333333
Base,54,TrachurusJaponicus,Trachurus japonicus,Mid-trophic species,14,0.476233181333333
Base,55,TrachurusJaponicus,Trachurus japonicus,Mid-trophic species,14,0.473263056333333
Base,56,TrachurusJaponicus,Trachurus japonicus,Mid-trophic species,14,0.482274253333333
Base,57,TrachurusJaponicus,Trachurus japonicus,Mid-trophic species,14,0.478292061
Base,58,TrachurusJaponicus,Trachurus japonicus,Mid-trophic species,14,0.464153063666667
Base,59,TrachurusJaponicus,Trachurus japonicus,Mid-trophic species,14,0.477117660666667
Base,60,TrachurusJaponicus,Trachurus japonicus,Mid-trophic species,14,0.470196666
Base,61,TrachurusJaponicus,Trachurus japonicus,Mid-trophic species,14,0.476745077666667
Base,62,TrachurusJaponicus,Trachurus japonicus,Mid-trophic species,14,0.478146596
Base,63,TrachurusJaponicus,Trachurus japonicus,Mid-trophic species,14,0.474891885
Base,64,TrachurusJaponicus,Trachurus japonicus,Mid-trophic species,14,0.475098091666667
Base,65,TrachurusJaponicus,Trachurus japonicus,Mid-trophic species,14,0.476684187666667
Base,66,TrachurusJaponicus,Trachurus japonicus,Mid-trophic species,14,0.473568731333333
Base,67,TrachurusJaponicus,Trachurus japonicus,Mid-trophic species,14,0.474383611
Base,68,TrachurusJaponicus,Trachurus japonicus,Mid-trophic species,14,0.463439209
Base,69,TrachurusJaponicus,Trachurus japonicus,Mid-trophic species,14,0.470263285666667
Base,70,TrachurusJaponicus,Trachurus japonicus,Mid-trophic species,14,0.473639569
Base,71,TrachurusJaponicus,Trachurus japonicus,Mid-trophic species,14,0.472290009333333
Base,72,TrachurusJaponicus,Trachurus japonicus,Mid-trophic species,14,0.473685031666667
Base,73,TrachurusJaponicus,Trachurus japonicus,Mid-trophic species,14,0.470213554
Base,74,TrachurusJaponicus,Trachurus japonicus,Mid-trophic species,14,0.470010975333333
Base,75,TrachurusJaponicus,Trachurus japonicus,Mid-trophic species,14,0.473557939
Base,76,TrachurusJaponicus,Trachurus japonicus,Mid-trophic species,14,0.47193725
Base,77,TrachurusJaponicus,Trachurus japonicus,Mid-trophic species,14,0.476068811666667
Base,78,TrachurusJaponicus,Trachurus japonicus,Mid-trophic species,14,0.473698685666667
Base,79,TrachurusJaponicus,Trachurus japonicus,Mid-trophic species,14,0.471777023666667
Base,80,TrachurusJaponicus,Trachurus japonicus,Mid-trophic species,14,0.478896883666667
Base,81,TrachurusJaponicus,Trachurus japonicus,Mid-trophic species,14,0.475002765
Base,82,TrachurusJaponicus,Trachurus japonicus,Mid-trophic species,14,0.471579105
Base,83,TrachurusJaponicus,Trachurus japonicus,Mid-trophic species,14,0.476239122666667
Base,84,TrachurusJaponicus,Trachurus japonicus,Mid-trophic species,14,0.469233672666667
Base,85,TrachurusJaponicus,Trachurus japonicus,Mid-trophic species,14,0.466005758333333
Base,86,TrachurusJaponicus,Trachurus japonicus,Mid-trophic species,14,0.469914327333333
Base,87,TrachurusJaponicus,Trachurus japonicus,Mid-trophic species,14,0.475360396333333
Base,88,TrachurusJaponicus,Trachurus japonicus,Mid-trophic species,14,0.473917461333333
Base,89,TrachurusJaponicus,Trachurus japonicus,Mid-trophic species,14,0.468970066333333
Base,90,TrachurusJaponicus,Trachurus japonicus,Mid-trophic species,14,0.466826283
Base,91,TrachurusJaponicus,Trachurus japonicus,Mid-trophic species,14,0.473312121666667
Base,92,TrachurusJaponicus,Trachurus japonicus,Mid-trophic species,14,0.478111231
Base,93,TrachurusJaponicus,Trachurus japonicus,Mid-trophic species,14,0.47130305
Base,94,TrachurusJaponicus,Trachurus japonicus,Mid-trophic species,14,0.478315147666667
Base,95,TrachurusJaponicus,Trachurus japonicus,Mid-trophic species,14,0.474724077333333
Base,96,TrachurusJaponicus,Trachurus japonicus,Mid-trophic species,14,0.468407335
Base,97,TrachurusJaponicus,Trachurus japonicus,Mid-trophic species,14,0.468065518333333
Base,98,TrachurusJaponicus,Trachurus japonicus,Mid-trophic species,14,0.473096189
Base,99,TrachurusJaponicus,Trachurus japonicus,Mid-trophic species,14,0.477009072666667
Base,100,TrachurusJaponicus,Trachurus japonicus,Mid-trophic species,14,0.476761818666667
SSP1-2.6,1,EngraulisJaponicus,Engraulis japonicus,Prey,1,0.680228179382716
SSP1-2.6,2,EngraulisJaponicus,Engraulis japonicus,Prey,1,0.675311201604938
SSP1-2.6,3,EngraulisJaponicus,Engraulis japonicus,Prey,1,0.670910015061728
SSP1-2.6,4,EngraulisJaponicus,Engraulis japonicus,Prey,1,0.673772471358025
SSP1-2.6,5,EngraulisJaponicus,Engraulis japonicus,Prey,1,0.681215305185185
SSP1-2.6,6,EngraulisJaponicus,Engraulis japonicus,Prey,1,0.683889135802469
SSP1-2.6,7,EngraulisJaponicus,Engraulis japonicus,Prey,1,0.676993707654321
SSP1-2.6,8,EngraulisJaponicus,Engraulis japonicus,Prey,1,0.67523644308642
SSP1-2.6,9,EngraulisJaponicus,Engraulis japonicus,Prey,1,0.681978176296296
SSP1-2.6,10,EngraulisJaponicus,Engraulis japonicus,Prey,1,0.675843005925926
SSP1-2.6,11,EngraulisJaponicus,Engraulis japonicus,Prey,1,0.678328545432099
SSP1-2.6,12,EngraulisJaponicus,Engraulis japonicus,Prey,1,0.678301587777778
SSP1-2.6,13,EngraulisJaponicus,Engraulis japonicus,Prey,1,0.663275797654321
SSP1-2.6,14,EngraulisJaponicus,Engraulis japonicus,Prey,1,0.681589560864198
SSP1-2.6,15,EngraulisJaponicus,Engraulis japonicus,Prey,1,0.690414879012346
SSP1-2.6,16,EngraulisJaponicus,Engraulis japonicus,Prey,1,0.683371278395062
SSP1-2.6,17,EngraulisJaponicus,Engraulis japonicus,Prey,1,0.683518268395062
SSP1-2.6,18,EngraulisJaponicus,Engraulis japonicus,Prey,1,0.681729610246914
SSP1-2.6,19,EngraulisJaponicus,Engraulis japonicus,Prey,1,0.684277971111111
SSP1-2.6,20,EngraulisJaponicus,Engraulis japonicus,Prey,1,0.669672501728395
SSP1-2.6,21,EngraulisJaponicus,Engraulis japonicus,Prey,1,0.694672156666667
SSP1-2.6,22,EngraulisJaponicus,Engraulis japonicus,Prey,1,0.664959949259259
SSP1-2.6,23,EngraulisJaponicus,Engraulis japonicus,Prey,1,0.671792187407407
SSP1-2.6,24,EngraulisJaponicus,Engraulis japonicus,Prey,1,0.685402069753086
SSP1-2.6,25,EngraulisJaponicus,Engraulis japonicus,Prey,1,0.671999055679012
SSP1-2.6,26,EngraulisJaponicus,Engraulis japonicus,Prey,1,0.678275472469136
SSP1-2.6,27,EngraulisJaponicus,Engraulis japonicus,Prey,1,0.686910165061728
SSP1-2.6,28,EngraulisJaponicus,Engraulis japonicus,Prey,1,0.68477062691358
SSP1-2.6,29,EngraulisJaponicus,Engraulis japonicus,Prey,1,0.681672135432099
SSP1-2.6,30,EngraulisJaponicus,Engraulis japonicus,Prey,1,0.681406981975309
SSP1-2.6,31,EngraulisJaponicus,Engraulis japonicus,Prey,1,0.669944409012346
SSP1-2.6,32,EngraulisJaponicus,Engraulis japonicus,Prey,1,0.682882028024691
SSP1-2.6,33,EngraulisJaponicus,Engraulis japonicus,Prey,1,0.689846810246914
SSP1-2.6,34,EngraulisJaponicus,Engraulis japonicus,Prey,1,0.670147279382716
SSP1-2.6,35,EngraulisJaponicus,Engraulis japonicus,Prey,1,0.689581794320988
SSP1-2.6,36,EngraulisJaponicus,Engraulis japonicus,Prey,1,0.687143464444444
SSP1-2.6,37,EngraulisJaponicus,Engraulis japonicus,Prey,1,0.682185316666667
SSP1-2.6,38,EngraulisJaponicus,Engraulis japonicus,Prey,1,0.68046183345679
SSP1-2.6,39,EngraulisJaponicus,Engraulis japonicus,Prey,1,0.688244452839506
SSP1-2.6,40,EngraulisJaponicus,Engraulis japonicus,Prey,1,0.668409167407407
SSP1-2.6,41,EngraulisJaponicus,Engraulis japonicus,Prey,1,0.671924178641975
SSP1-2.6,42,EngraulisJaponicus,Engraulis japonicus,Prey,1,0.68099810691358
SSP1-2.6,43,EngraulisJaponicus,Engraulis japonicus,Prey,1,0.659240517654321
SSP1-2.6,44,EngraulisJaponicus,Engraulis japonicus,Prey,1,0.671622735308642
SSP1-2.6,45,EngraulisJaponicus,Engraulis japonicus,Prey,1,0.667833949012346
SSP1-2.6,46,EngraulisJaponicus,Engraulis japonicus,Prey,1,0.683863088765432
SSP1-2.6,47,EngraulisJaponicus,Engraulis japonicus,Prey,1,0.667377799382716
SSP1-2.6,48,EngraulisJaponicus,Engraulis japonicus,Prey,1,0.673899567901235
SSP1-2.6,49,EngraulisJaponicus,Engraulis japonicus,Prey,1,0.677695816049383
SSP1-2.6,50,EngraulisJaponicus,Engraulis japonicus,Prey,1,0.691019651234568
SSP1-2.6,51,EngraulisJaponicus,Engraulis japonicus,Prey,1,0.68389685617284
SSP1-2.6,52,EngraulisJaponicus,Engraulis japonicus,Prey,1,0.667909241481481
SSP1-2.6,53,EngraulisJaponicus,Engraulis japonicus,Prey,1,0.678083579876543
SSP1-2.6,54,EngraulisJaponicus,Engraulis japonicus,Prey,1,0.681765272469136
SSP1-2.6,55,EngraulisJaponicus,Engraulis japonicus,Prey,1,0.688077245308642
SSP1-2.6,56,EngraulisJaponicus,Engraulis japonicus,Prey,1,0.676913844320988
SSP1-2.6,57,EngraulisJaponicus,Engraulis japonicus,Prey,1,0.676094173827161
SSP1-2.6,58,EngraulisJaponicus,Engraulis japonicus,Prey,1,0.677816210246914
SSP1-2.6,59,EngraulisJaponicus,Engraulis japonicus,Prey,1,0.662716854320988
SSP1-2.6,60,EngraulisJaponicus,Engraulis japonicus,Prey,1,0.678735395061728
SSP1-2.6,61,EngraulisJaponicus,Engraulis japonicus,Prey,1,0.665548438395062
SSP1-2.6,62,EngraulisJaponicus,Engraulis japonicus,Prey,1,0.666439425061728
SSP1-2.6,63,EngraulisJaponicus,Engraulis japonicus,Prey,1,0.676466057160494
SSP1-2.6,64,EngraulisJaponicus,Engraulis japonicus,Prey,1,0.671221901975309
SSP1-2.6,65,EngraulisJaponicus,Engraulis japonicus,Prey,1,0.683520022839506
SSP1-2.6,66,EngraulisJaponicus,Engraulis japonicus,Prey,1,0.671376738888889
SSP1-2.6,67,EngraulisJaponicus,Engraulis japonicus,Prey,1,0.684365178888889
SSP1-2.6,68,EngraulisJaponicus,Engraulis japonicus,Prey,1,0.686354936790124
SSP1-2.6,69,EngraulisJaponicus,Engraulis japonicus,Prey,1,0.685766265802469
SSP1-2.6,70,EngraulisJaponicus,Engraulis japonicus,Prey,1,0.67731407691358
SSP1-2.6,71,EngraulisJaponicus,Engraulis japonicus,Prey,1,0.667005832098765
SSP1-2.6,72,EngraulisJaponicus,Engraulis japonicus,Prey,1,0.674969012839506
SSP1-2.6,73,EngraulisJaponicus,Engraulis japonicus,Prey,1,0.685813657901235
SSP1-2.6,74,EngraulisJaponicus,Engraulis japonicus,Prey,1,0.684689960617284
SSP1-2.6,75,EngraulisJaponicus,Engraulis japonicus,Prey,1,0.68443742962963
SSP1-2.6,76,EngraulisJaponicus,Engraulis japonicus,Prey,1,0.681746807777778
SSP1-2.6,77,EngraulisJaponicus,Engraulis japonicus,Prey,1,0.686492031234568
SSP1-2.6,78,EngraulisJaponicus,Engraulis japonicus,Prey,1,0.675570363950617
SSP1-2.6,79,EngraulisJaponicus,Engraulis japonicus,Prey,1,0.673407011728395
SSP1-2.6,80,EngraulisJaponicus,Engraulis japonicus,Prey,1,0.670911598888889
SSP1-2.6,81,EngraulisJaponicus,Engraulis japonicus,Prey,1,0.669826249382716
SSP1-2.6,82,EngraulisJaponicus,Engraulis japonicus,Prey,1,0.674035635432099
SSP1-2.6,83,EngraulisJaponicus,Engraulis japonicus,Prey,1,0.673842128395062
SSP1-2.6,84,EngraulisJaponicus,Engraulis japonicus,Prey,1,0.663999278271605
SSP1-2.6,85,EngraulisJaponicus,Engraulis japonicus,Prey,1,0.668711613950617
SSP1-2.6,86,EngraulisJaponicus,Engraulis japonicus,Prey,1,0.674235936666667
SSP1-2.6,87,EngraulisJaponicus,Engraulis japonicus,Prey,1,0.669680612098765
SSP1-2.6,88,EngraulisJaponicus,Engraulis japonicus,Prey,1,0.682779854938272
SSP1-2.6,89,EngraulisJaponicus,Engraulis japonicus,Prey,1,0.666902746049383
SSP1-2.6,90,EngraulisJaponicus,Engraulis japonicus,Prey,1,0.665230497654321
SSP1-2.6,91,EngraulisJaponicus,Engraulis japonicus,Prey,1,0.67115182
SSP1-2.6,92,EngraulisJaponicus,Engraulis japonicus,Prey,1,0.667429710740741
SSP1-2.6,93,EngraulisJaponicus,Engraulis japonicus,Prey,1,0.682087596790123
SSP1-2.6,94,EngraulisJaponicus,Engraulis japonicus,Prey,1,0.67670736037037
SSP1-2.6,95,EngraulisJaponicus,Engraulis japonicus,Prey,1,0.663669452962963
SSP1-2.6,96,EngraulisJaponicus,Engraulis japonicus,Prey,1,0.692612196296296
SSP1-2.6,97,EngraulisJaponicus,Engraulis japonicus,Prey,1,0.664207057407407
SSP1-2.6,98,EngraulisJaponicus,Engraulis japonicus,Prey,1,0.683445028765432
SSP1-2.6,99,EngraulisJaponicus,Engraulis japonicus,Prey,1,0.683433890864198
SSP1-2.6,100,EngraulisJaponicus,Engraulis japonicus,Prey,1,0.679604321358025
SSP1-2.6,1,ScomberomorusNiphonius,Scomberomorus niphonius,Predator,2,0.664985202962963
SSP1-2.6,2,ScomberomorusNiphonius,Scomberomorus niphonius,Predator,2,0.666898630123457
SSP1-2.6,3,ScomberomorusNiphonius,Scomberomorus niphonius,Predator,2,0.666101380123457
SSP1-2.6,4,ScomberomorusNiphonius,Scomberomorus niphonius,Predator,2,0.66545863037037
SSP1-2.6,5,ScomberomorusNiphonius,Scomberomorus niphonius,Predator,2,0.665588383209877
SSP1-2.6,6,ScomberomorusNiphonius,Scomberomorus niphonius,Predator,2,0.666236238271605
SSP1-2.6,7,ScomberomorusNiphonius,Scomberomorus niphonius,Predator,2,0.667445275679012
SSP1-2.6,8,ScomberomorusNiphonius,Scomberomorus niphonius,Predator,2,0.666326290123457
SSP1-2.6,9,ScomberomorusNiphonius,Scomberomorus niphonius,Predator,2,0.664145479753087
SSP1-2.6,10,ScomberomorusNiphonius,Scomberomorus niphonius,Predator,2,0.666764085925926
SSP1-2.6,11,ScomberomorusNiphonius,Scomberomorus niphonius,Predator,2,0.664495761111111
SSP1-2.6,12,ScomberomorusNiphonius,Scomberomorus niphonius,Predator,2,0.66572380382716
SSP1-2.6,13,ScomberomorusNiphonius,Scomberomorus niphonius,Predator,2,0.662984412469136
SSP1-2.6,14,ScomberomorusNiphonius,Scomberomorus niphonius,Predator,2,0.664234879382716
SSP1-2.6,15,ScomberomorusNiphonius,Scomberomorus niphonius,Predator,2,0.665892808148148
SSP1-2.6,16,ScomberomorusNiphonius,Scomberomorus niphonius,Predator,2,0.663278989876543
SSP1-2.6,17,ScomberomorusNiphonius,Scomberomorus niphonius,Predator,2,0.662645772716049
SSP1-2.6,18,ScomberomorusNiphonius,Scomberomorus niphonius,Predator,2,0.665552292345679
SSP1-2.6,19,ScomberomorusNiphonius,Scomberomorus niphonius,Predator,2,0.665396039506173
SSP1-2.6,20,ScomberomorusNiphonius,Scomberomorus niphonius,Predator,2,0.665502037407407
SSP1-2.6,21,ScomberomorusNiphonius,Scomberomorus niphonius,Predator,2,0.665572986790123
SSP1-2.6,22,ScomberomorusNiphonius,Scomberomorus niphonius,Predator,2,0.663788860246914
SSP1-2.6,23,ScomberomorusNiphonius,Scomberomorus niphonius,Predator,2,0.665243935185185
SSP1-2.6,24,ScomberomorusNiphonius,Scomberomorus niphonius,Predator,2,0.664477688888889
SSP1-2.6,25,ScomberomorusNiphonius,Scomberomorus niphonius,Predator,2,0.666102529876543
SSP1-2.6,26,ScomberomorusNiphonius,Scomberomorus niphonius,Predator,2,0.663689580740741
SSP1-2.6,27,ScomberomorusNiphonius,Scomberomorus niphonius,Predator,2,0.666024760493827
SSP1-2.6,28,ScomberomorusNiphonius,Scomberomorus niphonius,Predator,2,0.665643129135803
SSP1-2.6,29,ScomberomorusNiphonius,Scomberomorus niphonius,Predator,2,0.663533199382716
SSP1-2.6,30,ScomberomorusNiphonius,Scomberomorus niphonius,Predator,2,0.664078312345679
SSP1-2.6,31,ScomberomorusNiphonius,Scomberomorus niphonius,Predator,2,0.664896512098765
SSP1-2.6,32,ScomberomorusNiphonius,Scomberomorus niphonius,Predator,2,0.666829543950617
SSP1-2.6,33,ScomberomorusNiphonius,Scomberomorus niphonius,Predator,2,0.663772253827161
SSP1-2.6,34,ScomberomorusNiphonius,Scomberomorus niphonius,Predator,2,0.66583719382716
SSP1-2.6,35,ScomberomorusNiphonius,Scomberomorus niphonius,Predator,2,0.665533933950617
SSP1-2.6,36,ScomberomorusNiphonius,Scomberomorus niphonius,Predator,2,0.663751121481482
SSP1-2.6,37,ScomberomorusNiphonius,Scomberomorus niphonius,Predator,2,0.665843225925926
SSP1-2.6,38,ScomberomorusNiphonius,Scomberomorus niphonius,Predator,2,0.66612420617284
SSP1-2.6,39,ScomberomorusNiphonius,Scomberomorus niphonius,Predator,2,0.666194771604938
SSP1-2.6,40,ScomberomorusNiphonius,Scomberomorus niphonius,Predator,2,0.666610442592593
SSP1-2.6,41,ScomberomorusNiphonius,Scomberomorus niphonius,Predator,2,0.663129278765432
SSP1-2.6,42,ScomberomorusNiphonius,Scomberomorus niphonius,Predator,2,0.669775076049383
SSP1-2.6,43,ScomberomorusNiphonius,Scomberomorus niphonius,Predator,2,0.664700822592593
SSP1-2.6,44,ScomberomorusNiphonius,Scomberomorus niphonius,Predator,2,0.666046097777778
SSP1-2.6,45,ScomberomorusNiphonius,Scomberomorus niphonius,Predator,2,0.665212345308642
SSP1-2.6,46,ScomberomorusNiphonius,Scomberomorus niphonius,Predator,2,0.665829222345679
SSP1-2.6,47,ScomberomorusNiphonius,Scomberomorus niphonius,Predator,2,0.666983578888889
SSP1-2.6,48,ScomberomorusNiphonius,Scomberomorus niphonius,Predator,2,0.666208444938272
SSP1-2.6,49,ScomberomorusNiphonius,Scomberomorus niphonius,Predator,2,0.665720160617284
SSP1-2.6,50,ScomberomorusNiphonius,Scomberomorus niphonius,Predator,2,0.665953662716049
SSP1-2.6,51,ScomberomorusNiphonius,Scomberomorus niphonius,Predator,2,0.667221212839506
SSP1-2.6,52,ScomberomorusNiphonius,Scomberomorus niphonius,Predator,2,0.665344249135803
SSP1-2.6,53,ScomberomorusNiphonius,Scomberomorus niphonius,Predator,2,0.66705506962963
SSP1-2.6,54,ScomberomorusNiphonius,Scomberomorus niphonius,Predator,2,0.665972669876543
SSP1-2.6,55,ScomberomorusNiphonius,Scomberomorus niphonius,Predator,2,0.667142523950617
SSP1-2.6,56,ScomberomorusNiphonius,Scomberomorus niphonius,Predator,2,0.664475188518519
SSP1-2.6,57,ScomberomorusNiphonius,Scomberomorus niphonius,Predator,2,0.665851962962963
SSP1-2.6,58,ScomberomorusNiphonius,Scomberomorus niphonius,Predator,2,0.666518980740741
SSP1-2.6,59,ScomberomorusNiphonius,Scomberomorus niphonius,Predator,2,0.664396515802469
SSP1-2.6,60,ScomberomorusNiphonius,Scomberomorus niphonius,Predator,2,0.665884867901235
SSP1-2.6,61,ScomberomorusNiphonius,Scomberomorus niphonius,Predator,2,0.66479852962963
SSP1-2.6,62,ScomberomorusNiphonius,Scomberomorus niphonius,Predator,2,0.667418651604938
SSP1-2.6,63,ScomberomorusNiphonius,Scomberomorus niphonius,Predator,2,0.665282519753086
SSP1-2.6,64,ScomberomorusNiphonius,Scomberomorus niphonius,Predator,2,0.665805525308642
SSP1-2.6,65,ScomberomorusNiphonius,Scomberomorus niphonius,Predator,2,0.665118551234568
SSP1-2.6,66,ScomberomorusNiphonius,Scomberomorus niphonius,Predator,2,0.665683248148148
SSP1-2.6,67,ScomberomorusNiphonius,Scomberomorus niphonius,Predator,2,0.66550286308642
SSP1-2.6,68,ScomberomorusNiphonius,Scomberomorus niphonius,Predator,2,0.664466489506173
SSP1-2.6,69,ScomberomorusNiphonius,Scomberomorus niphonius,Predator,2,0.66585157962963
SSP1-2.6,70,ScomberomorusNiphonius,Scomberomorus niphonius,Predator,2,0.664394611234568
SSP1-2.6,71,ScomberomorusNiphonius,Scomberomorus niphonius,Predator,2,0.665144624938272
SSP1-2.6,72,ScomberomorusNiphonius,Scomberomorus niphonius,Predator,2,0.664627909876543
SSP1-2.6,73,ScomberomorusNiphonius,Scomberomorus niphonius,Predator,2,0.665945376790123
SSP1-2.6,74,ScomberomorusNiphonius,Scomberomorus niphonius,Predator,2,0.664376593827161
SSP1-2.6,75,ScomberomorusNiphonius,Scomberomorus niphonius,Predator,2,0.666567581728395
SSP1-2.6,76,ScomberomorusNiphonius,Scomberomorus niphonius,Predator,2,0.664787258271605
SSP1-2.6,77,ScomberomorusNiphonius,Scomberomorus niphonius,Predator,2,0.665275098641975
SSP1-2.6,78,ScomberomorusNiphonius,Scomberomorus niphonius,Predator,2,0.66209078
SSP1-2.6,79,ScomberomorusNiphonius,Scomberomorus niphonius,Predator,2,0.66501364
SSP1-2.6,80,ScomberomorusNiphonius,Scomberomorus niphonius,Predator,2,0.664987504320988
SSP1-2.6,81,ScomberomorusNiphonius,Scomberomorus niphonius,Predator,2,0.666030709259259
SSP1-2.6,82,ScomberomorusNiphonius,Scomberomorus niphonius,Predator,2,0.66456806654321
SSP1-2.6,83,ScomberomorusNiphonius,Scomberomorus niphonius,Predator,2,0.667263405061728
SSP1-2.6,84,ScomberomorusNiphonius,Scomberomorus niphonius,Predator,2,0.665510930493827
SSP1-2.6,85,ScomberomorusNiphonius,Scomberomorus niphonius,Predator,2,0.665294709012346
SSP1-2.6,86,ScomberomorusNiphonius,Scomberomorus niphonius,Predator,2,0.664771031481481
SSP1-2.6,87,ScomberomorusNiphonius,Scomberomorus niphonius,Predator,2,0.663725217037037
SSP1-2.6,88,ScomberomorusNiphonius,Scomberomorus niphonius,Predator,2,0.66210343037037
SSP1-2.6,89,ScomberomorusNiphonius,Scomberomorus niphonius,Predator,2,0.66556240691358
SSP1-2.6,90,ScomberomorusNiphonius,Scomberomorus niphonius,Predator,2,0.666180258641975
SSP1-2.6,91,ScomberomorusNiphonius,Scomberomorus niphonius,Predator,2,0.667765732716049
SSP1-2.6,92,ScomberomorusNiphonius,Scomberomorus niphonius,Predator,2,0.664634765679012
SSP1-2.6,93,ScomberomorusNiphonius,Scomberomorus niphonius,Predator,2,0.664838618395062
SSP1-2.6,94,ScomberomorusNiphonius,Scomberomorus niphonius,Predator,2,0.666619972469136
SSP1-2.6,95,ScomberomorusNiphonius,Scomberomorus niphonius,Predator,2,0.666306092345679
SSP1-2.6,96,ScomberomorusNiphonius,Scomberomorus niphonius,Predator,2,0.66583592654321
SSP1-2.6,97,ScomberomorusNiphonius,Scomberomorus niphonius,Predator,2,0.665814861234568
SSP1-2.6,98,ScomberomorusNiphonius,Scomberomorus niphonius,Predator,2,0.666860332716049
SSP1-2.6,99,ScomberomorusNiphonius,Scomberomorus niphonius,Predator,2,0.664808362592593
SSP1-2.6,100,ScomberomorusNiphonius,Scomberomorus niphonius,Predator,2,0.66417333654321
SSP1-2.6,1,TrichiurusJaponicus,Trichiurus japonicus,Predator,3,1.11206578345679
SSP1-2.6,2,TrichiurusJaponicus,Trichiurus japonicus,Predator,3,1.16106345950617
SSP1-2.6,3,TrichiurusJaponicus,Trichiurus japonicus,Predator,3,1.22925383283951
SSP1-2.6,4,TrichiurusJaponicus,Trichiurus japonicus,Predator,3,1.16872927530864
SSP1-2.6,5,TrichiurusJaponicus,Trichiurus japonicus,Predator,3,1.14962255185185
SSP1-2.6,6,TrichiurusJaponicus,Trichiurus japonicus,Predator,3,1.16823445469136
SSP1-2.6,7,TrichiurusJaponicus,Trichiurus japonicus,Predator,3,1.15594275185185
SSP1-2.6,8,TrichiurusJaponicus,Trichiurus japonicus,Predator,3,1.11987990407407
SSP1-2.6,9,TrichiurusJaponicus,Trichiurus japonicus,Predator,3,1.2185254808642
SSP1-2.6,10,TrichiurusJaponicus,Trichiurus japonicus,Predator,3,1.11567053432099
SSP1-2.6,11,TrichiurusJaponicus,Trichiurus japonicus,Predator,3,1.1558967417284
SSP1-2.6,12,TrichiurusJaponicus,Trichiurus japonicus,Predator,3,1.1672135891358
SSP1-2.6,13,TrichiurusJaponicus,Trichiurus japonicus,Predator,3,1.2107010845679
SSP1-2.6,14,TrichiurusJaponicus,Trichiurus japonicus,Predator,3,1.19387847493827
SSP1-2.6,15,TrichiurusJaponicus,Trichiurus japonicus,Predator,3,1.13396177765432
SSP1-2.6,16,TrichiurusJaponicus,Trichiurus japonicus,Predator,3,1.17964783518519
SSP1-2.6,17,TrichiurusJaponicus,Trichiurus japonicus,Predator,3,1.19597160839506
SSP1-2.6,18,TrichiurusJaponicus,Trichiurus japonicus,Predator,3,1.15891731802469
SSP1-2.6,19,TrichiurusJaponicus,Trichiurus japonicus,Predator,3,1.12991993691358
SSP1-2.6,20,TrichiurusJaponicus,Trichiurus japonicus,Predator,3,1.18750333777778
SSP1-2.6,21,TrichiurusJaponicus,Trichiurus japonicus,Predator,3,1.1632897808642
SSP1-2.6,22,TrichiurusJaponicus,Trichiurus japonicus,Predator,3,1.17861475222222
SSP1-2.6,23,TrichiurusJaponicus,Trichiurus japonicus,Predator,3,1.14523256049383
SSP1-2.6,24,TrichiurusJaponicus,Trichiurus japonicus,Predator,3,1.15936341407407
SSP1-2.6,25,TrichiurusJaponicus,Trichiurus japonicus,Predator,3,1.19463451506173
SSP1-2.6,26,TrichiurusJaponicus,Trichiurus japonicus,Predator,3,1.17277992185185
SSP1-2.6,27,TrichiurusJaponicus,Trichiurus japonicus,Predator,3,1.17316476123457
SSP1-2.6,28,TrichiurusJaponicus,Trichiurus japonicus,Predator,3,1.19872223666667
SSP1-2.6,29,TrichiurusJaponicus,Trichiurus japonicus,Predator,3,1.19392187197531
SSP1-2.6,30,TrichiurusJaponicus,Trichiurus japonicus,Predator,3,1.18587159111111
SSP1-2.6,31,TrichiurusJaponicus,Trichiurus japonicus,Predator,3,1.23524943246914
SSP1-2.6,32,TrichiurusJaponicus,Trichiurus japonicus,Predator,3,1.13661572024691
SSP1-2.6,33,TrichiurusJaponicus,Trichiurus japonicus,Predator,3,1.13084048222222
SSP1-2.6,34,TrichiurusJaponicus,Trichiurus japonicus,Predator,3,1.19440591012346
SSP1-2.6,35,TrichiurusJaponicus,Trichiurus japonicus,Predator,3,1.19170189419753
SSP1-2.6,36,TrichiurusJaponicus,Trichiurus japonicus,Predator,3,1.11453985358025
SSP1-2.6,37,TrichiurusJaponicus,Trichiurus japonicus,Predator,3,1.11733595814815
SSP1-2.6,38,TrichiurusJaponicus,Trichiurus japonicus,Predator,3,1.21065784259259
SSP1-2.6,39,TrichiurusJaponicus,Trichiurus japonicus,Predator,3,1.09359143320988
SSP1-2.6,40,TrichiurusJaponicus,Trichiurus japonicus,Predator,3,1.15058635074074
SSP1-2.6,41,TrichiurusJaponicus,Trichiurus japonicus,Predator,3,1.2121486817284
SSP1-2.6,42,TrichiurusJaponicus,Trichiurus japonicus,Predator,3,1.18488349358025
SSP1-2.6,43,TrichiurusJaponicus,Trichiurus japonicus,Predator,3,1.13622211419753
SSP1-2.6,44,TrichiurusJaponicus,Trichiurus japonicus,Predator,3,1.16829448506173
SSP1-2.6,45,TrichiurusJaponicus,Trichiurus japonicus,Predator,3,1.20505325851852
SSP1-2.6,46,TrichiurusJaponicus,Trichiurus japonicus,Predator,3,1.16184978888889
SSP1-2.6,47,TrichiurusJaponicus,Trichiurus japonicus,Predator,3,1.14673710790123
SSP1-2.6,48,TrichiurusJaponicus,Trichiurus japonicus,Predator,3,1.1878655191358
SSP1-2.6,49,TrichiurusJaponicus,Trichiurus japonicus,Predator,3,1.19615860765432
SSP1-2.6,50,TrichiurusJaponicus,Trichiurus japonicus,Predator,3,1.15607535679012
SSP1-2.6,51,TrichiurusJaponicus,Trichiurus japonicus,Predator,3,1.17740289185185
SSP1-2.6,52,TrichiurusJaponicus,Trichiurus japonicus,Predator,3,1.24667460728395
SSP1-2.6,53,TrichiurusJaponicus,Trichiurus japonicus,Predator,3,1.16761827320988
SSP1-2.6,54,TrichiurusJaponicus,Trichiurus japonicus,Predator,3,1.14438835506173
SSP1-2.6,55,TrichiurusJaponicus,Trichiurus japonicus,Predator,3,1.15653918666667
SSP1-2.6,56,TrichiurusJaponicus,Trichiurus japonicus,Predator,3,1.13198732037037
SSP1-2.6,57,TrichiurusJaponicus,Trichiurus japonicus,Predator,3,1.17376645012346
SSP1-2.6,58,TrichiurusJaponicus,Trichiurus japonicus,Predator,3,1.17866918209877
SSP1-2.6,59,TrichiurusJaponicus,Trichiurus japonicus,Predator,3,1.17187947876543
SSP1-2.6,60,TrichiurusJaponicus,Trichiurus japonicus,Predator,3,1.1684240008642
SSP1-2.6,61,TrichiurusJaponicus,Trichiurus japonicus,Predator,3,1.15839616518519
SSP1-2.6,62,TrichiurusJaponicus,Trichiurus japonicus,Predator,3,1.13838283209877
SSP1-2.6,63,TrichiurusJaponicus,Trichiurus japonicus,Predator,3,1.21647108444444
SSP1-2.6,64,TrichiurusJaponicus,Trichiurus japonicus,Predator,3,1.20839396407407
SSP1-2.6,65,TrichiurusJaponicus,Trichiurus japonicus,Predator,3,1.21406961481482
SSP1-2.6,66,TrichiurusJaponicus,Trichiurus japonicus,Predator,3,1.15682945740741
SSP1-2.6,67,TrichiurusJaponicus,Trichiurus japonicus,Predator,3,1.1464240217284
SSP1-2.6,68,TrichiurusJaponicus,Trichiurus japonicus,Predator,3,1.15153878728395
SSP1-2.6,69,TrichiurusJaponicus,Trichiurus japonicus,Predator,3,1.18495384851852
SSP1-2.6,70,TrichiurusJaponicus,Trichiurus japonicus,Predator,3,1.10286952209877
SSP1-2.6,71,TrichiurusJaponicus,Trichiurus japonicus,Predator,3,1.17122587654321
SSP1-2.6,72,TrichiurusJaponicus,Trichiurus japonicus,Predator,3,1.13384930469136
SSP1-2.6,73,TrichiurusJaponicus,Trichiurus japonicus,Predator,3,1.13253448530864
SSP1-2.6,74,TrichiurusJaponicus,Trichiurus japonicus,Predator,3,1.17280978950617
SSP1-2.6,75,TrichiurusJaponicus,Trichiurus japonicus,Predator,3,1.14738822925926
SSP1-2.6,76,TrichiurusJaponicus,Trichiurus japonicus,Predator,3,1.14519616444444
SSP1-2.6,77,TrichiurusJaponicus,Trichiurus japonicus,Predator,3,1.11932276024691
SSP1-2.6,78,TrichiurusJaponicus,Trichiurus japonicus,Predator,3,1.17460895197531
SSP1-2.6,79,TrichiurusJaponicus,Trichiurus japonicus,Predator,3,1.15265391901235
SSP1-2.6,80,TrichiurusJaponicus,Trichiurus japonicus,Predator,3,1.16389869654321
SSP1-2.6,81,TrichiurusJaponicus,Trichiurus japonicus,Predator,3,1.15917414654321
SSP1-2.6,82,TrichiurusJaponicus,Trichiurus japonicus,Predator,3,1.17632238160494
SSP1-2.6,83,TrichiurusJaponicus,Trichiurus japonicus,Predator,3,1.1682534062963
SSP1-2.6,84,TrichiurusJaponicus,Trichiurus japonicus,Predator,3,1.17336344716049
SSP1-2.6,85,TrichiurusJaponicus,Trichiurus japonicus,Predator,3,1.18540872382716
SSP1-2.6,86,TrichiurusJaponicus,Trichiurus japonicus,Predator,3,1.12450539530864
SSP1-2.6,87,TrichiurusJaponicus,Trichiurus japonicus,Predator,3,1.18505927111111
SSP1-2.6,88,TrichiurusJaponicus,Trichiurus japonicus,Predator,3,1.16328152382716
SSP1-2.6,89,TrichiurusJaponicus,Trichiurus japonicus,Predator,3,1.17823945938272
SSP1-2.6,90,TrichiurusJaponicus,Trichiurus japonicus,Predator,3,1.13587363160494
SSP1-2.6,91,TrichiurusJaponicus,Trichiurus japonicus,Predator,3,1.13767839419753
SSP1-2.6,92,TrichiurusJaponicus,Trichiurus japonicus,Predator,3,1.18194013839506
SSP1-2.6,93,TrichiurusJaponicus,Trichiurus japonicus,Predator,3,1.21673658691358
SSP1-2.6,94,TrichiurusJaponicus,Trichiurus japonicus,Predator,3,1.13631752024691
SSP1-2.6,95,TrichiurusJaponicus,Trichiurus japonicus,Predator,3,1.15562244320988
SSP1-2.6,96,TrichiurusJaponicus,Trichiurus japonicus,Predator,3,1.15612881469136
SSP1-2.6,97,TrichiurusJaponicus,Trichiurus japonicus,Predator,3,1.14011983765432
SSP1-2.6,98,TrichiurusJaponicus,Trichiurus japonicus,Predator,3,1.16211442407407
SSP1-2.6,99,TrichiurusJaponicus,Trichiurus japonicus,Predator,3,1.18567071777778
SSP1-2.6,100,TrichiurusJaponicus,Trichiurus japonicus,Predator,3,1.16753763419753
SSP1-2.6,1,MuraenesoxCinereus,Muraenesox cinereus,Predator,4,0.707095481975309
SSP1-2.6,2,MuraenesoxCinereus,Muraenesox cinereus,Predator,4,0.702997406666667
SSP1-2.6,3,MuraenesoxCinereus,Muraenesox cinereus,Predator,4,0.698851764938272
SSP1-2.6,4,MuraenesoxCinereus,Muraenesox cinereus,Predator,4,0.701239774320988
SSP1-2.6,5,MuraenesoxCinereus,Muraenesox cinereus,Predator,4,0.699521578641975
SSP1-2.6,6,MuraenesoxCinereus,Muraenesox cinereus,Predator,4,0.711083495308642
SSP1-2.6,7,MuraenesoxCinereus,Muraenesox cinereus,Predator,4,0.705838677777778
SSP1-2.6,8,MuraenesoxCinereus,Muraenesox cinereus,Predator,4,0.707391486419753
SSP1-2.6,9,MuraenesoxCinereus,Muraenesox cinereus,Predator,4,0.703068426296296
SSP1-2.6,10,MuraenesoxCinereus,Muraenesox cinereus,Predator,4,0.69843916308642
SSP1-2.6,11,MuraenesoxCinereus,Muraenesox cinereus,Predator,4,0.699890756296296
SSP1-2.6,12,MuraenesoxCinereus,Muraenesox cinereus,Predator,4,0.704280549506173
SSP1-2.6,13,MuraenesoxCinereus,Muraenesox cinereus,Predator,4,0.704298769753087
SSP1-2.6,14,MuraenesoxCinereus,Muraenesox cinereus,Predator,4,0.703062739012346
SSP1-2.6,15,MuraenesoxCinereus,Muraenesox cinereus,Predator,4,0.703361800864198
SSP1-2.6,16,MuraenesoxCinereus,Muraenesox cinereus,Predator,4,0.702812721111111
SSP1-2.6,17,MuraenesoxCinereus,Muraenesox cinereus,Predator,4,0.700013765925926
SSP1-2.6,18,MuraenesoxCinereus,Muraenesox cinereus,Predator,4,0.70405831
SSP1-2.6,19,MuraenesoxCinereus,Muraenesox cinereus,Predator,4,0.69804825308642
SSP1-2.6,20,MuraenesoxCinereus,Muraenesox cinereus,Predator,4,0.70302959617284
SSP1-2.6,21,MuraenesoxCinereus,Muraenesox cinereus,Predator,4,0.70225247308642
SSP1-2.6,22,MuraenesoxCinereus,Muraenesox cinereus,Predator,4,0.702845909753087
SSP1-2.6,23,MuraenesoxCinereus,Muraenesox cinereus,Predator,4,0.699742349506173
SSP1-2.6,24,MuraenesoxCinereus,Muraenesox cinereus,Predator,4,0.704250756790124
SSP1-2.6,25,MuraenesoxCinereus,Muraenesox cinereus,Predator,4,0.703384695555556
SSP1-2.6,26,MuraenesoxCinereus,Muraenesox cinereus,Predator,4,0.704317950493827
SSP1-2.6,27,MuraenesoxCinereus,Muraenesox cinereus,Predator,4,0.70448488691358
SSP1-2.6,28,MuraenesoxCinereus,Muraenesox cinereus,Predator,4,0.703483572716049
SSP1-2.6,29,MuraenesoxCinereus,Muraenesox cinereus,Predator,4,0.701955473827161
SSP1-2.6,30,MuraenesoxCinereus,Muraenesox cinereus,Predator,4,0.699286877654321
SSP1-2.6,31,MuraenesoxCinereus,Muraenesox cinereus,Predator,4,0.698013043950617
SSP1-2.6,32,MuraenesoxCinereus,Muraenesox cinereus,Predator,4,0.702854987037037
SSP1-2.6,33,MuraenesoxCinereus,Muraenesox cinereus,Predator,4,0.703684010987654
SSP1-2.6,34,MuraenesoxCinereus,Muraenesox cinereus,Predator,4,0.702837900617284
SSP1-2.6,35,MuraenesoxCinereus,Muraenesox cinereus,Predator,4,0.70354555691358
SSP1-2.6,36,MuraenesoxCinereus,Muraenesox cinereus,Predator,4,0.699092293333333
SSP1-2.6,37,MuraenesoxCinereus,Muraenesox cinereus,Predator,4,0.70215772617284
SSP1-2.6,38,MuraenesoxCinereus,Muraenesox cinereus,Predator,4,0.703854051111111
SSP1-2.6,39,MuraenesoxCinereus,Muraenesox cinereus,Predator,4,0.702679136296296
SSP1-2.6,40,MuraenesoxCinereus,Muraenesox cinereus,Predator,4,0.701175732345679
SSP1-2.6,41,MuraenesoxCinereus,Muraenesox cinereus,Predator,4,0.698745440864198
SSP1-2.6,42,MuraenesoxCinereus,Muraenesox cinereus,Predator,4,0.702083485925926
SSP1-2.6,43,MuraenesoxCinereus,Muraenesox cinereus,Predator,4,0.70528377617284
SSP1-2.6,44,MuraenesoxCinereus,Muraenesox cinereus,Predator,4,0.704720278518519
SSP1-2.6,45,MuraenesoxCinereus,Muraenesox cinereus,Predator,4,0.70348918654321
SSP1-2.6,46,MuraenesoxCinereus,Muraenesox cinereus,Predator,4,0.702441344074074
SSP1-2.6,47,MuraenesoxCinereus,Muraenesox cinereus,Predator,4,0.702941206666667
SSP1-2.6,48,MuraenesoxCinereus,Muraenesox cinereus,Predator,4,0.703692955308642
SSP1-2.6,49,MuraenesoxCinereus,Muraenesox cinereus,Predator,4,0.705813025925926
SSP1-2.6,50,MuraenesoxCinereus,Muraenesox cinereus,Predator,4,0.702334250864198
SSP1-2.6,51,MuraenesoxCinereus,Muraenesox cinereus,Predator,4,0.70290764037037
SSP1-2.6,52,MuraenesoxCinereus,Muraenesox cinereus,Predator,4,0.700276466296296
SSP1-2.6,53,MuraenesoxCinereus,Muraenesox cinereus,Predator,4,0.701088721604938
SSP1-2.6,54,MuraenesoxCinereus,Muraenesox cinereus,Predator,4,0.698457670740741
SSP1-2.6,55,MuraenesoxCinereus,Muraenesox cinereus,Predator,4,0.703856228024691
SSP1-2.6,56,MuraenesoxCinereus,Muraenesox cinereus,Predator,4,0.702501421604938
SSP1-2.6,57,MuraenesoxCinereus,Muraenesox cinereus,Predator,4,0.703171815679012
SSP1-2.6,58,MuraenesoxCinereus,Muraenesox cinereus,Predator,4,0.702559273703704
SSP1-2.6,59,MuraenesoxCinereus,Muraenesox cinereus,Predator,4,0.700350386049383
SSP1-2.6,60,MuraenesoxCinereus,Muraenesox cinereus,Predator,4,0.701144502839506
SSP1-2.6,61,MuraenesoxCinereus,Muraenesox cinereus,Predator,4,0.698249176790124
SSP1-2.6,62,MuraenesoxCinereus,Muraenesox cinereus,Predator,4,0.702671654814815
SSP1-2.6,63,MuraenesoxCinereus,Muraenesox cinereus,Predator,4,0.708213823209877
SSP1-2.6,64,MuraenesoxCinereus,Muraenesox cinereus,Predator,4,0.703267905308642
SSP1-2.6,65,MuraenesoxCinereus,Muraenesox cinereus,Predator,4,0.703061110864198
SSP1-2.6,66,MuraenesoxCinereus,Muraenesox cinereus,Predator,4,0.703777665432099
SSP1-2.6,67,MuraenesoxCinereus,Muraenesox cinereus,Predator,4,0.696063267777778
SSP1-2.6,68,MuraenesoxCinereus,Muraenesox cinereus,Predator,4,0.703804678148148
SSP1-2.6,69,MuraenesoxCinereus,Muraenesox cinereus,Predator,4,0.70132404
SSP1-2.6,70,MuraenesoxCinereus,Muraenesox cinereus,Predator,4,0.704218225308642
SSP1-2.6,71,MuraenesoxCinereus,Muraenesox cinereus,Predator,4,0.704310639506173
SSP1-2.6,72,MuraenesoxCinereus,Muraenesox cinereus,Predator,4,0.698874392839506
SSP1-2.6,73,MuraenesoxCinereus,Muraenesox cinereus,Predator,4,0.697393719382716
SSP1-2.6,74,MuraenesoxCinereus,Muraenesox cinereus,Predator,4,0.700587032592593
SSP1-2.6,75,MuraenesoxCinereus,Muraenesox cinereus,Predator,4,0.703677039753086
SSP1-2.6,76,MuraenesoxCinereus,Muraenesox cinereus,Predator,4,0.705189375679012
SSP1-2.6,77,MuraenesoxCinereus,Muraenesox cinereus,Predator,4,0.703633635555556
SSP1-2.6,78,MuraenesoxCinereus,Muraenesox cinereus,Predator,4,0.701462012592593
SSP1-2.6,79,MuraenesoxCinereus,Muraenesox cinereus,Predator,4,0.701864617283951
SSP1-2.6,80,MuraenesoxCinereus,Muraenesox cinereus,Predator,4,0.704481125925926
SSP1-2.6,81,MuraenesoxCinereus,Muraenesox cinereus,Predator,4,0.706259377901235
SSP1-2.6,82,MuraenesoxCinereus,Muraenesox cinereus,Predator,4,0.701487286296296
SSP1-2.6,83,MuraenesoxCinereus,Muraenesox cinereus,Predator,4,0.703392320617284
SSP1-2.6,84,MuraenesoxCinereus,Muraenesox cinereus,Predator,4,0.70581829
SSP1-2.6,85,MuraenesoxCinereus,Muraenesox cinereus,Predator,4,0.697094777407408
SSP1-2.6,86,MuraenesoxCinereus,Muraenesox cinereus,Predator,4,0.701002838641975
SSP1-2.6,87,MuraenesoxCinereus,Muraenesox cinereus,Predator,4,0.701790368765432
SSP1-2.6,88,MuraenesoxCinereus,Muraenesox cinereus,Predator,4,0.70161241962963
SSP1-2.6,89,MuraenesoxCinereus,Muraenesox cinereus,Predator,4,0.702955462098766
SSP1-2.6,90,MuraenesoxCinereus,Muraenesox cinereus,Predator,4,0.702453893703704
SSP1-2.6,91,MuraenesoxCinereus,Muraenesox cinereus,Predator,4,0.703977645185185
SSP1-2.6,92,MuraenesoxCinereus,Muraenesox cinereus,Predator,4,0.69765931308642
SSP1-2.6,93,MuraenesoxCinereus,Muraenesox cinereus,Predator,4,0.703495373580247
SSP1-2.6,94,MuraenesoxCinereus,Muraenesox cinereus,Predator,4,0.705890941851852
SSP1-2.6,95,MuraenesoxCinereus,Muraenesox cinereus,Predator,4,0.701502586666667
SSP1-2.6,96,MuraenesoxCinereus,Muraenesox cinereus,Predator,4,0.703374078641975
SSP1-2.6,97,MuraenesoxCinereus,Muraenesox cinereus,Predator,4,0.700777861481481
SSP1-2.6,98,MuraenesoxCinereus,Muraenesox cinereus,Predator,4,0.705994311481482
SSP1-2.6,99,MuraenesoxCinereus,Muraenesox cinereus,Predator,4,0.699322477407407
SSP1-2.6,100,MuraenesoxCinereus,Muraenesox cinereus,Predator,4,0.70520014617284
SSP1-2.6,1,MiichthysMiiuy,Miichthys miiuy,Predator,5,0.571904447777778
SSP1-2.6,2,MiichthysMiiuy,Miichthys miiuy,Predator,5,0.584888464814815
SSP1-2.6,3,MiichthysMiiuy,Miichthys miiuy,Predator,5,0.582393073580247
SSP1-2.6,4,MiichthysMiiuy,Miichthys miiuy,Predator,5,0.587083716296296
SSP1-2.6,5,MiichthysMiiuy,Miichthys miiuy,Predator,5,0.589922851728395
SSP1-2.6,6,MiichthysMiiuy,Miichthys miiuy,Predator,5,0.58251867654321
SSP1-2.6,7,MiichthysMiiuy,Miichthys miiuy,Predator,5,0.58845121617284
SSP1-2.6,8,MiichthysMiiuy,Miichthys miiuy,Predator,5,0.58390077691358
SSP1-2.6,9,MiichthysMiiuy,Miichthys miiuy,Predator,5,0.578624074197531
SSP1-2.6,10,MiichthysMiiuy,Miichthys miiuy,Predator,5,0.571507543333333
SSP1-2.6,11,MiichthysMiiuy,Miichthys miiuy,Predator,5,0.591639451234568
SSP1-2.6,12,MiichthysMiiuy,Miichthys miiuy,Predator,5,0.586030355802469
SSP1-2.6,13,MiichthysMiiuy,Miichthys miiuy,Predator,5,0.574384887530864
SSP1-2.6,14,MiichthysMiiuy,Miichthys miiuy,Predator,5,0.574111511604938
SSP1-2.6,15,MiichthysMiiuy,Miichthys miiuy,Predator,5,0.579436123827161
SSP1-2.6,16,MiichthysMiiuy,Miichthys miiuy,Predator,5,0.583228380987654
SSP1-2.6,17,MiichthysMiiuy,Miichthys miiuy,Predator,5,0.580539867160494
SSP1-2.6,18,MiichthysMiiuy,Miichthys miiuy,Predator,5,0.576384099382716
SSP1-2.6,19,MiichthysMiiuy,Miichthys miiuy,Predator,5,0.576533397283951
SSP1-2.6,20,MiichthysMiiuy,Miichthys miiuy,Predator,5,0.585655842345679
SSP1-2.6,21,MiichthysMiiuy,Miichthys miiuy,Predator,5,0.58556090691358
SSP1-2.6,22,MiichthysMiiuy,Miichthys miiuy,Predator,5,0.589501660740741
SSP1-2.6,23,MiichthysMiiuy,Miichthys miiuy,Predator,5,0.583380046296296
SSP1-2.6,24,MiichthysMiiuy,Miichthys miiuy,Predator,5,0.586453538024691
SSP1-2.6,25,MiichthysMiiuy,Miichthys miiuy,Predator,5,0.580621817407407
SSP1-2.6,26,MiichthysMiiuy,Miichthys miiuy,Predator,5,0.587563736049383
SSP1-2.6,27,MiichthysMiiuy,Miichthys miiuy,Predator,5,0.574718177530864
SSP1-2.6,28,MiichthysMiiuy,Miichthys miiuy,Predator,5,0.58307225345679
SSP1-2.6,29,MiichthysMiiuy,Miichthys miiuy,Predator,5,0.581094183580247
SSP1-2.6,30,MiichthysMiiuy,Miichthys miiuy,Predator,5,0.579723886666667
SSP1-2.6,31,MiichthysMiiuy,Miichthys miiuy,Predator,5,0.58936309691358
SSP1-2.6,32,MiichthysMiiuy,Miichthys miiuy,Predator,5,0.573750949012346
SSP1-2.6,33,MiichthysMiiuy,Miichthys miiuy,Predator,5,0.58673754308642
SSP1-2.6,34,MiichthysMiiuy,Miichthys miiuy,Predator,5,0.579668070493827
SSP1-2.6,35,MiichthysMiiuy,Miichthys miiuy,Predator,5,0.578086981481482
SSP1-2.6,36,MiichthysMiiuy,Miichthys miiuy,Predator,5,0.585119177901235
SSP1-2.6,37,MiichthysMiiuy,Miichthys miiuy,Predator,5,0.579749095308642
SSP1-2.6,38,MiichthysMiiuy,Miichthys miiuy,Predator,5,0.577076704320988
SSP1-2.6,39,MiichthysMiiuy,Miichthys miiuy,Predator,5,0.577376148765432
SSP1-2.6,40,MiichthysMiiuy,Miichthys miiuy,Predator,5,0.588463093209877
SSP1-2.6,41,MiichthysMiiuy,Miichthys miiuy,Predator,5,0.587017936666667
SSP1-2.6,42,MiichthysMiiuy,Miichthys miiuy,Predator,5,0.568901856419753
SSP1-2.6,43,MiichthysMiiuy,Miichthys miiuy,Predator,5,0.585321715308642
SSP1-2.6,44,MiichthysMiiuy,Miichthys miiuy,Predator,5,0.578252702592593
SSP1-2.6,45,MiichthysMiiuy,Miichthys miiuy,Predator,5,0.577381975679012
SSP1-2.6,46,MiichthysMiiuy,Miichthys miiuy,Predator,5,0.575116346666667
SSP1-2.6,47,MiichthysMiiuy,Miichthys miiuy,Predator,5,0.57339274308642
SSP1-2.6,48,MiichthysMiiuy,Miichthys miiuy,Predator,5,0.578383191604938
SSP1-2.6,49,MiichthysMiiuy,Miichthys miiuy,Predator,5,0.581240419259259
SSP1-2.6,50,MiichthysMiiuy,Miichthys miiuy,Predator,5,0.588668655061728
SSP1-2.6,51,MiichthysMiiuy,Miichthys miiuy,Predator,5,0.58480265382716
SSP1-2.6,52,MiichthysMiiuy,Miichthys miiuy,Predator,5,0.571357512839506
SSP1-2.6,53,MiichthysMiiuy,Miichthys miiuy,Predator,5,0.582652471851852
SSP1-2.6,54,MiichthysMiiuy,Miichthys miiuy,Predator,5,0.587601177283951
SSP1-2.6,55,MiichthysMiiuy,Miichthys miiuy,Predator,5,0.585932011481481
SSP1-2.6,56,MiichthysMiiuy,Miichthys miiuy,Predator,5,0.588101779259259
SSP1-2.6,57,MiichthysMiiuy,Miichthys miiuy,Predator,5,0.589783217901235
SSP1-2.6,58,MiichthysMiiuy,Miichthys miiuy,Predator,5,0.581034005679012
SSP1-2.6,59,MiichthysMiiuy,Miichthys miiuy,Predator,5,0.582743518148148
SSP1-2.6,60,MiichthysMiiuy,Miichthys miiuy,Predator,5,0.582929875432099
SSP1-2.6,61,MiichthysMiiuy,Miichthys miiuy,Predator,5,0.578330118641975
SSP1-2.6,62,MiichthysMiiuy,Miichthys miiuy,Predator,5,0.591690663580247
SSP1-2.6,63,MiichthysMiiuy,Miichthys miiuy,Predator,5,0.57613484308642
SSP1-2.6,64,MiichthysMiiuy,Miichthys miiuy,Predator,5,0.586849637901235
SSP1-2.6,65,MiichthysMiiuy,Miichthys miiuy,Predator,5,0.586716090740741
SSP1-2.6,66,MiichthysMiiuy,Miichthys miiuy,Predator,5,0.585168952222222
SSP1-2.6,67,MiichthysMiiuy,Miichthys miiuy,Predator,5,0.580095472345679
SSP1-2.6,68,MiichthysMiiuy,Miichthys miiuy,Predator,5,0.580856821358025
SSP1-2.6,69,MiichthysMiiuy,Miichthys miiuy,Predator,5,0.586436956296296
SSP1-2.6,70,MiichthysMiiuy,Miichthys miiuy,Predator,5,0.581570534320988
SSP1-2.6,71,MiichthysMiiuy,Miichthys miiuy,Predator,5,0.583643271975309
SSP1-2.6,72,MiichthysMiiuy,Miichthys miiuy,Predator,5,0.582458919259259
SSP1-2.6,73,MiichthysMiiuy,Miichthys miiuy,Predator,5,0.586391263209877
SSP1-2.6,74,MiichthysMiiuy,Miichthys miiuy,Predator,5,0.583755546790123
SSP1-2.6,75,MiichthysMiiuy,Miichthys miiuy,Predator,5,0.583999464444445
SSP1-2.6,76,MiichthysMiiuy,Miichthys miiuy,Predator,5,0.58217388271605
SSP1-2.6,77,MiichthysMiiuy,Miichthys miiuy,Predator,5,0.578231479506173
SSP1-2.6,78,MiichthysMiiuy,Miichthys miiuy,Predator,5,0.579852298765432
SSP1-2.6,79,MiichthysMiiuy,Miichthys miiuy,Predator,5,0.576508470987654
SSP1-2.6,80,MiichthysMiiuy,Miichthys miiuy,Predator,5,0.580210490864198
SSP1-2.6,81,MiichthysMiiuy,Miichthys miiuy,Predator,5,0.588596215432099
SSP1-2.6,82,MiichthysMiiuy,Miichthys miiuy,Predator,5,0.584294235925926
SSP1-2.6,83,MiichthysMiiuy,Miichthys miiuy,Predator,5,0.583024638765432
SSP1-2.6,84,MiichthysMiiuy,Miichthys miiuy,Predator,5,0.583520948518519
SSP1-2.6,85,MiichthysMiiuy,Miichthys miiuy,Predator,5,0.581536006296296
SSP1-2.6,86,MiichthysMiiuy,Miichthys miiuy,Predator,5,0.575425517530864
SSP1-2.6,87,MiichthysMiiuy,Miichthys miiuy,Predator,5,0.576498659876543
SSP1-2.6,88,MiichthysMiiuy,Miichthys miiuy,Predator,5,0.583464339135802
SSP1-2.6,89,MiichthysMiiuy,Miichthys miiuy,Predator,5,0.580910580987654
SSP1-2.6,90,MiichthysMiiuy,Miichthys miiuy,Predator,5,0.581942704320988
SSP1-2.6,91,MiichthysMiiuy,Miichthys miiuy,Predator,5,0.580019137777778
SSP1-2.6,92,MiichthysMiiuy,Miichthys miiuy,Predator,5,0.593117621975309
SSP1-2.6,93,MiichthysMiiuy,Miichthys miiuy,Predator,5,0.583764697777778
SSP1-2.6,94,MiichthysMiiuy,Miichthys miiuy,Predator,5,0.579620661604938
SSP1-2.6,95,MiichthysMiiuy,Miichthys miiuy,Predator,5,0.579851901111111
SSP1-2.6,96,MiichthysMiiuy,Miichthys miiuy,Predator,5,0.579964922098766
SSP1-2.6,97,MiichthysMiiuy,Miichthys miiuy,Predator,5,0.577275024691358
SSP1-2.6,98,MiichthysMiiuy,Miichthys miiuy,Predator,5,0.576513460740741
SSP1-2.6,99,MiichthysMiiuy,Miichthys miiuy,Predator,5,0.57971188962963
SSP1-2.6,100,MiichthysMiiuy,Miichthys miiuy,Predator,5,0.583825693209877
SSP1-2.6,1,TodarodesPacificus,Todarodes pacificus,Invertebrate,6,1.00698280469136
SSP1-2.6,2,TodarodesPacificus,Todarodes pacificus,Invertebrate,6,1.01417164135802
SSP1-2.6,3,TodarodesPacificus,Todarodes pacificus,Invertebrate,6,1.00416223765432
SSP1-2.6,4,TodarodesPacificus,Todarodes pacificus,Invertebrate,6,1.02618812209877
SSP1-2.6,5,TodarodesPacificus,Todarodes pacificus,Invertebrate,6,1.01436725419753
SSP1-2.6,6,TodarodesPacificus,Todarodes pacificus,Invertebrate,6,1.02935286851852
SSP1-2.6,7,TodarodesPacificus,Todarodes pacificus,Invertebrate,6,1.00535319444444
SSP1-2.6,8,TodarodesPacificus,Todarodes pacificus,Invertebrate,6,1.00400417246914
SSP1-2.6,9,TodarodesPacificus,Todarodes pacificus,Invertebrate,6,1.0254819337037
SSP1-2.6,10,TodarodesPacificus,Todarodes pacificus,Invertebrate,6,1.0080431691358
SSP1-2.6,11,TodarodesPacificus,Todarodes pacificus,Invertebrate,6,1.01888253358025
SSP1-2.6,12,TodarodesPacificus,Todarodes pacificus,Invertebrate,6,1.01932749246914
SSP1-2.6,13,TodarodesPacificus,Todarodes pacificus,Invertebrate,6,1.00587567320988
SSP1-2.6,14,TodarodesPacificus,Todarodes pacificus,Invertebrate,6,1.01550813493827
SSP1-2.6,15,TodarodesPacificus,Todarodes pacificus,Invertebrate,6,1.00663704135802
SSP1-2.6,16,TodarodesPacificus,Todarodes pacificus,Invertebrate,6,1.01152130901235
SSP1-2.6,17,TodarodesPacificus,Todarodes pacificus,Invertebrate,6,1.01294496555556
SSP1-2.6,18,TodarodesPacificus,Todarodes pacificus,Invertebrate,6,1.02025590049383
SSP1-2.6,19,TodarodesPacificus,Todarodes pacificus,Invertebrate,6,0.996583964567901
SSP1-2.6,20,TodarodesPacificus,Todarodes pacificus,Invertebrate,6,1.02456233975309
SSP1-2.6,21,TodarodesPacificus,Todarodes pacificus,Invertebrate,6,1.02024555814815
SSP1-2.6,22,TodarodesPacificus,Todarodes pacificus,Invertebrate,6,1.01612296580247
SSP1-2.6,23,TodarodesPacificus,Todarodes pacificus,Invertebrate,6,1.00861754555556
SSP1-2.6,24,TodarodesPacificus,Todarodes pacificus,Invertebrate,6,1.01215970703704
SSP1-2.6,25,TodarodesPacificus,Todarodes pacificus,Invertebrate,6,1.01528892222222
SSP1-2.6,26,TodarodesPacificus,Todarodes pacificus,Invertebrate,6,1.01627988098765
SSP1-2.6,27,TodarodesPacificus,Todarodes pacificus,Invertebrate,6,0.991885054814815
SSP1-2.6,28,TodarodesPacificus,Todarodes pacificus,Invertebrate,6,1.01177593962963
SSP1-2.6,29,TodarodesPacificus,Todarodes pacificus,Invertebrate,6,1.02084070259259
SSP1-2.6,30,TodarodesPacificus,Todarodes pacificus,Invertebrate,6,1.01001722765432
SSP1-2.6,31,TodarodesPacificus,Todarodes pacificus,Invertebrate,6,1.00544032407407
SSP1-2.6,32,TodarodesPacificus,Todarodes pacificus,Invertebrate,6,1.02797678012346
SSP1-2.6,33,TodarodesPacificus,Todarodes pacificus,Invertebrate,6,1.03582968
SSP1-2.6,34,TodarodesPacificus,Todarodes pacificus,Invertebrate,6,1.0214068991358
SSP1-2.6,35,TodarodesPacificus,Todarodes pacificus,Invertebrate,6,1.02994946925926
SSP1-2.6,36,TodarodesPacificus,Todarodes pacificus,Invertebrate,6,0.972655049506173
SSP1-2.6,37,TodarodesPacificus,Todarodes pacificus,Invertebrate,6,1.02281023493827
SSP1-2.6,38,TodarodesPacificus,Todarodes pacificus,Invertebrate,6,0.998923552222222
SSP1-2.6,39,TodarodesPacificus,Todarodes pacificus,Invertebrate,6,1.01037003185185
SSP1-2.6,40,TodarodesPacificus,Todarodes pacificus,Invertebrate,6,1.01100332012346
SSP1-2.6,41,TodarodesPacificus,Todarodes pacificus,Invertebrate,6,1.01454968777778
SSP1-2.6,42,TodarodesPacificus,Todarodes pacificus,Invertebrate,6,0.999546347407408
SSP1-2.6,43,TodarodesPacificus,Todarodes pacificus,Invertebrate,6,1.01450784876543
SSP1-2.6,44,TodarodesPacificus,Todarodes pacificus,Invertebrate,6,1.01349727493827
SSP1-2.6,45,TodarodesPacificus,Todarodes pacificus,Invertebrate,6,0.988068745308642
SSP1-2.6,46,TodarodesPacificus,Todarodes pacificus,Invertebrate,6,1.02097428777778
SSP1-2.6,47,TodarodesPacificus,Todarodes pacificus,Invertebrate,6,0.988544761234568
SSP1-2.6,48,TodarodesPacificus,Todarodes pacificus,Invertebrate,6,1.02795799358025
SSP1-2.6,49,TodarodesPacificus,Todarodes pacificus,Invertebrate,6,1.01448269716049
SSP1-2.6,50,TodarodesPacificus,Todarodes pacificus,Invertebrate,6,1.01354543851852
SSP1-2.6,51,TodarodesPacificus,Todarodes pacificus,Invertebrate,6,1.01223469160494
SSP1-2.6,52,TodarodesPacificus,Todarodes pacificus,Invertebrate,6,1.03027957345679
SSP1-2.6,53,TodarodesPacificus,Todarodes pacificus,Invertebrate,6,1.00416214987654
SSP1-2.6,54,TodarodesPacificus,Todarodes pacificus,Invertebrate,6,1.03162793296296
SSP1-2.6,55,TodarodesPacificus,Todarodes pacificus,Invertebrate,6,1.04091773320988
SSP1-2.6,56,TodarodesPacificus,Todarodes pacificus,Invertebrate,6,1.00575904135802
SSP1-2.6,57,TodarodesPacificus,Todarodes pacificus,Invertebrate,6,1.01353297987654
SSP1-2.6,58,TodarodesPacificus,Todarodes pacificus,Invertebrate,6,1.03698294012346
SSP1-2.6,59,TodarodesPacificus,Todarodes pacificus,Invertebrate,6,1.03060258938272
SSP1-2.6,60,TodarodesPacificus,Todarodes pacificus,Invertebrate,6,1.01267345481481
SSP1-2.6,61,TodarodesPacificus,Todarodes pacificus,Invertebrate,6,1.00028648185185
SSP1-2.6,62,TodarodesPacificus,Todarodes pacificus,Invertebrate,6,0.995545798888889
SSP1-2.6,63,TodarodesPacificus,Todarodes pacificus,Invertebrate,6,1.01709710061728
SSP1-2.6,64,TodarodesPacificus,Todarodes pacificus,Invertebrate,6,0.997575448395062
SSP1-2.6,65,TodarodesPacificus,Todarodes pacificus,Invertebrate,6,1.02526995283951
SSP1-2.6,66,TodarodesPacificus,Todarodes pacificus,Invertebrate,6,1.02974943234568
SSP1-2.6,67,TodarodesPacificus,Todarodes pacificus,Invertebrate,6,1.00203003407407
SSP1-2.6,68,TodarodesPacificus,Todarodes pacificus,Invertebrate,6,1.02288196679012
SSP1-2.6,69,TodarodesPacificus,Todarodes pacificus,Invertebrate,6,1.00890438111111
SSP1-2.6,70,TodarodesPacificus,Todarodes pacificus,Invertebrate,6,1.01494226074074
SSP1-2.6,71,TodarodesPacificus,Todarodes pacificus,Invertebrate,6,1.00058352555556
SSP1-2.6,72,TodarodesPacificus,Todarodes pacificus,Invertebrate,6,1.03353549975309
SSP1-2.6,73,TodarodesPacificus,Todarodes pacificus,Invertebrate,6,1.01464663419753
SSP1-2.6,74,TodarodesPacificus,Todarodes pacificus,Invertebrate,6,1.02284404703704
SSP1-2.6,75,TodarodesPacificus,Todarodes pacificus,Invertebrate,6,1.02758581567901
SSP1-2.6,76,TodarodesPacificus,Todarodes pacificus,Invertebrate,6,1.0271966117284
SSP1-2.6,77,TodarodesPacificus,Todarodes pacificus,Invertebrate,6,1.00543212814815
SSP1-2.6,78,TodarodesPacificus,Todarodes pacificus,Invertebrate,6,1.02958161061728
SSP1-2.6,79,TodarodesPacificus,Todarodes pacificus,Invertebrate,6,1.01815689407407
SSP1-2.6,80,TodarodesPacificus,Todarodes pacificus,Invertebrate,6,1.00855793308642
SSP1-2.6,81,TodarodesPacificus,Todarodes pacificus,Invertebrate,6,1.0191890262963
SSP1-2.6,82,TodarodesPacificus,Todarodes pacificus,Invertebrate,6,1.00142097061728
SSP1-2.6,83,TodarodesPacificus,Todarodes pacificus,Invertebrate,6,1.01000724888889
SSP1-2.6,84,TodarodesPacificus,Todarodes pacificus,Invertebrate,6,1.0234182062963
SSP1-2.6,85,TodarodesPacificus,Todarodes pacificus,Invertebrate,6,1.01695126901235
SSP1-2.6,86,TodarodesPacificus,Todarodes pacificus,Invertebrate,6,1.02921718148148
SSP1-2.6,87,TodarodesPacificus,Todarodes pacificus,Invertebrate,6,1.00996875580247
SSP1-2.6,88,TodarodesPacificus,Todarodes pacificus,Invertebrate,6,1.00272174666667
SSP1-2.6,89,TodarodesPacificus,Todarodes pacificus,Invertebrate,6,1.02412974555556
SSP1-2.6,90,TodarodesPacificus,Todarodes pacificus,Invertebrate,6,1.00263462716049
SSP1-2.6,91,TodarodesPacificus,Todarodes pacificus,Invertebrate,6,1.00970746901235
SSP1-2.6,92,TodarodesPacificus,Todarodes pacificus,Invertebrate,6,1.00530568888889
SSP1-2.6,93,TodarodesPacificus,Todarodes pacificus,Invertebrate,6,1.00104428345679
SSP1-2.6,94,TodarodesPacificus,Todarodes pacificus,Invertebrate,6,1.00018868567901
SSP1-2.6,95,TodarodesPacificus,Todarodes pacificus,Invertebrate,6,1.01502757098765
SSP1-2.6,96,TodarodesPacificus,Todarodes pacificus,Invertebrate,6,1.02442230987654
SSP1-2.6,97,TodarodesPacificus,Todarodes pacificus,Invertebrate,6,1.03815342320988
SSP1-2.6,98,TodarodesPacificus,Todarodes pacificus,Invertebrate,6,1.01708987308642
SSP1-2.6,99,TodarodesPacificus,Todarodes pacificus,Invertebrate,6,0.996362899012346
SSP1-2.6,100,TodarodesPacificus,Todarodes pacificus,Invertebrate,6,1.01612037814815
SSP1-2.6,1,TrachysalambriaCurvirostris,Trachysalambria curvirostris,Invertebrate,7,0.918509251111111
SSP1-2.6,2,TrachysalambriaCurvirostris,Trachysalambria curvirostris,Invertebrate,7,0.86350509382716
SSP1-2.6,3,TrachysalambriaCurvirostris,Trachysalambria curvirostris,Invertebrate,7,0.864251033827161
SSP1-2.6,4,TrachysalambriaCurvirostris,Trachysalambria curvirostris,Invertebrate,7,0.852014540123457
SSP1-2.6,5,TrachysalambriaCurvirostris,Trachysalambria curvirostris,Invertebrate,7,0.850567494197531
SSP1-2.6,6,TrachysalambriaCurvirostris,Trachysalambria curvirostris,Invertebrate,7,0.851301551234568
SSP1-2.6,7,TrachysalambriaCurvirostris,Trachysalambria curvirostris,Invertebrate,7,0.895468564320988
SSP1-2.6,8,TrachysalambriaCurvirostris,Trachysalambria curvirostris,Invertebrate,7,0.895018374814815
SSP1-2.6,9,TrachysalambriaCurvirostris,Trachysalambria curvirostris,Invertebrate,7,0.853723287777778
SSP1-2.6,10,TrachysalambriaCurvirostris,Trachysalambria curvirostris,Invertebrate,7,0.853484747654321
SSP1-2.6,11,TrachysalambriaCurvirostris,Trachysalambria curvirostris,Invertebrate,7,0.833021009876543
SSP1-2.6,12,TrachysalambriaCurvirostris,Trachysalambria curvirostris,Invertebrate,7,0.91759289345679
SSP1-2.6,13,TrachysalambriaCurvirostris,Trachysalambria curvirostris,Invertebrate,7,0.852797187777778
SSP1-2.6,14,TrachysalambriaCurvirostris,Trachysalambria curvirostris,Invertebrate,7,0.895544378148148
SSP1-2.6,15,TrachysalambriaCurvirostris,Trachysalambria curvirostris,Invertebrate,7,0.917672275802469
SSP1-2.6,16,TrachysalambriaCurvirostris,Trachysalambria curvirostris,Invertebrate,7,0.862316961851852
SSP1-2.6,17,TrachysalambriaCurvirostris,Trachysalambria curvirostris,Invertebrate,7,0.880355984814815
SSP1-2.6,18,TrachysalambriaCurvirostris,Trachysalambria curvirostris,Invertebrate,7,0.846790271234568
SSP1-2.6,19,TrachysalambriaCurvirostris,Trachysalambria curvirostris,Invertebrate,7,0.850798912469136
SSP1-2.6,20,TrachysalambriaCurvirostris,Trachysalambria curvirostris,Invertebrate,7,0.856992690740741
SSP1-2.6,21,TrachysalambriaCurvirostris,Trachysalambria curvirostris,Invertebrate,7,0.900222087037037
SSP1-2.6,22,TrachysalambriaCurvirostris,Trachysalambria curvirostris,Invertebrate,7,0.857352961111111
SSP1-2.6,23,TrachysalambriaCurvirostris,Trachysalambria curvirostris,Invertebrate,7,0.909457055925926
SSP1-2.6,24,TrachysalambriaCurvirostris,Trachysalambria curvirostris,Invertebrate,7,0.824683970246914
SSP1-2.6,25,TrachysalambriaCurvirostris,Trachysalambria curvirostris,Invertebrate,7,0.889578233703704
SSP1-2.6,26,TrachysalambriaCurvirostris,Trachysalambria curvirostris,Invertebrate,7,0.892027997037037
SSP1-2.6,27,TrachysalambriaCurvirostris,Trachysalambria curvirostris,Invertebrate,7,0.890079575432099
SSP1-2.6,28,TrachysalambriaCurvirostris,Trachysalambria curvirostris,Invertebrate,7,0.84845824962963
SSP1-2.6,29,TrachysalambriaCurvirostris,Trachysalambria curvirostris,Invertebrate,7,0.854719510123457
SSP1-2.6,30,TrachysalambriaCurvirostris,Trachysalambria curvirostris,Invertebrate,7,0.886996486666667
SSP1-2.6,31,TrachysalambriaCurvirostris,Trachysalambria curvirostris,Invertebrate,7,0.847803565185185
SSP1-2.6,32,TrachysalambriaCurvirostris,Trachysalambria curvirostris,Invertebrate,7,0.869011392716049
SSP1-2.6,33,TrachysalambriaCurvirostris,Trachysalambria curvirostris,Invertebrate,7,0.884924913950617
SSP1-2.6,34,TrachysalambriaCurvirostris,Trachysalambria curvirostris,Invertebrate,7,0.878214936419753
SSP1-2.6,35,TrachysalambriaCurvirostris,Trachysalambria curvirostris,Invertebrate,7,0.86114765691358
SSP1-2.6,36,TrachysalambriaCurvirostris,Trachysalambria curvirostris,Invertebrate,7,0.921011303209877
SSP1-2.6,37,TrachysalambriaCurvirostris,Trachysalambria curvirostris,Invertebrate,7,0.873412047654321
SSP1-2.6,38,TrachysalambriaCurvirostris,Trachysalambria curvirostris,Invertebrate,7,0.85142013691358
SSP1-2.6,39,TrachysalambriaCurvirostris,Trachysalambria curvirostris,Invertebrate,7,0.89102926
SSP1-2.6,40,TrachysalambriaCurvirostris,Trachysalambria curvirostris,Invertebrate,7,0.854361913827161
SSP1-2.6,41,TrachysalambriaCurvirostris,Trachysalambria curvirostris,Invertebrate,7,0.830734520493827
SSP1-2.6,42,TrachysalambriaCurvirostris,Trachysalambria curvirostris,Invertebrate,7,0.879322716666667
SSP1-2.6,43,TrachysalambriaCurvirostris,Trachysalambria curvirostris,Invertebrate,7,0.834638963703704
SSP1-2.6,44,TrachysalambriaCurvirostris,Trachysalambria curvirostris,Invertebrate,7,0.875395785432099
SSP1-2.6,45,TrachysalambriaCurvirostris,Trachysalambria curvirostris,Invertebrate,7,0.853286014814815
SSP1-2.6,46,TrachysalambriaCurvirostris,Trachysalambria curvirostris,Invertebrate,7,0.855341745061729
SSP1-2.6,47,TrachysalambriaCurvirostris,Trachysalambria curvirostris,Invertebrate,7,0.879615145061728
SSP1-2.6,48,TrachysalambriaCurvirostris,Trachysalambria curvirostris,Invertebrate,7,0.82064183037037
SSP1-2.6,49,TrachysalambriaCurvirostris,Trachysalambria curvirostris,Invertebrate,7,0.869613247037037
SSP1-2.6,50,TrachysalambriaCurvirostris,Trachysalambria curvirostris,Invertebrate,7,0.860305407777778
SSP1-2.6,51,TrachysalambriaCurvirostris,Trachysalambria curvirostris,Invertebrate,7,0.897596038765432
SSP1-2.6,52,TrachysalambriaCurvirostris,Trachysalambria curvirostris,Invertebrate,7,0.872372238641975
SSP1-2.6,53,TrachysalambriaCurvirostris,Trachysalambria curvirostris,Invertebrate,7,0.863021340493827
SSP1-2.6,54,TrachysalambriaCurvirostris,Trachysalambria curvirostris,Invertebrate,7,0.841091031481481
SSP1-2.6,55,TrachysalambriaCurvirostris,Trachysalambria curvirostris,Invertebrate,7,0.906173761111111
SSP1-2.6,56,TrachysalambriaCurvirostris,Trachysalambria curvirostris,Invertebrate,7,0.833948532345679
SSP1-2.6,57,TrachysalambriaCurvirostris,Trachysalambria curvirostris,Invertebrate,7,0.853491788271605
SSP1-2.6,58,TrachysalambriaCurvirostris,Trachysalambria curvirostris,Invertebrate,7,0.879663737777778
SSP1-2.6,59,TrachysalambriaCurvirostris,Trachysalambria curvirostris,Invertebrate,7,0.877416429382716
SSP1-2.6,60,TrachysalambriaCurvirostris,Trachysalambria curvirostris,Invertebrate,7,0.901438488148148
SSP1-2.6,61,TrachysalambriaCurvirostris,Trachysalambria curvirostris,Invertebrate,7,0.892567043333333
SSP1-2.6,62,TrachysalambriaCurvirostris,Trachysalambria curvirostris,Invertebrate,7,0.867403892469136
SSP1-2.6,63,TrachysalambriaCurvirostris,Trachysalambria curvirostris,Invertebrate,7,0.87386365345679
SSP1-2.6,64,TrachysalambriaCurvirostris,Trachysalambria curvirostris,Invertebrate,7,0.875243341728395
SSP1-2.6,65,TrachysalambriaCurvirostris,Trachysalambria curvirostris,Invertebrate,7,0.870233817777778
SSP1-2.6,66,TrachysalambriaCurvirostris,Trachysalambria curvirostris,Invertebrate,7,0.871186672469136
SSP1-2.6,67,TrachysalambriaCurvirostris,Trachysalambria curvirostris,Invertebrate,7,0.866639646049383
SSP1-2.6,68,TrachysalambriaCurvirostris,Trachysalambria curvirostris,Invertebrate,7,0.858538669012346
SSP1-2.6,69,TrachysalambriaCurvirostris,Trachysalambria curvirostris,Invertebrate,7,0.877167868395062
SSP1-2.6,70,TrachysalambriaCurvirostris,Trachysalambria curvirostris,Invertebrate,7,0.854190514320988
SSP1-2.6,71,TrachysalambriaCurvirostris,Trachysalambria curvirostris,Invertebrate,7,0.859795610864198
SSP1-2.6,72,TrachysalambriaCurvirostris,Trachysalambria curvirostris,Invertebrate,7,0.857804753703704
SSP1-2.6,73,TrachysalambriaCurvirostris,Trachysalambria curvirostris,Invertebrate,7,0.867401440864198
SSP1-2.6,74,TrachysalambriaCurvirostris,Trachysalambria curvirostris,Invertebrate,7,0.849563608765432
SSP1-2.6,75,TrachysalambriaCurvirostris,Trachysalambria curvirostris,Invertebrate,7,0.845459524691358
SSP1-2.6,76,TrachysalambriaCurvirostris,Trachysalambria curvirostris,Invertebrate,7,0.888397532716049
SSP1-2.6,77,TrachysalambriaCurvirostris,Trachysalambria curvirostris,Invertebrate,7,0.889803524444444
SSP1-2.6,78,TrachysalambriaCurvirostris,Trachysalambria curvirostris,Invertebrate,7,0.854651495802469
SSP1-2.6,79,TrachysalambriaCurvirostris,Trachysalambria curvirostris,Invertebrate,7,0.886945112962963
SSP1-2.6,80,TrachysalambriaCurvirostris,Trachysalambria curvirostris,Invertebrate,7,0.841098694074074
SSP1-2.6,81,TrachysalambriaCurvirostris,Trachysalambria curvirostris,Invertebrate,7,0.879990134938272
SSP1-2.6,82,TrachysalambriaCurvirostris,Trachysalambria curvirostris,Invertebrate,7,0.885806153580247
SSP1-2.6,83,TrachysalambriaCurvirostris,Trachysalambria curvirostris,Invertebrate,7,0.862445086419753
SSP1-2.6,84,TrachysalambriaCurvirostris,Trachysalambria curvirostris,Invertebrate,7,0.858967702716049
SSP1-2.6,85,TrachysalambriaCurvirostris,Trachysalambria curvirostris,Invertebrate,7,0.833069289259259
SSP1-2.6,86,TrachysalambriaCurvirostris,Trachysalambria curvirostris,Invertebrate,7,0.882443541975309
SSP1-2.6,87,TrachysalambriaCurvirostris,Trachysalambria curvirostris,Invertebrate,7,0.886425272839506
SSP1-2.6,88,TrachysalambriaCurvirostris,Trachysalambria curvirostris,Invertebrate,7,0.830077130123457
SSP1-2.6,89,TrachysalambriaCurvirostris,Trachysalambria curvirostris,Invertebrate,7,0.896272205185185
SSP1-2.6,90,TrachysalambriaCurvirostris,Trachysalambria curvirostris,Invertebrate,7,0.895890231728395
SSP1-2.6,91,TrachysalambriaCurvirostris,Trachysalambria curvirostris,Invertebrate,7,0.89047478691358
SSP1-2.6,92,TrachysalambriaCurvirostris,Trachysalambria curvirostris,Invertebrate,7,0.893218993950617
SSP1-2.6,93,TrachysalambriaCurvirostris,Trachysalambria curvirostris,Invertebrate,7,0.827767229753086
SSP1-2.6,94,TrachysalambriaCurvirostris,Trachysalambria curvirostris,Invertebrate,7,0.863462267160494
SSP1-2.6,95,TrachysalambriaCurvirostris,Trachysalambria curvirostris,Invertebrate,7,0.88048311691358
SSP1-2.6,96,TrachysalambriaCurvirostris,Trachysalambria curvirostris,Invertebrate,7,0.874222283827161
SSP1-2.6,97,TrachysalambriaCurvirostris,Trachysalambria curvirostris,Invertebrate,7,0.908020322716049
SSP1-2.6,98,TrachysalambriaCurvirostris,Trachysalambria curvirostris,Invertebrate,7,0.866399480740741
SSP1-2.6,99,TrachysalambriaCurvirostris,Trachysalambria curvirostris,Invertebrate,7,0.875107909382716
SSP1-2.6,100,TrachysalambriaCurvirostris,Trachysalambria curvirostris,Invertebrate,7,0.897617619753086
SSP1-2.6,1,PortunusTrituberculatus,Portunus trituberculatus,Invertebrate,8,1.01554095382716
SSP1-2.6,2,PortunusTrituberculatus,Portunus trituberculatus,Invertebrate,8,1.00775709777778
SSP1-2.6,3,PortunusTrituberculatus,Portunus trituberculatus,Invertebrate,8,1.00667351790123
SSP1-2.6,4,PortunusTrituberculatus,Portunus trituberculatus,Invertebrate,8,1.00657513753086
SSP1-2.6,5,PortunusTrituberculatus,Portunus trituberculatus,Invertebrate,8,1.01826325358025
SSP1-2.6,6,PortunusTrituberculatus,Portunus trituberculatus,Invertebrate,8,1.00310476481481
SSP1-2.6,7,PortunusTrituberculatus,Portunus trituberculatus,Invertebrate,8,1.02474264790123
SSP1-2.6,8,PortunusTrituberculatus,Portunus trituberculatus,Invertebrate,8,1.01952907320988
SSP1-2.6,9,PortunusTrituberculatus,Portunus trituberculatus,Invertebrate,8,0.991828469135802
SSP1-2.6,10,PortunusTrituberculatus,Portunus trituberculatus,Invertebrate,8,1.01651337518519
SSP1-2.6,11,PortunusTrituberculatus,Portunus trituberculatus,Invertebrate,8,1.00256698691358
SSP1-2.6,12,PortunusTrituberculatus,Portunus trituberculatus,Invertebrate,8,0.989770851111111
SSP1-2.6,13,PortunusTrituberculatus,Portunus trituberculatus,Invertebrate,8,0.983245917283951
SSP1-2.6,14,PortunusTrituberculatus,Portunus trituberculatus,Invertebrate,8,0.989190904567901
SSP1-2.6,15,PortunusTrituberculatus,Portunus trituberculatus,Invertebrate,8,1.00388687962963
SSP1-2.6,16,PortunusTrituberculatus,Portunus trituberculatus,Invertebrate,8,0.998918104074074
SSP1-2.6,17,PortunusTrituberculatus,Portunus trituberculatus,Invertebrate,8,1.0075251991358
SSP1-2.6,18,PortunusTrituberculatus,Portunus trituberculatus,Invertebrate,8,1.01567800271605
SSP1-2.6,19,PortunusTrituberculatus,Portunus trituberculatus,Invertebrate,8,0.974962121728395
SSP1-2.6,20,PortunusTrituberculatus,Portunus trituberculatus,Invertebrate,8,1.00337593259259
SSP1-2.6,21,PortunusTrituberculatus,Portunus trituberculatus,Invertebrate,8,0.976588641481482
SSP1-2.6,22,PortunusTrituberculatus,Portunus trituberculatus,Invertebrate,8,0.985413694567901
SSP1-2.6,23,PortunusTrituberculatus,Portunus trituberculatus,Invertebrate,8,0.990492525679012
SSP1-2.6,24,PortunusTrituberculatus,Portunus trituberculatus,Invertebrate,8,0.995235131234568
SSP1-2.6,25,PortunusTrituberculatus,Portunus trituberculatus,Invertebrate,8,0.987484337654321
SSP1-2.6,26,PortunusTrituberculatus,Portunus trituberculatus,Invertebrate,8,0.995175293333333
SSP1-2.6,27,PortunusTrituberculatus,Portunus trituberculatus,Invertebrate,8,1.04259749222222
SSP1-2.6,28,PortunusTrituberculatus,Portunus trituberculatus,Invertebrate,8,1.00498576283951
SSP1-2.6,29,PortunusTrituberculatus,Portunus trituberculatus,Invertebrate,8,0.977057183209877
SSP1-2.6,30,PortunusTrituberculatus,Portunus trituberculatus,Invertebrate,8,1.01330943234568
SSP1-2.6,31,PortunusTrituberculatus,Portunus trituberculatus,Invertebrate,8,0.990050090987654
SSP1-2.6,32,PortunusTrituberculatus,Portunus trituberculatus,Invertebrate,8,0.999630617283951
SSP1-2.6,33,PortunusTrituberculatus,Portunus trituberculatus,Invertebrate,8,0.957872081481482
SSP1-2.6,34,PortunusTrituberculatus,Portunus trituberculatus,Invertebrate,8,1.00786503987654
SSP1-2.6,35,PortunusTrituberculatus,Portunus trituberculatus,Invertebrate,8,0.979544301851852
SSP1-2.6,36,PortunusTrituberculatus,Portunus trituberculatus,Invertebrate,8,0.989102905061728
SSP1-2.6,37,PortunusTrituberculatus,Portunus trituberculatus,Invertebrate,8,1.03910812716049
SSP1-2.6,38,PortunusTrituberculatus,Portunus trituberculatus,Invertebrate,8,1.00808900222222
SSP1-2.6,39,PortunusTrituberculatus,Portunus trituberculatus,Invertebrate,8,1.00571769271605
SSP1-2.6,40,PortunusTrituberculatus,Portunus trituberculatus,Invertebrate,8,0.98136920654321
SSP1-2.6,41,PortunusTrituberculatus,Portunus trituberculatus,Invertebrate,8,1.00105737703704
SSP1-2.6,42,PortunusTrituberculatus,Portunus trituberculatus,Invertebrate,8,0.97363359037037
SSP1-2.6,43,PortunusTrituberculatus,Portunus trituberculatus,Invertebrate,8,1.04232643851852
SSP1-2.6,44,PortunusTrituberculatus,Portunus trituberculatus,Invertebrate,8,0.978299811111111
SSP1-2.6,45,PortunusTrituberculatus,Portunus trituberculatus,Invertebrate,8,0.997253135061728
SSP1-2.6,46,PortunusTrituberculatus,Portunus trituberculatus,Invertebrate,8,1.02874083246914
SSP1-2.6,47,PortunusTrituberculatus,Portunus trituberculatus,Invertebrate,8,1.00166480592593
SSP1-2.6,48,PortunusTrituberculatus,Portunus trituberculatus,Invertebrate,8,1.01357748259259
SSP1-2.6,49,PortunusTrituberculatus,Portunus trituberculatus,Invertebrate,8,1.01107402530864
SSP1-2.6,50,PortunusTrituberculatus,Portunus trituberculatus,Invertebrate,8,0.982800978765432
SSP1-2.6,51,PortunusTrituberculatus,Portunus trituberculatus,Invertebrate,8,0.984440951728395
SSP1-2.6,52,PortunusTrituberculatus,Portunus trituberculatus,Invertebrate,8,0.993660843333333
SSP1-2.6,53,PortunusTrituberculatus,Portunus trituberculatus,Invertebrate,8,0.984423702839506
SSP1-2.6,54,PortunusTrituberculatus,Portunus trituberculatus,Invertebrate,8,1.00258707444444
SSP1-2.6,55,PortunusTrituberculatus,Portunus trituberculatus,Invertebrate,8,0.958329650123457
SSP1-2.6,56,PortunusTrituberculatus,Portunus trituberculatus,Invertebrate,8,1.02917056802469
SSP1-2.6,57,PortunusTrituberculatus,Portunus trituberculatus,Invertebrate,8,0.980635391234568
SSP1-2.6,58,PortunusTrituberculatus,Portunus trituberculatus,Invertebrate,8,1.00989628444444
SSP1-2.6,59,PortunusTrituberculatus,Portunus trituberculatus,Invertebrate,8,0.977390128518518
SSP1-2.6,60,PortunusTrituberculatus,Portunus trituberculatus,Invertebrate,8,1.0065087291358
SSP1-2.6,61,PortunusTrituberculatus,Portunus trituberculatus,Invertebrate,8,0.991514484567901
SSP1-2.6,62,PortunusTrituberculatus,Portunus trituberculatus,Invertebrate,8,0.987910612345679
SSP1-2.6,63,PortunusTrituberculatus,Portunus trituberculatus,Invertebrate,8,0.995246602345679
SSP1-2.6,64,PortunusTrituberculatus,Portunus trituberculatus,Invertebrate,8,1.00591260271605
SSP1-2.6,65,PortunusTrituberculatus,Portunus trituberculatus,Invertebrate,8,0.996342681111111
SSP1-2.6,66,PortunusTrituberculatus,Portunus trituberculatus,Invertebrate,8,0.962303836790123
SSP1-2.6,67,PortunusTrituberculatus,Portunus trituberculatus,Invertebrate,8,0.974183357530864
SSP1-2.6,68,PortunusTrituberculatus,Portunus trituberculatus,Invertebrate,8,0.971707615061728
SSP1-2.6,69,PortunusTrituberculatus,Portunus trituberculatus,Invertebrate,8,1.02600561765432
SSP1-2.6,70,PortunusTrituberculatus,Portunus trituberculatus,Invertebrate,8,1.00685621641975
SSP1-2.6,71,PortunusTrituberculatus,Portunus trituberculatus,Invertebrate,8,0.990182379259259
SSP1-2.6,72,PortunusTrituberculatus,Portunus trituberculatus,Invertebrate,8,1.02688468012346
SSP1-2.6,73,PortunusTrituberculatus,Portunus trituberculatus,Invertebrate,8,1.02820325382716
SSP1-2.6,74,PortunusTrituberculatus,Portunus trituberculatus,Invertebrate,8,0.976402758024691
SSP1-2.6,75,PortunusTrituberculatus,Portunus trituberculatus,Invertebrate,8,0.992378444197531
SSP1-2.6,76,PortunusTrituberculatus,Portunus trituberculatus,Invertebrate,8,1.00404397864198
SSP1-2.6,77,PortunusTrituberculatus,Portunus trituberculatus,Invertebrate,8,0.993847101234568
SSP1-2.6,78,PortunusTrituberculatus,Portunus trituberculatus,Invertebrate,8,1.01648829432099
SSP1-2.6,79,PortunusTrituberculatus,Portunus trituberculatus,Invertebrate,8,1.00469537259259
SSP1-2.6,80,PortunusTrituberculatus,Portunus trituberculatus,Invertebrate,8,0.983277820617284
SSP1-2.6,81,PortunusTrituberculatus,Portunus trituberculatus,Invertebrate,8,0.970864396419753
SSP1-2.6,82,PortunusTrituberculatus,Portunus trituberculatus,Invertebrate,8,0.98791950617284
SSP1-2.6,83,PortunusTrituberculatus,Portunus trituberculatus,Invertebrate,8,0.971581694074074
SSP1-2.6,84,PortunusTrituberculatus,Portunus trituberculatus,Invertebrate,8,1.00102683209877
SSP1-2.6,85,PortunusTrituberculatus,Portunus trituberculatus,Invertebrate,8,1.00828420790123
SSP1-2.6,86,PortunusTrituberculatus,Portunus trituberculatus,Invertebrate,8,0.968625778395062
SSP1-2.6,87,PortunusTrituberculatus,Portunus trituberculatus,Invertebrate,8,0.96630449037037
SSP1-2.6,88,PortunusTrituberculatus,Portunus trituberculatus,Invertebrate,8,1.00388907839506
SSP1-2.6,89,PortunusTrituberculatus,Portunus trituberculatus,Invertebrate,8,1.00083823901235
SSP1-2.6,90,PortunusTrituberculatus,Portunus trituberculatus,Invertebrate,8,1.00295746691358
SSP1-2.6,91,PortunusTrituberculatus,Portunus trituberculatus,Invertebrate,8,1.0039567908642
SSP1-2.6,92,PortunusTrituberculatus,Portunus trituberculatus,Invertebrate,8,1.01734574641975
SSP1-2.6,93,PortunusTrituberculatus,Portunus trituberculatus,Invertebrate,8,1.01546494296296
SSP1-2.6,94,PortunusTrituberculatus,Portunus trituberculatus,Invertebrate,8,0.987135230740741
SSP1-2.6,95,PortunusTrituberculatus,Portunus trituberculatus,Invertebrate,8,1.02784635209877
SSP1-2.6,96,PortunusTrituberculatus,Portunus trituberculatus,Invertebrate,8,1.00866035641975
SSP1-2.6,97,PortunusTrituberculatus,Portunus trituberculatus,Invertebrate,8,1.00237115530864
SSP1-2.6,98,PortunusTrituberculatus,Portunus trituberculatus,Invertebrate,8,1.03263425567901
SSP1-2.6,99,PortunusTrituberculatus,Portunus trituberculatus,Invertebrate,8,1.00428753506173
SSP1-2.6,100,PortunusTrituberculatus,Portunus trituberculatus,Invertebrate,8,0.967453186419753
SSP1-2.6,1,ScomberJaponicus,Scomber japonicus,Mid-trophic species,9,0.790177458271605
SSP1-2.6,2,ScomberJaponicus,Scomber japonicus,Mid-trophic species,9,0.793590810123457
SSP1-2.6,3,ScomberJaponicus,Scomber japonicus,Mid-trophic species,9,0.789698808024691
SSP1-2.6,4,ScomberJaponicus,Scomber japonicus,Mid-trophic species,9,0.792269888518519
SSP1-2.6,5,ScomberJaponicus,Scomber japonicus,Mid-trophic species,9,0.79202062654321
SSP1-2.6,6,ScomberJaponicus,Scomber japonicus,Mid-trophic species,9,0.79582719308642
SSP1-2.6,7,ScomberJaponicus,Scomber japonicus,Mid-trophic species,9,0.791877441358025
SSP1-2.6,8,ScomberJaponicus,Scomber japonicus,Mid-trophic species,9,0.792926978888889
SSP1-2.6,9,ScomberJaponicus,Scomber japonicus,Mid-trophic species,9,0.788908357654321
SSP1-2.6,10,ScomberJaponicus,Scomber japonicus,Mid-trophic species,9,0.794442711481482
SSP1-2.6,11,ScomberJaponicus,Scomber japonicus,Mid-trophic species,9,0.790150234814815
SSP1-2.6,12,ScomberJaponicus,Scomber japonicus,Mid-trophic species,9,0.792385732962963
SSP1-2.6,13,ScomberJaponicus,Scomber japonicus,Mid-trophic species,9,0.797003598148148
SSP1-2.6,14,ScomberJaponicus,Scomber japonicus,Mid-trophic species,9,0.791285426666667
SSP1-2.6,15,ScomberJaponicus,Scomber japonicus,Mid-trophic species,9,0.796121182098766
SSP1-2.6,16,ScomberJaponicus,Scomber japonicus,Mid-trophic species,9,0.792114036666667
SSP1-2.6,17,ScomberJaponicus,Scomber japonicus,Mid-trophic species,9,0.789512441604938
SSP1-2.6,18,ScomberJaponicus,Scomber japonicus,Mid-trophic species,9,0.790099209382716
SSP1-2.6,19,ScomberJaponicus,Scomber japonicus,Mid-trophic species,9,0.79320690308642
SSP1-2.6,20,ScomberJaponicus,Scomber japonicus,Mid-trophic species,9,0.78972380617284
SSP1-2.6,21,ScomberJaponicus,Scomber japonicus,Mid-trophic species,9,0.795788603333333
SSP1-2.6,22,ScomberJaponicus,Scomber japonicus,Mid-trophic species,9,0.790763591604938
SSP1-2.6,23,ScomberJaponicus,Scomber japonicus,Mid-trophic species,9,0.789223112962963
SSP1-2.6,24,ScomberJaponicus,Scomber japonicus,Mid-trophic species,9,0.790386508148148
SSP1-2.6,25,ScomberJaponicus,Scomber japonicus,Mid-trophic species,9,0.794874686666667
SSP1-2.6,26,ScomberJaponicus,Scomber japonicus,Mid-trophic species,9,0.790782916419753
SSP1-2.6,27,ScomberJaponicus,Scomber japonicus,Mid-trophic species,9,0.794264838024691
SSP1-2.6,28,ScomberJaponicus,Scomber japonicus,Mid-trophic species,9,0.790385209753087
SSP1-2.6,29,ScomberJaponicus,Scomber japonicus,Mid-trophic species,9,0.791861741358025
SSP1-2.6,30,ScomberJaponicus,Scomber japonicus,Mid-trophic species,9,0.793701497160494
SSP1-2.6,31,ScomberJaponicus,Scomber japonicus,Mid-trophic species,9,0.791937199012346
SSP1-2.6,32,ScomberJaponicus,Scomber japonicus,Mid-trophic species,9,0.792840931111111
SSP1-2.6,33,ScomberJaponicus,Scomber japonicus,Mid-trophic species,9,0.787119745555556
SSP1-2.6,34,ScomberJaponicus,Scomber japonicus,Mid-trophic species,9,0.79304007691358
SSP1-2.6,35,ScomberJaponicus,Scomber japonicus,Mid-trophic species,9,0.791117721111111
SSP1-2.6,36,ScomberJaponicus,Scomber japonicus,Mid-trophic species,9,0.788491276419753
SSP1-2.6,37,ScomberJaponicus,Scomber japonicus,Mid-trophic species,9,0.793946312098765
SSP1-2.6,38,ScomberJaponicus,Scomber japonicus,Mid-trophic species,9,0.794235183950617
SSP1-2.6,39,ScomberJaponicus,Scomber japonicus,Mid-trophic species,9,0.793261914197531
SSP1-2.6,40,ScomberJaponicus,Scomber japonicus,Mid-trophic species,9,0.79535783037037
SSP1-2.6,41,ScomberJaponicus,Scomber japonicus,Mid-trophic species,9,0.792670166419753
SSP1-2.6,42,ScomberJaponicus,Scomber japonicus,Mid-trophic species,9,0.787684078148148
SSP1-2.6,43,ScomberJaponicus,Scomber japonicus,Mid-trophic species,9,0.796181108888889
SSP1-2.6,44,ScomberJaponicus,Scomber japonicus,Mid-trophic species,9,0.793546043333333
SSP1-2.6,45,ScomberJaponicus,Scomber japonicus,Mid-trophic species,9,0.793674587283951
SSP1-2.6,46,ScomberJaponicus,Scomber japonicus,Mid-trophic species,9,0.795707610617284
SSP1-2.6,47,ScomberJaponicus,Scomber japonicus,Mid-trophic species,9,0.794579543950617
SSP1-2.6,48,ScomberJaponicus,Scomber japonicus,Mid-trophic species,9,0.793646253580247
SSP1-2.6,49,ScomberJaponicus,Scomber japonicus,Mid-trophic species,9,0.792385361481482
SSP1-2.6,50,ScomberJaponicus,Scomber japonicus,Mid-trophic species,9,0.791070678024691
SSP1-2.6,51,ScomberJaponicus,Scomber japonicus,Mid-trophic species,9,0.795004852962963
SSP1-2.6,52,ScomberJaponicus,Scomber japonicus,Mid-trophic species,9,0.788522197283951
SSP1-2.6,53,ScomberJaponicus,Scomber japonicus,Mid-trophic species,9,0.792017659876543
SSP1-2.6,54,ScomberJaponicus,Scomber japonicus,Mid-trophic species,9,0.787750247654321
SSP1-2.6,55,ScomberJaponicus,Scomber japonicus,Mid-trophic species,9,0.790784505925926
SSP1-2.6,56,ScomberJaponicus,Scomber japonicus,Mid-trophic species,9,0.793904483580247
SSP1-2.6,57,ScomberJaponicus,Scomber japonicus,Mid-trophic species,9,0.789677869753086
SSP1-2.6,58,ScomberJaponicus,Scomber japonicus,Mid-trophic species,9,0.791748926790123
SSP1-2.6,59,ScomberJaponicus,Scomber japonicus,Mid-trophic species,9,0.796752105802469
SSP1-2.6,60,ScomberJaponicus,Scomber japonicus,Mid-trophic species,9,0.790972345185185
SSP1-2.6,61,ScomberJaponicus,Scomber japonicus,Mid-trophic species,9,0.795616974320988
SSP1-2.6,62,ScomberJaponicus,Scomber japonicus,Mid-trophic species,9,0.793570530740741
SSP1-2.6,63,ScomberJaponicus,Scomber japonicus,Mid-trophic species,9,0.792821893950617
SSP1-2.6,64,ScomberJaponicus,Scomber japonicus,Mid-trophic species,9,0.794452155308642
SSP1-2.6,65,ScomberJaponicus,Scomber japonicus,Mid-trophic species,9,0.793651490123457
SSP1-2.6,66,ScomberJaponicus,Scomber japonicus,Mid-trophic species,9,0.79180547617284
SSP1-2.6,67,ScomberJaponicus,Scomber japonicus,Mid-trophic species,9,0.797355184567901
SSP1-2.6,68,ScomberJaponicus,Scomber japonicus,Mid-trophic species,9,0.791843165555556
SSP1-2.6,69,ScomberJaponicus,Scomber japonicus,Mid-trophic species,9,0.793219911604938
SSP1-2.6,70,ScomberJaponicus,Scomber japonicus,Mid-trophic species,9,0.790626831111111
SSP1-2.6,71,ScomberJaponicus,Scomber japonicus,Mid-trophic species,9,0.789384910617284
SSP1-2.6,72,ScomberJaponicus,Scomber japonicus,Mid-trophic species,9,0.791834794074074
SSP1-2.6,73,ScomberJaponicus,Scomber japonicus,Mid-trophic species,9,0.796304441481482
SSP1-2.6,74,ScomberJaponicus,Scomber japonicus,Mid-trophic species,9,0.791675692222222
SSP1-2.6,75,ScomberJaponicus,Scomber japonicus,Mid-trophic species,9,0.793068309876543
SSP1-2.6,76,ScomberJaponicus,Scomber japonicus,Mid-trophic species,9,0.790413389135803
SSP1-2.6,77,ScomberJaponicus,Scomber japonicus,Mid-trophic species,9,0.789475766790123
SSP1-2.6,78,ScomberJaponicus,Scomber japonicus,Mid-trophic species,9,0.793779795802469
SSP1-2.6,79,ScomberJaponicus,Scomber japonicus,Mid-trophic species,9,0.795177088395062
SSP1-2.6,80,ScomberJaponicus,Scomber japonicus,Mid-trophic species,9,0.793159247407407
SSP1-2.6,81,ScomberJaponicus,Scomber japonicus,Mid-trophic species,9,0.792442738395062
SSP1-2.6,82,ScomberJaponicus,Scomber japonicus,Mid-trophic species,9,0.790440821481481
SSP1-2.6,83,ScomberJaponicus,Scomber japonicus,Mid-trophic species,9,0.793248474938272
SSP1-2.6,84,ScomberJaponicus,Scomber japonicus,Mid-trophic species,9,0.791097820493827
SSP1-2.6,85,ScomberJaponicus,Scomber japonicus,Mid-trophic species,9,0.790987465061728
SSP1-2.6,86,ScomberJaponicus,Scomber japonicus,Mid-trophic species,9,0.792389232716049
SSP1-2.6,87,ScomberJaponicus,Scomber japonicus,Mid-trophic species,9,0.796842571481482
SSP1-2.6,88,ScomberJaponicus,Scomber japonicus,Mid-trophic species,9,0.789241297654321
SSP1-2.6,89,ScomberJaponicus,Scomber japonicus,Mid-trophic species,9,0.792761172345679
SSP1-2.6,90,ScomberJaponicus,Scomber japonicus,Mid-trophic species,9,0.791868149135803
SSP1-2.6,91,ScomberJaponicus,Scomber japonicus,Mid-trophic species,9,0.788124545679012
SSP1-2.6,92,ScomberJaponicus,Scomber japonicus,Mid-trophic species,9,0.791285403333333
SSP1-2.6,93,ScomberJaponicus,Scomber japonicus,Mid-trophic species,9,0.788146546666667
SSP1-2.6,94,ScomberJaponicus,Scomber japonicus,Mid-trophic species,9,0.792332175802469
SSP1-2.6,95,ScomberJaponicus,Scomber japonicus,Mid-trophic species,9,0.784777430864198
SSP1-2.6,96,ScomberJaponicus,Scomber japonicus,Mid-trophic species,9,0.792198365555556
SSP1-2.6,97,ScomberJaponicus,Scomber japonicus,Mid-trophic species,9,0.797049544444444
SSP1-2.6,98,ScomberJaponicus,Scomber japonicus,Mid-trophic species,9,0.791830476049383
SSP1-2.6,99,ScomberJaponicus,Scomber japonicus,Mid-trophic species,9,0.792098582716049
SSP1-2.6,100,ScomberJaponicus,Scomber japonicus,Mid-trophic species,9,0.791218292592593
SSP1-2.6,1,DecapterusMaruadsi,Decapterus maruadsi,Mid-trophic species,10,0.5406323
SSP1-2.6,2,DecapterusMaruadsi,Decapterus maruadsi,Mid-trophic species,10,0.536541094444444
SSP1-2.6,3,DecapterusMaruadsi,Decapterus maruadsi,Mid-trophic species,10,0.535684575061728
SSP1-2.6,4,DecapterusMaruadsi,Decapterus maruadsi,Mid-trophic species,10,0.53847752654321
SSP1-2.6,5,DecapterusMaruadsi,Decapterus maruadsi,Mid-trophic species,10,0.536096257901235
SSP1-2.6,6,DecapterusMaruadsi,Decapterus maruadsi,Mid-trophic species,10,0.536386612222222
SSP1-2.6,7,DecapterusMaruadsi,Decapterus maruadsi,Mid-trophic species,10,0.535174533703704
SSP1-2.6,8,DecapterusMaruadsi,Decapterus maruadsi,Mid-trophic species,10,0.53420562
SSP1-2.6,9,DecapterusMaruadsi,Decapterus maruadsi,Mid-trophic species,10,0.537930387901235
SSP1-2.6,10,DecapterusMaruadsi,Decapterus maruadsi,Mid-trophic species,10,0.535914880617284
SSP1-2.6,11,DecapterusMaruadsi,Decapterus maruadsi,Mid-trophic species,10,0.535120289012346
SSP1-2.6,12,DecapterusMaruadsi,Decapterus maruadsi,Mid-trophic species,10,0.53596485962963
SSP1-2.6,13,DecapterusMaruadsi,Decapterus maruadsi,Mid-trophic species,10,0.537506681234568
SSP1-2.6,14,DecapterusMaruadsi,Decapterus maruadsi,Mid-trophic species,10,0.532944384567901
SSP1-2.6,15,DecapterusMaruadsi,Decapterus maruadsi,Mid-trophic species,10,0.538757475679012
SSP1-2.6,16,DecapterusMaruadsi,Decapterus maruadsi,Mid-trophic species,10,0.533937554691358
SSP1-2.6,17,DecapterusMaruadsi,Decapterus maruadsi,Mid-trophic species,10,0.539641812962963
SSP1-2.6,18,DecapterusMaruadsi,Decapterus maruadsi,Mid-trophic species,10,0.537059257037037
SSP1-2.6,19,DecapterusMaruadsi,Decapterus maruadsi,Mid-trophic species,10,0.53837434617284
SSP1-2.6,20,DecapterusMaruadsi,Decapterus maruadsi,Mid-trophic species,10,0.534826225432099
SSP1-2.6,21,DecapterusMaruadsi,Decapterus maruadsi,Mid-trophic species,10,0.536266077037037
SSP1-2.6,22,DecapterusMaruadsi,Decapterus maruadsi,Mid-trophic species,10,0.534410838888889
SSP1-2.6,23,DecapterusMaruadsi,Decapterus maruadsi,Mid-trophic species,10,0.539019312962963
SSP1-2.6,24,DecapterusMaruadsi,Decapterus maruadsi,Mid-trophic species,10,0.538271680617284
SSP1-2.6,25,DecapterusMaruadsi,Decapterus maruadsi,Mid-trophic species,10,0.531840772962963
SSP1-2.6,26,DecapterusMaruadsi,Decapterus maruadsi,Mid-trophic species,10,0.536043203827161
SSP1-2.6,27,DecapterusMaruadsi,Decapterus maruadsi,Mid-trophic species,10,0.540767757283951
SSP1-2.6,28,DecapterusMaruadsi,Decapterus maruadsi,Mid-trophic species,10,0.537435355185185
SSP1-2.6,29,DecapterusMaruadsi,Decapterus maruadsi,Mid-trophic species,10,0.533573990123457
SSP1-2.6,30,DecapterusMaruadsi,Decapterus maruadsi,Mid-trophic species,10,0.531709091975309
SSP1-2.6,31,DecapterusMaruadsi,Decapterus maruadsi,Mid-trophic species,10,0.533628384320988
SSP1-2.6,32,DecapterusMaruadsi,Decapterus maruadsi,Mid-trophic species,10,0.535521928271605
SSP1-2.6,33,DecapterusMaruadsi,Decapterus maruadsi,Mid-trophic species,10,0.536343290246914
SSP1-2.6,34,DecapterusMaruadsi,Decapterus maruadsi,Mid-trophic species,10,0.539581450246914
SSP1-2.6,35,DecapterusMaruadsi,Decapterus maruadsi,Mid-trophic species,10,0.536318641728395
SSP1-2.6,36,DecapterusMaruadsi,Decapterus maruadsi,Mid-trophic species,10,0.534077227160494
SSP1-2.6,37,DecapterusMaruadsi,Decapterus maruadsi,Mid-trophic species,10,0.531706334938272
SSP1-2.6,38,DecapterusMaruadsi,Decapterus maruadsi,Mid-trophic species,10,0.538468371111111
SSP1-2.6,39,DecapterusMaruadsi,Decapterus maruadsi,Mid-trophic species,10,0.536121169382716
SSP1-2.6,40,DecapterusMaruadsi,Decapterus maruadsi,Mid-trophic species,10,0.536392824814815
SSP1-2.6,41,DecapterusMaruadsi,Decapterus maruadsi,Mid-trophic species,10,0.537901587037037
SSP1-2.6,42,DecapterusMaruadsi,Decapterus maruadsi,Mid-trophic species,10,0.537101811234568
SSP1-2.6,43,DecapterusMaruadsi,Decapterus maruadsi,Mid-trophic species,10,0.538274914197531
SSP1-2.6,44,DecapterusMaruadsi,Decapterus maruadsi,Mid-trophic species,10,0.537475730493827
SSP1-2.6,45,DecapterusMaruadsi,Decapterus maruadsi,Mid-trophic species,10,0.536646404814815
SSP1-2.6,46,DecapterusMaruadsi,Decapterus maruadsi,Mid-trophic species,10,0.536837806049383
SSP1-2.6,47,DecapterusMaruadsi,Decapterus maruadsi,Mid-trophic species,10,0.536980480740741
SSP1-2.6,48,DecapterusMaruadsi,Decapterus maruadsi,Mid-trophic species,10,0.539003171234568
SSP1-2.6,49,DecapterusMaruadsi,Decapterus maruadsi,Mid-trophic species,10,0.534991811358025
SSP1-2.6,50,DecapterusMaruadsi,Decapterus maruadsi,Mid-trophic species,10,0.537619906666667
SSP1-2.6,51,DecapterusMaruadsi,Decapterus maruadsi,Mid-trophic species,10,0.538104110246914
SSP1-2.6,52,DecapterusMaruadsi,Decapterus maruadsi,Mid-trophic species,10,0.535729558641975
SSP1-2.6,53,DecapterusMaruadsi,Decapterus maruadsi,Mid-trophic species,10,0.532355082222222
SSP1-2.6,54,DecapterusMaruadsi,Decapterus maruadsi,Mid-trophic species,10,0.533342276419753
SSP1-2.6,55,DecapterusMaruadsi,Decapterus maruadsi,Mid-trophic species,10,0.534389719506173
SSP1-2.6,56,DecapterusMaruadsi,Decapterus maruadsi,Mid-trophic species,10,0.536468526049383
SSP1-2.6,57,DecapterusMaruadsi,Decapterus maruadsi,Mid-trophic species,10,0.533622857901235
SSP1-2.6,58,DecapterusMaruadsi,Decapterus maruadsi,Mid-trophic species,10,0.536162458518519
SSP1-2.6,59,DecapterusMaruadsi,Decapterus maruadsi,Mid-trophic species,10,0.535113082345679
SSP1-2.6,60,DecapterusMaruadsi,Decapterus maruadsi,Mid-trophic species,10,0.533958648518519
SSP1-2.6,61,DecapterusMaruadsi,Decapterus maruadsi,Mid-trophic species,10,0.538454852716049
SSP1-2.6,62,DecapterusMaruadsi,Decapterus maruadsi,Mid-trophic species,10,0.534684377037037
SSP1-2.6,63,DecapterusMaruadsi,Decapterus maruadsi,Mid-trophic species,10,0.533234788518518
SSP1-2.6,64,DecapterusMaruadsi,Decapterus maruadsi,Mid-trophic species,10,0.537772296790124
SSP1-2.6,65,DecapterusMaruadsi,Decapterus maruadsi,Mid-trophic species,10,0.537810044320988
SSP1-2.6,66,DecapterusMaruadsi,Decapterus maruadsi,Mid-trophic species,10,0.536205284814815
SSP1-2.6,67,DecapterusMaruadsi,Decapterus maruadsi,Mid-trophic species,10,0.537684471975309
SSP1-2.6,68,DecapterusMaruadsi,Decapterus maruadsi,Mid-trophic species,10,0.535587328888889
SSP1-2.6,69,DecapterusMaruadsi,Decapterus maruadsi,Mid-trophic species,10,0.536611816666667
SSP1-2.6,70,DecapterusMaruadsi,Decapterus maruadsi,Mid-trophic species,10,0.533611486790124
SSP1-2.6,71,DecapterusMaruadsi,Decapterus maruadsi,Mid-trophic species,10,0.536498113703704
SSP1-2.6,72,DecapterusMaruadsi,Decapterus maruadsi,Mid-trophic species,10,0.534436065432099
SSP1-2.6,73,DecapterusMaruadsi,Decapterus maruadsi,Mid-trophic species,10,0.539462890864198
SSP1-2.6,74,DecapterusMaruadsi,Decapterus maruadsi,Mid-trophic species,10,0.53204443962963
SSP1-2.6,75,DecapterusMaruadsi,Decapterus maruadsi,Mid-trophic species,10,0.54022989345679
SSP1-2.6,76,DecapterusMaruadsi,Decapterus maruadsi,Mid-trophic species,10,0.536857465679012
SSP1-2.6,77,DecapterusMaruadsi,Decapterus maruadsi,Mid-trophic species,10,0.535424001234568
SSP1-2.6,78,DecapterusMaruadsi,Decapterus maruadsi,Mid-trophic species,10,0.534444574197531
SSP1-2.6,79,DecapterusMaruadsi,Decapterus maruadsi,Mid-trophic species,10,0.533557582469136
SSP1-2.6,80,DecapterusMaruadsi,Decapterus maruadsi,Mid-trophic species,10,0.531938321604938
SSP1-2.6,81,DecapterusMaruadsi,Decapterus maruadsi,Mid-trophic species,10,0.53416067308642
SSP1-2.6,82,DecapterusMaruadsi,Decapterus maruadsi,Mid-trophic species,10,0.537299843827161
SSP1-2.6,83,DecapterusMaruadsi,Decapterus maruadsi,Mid-trophic species,10,0.534791763703704
SSP1-2.6,84,DecapterusMaruadsi,Decapterus maruadsi,Mid-trophic species,10,0.537521845061728
SSP1-2.6,85,DecapterusMaruadsi,Decapterus maruadsi,Mid-trophic species,10,0.541695430246914
SSP1-2.6,86,DecapterusMaruadsi,Decapterus maruadsi,Mid-trophic species,10,0.535859334074074
SSP1-2.6,87,DecapterusMaruadsi,Decapterus maruadsi,Mid-trophic species,10,0.535790588395062
SSP1-2.6,88,DecapterusMaruadsi,Decapterus maruadsi,Mid-trophic species,10,0.532060884197531
SSP1-2.6,89,DecapterusMaruadsi,Decapterus maruadsi,Mid-trophic species,10,0.537927494444444
SSP1-2.6,90,DecapterusMaruadsi,Decapterus maruadsi,Mid-trophic species,10,0.536663511111111
SSP1-2.6,91,DecapterusMaruadsi,Decapterus maruadsi,Mid-trophic species,10,0.535653368765432
SSP1-2.6,92,DecapterusMaruadsi,Decapterus maruadsi,Mid-trophic species,10,0.536811677037037
SSP1-2.6,93,DecapterusMaruadsi,Decapterus maruadsi,Mid-trophic species,10,0.533176401111111
SSP1-2.6,94,DecapterusMaruadsi,Decapterus maruadsi,Mid-trophic species,10,0.535014298395062
SSP1-2.6,95,DecapterusMaruadsi,Decapterus maruadsi,Mid-trophic species,10,0.537452715925926
SSP1-2.6,96,DecapterusMaruadsi,Decapterus maruadsi,Mid-trophic species,10,0.534027953333333
SSP1-2.6,97,DecapterusMaruadsi,Decapterus maruadsi,Mid-trophic species,10,0.537056672345679
SSP1-2.6,98,DecapterusMaruadsi,Decapterus maruadsi,Mid-trophic species,10,0.533007401111111
SSP1-2.6,99,DecapterusMaruadsi,Decapterus maruadsi,Mid-trophic species,10,0.53453329345679
SSP1-2.6,100,DecapterusMaruadsi,Decapterus maruadsi,Mid-trophic species,10,0.535377159753086
SSP1-2.6,1,PennahiaArgentata,Pennahia argentata,Mid-trophic species,11,0.59428395691358
SSP1-2.6,2,PennahiaArgentata,Pennahia argentata,Mid-trophic species,11,0.611609087283951
SSP1-2.6,3,PennahiaArgentata,Pennahia argentata,Mid-trophic species,11,0.60369238962963
SSP1-2.6,4,PennahiaArgentata,Pennahia argentata,Mid-trophic species,11,0.596628439506173
SSP1-2.6,5,PennahiaArgentata,Pennahia argentata,Mid-trophic species,11,0.607217062962963
SSP1-2.6,6,PennahiaArgentata,Pennahia argentata,Mid-trophic species,11,0.599372829506173
SSP1-2.6,7,PennahiaArgentata,Pennahia argentata,Mid-trophic species,11,0.595685841481482
SSP1-2.6,8,PennahiaArgentata,Pennahia argentata,Mid-trophic species,11,0.600038952716049
SSP1-2.6,9,PennahiaArgentata,Pennahia argentata,Mid-trophic species,11,0.610180920123457
SSP1-2.6,10,PennahiaArgentata,Pennahia argentata,Mid-trophic species,11,0.606850925185185
SSP1-2.6,11,PennahiaArgentata,Pennahia argentata,Mid-trophic species,11,0.595090005432099
SSP1-2.6,12,PennahiaArgentata,Pennahia argentata,Mid-trophic species,11,0.609899580740741
SSP1-2.6,13,PennahiaArgentata,Pennahia argentata,Mid-trophic species,11,0.614402147160494
SSP1-2.6,14,PennahiaArgentata,Pennahia argentata,Mid-trophic species,11,0.605673234691358
SSP1-2.6,15,PennahiaArgentata,Pennahia argentata,Mid-trophic species,11,0.615598914197531
SSP1-2.6,16,PennahiaArgentata,Pennahia argentata,Mid-trophic species,11,0.601661636296296
SSP1-2.6,17,PennahiaArgentata,Pennahia argentata,Mid-trophic species,11,0.595566759753086
SSP1-2.6,18,PennahiaArgentata,Pennahia argentata,Mid-trophic species,11,0.60254917962963
SSP1-2.6,19,PennahiaArgentata,Pennahia argentata,Mid-trophic species,11,0.613434598271605
SSP1-2.6,20,PennahiaArgentata,Pennahia argentata,Mid-trophic species,11,0.594553151975309
SSP1-2.6,21,PennahiaArgentata,Pennahia argentata,Mid-trophic species,11,0.625105458518519
SSP1-2.6,22,PennahiaArgentata,Pennahia argentata,Mid-trophic species,11,0.597663124691358
SSP1-2.6,23,PennahiaArgentata,Pennahia argentata,Mid-trophic species,11,0.606039369135803
SSP1-2.6,24,PennahiaArgentata,Pennahia argentata,Mid-trophic species,11,0.596634654320988
SSP1-2.6,25,PennahiaArgentata,Pennahia argentata,Mid-trophic species,11,0.614118570740741
SSP1-2.6,26,PennahiaArgentata,Pennahia argentata,Mid-trophic species,11,0.591668485925926
SSP1-2.6,27,PennahiaArgentata,Pennahia argentata,Mid-trophic species,11,0.603273784444444
SSP1-2.6,28,PennahiaArgentata,Pennahia argentata,Mid-trophic species,11,0.614120014567901
SSP1-2.6,29,PennahiaArgentata,Pennahia argentata,Mid-trophic species,11,0.606673502592593
SSP1-2.6,30,PennahiaArgentata,Pennahia argentata,Mid-trophic species,11,0.613109778641975
SSP1-2.6,31,PennahiaArgentata,Pennahia argentata,Mid-trophic species,11,0.601190055679012
SSP1-2.6,32,PennahiaArgentata,Pennahia argentata,Mid-trophic species,11,0.611185539012346
SSP1-2.6,33,PennahiaArgentata,Pennahia argentata,Mid-trophic species,11,0.612236546419753
SSP1-2.6,34,PennahiaArgentata,Pennahia argentata,Mid-trophic species,11,0.605817769506173
SSP1-2.6,35,PennahiaArgentata,Pennahia argentata,Mid-trophic species,11,0.59078448
SSP1-2.6,36,PennahiaArgentata,Pennahia argentata,Mid-trophic species,11,0.601109268888889
SSP1-2.6,37,PennahiaArgentata,Pennahia argentata,Mid-trophic species,11,0.599561075432099
SSP1-2.6,38,PennahiaArgentata,Pennahia argentata,Mid-trophic species,11,0.605751084444445
SSP1-2.6,39,PennahiaArgentata,Pennahia argentata,Mid-trophic species,11,0.602498054444444
SSP1-2.6,40,PennahiaArgentata,Pennahia argentata,Mid-trophic species,11,0.599776545925926
SSP1-2.6,41,PennahiaArgentata,Pennahia argentata,Mid-trophic species,11,0.614090518641975
SSP1-2.6,42,PennahiaArgentata,Pennahia argentata,Mid-trophic species,11,0.621856397530864
SSP1-2.6,43,PennahiaArgentata,Pennahia argentata,Mid-trophic species,11,0.598587559259259
SSP1-2.6,44,PennahiaArgentata,Pennahia argentata,Mid-trophic species,11,0.59869067962963
SSP1-2.6,45,PennahiaArgentata,Pennahia argentata,Mid-trophic species,11,0.612815263209877
SSP1-2.6,46,PennahiaArgentata,Pennahia argentata,Mid-trophic species,11,0.611407520864198
SSP1-2.6,47,PennahiaArgentata,Pennahia argentata,Mid-trophic species,11,0.60316601037037
SSP1-2.6,48,PennahiaArgentata,Pennahia argentata,Mid-trophic species,11,0.606571727283951
SSP1-2.6,49,PennahiaArgentata,Pennahia argentata,Mid-trophic species,11,0.604798274320988
SSP1-2.6,50,PennahiaArgentata,Pennahia argentata,Mid-trophic species,11,0.60414208037037
SSP1-2.6,51,PennahiaArgentata,Pennahia argentata,Mid-trophic species,11,0.601996537160494
SSP1-2.6,52,PennahiaArgentata,Pennahia argentata,Mid-trophic species,11,0.601887585061728
SSP1-2.6,53,PennahiaArgentata,Pennahia argentata,Mid-trophic species,11,0.601212017777778
SSP1-2.6,54,PennahiaArgentata,Pennahia argentata,Mid-trophic species,11,0.601569236419753
SSP1-2.6,55,PennahiaArgentata,Pennahia argentata,Mid-trophic species,11,0.598789858888889
SSP1-2.6,56,PennahiaArgentata,Pennahia argentata,Mid-trophic species,11,0.603285082839506
SSP1-2.6,57,PennahiaArgentata,Pennahia argentata,Mid-trophic species,11,0.602453284074074
SSP1-2.6,58,PennahiaArgentata,Pennahia argentata,Mid-trophic species,11,0.591752672469136
SSP1-2.6,59,PennahiaArgentata,Pennahia argentata,Mid-trophic species,11,0.591126519259259
SSP1-2.6,60,PennahiaArgentata,Pennahia argentata,Mid-trophic species,11,0.604583715802469
SSP1-2.6,61,PennahiaArgentata,Pennahia argentata,Mid-trophic species,11,0.606257769876543
SSP1-2.6,62,PennahiaArgentata,Pennahia argentata,Mid-trophic species,11,0.601888798024691
SSP1-2.6,63,PennahiaArgentata,Pennahia argentata,Mid-trophic species,11,0.606225435925926
SSP1-2.6,64,PennahiaArgentata,Pennahia argentata,Mid-trophic species,11,0.607002444567901
SSP1-2.6,65,PennahiaArgentata,Pennahia argentata,Mid-trophic species,11,0.605342240617284
SSP1-2.6,66,PennahiaArgentata,Pennahia argentata,Mid-trophic species,11,0.611113154938272
SSP1-2.6,67,PennahiaArgentata,Pennahia argentata,Mid-trophic species,11,0.602871228765432
SSP1-2.6,68,PennahiaArgentata,Pennahia argentata,Mid-trophic species,11,0.600280761234568
SSP1-2.6,69,PennahiaArgentata,Pennahia argentata,Mid-trophic species,11,0.60271234691358
SSP1-2.6,70,PennahiaArgentata,Pennahia argentata,Mid-trophic species,11,0.601035354567901
SSP1-2.6,71,PennahiaArgentata,Pennahia argentata,Mid-trophic species,11,0.603189618148148
SSP1-2.6,72,PennahiaArgentata,Pennahia argentata,Mid-trophic species,11,0.604856525925926
SSP1-2.6,73,PennahiaArgentata,Pennahia argentata,Mid-trophic species,11,0.600083559506173
SSP1-2.6,74,PennahiaArgentata,Pennahia argentata,Mid-trophic species,11,0.606154817530864
SSP1-2.6,75,PennahiaArgentata,Pennahia argentata,Mid-trophic species,11,0.604565488765432
SSP1-2.6,76,PennahiaArgentata,Pennahia argentata,Mid-trophic species,11,0.61018745962963
SSP1-2.6,77,PennahiaArgentata,Pennahia argentata,Mid-trophic species,11,0.601551371604938
SSP1-2.6,78,PennahiaArgentata,Pennahia argentata,Mid-trophic species,11,0.593621171358025
SSP1-2.6,79,PennahiaArgentata,Pennahia argentata,Mid-trophic species,11,0.598352240493827
SSP1-2.6,80,PennahiaArgentata,Pennahia argentata,Mid-trophic species,11,0.599493927037037
SSP1-2.6,81,PennahiaArgentata,Pennahia argentata,Mid-trophic species,11,0.616013763209877
SSP1-2.6,82,PennahiaArgentata,Pennahia argentata,Mid-trophic species,11,0.600435308641975
SSP1-2.6,83,PennahiaArgentata,Pennahia argentata,Mid-trophic species,11,0.590861787160494
SSP1-2.6,84,PennahiaArgentata,Pennahia argentata,Mid-trophic species,11,0.599634784938272
SSP1-2.6,85,PennahiaArgentata,Pennahia argentata,Mid-trophic species,11,0.596445336419753
SSP1-2.6,86,PennahiaArgentata,Pennahia argentata,Mid-trophic species,11,0.609631336666667
SSP1-2.6,87,PennahiaArgentata,Pennahia argentata,Mid-trophic species,11,0.59929061654321
SSP1-2.6,88,PennahiaArgentata,Pennahia argentata,Mid-trophic species,11,0.597743794814815
SSP1-2.6,89,PennahiaArgentata,Pennahia argentata,Mid-trophic species,11,0.611014395432099
SSP1-2.6,90,PennahiaArgentata,Pennahia argentata,Mid-trophic species,11,0.602930616419753
SSP1-2.6,91,PennahiaArgentata,Pennahia argentata,Mid-trophic species,11,0.606654329382716
SSP1-2.6,92,PennahiaArgentata,Pennahia argentata,Mid-trophic species,11,0.594960034691358
SSP1-2.6,93,PennahiaArgentata,Pennahia argentata,Mid-trophic species,11,0.624372106790124
SSP1-2.6,94,PennahiaArgentata,Pennahia argentata,Mid-trophic species,11,0.599334658148148
SSP1-2.6,95,PennahiaArgentata,Pennahia argentata,Mid-trophic species,11,0.602211491481481
SSP1-2.6,96,PennahiaArgentata,Pennahia argentata,Mid-trophic species,11,0.605093208888889
SSP1-2.6,97,PennahiaArgentata,Pennahia argentata,Mid-trophic species,11,0.608692635802469
SSP1-2.6,98,PennahiaArgentata,Pennahia argentata,Mid-trophic species,11,0.602318863703704
SSP1-2.6,99,PennahiaArgentata,Pennahia argentata,Mid-trophic species,11,0.599845675061728
SSP1-2.6,100,PennahiaArgentata,Pennahia argentata,Mid-trophic species,11,0.595593414567901
SSP1-2.6,1,PampusArgenteus,Pampus argenteus,Mid-trophic species,12,0.436507601728395
SSP1-2.6,2,PampusArgenteus,Pampus argenteus,Mid-trophic species,12,0.437815512469136
SSP1-2.6,3,PampusArgenteus,Pampus argenteus,Mid-trophic species,12,0.436824155555556
SSP1-2.6,4,PampusArgenteus,Pampus argenteus,Mid-trophic species,12,0.434581420493827
SSP1-2.6,5,PampusArgenteus,Pampus argenteus,Mid-trophic species,12,0.437568644938272
SSP1-2.6,6,PampusArgenteus,Pampus argenteus,Mid-trophic species,12,0.435377269506173
SSP1-2.6,7,PampusArgenteus,Pampus argenteus,Mid-trophic species,12,0.435711154691358
SSP1-2.6,8,PampusArgenteus,Pampus argenteus,Mid-trophic species,12,0.435639949876543
SSP1-2.6,9,PampusArgenteus,Pampus argenteus,Mid-trophic species,12,0.436575371851852
SSP1-2.6,10,PampusArgenteus,Pampus argenteus,Mid-trophic species,12,0.435243941481482
SSP1-2.6,11,PampusArgenteus,Pampus argenteus,Mid-trophic species,12,0.435773553333333
SSP1-2.6,12,PampusArgenteus,Pampus argenteus,Mid-trophic species,12,0.436554215925926
SSP1-2.6,13,PampusArgenteus,Pampus argenteus,Mid-trophic species,12,0.437623462839506
SSP1-2.6,14,PampusArgenteus,Pampus argenteus,Mid-trophic species,12,0.436752379753086
SSP1-2.6,15,PampusArgenteus,Pampus argenteus,Mid-trophic species,12,0.438137148024691
SSP1-2.6,16,PampusArgenteus,Pampus argenteus,Mid-trophic species,12,0.434023154567901
SSP1-2.6,17,PampusArgenteus,Pampus argenteus,Mid-trophic species,12,0.432874569753086
SSP1-2.6,18,PampusArgenteus,Pampus argenteus,Mid-trophic species,12,0.437441041604938
SSP1-2.6,19,PampusArgenteus,Pampus argenteus,Mid-trophic species,12,0.436576713333333
SSP1-2.6,20,PampusArgenteus,Pampus argenteus,Mid-trophic species,12,0.434774387160494
SSP1-2.6,21,PampusArgenteus,Pampus argenteus,Mid-trophic species,12,0.435199483333333
SSP1-2.6,22,PampusArgenteus,Pampus argenteus,Mid-trophic species,12,0.435072679382716
SSP1-2.6,23,PampusArgenteus,Pampus argenteus,Mid-trophic species,12,0.435745460987654
SSP1-2.6,24,PampusArgenteus,Pampus argenteus,Mid-trophic species,12,0.436198777160494
SSP1-2.6,25,PampusArgenteus,Pampus argenteus,Mid-trophic species,12,0.4353098
SSP1-2.6,26,PampusArgenteus,Pampus argenteus,Mid-trophic species,12,0.435822085925926
SSP1-2.6,27,PampusArgenteus,Pampus argenteus,Mid-trophic species,12,0.43516174308642
SSP1-2.6,28,PampusArgenteus,Pampus argenteus,Mid-trophic species,12,0.437323349753086
SSP1-2.6,29,PampusArgenteus,Pampus argenteus,Mid-trophic species,12,0.436641111358025
SSP1-2.6,30,PampusArgenteus,Pampus argenteus,Mid-trophic species,12,0.436076659506173
SSP1-2.6,31,PampusArgenteus,Pampus argenteus,Mid-trophic species,12,0.434215770740741
SSP1-2.6,32,PampusArgenteus,Pampus argenteus,Mid-trophic species,12,0.437275946049383
SSP1-2.6,33,PampusArgenteus,Pampus argenteus,Mid-trophic species,12,0.437777479259259
SSP1-2.6,34,PampusArgenteus,Pampus argenteus,Mid-trophic species,12,0.43823459037037
SSP1-2.6,35,PampusArgenteus,Pampus argenteus,Mid-trophic species,12,0.434915928518519
SSP1-2.6,36,PampusArgenteus,Pampus argenteus,Mid-trophic species,12,0.435714351111111
SSP1-2.6,37,PampusArgenteus,Pampus argenteus,Mid-trophic species,12,0.437755420246914
SSP1-2.6,38,PampusArgenteus,Pampus argenteus,Mid-trophic species,12,0.435859791234568
SSP1-2.6,39,PampusArgenteus,Pampus argenteus,Mid-trophic species,12,0.436659660493827
SSP1-2.6,40,PampusArgenteus,Pampus argenteus,Mid-trophic species,12,0.436665279876543
SSP1-2.6,41,PampusArgenteus,Pampus argenteus,Mid-trophic species,12,0.43574902308642
SSP1-2.6,42,PampusArgenteus,Pampus argenteus,Mid-trophic species,12,0.435507515061728
SSP1-2.6,43,PampusArgenteus,Pampus argenteus,Mid-trophic species,12,0.436634486419753
SSP1-2.6,44,PampusArgenteus,Pampus argenteus,Mid-trophic species,12,0.435668598518519
SSP1-2.6,45,PampusArgenteus,Pampus argenteus,Mid-trophic species,12,0.436040457037037
SSP1-2.6,46,PampusArgenteus,Pampus argenteus,Mid-trophic species,12,0.437718110617284
SSP1-2.6,47,PampusArgenteus,Pampus argenteus,Mid-trophic species,12,0.435176573950617
SSP1-2.6,48,PampusArgenteus,Pampus argenteus,Mid-trophic species,12,0.436493030617284
SSP1-2.6,49,PampusArgenteus,Pampus argenteus,Mid-trophic species,12,0.436113830987654
SSP1-2.6,50,PampusArgenteus,Pampus argenteus,Mid-trophic species,12,0.434510024320988
SSP1-2.6,51,PampusArgenteus,Pampus argenteus,Mid-trophic species,12,0.435346501975309
SSP1-2.6,52,PampusArgenteus,Pampus argenteus,Mid-trophic species,12,0.437492787901235
SSP1-2.6,53,PampusArgenteus,Pampus argenteus,Mid-trophic species,12,0.436024975061728
SSP1-2.6,54,PampusArgenteus,Pampus argenteus,Mid-trophic species,12,0.435416130864198
SSP1-2.6,55,PampusArgenteus,Pampus argenteus,Mid-trophic species,12,0.436687052839506
SSP1-2.6,56,PampusArgenteus,Pampus argenteus,Mid-trophic species,12,0.43580002617284
SSP1-2.6,57,PampusArgenteus,Pampus argenteus,Mid-trophic species,12,0.438162925802469
SSP1-2.6,58,PampusArgenteus,Pampus argenteus,Mid-trophic species,12,0.433986873703704
SSP1-2.6,59,PampusArgenteus,Pampus argenteus,Mid-trophic species,12,0.43814506654321
SSP1-2.6,60,PampusArgenteus,Pampus argenteus,Mid-trophic species,12,0.434556152469136
SSP1-2.6,61,PampusArgenteus,Pampus argenteus,Mid-trophic species,12,0.433948793209877
SSP1-2.6,62,PampusArgenteus,Pampus argenteus,Mid-trophic species,12,0.434900482345679
SSP1-2.6,63,PampusArgenteus,Pampus argenteus,Mid-trophic species,12,0.43713563691358
SSP1-2.6,64,PampusArgenteus,Pampus argenteus,Mid-trophic species,12,0.436626218148148
SSP1-2.6,65,PampusArgenteus,Pampus argenteus,Mid-trophic species,12,0.437110058518519
SSP1-2.6,66,PampusArgenteus,Pampus argenteus,Mid-trophic species,12,0.435836701728395
SSP1-2.6,67,PampusArgenteus,Pampus argenteus,Mid-trophic species,12,0.435643066666667
SSP1-2.6,68,PampusArgenteus,Pampus argenteus,Mid-trophic species,12,0.437346664691358
SSP1-2.6,69,PampusArgenteus,Pampus argenteus,Mid-trophic species,12,0.436146230246914
SSP1-2.6,70,PampusArgenteus,Pampus argenteus,Mid-trophic species,12,0.435802484197531
SSP1-2.6,71,PampusArgenteus,Pampus argenteus,Mid-trophic species,12,0.436953122222222
SSP1-2.6,72,PampusArgenteus,Pampus argenteus,Mid-trophic species,12,0.437088758024691
SSP1-2.6,73,PampusArgenteus,Pampus argenteus,Mid-trophic species,12,0.434909550864198
SSP1-2.6,74,PampusArgenteus,Pampus argenteus,Mid-trophic species,12,0.43559839308642
SSP1-2.6,75,PampusArgenteus,Pampus argenteus,Mid-trophic species,12,0.436743115802469
SSP1-2.6,76,PampusArgenteus,Pampus argenteus,Mid-trophic species,12,0.436565316666667
SSP1-2.6,77,PampusArgenteus,Pampus argenteus,Mid-trophic species,12,0.436816017037037
SSP1-2.6,78,PampusArgenteus,Pampus argenteus,Mid-trophic species,12,0.436663661111111
SSP1-2.6,79,PampusArgenteus,Pampus argenteus,Mid-trophic species,12,0.435109124691358
SSP1-2.6,80,PampusArgenteus,Pampus argenteus,Mid-trophic species,12,0.437621518765432
SSP1-2.6,81,PampusArgenteus,Pampus argenteus,Mid-trophic species,12,0.435732414074074
SSP1-2.6,82,PampusArgenteus,Pampus argenteus,Mid-trophic species,12,0.434952832222222
SSP1-2.6,83,PampusArgenteus,Pampus argenteus,Mid-trophic species,12,0.435176105925926
SSP1-2.6,84,PampusArgenteus,Pampus argenteus,Mid-trophic species,12,0.437054899012346
SSP1-2.6,85,PampusArgenteus,Pampus argenteus,Mid-trophic species,12,0.437197076296296
SSP1-2.6,86,PampusArgenteus,Pampus argenteus,Mid-trophic species,12,0.435905436666667
SSP1-2.6,87,PampusArgenteus,Pampus argenteus,Mid-trophic species,12,0.437400598271605
SSP1-2.6,88,PampusArgenteus,Pampus argenteus,Mid-trophic species,12,0.437529982469136
SSP1-2.6,89,PampusArgenteus,Pampus argenteus,Mid-trophic species,12,0.434344355802469
SSP1-2.6,90,PampusArgenteus,Pampus argenteus,Mid-trophic species,12,0.437538011481481
SSP1-2.6,91,PampusArgenteus,Pampus argenteus,Mid-trophic species,12,0.434056223950617
SSP1-2.6,92,PampusArgenteus,Pampus argenteus,Mid-trophic species,12,0.435946425802469
SSP1-2.6,93,PampusArgenteus,Pampus argenteus,Mid-trophic species,12,0.437553827654321
SSP1-2.6,94,PampusArgenteus,Pampus argenteus,Mid-trophic species,12,0.43531047345679
SSP1-2.6,95,PampusArgenteus,Pampus argenteus,Mid-trophic species,12,0.437120542469136
SSP1-2.6,96,PampusArgenteus,Pampus argenteus,Mid-trophic species,12,0.43579548654321
SSP1-2.6,97,PampusArgenteus,Pampus argenteus,Mid-trophic species,12,0.436042835432099
SSP1-2.6,98,PampusArgenteus,Pampus argenteus,Mid-trophic species,12,0.438181249876543
SSP1-2.6,99,PampusArgenteus,Pampus argenteus,Mid-trophic species,12,0.436024403580247
SSP1-2.6,100,PampusArgenteus,Pampus argenteus,Mid-trophic species,12,0.436387435185185
SSP1-2.6,1,LarimichthysPolyactis,Larimichthys polyactis,Mid-trophic species,13,0.880438037777778
SSP1-2.6,2,LarimichthysPolyactis,Larimichthys polyactis,Mid-trophic species,13,0.865856791111111
SSP1-2.6,3,LarimichthysPolyactis,Larimichthys polyactis,Mid-trophic species,13,0.859747040123457
SSP1-2.6,4,LarimichthysPolyactis,Larimichthys polyactis,Mid-trophic species,13,0.870619457160494
SSP1-2.6,5,LarimichthysPolyactis,Larimichthys polyactis,Mid-trophic species,13,0.879036834320988
SSP1-2.6,6,LarimichthysPolyactis,Larimichthys polyactis,Mid-trophic species,13,0.86726653654321
SSP1-2.6,7,LarimichthysPolyactis,Larimichthys polyactis,Mid-trophic species,13,0.866650549259259
SSP1-2.6,8,LarimichthysPolyactis,Larimichthys polyactis,Mid-trophic species,13,0.871455594444445
SSP1-2.6,9,LarimichthysPolyactis,Larimichthys polyactis,Mid-trophic species,13,0.885064710246914
SSP1-2.6,10,LarimichthysPolyactis,Larimichthys polyactis,Mid-trophic species,13,0.869613227037037
SSP1-2.6,11,LarimichthysPolyactis,Larimichthys polyactis,Mid-trophic species,13,0.885806718765432
SSP1-2.6,12,LarimichthysPolyactis,Larimichthys polyactis,Mid-trophic species,13,0.870243684567901
SSP1-2.6,13,LarimichthysPolyactis,Larimichthys polyactis,Mid-trophic species,13,0.861159346419753
SSP1-2.6,14,LarimichthysPolyactis,Larimichthys polyactis,Mid-trophic species,13,0.86405654345679
SSP1-2.6,15,LarimichthysPolyactis,Larimichthys polyactis,Mid-trophic species,13,0.874119057037037
SSP1-2.6,16,LarimichthysPolyactis,Larimichthys polyactis,Mid-trophic species,13,0.879298580617284
SSP1-2.6,17,LarimichthysPolyactis,Larimichthys polyactis,Mid-trophic species,13,0.867700105679012
SSP1-2.6,18,LarimichthysPolyactis,Larimichthys polyactis,Mid-trophic species,13,0.884437731851852
SSP1-2.6,19,LarimichthysPolyactis,Larimichthys polyactis,Mid-trophic species,13,0.874722829506173
SSP1-2.6,20,LarimichthysPolyactis,Larimichthys polyactis,Mid-trophic species,13,0.874695791111111
SSP1-2.6,21,LarimichthysPolyactis,Larimichthys polyactis,Mid-trophic species,13,0.88561006617284
SSP1-2.6,22,LarimichthysPolyactis,Larimichthys polyactis,Mid-trophic species,13,0.877699798641975
SSP1-2.6,23,LarimichthysPolyactis,Larimichthys polyactis,Mid-trophic species,13,0.871611818271605
SSP1-2.6,24,LarimichthysPolyactis,Larimichthys polyactis,Mid-trophic species,13,0.869683529012346
SSP1-2.6,25,LarimichthysPolyactis,Larimichthys polyactis,Mid-trophic species,13,0.858525690370371
SSP1-2.6,26,LarimichthysPolyactis,Larimichthys polyactis,Mid-trophic species,13,0.882265682962963
SSP1-2.6,27,LarimichthysPolyactis,Larimichthys polyactis,Mid-trophic species,13,0.876091370493827
SSP1-2.6,28,LarimichthysPolyactis,Larimichthys polyactis,Mid-trophic species,13,0.854632631481482
SSP1-2.6,29,LarimichthysPolyactis,Larimichthys polyactis,Mid-trophic species,13,0.865160709012346
SSP1-2.6,30,LarimichthysPolyactis,Larimichthys polyactis,Mid-trophic species,13,0.865875543580247
SSP1-2.6,31,LarimichthysPolyactis,Larimichthys polyactis,Mid-trophic species,13,0.878354333827161
SSP1-2.6,32,LarimichthysPolyactis,Larimichthys polyactis,Mid-trophic species,13,0.88186508308642
SSP1-2.6,33,LarimichthysPolyactis,Larimichthys polyactis,Mid-trophic species,13,0.869218295432099
SSP1-2.6,34,LarimichthysPolyactis,Larimichthys polyactis,Mid-trophic species,13,0.863844418765432
SSP1-2.6,35,LarimichthysPolyactis,Larimichthys polyactis,Mid-trophic species,13,0.873773217283951
SSP1-2.6,36,LarimichthysPolyactis,Larimichthys polyactis,Mid-trophic species,13,0.871803074444444
SSP1-2.6,37,LarimichthysPolyactis,Larimichthys polyactis,Mid-trophic species,13,0.885455249876543
SSP1-2.6,38,LarimichthysPolyactis,Larimichthys polyactis,Mid-trophic species,13,0.8789976
SSP1-2.6,39,LarimichthysPolyactis,Larimichthys polyactis,Mid-trophic species,13,0.880861622839506
SSP1-2.6,40,LarimichthysPolyactis,Larimichthys polyactis,Mid-trophic species,13,0.863183348148148
SSP1-2.6,41,LarimichthysPolyactis,Larimichthys polyactis,Mid-trophic species,13,0.863431230740741
SSP1-2.6,42,LarimichthysPolyactis,Larimichthys polyactis,Mid-trophic species,13,0.877201761111111
SSP1-2.6,43,LarimichthysPolyactis,Larimichthys polyactis,Mid-trophic species,13,0.884107498148148
SSP1-2.6,44,LarimichthysPolyactis,Larimichthys polyactis,Mid-trophic species,13,0.871214200987654
SSP1-2.6,45,LarimichthysPolyactis,Larimichthys polyactis,Mid-trophic species,13,0.876560001851852
SSP1-2.6,46,LarimichthysPolyactis,Larimichthys polyactis,Mid-trophic species,13,0.869671773580247
SSP1-2.6,47,LarimichthysPolyactis,Larimichthys polyactis,Mid-trophic species,13,0.879842082716049
SSP1-2.6,48,LarimichthysPolyactis,Larimichthys polyactis,Mid-trophic species,13,0.878767165308642
SSP1-2.6,49,LarimichthysPolyactis,Larimichthys polyactis,Mid-trophic species,13,0.87316252382716
SSP1-2.6,50,LarimichthysPolyactis,Larimichthys polyactis,Mid-trophic species,13,0.876486650123457
SSP1-2.6,51,LarimichthysPolyactis,Larimichthys polyactis,Mid-trophic species,13,0.859650508148148
SSP1-2.6,52,LarimichthysPolyactis,Larimichthys polyactis,Mid-trophic species,13,0.864842545802469
SSP1-2.6,53,LarimichthysPolyactis,Larimichthys polyactis,Mid-trophic species,13,0.870133281975309
SSP1-2.6,54,LarimichthysPolyactis,Larimichthys polyactis,Mid-trophic species,13,0.85848879962963
SSP1-2.6,55,LarimichthysPolyactis,Larimichthys polyactis,Mid-trophic species,13,0.884170961234568
SSP1-2.6,56,LarimichthysPolyactis,Larimichthys polyactis,Mid-trophic species,13,0.885644014074074
SSP1-2.6,57,LarimichthysPolyactis,Larimichthys polyactis,Mid-trophic species,13,0.870726791604938
SSP1-2.6,58,LarimichthysPolyactis,Larimichthys polyactis,Mid-trophic species,13,0.86966154691358
SSP1-2.6,59,LarimichthysPolyactis,Larimichthys polyactis,Mid-trophic species,13,0.874469064567901
SSP1-2.6,60,LarimichthysPolyactis,Larimichthys polyactis,Mid-trophic species,13,0.870575645925926
SSP1-2.6,61,LarimichthysPolyactis,Larimichthys polyactis,Mid-trophic species,13,0.858522458271605
SSP1-2.6,62,LarimichthysPolyactis,Larimichthys polyactis,Mid-trophic species,13,0.859328194320988
SSP1-2.6,63,LarimichthysPolyactis,Larimichthys polyactis,Mid-trophic species,13,0.878773040123457
SSP1-2.6,64,LarimichthysPolyactis,Larimichthys polyactis,Mid-trophic species,13,0.881378919382716
SSP1-2.6,65,LarimichthysPolyactis,Larimichthys polyactis,Mid-trophic species,13,0.872226392839506
SSP1-2.6,66,LarimichthysPolyactis,Larimichthys polyactis,Mid-trophic species,13,0.87056356654321
SSP1-2.6,67,LarimichthysPolyactis,Larimichthys polyactis,Mid-trophic species,13,0.872347028148148
SSP1-2.6,68,LarimichthysPolyactis,Larimichthys polyactis,Mid-trophic species,13,0.873214105555556
SSP1-2.6,69,LarimichthysPolyactis,Larimichthys polyactis,Mid-trophic species,13,0.873620625308642
SSP1-2.6,70,LarimichthysPolyactis,Larimichthys polyactis,Mid-trophic species,13,0.869502107530864
SSP1-2.6,71,LarimichthysPolyactis,Larimichthys polyactis,Mid-trophic species,13,0.883053521604938
SSP1-2.6,72,LarimichthysPolyactis,Larimichthys polyactis,Mid-trophic species,13,0.886580058271605
SSP1-2.6,73,LarimichthysPolyactis,Larimichthys polyactis,Mid-trophic species,13,0.87883036617284
SSP1-2.6,74,LarimichthysPolyactis,Larimichthys polyactis,Mid-trophic species,13,0.870025314197531
SSP1-2.6,75,LarimichthysPolyactis,Larimichthys polyactis,Mid-trophic species,13,0.872761641851852
SSP1-2.6,76,LarimichthysPolyactis,Larimichthys polyactis,Mid-trophic species,13,0.879090771234568
SSP1-2.6,77,LarimichthysPolyactis,Larimichthys polyactis,Mid-trophic species,13,0.861417922098766
SSP1-2.6,78,LarimichthysPolyactis,Larimichthys polyactis,Mid-trophic species,13,0.866773432716049
SSP1-2.6,79,LarimichthysPolyactis,Larimichthys polyactis,Mid-trophic species,13,0.880985476419753
SSP1-2.6,80,LarimichthysPolyactis,Larimichthys polyactis,Mid-trophic species,13,0.890837939506173
SSP1-2.6,81,LarimichthysPolyactis,Larimichthys polyactis,Mid-trophic species,13,0.852977131358025
SSP1-2.6,82,LarimichthysPolyactis,Larimichthys polyactis,Mid-trophic species,13,0.868076277407407
SSP1-2.6,83,LarimichthysPolyactis,Larimichthys polyactis,Mid-trophic species,13,0.879930052962963
SSP1-2.6,84,LarimichthysPolyactis,Larimichthys polyactis,Mid-trophic species,13,0.880917922098765
SSP1-2.6,85,LarimichthysPolyactis,Larimichthys polyactis,Mid-trophic species,13,0.870575342469136
SSP1-2.6,86,LarimichthysPolyactis,Larimichthys polyactis,Mid-trophic species,13,0.867349502345679
SSP1-2.6,87,LarimichthysPolyactis,Larimichthys polyactis,Mid-trophic species,13,0.876838410123457
SSP1-2.6,88,LarimichthysPolyactis,Larimichthys polyactis,Mid-trophic species,13,0.854387711481482
SSP1-2.6,89,LarimichthysPolyactis,Larimichthys polyactis,Mid-trophic species,13,0.877539520617284
SSP1-2.6,90,LarimichthysPolyactis,Larimichthys polyactis,Mid-trophic species,13,0.876095334567901
SSP1-2.6,91,LarimichthysPolyactis,Larimichthys polyactis,Mid-trophic species,13,0.871113101111111
SSP1-2.6,92,LarimichthysPolyactis,Larimichthys polyactis,Mid-trophic species,13,0.887949099135802
SSP1-2.6,93,LarimichthysPolyactis,Larimichthys polyactis,Mid-trophic species,13,0.872685182839506
SSP1-2.6,94,LarimichthysPolyactis,Larimichthys polyactis,Mid-trophic species,13,0.871720212592593
SSP1-2.6,95,LarimichthysPolyactis,Larimichthys polyactis,Mid-trophic species,13,0.874305676666667
SSP1-2.6,96,LarimichthysPolyactis,Larimichthys polyactis,Mid-trophic species,13,0.883115190123457
SSP1-2.6,97,LarimichthysPolyactis,Larimichthys polyactis,Mid-trophic species,13,0.858723815061728
SSP1-2.6,98,LarimichthysPolyactis,Larimichthys polyactis,Mid-trophic species,13,0.868930444691358
SSP1-2.6,99,LarimichthysPolyactis,Larimichthys polyactis,Mid-trophic species,13,0.847638197901235
SSP1-2.6,100,LarimichthysPolyactis,Larimichthys polyactis,Mid-trophic species,13,0.864353519259259
SSP1-2.6,1,TrachurusJaponicus,Trachurus japonicus,Mid-trophic species,14,0.466799969753086
SSP1-2.6,2,TrachurusJaponicus,Trachurus japonicus,Mid-trophic species,14,0.462209499753086
SSP1-2.6,3,TrachurusJaponicus,Trachurus japonicus,Mid-trophic species,14,0.470097392469136
SSP1-2.6,4,TrachurusJaponicus,Trachurus japonicus,Mid-trophic species,14,0.466595895185185
SSP1-2.6,5,TrachurusJaponicus,Trachurus japonicus,Mid-trophic species,14,0.464602200246914
SSP1-2.6,6,TrachurusJaponicus,Trachurus japonicus,Mid-trophic species,14,0.460449075432099
SSP1-2.6,7,TrachurusJaponicus,Trachurus japonicus,Mid-trophic species,14,0.466886237654321
SSP1-2.6,8,TrachurusJaponicus,Trachurus japonicus,Mid-trophic species,14,0.464166928518519
SSP1-2.6,9,TrachurusJaponicus,Trachurus japonicus,Mid-trophic species,14,0.466785607160494
SSP1-2.6,10,TrachurusJaponicus,Trachurus japonicus,Mid-trophic species,14,0.468880832469136
SSP1-2.6,11,TrachurusJaponicus,Trachurus japonicus,Mid-trophic species,14,0.460824787283951
SSP1-2.6,12,TrachurusJaponicus,Trachurus japonicus,Mid-trophic species,14,0.465400625185185
SSP1-2.6,13,TrachurusJaponicus,Trachurus japonicus,Mid-trophic species,14,0.464049706790124
SSP1-2.6,14,TrachurusJaponicus,Trachurus japonicus,Mid-trophic species,14,0.463462590987654
SSP1-2.6,15,TrachurusJaponicus,Trachurus japonicus,Mid-trophic species,14,0.462572355432099
SSP1-2.6,16,TrachurusJaponicus,Trachurus japonicus,Mid-trophic species,14,0.466540527901235
SSP1-2.6,17,TrachurusJaponicus,Trachurus japonicus,Mid-trophic species,14,0.467211467777778
SSP1-2.6,18,TrachurusJaponicus,Trachurus japonicus,Mid-trophic species,14,0.460653325802469
SSP1-2.6,19,TrachurusJaponicus,Trachurus japonicus,Mid-trophic species,14,0.461368882839506
SSP1-2.6,20,TrachurusJaponicus,Trachurus japonicus,Mid-trophic species,14,0.462575223827161
SSP1-2.6,21,TrachurusJaponicus,Trachurus japonicus,Mid-trophic species,14,0.461126681481482
SSP1-2.6,22,TrachurusJaponicus,Trachurus japonicus,Mid-trophic species,14,0.46678584
SSP1-2.6,23,TrachurusJaponicus,Trachurus japonicus,Mid-trophic species,14,0.468292074320988
SSP1-2.6,24,TrachurusJaponicus,Trachurus japonicus,Mid-trophic species,14,0.464703452962963
SSP1-2.6,25,TrachurusJaponicus,Trachurus japonicus,Mid-trophic species,14,0.463896609135803
SSP1-2.6,26,TrachurusJaponicus,Trachurus japonicus,Mid-trophic species,14,0.461408733950617
SSP1-2.6,27,TrachurusJaponicus,Trachurus japonicus,Mid-trophic species,14,0.461975990987654
SSP1-2.6,28,TrachurusJaponicus,Trachurus japonicus,Mid-trophic species,14,0.462766604197531
SSP1-2.6,29,TrachurusJaponicus,Trachurus japonicus,Mid-trophic species,14,0.464930618395062
SSP1-2.6,30,TrachurusJaponicus,Trachurus japonicus,Mid-trophic species,14,0.465001510864198
SSP1-2.6,31,TrachurusJaponicus,Trachurus japonicus,Mid-trophic species,14,0.465050967777778
SSP1-2.6,32,TrachurusJaponicus,Trachurus japonicus,Mid-trophic species,14,0.459767794567901
SSP1-2.6,33,TrachurusJaponicus,Trachurus japonicus,Mid-trophic species,14,0.462802576419753
SSP1-2.6,34,TrachurusJaponicus,Trachurus japonicus,Mid-trophic species,14,0.463915257037037
SSP1-2.6,35,TrachurusJaponicus,Trachurus japonicus,Mid-trophic species,14,0.460922675061728
SSP1-2.6,36,TrachurusJaponicus,Trachurus japonicus,Mid-trophic species,14,0.461242962592593
SSP1-2.6,37,TrachurusJaponicus,Trachurus japonicus,Mid-trophic species,14,0.46462772654321
SSP1-2.6,38,TrachurusJaponicus,Trachurus japonicus,Mid-trophic species,14,0.463702754074074
SSP1-2.6,39,TrachurusJaponicus,Trachurus japonicus,Mid-trophic species,14,0.46336647654321
SSP1-2.6,40,TrachurusJaponicus,Trachurus japonicus,Mid-trophic species,14,0.466321343827161
SSP1-2.6,41,TrachurusJaponicus,Trachurus japonicus,Mid-trophic species,14,0.464820580123457
SSP1-2.6,42,TrachurusJaponicus,Trachurus japonicus,Mid-trophic species,14,0.461164523333333
SSP1-2.6,43,TrachurusJaponicus,Trachurus japonicus,Mid-trophic species,14,0.470740888395062
SSP1-2.6,44,TrachurusJaponicus,Trachurus japonicus,Mid-trophic species,14,0.462371513580247
SSP1-2.6,45,TrachurusJaponicus,Trachurus japonicus,Mid-trophic species,14,0.459109898395062
SSP1-2.6,46,TrachurusJaponicus,Trachurus japonicus,Mid-trophic species,14,0.467890261975309
SSP1-2.6,47,TrachurusJaponicus,Trachurus japonicus,Mid-trophic species,14,0.46676866654321
SSP1-2.6,48,TrachurusJaponicus,Trachurus japonicus,Mid-trophic species,14,0.466201880246914
SSP1-2.6,49,TrachurusJaponicus,Trachurus japonicus,Mid-trophic species,14,0.457388903703704
SSP1-2.6,50,TrachurusJaponicus,Trachurus japonicus,Mid-trophic species,14,0.46418469691358
SSP1-2.6,51,TrachurusJaponicus,Trachurus japonicus,Mid-trophic species,14,0.465084841604938
SSP1-2.6,52,TrachurusJaponicus,Trachurus japonicus,Mid-trophic species,14,0.462862075185185
SSP1-2.6,53,TrachurusJaponicus,Trachurus japonicus,Mid-trophic species,14,0.464093018024691
SSP1-2.6,54,TrachurusJaponicus,Trachurus japonicus,Mid-trophic species,14,0.464684363209877
SSP1-2.6,55,TrachurusJaponicus,Trachurus japonicus,Mid-trophic species,14,0.462763062469136
SSP1-2.6,56,TrachurusJaponicus,Trachurus japonicus,Mid-trophic species,14,0.469218473950617
SSP1-2.6,57,TrachurusJaponicus,Trachurus japonicus,Mid-trophic species,14,0.467412913703704
SSP1-2.6,58,TrachurusJaponicus,Trachurus japonicus,Mid-trophic species,14,0.463302782222222
SSP1-2.6,59,TrachurusJaponicus,Trachurus japonicus,Mid-trophic species,14,0.463161765432099
SSP1-2.6,60,TrachurusJaponicus,Trachurus japonicus,Mid-trophic species,14,0.465418970617284
SSP1-2.6,61,TrachurusJaponicus,Trachurus japonicus,Mid-trophic species,14,0.465329238888889
SSP1-2.6,62,TrachurusJaponicus,Trachurus japonicus,Mid-trophic species,14,0.464424712469136
SSP1-2.6,63,TrachurusJaponicus,Trachurus japonicus,Mid-trophic species,14,0.459381829382716
SSP1-2.6,64,TrachurusJaponicus,Trachurus japonicus,Mid-trophic species,14,0.461972442098765
SSP1-2.6,65,TrachurusJaponicus,Trachurus japonicus,Mid-trophic species,14,0.471317337530864
SSP1-2.6,66,TrachurusJaponicus,Trachurus japonicus,Mid-trophic species,14,0.464395709135803
SSP1-2.6,67,TrachurusJaponicus,Trachurus japonicus,Mid-trophic species,14,0.466280026419753
SSP1-2.6,68,TrachurusJaponicus,Trachurus japonicus,Mid-trophic species,14,0.463844851111111
SSP1-2.6,69,TrachurusJaponicus,Trachurus japonicus,Mid-trophic species,14,0.464716386049383
SSP1-2.6,70,TrachurusJaponicus,Trachurus japonicus,Mid-trophic species,14,0.461903355185185
SSP1-2.6,71,TrachurusJaponicus,Trachurus japonicus,Mid-trophic species,14,0.460347486296296
SSP1-2.6,72,TrachurusJaponicus,Trachurus japonicus,Mid-trophic species,14,0.465821689876543
SSP1-2.6,73,TrachurusJaponicus,Trachurus japonicus,Mid-trophic species,14,0.467424529382716
SSP1-2.6,74,TrachurusJaponicus,Trachurus japonicus,Mid-trophic species,14,0.466245730493827
SSP1-2.6,75,TrachurusJaponicus,Trachurus japonicus,Mid-trophic species,14,0.462447722592593
SSP1-2.6,76,TrachurusJaponicus,Trachurus japonicus,Mid-trophic species,14,0.46397339654321
SSP1-2.6,77,TrachurusJaponicus,Trachurus japonicus,Mid-trophic species,14,0.464030305802469
SSP1-2.6,78,TrachurusJaponicus,Trachurus japonicus,Mid-trophic species,14,0.467422774197531
SSP1-2.6,79,TrachurusJaponicus,Trachurus japonicus,Mid-trophic species,14,0.464987571604938
SSP1-2.6,80,TrachurusJaponicus,Trachurus japonicus,Mid-trophic species,14,0.465343688518519
SSP1-2.6,81,TrachurusJaponicus,Trachurus japonicus,Mid-trophic species,14,0.468147670864198
SSP1-2.6,82,TrachurusJaponicus,Trachurus japonicus,Mid-trophic species,14,0.464412818888889
SSP1-2.6,83,TrachurusJaponicus,Trachurus japonicus,Mid-trophic species,14,0.462799916666667
SSP1-2.6,84,TrachurusJaponicus,Trachurus japonicus,Mid-trophic species,14,0.464339521604938
SSP1-2.6,85,TrachurusJaponicus,Trachurus japonicus,Mid-trophic species,14,0.465299647160494
SSP1-2.6,86,TrachurusJaponicus,Trachurus japonicus,Mid-trophic species,14,0.463356499506173
SSP1-2.6,87,TrachurusJaponicus,Trachurus japonicus,Mid-trophic species,14,0.463520007037037
SSP1-2.6,88,TrachurusJaponicus,Trachurus japonicus,Mid-trophic species,14,0.462651017654321
SSP1-2.6,89,TrachurusJaponicus,Trachurus japonicus,Mid-trophic species,14,0.46241103691358
SSP1-2.6,90,TrachurusJaponicus,Trachurus japonicus,Mid-trophic species,14,0.460933622592593
SSP1-2.6,91,TrachurusJaponicus,Trachurus japonicus,Mid-trophic species,14,0.465396116419753
SSP1-2.6,92,TrachurusJaponicus,Trachurus japonicus,Mid-trophic species,14,0.463157811358025
SSP1-2.6,93,TrachurusJaponicus,Trachurus japonicus,Mid-trophic species,14,0.460264935061728
SSP1-2.6,94,TrachurusJaponicus,Trachurus japonicus,Mid-trophic species,14,0.461915544814815
SSP1-2.6,95,TrachurusJaponicus,Trachurus japonicus,Mid-trophic species,14,0.471816754197531
SSP1-2.6,96,TrachurusJaponicus,Trachurus japonicus,Mid-trophic species,14,0.461822941358025
SSP1-2.6,97,TrachurusJaponicus,Trachurus japonicus,Mid-trophic species,14,0.462408358395062
SSP1-2.6,98,TrachurusJaponicus,Trachurus japonicus,Mid-trophic species,14,0.465963762592593
SSP1-2.6,99,TrachurusJaponicus,Trachurus japonicus,Mid-trophic species,14,0.462815560246914
SSP1-2.6,100,TrachurusJaponicus,Trachurus japonicus,Mid-trophic species,14,0.467746810246914
SSP5-8.5,1,EngraulisJaponicus,Engraulis japonicus,Prey,1,0.660274862222222
SSP5-8.5,2,EngraulisJaponicus,Engraulis japonicus,Prey,1,0.648170787777778
SSP5-8.5,3,EngraulisJaponicus,Engraulis japonicus,Prey,1,0.649584755802469
SSP5-8.5,4,EngraulisJaponicus,Engraulis japonicus,Prey,1,0.67600657345679
SSP5-8.5,5,EngraulisJaponicus,Engraulis japonicus,Prey,1,0.655545194197531
SSP5-8.5,6,EngraulisJaponicus,Engraulis japonicus,Prey,1,0.663004536296296
SSP5-8.5,7,EngraulisJaponicus,Engraulis japonicus,Prey,1,0.655703474567901
SSP5-8.5,8,EngraulisJaponicus,Engraulis japonicus,Prey,1,0.680644111234568
SSP5-8.5,9,EngraulisJaponicus,Engraulis japonicus,Prey,1,0.660917574320988
SSP5-8.5,10,EngraulisJaponicus,Engraulis japonicus,Prey,1,0.682010756790124
SSP5-8.5,11,EngraulisJaponicus,Engraulis japonicus,Prey,1,0.655218591234568
SSP5-8.5,12,EngraulisJaponicus,Engraulis japonicus,Prey,1,0.663331607530864
SSP5-8.5,13,EngraulisJaponicus,Engraulis japonicus,Prey,1,0.656035899753086
SSP5-8.5,14,EngraulisJaponicus,Engraulis japonicus,Prey,1,0.670878888641975
SSP5-8.5,15,EngraulisJaponicus,Engraulis japonicus,Prey,1,0.670628504444444
SSP5-8.5,16,EngraulisJaponicus,Engraulis japonicus,Prey,1,0.66873372691358
SSP5-8.5,17,EngraulisJaponicus,Engraulis japonicus,Prey,1,0.672747488765432
SSP5-8.5,18,EngraulisJaponicus,Engraulis japonicus,Prey,1,0.663819470987654
SSP5-8.5,19,EngraulisJaponicus,Engraulis japonicus,Prey,1,0.662289529259259
SSP5-8.5,20,EngraulisJaponicus,Engraulis japonicus,Prey,1,0.657461964320988
SSP5-8.5,21,EngraulisJaponicus,Engraulis japonicus,Prey,1,0.662209548271605
SSP5-8.5,22,EngraulisJaponicus,Engraulis japonicus,Prey,1,0.673885630740741
SSP5-8.5,23,EngraulisJaponicus,Engraulis japonicus,Prey,1,0.653491422222222
SSP5-8.5,24,EngraulisJaponicus,Engraulis japonicus,Prey,1,0.648844110493827
SSP5-8.5,25,EngraulisJaponicus,Engraulis japonicus,Prey,1,0.668027013703704
SSP5-8.5,26,EngraulisJaponicus,Engraulis japonicus,Prey,1,0.665848146296296
SSP5-8.5,27,EngraulisJaponicus,Engraulis japonicus,Prey,1,0.659156926419753
SSP5-8.5,28,EngraulisJaponicus,Engraulis japonicus,Prey,1,0.660869953703704
SSP5-8.5,29,EngraulisJaponicus,Engraulis japonicus,Prey,1,0.663474895925926
SSP5-8.5,30,EngraulisJaponicus,Engraulis japonicus,Prey,1,0.668158526296296
SSP5-8.5,31,EngraulisJaponicus,Engraulis japonicus,Prey,1,0.656181789135803
SSP5-8.5,32,EngraulisJaponicus,Engraulis japonicus,Prey,1,0.652908518395062
SSP5-8.5,33,EngraulisJaponicus,Engraulis japonicus,Prey,1,0.660509478888889
SSP5-8.5,34,EngraulisJaponicus,Engraulis japonicus,Prey,1,0.662275594814815
SSP5-8.5,35,EngraulisJaponicus,Engraulis japonicus,Prey,1,0.664403056419753
SSP5-8.5,36,EngraulisJaponicus,Engraulis japonicus,Prey,1,0.655004645555556
SSP5-8.5,37,EngraulisJaponicus,Engraulis japonicus,Prey,1,0.660317017407408
SSP5-8.5,38,EngraulisJaponicus,Engraulis japonicus,Prey,1,0.654602987654321
SSP5-8.5,39,EngraulisJaponicus,Engraulis japonicus,Prey,1,0.668398859876543
SSP5-8.5,40,EngraulisJaponicus,Engraulis japonicus,Prey,1,0.671277363950617
SSP5-8.5,41,EngraulisJaponicus,Engraulis japonicus,Prey,1,0.666782753950617
SSP5-8.5,42,EngraulisJaponicus,Engraulis japonicus,Prey,1,0.653867747777778
SSP5-8.5,43,EngraulisJaponicus,Engraulis japonicus,Prey,1,0.65406014
SSP5-8.5,44,EngraulisJaponicus,Engraulis japonicus,Prey,1,0.664902193950617
SSP5-8.5,45,EngraulisJaponicus,Engraulis japonicus,Prey,1,0.660288800123457
SSP5-8.5,46,EngraulisJaponicus,Engraulis japonicus,Prey,1,0.655204297530864
SSP5-8.5,47,EngraulisJaponicus,Engraulis japonicus,Prey,1,0.66081234
SSP5-8.5,48,EngraulisJaponicus,Engraulis japonicus,Prey,1,0.664215381234568
SSP5-8.5,49,EngraulisJaponicus,Engraulis japonicus,Prey,1,0.680358695185185
SSP5-8.5,50,EngraulisJaponicus,Engraulis japonicus,Prey,1,0.659896940864198
SSP5-8.5,51,EngraulisJaponicus,Engraulis japonicus,Prey,1,0.68021705691358
SSP5-8.5,52,EngraulisJaponicus,Engraulis japonicus,Prey,1,0.655315831358025
SSP5-8.5,53,EngraulisJaponicus,Engraulis japonicus,Prey,1,0.650403072592593
SSP5-8.5,54,EngraulisJaponicus,Engraulis japonicus,Prey,1,0.647581583703704
SSP5-8.5,55,EngraulisJaponicus,Engraulis japonicus,Prey,1,0.663882736666667
SSP5-8.5,56,EngraulisJaponicus,Engraulis japonicus,Prey,1,0.649798781604938
SSP5-8.5,57,EngraulisJaponicus,Engraulis japonicus,Prey,1,0.663041196790123
SSP5-8.5,58,EngraulisJaponicus,Engraulis japonicus,Prey,1,0.677359289506173
SSP5-8.5,59,EngraulisJaponicus,Engraulis japonicus,Prey,1,0.679195710493827
SSP5-8.5,60,EngraulisJaponicus,Engraulis japonicus,Prey,1,0.648141768395062
SSP5-8.5,61,EngraulisJaponicus,Engraulis japonicus,Prey,1,0.668953335925926
SSP5-8.5,62,EngraulisJaponicus,Engraulis japonicus,Prey,1,0.664261765061728
SSP5-8.5,63,EngraulisJaponicus,Engraulis japonicus,Prey,1,0.654415901604938
SSP5-8.5,64,EngraulisJaponicus,Engraulis japonicus,Prey,1,0.653366208395062
SSP5-8.5,65,EngraulisJaponicus,Engraulis japonicus,Prey,1,0.680726842469136
SSP5-8.5,66,EngraulisJaponicus,Engraulis japonicus,Prey,1,0.666420305185185
SSP5-8.5,67,EngraulisJaponicus,Engraulis japonicus,Prey,1,0.666589131975309
SSP5-8.5,68,EngraulisJaponicus,Engraulis japonicus,Prey,1,0.662698208765432
SSP5-8.5,69,EngraulisJaponicus,Engraulis japonicus,Prey,1,0.66235662617284
SSP5-8.5,70,EngraulisJaponicus,Engraulis japonicus,Prey,1,0.661918915802469
SSP5-8.5,71,EngraulisJaponicus,Engraulis japonicus,Prey,1,0.67046311654321
SSP5-8.5,72,EngraulisJaponicus,Engraulis japonicus,Prey,1,0.662626617407407
SSP5-8.5,73,EngraulisJaponicus,Engraulis japonicus,Prey,1,0.660314504567901
SSP5-8.5,74,EngraulisJaponicus,Engraulis japonicus,Prey,1,0.66313940691358
SSP5-8.5,75,EngraulisJaponicus,Engraulis japonicus,Prey,1,0.656180965679012
SSP5-8.5,76,EngraulisJaponicus,Engraulis japonicus,Prey,1,0.664936637654321
SSP5-8.5,77,EngraulisJaponicus,Engraulis japonicus,Prey,1,0.659869936666667
SSP5-8.5,78,EngraulisJaponicus,Engraulis japonicus,Prey,1,0.66823354962963
SSP5-8.5,79,EngraulisJaponicus,Engraulis japonicus,Prey,1,0.665614750740741
SSP5-8.5,80,EngraulisJaponicus,Engraulis japonicus,Prey,1,0.650596251604938
SSP5-8.5,81,EngraulisJaponicus,Engraulis japonicus,Prey,1,0.64762523962963
SSP5-8.5,82,EngraulisJaponicus,Engraulis japonicus,Prey,1,0.659245602469136
SSP5-8.5,83,EngraulisJaponicus,Engraulis japonicus,Prey,1,0.653798602962963
SSP5-8.5,84,EngraulisJaponicus,Engraulis japonicus,Prey,1,0.656469800246914
SSP5-8.5,85,EngraulisJaponicus,Engraulis japonicus,Prey,1,0.662182581851852
SSP5-8.5,86,EngraulisJaponicus,Engraulis japonicus,Prey,1,0.655426658148148
SSP5-8.5,87,EngraulisJaponicus,Engraulis japonicus,Prey,1,0.657228218518519
SSP5-8.5,88,EngraulisJaponicus,Engraulis japonicus,Prey,1,0.661865675185185
SSP5-8.5,89,EngraulisJaponicus,Engraulis japonicus,Prey,1,0.665893319012346
SSP5-8.5,90,EngraulisJaponicus,Engraulis japonicus,Prey,1,0.678220313580247
SSP5-8.5,91,EngraulisJaponicus,Engraulis japonicus,Prey,1,0.663504069876543
SSP5-8.5,92,EngraulisJaponicus,Engraulis japonicus,Prey,1,0.673356094814815
SSP5-8.5,93,EngraulisJaponicus,Engraulis japonicus,Prey,1,0.65356749
SSP5-8.5,94,EngraulisJaponicus,Engraulis japonicus,Prey,1,0.660913486296296
SSP5-8.5,95,EngraulisJaponicus,Engraulis japonicus,Prey,1,0.659373737530864
SSP5-8.5,96,EngraulisJaponicus,Engraulis japonicus,Prey,1,0.659687471111111
SSP5-8.5,97,EngraulisJaponicus,Engraulis japonicus,Prey,1,0.669635828518519
SSP5-8.5,98,EngraulisJaponicus,Engraulis japonicus,Prey,1,0.654595727777778
SSP5-8.5,99,EngraulisJaponicus,Engraulis japonicus,Prey,1,0.657255062345679
SSP5-8.5,100,EngraulisJaponicus,Engraulis japonicus,Prey,1,0.664545141111111
SSP5-8.5,1,ScomberomorusNiphonius,Scomberomorus niphonius,Predator,2,0.668392911481482
SSP5-8.5,2,ScomberomorusNiphonius,Scomberomorus niphonius,Predator,2,0.667645635061728
SSP5-8.5,3,ScomberomorusNiphonius,Scomberomorus niphonius,Predator,2,0.668773561604938
SSP5-8.5,4,ScomberomorusNiphonius,Scomberomorus niphonius,Predator,2,0.668428590740741
SSP5-8.5,5,ScomberomorusNiphonius,Scomberomorus niphonius,Predator,2,0.667010249876543
SSP5-8.5,6,ScomberomorusNiphonius,Scomberomorus niphonius,Predator,2,0.667380829012346
SSP5-8.5,7,ScomberomorusNiphonius,Scomberomorus niphonius,Predator,2,0.66870145037037
SSP5-8.5,8,ScomberomorusNiphonius,Scomberomorus niphonius,Predator,2,0.666166557777778
SSP5-8.5,9,ScomberomorusNiphonius,Scomberomorus niphonius,Predator,2,0.668265314691358
SSP5-8.5,10,ScomberomorusNiphonius,Scomberomorus niphonius,Predator,2,0.668304621111111
SSP5-8.5,11,ScomberomorusNiphonius,Scomberomorus niphonius,Predator,2,0.667286958518519
SSP5-8.5,12,ScomberomorusNiphonius,Scomberomorus niphonius,Predator,2,0.669988617530864
SSP5-8.5,13,ScomberomorusNiphonius,Scomberomorus niphonius,Predator,2,0.66667416617284
SSP5-8.5,14,ScomberomorusNiphonius,Scomberomorus niphonius,Predator,2,0.66883330308642
SSP5-8.5,15,ScomberomorusNiphonius,Scomberomorus niphonius,Predator,2,0.668411959135803
SSP5-8.5,16,ScomberomorusNiphonius,Scomberomorus niphonius,Predator,2,0.667415102839506
SSP5-8.5,17,ScomberomorusNiphonius,Scomberomorus niphonius,Predator,2,0.669470031358025
SSP5-8.5,18,ScomberomorusNiphonius,Scomberomorus niphonius,Predator,2,0.667803945061728
SSP5-8.5,19,ScomberomorusNiphonius,Scomberomorus niphonius,Predator,2,0.66730125345679
SSP5-8.5,20,ScomberomorusNiphonius,Scomberomorus niphonius,Predator,2,0.668933414567901
SSP5-8.5,21,ScomberomorusNiphonius,Scomberomorus niphonius,Predator,2,0.669602230740741
SSP5-8.5,22,ScomberomorusNiphonius,Scomberomorus niphonius,Predator,2,0.668472208518519
SSP5-8.5,23,ScomberomorusNiphonius,Scomberomorus niphonius,Predator,2,0.669084201604938
SSP5-8.5,24,ScomberomorusNiphonius,Scomberomorus niphonius,Predator,2,0.670841874074074
SSP5-8.5,25,ScomberomorusNiphonius,Scomberomorus niphonius,Predator,2,0.667918234567901
SSP5-8.5,26,ScomberomorusNiphonius,Scomberomorus niphonius,Predator,2,0.667650512962963
SSP5-8.5,27,ScomberomorusNiphonius,Scomberomorus niphonius,Predator,2,0.667089968888889
SSP5-8.5,28,ScomberomorusNiphonius,Scomberomorus niphonius,Predator,2,0.666593662962963
SSP5-8.5,29,ScomberomorusNiphonius,Scomberomorus niphonius,Predator,2,0.66841717617284
SSP5-8.5,30,ScomberomorusNiphonius,Scomberomorus niphonius,Predator,2,0.667369689012346
SSP5-8.5,31,ScomberomorusNiphonius,Scomberomorus niphonius,Predator,2,0.669373407777778
SSP5-8.5,32,ScomberomorusNiphonius,Scomberomorus niphonius,Predator,2,0.66676244654321
SSP5-8.5,33,ScomberomorusNiphonius,Scomberomorus niphonius,Predator,2,0.666117089876543
SSP5-8.5,34,ScomberomorusNiphonius,Scomberomorus niphonius,Predator,2,0.669233456790123
SSP5-8.5,35,ScomberomorusNiphonius,Scomberomorus niphonius,Predator,2,0.668001845061728
SSP5-8.5,36,ScomberomorusNiphonius,Scomberomorus niphonius,Predator,2,0.668776247530864
SSP5-8.5,37,ScomberomorusNiphonius,Scomberomorus niphonius,Predator,2,0.669444901604938
SSP5-8.5,38,ScomberomorusNiphonius,Scomberomorus niphonius,Predator,2,0.667208008765432
SSP5-8.5,39,ScomberomorusNiphonius,Scomberomorus niphonius,Predator,2,0.668267435555556
SSP5-8.5,40,ScomberomorusNiphonius,Scomberomorus niphonius,Predator,2,0.667984642592593
SSP5-8.5,41,ScomberomorusNiphonius,Scomberomorus niphonius,Predator,2,0.669242828395062
SSP5-8.5,42,ScomberomorusNiphonius,Scomberomorus niphonius,Predator,2,0.664975182098765
SSP5-8.5,43,ScomberomorusNiphonius,Scomberomorus niphonius,Predator,2,0.667093639012346
SSP5-8.5,44,ScomberomorusNiphonius,Scomberomorus niphonius,Predator,2,0.667031308518519
SSP5-8.5,45,ScomberomorusNiphonius,Scomberomorus niphonius,Predator,2,0.666839830987654
SSP5-8.5,46,ScomberomorusNiphonius,Scomberomorus niphonius,Predator,2,0.666206469382716
SSP5-8.5,47,ScomberomorusNiphonius,Scomberomorus niphonius,Predator,2,0.670178621111111
SSP5-8.5,48,ScomberomorusNiphonius,Scomberomorus niphonius,Predator,2,0.667250764938272
SSP5-8.5,49,ScomberomorusNiphonius,Scomberomorus niphonius,Predator,2,0.667944698271605
SSP5-8.5,50,ScomberomorusNiphonius,Scomberomorus niphonius,Predator,2,0.667930061111111
SSP5-8.5,51,ScomberomorusNiphonius,Scomberomorus niphonius,Predator,2,0.669938715308642
SSP5-8.5,52,ScomberomorusNiphonius,Scomberomorus niphonius,Predator,2,0.666667837037037
SSP5-8.5,53,ScomberomorusNiphonius,Scomberomorus niphonius,Predator,2,0.666081043950617
SSP5-8.5,54,ScomberomorusNiphonius,Scomberomorus niphonius,Predator,2,0.670344650987654
SSP5-8.5,55,ScomberomorusNiphonius,Scomberomorus niphonius,Predator,2,0.669076971111111
SSP5-8.5,56,ScomberomorusNiphonius,Scomberomorus niphonius,Predator,2,0.668140707283951
SSP5-8.5,57,ScomberomorusNiphonius,Scomberomorus niphonius,Predator,2,0.669030248765432
SSP5-8.5,58,ScomberomorusNiphonius,Scomberomorus niphonius,Predator,2,0.669259679259259
SSP5-8.5,59,ScomberomorusNiphonius,Scomberomorus niphonius,Predator,2,0.669046618271605
SSP5-8.5,60,ScomberomorusNiphonius,Scomberomorus niphonius,Predator,2,0.669264975308642
SSP5-8.5,61,ScomberomorusNiphonius,Scomberomorus niphonius,Predator,2,0.670255684567901
SSP5-8.5,62,ScomberomorusNiphonius,Scomberomorus niphonius,Predator,2,0.669334836296296
SSP5-8.5,63,ScomberomorusNiphonius,Scomberomorus niphonius,Predator,2,0.667654360864198
SSP5-8.5,64,ScomberomorusNiphonius,Scomberomorus niphonius,Predator,2,0.666523567901235
SSP5-8.5,65,ScomberomorusNiphonius,Scomberomorus niphonius,Predator,2,0.668613824444444
SSP5-8.5,66,ScomberomorusNiphonius,Scomberomorus niphonius,Predator,2,0.670765538765432
SSP5-8.5,67,ScomberomorusNiphonius,Scomberomorus niphonius,Predator,2,0.668657541728395
SSP5-8.5,68,ScomberomorusNiphonius,Scomberomorus niphonius,Predator,2,0.668491757283951
SSP5-8.5,69,ScomberomorusNiphonius,Scomberomorus niphonius,Predator,2,0.669266490123457
SSP5-8.5,70,ScomberomorusNiphonius,Scomberomorus niphonius,Predator,2,0.670972628888889
SSP5-8.5,71,ScomberomorusNiphonius,Scomberomorus niphonius,Predator,2,0.66962239
SSP5-8.5,72,ScomberomorusNiphonius,Scomberomorus niphonius,Predator,2,0.667928685061728
SSP5-8.5,73,ScomberomorusNiphonius,Scomberomorus niphonius,Predator,2,0.669173455802469
SSP5-8.5,74,ScomberomorusNiphonius,Scomberomorus niphonius,Predator,2,0.666198740864198
SSP5-8.5,75,ScomberomorusNiphonius,Scomberomorus niphonius,Predator,2,0.669168796296296
SSP5-8.5,76,ScomberomorusNiphonius,Scomberomorus niphonius,Predator,2,0.668168834320988
SSP5-8.5,77,ScomberomorusNiphonius,Scomberomorus niphonius,Predator,2,0.668843417901235
SSP5-8.5,78,ScomberomorusNiphonius,Scomberomorus niphonius,Predator,2,0.666619064444444
SSP5-8.5,79,ScomberomorusNiphonius,Scomberomorus niphonius,Predator,2,0.667968951358025
SSP5-8.5,80,ScomberomorusNiphonius,Scomberomorus niphonius,Predator,2,0.666904922592593
SSP5-8.5,81,ScomberomorusNiphonius,Scomberomorus niphonius,Predator,2,0.668374187160494
SSP5-8.5,82,ScomberomorusNiphonius,Scomberomorus niphonius,Predator,2,0.666925574320988
SSP5-8.5,83,ScomberomorusNiphonius,Scomberomorus niphonius,Predator,2,0.667075460123457
SSP5-8.5,84,ScomberomorusNiphonius,Scomberomorus niphonius,Predator,2,0.668318979012346
SSP5-8.5,85,ScomberomorusNiphonius,Scomberomorus niphonius,Predator,2,0.668871875679012
SSP5-8.5,86,ScomberomorusNiphonius,Scomberomorus niphonius,Predator,2,0.667251711481482
SSP5-8.5,87,ScomberomorusNiphonius,Scomberomorus niphonius,Predator,2,0.669491801234568
SSP5-8.5,88,ScomberomorusNiphonius,Scomberomorus niphonius,Predator,2,0.667476141728395
SSP5-8.5,89,ScomberomorusNiphonius,Scomberomorus niphonius,Predator,2,0.668290168395062
SSP5-8.5,90,ScomberomorusNiphonius,Scomberomorus niphonius,Predator,2,0.671027816790124
SSP5-8.5,91,ScomberomorusNiphonius,Scomberomorus niphonius,Predator,2,0.667047385432099
SSP5-8.5,92,ScomberomorusNiphonius,Scomberomorus niphonius,Predator,2,0.668057124567901
SSP5-8.5,93,ScomberomorusNiphonius,Scomberomorus niphonius,Predator,2,0.66720054
SSP5-8.5,94,ScomberomorusNiphonius,Scomberomorus niphonius,Predator,2,0.667813560246914
SSP5-8.5,95,ScomberomorusNiphonius,Scomberomorus niphonius,Predator,2,0.667955368765432
SSP5-8.5,96,ScomberomorusNiphonius,Scomberomorus niphonius,Predator,2,0.667230895555556
SSP5-8.5,97,ScomberomorusNiphonius,Scomberomorus niphonius,Predator,2,0.66753083691358
SSP5-8.5,98,ScomberomorusNiphonius,Scomberomorus niphonius,Predator,2,0.670676701851852
SSP5-8.5,99,ScomberomorusNiphonius,Scomberomorus niphonius,Predator,2,0.668198431975309
SSP5-8.5,100,ScomberomorusNiphonius,Scomberomorus niphonius,Predator,2,0.668205442962963
SSP5-8.5,1,TrichiurusJaponicus,Trichiurus japonicus,Predator,3,1.09599448777778
SSP5-8.5,2,TrichiurusJaponicus,Trichiurus japonicus,Predator,3,1.16198314691358
SSP5-8.5,3,TrichiurusJaponicus,Trichiurus japonicus,Predator,3,1.16552601925926
SSP5-8.5,4,TrichiurusJaponicus,Trichiurus japonicus,Predator,3,1.16193097716049
SSP5-8.5,5,TrichiurusJaponicus,Trichiurus japonicus,Predator,3,1.16297889950617
SSP5-8.5,6,TrichiurusJaponicus,Trichiurus japonicus,Predator,3,1.15862415
SSP5-8.5,7,TrichiurusJaponicus,Trichiurus japonicus,Predator,3,1.14819019753086
SSP5-8.5,8,TrichiurusJaponicus,Trichiurus japonicus,Predator,3,1.1415714208642
SSP5-8.5,9,TrichiurusJaponicus,Trichiurus japonicus,Predator,3,1.16172284135802
SSP5-8.5,10,TrichiurusJaponicus,Trichiurus japonicus,Predator,3,1.12966696037037
SSP5-8.5,11,TrichiurusJaponicus,Trichiurus japonicus,Predator,3,1.22718777222222
SSP5-8.5,12,TrichiurusJaponicus,Trichiurus japonicus,Predator,3,1.10312805938272
SSP5-8.5,13,TrichiurusJaponicus,Trichiurus japonicus,Predator,3,1.13427404296296
SSP5-8.5,14,TrichiurusJaponicus,Trichiurus japonicus,Predator,3,1.13583831259259
SSP5-8.5,15,TrichiurusJaponicus,Trichiurus japonicus,Predator,3,1.11076274679012
SSP5-8.5,16,TrichiurusJaponicus,Trichiurus japonicus,Predator,3,1.19689111641975
SSP5-8.5,17,TrichiurusJaponicus,Trichiurus japonicus,Predator,3,1.11952643518519
SSP5-8.5,18,TrichiurusJaponicus,Trichiurus japonicus,Predator,3,1.13907941506173
SSP5-8.5,19,TrichiurusJaponicus,Trichiurus japonicus,Predator,3,1.11529391604938
SSP5-8.5,20,TrichiurusJaponicus,Trichiurus japonicus,Predator,3,1.15802420074074
SSP5-8.5,21,TrichiurusJaponicus,Trichiurus japonicus,Predator,3,1.13061399765432
SSP5-8.5,22,TrichiurusJaponicus,Trichiurus japonicus,Predator,3,1.14938742037037
SSP5-8.5,23,TrichiurusJaponicus,Trichiurus japonicus,Predator,3,1.17829080382716
SSP5-8.5,24,TrichiurusJaponicus,Trichiurus japonicus,Predator,3,1.12458865851852
SSP5-8.5,25,TrichiurusJaponicus,Trichiurus japonicus,Predator,3,1.16138270469136
SSP5-8.5,26,TrichiurusJaponicus,Trichiurus japonicus,Predator,3,1.19071495950617
SSP5-8.5,27,TrichiurusJaponicus,Trichiurus japonicus,Predator,3,1.14472383987654
SSP5-8.5,28,TrichiurusJaponicus,Trichiurus japonicus,Predator,3,1.09197398987654
SSP5-8.5,29,TrichiurusJaponicus,Trichiurus japonicus,Predator,3,1.16182023777778
SSP5-8.5,30,TrichiurusJaponicus,Trichiurus japonicus,Predator,3,1.15109011592593
SSP5-8.5,31,TrichiurusJaponicus,Trichiurus japonicus,Predator,3,1.14577342419753
SSP5-8.5,32,TrichiurusJaponicus,Trichiurus japonicus,Predator,3,1.13994485419753
SSP5-8.5,33,TrichiurusJaponicus,Trichiurus japonicus,Predator,3,1.11933549049383
SSP5-8.5,34,TrichiurusJaponicus,Trichiurus japonicus,Predator,3,1.1533421445679
SSP5-8.5,35,TrichiurusJaponicus,Trichiurus japonicus,Predator,3,1.13281745938272
SSP5-8.5,36,TrichiurusJaponicus,Trichiurus japonicus,Predator,3,1.15667472432099
SSP5-8.5,37,TrichiurusJaponicus,Trichiurus japonicus,Predator,3,1.14601481530864
SSP5-8.5,38,TrichiurusJaponicus,Trichiurus japonicus,Predator,3,1.10807403802469
SSP5-8.5,39,TrichiurusJaponicus,Trichiurus japonicus,Predator,3,1.14005636580247
SSP5-8.5,40,TrichiurusJaponicus,Trichiurus japonicus,Predator,3,1.09751346679012
SSP5-8.5,41,TrichiurusJaponicus,Trichiurus japonicus,Predator,3,1.16301612222222
SSP5-8.5,42,TrichiurusJaponicus,Trichiurus japonicus,Predator,3,1.11677992975309
SSP5-8.5,43,TrichiurusJaponicus,Trichiurus japonicus,Predator,3,1.20400246617284
SSP5-8.5,44,TrichiurusJaponicus,Trichiurus japonicus,Predator,3,1.15351249851852
SSP5-8.5,45,TrichiurusJaponicus,Trichiurus japonicus,Predator,3,1.18982014888889
SSP5-8.5,46,TrichiurusJaponicus,Trichiurus japonicus,Predator,3,1.13932377827161
SSP5-8.5,47,TrichiurusJaponicus,Trichiurus japonicus,Predator,3,1.20489266864198
SSP5-8.5,48,TrichiurusJaponicus,Trichiurus japonicus,Predator,3,1.17686625209877
SSP5-8.5,49,TrichiurusJaponicus,Trichiurus japonicus,Predator,3,1.16069964753086
SSP5-8.5,50,TrichiurusJaponicus,Trichiurus japonicus,Predator,3,1.22902538888889
SSP5-8.5,51,TrichiurusJaponicus,Trichiurus japonicus,Predator,3,1.14660163234568
SSP5-8.5,52,TrichiurusJaponicus,Trichiurus japonicus,Predator,3,1.13846467518519
SSP5-8.5,53,TrichiurusJaponicus,Trichiurus japonicus,Predator,3,1.15613573691358
SSP5-8.5,54,TrichiurusJaponicus,Trichiurus japonicus,Predator,3,1.16457160938272
SSP5-8.5,55,TrichiurusJaponicus,Trichiurus japonicus,Predator,3,1.10372877320988
SSP5-8.5,56,TrichiurusJaponicus,Trichiurus japonicus,Predator,3,1.15695075185185
SSP5-8.5,57,TrichiurusJaponicus,Trichiurus japonicus,Predator,3,1.1048204791358
SSP5-8.5,58,TrichiurusJaponicus,Trichiurus japonicus,Predator,3,1.14991490691358
SSP5-8.5,59,TrichiurusJaponicus,Trichiurus japonicus,Predator,3,1.12867916419753
SSP5-8.5,60,TrichiurusJaponicus,Trichiurus japonicus,Predator,3,1.16139488419753
SSP5-8.5,61,TrichiurusJaponicus,Trichiurus japonicus,Predator,3,1.13029459851852
SSP5-8.5,62,TrichiurusJaponicus,Trichiurus japonicus,Predator,3,1.1127509017284
SSP5-8.5,63,TrichiurusJaponicus,Trichiurus japonicus,Predator,3,1.11638018691358
SSP5-8.5,64,TrichiurusJaponicus,Trichiurus japonicus,Predator,3,1.13880541481481
SSP5-8.5,65,TrichiurusJaponicus,Trichiurus japonicus,Predator,3,1.14999055382716
SSP5-8.5,66,TrichiurusJaponicus,Trichiurus japonicus,Predator,3,1.15065479802469
SSP5-8.5,67,TrichiurusJaponicus,Trichiurus japonicus,Predator,3,1.13492039567901
SSP5-8.5,68,TrichiurusJaponicus,Trichiurus japonicus,Predator,3,1.10049233234568
SSP5-8.5,69,TrichiurusJaponicus,Trichiurus japonicus,Predator,3,1.10073468728395
SSP5-8.5,70,TrichiurusJaponicus,Trichiurus japonicus,Predator,3,1.19285276506173
SSP5-8.5,71,TrichiurusJaponicus,Trichiurus japonicus,Predator,3,1.13511467037037
SSP5-8.5,72,TrichiurusJaponicus,Trichiurus japonicus,Predator,3,1.19068795567901
SSP5-8.5,73,TrichiurusJaponicus,Trichiurus japonicus,Predator,3,1.12805269580247
SSP5-8.5,74,TrichiurusJaponicus,Trichiurus japonicus,Predator,3,1.18645206160494
SSP5-8.5,75,TrichiurusJaponicus,Trichiurus japonicus,Predator,3,1.13831750395062
SSP5-8.5,76,TrichiurusJaponicus,Trichiurus japonicus,Predator,3,1.12318858382716
SSP5-8.5,77,TrichiurusJaponicus,Trichiurus japonicus,Predator,3,1.18460374493827
SSP5-8.5,78,TrichiurusJaponicus,Trichiurus japonicus,Predator,3,1.24891477246914
SSP5-8.5,79,TrichiurusJaponicus,Trichiurus japonicus,Predator,3,1.10425377901235
SSP5-8.5,80,TrichiurusJaponicus,Trichiurus japonicus,Predator,3,1.10332180111111
SSP5-8.5,81,TrichiurusJaponicus,Trichiurus japonicus,Predator,3,1.11130156518519
SSP5-8.5,82,TrichiurusJaponicus,Trichiurus japonicus,Predator,3,1.12484091222222
SSP5-8.5,83,TrichiurusJaponicus,Trichiurus japonicus,Predator,3,1.10081665209877
SSP5-8.5,84,TrichiurusJaponicus,Trichiurus japonicus,Predator,3,1.14247181345679
SSP5-8.5,85,TrichiurusJaponicus,Trichiurus japonicus,Predator,3,1.14414718876543
SSP5-8.5,86,TrichiurusJaponicus,Trichiurus japonicus,Predator,3,1.1074711108642
SSP5-8.5,87,TrichiurusJaponicus,Trichiurus japonicus,Predator,3,1.16075262987654
SSP5-8.5,88,TrichiurusJaponicus,Trichiurus japonicus,Predator,3,1.12510851148148
SSP5-8.5,89,TrichiurusJaponicus,Trichiurus japonicus,Predator,3,1.11187264716049
SSP5-8.5,90,TrichiurusJaponicus,Trichiurus japonicus,Predator,3,1.11597869185185
SSP5-8.5,91,TrichiurusJaponicus,Trichiurus japonicus,Predator,3,1.16061367864198
SSP5-8.5,92,TrichiurusJaponicus,Trichiurus japonicus,Predator,3,1.11146355333333
SSP5-8.5,93,TrichiurusJaponicus,Trichiurus japonicus,Predator,3,1.18048267061728
SSP5-8.5,94,TrichiurusJaponicus,Trichiurus japonicus,Predator,3,1.17904377432099
SSP5-8.5,95,TrichiurusJaponicus,Trichiurus japonicus,Predator,3,1.13800550975309
SSP5-8.5,96,TrichiurusJaponicus,Trichiurus japonicus,Predator,3,1.14658241123457
SSP5-8.5,97,TrichiurusJaponicus,Trichiurus japonicus,Predator,3,1.12350933345679
SSP5-8.5,98,TrichiurusJaponicus,Trichiurus japonicus,Predator,3,1.10185615703704
SSP5-8.5,99,TrichiurusJaponicus,Trichiurus japonicus,Predator,3,1.10609655037037
SSP5-8.5,100,TrichiurusJaponicus,Trichiurus japonicus,Predator,3,1.15493279382716
SSP5-8.5,1,MuraenesoxCinereus,Muraenesox cinereus,Predator,4,0.703204238395062
SSP5-8.5,2,MuraenesoxCinereus,Muraenesox cinereus,Predator,4,0.701350275061729
SSP5-8.5,3,MuraenesoxCinereus,Muraenesox cinereus,Predator,4,0.698987022839506
SSP5-8.5,4,MuraenesoxCinereus,Muraenesox cinereus,Predator,4,0.697980295061728
SSP5-8.5,5,MuraenesoxCinereus,Muraenesox cinereus,Predator,4,0.701613231728395
SSP5-8.5,6,MuraenesoxCinereus,Muraenesox cinereus,Predator,4,0.69971308
SSP5-8.5,7,MuraenesoxCinereus,Muraenesox cinereus,Predator,4,0.702133386049383
SSP5-8.5,8,MuraenesoxCinereus,Muraenesox cinereus,Predator,4,0.700175118024691
SSP5-8.5,9,MuraenesoxCinereus,Muraenesox cinereus,Predator,4,0.69740436037037
SSP5-8.5,10,MuraenesoxCinereus,Muraenesox cinereus,Predator,4,0.700476211728395
SSP5-8.5,11,MuraenesoxCinereus,Muraenesox cinereus,Predator,4,0.702828362469136
SSP5-8.5,12,MuraenesoxCinereus,Muraenesox cinereus,Predator,4,0.70240377617284
SSP5-8.5,13,MuraenesoxCinereus,Muraenesox cinereus,Predator,4,0.697675617407407
SSP5-8.5,14,MuraenesoxCinereus,Muraenesox cinereus,Predator,4,0.699023209259259
SSP5-8.5,15,MuraenesoxCinereus,Muraenesox cinereus,Predator,4,0.698919422962963
SSP5-8.5,16,MuraenesoxCinereus,Muraenesox cinereus,Predator,4,0.699634484691358
SSP5-8.5,17,MuraenesoxCinereus,Muraenesox cinereus,Predator,4,0.701519122222222
SSP5-8.5,18,MuraenesoxCinereus,Muraenesox cinereus,Predator,4,0.701653116049383
SSP5-8.5,19,MuraenesoxCinereus,Muraenesox cinereus,Predator,4,0.694207687530864
SSP5-8.5,20,MuraenesoxCinereus,Muraenesox cinereus,Predator,4,0.699638656790124
SSP5-8.5,21,MuraenesoxCinereus,Muraenesox cinereus,Predator,4,0.700149358395062
SSP5-8.5,22,MuraenesoxCinereus,Muraenesox cinereus,Predator,4,0.696742531481482
SSP5-8.5,23,MuraenesoxCinereus,Muraenesox cinereus,Predator,4,0.70137089037037
SSP5-8.5,24,MuraenesoxCinereus,Muraenesox cinereus,Predator,4,0.704865147654321
SSP5-8.5,25,MuraenesoxCinereus,Muraenesox cinereus,Predator,4,0.701054134691358
SSP5-8.5,26,MuraenesoxCinereus,Muraenesox cinereus,Predator,4,0.705908084444444
SSP5-8.5,27,MuraenesoxCinereus,Muraenesox cinereus,Predator,4,0.699209380123457
SSP5-8.5,28,MuraenesoxCinereus,Muraenesox cinereus,Predator,4,0.702986939012346
SSP5-8.5,29,MuraenesoxCinereus,Muraenesox cinereus,Predator,4,0.699197021728395
SSP5-8.5,30,MuraenesoxCinereus,Muraenesox cinereus,Predator,4,0.695945907901235
SSP5-8.5,31,MuraenesoxCinereus,Muraenesox cinereus,Predator,4,0.699398357777778
SSP5-8.5,32,MuraenesoxCinereus,Muraenesox cinereus,Predator,4,0.699258000987654
SSP5-8.5,33,MuraenesoxCinereus,Muraenesox cinereus,Predator,4,0.701076066172839
SSP5-8.5,34,MuraenesoxCinereus,Muraenesox cinereus,Predator,4,0.69915328691358
SSP5-8.5,35,MuraenesoxCinereus,Muraenesox cinereus,Predator,4,0.702880520493827
SSP5-8.5,36,MuraenesoxCinereus,Muraenesox cinereus,Predator,4,0.699656568765432
SSP5-8.5,37,MuraenesoxCinereus,Muraenesox cinereus,Predator,4,0.699915079382716
SSP5-8.5,38,MuraenesoxCinereus,Muraenesox cinereus,Predator,4,0.697893321975309
SSP5-8.5,39,MuraenesoxCinereus,Muraenesox cinereus,Predator,4,0.699183552716049
SSP5-8.5,40,MuraenesoxCinereus,Muraenesox cinereus,Predator,4,0.69771065345679
SSP5-8.5,41,MuraenesoxCinereus,Muraenesox cinereus,Predator,4,0.698348037530864
SSP5-8.5,42,MuraenesoxCinereus,Muraenesox cinereus,Predator,4,0.698108804938272
SSP5-8.5,43,MuraenesoxCinereus,Muraenesox cinereus,Predator,4,0.701591911234568
SSP5-8.5,44,MuraenesoxCinereus,Muraenesox cinereus,Predator,4,0.701485537283951
SSP5-8.5,45,MuraenesoxCinereus,Muraenesox cinereus,Predator,4,0.700857553209877
SSP5-8.5,46,MuraenesoxCinereus,Muraenesox cinereus,Predator,4,0.698837475555556
SSP5-8.5,47,MuraenesoxCinereus,Muraenesox cinereus,Predator,4,0.69718756962963
SSP5-8.5,48,MuraenesoxCinereus,Muraenesox cinereus,Predator,4,0.702331968641975
SSP5-8.5,49,MuraenesoxCinereus,Muraenesox cinereus,Predator,4,0.703059136296296
SSP5-8.5,50,MuraenesoxCinereus,Muraenesox cinereus,Predator,4,0.701691976666667
SSP5-8.5,51,MuraenesoxCinereus,Muraenesox cinereus,Predator,4,0.702666009506173
SSP5-8.5,52,MuraenesoxCinereus,Muraenesox cinereus,Predator,4,0.699631174074074
SSP5-8.5,53,MuraenesoxCinereus,Muraenesox cinereus,Predator,4,0.700608905185185
SSP5-8.5,54,MuraenesoxCinereus,Muraenesox cinereus,Predator,4,0.697182675802469
SSP5-8.5,55,MuraenesoxCinereus,Muraenesox cinereus,Predator,4,0.698984329382716
SSP5-8.5,56,MuraenesoxCinereus,Muraenesox cinereus,Predator,4,0.702099364567901
SSP5-8.5,57,MuraenesoxCinereus,Muraenesox cinereus,Predator,4,0.699337342962963
SSP5-8.5,58,MuraenesoxCinereus,Muraenesox cinereus,Predator,4,0.701112827777778
SSP5-8.5,59,MuraenesoxCinereus,Muraenesox cinereus,Predator,4,0.701919395555556
SSP5-8.5,60,MuraenesoxCinereus,Muraenesox cinereus,Predator,4,0.702219305802469
SSP5-8.5,61,MuraenesoxCinereus,Muraenesox cinereus,Predator,4,0.699569006790124
SSP5-8.5,62,MuraenesoxCinereus,Muraenesox cinereus,Predator,4,0.701756047037037
SSP5-8.5,63,MuraenesoxCinereus,Muraenesox cinereus,Predator,4,0.696381719506173
SSP5-8.5,64,MuraenesoxCinereus,Muraenesox cinereus,Predator,4,0.695725777901235
SSP5-8.5,65,MuraenesoxCinereus,Muraenesox cinereus,Predator,4,0.69931606962963
SSP5-8.5,66,MuraenesoxCinereus,Muraenesox cinereus,Predator,4,0.705444589382716
SSP5-8.5,67,MuraenesoxCinereus,Muraenesox cinereus,Predator,4,0.701937123950617
SSP5-8.5,68,MuraenesoxCinereus,Muraenesox cinereus,Predator,4,0.696952741111111
SSP5-8.5,69,MuraenesoxCinereus,Muraenesox cinereus,Predator,4,0.700739523209877
SSP5-8.5,70,MuraenesoxCinereus,Muraenesox cinereus,Predator,4,0.701407467530864
SSP5-8.5,71,MuraenesoxCinereus,Muraenesox cinereus,Predator,4,0.703035863703704
SSP5-8.5,72,MuraenesoxCinereus,Muraenesox cinereus,Predator,4,0.700005065679012
SSP5-8.5,73,MuraenesoxCinereus,Muraenesox cinereus,Predator,4,0.701719240740741
SSP5-8.5,74,MuraenesoxCinereus,Muraenesox cinereus,Predator,4,0.700548591358025
SSP5-8.5,75,MuraenesoxCinereus,Muraenesox cinereus,Predator,4,0.699936804320988
SSP5-8.5,76,MuraenesoxCinereus,Muraenesox cinereus,Predator,4,0.701680582098765
SSP5-8.5,77,MuraenesoxCinereus,Muraenesox cinereus,Predator,4,0.699860759259259
SSP5-8.5,78,MuraenesoxCinereus,Muraenesox cinereus,Predator,4,0.698469798518519
SSP5-8.5,79,MuraenesoxCinereus,Muraenesox cinereus,Predator,4,0.701365711358025
SSP5-8.5,80,MuraenesoxCinereus,Muraenesox cinereus,Predator,4,0.696661662469136
SSP5-8.5,81,MuraenesoxCinereus,Muraenesox cinereus,Predator,4,0.705594367654321
SSP5-8.5,82,MuraenesoxCinereus,Muraenesox cinereus,Predator,4,0.700627235061728
SSP5-8.5,83,MuraenesoxCinereus,Muraenesox cinereus,Predator,4,0.69972989382716
SSP5-8.5,84,MuraenesoxCinereus,Muraenesox cinereus,Predator,4,0.700927407530864
SSP5-8.5,85,MuraenesoxCinereus,Muraenesox cinereus,Predator,4,0.700861735679012
SSP5-8.5,86,MuraenesoxCinereus,Muraenesox cinereus,Predator,4,0.705997071975309
SSP5-8.5,87,MuraenesoxCinereus,Muraenesox cinereus,Predator,4,0.698803517407407
SSP5-8.5,88,MuraenesoxCinereus,Muraenesox cinereus,Predator,4,0.695466399259259
SSP5-8.5,89,MuraenesoxCinereus,Muraenesox cinereus,Predator,4,0.702971474074074
SSP5-8.5,90,MuraenesoxCinereus,Muraenesox cinereus,Predator,4,0.703375035555556
SSP5-8.5,91,MuraenesoxCinereus,Muraenesox cinereus,Predator,4,0.700221949753086
SSP5-8.5,92,MuraenesoxCinereus,Muraenesox cinereus,Predator,4,0.697486336790124
SSP5-8.5,93,MuraenesoxCinereus,Muraenesox cinereus,Predator,4,0.699425148765432
SSP5-8.5,94,MuraenesoxCinereus,Muraenesox cinereus,Predator,4,0.702513216049383
SSP5-8.5,95,MuraenesoxCinereus,Muraenesox cinereus,Predator,4,0.696979645061728
SSP5-8.5,96,MuraenesoxCinereus,Muraenesox cinereus,Predator,4,0.701413680740741
SSP5-8.5,97,MuraenesoxCinereus,Muraenesox cinereus,Predator,4,0.698343790617284
SSP5-8.5,98,MuraenesoxCinereus,Muraenesox cinereus,Predator,4,0.70413319308642
SSP5-8.5,99,MuraenesoxCinereus,Muraenesox cinereus,Predator,4,0.699781145925926
SSP5-8.5,100,MuraenesoxCinereus,Muraenesox cinereus,Predator,4,0.698212750987654
SSP5-8.5,1,MiichthysMiiuy,Miichthys miiuy,Predator,5,0.584558094074074
SSP5-8.5,2,MiichthysMiiuy,Miichthys miiuy,Predator,5,0.590622308518519
SSP5-8.5,3,MiichthysMiiuy,Miichthys miiuy,Predator,5,0.585103084444445
SSP5-8.5,4,MiichthysMiiuy,Miichthys miiuy,Predator,5,0.582132373827161
SSP5-8.5,5,MiichthysMiiuy,Miichthys miiuy,Predator,5,0.582789402962963
SSP5-8.5,6,MiichthysMiiuy,Miichthys miiuy,Predator,5,0.580553782592593
SSP5-8.5,7,MiichthysMiiuy,Miichthys miiuy,Predator,5,0.585009278518518
SSP5-8.5,8,MiichthysMiiuy,Miichthys miiuy,Predator,5,0.586017517283951
SSP5-8.5,9,MiichthysMiiuy,Miichthys miiuy,Predator,5,0.582421095802469
SSP5-8.5,10,MiichthysMiiuy,Miichthys miiuy,Predator,5,0.574381081975309
SSP5-8.5,11,MiichthysMiiuy,Miichthys miiuy,Predator,5,0.581673733333333
SSP5-8.5,12,MiichthysMiiuy,Miichthys miiuy,Predator,5,0.583657851234568
SSP5-8.5,13,MiichthysMiiuy,Miichthys miiuy,Predator,5,0.582935635432099
SSP5-8.5,14,MiichthysMiiuy,Miichthys miiuy,Predator,5,0.58840572345679
SSP5-8.5,15,MiichthysMiiuy,Miichthys miiuy,Predator,5,0.586936263703704
SSP5-8.5,16,MiichthysMiiuy,Miichthys miiuy,Predator,5,0.582313373209877
SSP5-8.5,17,MiichthysMiiuy,Miichthys miiuy,Predator,5,0.58610881308642
SSP5-8.5,18,MiichthysMiiuy,Miichthys miiuy,Predator,5,0.581900847530864
SSP5-8.5,19,MiichthysMiiuy,Miichthys miiuy,Predator,5,0.587993139876543
SSP5-8.5,20,MiichthysMiiuy,Miichthys miiuy,Predator,5,0.582907047777778
SSP5-8.5,21,MiichthysMiiuy,Miichthys miiuy,Predator,5,0.581212735308642
SSP5-8.5,22,MiichthysMiiuy,Miichthys miiuy,Predator,5,0.585150895185185
SSP5-8.5,23,MiichthysMiiuy,Miichthys miiuy,Predator,5,0.578391434197531
SSP5-8.5,24,MiichthysMiiuy,Miichthys miiuy,Predator,5,0.586031110617284
SSP5-8.5,25,MiichthysMiiuy,Miichthys miiuy,Predator,5,0.584337754444444
SSP5-8.5,26,MiichthysMiiuy,Miichthys miiuy,Predator,5,0.581579836790124
SSP5-8.5,27,MiichthysMiiuy,Miichthys miiuy,Predator,5,0.586889630617284
SSP5-8.5,28,MiichthysMiiuy,Miichthys miiuy,Predator,5,0.583691065555556
SSP5-8.5,29,MiichthysMiiuy,Miichthys miiuy,Predator,5,0.579083729382716
SSP5-8.5,30,MiichthysMiiuy,Miichthys miiuy,Predator,5,0.57949039037037
SSP5-8.5,31,MiichthysMiiuy,Miichthys miiuy,Predator,5,0.58985160654321
SSP5-8.5,32,MiichthysMiiuy,Miichthys miiuy,Predator,5,0.58109205654321
SSP5-8.5,33,MiichthysMiiuy,Miichthys miiuy,Predator,5,0.587886256049383
SSP5-8.5,34,MiichthysMiiuy,Miichthys miiuy,Predator,5,0.581916092839506
SSP5-8.5,35,MiichthysMiiuy,Miichthys miiuy,Predator,5,0.58526165345679
SSP5-8.5,36,MiichthysMiiuy,Miichthys miiuy,Predator,5,0.579828974567901
SSP5-8.5,37,MiichthysMiiuy,Miichthys miiuy,Predator,5,0.58188961037037
SSP5-8.5,38,MiichthysMiiuy,Miichthys miiuy,Predator,5,0.59509649
SSP5-8.5,39,MiichthysMiiuy,Miichthys miiuy,Predator,5,0.583157851111111
SSP5-8.5,40,MiichthysMiiuy,Miichthys miiuy,Predator,5,0.583142715802469
SSP5-8.5,41,MiichthysMiiuy,Miichthys miiuy,Predator,5,0.580200584074074
SSP5-8.5,42,MiichthysMiiuy,Miichthys miiuy,Predator,5,0.583293636296296
SSP5-8.5,43,MiichthysMiiuy,Miichthys miiuy,Predator,5,0.575273978641975
SSP5-8.5,44,MiichthysMiiuy,Miichthys miiuy,Predator,5,0.582157127283951
SSP5-8.5,45,MiichthysMiiuy,Miichthys miiuy,Predator,5,0.589655866296296
SSP5-8.5,46,MiichthysMiiuy,Miichthys miiuy,Predator,5,0.577967833703704
SSP5-8.5,47,MiichthysMiiuy,Miichthys miiuy,Predator,5,0.571909618888889
SSP5-8.5,48,MiichthysMiiuy,Miichthys miiuy,Predator,5,0.58083465308642
SSP5-8.5,49,MiichthysMiiuy,Miichthys miiuy,Predator,5,0.59084499345679
SSP5-8.5,50,MiichthysMiiuy,Miichthys miiuy,Predator,5,0.588773462469136
SSP5-8.5,51,MiichthysMiiuy,Miichthys miiuy,Predator,5,0.574592015679012
SSP5-8.5,52,MiichthysMiiuy,Miichthys miiuy,Predator,5,0.577532333580247
SSP5-8.5,53,MiichthysMiiuy,Miichthys miiuy,Predator,5,0.578482501481482
SSP5-8.5,54,MiichthysMiiuy,Miichthys miiuy,Predator,5,0.573928941481482
SSP5-8.5,55,MiichthysMiiuy,Miichthys miiuy,Predator,5,0.586276651111111
SSP5-8.5,56,MiichthysMiiuy,Miichthys miiuy,Predator,5,0.587145865308642
SSP5-8.5,57,MiichthysMiiuy,Miichthys miiuy,Predator,5,0.58564354345679
SSP5-8.5,58,MiichthysMiiuy,Miichthys miiuy,Predator,5,0.586643166296296
SSP5-8.5,59,MiichthysMiiuy,Miichthys miiuy,Predator,5,0.582196691358025
SSP5-8.5,60,MiichthysMiiuy,Miichthys miiuy,Predator,5,0.577705323580247
SSP5-8.5,61,MiichthysMiiuy,Miichthys miiuy,Predator,5,0.585034501481482
SSP5-8.5,62,MiichthysMiiuy,Miichthys miiuy,Predator,5,0.580005457037037
SSP5-8.5,63,MiichthysMiiuy,Miichthys miiuy,Predator,5,0.591993412716049
SSP5-8.5,64,MiichthysMiiuy,Miichthys miiuy,Predator,5,0.586353260987654
SSP5-8.5,65,MiichthysMiiuy,Miichthys miiuy,Predator,5,0.581199317530864
SSP5-8.5,66,MiichthysMiiuy,Miichthys miiuy,Predator,5,0.587088622962963
SSP5-8.5,67,MiichthysMiiuy,Miichthys miiuy,Predator,5,0.586713202345679
SSP5-8.5,68,MiichthysMiiuy,Miichthys miiuy,Predator,5,0.582480441234568
SSP5-8.5,69,MiichthysMiiuy,Miichthys miiuy,Predator,5,0.584080913827161
SSP5-8.5,70,MiichthysMiiuy,Miichthys miiuy,Predator,5,0.576447564567901
SSP5-8.5,71,MiichthysMiiuy,Miichthys miiuy,Predator,5,0.587332351234568
SSP5-8.5,72,MiichthysMiiuy,Miichthys miiuy,Predator,5,0.570657609753086
SSP5-8.5,73,MiichthysMiiuy,Miichthys miiuy,Predator,5,0.581751261358025
SSP5-8.5,74,MiichthysMiiuy,Miichthys miiuy,Predator,5,0.589641593950617
SSP5-8.5,75,MiichthysMiiuy,Miichthys miiuy,Predator,5,0.575889765185185
SSP5-8.5,76,MiichthysMiiuy,Miichthys miiuy,Predator,5,0.577013578271605
SSP5-8.5,77,MiichthysMiiuy,Miichthys miiuy,Predator,5,0.591099830740741
SSP5-8.5,78,MiichthysMiiuy,Miichthys miiuy,Predator,5,0.588092502592593
SSP5-8.5,79,MiichthysMiiuy,Miichthys miiuy,Predator,5,0.578978300740741
SSP5-8.5,80,MiichthysMiiuy,Miichthys miiuy,Predator,5,0.581832269876543
SSP5-8.5,81,MiichthysMiiuy,Miichthys miiuy,Predator,5,0.58146067962963
SSP5-8.5,82,MiichthysMiiuy,Miichthys miiuy,Predator,5,0.582498979135803
SSP5-8.5,83,MiichthysMiiuy,Miichthys miiuy,Predator,5,0.582841822469136
SSP5-8.5,84,MiichthysMiiuy,Miichthys miiuy,Predator,5,0.584885994320988
SSP5-8.5,85,MiichthysMiiuy,Miichthys miiuy,Predator,5,0.581500986790123
SSP5-8.5,86,MiichthysMiiuy,Miichthys miiuy,Predator,5,0.575887892469136
SSP5-8.5,87,MiichthysMiiuy,Miichthys miiuy,Predator,5,0.582962721975309
SSP5-8.5,88,MiichthysMiiuy,Miichthys miiuy,Predator,5,0.579811153950617
SSP5-8.5,89,MiichthysMiiuy,Miichthys miiuy,Predator,5,0.581908491975309
SSP5-8.5,90,MiichthysMiiuy,Miichthys miiuy,Predator,5,0.582840281728395
SSP5-8.5,91,MiichthysMiiuy,Miichthys miiuy,Predator,5,0.575653461851852
SSP5-8.5,92,MiichthysMiiuy,Miichthys miiuy,Predator,5,0.579252249753086
SSP5-8.5,93,MiichthysMiiuy,Miichthys miiuy,Predator,5,0.583172175555556
SSP5-8.5,94,MiichthysMiiuy,Miichthys miiuy,Predator,5,0.583629229753086
SSP5-8.5,95,MiichthysMiiuy,Miichthys miiuy,Predator,5,0.581231422345679
SSP5-8.5,96,MiichthysMiiuy,Miichthys miiuy,Predator,5,0.590013739259259
SSP5-8.5,97,MiichthysMiiuy,Miichthys miiuy,Predator,5,0.578536139506173
SSP5-8.5,98,MiichthysMiiuy,Miichthys miiuy,Predator,5,0.575955797037037
SSP5-8.5,99,MiichthysMiiuy,Miichthys miiuy,Predator,5,0.58748120617284
SSP5-8.5,100,MiichthysMiiuy,Miichthys miiuy,Predator,5,0.58898303617284
SSP5-8.5,1,TodarodesPacificus,Todarodes pacificus,Invertebrate,6,1.00231003679012
SSP5-8.5,2,TodarodesPacificus,Todarodes pacificus,Invertebrate,6,0.973194873950617
SSP5-8.5,3,TodarodesPacificus,Todarodes pacificus,Invertebrate,6,1.01235418567901
SSP5-8.5,4,TodarodesPacificus,Todarodes pacificus,Invertebrate,6,1.00666193345679
SSP5-8.5,5,TodarodesPacificus,Todarodes pacificus,Invertebrate,6,1.02681269728395
SSP5-8.5,6,TodarodesPacificus,Todarodes pacificus,Invertebrate,6,0.981890144567901
SSP5-8.5,7,TodarodesPacificus,Todarodes pacificus,Invertebrate,6,1.00010885864198
SSP5-8.5,8,TodarodesPacificus,Todarodes pacificus,Invertebrate,6,0.994714647283951
SSP5-8.5,9,TodarodesPacificus,Todarodes pacificus,Invertebrate,6,1.00536643518519
SSP5-8.5,10,TodarodesPacificus,Todarodes pacificus,Invertebrate,6,1.03091459728395
SSP5-8.5,11,TodarodesPacificus,Todarodes pacificus,Invertebrate,6,0.997436933580247
SSP5-8.5,12,TodarodesPacificus,Todarodes pacificus,Invertebrate,6,1.00602370197531
SSP5-8.5,13,TodarodesPacificus,Todarodes pacificus,Invertebrate,6,1.00802223037037
SSP5-8.5,14,TodarodesPacificus,Todarodes pacificus,Invertebrate,6,0.988883096790124
SSP5-8.5,15,TodarodesPacificus,Todarodes pacificus,Invertebrate,6,1.01003591296296
SSP5-8.5,16,TodarodesPacificus,Todarodes pacificus,Invertebrate,6,1.01416055246914
SSP5-8.5,17,TodarodesPacificus,Todarodes pacificus,Invertebrate,6,0.986881096049383
SSP5-8.5,18,TodarodesPacificus,Todarodes pacificus,Invertebrate,6,1.01163374345679
SSP5-8.5,19,TodarodesPacificus,Todarodes pacificus,Invertebrate,6,0.991927321851852
SSP5-8.5,20,TodarodesPacificus,Todarodes pacificus,Invertebrate,6,1.01996436049383
SSP5-8.5,21,TodarodesPacificus,Todarodes pacificus,Invertebrate,6,1.00331924345679
SSP5-8.5,22,TodarodesPacificus,Todarodes pacificus,Invertebrate,6,1.0043881854321
SSP5-8.5,23,TodarodesPacificus,Todarodes pacificus,Invertebrate,6,1.00946918481481
SSP5-8.5,24,TodarodesPacificus,Todarodes pacificus,Invertebrate,6,1.00479182111111
SSP5-8.5,25,TodarodesPacificus,Todarodes pacificus,Invertebrate,6,1.00440802271605
SSP5-8.5,26,TodarodesPacificus,Todarodes pacificus,Invertebrate,6,0.996483087530864
SSP5-8.5,27,TodarodesPacificus,Todarodes pacificus,Invertebrate,6,0.997689449135802
SSP5-8.5,28,TodarodesPacificus,Todarodes pacificus,Invertebrate,6,1.00601218271605
SSP5-8.5,29,TodarodesPacificus,Todarodes pacificus,Invertebrate,6,1.01851072679012
SSP5-8.5,30,TodarodesPacificus,Todarodes pacificus,Invertebrate,6,1.01468529481481
SSP5-8.5,31,TodarodesPacificus,Todarodes pacificus,Invertebrate,6,0.998039112592593
SSP5-8.5,32,TodarodesPacificus,Todarodes pacificus,Invertebrate,6,0.996755701481482
SSP5-8.5,33,TodarodesPacificus,Todarodes pacificus,Invertebrate,6,1.00173000716049
SSP5-8.5,34,TodarodesPacificus,Todarodes pacificus,Invertebrate,6,1.01579454135802
SSP5-8.5,35,TodarodesPacificus,Todarodes pacificus,Invertebrate,6,0.972654656172839
SSP5-8.5,36,TodarodesPacificus,Todarodes pacificus,Invertebrate,6,1.00862557061728
SSP5-8.5,37,TodarodesPacificus,Todarodes pacificus,Invertebrate,6,1.0283773808642
SSP5-8.5,38,TodarodesPacificus,Todarodes pacificus,Invertebrate,6,0.998637085555556
SSP5-8.5,39,TodarodesPacificus,Todarodes pacificus,Invertebrate,6,1.01104700851852
SSP5-8.5,40,TodarodesPacificus,Todarodes pacificus,Invertebrate,6,1.02564489197531
SSP5-8.5,41,TodarodesPacificus,Todarodes pacificus,Invertebrate,6,0.991239191234568
SSP5-8.5,42,TodarodesPacificus,Todarodes pacificus,Invertebrate,6,0.991385359135803
SSP5-8.5,43,TodarodesPacificus,Todarodes pacificus,Invertebrate,6,1.00991415876543
SSP5-8.5,44,TodarodesPacificus,Todarodes pacificus,Invertebrate,6,1.02515528518519
SSP5-8.5,45,TodarodesPacificus,Todarodes pacificus,Invertebrate,6,0.999523969753086
SSP5-8.5,46,TodarodesPacificus,Todarodes pacificus,Invertebrate,6,1.01327849395062
SSP5-8.5,47,TodarodesPacificus,Todarodes pacificus,Invertebrate,6,0.981733363950617
SSP5-8.5,48,TodarodesPacificus,Todarodes pacificus,Invertebrate,6,1.0165408254321
SSP5-8.5,49,TodarodesPacificus,Todarodes pacificus,Invertebrate,6,1.01847106987654
SSP5-8.5,50,TodarodesPacificus,Todarodes pacificus,Invertebrate,6,1.01513289506173
SSP5-8.5,51,TodarodesPacificus,Todarodes pacificus,Invertebrate,6,1.00716427518519
SSP5-8.5,52,TodarodesPacificus,Todarodes pacificus,Invertebrate,6,1.01477401074074
SSP5-8.5,53,TodarodesPacificus,Todarodes pacificus,Invertebrate,6,1.01335223876543
SSP5-8.5,54,TodarodesPacificus,Todarodes pacificus,Invertebrate,6,1.01925689382716
SSP5-8.5,55,TodarodesPacificus,Todarodes pacificus,Invertebrate,6,1.01559969358025
SSP5-8.5,56,TodarodesPacificus,Todarodes pacificus,Invertebrate,6,1.01184868037037
SSP5-8.5,57,TodarodesPacificus,Todarodes pacificus,Invertebrate,6,0.986054456296296
SSP5-8.5,58,TodarodesPacificus,Todarodes pacificus,Invertebrate,6,1.00630638617284
SSP5-8.5,59,TodarodesPacificus,Todarodes pacificus,Invertebrate,6,1.03583985160494
SSP5-8.5,60,TodarodesPacificus,Todarodes pacificus,Invertebrate,6,0.990145095185185
SSP5-8.5,61,TodarodesPacificus,Todarodes pacificus,Invertebrate,6,1.00243911530864
SSP5-8.5,62,TodarodesPacificus,Todarodes pacificus,Invertebrate,6,0.993253420864198
SSP5-8.5,63,TodarodesPacificus,Todarodes pacificus,Invertebrate,6,1.00839817753086
SSP5-8.5,64,TodarodesPacificus,Todarodes pacificus,Invertebrate,6,1.00551753160494
SSP5-8.5,65,TodarodesPacificus,Todarodes pacificus,Invertebrate,6,0.998943239753086
SSP5-8.5,66,TodarodesPacificus,Todarodes pacificus,Invertebrate,6,0.987775518888889
SSP5-8.5,67,TodarodesPacificus,Todarodes pacificus,Invertebrate,6,1.00147281012346
SSP5-8.5,68,TodarodesPacificus,Todarodes pacificus,Invertebrate,6,0.992540690123457
SSP5-8.5,69,TodarodesPacificus,Todarodes pacificus,Invertebrate,6,1.02101642839506
SSP5-8.5,70,TodarodesPacificus,Todarodes pacificus,Invertebrate,6,0.999978905802469
SSP5-8.5,71,TodarodesPacificus,Todarodes pacificus,Invertebrate,6,1.0094670708642
SSP5-8.5,72,TodarodesPacificus,Todarodes pacificus,Invertebrate,6,1.0085751037037
SSP5-8.5,73,TodarodesPacificus,Todarodes pacificus,Invertebrate,6,0.996798176049383
SSP5-8.5,74,TodarodesPacificus,Todarodes pacificus,Invertebrate,6,0.994117403209876
SSP5-8.5,75,TodarodesPacificus,Todarodes pacificus,Invertebrate,6,1.01275127691358
SSP5-8.5,76,TodarodesPacificus,Todarodes pacificus,Invertebrate,6,1.02143043382716
SSP5-8.5,77,TodarodesPacificus,Todarodes pacificus,Invertebrate,6,0.993900745061728
SSP5-8.5,78,TodarodesPacificus,Todarodes pacificus,Invertebrate,6,0.993507223209876
SSP5-8.5,79,TodarodesPacificus,Todarodes pacificus,Invertebrate,6,1.01697065061728
SSP5-8.5,80,TodarodesPacificus,Todarodes pacificus,Invertebrate,6,1.00624225271605
SSP5-8.5,81,TodarodesPacificus,Todarodes pacificus,Invertebrate,6,1.01856413407407
SSP5-8.5,82,TodarodesPacificus,Todarodes pacificus,Invertebrate,6,1.02524993382716
SSP5-8.5,83,TodarodesPacificus,Todarodes pacificus,Invertebrate,6,1.01402098197531
SSP5-8.5,84,TodarodesPacificus,Todarodes pacificus,Invertebrate,6,0.992935476049383
SSP5-8.5,85,TodarodesPacificus,Todarodes pacificus,Invertebrate,6,0.998162214938272
SSP5-8.5,86,TodarodesPacificus,Todarodes pacificus,Invertebrate,6,1.01660478839506
SSP5-8.5,87,TodarodesPacificus,Todarodes pacificus,Invertebrate,6,1.01530311209877
SSP5-8.5,88,TodarodesPacificus,Todarodes pacificus,Invertebrate,6,0.988177718765432
SSP5-8.5,89,TodarodesPacificus,Todarodes pacificus,Invertebrate,6,1.01351676074074
SSP5-8.5,90,TodarodesPacificus,Todarodes pacificus,Invertebrate,6,1.02327648308642
SSP5-8.5,91,TodarodesPacificus,Todarodes pacificus,Invertebrate,6,1.00325846271605
SSP5-8.5,92,TodarodesPacificus,Todarodes pacificus,Invertebrate,6,1.00906789518519
SSP5-8.5,93,TodarodesPacificus,Todarodes pacificus,Invertebrate,6,1.00685590111111
SSP5-8.5,94,TodarodesPacificus,Todarodes pacificus,Invertebrate,6,1.01075207493827
SSP5-8.5,95,TodarodesPacificus,Todarodes pacificus,Invertebrate,6,1.01602083469136
SSP5-8.5,96,TodarodesPacificus,Todarodes pacificus,Invertebrate,6,1.00152476308642
SSP5-8.5,97,TodarodesPacificus,Todarodes pacificus,Invertebrate,6,1.01209128209877
SSP5-8.5,98,TodarodesPacificus,Todarodes pacificus,Invertebrate,6,1.00907545271605
SSP5-8.5,99,TodarodesPacificus,Todarodes pacificus,Invertebrate,6,0.996808756296296
SSP5-8.5,100,TodarodesPacificus,Todarodes pacificus,Invertebrate,6,1.00540219271605
SSP5-8.5,1,TrachysalambriaCurvirostris,Trachysalambria curvirostris,Invertebrate,7,0.862560991481482
SSP5-8.5,2,TrachysalambriaCurvirostris,Trachysalambria curvirostris,Invertebrate,7,0.815809049135802
SSP5-8.5,3,TrachysalambriaCurvirostris,Trachysalambria curvirostris,Invertebrate,7,0.838794779506173
SSP5-8.5,4,TrachysalambriaCurvirostris,Trachysalambria curvirostris,Invertebrate,7,0.923672433703704
SSP5-8.5,5,TrachysalambriaCurvirostris,Trachysalambria curvirostris,Invertebrate,7,0.86585580037037
SSP5-8.5,6,TrachysalambriaCurvirostris,Trachysalambria curvirostris,Invertebrate,7,0.834656489259259
SSP5-8.5,7,TrachysalambriaCurvirostris,Trachysalambria curvirostris,Invertebrate,7,0.860093085555556
SSP5-8.5,8,TrachysalambriaCurvirostris,Trachysalambria curvirostris,Invertebrate,7,0.871607843209877
SSP5-8.5,9,TrachysalambriaCurvirostris,Trachysalambria curvirostris,Invertebrate,7,0.817546710740741
SSP5-8.5,10,TrachysalambriaCurvirostris,Trachysalambria curvirostris,Invertebrate,7,0.843247792962963
SSP5-8.5,11,TrachysalambriaCurvirostris,Trachysalambria curvirostris,Invertebrate,7,0.866131249135803
SSP5-8.5,12,TrachysalambriaCurvirostris,Trachysalambria curvirostris,Invertebrate,7,0.864902833703704
SSP5-8.5,13,TrachysalambriaCurvirostris,Trachysalambria curvirostris,Invertebrate,7,0.849342651111111
SSP5-8.5,14,TrachysalambriaCurvirostris,Trachysalambria curvirostris,Invertebrate,7,0.814797298271605
SSP5-8.5,15,TrachysalambriaCurvirostris,Trachysalambria curvirostris,Invertebrate,7,0.844624431851852
SSP5-8.5,16,TrachysalambriaCurvirostris,Trachysalambria curvirostris,Invertebrate,7,0.910579080246914
SSP5-8.5,17,TrachysalambriaCurvirostris,Trachysalambria curvirostris,Invertebrate,7,0.845769977777778
SSP5-8.5,18,TrachysalambriaCurvirostris,Trachysalambria curvirostris,Invertebrate,7,0.863652703580247
SSP5-8.5,19,TrachysalambriaCurvirostris,Trachysalambria curvirostris,Invertebrate,7,0.856360035061728
SSP5-8.5,20,TrachysalambriaCurvirostris,Trachysalambria curvirostris,Invertebrate,7,0.835524214320988
SSP5-8.5,21,TrachysalambriaCurvirostris,Trachysalambria curvirostris,Invertebrate,7,0.84760995617284
SSP5-8.5,22,TrachysalambriaCurvirostris,Trachysalambria curvirostris,Invertebrate,7,0.868868758641975
SSP5-8.5,23,TrachysalambriaCurvirostris,Trachysalambria curvirostris,Invertebrate,7,0.868834461358025
SSP5-8.5,24,TrachysalambriaCurvirostris,Trachysalambria curvirostris,Invertebrate,7,0.831391863703704
SSP5-8.5,25,TrachysalambriaCurvirostris,Trachysalambria curvirostris,Invertebrate,7,0.855791727654321
SSP5-8.5,26,TrachysalambriaCurvirostris,Trachysalambria curvirostris,Invertebrate,7,0.851619216296296
SSP5-8.5,27,TrachysalambriaCurvirostris,Trachysalambria curvirostris,Invertebrate,7,0.825778229135803
SSP5-8.5,28,TrachysalambriaCurvirostris,Trachysalambria curvirostris,Invertebrate,7,0.873826248888889
SSP5-8.5,29,TrachysalambriaCurvirostris,Trachysalambria curvirostris,Invertebrate,7,0.860508785679012
SSP5-8.5,30,TrachysalambriaCurvirostris,Trachysalambria curvirostris,Invertebrate,7,0.89210005345679
SSP5-8.5,31,TrachysalambriaCurvirostris,Trachysalambria curvirostris,Invertebrate,7,0.826392154074074
SSP5-8.5,32,TrachysalambriaCurvirostris,Trachysalambria curvirostris,Invertebrate,7,0.872373344320988
SSP5-8.5,33,TrachysalambriaCurvirostris,Trachysalambria curvirostris,Invertebrate,7,0.818338835802469
SSP5-8.5,34,TrachysalambriaCurvirostris,Trachysalambria curvirostris,Invertebrate,7,0.847541542222222
SSP5-8.5,35,TrachysalambriaCurvirostris,Trachysalambria curvirostris,Invertebrate,7,0.803211976049383
SSP5-8.5,36,TrachysalambriaCurvirostris,Trachysalambria curvirostris,Invertebrate,7,0.867917607530864
SSP5-8.5,37,TrachysalambriaCurvirostris,Trachysalambria curvirostris,Invertebrate,7,0.880804544320988
SSP5-8.5,38,TrachysalambriaCurvirostris,Trachysalambria curvirostris,Invertebrate,7,0.864864467777778
SSP5-8.5,39,TrachysalambriaCurvirostris,Trachysalambria curvirostris,Invertebrate,7,0.856685539753086
SSP5-8.5,40,TrachysalambriaCurvirostris,Trachysalambria curvirostris,Invertebrate,7,0.858794246296296
SSP5-8.5,41,TrachysalambriaCurvirostris,Trachysalambria curvirostris,Invertebrate,7,0.86236100037037
SSP5-8.5,42,TrachysalambriaCurvirostris,Trachysalambria curvirostris,Invertebrate,7,0.857816708395062
SSP5-8.5,43,TrachysalambriaCurvirostris,Trachysalambria curvirostris,Invertebrate,7,0.857121900864198
SSP5-8.5,44,TrachysalambriaCurvirostris,Trachysalambria curvirostris,Invertebrate,7,0.897675378641975
SSP5-8.5,45,TrachysalambriaCurvirostris,Trachysalambria curvirostris,Invertebrate,7,0.879822472098766
SSP5-8.5,46,TrachysalambriaCurvirostris,Trachysalambria curvirostris,Invertebrate,7,0.832423496049383
SSP5-8.5,47,TrachysalambriaCurvirostris,Trachysalambria curvirostris,Invertebrate,7,0.89925001
SSP5-8.5,48,TrachysalambriaCurvirostris,Trachysalambria curvirostris,Invertebrate,7,0.850138125185185
SSP5-8.5,49,TrachysalambriaCurvirostris,Trachysalambria curvirostris,Invertebrate,7,0.862653362962963
SSP5-8.5,50,TrachysalambriaCurvirostris,Trachysalambria curvirostris,Invertebrate,7,0.861581365555556
SSP5-8.5,51,TrachysalambriaCurvirostris,Trachysalambria curvirostris,Invertebrate,7,0.854034936296296
SSP5-8.5,52,TrachysalambriaCurvirostris,Trachysalambria curvirostris,Invertebrate,7,0.878589794814815
SSP5-8.5,53,TrachysalambriaCurvirostris,Trachysalambria curvirostris,Invertebrate,7,0.901226486666667
SSP5-8.5,54,TrachysalambriaCurvirostris,Trachysalambria curvirostris,Invertebrate,7,0.855853659135802
SSP5-8.5,55,TrachysalambriaCurvirostris,Trachysalambria curvirostris,Invertebrate,7,0.903469243827161
SSP5-8.5,56,TrachysalambriaCurvirostris,Trachysalambria curvirostris,Invertebrate,7,0.82082650345679
SSP5-8.5,57,TrachysalambriaCurvirostris,Trachysalambria curvirostris,Invertebrate,7,0.876455483209877
SSP5-8.5,58,TrachysalambriaCurvirostris,Trachysalambria curvirostris,Invertebrate,7,0.886274118024691
SSP5-8.5,59,TrachysalambriaCurvirostris,Trachysalambria curvirostris,Invertebrate,7,0.808135258271605
SSP5-8.5,60,TrachysalambriaCurvirostris,Trachysalambria curvirostris,Invertebrate,7,0.850016303703704
SSP5-8.5,61,TrachysalambriaCurvirostris,Trachysalambria curvirostris,Invertebrate,7,0.872920487654321
SSP5-8.5,62,TrachysalambriaCurvirostris,Trachysalambria curvirostris,Invertebrate,7,0.84905823617284
SSP5-8.5,63,TrachysalambriaCurvirostris,Trachysalambria curvirostris,Invertebrate,7,0.885533734814815
SSP5-8.5,64,TrachysalambriaCurvirostris,Trachysalambria curvirostris,Invertebrate,7,0.82573519691358
SSP5-8.5,65,TrachysalambriaCurvirostris,Trachysalambria curvirostris,Invertebrate,7,0.851362980617284
SSP5-8.5,66,TrachysalambriaCurvirostris,Trachysalambria curvirostris,Invertebrate,7,0.841901167407407
SSP5-8.5,67,TrachysalambriaCurvirostris,Trachysalambria curvirostris,Invertebrate,7,0.819279954074074
SSP5-8.5,68,TrachysalambriaCurvirostris,Trachysalambria curvirostris,Invertebrate,7,0.856254593580247
SSP5-8.5,69,TrachysalambriaCurvirostris,Trachysalambria curvirostris,Invertebrate,7,0.861992644814815
SSP5-8.5,70,TrachysalambriaCurvirostris,Trachysalambria curvirostris,Invertebrate,7,0.818237695308642
SSP5-8.5,71,TrachysalambriaCurvirostris,Trachysalambria curvirostris,Invertebrate,7,0.869503414074074
SSP5-8.5,72,TrachysalambriaCurvirostris,Trachysalambria curvirostris,Invertebrate,7,0.861574938395062
SSP5-8.5,73,TrachysalambriaCurvirostris,Trachysalambria curvirostris,Invertebrate,7,0.868954510123457
SSP5-8.5,74,TrachysalambriaCurvirostris,Trachysalambria curvirostris,Invertebrate,7,0.908973922592592
SSP5-8.5,75,TrachysalambriaCurvirostris,Trachysalambria curvirostris,Invertebrate,7,0.867672598148148
SSP5-8.5,76,TrachysalambriaCurvirostris,Trachysalambria curvirostris,Invertebrate,7,0.844766222592593
SSP5-8.5,77,TrachysalambriaCurvirostris,Trachysalambria curvirostris,Invertebrate,7,0.864972878148148
SSP5-8.5,78,TrachysalambriaCurvirostris,Trachysalambria curvirostris,Invertebrate,7,0.892446276419753
SSP5-8.5,79,TrachysalambriaCurvirostris,Trachysalambria curvirostris,Invertebrate,7,0.850531254567901
SSP5-8.5,80,TrachysalambriaCurvirostris,Trachysalambria curvirostris,Invertebrate,7,0.853391974197531
SSP5-8.5,81,TrachysalambriaCurvirostris,Trachysalambria curvirostris,Invertebrate,7,0.858591689876543
SSP5-8.5,82,TrachysalambriaCurvirostris,Trachysalambria curvirostris,Invertebrate,7,0.878323849135802
SSP5-8.5,83,TrachysalambriaCurvirostris,Trachysalambria curvirostris,Invertebrate,7,0.868964411234568
SSP5-8.5,84,TrachysalambriaCurvirostris,Trachysalambria curvirostris,Invertebrate,7,0.850516093703704
SSP5-8.5,85,TrachysalambriaCurvirostris,Trachysalambria curvirostris,Invertebrate,7,0.838696049753087
SSP5-8.5,86,TrachysalambriaCurvirostris,Trachysalambria curvirostris,Invertebrate,7,0.853217937530864
SSP5-8.5,87,TrachysalambriaCurvirostris,Trachysalambria curvirostris,Invertebrate,7,0.899594833827161
SSP5-8.5,88,TrachysalambriaCurvirostris,Trachysalambria curvirostris,Invertebrate,7,0.854826911111111
SSP5-8.5,89,TrachysalambriaCurvirostris,Trachysalambria curvirostris,Invertebrate,7,0.813746989753087
SSP5-8.5,90,TrachysalambriaCurvirostris,Trachysalambria curvirostris,Invertebrate,7,0.868510148765432
SSP5-8.5,91,TrachysalambriaCurvirostris,Trachysalambria curvirostris,Invertebrate,7,0.855409965802469
SSP5-8.5,92,TrachysalambriaCurvirostris,Trachysalambria curvirostris,Invertebrate,7,0.874350530493827
SSP5-8.5,93,TrachysalambriaCurvirostris,Trachysalambria curvirostris,Invertebrate,7,0.870947881728395
SSP5-8.5,94,TrachysalambriaCurvirostris,Trachysalambria curvirostris,Invertebrate,7,0.857851606419753
SSP5-8.5,95,TrachysalambriaCurvirostris,Trachysalambria curvirostris,Invertebrate,7,0.907353601234568
SSP5-8.5,96,TrachysalambriaCurvirostris,Trachysalambria curvirostris,Invertebrate,7,0.91371040037037
SSP5-8.5,97,TrachysalambriaCurvirostris,Trachysalambria curvirostris,Invertebrate,7,0.844206098765432
SSP5-8.5,98,TrachysalambriaCurvirostris,Trachysalambria curvirostris,Invertebrate,7,0.873391514567901
SSP5-8.5,99,TrachysalambriaCurvirostris,Trachysalambria curvirostris,Invertebrate,7,0.856243692839506
SSP5-8.5,100,TrachysalambriaCurvirostris,Trachysalambria curvirostris,Invertebrate,7,0.81046286345679
SSP5-8.5,1,PortunusTrituberculatus,Portunus trituberculatus,Invertebrate,8,1.00548711851852
SSP5-8.5,2,PortunusTrituberculatus,Portunus trituberculatus,Invertebrate,8,1.00764664962963
SSP5-8.5,3,PortunusTrituberculatus,Portunus trituberculatus,Invertebrate,8,0.968475043333333
SSP5-8.5,4,PortunusTrituberculatus,Portunus trituberculatus,Invertebrate,8,1.00741001703704
SSP5-8.5,5,PortunusTrituberculatus,Portunus trituberculatus,Invertebrate,8,0.989599198148148
SSP5-8.5,6,PortunusTrituberculatus,Portunus trituberculatus,Invertebrate,8,1.00908963358025
SSP5-8.5,7,PortunusTrituberculatus,Portunus trituberculatus,Invertebrate,8,1.01190830012346
SSP5-8.5,8,PortunusTrituberculatus,Portunus trituberculatus,Invertebrate,8,0.99689387037037
SSP5-8.5,9,PortunusTrituberculatus,Portunus trituberculatus,Invertebrate,8,1.02007113691358
SSP5-8.5,10,PortunusTrituberculatus,Portunus trituberculatus,Invertebrate,8,0.974986178148148
SSP5-8.5,11,PortunusTrituberculatus,Portunus trituberculatus,Invertebrate,8,0.990217289753086
SSP5-8.5,12,PortunusTrituberculatus,Portunus trituberculatus,Invertebrate,8,1.00758038209877
SSP5-8.5,13,PortunusTrituberculatus,Portunus trituberculatus,Invertebrate,8,0.983689103703704
SSP5-8.5,14,PortunusTrituberculatus,Portunus trituberculatus,Invertebrate,8,0.997830455802469
SSP5-8.5,15,PortunusTrituberculatus,Portunus trituberculatus,Invertebrate,8,0.984907539012346
SSP5-8.5,16,PortunusTrituberculatus,Portunus trituberculatus,Invertebrate,8,1.02440032283951
SSP5-8.5,17,PortunusTrituberculatus,Portunus trituberculatus,Invertebrate,8,0.986172851975309
SSP5-8.5,18,PortunusTrituberculatus,Portunus trituberculatus,Invertebrate,8,1.00290015814815
SSP5-8.5,19,PortunusTrituberculatus,Portunus trituberculatus,Invertebrate,8,1.00641520160494
SSP5-8.5,20,PortunusTrituberculatus,Portunus trituberculatus,Invertebrate,8,0.998829273209877
SSP5-8.5,21,PortunusTrituberculatus,Portunus trituberculatus,Invertebrate,8,1.00117697716049
SSP5-8.5,22,PortunusTrituberculatus,Portunus trituberculatus,Invertebrate,8,0.98528280308642
SSP5-8.5,23,PortunusTrituberculatus,Portunus trituberculatus,Invertebrate,8,0.983520615802469
SSP5-8.5,24,PortunusTrituberculatus,Portunus trituberculatus,Invertebrate,8,1.00776501901235
SSP5-8.5,25,PortunusTrituberculatus,Portunus trituberculatus,Invertebrate,8,0.991043510123457
SSP5-8.5,26,PortunusTrituberculatus,Portunus trituberculatus,Invertebrate,8,0.984301546296296
SSP5-8.5,27,PortunusTrituberculatus,Portunus trituberculatus,Invertebrate,8,0.997659199135802
SSP5-8.5,28,PortunusTrituberculatus,Portunus trituberculatus,Invertebrate,8,0.998870218765432
SSP5-8.5,29,PortunusTrituberculatus,Portunus trituberculatus,Invertebrate,8,0.988087469876543
SSP5-8.5,30,PortunusTrituberculatus,Portunus trituberculatus,Invertebrate,8,0.987010061851852
SSP5-8.5,31,PortunusTrituberculatus,Portunus trituberculatus,Invertebrate,8,0.992312587037037
SSP5-8.5,32,PortunusTrituberculatus,Portunus trituberculatus,Invertebrate,8,1.00741084283951
SSP5-8.5,33,PortunusTrituberculatus,Portunus trituberculatus,Invertebrate,8,0.990886460246914
SSP5-8.5,34,PortunusTrituberculatus,Portunus trituberculatus,Invertebrate,8,0.988754026049383
SSP5-8.5,35,PortunusTrituberculatus,Portunus trituberculatus,Invertebrate,8,1.00084232345679
SSP5-8.5,36,PortunusTrituberculatus,Portunus trituberculatus,Invertebrate,8,0.95306166962963
SSP5-8.5,37,PortunusTrituberculatus,Portunus trituberculatus,Invertebrate,8,0.975710690617284
SSP5-8.5,38,PortunusTrituberculatus,Portunus trituberculatus,Invertebrate,8,0.977734785432099
SSP5-8.5,39,PortunusTrituberculatus,Portunus trituberculatus,Invertebrate,8,1.0090229845679
SSP5-8.5,40,PortunusTrituberculatus,Portunus trituberculatus,Invertebrate,8,1.01656329160494
SSP5-8.5,41,PortunusTrituberculatus,Portunus trituberculatus,Invertebrate,8,0.994377498518519
SSP5-8.5,42,PortunusTrituberculatus,Portunus trituberculatus,Invertebrate,8,0.99325691617284
SSP5-8.5,43,PortunusTrituberculatus,Portunus trituberculatus,Invertebrate,8,1.0010881317284
SSP5-8.5,44,PortunusTrituberculatus,Portunus trituberculatus,Invertebrate,8,1.01961937197531
SSP5-8.5,45,PortunusTrituberculatus,Portunus trituberculatus,Invertebrate,8,1.00566903666667
SSP5-8.5,46,PortunusTrituberculatus,Portunus trituberculatus,Invertebrate,8,0.968773306172839
SSP5-8.5,47,PortunusTrituberculatus,Portunus trituberculatus,Invertebrate,8,0.963253421111111
SSP5-8.5,48,PortunusTrituberculatus,Portunus trituberculatus,Invertebrate,8,0.999861586666667
SSP5-8.5,49,PortunusTrituberculatus,Portunus trituberculatus,Invertebrate,8,0.969332904197531
SSP5-8.5,50,PortunusTrituberculatus,Portunus trituberculatus,Invertebrate,8,0.992944202222222
SSP5-8.5,51,PortunusTrituberculatus,Portunus trituberculatus,Invertebrate,8,0.983488862098765
SSP5-8.5,52,PortunusTrituberculatus,Portunus trituberculatus,Invertebrate,8,0.994670912345679
SSP5-8.5,53,PortunusTrituberculatus,Portunus trituberculatus,Invertebrate,8,1.02996133469136
SSP5-8.5,54,PortunusTrituberculatus,Portunus trituberculatus,Invertebrate,8,0.977873707777778
SSP5-8.5,55,PortunusTrituberculatus,Portunus trituberculatus,Invertebrate,8,0.990180985555556
SSP5-8.5,56,PortunusTrituberculatus,Portunus trituberculatus,Invertebrate,8,1.00722047061728
SSP5-8.5,57,PortunusTrituberculatus,Portunus trituberculatus,Invertebrate,8,1.02065527962963
SSP5-8.5,58,PortunusTrituberculatus,Portunus trituberculatus,Invertebrate,8,0.991106104320988
SSP5-8.5,59,PortunusTrituberculatus,Portunus trituberculatus,Invertebrate,8,0.979406738024691
SSP5-8.5,60,PortunusTrituberculatus,Portunus trituberculatus,Invertebrate,8,0.982321716419753
SSP5-8.5,61,PortunusTrituberculatus,Portunus trituberculatus,Invertebrate,8,1.01870740419753
SSP5-8.5,62,PortunusTrituberculatus,Portunus trituberculatus,Invertebrate,8,0.981326098148148
SSP5-8.5,63,PortunusTrituberculatus,Portunus trituberculatus,Invertebrate,8,0.983466625185185
SSP5-8.5,64,PortunusTrituberculatus,Portunus trituberculatus,Invertebrate,8,0.99515396962963
SSP5-8.5,65,PortunusTrituberculatus,Portunus trituberculatus,Invertebrate,8,0.974047231851852
SSP5-8.5,66,PortunusTrituberculatus,Portunus trituberculatus,Invertebrate,8,1.00573349604938
SSP5-8.5,67,PortunusTrituberculatus,Portunus trituberculatus,Invertebrate,8,0.998201425061728
SSP5-8.5,68,PortunusTrituberculatus,Portunus trituberculatus,Invertebrate,8,0.982515026790123
SSP5-8.5,69,PortunusTrituberculatus,Portunus trituberculatus,Invertebrate,8,0.990070509135803
SSP5-8.5,70,PortunusTrituberculatus,Portunus trituberculatus,Invertebrate,8,0.995888771234568
SSP5-8.5,71,PortunusTrituberculatus,Portunus trituberculatus,Invertebrate,8,1.00555991345679
SSP5-8.5,72,PortunusTrituberculatus,Portunus trituberculatus,Invertebrate,8,1.04417399135802
SSP5-8.5,73,PortunusTrituberculatus,Portunus trituberculatus,Invertebrate,8,1.00492122814815
SSP5-8.5,74,PortunusTrituberculatus,Portunus trituberculatus,Invertebrate,8,0.981118812222222
SSP5-8.5,75,PortunusTrituberculatus,Portunus trituberculatus,Invertebrate,8,0.99503519962963
SSP5-8.5,76,PortunusTrituberculatus,Portunus trituberculatus,Invertebrate,8,1.00926257679012
SSP5-8.5,77,PortunusTrituberculatus,Portunus trituberculatus,Invertebrate,8,0.985113130987654
SSP5-8.5,78,PortunusTrituberculatus,Portunus trituberculatus,Invertebrate,8,0.985799167037037
SSP5-8.5,79,PortunusTrituberculatus,Portunus trituberculatus,Invertebrate,8,1.01809998444444
SSP5-8.5,80,PortunusTrituberculatus,Portunus trituberculatus,Invertebrate,8,0.995672087530864
SSP5-8.5,81,PortunusTrituberculatus,Portunus trituberculatus,Invertebrate,8,0.992896580987654
SSP5-8.5,82,PortunusTrituberculatus,Portunus trituberculatus,Invertebrate,8,0.976356903950617
SSP5-8.5,83,PortunusTrituberculatus,Portunus trituberculatus,Invertebrate,8,1.01623166382716
SSP5-8.5,84,PortunusTrituberculatus,Portunus trituberculatus,Invertebrate,8,0.985155412345679
SSP5-8.5,85,PortunusTrituberculatus,Portunus trituberculatus,Invertebrate,8,0.998907874567901
SSP5-8.5,86,PortunusTrituberculatus,Portunus trituberculatus,Invertebrate,8,0.992727162469136
SSP5-8.5,87,PortunusTrituberculatus,Portunus trituberculatus,Invertebrate,8,1.00580598419753
SSP5-8.5,88,PortunusTrituberculatus,Portunus trituberculatus,Invertebrate,8,1.01374451716049
SSP5-8.5,89,PortunusTrituberculatus,Portunus trituberculatus,Invertebrate,8,0.963989042716049
SSP5-8.5,90,PortunusTrituberculatus,Portunus trituberculatus,Invertebrate,8,1.01565733753086
SSP5-8.5,91,PortunusTrituberculatus,Portunus trituberculatus,Invertebrate,8,0.994920553580247
SSP5-8.5,92,PortunusTrituberculatus,Portunus trituberculatus,Invertebrate,8,0.96976482308642
SSP5-8.5,93,PortunusTrituberculatus,Portunus trituberculatus,Invertebrate,8,0.974012622345679
SSP5-8.5,94,PortunusTrituberculatus,Portunus trituberculatus,Invertebrate,8,1.01830215580247
SSP5-8.5,95,PortunusTrituberculatus,Portunus trituberculatus,Invertebrate,8,0.982678771728395
SSP5-8.5,96,PortunusTrituberculatus,Portunus trituberculatus,Invertebrate,8,0.996910396049383
SSP5-8.5,97,PortunusTrituberculatus,Portunus trituberculatus,Invertebrate,8,0.967626673209877
SSP5-8.5,98,PortunusTrituberculatus,Portunus trituberculatus,Invertebrate,8,1.00427953185185
SSP5-8.5,99,PortunusTrituberculatus,Portunus trituberculatus,Invertebrate,8,1.00002518395062
SSP5-8.5,100,PortunusTrituberculatus,Portunus trituberculatus,Invertebrate,8,0.995843310740741
SSP5-8.5,1,ScomberJaponicus,Scomber japonicus,Mid-trophic species,9,0.791952647654321
SSP5-8.5,2,ScomberJaponicus,Scomber japonicus,Mid-trophic species,9,0.792655113209877
SSP5-8.5,3,ScomberJaponicus,Scomber japonicus,Mid-trophic species,9,0.786015776296296
SSP5-8.5,4,ScomberJaponicus,Scomber japonicus,Mid-trophic species,9,0.784177052962963
SSP5-8.5,5,ScomberJaponicus,Scomber japonicus,Mid-trophic species,9,0.790234438395062
SSP5-8.5,6,ScomberJaponicus,Scomber japonicus,Mid-trophic species,9,0.789512369012346
SSP5-8.5,7,ScomberJaponicus,Scomber japonicus,Mid-trophic species,9,0.789744979876543
SSP5-8.5,8,ScomberJaponicus,Scomber japonicus,Mid-trophic species,9,0.786367504197531
SSP5-8.5,9,ScomberJaponicus,Scomber japonicus,Mid-trophic species,9,0.787111397283951
SSP5-8.5,10,ScomberJaponicus,Scomber japonicus,Mid-trophic species,9,0.791338061481481
SSP5-8.5,11,ScomberJaponicus,Scomber japonicus,Mid-trophic species,9,0.786345400987654
SSP5-8.5,12,ScomberJaponicus,Scomber japonicus,Mid-trophic species,9,0.783086428148148
SSP5-8.5,13,ScomberJaponicus,Scomber japonicus,Mid-trophic species,9,0.790234279382716
SSP5-8.5,14,ScomberJaponicus,Scomber japonicus,Mid-trophic species,9,0.78586111345679
SSP5-8.5,15,ScomberJaponicus,Scomber japonicus,Mid-trophic species,9,0.785069377283951
SSP5-8.5,16,ScomberJaponicus,Scomber japonicus,Mid-trophic species,9,0.791234206049383
SSP5-8.5,17,ScomberJaponicus,Scomber japonicus,Mid-trophic species,9,0.79324308345679
SSP5-8.5,18,ScomberJaponicus,Scomber japonicus,Mid-trophic species,9,0.788002489753086
SSP5-8.5,19,ScomberJaponicus,Scomber japonicus,Mid-trophic species,9,0.790120300864198
SSP5-8.5,20,ScomberJaponicus,Scomber japonicus,Mid-trophic species,9,0.783801874074074
SSP5-8.5,21,ScomberJaponicus,Scomber japonicus,Mid-trophic species,9,0.790820730987654
SSP5-8.5,22,ScomberJaponicus,Scomber japonicus,Mid-trophic species,9,0.789667325679012
SSP5-8.5,23,ScomberJaponicus,Scomber japonicus,Mid-trophic species,9,0.785247397407408
SSP5-8.5,24,ScomberJaponicus,Scomber japonicus,Mid-trophic species,9,0.791691768395062
SSP5-8.5,25,ScomberJaponicus,Scomber japonicus,Mid-trophic species,9,0.784851952222222
SSP5-8.5,26,ScomberJaponicus,Scomber japonicus,Mid-trophic species,9,0.790089033580247
SSP5-8.5,27,ScomberJaponicus,Scomber japonicus,Mid-trophic species,9,0.78819826962963
SSP5-8.5,28,ScomberJaponicus,Scomber japonicus,Mid-trophic species,9,0.790794398024691
SSP5-8.5,29,ScomberJaponicus,Scomber japonicus,Mid-trophic species,9,0.789719122469136
SSP5-8.5,30,ScomberJaponicus,Scomber japonicus,Mid-trophic species,9,0.79166259691358
SSP5-8.5,31,ScomberJaponicus,Scomber japonicus,Mid-trophic species,9,0.78879554
SSP5-8.5,32,ScomberJaponicus,Scomber japonicus,Mid-trophic species,9,0.787187372098765
SSP5-8.5,33,ScomberJaponicus,Scomber japonicus,Mid-trophic species,9,0.786322304938272
SSP5-8.5,34,ScomberJaponicus,Scomber japonicus,Mid-trophic species,9,0.788544158148148
SSP5-8.5,35,ScomberJaponicus,Scomber japonicus,Mid-trophic species,9,0.789423479135802
SSP5-8.5,36,ScomberJaponicus,Scomber japonicus,Mid-trophic species,9,0.787276863580247
SSP5-8.5,37,ScomberJaponicus,Scomber japonicus,Mid-trophic species,9,0.790687544320988
SSP5-8.5,38,ScomberJaponicus,Scomber japonicus,Mid-trophic species,9,0.786074983950617
SSP5-8.5,39,ScomberJaponicus,Scomber japonicus,Mid-trophic species,9,0.782828395925926
SSP5-8.5,40,ScomberJaponicus,Scomber japonicus,Mid-trophic species,9,0.792917759876543
SSP5-8.5,41,ScomberJaponicus,Scomber japonicus,Mid-trophic species,9,0.791846435061728
SSP5-8.5,42,ScomberJaponicus,Scomber japonicus,Mid-trophic species,9,0.786250385432099
SSP5-8.5,43,ScomberJaponicus,Scomber japonicus,Mid-trophic species,9,0.790499796296296
SSP5-8.5,44,ScomberJaponicus,Scomber japonicus,Mid-trophic species,9,0.79237927345679
SSP5-8.5,45,ScomberJaponicus,Scomber japonicus,Mid-trophic species,9,0.791199007901235
SSP5-8.5,46,ScomberJaponicus,Scomber japonicus,Mid-trophic species,9,0.792558048888889
SSP5-8.5,47,ScomberJaponicus,Scomber japonicus,Mid-trophic species,9,0.784436928518519
SSP5-8.5,48,ScomberJaponicus,Scomber japonicus,Mid-trophic species,9,0.785251948641975
SSP5-8.5,49,ScomberJaponicus,Scomber japonicus,Mid-trophic species,9,0.790250354938272
SSP5-8.5,50,ScomberJaponicus,Scomber japonicus,Mid-trophic species,9,0.79027359691358
SSP5-8.5,51,ScomberJaponicus,Scomber japonicus,Mid-trophic species,9,0.783579597777778
SSP5-8.5,52,ScomberJaponicus,Scomber japonicus,Mid-trophic species,9,0.788154995061728
SSP5-8.5,53,ScomberJaponicus,Scomber japonicus,Mid-trophic species,9,0.789938555925926
SSP5-8.5,54,ScomberJaponicus,Scomber japonicus,Mid-trophic species,9,0.789212258395062
SSP5-8.5,55,ScomberJaponicus,Scomber japonicus,Mid-trophic species,9,0.791056647160494
SSP5-8.5,56,ScomberJaponicus,Scomber japonicus,Mid-trophic species,9,0.790083098024691
SSP5-8.5,57,ScomberJaponicus,Scomber japonicus,Mid-trophic species,9,0.78813574962963
SSP5-8.5,58,ScomberJaponicus,Scomber japonicus,Mid-trophic species,9,0.788901917901235
SSP5-8.5,59,ScomberJaponicus,Scomber japonicus,Mid-trophic species,9,0.789738565308642
SSP5-8.5,60,ScomberJaponicus,Scomber japonicus,Mid-trophic species,9,0.790099750987654
SSP5-8.5,61,ScomberJaponicus,Scomber japonicus,Mid-trophic species,9,0.789188478518519
SSP5-8.5,62,ScomberJaponicus,Scomber japonicus,Mid-trophic species,9,0.788602928024691
SSP5-8.5,63,ScomberJaponicus,Scomber japonicus,Mid-trophic species,9,0.792246113580247
SSP5-8.5,64,ScomberJaponicus,Scomber japonicus,Mid-trophic species,9,0.790531198148148
SSP5-8.5,65,ScomberJaponicus,Scomber japonicus,Mid-trophic species,9,0.78728798345679
SSP5-8.5,66,ScomberJaponicus,Scomber japonicus,Mid-trophic species,9,0.791573713827161
SSP5-8.5,67,ScomberJaponicus,Scomber japonicus,Mid-trophic species,9,0.791000608518519
SSP5-8.5,68,ScomberJaponicus,Scomber japonicus,Mid-trophic species,9,0.785716042839506
SSP5-8.5,69,ScomberJaponicus,Scomber japonicus,Mid-trophic species,9,0.79194815308642
SSP5-8.5,70,ScomberJaponicus,Scomber japonicus,Mid-trophic species,9,0.78526388037037
SSP5-8.5,71,ScomberJaponicus,Scomber japonicus,Mid-trophic species,9,0.790222186666667
SSP5-8.5,72,ScomberJaponicus,Scomber japonicus,Mid-trophic species,9,0.785808842962963
SSP5-8.5,73,ScomberJaponicus,Scomber japonicus,Mid-trophic species,9,0.786975160617284
SSP5-8.5,74,ScomberJaponicus,Scomber japonicus,Mid-trophic species,9,0.784570806296296
SSP5-8.5,75,ScomberJaponicus,Scomber japonicus,Mid-trophic species,9,0.787066178888889
SSP5-8.5,76,ScomberJaponicus,Scomber japonicus,Mid-trophic species,9,0.789299473209877
SSP5-8.5,77,ScomberJaponicus,Scomber japonicus,Mid-trophic species,9,0.790908123950617
SSP5-8.5,78,ScomberJaponicus,Scomber japonicus,Mid-trophic species,9,0.791679601358025
SSP5-8.5,79,ScomberJaponicus,Scomber japonicus,Mid-trophic species,9,0.789514139382716
SSP5-8.5,80,ScomberJaponicus,Scomber japonicus,Mid-trophic species,9,0.787436853209877
SSP5-8.5,81,ScomberJaponicus,Scomber japonicus,Mid-trophic species,9,0.782382290740741
SSP5-8.5,82,ScomberJaponicus,Scomber japonicus,Mid-trophic species,9,0.787121259135803
SSP5-8.5,83,ScomberJaponicus,Scomber japonicus,Mid-trophic species,9,0.791262544938272
SSP5-8.5,84,ScomberJaponicus,Scomber japonicus,Mid-trophic species,9,0.79026896037037
SSP5-8.5,85,ScomberJaponicus,Scomber japonicus,Mid-trophic species,9,0.789930280987654
SSP5-8.5,86,ScomberJaponicus,Scomber japonicus,Mid-trophic species,9,0.790525998765432
SSP5-8.5,87,ScomberJaponicus,Scomber japonicus,Mid-trophic species,9,0.787186645308642
SSP5-8.5,88,ScomberJaponicus,Scomber japonicus,Mid-trophic species,9,0.786108442716049
SSP5-8.5,89,ScomberJaponicus,Scomber japonicus,Mid-trophic species,9,0.788946632592593
SSP5-8.5,90,ScomberJaponicus,Scomber japonicus,Mid-trophic species,9,0.791380074074074
SSP5-8.5,91,ScomberJaponicus,Scomber japonicus,Mid-trophic species,9,0.788383784691358
SSP5-8.5,92,ScomberJaponicus,Scomber japonicus,Mid-trophic species,9,0.787624905802469
SSP5-8.5,93,ScomberJaponicus,Scomber japonicus,Mid-trophic species,9,0.786068014320988
SSP5-8.5,94,ScomberJaponicus,Scomber japonicus,Mid-trophic species,9,0.79096328617284
SSP5-8.5,95,ScomberJaponicus,Scomber japonicus,Mid-trophic species,9,0.789386534567901
SSP5-8.5,96,ScomberJaponicus,Scomber japonicus,Mid-trophic species,9,0.786221270864198
SSP5-8.5,97,ScomberJaponicus,Scomber japonicus,Mid-trophic species,9,0.781985415432099
SSP5-8.5,98,ScomberJaponicus,Scomber japonicus,Mid-trophic species,9,0.789633297901235
SSP5-8.5,99,ScomberJaponicus,Scomber japonicus,Mid-trophic species,9,0.784809187283951
SSP5-8.5,100,ScomberJaponicus,Scomber japonicus,Mid-trophic species,9,0.787236189382716
SSP5-8.5,1,DecapterusMaruadsi,Decapterus maruadsi,Mid-trophic species,10,0.534261487777778
SSP5-8.5,2,DecapterusMaruadsi,Decapterus maruadsi,Mid-trophic species,10,0.53531455
SSP5-8.5,3,DecapterusMaruadsi,Decapterus maruadsi,Mid-trophic species,10,0.534859647654321
SSP5-8.5,4,DecapterusMaruadsi,Decapterus maruadsi,Mid-trophic species,10,0.534379929506173
SSP5-8.5,5,DecapterusMaruadsi,Decapterus maruadsi,Mid-trophic species,10,0.532229636049383
SSP5-8.5,6,DecapterusMaruadsi,Decapterus maruadsi,Mid-trophic species,10,0.537902800493827
SSP5-8.5,7,DecapterusMaruadsi,Decapterus maruadsi,Mid-trophic species,10,0.53155932962963
SSP5-8.5,8,DecapterusMaruadsi,Decapterus maruadsi,Mid-trophic species,10,0.532785952962963
SSP5-8.5,9,DecapterusMaruadsi,Decapterus maruadsi,Mid-trophic species,10,0.532704530864198
SSP5-8.5,10,DecapterusMaruadsi,Decapterus maruadsi,Mid-trophic species,10,0.531941627283951
SSP5-8.5,11,DecapterusMaruadsi,Decapterus maruadsi,Mid-trophic species,10,0.531750464938272
SSP5-8.5,12,DecapterusMaruadsi,Decapterus maruadsi,Mid-trophic species,10,0.534787018024691
SSP5-8.5,13,DecapterusMaruadsi,Decapterus maruadsi,Mid-trophic species,10,0.530247583703704
SSP5-8.5,14,DecapterusMaruadsi,Decapterus maruadsi,Mid-trophic species,10,0.536112692962963
SSP5-8.5,15,DecapterusMaruadsi,Decapterus maruadsi,Mid-trophic species,10,0.535318377283951
SSP5-8.5,16,DecapterusMaruadsi,Decapterus maruadsi,Mid-trophic species,10,0.531872161728395
SSP5-8.5,17,DecapterusMaruadsi,Decapterus maruadsi,Mid-trophic species,10,0.534673398765432
SSP5-8.5,18,DecapterusMaruadsi,Decapterus maruadsi,Mid-trophic species,10,0.531946885925926
SSP5-8.5,19,DecapterusMaruadsi,Decapterus maruadsi,Mid-trophic species,10,0.535579689506173
SSP5-8.5,20,DecapterusMaruadsi,Decapterus maruadsi,Mid-trophic species,10,0.534980121728395
SSP5-8.5,21,DecapterusMaruadsi,Decapterus maruadsi,Mid-trophic species,10,0.534095500246914
SSP5-8.5,22,DecapterusMaruadsi,Decapterus maruadsi,Mid-trophic species,10,0.533303786790123
SSP5-8.5,23,DecapterusMaruadsi,Decapterus maruadsi,Mid-trophic species,10,0.532318522716049
SSP5-8.5,24,DecapterusMaruadsi,Decapterus maruadsi,Mid-trophic species,10,0.532649341358025
SSP5-8.5,25,DecapterusMaruadsi,Decapterus maruadsi,Mid-trophic species,10,0.535764685555556
SSP5-8.5,26,DecapterusMaruadsi,Decapterus maruadsi,Mid-trophic species,10,0.53485974037037
SSP5-8.5,27,DecapterusMaruadsi,Decapterus maruadsi,Mid-trophic species,10,0.539182445185185
SSP5-8.5,28,DecapterusMaruadsi,Decapterus maruadsi,Mid-trophic species,10,0.534816082839506
SSP5-8.5,29,DecapterusMaruadsi,Decapterus maruadsi,Mid-trophic species,10,0.535443767901235
SSP5-8.5,30,DecapterusMaruadsi,Decapterus maruadsi,Mid-trophic species,10,0.534668890987654
SSP5-8.5,31,DecapterusMaruadsi,Decapterus maruadsi,Mid-trophic species,10,0.535146621728395
SSP5-8.5,32,DecapterusMaruadsi,Decapterus maruadsi,Mid-trophic species,10,0.535889018641975
SSP5-8.5,33,DecapterusMaruadsi,Decapterus maruadsi,Mid-trophic species,10,0.53306832
SSP5-8.5,34,DecapterusMaruadsi,Decapterus maruadsi,Mid-trophic species,10,0.531860205061728
SSP5-8.5,35,DecapterusMaruadsi,Decapterus maruadsi,Mid-trophic species,10,0.53342921962963
SSP5-8.5,36,DecapterusMaruadsi,Decapterus maruadsi,Mid-trophic species,10,0.533829104444444
SSP5-8.5,37,DecapterusMaruadsi,Decapterus maruadsi,Mid-trophic species,10,0.533822847160494
SSP5-8.5,38,DecapterusMaruadsi,Decapterus maruadsi,Mid-trophic species,10,0.537174167901235
SSP5-8.5,39,DecapterusMaruadsi,Decapterus maruadsi,Mid-trophic species,10,0.532692872592593
SSP5-8.5,40,DecapterusMaruadsi,Decapterus maruadsi,Mid-trophic species,10,0.534926597407408
SSP5-8.5,41,DecapterusMaruadsi,Decapterus maruadsi,Mid-trophic species,10,0.533418048641975
SSP5-8.5,42,DecapterusMaruadsi,Decapterus maruadsi,Mid-trophic species,10,0.534459607160494
SSP5-8.5,43,DecapterusMaruadsi,Decapterus maruadsi,Mid-trophic species,10,0.530067055802469
SSP5-8.5,44,DecapterusMaruadsi,Decapterus maruadsi,Mid-trophic species,10,0.533584837654321
SSP5-8.5,45,DecapterusMaruadsi,Decapterus maruadsi,Mid-trophic species,10,0.532071378271605
SSP5-8.5,46,DecapterusMaruadsi,Decapterus maruadsi,Mid-trophic species,10,0.53232235962963
SSP5-8.5,47,DecapterusMaruadsi,Decapterus maruadsi,Mid-trophic species,10,0.535343299753086
SSP5-8.5,48,DecapterusMaruadsi,Decapterus maruadsi,Mid-trophic species,10,0.53507614037037
SSP5-8.5,49,DecapterusMaruadsi,Decapterus maruadsi,Mid-trophic species,10,0.533458874320988
SSP5-8.5,50,DecapterusMaruadsi,Decapterus maruadsi,Mid-trophic species,10,0.534187140864198
SSP5-8.5,51,DecapterusMaruadsi,Decapterus maruadsi,Mid-trophic species,10,0.53443813691358
SSP5-8.5,52,DecapterusMaruadsi,Decapterus maruadsi,Mid-trophic species,10,0.536944544814815
SSP5-8.5,53,DecapterusMaruadsi,Decapterus maruadsi,Mid-trophic species,10,0.53579565308642
SSP5-8.5,54,DecapterusMaruadsi,Decapterus maruadsi,Mid-trophic species,10,0.532922819012346
SSP5-8.5,55,DecapterusMaruadsi,Decapterus maruadsi,Mid-trophic species,10,0.533704391234568
SSP5-8.5,56,DecapterusMaruadsi,Decapterus maruadsi,Mid-trophic species,10,0.533974591234568
SSP5-8.5,57,DecapterusMaruadsi,Decapterus maruadsi,Mid-trophic species,10,0.53257010654321
SSP5-8.5,58,DecapterusMaruadsi,Decapterus maruadsi,Mid-trophic species,10,0.534018526790124
SSP5-8.5,59,DecapterusMaruadsi,Decapterus maruadsi,Mid-trophic species,10,0.533732215432099
SSP5-8.5,60,DecapterusMaruadsi,Decapterus maruadsi,Mid-trophic species,10,0.535936525432099
SSP5-8.5,61,DecapterusMaruadsi,Decapterus maruadsi,Mid-trophic species,10,0.536055143333333
SSP5-8.5,62,DecapterusMaruadsi,Decapterus maruadsi,Mid-trophic species,10,0.536017464938272
SSP5-8.5,63,DecapterusMaruadsi,Decapterus maruadsi,Mid-trophic species,10,0.53344599308642
SSP5-8.5,64,DecapterusMaruadsi,Decapterus maruadsi,Mid-trophic species,10,0.537545845925926
SSP5-8.5,65,DecapterusMaruadsi,Decapterus maruadsi,Mid-trophic species,10,0.534809650864198
SSP5-8.5,66,DecapterusMaruadsi,Decapterus maruadsi,Mid-trophic species,10,0.535705428765432
SSP5-8.5,67,DecapterusMaruadsi,Decapterus maruadsi,Mid-trophic species,10,0.531137145802469
SSP5-8.5,68,DecapterusMaruadsi,Decapterus maruadsi,Mid-trophic species,10,0.530574382592593
SSP5-8.5,69,DecapterusMaruadsi,Decapterus maruadsi,Mid-trophic species,10,0.533763010493827
SSP5-8.5,70,DecapterusMaruadsi,Decapterus maruadsi,Mid-trophic species,10,0.538523015061728
SSP5-8.5,71,DecapterusMaruadsi,Decapterus maruadsi,Mid-trophic species,10,0.533647268271605
SSP5-8.5,72,DecapterusMaruadsi,Decapterus maruadsi,Mid-trophic species,10,0.534488065432099
SSP5-8.5,73,DecapterusMaruadsi,Decapterus maruadsi,Mid-trophic species,10,0.535090065185185
SSP5-8.5,74,DecapterusMaruadsi,Decapterus maruadsi,Mid-trophic species,10,0.532888949506173
SSP5-8.5,75,DecapterusMaruadsi,Decapterus maruadsi,Mid-trophic species,10,0.535893508148148
SSP5-8.5,76,DecapterusMaruadsi,Decapterus maruadsi,Mid-trophic species,10,0.533957418395062
SSP5-8.5,77,DecapterusMaruadsi,Decapterus maruadsi,Mid-trophic species,10,0.530137008148148
SSP5-8.5,78,DecapterusMaruadsi,Decapterus maruadsi,Mid-trophic species,10,0.532697047037037
SSP5-8.5,79,DecapterusMaruadsi,Decapterus maruadsi,Mid-trophic species,10,0.530713773333333
SSP5-8.5,80,DecapterusMaruadsi,Decapterus maruadsi,Mid-trophic species,10,0.532924573703704
SSP5-8.5,81,DecapterusMaruadsi,Decapterus maruadsi,Mid-trophic species,10,0.531271533950617
SSP5-8.5,82,DecapterusMaruadsi,Decapterus maruadsi,Mid-trophic species,10,0.530036664938272
SSP5-8.5,83,DecapterusMaruadsi,Decapterus maruadsi,Mid-trophic species,10,0.530967127283951
SSP5-8.5,84,DecapterusMaruadsi,Decapterus maruadsi,Mid-trophic species,10,0.530307840493827
SSP5-8.5,85,DecapterusMaruadsi,Decapterus maruadsi,Mid-trophic species,10,0.536908902345679
SSP5-8.5,86,DecapterusMaruadsi,Decapterus maruadsi,Mid-trophic species,10,0.536920495308642
SSP5-8.5,87,DecapterusMaruadsi,Decapterus maruadsi,Mid-trophic species,10,0.536409385432099
SSP5-8.5,88,DecapterusMaruadsi,Decapterus maruadsi,Mid-trophic species,10,0.532432741111111
SSP5-8.5,89,DecapterusMaruadsi,Decapterus maruadsi,Mid-trophic species,10,0.533359281111111
SSP5-8.5,90,DecapterusMaruadsi,Decapterus maruadsi,Mid-trophic species,10,0.53218205037037
SSP5-8.5,91,DecapterusMaruadsi,Decapterus maruadsi,Mid-trophic species,10,0.536806220987654
SSP5-8.5,92,DecapterusMaruadsi,Decapterus maruadsi,Mid-trophic species,10,0.536189062962963
SSP5-8.5,93,DecapterusMaruadsi,Decapterus maruadsi,Mid-trophic species,10,0.534527117777778
SSP5-8.5,94,DecapterusMaruadsi,Decapterus maruadsi,Mid-trophic species,10,0.534750739382716
SSP5-8.5,95,DecapterusMaruadsi,Decapterus maruadsi,Mid-trophic species,10,0.534135554444445
SSP5-8.5,96,DecapterusMaruadsi,Decapterus maruadsi,Mid-trophic species,10,0.530351936049383
SSP5-8.5,97,DecapterusMaruadsi,Decapterus maruadsi,Mid-trophic species,10,0.531993710246914
SSP5-8.5,98,DecapterusMaruadsi,Decapterus maruadsi,Mid-trophic species,10,0.53438548654321
SSP5-8.5,99,DecapterusMaruadsi,Decapterus maruadsi,Mid-trophic species,10,0.534069428148148
SSP5-8.5,100,DecapterusMaruadsi,Decapterus maruadsi,Mid-trophic species,10,0.531200538024691
SSP5-8.5,1,PennahiaArgentata,Pennahia argentata,Mid-trophic species,11,0.60767603654321
SSP5-8.5,2,PennahiaArgentata,Pennahia argentata,Mid-trophic species,11,0.607015359382716
SSP5-8.5,3,PennahiaArgentata,Pennahia argentata,Mid-trophic species,11,0.600622031604938
SSP5-8.5,4,PennahiaArgentata,Pennahia argentata,Mid-trophic species,11,0.621136962962963
SSP5-8.5,5,PennahiaArgentata,Pennahia argentata,Mid-trophic species,11,0.595100369382716
SSP5-8.5,6,PennahiaArgentata,Pennahia argentata,Mid-trophic species,11,0.59505109691358
SSP5-8.5,7,PennahiaArgentata,Pennahia argentata,Mid-trophic species,11,0.597061364074074
SSP5-8.5,8,PennahiaArgentata,Pennahia argentata,Mid-trophic species,11,0.604327858271605
SSP5-8.5,9,PennahiaArgentata,Pennahia argentata,Mid-trophic species,11,0.608054501851852
SSP5-8.5,10,PennahiaArgentata,Pennahia argentata,Mid-trophic species,11,0.609365816419753
SSP5-8.5,11,PennahiaArgentata,Pennahia argentata,Mid-trophic species,11,0.613742563703704
SSP5-8.5,12,PennahiaArgentata,Pennahia argentata,Mid-trophic species,11,0.600811765432099
SSP5-8.5,13,PennahiaArgentata,Pennahia argentata,Mid-trophic species,11,0.605250148641975
SSP5-8.5,14,PennahiaArgentata,Pennahia argentata,Mid-trophic species,11,0.609649131234568
SSP5-8.5,15,PennahiaArgentata,Pennahia argentata,Mid-trophic species,11,0.593656434074074
SSP5-8.5,16,PennahiaArgentata,Pennahia argentata,Mid-trophic species,11,0.597826922839506
SSP5-8.5,17,PennahiaArgentata,Pennahia argentata,Mid-trophic species,11,0.604979791481482
SSP5-8.5,18,PennahiaArgentata,Pennahia argentata,Mid-trophic species,11,0.605607290493827
SSP5-8.5,19,PennahiaArgentata,Pennahia argentata,Mid-trophic species,11,0.610268912839506
SSP5-8.5,20,PennahiaArgentata,Pennahia argentata,Mid-trophic species,11,0.602787411111111
SSP5-8.5,21,PennahiaArgentata,Pennahia argentata,Mid-trophic species,11,0.623386926296296
SSP5-8.5,22,PennahiaArgentata,Pennahia argentata,Mid-trophic species,11,0.618072277901235
SSP5-8.5,23,PennahiaArgentata,Pennahia argentata,Mid-trophic species,11,0.620485212962963
SSP5-8.5,24,PennahiaArgentata,Pennahia argentata,Mid-trophic species,11,0.605472091851852
SSP5-8.5,25,PennahiaArgentata,Pennahia argentata,Mid-trophic species,11,0.599379378271605
SSP5-8.5,26,PennahiaArgentata,Pennahia argentata,Mid-trophic species,11,0.602099520123457
SSP5-8.5,27,PennahiaArgentata,Pennahia argentata,Mid-trophic species,11,0.601944025925926
SSP5-8.5,28,PennahiaArgentata,Pennahia argentata,Mid-trophic species,11,0.600896429259259
SSP5-8.5,29,PennahiaArgentata,Pennahia argentata,Mid-trophic species,11,0.601530389382716
SSP5-8.5,30,PennahiaArgentata,Pennahia argentata,Mid-trophic species,11,0.62181853962963
SSP5-8.5,31,PennahiaArgentata,Pennahia argentata,Mid-trophic species,11,0.609015760246914
SSP5-8.5,32,PennahiaArgentata,Pennahia argentata,Mid-trophic species,11,0.604409691234568
SSP5-8.5,33,PennahiaArgentata,Pennahia argentata,Mid-trophic species,11,0.597170390740741
SSP5-8.5,34,PennahiaArgentata,Pennahia argentata,Mid-trophic species,11,0.590524996049383
SSP5-8.5,35,PennahiaArgentata,Pennahia argentata,Mid-trophic species,11,0.602949136049383
SSP5-8.5,36,PennahiaArgentata,Pennahia argentata,Mid-trophic species,11,0.616480217530864
SSP5-8.5,37,PennahiaArgentata,Pennahia argentata,Mid-trophic species,11,0.60692111691358
SSP5-8.5,38,PennahiaArgentata,Pennahia argentata,Mid-trophic species,11,0.620923025802469
SSP5-8.5,39,PennahiaArgentata,Pennahia argentata,Mid-trophic species,11,0.599374867530864
SSP5-8.5,40,PennahiaArgentata,Pennahia argentata,Mid-trophic species,11,0.606379178888889
SSP5-8.5,41,PennahiaArgentata,Pennahia argentata,Mid-trophic species,11,0.614166860617284
SSP5-8.5,42,PennahiaArgentata,Pennahia argentata,Mid-trophic species,11,0.612139058395062
SSP5-8.5,43,PennahiaArgentata,Pennahia argentata,Mid-trophic species,11,0.618040891234568
SSP5-8.5,44,PennahiaArgentata,Pennahia argentata,Mid-trophic species,11,0.599557795185185
SSP5-8.5,45,PennahiaArgentata,Pennahia argentata,Mid-trophic species,11,0.604809371111111
SSP5-8.5,46,PennahiaArgentata,Pennahia argentata,Mid-trophic species,11,0.604405444444445
SSP5-8.5,47,PennahiaArgentata,Pennahia argentata,Mid-trophic species,11,0.612798495061728
SSP5-8.5,48,PennahiaArgentata,Pennahia argentata,Mid-trophic species,11,0.610227570740741
SSP5-8.5,49,PennahiaArgentata,Pennahia argentata,Mid-trophic species,11,0.603769239876543
SSP5-8.5,50,PennahiaArgentata,Pennahia argentata,Mid-trophic species,11,0.596821603209877
SSP5-8.5,51,PennahiaArgentata,Pennahia argentata,Mid-trophic species,11,0.611755779506173
SSP5-8.5,52,PennahiaArgentata,Pennahia argentata,Mid-trophic species,11,0.604175528024691
SSP5-8.5,53,PennahiaArgentata,Pennahia argentata,Mid-trophic species,11,0.609994195185185
SSP5-8.5,54,PennahiaArgentata,Pennahia argentata,Mid-trophic species,11,0.61344312308642
SSP5-8.5,55,PennahiaArgentata,Pennahia argentata,Mid-trophic species,11,0.622061697283951
SSP5-8.5,56,PennahiaArgentata,Pennahia argentata,Mid-trophic species,11,0.602987989506173
SSP5-8.5,57,PennahiaArgentata,Pennahia argentata,Mid-trophic species,11,0.612029930987654
SSP5-8.5,58,PennahiaArgentata,Pennahia argentata,Mid-trophic species,11,0.603104498518519
SSP5-8.5,59,PennahiaArgentata,Pennahia argentata,Mid-trophic species,11,0.60814836962963
SSP5-8.5,60,PennahiaArgentata,Pennahia argentata,Mid-trophic species,11,0.599237019876543
SSP5-8.5,61,PennahiaArgentata,Pennahia argentata,Mid-trophic species,11,0.623716543950617
SSP5-8.5,62,PennahiaArgentata,Pennahia argentata,Mid-trophic species,11,0.62158233654321
SSP5-8.5,63,PennahiaArgentata,Pennahia argentata,Mid-trophic species,11,0.607817907654321
SSP5-8.5,64,PennahiaArgentata,Pennahia argentata,Mid-trophic species,11,0.603771601111111
SSP5-8.5,65,PennahiaArgentata,Pennahia argentata,Mid-trophic species,11,0.595975742222222
SSP5-8.5,66,PennahiaArgentata,Pennahia argentata,Mid-trophic species,11,0.60195399654321
SSP5-8.5,67,PennahiaArgentata,Pennahia argentata,Mid-trophic species,11,0.609279834320988
SSP5-8.5,68,PennahiaArgentata,Pennahia argentata,Mid-trophic species,11,0.593151868765432
SSP5-8.5,69,PennahiaArgentata,Pennahia argentata,Mid-trophic species,11,0.623338112098765
SSP5-8.5,70,PennahiaArgentata,Pennahia argentata,Mid-trophic species,11,0.611504872098766
SSP5-8.5,71,PennahiaArgentata,Pennahia argentata,Mid-trophic species,11,0.614244687901235
SSP5-8.5,72,PennahiaArgentata,Pennahia argentata,Mid-trophic species,11,0.616776527407407
SSP5-8.5,73,PennahiaArgentata,Pennahia argentata,Mid-trophic species,11,0.59760142617284
SSP5-8.5,74,PennahiaArgentata,Pennahia argentata,Mid-trophic species,11,0.611821635185185
SSP5-8.5,75,PennahiaArgentata,Pennahia argentata,Mid-trophic species,11,0.59665042
SSP5-8.5,76,PennahiaArgentata,Pennahia argentata,Mid-trophic species,11,0.616155136172839
SSP5-8.5,77,PennahiaArgentata,Pennahia argentata,Mid-trophic species,11,0.60310136037037
SSP5-8.5,78,PennahiaArgentata,Pennahia argentata,Mid-trophic species,11,0.624764690123457
SSP5-8.5,79,PennahiaArgentata,Pennahia argentata,Mid-trophic species,11,0.593516734814815
SSP5-8.5,80,PennahiaArgentata,Pennahia argentata,Mid-trophic species,11,0.60802904691358
SSP5-8.5,81,PennahiaArgentata,Pennahia argentata,Mid-trophic species,11,0.607975643333333
SSP5-8.5,82,PennahiaArgentata,Pennahia argentata,Mid-trophic species,11,0.614153907283951
SSP5-8.5,83,PennahiaArgentata,Pennahia argentata,Mid-trophic species,11,0.600433164567901
SSP5-8.5,84,PennahiaArgentata,Pennahia argentata,Mid-trophic species,11,0.608555280123457
SSP5-8.5,85,PennahiaArgentata,Pennahia argentata,Mid-trophic species,11,0.602845139259259
SSP5-8.5,86,PennahiaArgentata,Pennahia argentata,Mid-trophic species,11,0.606403827283951
SSP5-8.5,87,PennahiaArgentata,Pennahia argentata,Mid-trophic species,11,0.611742640864198
SSP5-8.5,88,PennahiaArgentata,Pennahia argentata,Mid-trophic species,11,0.613681460864198
SSP5-8.5,89,PennahiaArgentata,Pennahia argentata,Mid-trophic species,11,0.598633516790124
SSP5-8.5,90,PennahiaArgentata,Pennahia argentata,Mid-trophic species,11,0.607574202098765
SSP5-8.5,91,PennahiaArgentata,Pennahia argentata,Mid-trophic species,11,0.613197830987654
SSP5-8.5,92,PennahiaArgentata,Pennahia argentata,Mid-trophic species,11,0.619346393580247
SSP5-8.5,93,PennahiaArgentata,Pennahia argentata,Mid-trophic species,11,0.606291086790123
SSP5-8.5,94,PennahiaArgentata,Pennahia argentata,Mid-trophic species,11,0.606672728148148
SSP5-8.5,95,PennahiaArgentata,Pennahia argentata,Mid-trophic species,11,0.620061198518519
SSP5-8.5,96,PennahiaArgentata,Pennahia argentata,Mid-trophic species,11,0.622997528271605
SSP5-8.5,97,PennahiaArgentata,Pennahia argentata,Mid-trophic species,11,0.606932809876543
SSP5-8.5,98,PennahiaArgentata,Pennahia argentata,Mid-trophic species,11,0.615207932469136
SSP5-8.5,99,PennahiaArgentata,Pennahia argentata,Mid-trophic species,11,0.608416884814815
SSP5-8.5,100,PennahiaArgentata,Pennahia argentata,Mid-trophic species,11,0.609530415802469
SSP5-8.5,1,PampusArgenteus,Pampus argenteus,Mid-trophic species,12,0.436967219382716
SSP5-8.5,2,PampusArgenteus,Pampus argenteus,Mid-trophic species,12,0.435103279753086
SSP5-8.5,3,PampusArgenteus,Pampus argenteus,Mid-trophic species,12,0.434823371851852
SSP5-8.5,4,PampusArgenteus,Pampus argenteus,Mid-trophic species,12,0.434873574444444
SSP5-8.5,5,PampusArgenteus,Pampus argenteus,Mid-trophic species,12,0.436458304567901
SSP5-8.5,6,PampusArgenteus,Pampus argenteus,Mid-trophic species,12,0.438970701234568
SSP5-8.5,7,PampusArgenteus,Pampus argenteus,Mid-trophic species,12,0.433388929753086
SSP5-8.5,8,PampusArgenteus,Pampus argenteus,Mid-trophic species,12,0.43626332345679
SSP5-8.5,9,PampusArgenteus,Pampus argenteus,Mid-trophic species,12,0.43562865308642
SSP5-8.5,10,PampusArgenteus,Pampus argenteus,Mid-trophic species,12,0.437443912839506
SSP5-8.5,11,PampusArgenteus,Pampus argenteus,Mid-trophic species,12,0.435805742345679
SSP5-8.5,12,PampusArgenteus,Pampus argenteus,Mid-trophic species,12,0.434844975185185
SSP5-8.5,13,PampusArgenteus,Pampus argenteus,Mid-trophic species,12,0.435465475061728
SSP5-8.5,14,PampusArgenteus,Pampus argenteus,Mid-trophic species,12,0.439049687777778
SSP5-8.5,15,PampusArgenteus,Pampus argenteus,Mid-trophic species,12,0.437159790246914
SSP5-8.5,16,PampusArgenteus,Pampus argenteus,Mid-trophic species,12,0.435562968518519
SSP5-8.5,17,PampusArgenteus,Pampus argenteus,Mid-trophic species,12,0.434947979753086
SSP5-8.5,18,PampusArgenteus,Pampus argenteus,Mid-trophic species,12,0.435481290246914
SSP5-8.5,19,PampusArgenteus,Pampus argenteus,Mid-trophic species,12,0.434414941481481
SSP5-8.5,20,PampusArgenteus,Pampus argenteus,Mid-trophic species,12,0.436126327037037
SSP5-8.5,21,PampusArgenteus,Pampus argenteus,Mid-trophic species,12,0.437004916666667
SSP5-8.5,22,PampusArgenteus,Pampus argenteus,Mid-trophic species,12,0.436645669506173
SSP5-8.5,23,PampusArgenteus,Pampus argenteus,Mid-trophic species,12,0.436690454320988
SSP5-8.5,24,PampusArgenteus,Pampus argenteus,Mid-trophic species,12,0.43573819
SSP5-8.5,25,PampusArgenteus,Pampus argenteus,Mid-trophic species,12,0.434664481481481
SSP5-8.5,26,PampusArgenteus,Pampus argenteus,Mid-trophic species,12,0.435962285925926
SSP5-8.5,27,PampusArgenteus,Pampus argenteus,Mid-trophic species,12,0.434303226790123
SSP5-8.5,28,PampusArgenteus,Pampus argenteus,Mid-trophic species,12,0.435770710740741
SSP5-8.5,29,PampusArgenteus,Pampus argenteus,Mid-trophic species,12,0.436411249382716
SSP5-8.5,30,PampusArgenteus,Pampus argenteus,Mid-trophic species,12,0.435879707777778
SSP5-8.5,31,PampusArgenteus,Pampus argenteus,Mid-trophic species,12,0.435979478641975
SSP5-8.5,32,PampusArgenteus,Pampus argenteus,Mid-trophic species,12,0.436411935185185
SSP5-8.5,33,PampusArgenteus,Pampus argenteus,Mid-trophic species,12,0.436054167530864
SSP5-8.5,34,PampusArgenteus,Pampus argenteus,Mid-trophic species,12,0.434583562222222
SSP5-8.5,35,PampusArgenteus,Pampus argenteus,Mid-trophic species,12,0.435000136419753
SSP5-8.5,36,PampusArgenteus,Pampus argenteus,Mid-trophic species,12,0.435919892592593
SSP5-8.5,37,PampusArgenteus,Pampus argenteus,Mid-trophic species,12,0.436931241604938
SSP5-8.5,38,PampusArgenteus,Pampus argenteus,Mid-trophic species,12,0.437017738518519
SSP5-8.5,39,PampusArgenteus,Pampus argenteus,Mid-trophic species,12,0.435717913827161
SSP5-8.5,40,PampusArgenteus,Pampus argenteus,Mid-trophic species,12,0.435475633333333
SSP5-8.5,41,PampusArgenteus,Pampus argenteus,Mid-trophic species,12,0.436042141604938
SSP5-8.5,42,PampusArgenteus,Pampus argenteus,Mid-trophic species,12,0.436505304691358
SSP5-8.5,43,PampusArgenteus,Pampus argenteus,Mid-trophic species,12,0.433040487037037
SSP5-8.5,44,PampusArgenteus,Pampus argenteus,Mid-trophic species,12,0.435802211604938
SSP5-8.5,45,PampusArgenteus,Pampus argenteus,Mid-trophic species,12,0.434040954938272
SSP5-8.5,46,PampusArgenteus,Pampus argenteus,Mid-trophic species,12,0.435787859012346
SSP5-8.5,47,PampusArgenteus,Pampus argenteus,Mid-trophic species,12,0.434575031111111
SSP5-8.5,48,PampusArgenteus,Pampus argenteus,Mid-trophic species,12,0.433025930617284
SSP5-8.5,49,PampusArgenteus,Pampus argenteus,Mid-trophic species,12,0.434724793209877
SSP5-8.5,50,PampusArgenteus,Pampus argenteus,Mid-trophic species,12,0.434791178765432
SSP5-8.5,51,PampusArgenteus,Pampus argenteus,Mid-trophic species,12,0.435420013827161
SSP5-8.5,52,PampusArgenteus,Pampus argenteus,Mid-trophic species,12,0.434949662222222
SSP5-8.5,53,PampusArgenteus,Pampus argenteus,Mid-trophic species,12,0.435000535555556
SSP5-8.5,54,PampusArgenteus,Pampus argenteus,Mid-trophic species,12,0.434993469506173
SSP5-8.5,55,PampusArgenteus,Pampus argenteus,Mid-trophic species,12,0.435096194567901
SSP5-8.5,56,PampusArgenteus,Pampus argenteus,Mid-trophic species,12,0.436058780987654
SSP5-8.5,57,PampusArgenteus,Pampus argenteus,Mid-trophic species,12,0.436179371728395
SSP5-8.5,58,PampusArgenteus,Pampus argenteus,Mid-trophic species,12,0.436555631728395
SSP5-8.5,59,PampusArgenteus,Pampus argenteus,Mid-trophic species,12,0.434617525802469
SSP5-8.5,60,PampusArgenteus,Pampus argenteus,Mid-trophic species,12,0.43477324308642
SSP5-8.5,61,PampusArgenteus,Pampus argenteus,Mid-trophic species,12,0.433763518518519
SSP5-8.5,62,PampusArgenteus,Pampus argenteus,Mid-trophic species,12,0.436195923950617
SSP5-8.5,63,PampusArgenteus,Pampus argenteus,Mid-trophic species,12,0.436130061604938
SSP5-8.5,64,PampusArgenteus,Pampus argenteus,Mid-trophic species,12,0.436254390864198
SSP5-8.5,65,PampusArgenteus,Pampus argenteus,Mid-trophic species,12,0.433016919259259
SSP5-8.5,66,PampusArgenteus,Pampus argenteus,Mid-trophic species,12,0.433760947037037
SSP5-8.5,67,PampusArgenteus,Pampus argenteus,Mid-trophic species,12,0.433945912222222
SSP5-8.5,68,PampusArgenteus,Pampus argenteus,Mid-trophic species,12,0.434257045679012
SSP5-8.5,69,PampusArgenteus,Pampus argenteus,Mid-trophic species,12,0.434775937901235
SSP5-8.5,70,PampusArgenteus,Pampus argenteus,Mid-trophic species,12,0.435880180123457
SSP5-8.5,71,PampusArgenteus,Pampus argenteus,Mid-trophic species,12,0.434994028148148
SSP5-8.5,72,PampusArgenteus,Pampus argenteus,Mid-trophic species,12,0.434490942222222
SSP5-8.5,73,PampusArgenteus,Pampus argenteus,Mid-trophic species,12,0.437676684320988
SSP5-8.5,74,PampusArgenteus,Pampus argenteus,Mid-trophic species,12,0.436373947407407
SSP5-8.5,75,PampusArgenteus,Pampus argenteus,Mid-trophic species,12,0.436432943950617
SSP5-8.5,76,PampusArgenteus,Pampus argenteus,Mid-trophic species,12,0.436436488271605
SSP5-8.5,77,PampusArgenteus,Pampus argenteus,Mid-trophic species,12,0.435197661604938
SSP5-8.5,78,PampusArgenteus,Pampus argenteus,Mid-trophic species,12,0.435468564567901
SSP5-8.5,79,PampusArgenteus,Pampus argenteus,Mid-trophic species,12,0.437596017160494
SSP5-8.5,80,PampusArgenteus,Pampus argenteus,Mid-trophic species,12,0.435402148641975
SSP5-8.5,81,PampusArgenteus,Pampus argenteus,Mid-trophic species,12,0.435679950864198
SSP5-8.5,82,PampusArgenteus,Pampus argenteus,Mid-trophic species,12,0.436032202345679
SSP5-8.5,83,PampusArgenteus,Pampus argenteus,Mid-trophic species,12,0.435084728765432
SSP5-8.5,84,PampusArgenteus,Pampus argenteus,Mid-trophic species,12,0.435255629259259
SSP5-8.5,85,PampusArgenteus,Pampus argenteus,Mid-trophic species,12,0.433596618148148
SSP5-8.5,86,PampusArgenteus,Pampus argenteus,Mid-trophic species,12,0.435247660987654
SSP5-8.5,87,PampusArgenteus,Pampus argenteus,Mid-trophic species,12,0.436095428641975
SSP5-8.5,88,PampusArgenteus,Pampus argenteus,Mid-trophic species,12,0.436612781728395
SSP5-8.5,89,PampusArgenteus,Pampus argenteus,Mid-trophic species,12,0.434043198888889
SSP5-8.5,90,PampusArgenteus,Pampus argenteus,Mid-trophic species,12,0.434879831728395
SSP5-8.5,91,PampusArgenteus,Pampus argenteus,Mid-trophic species,12,0.43630776617284
SSP5-8.5,92,PampusArgenteus,Pampus argenteus,Mid-trophic species,12,0.434922126172839
SSP5-8.5,93,PampusArgenteus,Pampus argenteus,Mid-trophic species,12,0.434942772345679
SSP5-8.5,94,PampusArgenteus,Pampus argenteus,Mid-trophic species,12,0.435858252222222
SSP5-8.5,95,PampusArgenteus,Pampus argenteus,Mid-trophic species,12,0.436082818518519
SSP5-8.5,96,PampusArgenteus,Pampus argenteus,Mid-trophic species,12,0.435337117283951
SSP5-8.5,97,PampusArgenteus,Pampus argenteus,Mid-trophic species,12,0.434953024444445
SSP5-8.5,98,PampusArgenteus,Pampus argenteus,Mid-trophic species,12,0.435839285679012
SSP5-8.5,99,PampusArgenteus,Pampus argenteus,Mid-trophic species,12,0.434523601728395
SSP5-8.5,100,PampusArgenteus,Pampus argenteus,Mid-trophic species,12,0.434122222716049
SSP5-8.5,1,LarimichthysPolyactis,Larimichthys polyactis,Mid-trophic species,13,0.875577188888889
SSP5-8.5,2,LarimichthysPolyactis,Larimichthys polyactis,Mid-trophic species,13,0.873608151728395
SSP5-8.5,3,LarimichthysPolyactis,Larimichthys polyactis,Mid-trophic species,13,0.868282965802469
SSP5-8.5,4,LarimichthysPolyactis,Larimichthys polyactis,Mid-trophic species,13,0.868557434444444
SSP5-8.5,5,LarimichthysPolyactis,Larimichthys polyactis,Mid-trophic species,13,0.876690855308642
SSP5-8.5,6,LarimichthysPolyactis,Larimichthys polyactis,Mid-trophic species,13,0.864114781481482
SSP5-8.5,7,LarimichthysPolyactis,Larimichthys polyactis,Mid-trophic species,13,0.887218710493827
SSP5-8.5,8,LarimichthysPolyactis,Larimichthys polyactis,Mid-trophic species,13,0.878959129382716
SSP5-8.5,9,LarimichthysPolyactis,Larimichthys polyactis,Mid-trophic species,13,0.882124606296296
SSP5-8.5,10,LarimichthysPolyactis,Larimichthys polyactis,Mid-trophic species,13,0.864096739012346
SSP5-8.5,11,LarimichthysPolyactis,Larimichthys polyactis,Mid-trophic species,13,0.859788871851852
SSP5-8.5,12,LarimichthysPolyactis,Larimichthys polyactis,Mid-trophic species,13,0.883048451975309
SSP5-8.5,13,LarimichthysPolyactis,Larimichthys polyactis,Mid-trophic species,13,0.875587649506173
SSP5-8.5,14,LarimichthysPolyactis,Larimichthys polyactis,Mid-trophic species,13,0.869864350987654
SSP5-8.5,15,LarimichthysPolyactis,Larimichthys polyactis,Mid-trophic species,13,0.858974511604938
SSP5-8.5,16,LarimichthysPolyactis,Larimichthys polyactis,Mid-trophic species,13,0.877332252098766
SSP5-8.5,17,LarimichthysPolyactis,Larimichthys polyactis,Mid-trophic species,13,0.863365044567901
SSP5-8.5,18,LarimichthysPolyactis,Larimichthys polyactis,Mid-trophic species,13,0.868457121975309
SSP5-8.5,19,LarimichthysPolyactis,Larimichthys polyactis,Mid-trophic species,13,0.862912570987654
SSP5-8.5,20,LarimichthysPolyactis,Larimichthys polyactis,Mid-trophic species,13,0.861867712962963
SSP5-8.5,21,LarimichthysPolyactis,Larimichthys polyactis,Mid-trophic species,13,0.868655966049383
SSP5-8.5,22,LarimichthysPolyactis,Larimichthys polyactis,Mid-trophic species,13,0.867808101358025
SSP5-8.5,23,LarimichthysPolyactis,Larimichthys polyactis,Mid-trophic species,13,0.873072860740741
SSP5-8.5,24,LarimichthysPolyactis,Larimichthys polyactis,Mid-trophic species,13,0.869829926172839
SSP5-8.5,25,LarimichthysPolyactis,Larimichthys polyactis,Mid-trophic species,13,0.877574472716049
SSP5-8.5,26,LarimichthysPolyactis,Larimichthys polyactis,Mid-trophic species,13,0.869304320246914
SSP5-8.5,27,LarimichthysPolyactis,Larimichthys polyactis,Mid-trophic species,13,0.880559377283951
SSP5-8.5,28,LarimichthysPolyactis,Larimichthys polyactis,Mid-trophic species,13,0.892437547901235
SSP5-8.5,29,LarimichthysPolyactis,Larimichthys polyactis,Mid-trophic species,13,0.854496822839506
SSP5-8.5,30,LarimichthysPolyactis,Larimichthys polyactis,Mid-trophic species,13,0.877099584567901
SSP5-8.5,31,LarimichthysPolyactis,Larimichthys polyactis,Mid-trophic species,13,0.862668399506173
SSP5-8.5,32,LarimichthysPolyactis,Larimichthys polyactis,Mid-trophic species,13,0.872424809135802
SSP5-8.5,33,LarimichthysPolyactis,Larimichthys polyactis,Mid-trophic species,13,0.846930529753086
SSP5-8.5,34,LarimichthysPolyactis,Larimichthys polyactis,Mid-trophic species,13,0.867263109135802
SSP5-8.5,35,LarimichthysPolyactis,Larimichthys polyactis,Mid-trophic species,13,0.85137588345679
SSP5-8.5,36,LarimichthysPolyactis,Larimichthys polyactis,Mid-trophic species,13,0.880029428271605
SSP5-8.5,37,LarimichthysPolyactis,Larimichthys polyactis,Mid-trophic species,13,0.866797754074074
SSP5-8.5,38,LarimichthysPolyactis,Larimichthys polyactis,Mid-trophic species,13,0.866075305061728
SSP5-8.5,39,LarimichthysPolyactis,Larimichthys polyactis,Mid-trophic species,13,0.887023605432099
SSP5-8.5,40,LarimichthysPolyactis,Larimichthys polyactis,Mid-trophic species,13,0.87456095
SSP5-8.5,41,LarimichthysPolyactis,Larimichthys polyactis,Mid-trophic species,13,0.874880478888889
SSP5-8.5,42,LarimichthysPolyactis,Larimichthys polyactis,Mid-trophic species,13,0.87837839962963
SSP5-8.5,43,LarimichthysPolyactis,Larimichthys polyactis,Mid-trophic species,13,0.878592700246914
SSP5-8.5,44,LarimichthysPolyactis,Larimichthys polyactis,Mid-trophic species,13,0.863390107283951
SSP5-8.5,45,LarimichthysPolyactis,Larimichthys polyactis,Mid-trophic species,13,0.867442333580247
SSP5-8.5,46,LarimichthysPolyactis,Larimichthys polyactis,Mid-trophic species,13,0.873729069382716
SSP5-8.5,47,LarimichthysPolyactis,Larimichthys polyactis,Mid-trophic species,13,0.890005079259259
SSP5-8.5,48,LarimichthysPolyactis,Larimichthys polyactis,Mid-trophic species,13,0.875746586790123
SSP5-8.5,49,LarimichthysPolyactis,Larimichthys polyactis,Mid-trophic species,13,0.850310299012346
SSP5-8.5,50,LarimichthysPolyactis,Larimichthys polyactis,Mid-trophic species,13,0.876790480123457
SSP5-8.5,51,LarimichthysPolyactis,Larimichthys polyactis,Mid-trophic species,13,0.876066544320988
SSP5-8.5,52,LarimichthysPolyactis,Larimichthys polyactis,Mid-trophic species,13,0.866480977901235
SSP5-8.5,53,LarimichthysPolyactis,Larimichthys polyactis,Mid-trophic species,13,0.860254748518519
SSP5-8.5,54,LarimichthysPolyactis,Larimichthys polyactis,Mid-trophic species,13,0.849863395061728
SSP5-8.5,55,LarimichthysPolyactis,Larimichthys polyactis,Mid-trophic species,13,0.862069622098766
SSP5-8.5,56,LarimichthysPolyactis,Larimichthys polyactis,Mid-trophic species,13,0.851699021604938
SSP5-8.5,57,LarimichthysPolyactis,Larimichthys polyactis,Mid-trophic species,13,0.848148109506173
SSP5-8.5,58,LarimichthysPolyactis,Larimichthys polyactis,Mid-trophic species,13,0.874624120493827
SSP5-8.5,59,LarimichthysPolyactis,Larimichthys polyactis,Mid-trophic species,13,0.870344592469136
SSP5-8.5,60,LarimichthysPolyactis,Larimichthys polyactis,Mid-trophic species,13,0.869365471728395
SSP5-8.5,61,LarimichthysPolyactis,Larimichthys polyactis,Mid-trophic species,13,0.855487854320988
SSP5-8.5,62,LarimichthysPolyactis,Larimichthys polyactis,Mid-trophic species,13,0.855045891358025
SSP5-8.5,63,LarimichthysPolyactis,Larimichthys polyactis,Mid-trophic species,13,0.868895056666667
SSP5-8.5,64,LarimichthysPolyactis,Larimichthys polyactis,Mid-trophic species,13,0.86913776654321
SSP5-8.5,65,LarimichthysPolyactis,Larimichthys polyactis,Mid-trophic species,13,0.870276846666667
SSP5-8.5,66,LarimichthysPolyactis,Larimichthys polyactis,Mid-trophic species,13,0.879946038641975
SSP5-8.5,67,LarimichthysPolyactis,Larimichthys polyactis,Mid-trophic species,13,0.858993825432099
SSP5-8.5,68,LarimichthysPolyactis,Larimichthys polyactis,Mid-trophic species,13,0.879131374197531
SSP5-8.5,69,LarimichthysPolyactis,Larimichthys polyactis,Mid-trophic species,13,0.866717208148148
SSP5-8.5,70,LarimichthysPolyactis,Larimichthys polyactis,Mid-trophic species,13,0.854749105925926
SSP5-8.5,71,LarimichthysPolyactis,Larimichthys polyactis,Mid-trophic species,13,0.864292114938272
SSP5-8.5,72,LarimichthysPolyactis,Larimichthys polyactis,Mid-trophic species,13,0.880304221111111
SSP5-8.5,73,LarimichthysPolyactis,Larimichthys polyactis,Mid-trophic species,13,0.87028997308642
SSP5-8.5,74,LarimichthysPolyactis,Larimichthys polyactis,Mid-trophic species,13,0.872849842345679
SSP5-8.5,75,LarimichthysPolyactis,Larimichthys polyactis,Mid-trophic species,13,0.87504452308642
SSP5-8.5,76,LarimichthysPolyactis,Larimichthys polyactis,Mid-trophic species,13,0.865734167530864
SSP5-8.5,77,LarimichthysPolyactis,Larimichthys polyactis,Mid-trophic species,13,0.883928745432099
SSP5-8.5,78,LarimichthysPolyactis,Larimichthys polyactis,Mid-trophic species,13,0.870099915679012
SSP5-8.5,79,LarimichthysPolyactis,Larimichthys polyactis,Mid-trophic species,13,0.866073857407407
SSP5-8.5,80,LarimichthysPolyactis,Larimichthys polyactis,Mid-trophic species,13,0.873688952345679
SSP5-8.5,81,LarimichthysPolyactis,Larimichthys polyactis,Mid-trophic species,13,0.875470030493827
SSP5-8.5,82,LarimichthysPolyactis,Larimichthys polyactis,Mid-trophic species,13,0.870989992716049
SSP5-8.5,83,LarimichthysPolyactis,Larimichthys polyactis,Mid-trophic species,13,0.861946484320988
SSP5-8.5,84,LarimichthysPolyactis,Larimichthys polyactis,Mid-trophic species,13,0.882839576049383
SSP5-8.5,85,LarimichthysPolyactis,Larimichthys polyactis,Mid-trophic species,13,0.860888298518519
SSP5-8.5,86,LarimichthysPolyactis,Larimichthys polyactis,Mid-trophic species,13,0.847909708518519
SSP5-8.5,87,LarimichthysPolyactis,Larimichthys polyactis,Mid-trophic species,13,0.875583233209877
SSP5-8.5,88,LarimichthysPolyactis,Larimichthys polyactis,Mid-trophic species,13,0.88755176308642
SSP5-8.5,89,LarimichthysPolyactis,Larimichthys polyactis,Mid-trophic species,13,0.871862780864198
SSP5-8.5,90,LarimichthysPolyactis,Larimichthys polyactis,Mid-trophic species,13,0.874184253580247
SSP5-8.5,91,LarimichthysPolyactis,Larimichthys polyactis,Mid-trophic species,13,0.873693768518519
SSP5-8.5,92,LarimichthysPolyactis,Larimichthys polyactis,Mid-trophic species,13,0.882259997654321
SSP5-8.5,93,LarimichthysPolyactis,Larimichthys polyactis,Mid-trophic species,13,0.868520546666667
SSP5-8.5,94,LarimichthysPolyactis,Larimichthys polyactis,Mid-trophic species,13,0.876700100864198
SSP5-8.5,95,LarimichthysPolyactis,Larimichthys polyactis,Mid-trophic species,13,0.86805372654321
SSP5-8.5,96,LarimichthysPolyactis,Larimichthys polyactis,Mid-trophic species,13,0.871971911975309
SSP5-8.5,97,LarimichthysPolyactis,Larimichthys polyactis,Mid-trophic species,13,0.873356774320988
SSP5-8.5,98,LarimichthysPolyactis,Larimichthys polyactis,Mid-trophic species,13,0.874146498395062
SSP5-8.5,99,LarimichthysPolyactis,Larimichthys polyactis,Mid-trophic species,13,0.892679234444444
SSP5-8.5,100,LarimichthysPolyactis,Larimichthys polyactis,Mid-trophic species,13,0.874976855925926
SSP5-8.5,1,TrachurusJaponicus,Trachurus japonicus,Mid-trophic species,14,0.462940382716049
SSP5-8.5,2,TrachurusJaponicus,Trachurus japonicus,Mid-trophic species,14,0.464169541234568
SSP5-8.5,3,TrachurusJaponicus,Trachurus japonicus,Mid-trophic species,14,0.461357612222222
SSP5-8.5,4,TrachurusJaponicus,Trachurus japonicus,Mid-trophic species,14,0.464892481728395
SSP5-8.5,5,TrachurusJaponicus,Trachurus japonicus,Mid-trophic species,14,0.461577372469136
SSP5-8.5,6,TrachurusJaponicus,Trachurus japonicus,Mid-trophic species,14,0.46194975691358
SSP5-8.5,7,TrachurusJaponicus,Trachurus japonicus,Mid-trophic species,14,0.463952414938272
SSP5-8.5,8,TrachurusJaponicus,Trachurus japonicus,Mid-trophic species,14,0.459916511358025
SSP5-8.5,9,TrachurusJaponicus,Trachurus japonicus,Mid-trophic species,14,0.461237434814815
SSP5-8.5,10,TrachurusJaponicus,Trachurus japonicus,Mid-trophic species,14,0.46533933345679
SSP5-8.5,11,TrachurusJaponicus,Trachurus japonicus,Mid-trophic species,14,0.464174013950617
SSP5-8.5,12,TrachurusJaponicus,Trachurus japonicus,Mid-trophic species,14,0.460864310987654
SSP5-8.5,13,TrachurusJaponicus,Trachurus japonicus,Mid-trophic species,14,0.45810601962963
SSP5-8.5,14,TrachurusJaponicus,Trachurus japonicus,Mid-trophic species,14,0.459568350987654
SSP5-8.5,15,TrachurusJaponicus,Trachurus japonicus,Mid-trophic species,14,0.464494770246914
SSP5-8.5,16,TrachurusJaponicus,Trachurus japonicus,Mid-trophic species,14,0.465644659753087
SSP5-8.5,17,TrachurusJaponicus,Trachurus japonicus,Mid-trophic species,14,0.46430916345679
SSP5-8.5,18,TrachurusJaponicus,Trachurus japonicus,Mid-trophic species,14,0.460160232098765
SSP5-8.5,19,TrachurusJaponicus,Trachurus japonicus,Mid-trophic species,14,0.460936725308642
SSP5-8.5,20,TrachurusJaponicus,Trachurus japonicus,Mid-trophic species,14,0.46115192308642
SSP5-8.5,21,TrachurusJaponicus,Trachurus japonicus,Mid-trophic species,14,0.465043120493827
SSP5-8.5,22,TrachurusJaponicus,Trachurus japonicus,Mid-trophic species,14,0.46333897037037
SSP5-8.5,23,TrachurusJaponicus,Trachurus japonicus,Mid-trophic species,14,0.465298443703704
SSP5-8.5,24,TrachurusJaponicus,Trachurus japonicus,Mid-trophic species,14,0.461625945061728
SSP5-8.5,25,TrachurusJaponicus,Trachurus japonicus,Mid-trophic species,14,0.463339179135803
SSP5-8.5,26,TrachurusJaponicus,Trachurus japonicus,Mid-trophic species,14,0.461767340740741
SSP5-8.5,27,TrachurusJaponicus,Trachurus japonicus,Mid-trophic species,14,0.458790037901235
SSP5-8.5,28,TrachurusJaponicus,Trachurus japonicus,Mid-trophic species,14,0.460985242469136
SSP5-8.5,29,TrachurusJaponicus,Trachurus japonicus,Mid-trophic species,14,0.462364842962963
SSP5-8.5,30,TrachurusJaponicus,Trachurus japonicus,Mid-trophic species,14,0.463857892469136
SSP5-8.5,31,TrachurusJaponicus,Trachurus japonicus,Mid-trophic species,14,0.463174340740741
SSP5-8.5,32,TrachurusJaponicus,Trachurus japonicus,Mid-trophic species,14,0.46161578654321
SSP5-8.5,33,TrachurusJaponicus,Trachurus japonicus,Mid-trophic species,14,0.461818673950617
SSP5-8.5,34,TrachurusJaponicus,Trachurus japonicus,Mid-trophic species,14,0.463399127901235
SSP5-8.5,35,TrachurusJaponicus,Trachurus japonicus,Mid-trophic species,14,0.465881367037037
SSP5-8.5,36,TrachurusJaponicus,Trachurus japonicus,Mid-trophic species,14,0.460577954197531
SSP5-8.5,37,TrachurusJaponicus,Trachurus japonicus,Mid-trophic species,14,0.467047546790124
SSP5-8.5,38,TrachurusJaponicus,Trachurus japonicus,Mid-trophic species,14,0.461360908024691
SSP5-8.5,39,TrachurusJaponicus,Trachurus japonicus,Mid-trophic species,14,0.461827002345679
SSP5-8.5,40,TrachurusJaponicus,Trachurus japonicus,Mid-trophic species,14,0.463064152222222
SSP5-8.5,41,TrachurusJaponicus,Trachurus japonicus,Mid-trophic species,14,0.464288713333333
SSP5-8.5,42,TrachurusJaponicus,Trachurus japonicus,Mid-trophic species,14,0.465805123950617
SSP5-8.5,43,TrachurusJaponicus,Trachurus japonicus,Mid-trophic species,14,0.463634568888889
SSP5-8.5,44,TrachurusJaponicus,Trachurus japonicus,Mid-trophic species,14,0.462075856049383
SSP5-8.5,45,TrachurusJaponicus,Trachurus japonicus,Mid-trophic species,14,0.463598699753086
SSP5-8.5,46,TrachurusJaponicus,Trachurus japonicus,Mid-trophic species,14,0.463785419012346
SSP5-8.5,47,TrachurusJaponicus,Trachurus japonicus,Mid-trophic species,14,0.459099298148148
SSP5-8.5,48,TrachurusJaponicus,Trachurus japonicus,Mid-trophic species,14,0.45921093617284
SSP5-8.5,49,TrachurusJaponicus,Trachurus japonicus,Mid-trophic species,14,0.464840009135803
SSP5-8.5,50,TrachurusJaponicus,Trachurus japonicus,Mid-trophic species,14,0.459366729753086
SSP5-8.5,51,TrachurusJaponicus,Trachurus japonicus,Mid-trophic species,14,0.462625519259259
SSP5-8.5,52,TrachurusJaponicus,Trachurus japonicus,Mid-trophic species,14,0.459162065185185
SSP5-8.5,53,TrachurusJaponicus,Trachurus japonicus,Mid-trophic species,14,0.46284544345679
SSP5-8.5,54,TrachurusJaponicus,Trachurus japonicus,Mid-trophic species,14,0.463974769135803
SSP5-8.5,55,TrachurusJaponicus,Trachurus japonicus,Mid-trophic species,14,0.464844605802469
SSP5-8.5,56,TrachurusJaponicus,Trachurus japonicus,Mid-trophic species,14,0.464092255679012
SSP5-8.5,57,TrachurusJaponicus,Trachurus japonicus,Mid-trophic species,14,0.462674910740741
SSP5-8.5,58,TrachurusJaponicus,Trachurus japonicus,Mid-trophic species,14,0.462572941481482
SSP5-8.5,59,TrachurusJaponicus,Trachurus japonicus,Mid-trophic species,14,0.457662988518519
SSP5-8.5,60,TrachurusJaponicus,Trachurus japonicus,Mid-trophic species,14,0.46554086037037
SSP5-8.5,61,TrachurusJaponicus,Trachurus japonicus,Mid-trophic species,14,0.462799099753086
SSP5-8.5,62,TrachurusJaponicus,Trachurus japonicus,Mid-trophic species,14,0.463689459753086
SSP5-8.5,63,TrachurusJaponicus,Trachurus japonicus,Mid-trophic species,14,0.465099299135803
SSP5-8.5,64,TrachurusJaponicus,Trachurus japonicus,Mid-trophic species,14,0.461221398395062
SSP5-8.5,65,TrachurusJaponicus,Trachurus japonicus,Mid-trophic species,14,0.459052330493827
SSP5-8.5,66,TrachurusJaponicus,Trachurus japonicus,Mid-trophic species,14,0.460666564197531
SSP5-8.5,67,TrachurusJaponicus,Trachurus japonicus,Mid-trophic species,14,0.463941558765432
SSP5-8.5,68,TrachurusJaponicus,Trachurus japonicus,Mid-trophic species,14,0.463045860617284
SSP5-8.5,69,TrachurusJaponicus,Trachurus japonicus,Mid-trophic species,14,0.464142646049383
SSP5-8.5,70,TrachurusJaponicus,Trachurus japonicus,Mid-trophic species,14,0.464178838024691
SSP5-8.5,71,TrachurusJaponicus,Trachurus japonicus,Mid-trophic species,14,0.462986450987654
SSP5-8.5,72,TrachurusJaponicus,Trachurus japonicus,Mid-trophic species,14,0.467311949259259
SSP5-8.5,73,TrachurusJaponicus,Trachurus japonicus,Mid-trophic species,14,0.468600991851852
SSP5-8.5,74,TrachurusJaponicus,Trachurus japonicus,Mid-trophic species,14,0.458150201111111
SSP5-8.5,75,TrachurusJaponicus,Trachurus japonicus,Mid-trophic species,14,0.463274758271605
SSP5-8.5,76,TrachurusJaponicus,Trachurus japonicus,Mid-trophic species,14,0.464398956419753
SSP5-8.5,77,TrachurusJaponicus,Trachurus japonicus,Mid-trophic species,14,0.462772189135803
SSP5-8.5,78,TrachurusJaponicus,Trachurus japonicus,Mid-trophic species,14,0.456425021604938
SSP5-8.5,79,TrachurusJaponicus,Trachurus japonicus,Mid-trophic species,14,0.456693589506173
SSP5-8.5,80,TrachurusJaponicus,Trachurus japonicus,Mid-trophic species,14,0.464607197160494
SSP5-8.5,81,TrachurusJaponicus,Trachurus japonicus,Mid-trophic species,14,0.458749677530864
SSP5-8.5,82,TrachurusJaponicus,Trachurus japonicus,Mid-trophic species,14,0.461357754567901
SSP5-8.5,83,TrachurusJaponicus,Trachurus japonicus,Mid-trophic species,14,0.462054395432099
SSP5-8.5,84,TrachurusJaponicus,Trachurus japonicus,Mid-trophic species,14,0.463992576419753
SSP5-8.5,85,TrachurusJaponicus,Trachurus japonicus,Mid-trophic species,14,0.461905402345679
SSP5-8.5,86,TrachurusJaponicus,Trachurus japonicus,Mid-trophic species,14,0.457037161728395
SSP5-8.5,87,TrachurusJaponicus,Trachurus japonicus,Mid-trophic species,14,0.463677048148148
SSP5-8.5,88,TrachurusJaponicus,Trachurus japonicus,Mid-trophic species,14,0.464899013209877
SSP5-8.5,89,TrachurusJaponicus,Trachurus japonicus,Mid-trophic species,14,0.460836887407407
SSP5-8.5,90,TrachurusJaponicus,Trachurus japonicus,Mid-trophic species,14,0.4660378
SSP5-8.5,91,TrachurusJaponicus,Trachurus japonicus,Mid-trophic species,14,0.460915500123457
SSP5-8.5,92,TrachurusJaponicus,Trachurus japonicus,Mid-trophic species,14,0.461318979382716
SSP5-8.5,93,TrachurusJaponicus,Trachurus japonicus,Mid-trophic species,14,0.463231180246914
SSP5-8.5,94,TrachurusJaponicus,Trachurus japonicus,Mid-trophic species,14,0.464932514197531
SSP5-8.5,95,TrachurusJaponicus,Trachurus japonicus,Mid-trophic species,14,0.459877116419753
SSP5-8.5,96,TrachurusJaponicus,Trachurus japonicus,Mid-trophic species,14,0.458612746172839
SSP5-8.5,97,TrachurusJaponicus,Trachurus japonicus,Mid-trophic species,14,0.460022373333333
SSP5-8.5,98,TrachurusJaponicus,Trachurus japonicus,Mid-trophic species,14,0.459733205061728
SSP5-8.5,99,TrachurusJaponicus,Trachurus japonicus,Mid-trophic species,14,0.459957250740741
SSP5-8.5,100,TrachurusJaponicus,Trachurus japonicus,Mid-trophic species,14,0.465352528518519
