run,species,scenario,age_future,latin,group,species_order,age_base,log2_response,paired_change_years
1,DecapterusMaruadsi,SSP1-2.6,0.5406323,Decapterus maruadsi,Mid-trophic species,10,0.538637438,0.00533320020149163,0.00199486199999999
1,DecapterusMaruadsi,SSP5-8.5,0.534261487777778,Decapterus maruadsi,Mid-trophic species,10,0.538637438,-0.0117684835733787,-0.00437595022222193
1,EngraulisJaponicus,SSP1-2.6,0.680228179382716,Engraulis japonicus,Prey,1,0.729058404666667,-0.100015620182449,-0.0488302252839511
1,EngraulisJaponicus,SSP5-8.5,0.660274862222222,Engraulis japonicus,Prey,1,0.729058404666667,-0.142967671919128,-0.0687835424444451
1,LarimichthysPolyactis,SSP1-2.6,0.880438037777778,Larimichthys polyactis,Mid-trophic species,13,0.850588999333333,0.0497592789683472,0.029849038444445
1,LarimichthysPolyactis,SSP5-8.5,0.875577188888889,Larimichthys polyactis,Mid-trophic species,13,0.850588999333333,0.0417721722603358,0.024988189555556
1,MiichthysMiiuy,SSP1-2.6,0.571904447777778,Miichthys miiuy,Predator,5,0.582477495333333,-0.0264281850960998,-0.010573047555555
1,MiichthysMiiuy,SSP5-8.5,0.584558094074074,Miichthys miiuy,Predator,5,0.582477495333333,0.00514409790543777,0.00208059874074096
1,MuraenesoxCinereus,SSP1-2.6,0.707095481975309,Muraenesox cinereus,Predator,4,0.689140183666667,0.0371075579274295,0.0179552983086421
1,MuraenesoxCinereus,SSP5-8.5,0.703204238395062,Muraenesox cinereus,Predator,4,0.689140183666667,0.0291462827726776,0.014064054728395
1,PampusArgenteus,SSP1-2.6,0.436507601728395,Pampus argenteus,Mid-trophic species,12,0.436767465666667,-0.000858617038581564,-0.000259863938272042
1,PampusArgenteus,SSP5-8.5,0.436967219382716,Pampus argenteus,Mid-trophic species,12,0.436767465666667,0.000659659517917668,0.000199753716048967
1,PennahiaArgentata,SSP1-2.6,0.59428395691358,Pennahia argentata,Mid-trophic species,11,0.603595326666667,-0.0224292008774067,-0.009311369753087
1,PennahiaArgentata,SSP5-8.5,0.60767603654321,Pennahia argentata,Mid-trophic species,11,0.603595326666667,0.00972076506404873,0.00408070987654297
1,PortunusTrituberculatus,SSP1-2.6,1.01554095382716,Portunus trituberculatus,Invertebrate,8,0.966854065,0.0708783667511884,0.04868688882716
1,PortunusTrituberculatus,SSP5-8.5,1.00548711851852,Portunus trituberculatus,Invertebrate,8,0.966854065,0.0565245453575011,0.0386330535185199
1,ScomberJaponicus,SSP1-2.6,0.790177458271605,Scomber japonicus,Mid-trophic species,9,0.800079604,-0.0179668577006377,-0.00990214572839498
1,ScomberJaponicus,SSP5-8.5,0.791952647654321,Scomber japonicus,Mid-trophic species,9,0.800079604,-0.0147293768079723,-0.00812695634567895
1,ScomberomorusNiphonius,SSP1-2.6,0.664985202962963,Scomberomorus niphonius,Predator,2,0.658587692333333,0.0139466874402144,0.00639751062963001
1,ScomberomorusNiphonius,SSP5-8.5,0.668392911481482,Scomberomorus niphonius,Predator,2,0.658587692333333,0.0213208820980493,0.00980521914814902
1,TodarodesPacificus,SSP1-2.6,1.00698280469136,Todarodes pacificus,Invertebrate,6,1.011919051,-0.0070548375009587,-0.00493624630863998
1,TodarodesPacificus,SSP5-8.5,1.00231003679012,Todarodes pacificus,Invertebrate,6,1.011919051,-0.0137650502607664,-0.00960901420987992
1,TrachurusJaponicus,SSP1-2.6,0.466799969753086,Trachurus japonicus,Mid-trophic species,14,0.470461961333333,-0.0112736126390406,-0.00366199158024699
1,TrachurusJaponicus,SSP5-8.5,0.462940382716049,Trachurus japonicus,Mid-trophic species,14,0.470461961333333,-0.0232516644665294,-0.00752157861728403
1,TrachysalambriaCurvirostris,SSP1-2.6,0.918509251111111,Trachysalambria curvirostris,Invertebrate,7,0.785826317,0.225083768186172,0.132682934111111
1,TrachysalambriaCurvirostris,SSP5-8.5,0.862560991481482,Trachysalambria curvirostris,Invertebrate,7,0.785826317,0.134415989137479,0.076734674481482
1,TrichiurusJaponicus,SSP1-2.6,1.11206578345679,Trichiurus japonicus,Predator,3,1.17776348333333,-0.0828077162570382,-0.06569769987654
1,TrichiurusJaponicus,SSP5-8.5,1.09599448777778,Trichiurus japonicus,Predator,3,1.17776348333333,-0.103809306046988,-0.0817689955555498
2,DecapterusMaruadsi,SSP1-2.6,0.536541094444444,Decapterus maruadsi,Mid-trophic species,10,0.547343033333333,-0.0287566156393243,-0.010801938888889
2,DecapterusMaruadsi,SSP5-8.5,0.53531455,Decapterus maruadsi,Mid-trophic species,10,0.547343033333333,-0.0320584228723799,-0.0120284833333331
2,EngraulisJaponicus,SSP1-2.6,0.675311201604938,Engraulis japonicus,Prey,1,0.71105457,-0.0744077958017246,-0.0357433683950621
2,EngraulisJaponicus,SSP5-8.5,0.648170787777778,Engraulis japonicus,Prey,1,0.71105457,-0.133586282247511,-0.062883782222222
2,LarimichthysPolyactis,SSP1-2.6,0.865856791111111,Larimichthys polyactis,Mid-trophic species,13,0.885648691,-0.0326061111770333,-0.019791899888889
2,LarimichthysPolyactis,SSP5-8.5,0.873608151728395,Larimichthys polyactis,Mid-trophic species,13,0.885648691,-0.019748222214395,-0.012040539271605
2,MiichthysMiiuy,SSP1-2.6,0.584888464814815,Miichthys miiuy,Predator,5,0.572761441666667,0.0302271629331496,0.0121270231481481
2,MiichthysMiiuy,SSP5-8.5,0.590622308518519,Miichthys miiuy,Predator,5,0.572761441666667,0.0443014762789074,0.0178608668518521
2,MuraenesoxCinereus,SSP1-2.6,0.702997406666667,Muraenesox cinereus,Predator,4,0.687976837333333,0.031159373878376,0.015020569333334
2,MuraenesoxCinereus,SSP5-8.5,0.701350275061729,Muraenesox cinereus,Predator,4,0.687976837333333,0.027775155399279,0.0133734377283959
2,PampusArgenteus,SSP1-2.6,0.437815512469136,Pampus argenteus,Mid-trophic species,12,0.437555055666667,0.000858515837873427,0.000260456802469
2,PampusArgenteus,SSP5-8.5,0.435103279753086,Pampus argenteus,Mid-trophic species,12,0.437555055666667,-0.00810666469410747,-0.00245177591358103
2,PennahiaArgentata,SSP1-2.6,0.611609087283951,Pennahia argentata,Mid-trophic species,11,0.596561534333333,0.0359388852140118,0.015047552950618
2,PennahiaArgentata,SSP5-8.5,0.607015359382716,Pennahia argentata,Mid-trophic species,11,0.596561534333333,0.0250620644313637,0.010453825049383
2,PortunusTrituberculatus,SSP1-2.6,1.00775709777778,Portunus trituberculatus,Invertebrate,8,1.00100469733333,0.00969920012539839,0.00675240044445014
2,PortunusTrituberculatus,SSP5-8.5,1.00764664962963,Portunus trituberculatus,Invertebrate,8,1.00100469733333,0.00954107498945363,0.00664195229629994
2,ScomberJaponicus,SSP1-2.6,0.793590810123457,Scomber japonicus,Mid-trophic species,9,0.804651471333333,-0.0199687068940928,-0.011060661209876
2,ScomberJaponicus,SSP5-8.5,0.792655113209877,Scomber japonicus,Mid-trophic species,9,0.804651471333333,-0.0216707449371392,-0.011996358123456
2,ScomberomorusNiphonius,SSP1-2.6,0.666898630123457,Scomberomorus niphonius,Predator,2,0.66251538,0.00951353917315538,0.00438325012345697
2,ScomberomorusNiphonius,SSP5-8.5,0.667645635061728,Scomberomorus niphonius,Predator,2,0.66251538,0.0111286230045888,0.00513025506172804
2,TodarodesPacificus,SSP1-2.6,1.01417164135802,Todarodes pacificus,Invertebrate,6,1.001963651,0.017471667176178,0.0122079903580199
2,TodarodesPacificus,SSP5-8.5,0.973194873950617,Todarodes pacificus,Invertebrate,6,1.001963651,-0.0420295453431636,-0.0287687770493831
2,TrachurusJaponicus,SSP1-2.6,0.462209499753086,Trachurus japonicus,Mid-trophic species,14,0.471785711333333,-0.0295848135731923,-0.00957621158024702
2,TrachurusJaponicus,SSP5-8.5,0.464169541234568,Trachurus japonicus,Mid-trophic species,14,0.471785711333333,-0.023479869009959,-0.00761617009876503
2,TrachysalambriaCurvirostris,SSP1-2.6,0.86350509382716,Trachysalambria curvirostris,Invertebrate,7,0.898908196666667,-0.0579690960312411,-0.035403102839507
2,TrachysalambriaCurvirostris,SSP5-8.5,0.815809049135802,Trachysalambria curvirostris,Invertebrate,7,0.898908196666667,-0.139942274372184,-0.083099147530865
2,TrichiurusJaponicus,SSP1-2.6,1.16106345950617,Trichiurus japonicus,Predator,3,1.27523592466667,-0.135317350347702,-0.1141724651605
2,TrichiurusJaponicus,SSP5-8.5,1.16198314691358,Trichiurus japonicus,Predator,3,1.27523592466667,-0.134175032731265,-0.11325277775309
3,DecapterusMaruadsi,SSP1-2.6,0.535684575061728,Decapterus maruadsi,Mid-trophic species,10,0.547059568666667,-0.0303141804020189,-0.0113749936049391
3,DecapterusMaruadsi,SSP5-8.5,0.534859647654321,Decapterus maruadsi,Mid-trophic species,10,0.547059568666667,-0.0325375708796106,-0.012199921012346
3,EngraulisJaponicus,SSP1-2.6,0.670910015061728,Engraulis japonicus,Prey,1,0.698822408666667,-0.0588065911310586,-0.027912393604939
3,EngraulisJaponicus,SSP5-8.5,0.649584755802469,Engraulis japonicus,Prey,1,0.698822408666667,-0.105408094599805,-0.049237652864198
3,LarimichthysPolyactis,SSP1-2.6,0.859747040123457,Larimichthys polyactis,Mid-trophic species,13,0.85361434,0.0103278315275777,0.00613270012345701
3,LarimichthysPolyactis,SSP5-8.5,0.868282965802469,Larimichthys polyactis,Mid-trophic species,13,0.85361434,0.024580868532321,0.014668625802469
3,MiichthysMiiuy,SSP1-2.6,0.582393073580247,Miichthys miiuy,Predator,5,0.603623184666667,-0.0516550220310099,-0.02123011108642
3,MiichthysMiiuy,SSP5-8.5,0.585103084444445,Miichthys miiuy,Predator,5,0.603623184666667,-0.0449573961251831,-0.0185201002222219
3,MuraenesoxCinereus,SSP1-2.6,0.698851764938272,Muraenesox cinereus,Predator,4,0.681696612666667,0.0358566603283797,0.0171551522716049
3,MuraenesoxCinereus,SSP5-8.5,0.698987022839506,Muraenesox cinereus,Predator,4,0.681696612666667,0.0361358569076514,0.0172904101728389
3,PampusArgenteus,SSP1-2.6,0.436824155555556,Pampus argenteus,Mid-trophic species,12,0.441034123,-0.0138376452472722,-0.00420996744444402
3,PampusArgenteus,SSP5-8.5,0.434823371851852,Pampus argenteus,Mid-trophic species,12,0.441034123,-0.0204607944126369,-0.00621075114814801
3,PennahiaArgentata,SSP1-2.6,0.60369238962963,Pennahia argentata,Mid-trophic species,11,0.602141954333333,0.00370997319330698,0.00155043529629706
3,PennahiaArgentata,SSP5-8.5,0.600622031604938,Pennahia argentata,Mid-trophic species,11,0.602141954333333,-0.00364624510819855,-0.00151992272839496
3,PortunusTrituberculatus,SSP1-2.6,1.00667351790123,Portunus trituberculatus,Invertebrate,8,0.981786852,0.036114116073829,0.02488666590123
3,PortunusTrituberculatus,SSP5-8.5,0.968475043333333,Portunus trituberculatus,Invertebrate,8,0.981786852,-0.0196949739434411,-0.013311808666667
3,ScomberJaponicus,SSP1-2.6,0.789698808024691,Scomber japonicus,Mid-trophic species,9,0.793514331,-0.00695376585283754,-0.00381552297530907
3,ScomberJaponicus,SSP5-8.5,0.786015776296296,Scomber japonicus,Mid-trophic species,9,0.793514331,-0.0136980091813081,-0.00749855470370398
3,ScomberomorusNiphonius,SSP1-2.6,0.666101380123457,Scomberomorus niphonius,Predator,2,0.660252449666667,0.0127240220108295,0.00584893045679003
3,ScomberomorusNiphonius,SSP5-8.5,0.668773561604938,Scomberomorus niphonius,Predator,2,0.660252449666667,0.0185000658944114,0.00852111193827099
3,TodarodesPacificus,SSP1-2.6,1.00416223765432,Todarodes pacificus,Invertebrate,6,0.943193524,0.0903666595373104,0.06096871365432
3,TodarodesPacificus,SSP5-8.5,1.01235418567901,Todarodes pacificus,Invertebrate,6,0.943193524,0.1020884066741,0.0691606616790099
3,TrachurusJaponicus,SSP1-2.6,0.470097392469136,Trachurus japonicus,Mid-trophic species,14,0.473016872666667,-0.00893196765740244,-0.00291948019753097
3,TrachurusJaponicus,SSP5-8.5,0.461357612222222,Trachurus japonicus,Mid-trophic species,14,0.473016872666667,-0.0360061850951045,-0.011659260444445
3,TrachysalambriaCurvirostris,SSP1-2.6,0.864251033827161,Trachysalambria curvirostris,Invertebrate,7,0.899682597666667,-0.0579656932544398,-0.0354315638395061
3,TrachysalambriaCurvirostris,SSP5-8.5,0.838794779506173,Trachysalambria curvirostris,Invertebrate,7,0.899682597666667,-0.10109823509967,-0.0608878181604941
3,TrichiurusJaponicus,SSP1-2.6,1.22925383283951,Trichiurus japonicus,Predator,3,1.24657984666667,-0.020192440622392,-0.01732601382716
3,TrichiurusJaponicus,SSP5-8.5,1.16552601925926,Trichiurus japonicus,Predator,3,1.24657984666667,-0.0969940825214642,-0.08105382740741
4,DecapterusMaruadsi,SSP1-2.6,0.53847752654321,Decapterus maruadsi,Mid-trophic species,10,0.54624402,-0.0206594459247483,-0.00776649345679004
4,DecapterusMaruadsi,SSP5-8.5,0.534379929506173,Decapterus maruadsi,Mid-trophic species,10,0.54624402,-0.0316797574050108,-0.0118640904938271
4,EngraulisJaponicus,SSP1-2.6,0.673772471358025,Engraulis japonicus,Prey,1,0.738199130666667,-0.13174855382105,-0.064426659308642
4,EngraulisJaponicus,SSP5-8.5,0.67600657345679,Engraulis japonicus,Prey,1,0.738199130666667,-0.126972763332331,-0.0621925572098769
4,LarimichthysPolyactis,SSP1-2.6,0.870619457160494,Larimichthys polyactis,Mid-trophic species,13,0.855352429,0.0255232897662497,0.0152670281604941
4,LarimichthysPolyactis,SSP5-8.5,0.868557434444444,Larimichthys polyactis,Mid-trophic species,13,0.855352429,0.0221022791089059,0.013205005444444
4,MiichthysMiiuy,SSP1-2.6,0.587083716296296,Miichthys miiuy,Predator,5,0.570315777666667,0.0418052966755131,0.016767938629629
4,MiichthysMiiuy,SSP5-8.5,0.582132373827161,Miichthys miiuy,Predator,5,0.570315777666667,0.0295863065551574,0.011816596160494
4,MuraenesoxCinereus,SSP1-2.6,0.701239774320988,Muraenesox cinereus,Predator,4,0.690848845333333,0.0215377382258186,0.010390928987655
4,MuraenesoxCinereus,SSP5-8.5,0.697980295061728,Muraenesox cinereus,Predator,4,0.690848845333333,0.0148162178986733,0.00713144972839497
4,PampusArgenteus,SSP1-2.6,0.434581420493827,Pampus argenteus,Mid-trophic species,12,0.437095343666667,-0.00832151251284561,-0.00251392317284005
4,PampusArgenteus,SSP5-8.5,0.434873574444444,Pampus argenteus,Mid-trophic species,12,0.437095343666667,-0.00735196475235546,-0.002221769222223
4,PennahiaArgentata,SSP1-2.6,0.596628439506173,Pennahia argentata,Mid-trophic species,11,0.591873644333333,0.0115435321607032,0.00475479517283994
4,PennahiaArgentata,SSP5-8.5,0.621136962962963,Pennahia argentata,Mid-trophic species,11,0.591873644333333,0.0696222068956632,0.0292633186296299
4,PortunusTrituberculatus,SSP1-2.6,1.00657513753086,Portunus trituberculatus,Invertebrate,8,1.001619428,0.00712041771260295,0.00495570953086011
4,PortunusTrituberculatus,SSP5-8.5,1.00741001703704,Portunus trituberculatus,Invertebrate,8,1.001619428,0.00831653039453373,0.00579058903704
4,ScomberJaponicus,SSP1-2.6,0.792269888518519,Scomber japonicus,Mid-trophic species,9,0.797974652333333,-0.0103509486234382,-0.005704763814814
4,ScomberJaponicus,SSP5-8.5,0.784177052962963,Scomber japonicus,Mid-trophic species,9,0.797974652333333,-0.0251634944586907,-0.01379759937037
4,ScomberomorusNiphonius,SSP1-2.6,0.66545863037037,Scomberomorus niphonius,Predator,2,0.659536871333333,0.0128956653332131,0.00592175903703696
4,ScomberomorusNiphonius,SSP5-8.5,0.668428590740741,Scomberomorus niphonius,Predator,2,0.659536871333333,0.0193201277776068,0.00889171940740796
4,TodarodesPacificus,SSP1-2.6,1.02618812209877,Todarodes pacificus,Invertebrate,6,1.03429852666667,-0.0113574148958486,-0.00811040456789991
4,TodarodesPacificus,SSP5-8.5,1.00666193345679,Todarodes pacificus,Invertebrate,6,1.03429852666667,-0.0390733813002782,-0.0276365932098801
4,TrachurusJaponicus,SSP1-2.6,0.466595895185185,Trachurus japonicus,Mid-trophic species,14,0.478136068666667,-0.0352476254544926,-0.011540173481482
4,TrachurusJaponicus,SSP5-8.5,0.464892481728395,Trachurus japonicus,Mid-trophic species,14,0.478136068666667,-0.0405241462292612,-0.013243586938272
4,TrachysalambriaCurvirostris,SSP1-2.6,0.852014540123457,Trachysalambria curvirostris,Invertebrate,7,0.900777832666667,-0.0802932733351428,-0.04876329254321
4,TrachysalambriaCurvirostris,SSP5-8.5,0.923672433703704,Trachysalambria curvirostris,Invertebrate,7,0.900777832666667,0.0362099881919585,0.022894601037037
4,TrichiurusJaponicus,SSP1-2.6,1.16872927530864,Trichiurus japonicus,Predator,3,1.22325401833333,-0.0657832395747217,-0.05452474302469
4,TrichiurusJaponicus,SSP5-8.5,1.16193097716049,Trichiurus japonicus,Predator,3,1.22325401833333,-0.0741996519030777,-0.06132304117284
5,DecapterusMaruadsi,SSP1-2.6,0.536096257901235,Decapterus maruadsi,Mid-trophic species,10,0.541129636666667,-0.0134821924870129,-0.00503337876543197
5,DecapterusMaruadsi,SSP5-8.5,0.532229636049383,Decapterus maruadsi,Mid-trophic species,10,0.541129636666667,-0.0239254112845666,-0.00890000061728402
5,EngraulisJaponicus,SSP1-2.6,0.681215305185185,Engraulis japonicus,Prey,1,0.691157709333333,-0.0209040952610995,-0.00994240414814795
5,EngraulisJaponicus,SSP5-8.5,0.655545194197531,Engraulis japonicus,Prey,1,0.691157709333333,-0.0763196990722768,-0.035612515135802
5,LarimichthysPolyactis,SSP1-2.6,0.879036834320988,Larimichthys polyactis,Mid-trophic species,13,0.861661812666667,0.0288018723576246,0.017375021654321
5,LarimichthysPolyactis,SSP5-8.5,0.876690855308642,Larimichthys polyactis,Mid-trophic species,13,0.861661812666667,0.024946451814479,0.015029042641975
5,MiichthysMiiuy,SSP1-2.6,0.589922851728395,Miichthys miiuy,Predator,5,0.580380496666667,0.0235272563196333,0.00954235506172796
5,MiichthysMiiuy,SSP5-8.5,0.582789402962963,Miichthys miiuy,Predator,5,0.580380496666667,0.00597560534753828,0.00240890629629598
5,MuraenesoxCinereus,SSP1-2.6,0.699521578641975,Muraenesox cinereus,Predator,4,0.690322282666667,0.0190985086480077,0.009199295975308
5,MuraenesoxCinereus,SSP5-8.5,0.701613231728395,Muraenesox cinereus,Predator,4,0.690322282666667,0.0234059025608972,0.011290949061728
5,PampusArgenteus,SSP1-2.6,0.437568644938272,Pampus argenteus,Mid-trophic species,12,0.435676905,0.00625072317215155,0.00189173993827202
5,PampusArgenteus,SSP5-8.5,0.436458304567901,Pampus argenteus,Mid-trophic species,12,0.435676905,0.00258519910868771,0.00078139956790102
5,PennahiaArgentata,SSP1-2.6,0.607217062962963,Pennahia argentata,Mid-trophic species,11,0.585661184333333,0.0521460508336238,0.0215558786296299
5,PennahiaArgentata,SSP5-8.5,0.595100369382716,Pennahia argentata,Mid-trophic species,11,0.585661184333333,0.0230667326841544,0.00943918504938301
5,PortunusTrituberculatus,SSP1-2.6,1.01826325358025,Portunus trituberculatus,Invertebrate,8,1.01715333433333,0.00157341269747236,0.00110991924691994
5,PortunusTrituberculatus,SSP5-8.5,0.989599198148148,Portunus trituberculatus,Invertebrate,8,1.01715333433333,-0.039620943253183,-0.0275541361851821
5,ScomberJaponicus,SSP1-2.6,0.79202062654321,Scomber japonicus,Mid-trophic species,9,0.801841433666667,-0.0177789651911974,-0.00982080712345701
5,ScomberJaponicus,SSP5-8.5,0.790234438395062,Scomber japonicus,Mid-trophic species,9,0.801841433666667,-0.0210362477055004,-0.011606995271605
5,ScomberomorusNiphonius,SSP1-2.6,0.665588383209877,Scomberomorus niphonius,Predator,2,0.657238188666667,0.0182139435724263,0.00835019454321007
5,ScomberomorusNiphonius,SSP5-8.5,0.667010249876543,Scomberomorus niphonius,Predator,2,0.657238188666667,0.0212926211521933,0.00977206120987606
5,TodarodesPacificus,SSP1-2.6,1.01436725419753,Todarodes pacificus,Invertebrate,6,0.994336203333333,0.0287744371846454,0.020031050864197
5,TodarodesPacificus,SSP5-8.5,1.02681269728395,Todarodes pacificus,Invertebrate,6,0.994336203333333,0.0463674000296497,0.032476493950617
5,TrachurusJaponicus,SSP1-2.6,0.464602200246914,Trachurus japonicus,Mid-trophic species,14,0.472155897666667,-0.02326730463251,-0.00755369741975298
5,TrachurusJaponicus,SSP5-8.5,0.461577372469136,Trachurus japonicus,Mid-trophic species,14,0.472155897666667,-0.0326907894051492,-0.010578525197531
5,TrachysalambriaCurvirostris,SSP1-2.6,0.850567494197531,Trachysalambria curvirostris,Invertebrate,7,0.854615674,-0.00685005576729992,-0.00404817980246908
5,TrachysalambriaCurvirostris,SSP5-8.5,0.86585580037037,Trachysalambria curvirostris,Invertebrate,7,0.854615674,0.0188510016398381,0.01124012637037
5,TrichiurusJaponicus,SSP1-2.6,1.14962255185185,Trichiurus japonicus,Predator,3,1.372979938,-0.256150276795615,-0.22335738614815
5,TrichiurusJaponicus,SSP5-8.5,1.16297889950617,Trichiurus japonicus,Predator,3,1.372979938,-0.239485623432802,-0.21000103849383
6,DecapterusMaruadsi,SSP1-2.6,0.536386612222222,Decapterus maruadsi,Mid-trophic species,10,0.542080768,-0.0152345945555867,-0.0056941557777781
6,DecapterusMaruadsi,SSP5-8.5,0.537902800493827,Decapterus maruadsi,Mid-trophic species,10,0.542080768,-0.01116232366293,-0.00417796750617305
6,EngraulisJaponicus,SSP1-2.6,0.683889135802469,Engraulis japonicus,Prey,1,0.702019217333333,-0.0377480529070404,-0.0181300815308639
6,EngraulisJaponicus,SSP5-8.5,0.663004536296296,Engraulis japonicus,Prey,1,0.702019217333333,-0.0824917826042654,-0.039014681037037
6,LarimichthysPolyactis,SSP1-2.6,0.86726653654321,Larimichthys polyactis,Mid-trophic species,13,0.872067094333333,-0.00796369181882679,-0.00480055779012301
6,LarimichthysPolyactis,SSP5-8.5,0.864114781481482,Larimichthys polyactis,Mid-trophic species,13,0.872067094333333,-0.0132161759167955,-0.00795231285185094
6,MiichthysMiiuy,SSP1-2.6,0.58251867654321,Miichthys miiuy,Predator,5,0.578465162666667,0.0100742283109206,0.00405351387654296
6,MiichthysMiiuy,SSP5-8.5,0.580553782592593,Miichthys miiuy,Predator,5,0.578465162666667,0.00519964731122853,0.00208861992592602
6,MuraenesoxCinereus,SSP1-2.6,0.711083495308642,Muraenesox cinereus,Predator,4,0.686362768333333,0.0510476746694152,0.024720726975309
6,MuraenesoxCinereus,SSP5-8.5,0.69971308,Muraenesox cinereus,Predator,4,0.686362768333333,0.0277921646070292,0.013350311666667
6,PampusArgenteus,SSP1-2.6,0.435377269506173,Pampus argenteus,Mid-trophic species,12,0.438998031666667,-0.0119483829524087,-0.00362076216049401
6,PampusArgenteus,SSP5-8.5,0.438970701234568,Pampus argenteus,Mid-trophic species,12,0.438998031666667,-8.98197792011437e-05,-2.73304320990153e-05
6,PennahiaArgentata,SSP1-2.6,0.599372829506173,Pennahia argentata,Mid-trophic species,11,0.577164655666667,0.0544707307799892,0.022208173839506
6,PennahiaArgentata,SSP5-8.5,0.59505109691358,Pennahia argentata,Mid-trophic species,11,0.577164655666667,0.0440306026972886,0.0178864412469131
6,PortunusTrituberculatus,SSP1-2.6,1.00310476481481,Portunus trituberculatus,Invertebrate,8,0.949793831666667,0.0787859977722603,0.053310933148143
6,PortunusTrituberculatus,SSP5-8.5,1.00908963358025,Portunus trituberculatus,Invertebrate,8,0.949793831666667,0.0873680373171493,0.059295801913583
6,ScomberJaponicus,SSP1-2.6,0.79582719308642,Scomber japonicus,Mid-trophic species,9,0.803236735333334,-0.0133700550327307,-0.00740954224691393
6,ScomberJaponicus,SSP5-8.5,0.789512369012346,Scomber japonicus,Mid-trophic species,9,0.803236735333334,-0.0248633827422815,-0.0137243663209879
6,ScomberomorusNiphonius,SSP1-2.6,0.666236238271605,Scomberomorus niphonius,Predator,2,0.658776422,0.0162449068987346,0.00745981627160508
6,ScomberomorusNiphonius,SSP5-8.5,0.667380829012346,Scomberomorus niphonius,Predator,2,0.658776422,0.0187213236025664,0.008604407012346
6,TodarodesPacificus,SSP1-2.6,1.02935286851852,Todarodes pacificus,Invertebrate,6,1.011451193,0.0253109266382987,0.01790167551852
6,TodarodesPacificus,SSP5-8.5,0.981890144567901,Todarodes pacificus,Invertebrate,6,1.011451193,-0.0427931774859577,-0.0295610484320991
6,TrachurusJaponicus,SSP1-2.6,0.460449075432099,Trachurus japonicus,Mid-trophic species,14,0.473899733333333,-0.0415402426423339,-0.013450657901234
6,TrachurusJaponicus,SSP5-8.5,0.46194975691358,Trachurus japonicus,Mid-trophic species,14,0.473899733333333,-0.0368459009637026,-0.011949976419753
6,TrachysalambriaCurvirostris,SSP1-2.6,0.851301551234568,Trachysalambria curvirostris,Invertebrate,7,0.917609054333333,-0.108209367641527,-0.066307503098765
6,TrachysalambriaCurvirostris,SSP5-8.5,0.834656489259259,Trachysalambria curvirostris,Invertebrate,7,0.917609054333333,-0.136697061942325,-0.082952565074074
6,TrichiurusJaponicus,SSP1-2.6,1.16823445469136,Trichiurus japonicus,Predator,3,1.20575453,-0.0456063904258483,-0.0375200753086402
6,TrichiurusJaponicus,SSP5-8.5,1.15862415,Trichiurus japonicus,Predator,3,1.20575453,-0.0575235887708992,-0.04713038
7,DecapterusMaruadsi,SSP1-2.6,0.535174533703704,Decapterus maruadsi,Mid-trophic species,10,0.545040077,-0.0263528487681836,-0.00986554329629596
7,DecapterusMaruadsi,SSP5-8.5,0.53155932962963,Decapterus maruadsi,Mid-trophic species,10,0.545040077,-0.0361315895340162,-0.01348074737037
7,EngraulisJaponicus,SSP1-2.6,0.676993707654321,Engraulis japonicus,Prey,1,0.713198153333333,-0.075160542757914,-0.036204445679012
7,EngraulisJaponicus,SSP5-8.5,0.655703474567901,Engraulis japonicus,Prey,1,0.713198153333333,-0.12125942771986,-0.057494678765432
7,LarimichthysPolyactis,SSP1-2.6,0.866650549259259,Larimichthys polyactis,Mid-trophic species,13,0.836473593333333,0.0511303908705292,0.030176955925926
7,LarimichthysPolyactis,SSP5-8.5,0.887218710493827,Larimichthys polyactis,Mid-trophic species,13,0.836473593333333,0.084969794228139,0.0507451171604939
7,MiichthysMiiuy,SSP1-2.6,0.58845121617284,Miichthys miiuy,Predator,5,0.567108771666667,0.0532973466720105,0.0213424445061731
7,MiichthysMiiuy,SSP5-8.5,0.585009278518518,Miichthys miiuy,Predator,5,0.567108771666667,0.0448340355542007,0.0179005068518511
7,MuraenesoxCinereus,SSP1-2.6,0.705838677777778,Muraenesox cinereus,Predator,4,0.68940891,0.0339785431303257,0.0164297677777779
7,MuraenesoxCinereus,SSP5-8.5,0.702133386049383,Muraenesox cinereus,Predator,4,0.68940891,0.026385184597893,0.012724476049383
7,PampusArgenteus,SSP1-2.6,0.435711154691358,Pampus argenteus,Mid-trophic species,12,0.438215406333333,-0.00826815770305636,-0.00250425164197499
7,PampusArgenteus,SSP5-8.5,0.433388929753086,Pampus argenteus,Mid-trophic species,12,0.438215406333333,-0.0159779035317831,-0.00482647658024699
7,PennahiaArgentata,SSP1-2.6,0.595685841481482,Pennahia argentata,Mid-trophic species,11,0.595064210333333,0.00150631823160882,0.000621631148148949
7,PennahiaArgentata,SSP5-8.5,0.597061364074074,Pennahia argentata,Mid-trophic species,11,0.595064210333333,0.00483386407446901,0.00199715374074094
7,PortunusTrituberculatus,SSP1-2.6,1.02474264790123,Portunus trituberculatus,Invertebrate,8,1.016143821,0.0121570293340296,0.00859882690123004
7,PortunusTrituberculatus,SSP5-8.5,1.01190830012346,Portunus trituberculatus,Invertebrate,8,1.016143821,-0.00602605207695283,-0.00423552087654011
7,ScomberJaponicus,SSP1-2.6,0.791877441358025,Scomber japonicus,Mid-trophic species,9,0.801455990333333,-0.0173461389882883,-0.00957854897530808
7,ScomberJaponicus,SSP5-8.5,0.789744979876543,Scomber japonicus,Mid-trophic species,9,0.801455990333333,-0.0212364397669228,-0.01171101045679
7,ScomberomorusNiphonius,SSP1-2.6,0.667445275679012,Scomberomorus niphonius,Predator,2,0.658970814666667,0.0184349832945002,0.00847446101234506
7,ScomberomorusNiphonius,SSP5-8.5,0.66870145037037,Scomberomorus niphonius,Predator,2,0.658970814666667,0.0211476756902138,0.00973063570370303
7,TodarodesPacificus,SSP1-2.6,1.00535319444444,Todarodes pacificus,Invertebrate,6,0.976493514666667,0.0420200614534587,0.028859679777773
7,TodarodesPacificus,SSP5-8.5,1.00010885864198,Todarodes pacificus,Invertebrate,6,0.976493514666667,0.0344746736066136,0.023615343975313
7,TrachurusJaponicus,SSP1-2.6,0.466886237654321,Trachurus japonicus,Mid-trophic species,14,0.469911185666667,-0.00931704668558994,-0.00302494801234599
7,TrachurusJaponicus,SSP5-8.5,0.463952414938272,Trachurus japonicus,Mid-trophic species,14,0.469911185666667,-0.0184112661553218,-0.00595877072839501
7,TrachysalambriaCurvirostris,SSP1-2.6,0.895468564320988,Trachysalambria curvirostris,Invertebrate,7,0.867111437333333,0.0464253727210943,0.028357126987655
7,TrachysalambriaCurvirostris,SSP5-8.5,0.860093085555556,Trachysalambria curvirostris,Invertebrate,7,0.867111437333333,-0.0117246068998631,-0.00701835177777699
7,TrichiurusJaponicus,SSP1-2.6,1.15594275185185,Trichiurus japonicus,Predator,3,1.194155781,-0.046921102497365,-0.0382130291481502
7,TrichiurusJaponicus,SSP5-8.5,1.14819019753086,Trichiurus japonicus,Predator,3,1.194155781,-0.0566294085065728,-0.0459655834691402
8,DecapterusMaruadsi,SSP1-2.6,0.53420562,Decapterus maruadsi,Mid-trophic species,10,0.546893335666667,-0.0338643281823493,-0.0126877156666669
8,DecapterusMaruadsi,SSP5-8.5,0.532785952962963,Decapterus maruadsi,Mid-trophic species,10,0.546893335666667,-0.0377034359214729,-0.0141073827037039
8,EngraulisJaponicus,SSP1-2.6,0.67523644308642,Engraulis japonicus,Prey,1,0.700516539666667,-0.053026344430998,-0.0252800965802471
8,EngraulisJaponicus,SSP5-8.5,0.680644111234568,Engraulis japonicus,Prey,1,0.700516539666667,-0.041518461437394,-0.019872428432099
8,LarimichthysPolyactis,SSP1-2.6,0.871455594444445,Larimichthys polyactis,Mid-trophic species,13,0.857175443333333,0.0238366330447926,0.014280151111112
8,LarimichthysPolyactis,SSP5-8.5,0.878959129382716,Larimichthys polyactis,Mid-trophic species,13,0.857175443333333,0.0362055634547543,0.0217836860493831
8,MiichthysMiiuy,SSP1-2.6,0.58390077691358,Miichthys miiuy,Predator,5,0.576833575666667,0.0175680889606752,0.00706720124691296
8,MiichthysMiiuy,SSP5-8.5,0.586017517283951,Miichthys miiuy,Predator,5,0.576833575666667,0.0227886486914585,0.00918394161728397
8,MuraenesoxCinereus,SSP1-2.6,0.707391486419753,Muraenesox cinereus,Predator,4,0.685595339666667,0.0451515532899182,0.0217961467530861
8,MuraenesoxCinereus,SSP5-8.5,0.700175118024691,Muraenesox cinereus,Predator,4,0.685595339666667,0.0303584911620712,0.014579778358024
8,PampusArgenteus,SSP1-2.6,0.435639949876543,Pampus argenteus,Mid-trophic species,12,0.438489508333333,-0.00940606309115191,-0.00284955845679002
8,PampusArgenteus,SSP5-8.5,0.43626332345679,Pampus argenteus,Mid-trophic species,12,0.438489508333333,-0.00734313213634138,-0.00222618487654302
8,PennahiaArgentata,SSP1-2.6,0.600038952716049,Pennahia argentata,Mid-trophic species,11,0.583067617,0.0413929600374596,0.016971335716049
8,PennahiaArgentata,SSP5-8.5,0.604327858271605,Pennahia argentata,Mid-trophic species,11,0.583067617,0.0516682497180149,0.021260241271605
8,PortunusTrituberculatus,SSP1-2.6,1.01952907320988,Portunus trituberculatus,Invertebrate,8,0.997156671666667,0.0320108147937562,0.0223724015432131
8,PortunusTrituberculatus,SSP5-8.5,0.99689387037037,Portunus trituberculatus,Invertebrate,8,0.997156671666667,-0.00038027333922507,-0.000262801296296966
8,ScomberJaponicus,SSP1-2.6,0.792926978888889,Scomber japonicus,Mid-trophic species,9,0.803138435,-0.0184606695655838,-0.0102114561111111
8,ScomberJaponicus,SSP5-8.5,0.786367504197531,Scomber japonicus,Mid-trophic species,9,0.803138435,-0.0304449779094994,-0.0167709308024691
8,ScomberomorusNiphonius,SSP1-2.6,0.666326290123457,Scomberomorus niphonius,Predator,2,0.659835736666667,0.0141219004357618,0.00649055345679006
8,ScomberomorusNiphonius,SSP5-8.5,0.666166557777778,Scomberomorus niphonius,Predator,2,0.659835736666667,0.0137760148057604,0.00633082111111105
8,TodarodesPacificus,SSP1-2.6,1.00400417246914,Todarodes pacificus,Invertebrate,6,1.017314148,-0.0189999893031479,-0.0133099755308601
8,TodarodesPacificus,SSP5-8.5,0.994714647283951,Todarodes pacificus,Invertebrate,6,1.017314148,-0.0324106284449599,-0.0225995007160491
8,TrachurusJaponicus,SSP1-2.6,0.464166928518519,Trachurus japonicus,Mid-trophic species,14,0.477324105,-0.0403254591269215,-0.013157176481481
8,TrachurusJaponicus,SSP5-8.5,0.459916511358025,Trachurus japonicus,Mid-trophic species,14,0.477324105,-0.0535972022164724,-0.017407593641975
8,TrachysalambriaCurvirostris,SSP1-2.6,0.895018374814815,Trachysalambria curvirostris,Invertebrate,7,0.875831342333333,0.0312642226274275,0.019187032481482
8,TrachysalambriaCurvirostris,SSP5-8.5,0.871607843209877,Trachysalambria curvirostris,Invertebrate,7,0.875831342333333,-0.00697390004301492,-0.00422349912345599
8,TrichiurusJaponicus,SSP1-2.6,1.11987990407407,Trichiurus japonicus,Predator,3,1.36225392333333,-0.282651619971217,-0.24237401925926
8,TrichiurusJaponicus,SSP5-8.5,1.1415714208642,Trichiurus japonicus,Predator,3,1.36225392333333,-0.254974523286249,-0.22068250246913
9,DecapterusMaruadsi,SSP1-2.6,0.537930387901235,Decapterus maruadsi,Mid-trophic species,10,0.542679537333333,-0.0126810207592262,-0.00474914943209792
9,DecapterusMaruadsi,SSP5-8.5,0.532704530864198,Decapterus maruadsi,Mid-trophic species,10,0.542679537333333,-0.0267649587573188,-0.00997500646913496
9,EngraulisJaponicus,SSP1-2.6,0.681978176296296,Engraulis japonicus,Prey,1,0.702737279333333,-0.0432598608622286,-0.020759103037037
9,EngraulisJaponicus,SSP5-8.5,0.660917574320988,Engraulis japonicus,Prey,1,0.702737279333333,-0.088515075086396,-0.041819705012345
9,LarimichthysPolyactis,SSP1-2.6,0.885064710246914,Larimichthys polyactis,Mid-trophic species,13,0.857472528666667,0.0456924880597059,0.027592181580247
9,LarimichthysPolyactis,SSP5-8.5,0.882124606296296,Larimichthys polyactis,Mid-trophic species,13,0.857472528666667,0.0408920093977512,0.024652077629629
9,MiichthysMiiuy,SSP1-2.6,0.578624074197531,Miichthys miiuy,Predator,5,0.579656634333333,-0.00257220856910255,-0.001032560135802
9,MiichthysMiiuy,SSP5-8.5,0.582421095802469,Miichthys miiuy,Predator,5,0.579656634333333,0.00686405439542754,0.002764461469136
9,MuraenesoxCinereus,SSP1-2.6,0.703068426296296,Muraenesox cinereus,Predator,4,0.692960591666667,0.0208917974307944,0.0101078346296289
9,MuraenesoxCinereus,SSP5-8.5,0.69740436037037,Muraenesox cinereus,Predator,4,0.692960591666667,0.00922207495556172,0.004443768703703
9,PampusArgenteus,SSP1-2.6,0.436575371851852,Pampus argenteus,Mid-trophic species,12,0.438195323333333,-0.0053433400393471,-0.00161995148148097
9,PampusArgenteus,SSP5-8.5,0.43562865308642,Pampus argenteus,Mid-trophic species,12,0.438195323333333,-0.00847523800207798,-0.00256667024691298
9,PennahiaArgentata,SSP1-2.6,0.610180920123457,Pennahia argentata,Mid-trophic species,11,0.587208883666667,0.0553632743372886,0.02297203645679
9,PennahiaArgentata,SSP5-8.5,0.608054501851852,Pennahia argentata,Mid-trophic species,11,0.587208883666667,0.0503268484453249,0.0208456181851849
9,PortunusTrituberculatus,SSP1-2.6,0.991828469135802,Portunus trituberculatus,Invertebrate,8,1.00957637966667,-0.025587520400475,-0.0177479105308679
9,PortunusTrituberculatus,SSP5-8.5,1.02007113691358,Portunus trituberculatus,Invertebrate,8,1.00957637966667,0.0149197031015135,0.0104947572469101
9,ScomberJaponicus,SSP1-2.6,0.788908357654321,Scomber japonicus,Mid-trophic species,9,0.789186709333333,-0.000508938402380091,-0.000278351679012023
9,ScomberJaponicus,SSP5-8.5,0.787111397283951,Scomber japonicus,Mid-trophic species,9,0.789186709333333,-0.0037988298270442,-0.00207531204938205
9,ScomberomorusNiphonius,SSP1-2.6,0.664145479753087,Scomberomorus niphonius,Predator,2,0.659570879333333,0.00997159182677459,0.00457460041975399
9,ScomberomorusNiphonius,SSP5-8.5,0.668265314691358,Scomberomorus niphonius,Predator,2,0.659570879333333,0.0188932913524863,0.00869443535802494
9,TodarodesPacificus,SSP1-2.6,1.0254819337037,Todarodes pacificus,Invertebrate,6,0.994515487,0.044236332965962,0.0309664467037
9,TodarodesPacificus,SSP5-8.5,1.00536643518519,Todarodes pacificus,Invertebrate,6,0.994515487,0.0156556870530474,0.0108509481851901
9,TrachurusJaponicus,SSP1-2.6,0.466785607160494,Trachurus japonicus,Mid-trophic species,14,0.484924356666667,-0.0549996411433211,-0.018138749506173
9,TrachurusJaponicus,SSP5-8.5,0.461237434814815,Trachurus japonicus,Mid-trophic species,14,0.484924356666667,-0.0722501095764444,-0.023686921851852
9,TrachysalambriaCurvirostris,SSP1-2.6,0.853723287777778,Trachysalambria curvirostris,Invertebrate,7,0.790993641,0.110102436947668,0.0627296467777779
9,TrachysalambriaCurvirostris,SSP5-8.5,0.817546710740741,Trachysalambria curvirostris,Invertebrate,7,0.790993641,0.0476350651657194,0.026553069740741
9,TrichiurusJaponicus,SSP1-2.6,1.2185254808642,Trichiurus japonicus,Predator,3,1.20401560833333,0.0172823252134196,0.0145098725308701
9,TrichiurusJaponicus,SSP5-8.5,1.16172284135802,Trichiurus japonicus,Predator,3,1.20401560833333,-0.0515881766277332,-0.0422927669753099
10,DecapterusMaruadsi,SSP1-2.6,0.535914880617284,Decapterus maruadsi,Mid-trophic species,10,0.542754503,-0.0182959147431752,-0.00683962238271607
10,DecapterusMaruadsi,SSP5-8.5,0.531941627283951,Decapterus maruadsi,Mid-trophic species,10,0.542754503,-0.0290318503121823,-0.0108128757160491
10,EngraulisJaponicus,SSP1-2.6,0.675843005925926,Engraulis japonicus,Prey,1,0.722169847333333,-0.0956500284265779,-0.046326841407407
10,EngraulisJaponicus,SSP5-8.5,0.682010756790124,Engraulis japonicus,Prey,1,0.722169847333333,-0.0825436910182838,-0.040159090543209
10,LarimichthysPolyactis,SSP1-2.6,0.869613227037037,Larimichthys polyactis,Mid-trophic species,13,0.863064017333333,0.0109063097463438,0.00654920970370398
10,LarimichthysPolyactis,SSP5-8.5,0.864096739012346,Larimichthys polyactis,Mid-trophic species,13,0.863064017333333,0.00172526224558241,0.00103272167901292
10,MiichthysMiiuy,SSP1-2.6,0.571507543333333,Miichthys miiuy,Predator,5,0.587210730333333,-0.0391057906470639,-0.0157031870000001
10,MiichthysMiiuy,SSP5-8.5,0.574381081975309,Miichthys miiuy,Predator,5,0.587210730333333,-0.0318700985439258,-0.012829648358024
10,MuraenesoxCinereus,SSP1-2.6,0.69843916308642,Muraenesox cinereus,Predator,4,0.701395798333333,-0.00609433178765978,-0.00295663524691303
10,MuraenesoxCinereus,SSP5-8.5,0.700476211728395,Muraenesox cinereus,Predator,4,0.701395798333333,-0.00189273088467308,-0.000919586604937961
10,PampusArgenteus,SSP1-2.6,0.435243941481482,Pampus argenteus,Mid-trophic species,12,0.436330019666667,-0.00359551912435344,-0.00108607818518502
10,PampusArgenteus,SSP5-8.5,0.437443912839506,Pampus argenteus,Mid-trophic species,12,0.436330019666667,0.00367831762263839,0.001113893172839
10,PennahiaArgentata,SSP1-2.6,0.606850925185185,Pennahia argentata,Mid-trophic species,11,0.574915756333333,0.0779915872100538,0.031935168851852
10,PennahiaArgentata,SSP5-8.5,0.609365816419753,Pennahia argentata,Mid-trophic species,11,0.574915756333333,0.0839580011880152,0.0344500600864199
10,PortunusTrituberculatus,SSP1-2.6,1.01651337518519,Portunus trituberculatus,Invertebrate,8,1.02709365866667,-0.0149385460503816,-0.0105802834814799
10,PortunusTrituberculatus,SSP5-8.5,0.974986178148148,Portunus trituberculatus,Invertebrate,8,1.02709365866667,-0.0751140723881026,-0.0521074805185219
10,ScomberJaponicus,SSP1-2.6,0.794442711481482,Scomber japonicus,Mid-trophic species,9,0.803775951666667,-0.0168502254541541,-0.009333240185185
10,ScomberJaponicus,SSP5-8.5,0.791338061481481,Scomber japonicus,Mid-trophic species,9,0.803775951666667,-0.0224992646628888,-0.012437890185186
10,ScomberomorusNiphonius,SSP1-2.6,0.666764085925926,Scomberomorus niphonius,Predator,2,0.661262897333333,0.0119524422276866,0.00550118859259297
10,ScomberomorusNiphonius,SSP5-8.5,0.668304621111111,Scomberomorus niphonius,Predator,2,0.661262897333333,0.0152818940329538,0.00704172377777801
10,TodarodesPacificus,SSP1-2.6,1.0080431691358,Todarodes pacificus,Invertebrate,6,1.01010835833333,-0.00295264177461593,-0.00206518919752985
10,TodarodesPacificus,SSP5-8.5,1.03091459728395,Todarodes pacificus,Invertebrate,6,1.01010835833333,0.0294147574461612,0.0208062389506201
10,TrachurusJaponicus,SSP1-2.6,0.468880832469136,Trachurus japonicus,Mid-trophic species,14,0.473430485333333,-0.013931303816617,-0.00454965286419701
10,TrachurusJaponicus,SSP5-8.5,0.46533933345679,Trachurus japonicus,Mid-trophic species,14,0.473430485333333,-0.0248694696229706,-0.00809115187654297
10,TrachysalambriaCurvirostris,SSP1-2.6,0.853484747654321,Trachysalambria curvirostris,Invertebrate,7,0.835856458666667,0.0301101614849198,0.017628288987654
10,TrachysalambriaCurvirostris,SSP5-8.5,0.843247792962963,Trachysalambria curvirostris,Invertebrate,7,0.835856458666667,0.0127014272056603,0.00739133429629602
10,TrichiurusJaponicus,SSP1-2.6,1.11567053432099,Trichiurus japonicus,Predator,3,1.223201742,-0.132751314749915,-0.10753120767901
10,TrichiurusJaponicus,SSP5-8.5,1.12966696037037,Trichiurus japonicus,Predator,3,1.223201742,-0.114764855211001,-0.0935347816296301
11,DecapterusMaruadsi,SSP1-2.6,0.535120289012346,Decapterus maruadsi,Mid-trophic species,10,0.540183060333333,-0.0135851693451486,-0.00506277132098698
11,DecapterusMaruadsi,SSP5-8.5,0.531750464938272,Decapterus maruadsi,Mid-trophic species,10,0.540183060333333,-0.0226990092929483,-0.00843259539506092
11,EngraulisJaponicus,SSP1-2.6,0.678328545432099,Engraulis japonicus,Prey,1,0.710254182666667,-0.0663512168272912,-0.031925637234568
11,EngraulisJaponicus,SSP5-8.5,0.655218591234568,Engraulis japonicus,Prey,1,0.710254182666667,-0.116359129704008,-0.0550355914320989
11,LarimichthysPolyactis,SSP1-2.6,0.885806718765432,Larimichthys polyactis,Mid-trophic species,13,0.883337342,0.00402743903810775,0.00246937676543202
11,LarimichthysPolyactis,SSP5-8.5,0.859788871851852,Larimichthys polyactis,Mid-trophic species,13,0.883337342,-0.0389820631339801,-0.023548470148148
11,MiichthysMiiuy,SSP1-2.6,0.591639451234568,Miichthys miiuy,Predator,5,0.583575917666667,0.0197979072752107,0.00806353356790091
11,MiichthysMiiuy,SSP5-8.5,0.581673733333333,Miichthys miiuy,Predator,5,0.583575917666667,-0.00471019122789084,-0.001902184333334
11,MuraenesoxCinereus,SSP1-2.6,0.699890756296296,Muraenesox cinereus,Predator,4,0.697725047666667,0.00447112803377511,0.00216570862962906
11,MuraenesoxCinereus,SSP5-8.5,0.702828362469136,Muraenesox cinereus,Predator,4,0.697725047666667,0.0105137861777928,0.00510331480246906
11,PampusArgenteus,SSP1-2.6,0.435773553333333,Pampus argenteus,Mid-trophic species,12,0.435295058666667,0.00158500017706076,0.000478494666665996
11,PampusArgenteus,SSP5-8.5,0.435805742345679,Pampus argenteus,Mid-trophic species,12,0.435295058666667,0.00169156289311909,0.00051068367901197
11,PennahiaArgentata,SSP1-2.6,0.595090005432099,Pennahia argentata,Mid-trophic species,11,0.594799579,0.000704261617438729,0.000290426432098978
11,PennahiaArgentata,SSP5-8.5,0.613742563703704,Pennahia argentata,Mid-trophic species,11,0.594799579,0.0452300131411488,0.0189429847037039
11,PortunusTrituberculatus,SSP1-2.6,1.00256698691358,Portunus trituberculatus,Invertebrate,8,0.971551414,0.0453363845246039,0.03101557291358
11,PortunusTrituberculatus,SSP5-8.5,0.990217289753086,Portunus trituberculatus,Invertebrate,8,0.971551414,0.0274547952814758,0.018665875753086
11,ScomberJaponicus,SSP1-2.6,0.790150234814815,Scomber japonicus,Mid-trophic species,9,0.794055074333333,-0.00711208829454437,-0.00390483951851806
11,ScomberJaponicus,SSP5-8.5,0.786345400987654,Scomber japonicus,Mid-trophic species,9,0.794055074333333,-0.0140759205148253,-0.00770967334567896
11,ScomberomorusNiphonius,SSP1-2.6,0.664495761111111,Scomberomorus niphonius,Predator,2,0.658418860666667,0.0132543335091242,0.00607690044444398
11,ScomberomorusNiphonius,SSP5-8.5,0.667286958518519,Scomberomorus niphonius,Predator,2,0.658418860666667,0.0193016451230711,0.00886809785185205
11,TodarodesPacificus,SSP1-2.6,1.01888253358025,Todarodes pacificus,Invertebrate,6,1.02932202533333,-0.0147066691539256,-0.0104394917530799
11,TodarodesPacificus,SSP5-8.5,0.997436933580247,Todarodes pacificus,Invertebrate,6,1.02932202533333,-0.0453968727899658,-0.031885091753083
11,TrachurusJaponicus,SSP1-2.6,0.460824787283951,Trachurus japonicus,Mid-trophic species,14,0.477157648,-0.0502476767278131,-0.016332860716049
11,TrachurusJaponicus,SSP5-8.5,0.464174013950617,Trachurus japonicus,Mid-trophic species,14,0.477157648,-0.0398002387156024,-0.012983634049383
11,TrachysalambriaCurvirostris,SSP1-2.6,0.833021009876543,Trachysalambria curvirostris,Invertebrate,7,0.922474290333333,-0.147155820639931,-0.0894532804567899
11,TrachysalambriaCurvirostris,SSP5-8.5,0.866131249135803,Trachysalambria curvirostris,Invertebrate,7,0.922474290333333,-0.0909230431346622,-0.05634304119753
11,TrichiurusJaponicus,SSP1-2.6,1.1558967417284,Trichiurus japonicus,Predator,3,1.18927723466667,-0.0410725385286125,-0.0333804929382699
11,TrichiurusJaponicus,SSP5-8.5,1.22718777222222,Trichiurus japonicus,Predator,3,1.18927723466667,0.0452709492595091,0.03791053755555
12,DecapterusMaruadsi,SSP1-2.6,0.53596485962963,Decapterus maruadsi,Mid-trophic species,10,0.553562027,-0.0466065670912788,-0.01759716737037
12,DecapterusMaruadsi,SSP5-8.5,0.534787018024691,Decapterus maruadsi,Mid-trophic species,10,0.553562027,-0.0497805366415522,-0.018775008975309
12,EngraulisJaponicus,SSP1-2.6,0.678301587777778,Engraulis japonicus,Prey,1,0.707792409333333,-0.0613994198760852,-0.0294908215555549
12,EngraulisJaponicus,SSP5-8.5,0.663331607530864,Engraulis japonicus,Prey,1,0.707792409333333,-0.0935960183183618,-0.044460801802469
12,LarimichthysPolyactis,SSP1-2.6,0.870243684567901,Larimichthys polyactis,Mid-trophic species,13,0.856565561333333,0.0228557651410543,0.0136781232345681
12,LarimichthysPolyactis,SSP5-8.5,0.883048451975309,Larimichthys polyactis,Mid-trophic species,13,0.856565561333333,0.0439289251772099,0.0264828906419761
12,MiichthysMiiuy,SSP1-2.6,0.586030355802469,Miichthys miiuy,Predator,5,0.577088763333333,0.0221821566439546,0.00894159246913595
12,MiichthysMiiuy,SSP5-8.5,0.583657851234568,Miichthys miiuy,Predator,5,0.577088763333333,0.0163296478336224,0.00656908790123501
12,MuraenesoxCinereus,SSP1-2.6,0.704280549506173,Muraenesox cinereus,Predator,4,0.691394524666667,0.0266410610266583,0.0128860248395061
12,MuraenesoxCinereus,SSP5-8.5,0.70240377617284,Muraenesox cinereus,Predator,4,0.691394524666667,0.0227914223579097,0.011009251506173
12,PampusArgenteus,SSP1-2.6,0.436554215925926,Pampus argenteus,Mid-trophic species,12,0.435132015,0.0047076665221838,0.00142220092592604
12,PampusArgenteus,SSP5-8.5,0.434844975185185,Pampus argenteus,Mid-trophic species,12,0.435132015,-0.00095200433360853,-0.000287039814814982
12,PennahiaArgentata,SSP1-2.6,0.609899580740741,Pennahia argentata,Mid-trophic species,11,0.587146646333333,0.0548508468652825,0.022752934407408
12,PennahiaArgentata,SSP5-8.5,0.600811765432099,Pennahia argentata,Mid-trophic species,11,0.587146646333333,0.0331921874936838,0.013665119098766
12,PortunusTrituberculatus,SSP1-2.6,0.989770851111111,Portunus trituberculatus,Invertebrate,8,1.00762666133333,-0.0257947403562921,-0.017855810222219
12,PortunusTrituberculatus,SSP5-8.5,1.00758038209877,Portunus trituberculatus,Invertebrate,8,1.00762666133333,-6.62629901230802e-05,-4.62792345599095e-05
12,ScomberJaponicus,SSP1-2.6,0.792385732962963,Scomber japonicus,Mid-trophic species,9,0.795438781,-0.0055479968372131,-0.00305304803703699
12,ScomberJaponicus,SSP5-8.5,0.783086428148148,Scomber japonicus,Mid-trophic species,9,0.795438781,-0.0225793568068071,-0.012352352851852
12,ScomberomorusNiphonius,SSP1-2.6,0.66572380382716,Scomberomorus niphonius,Predator,2,0.660712977333333,0.0109000730746864,0.005010826493827
12,ScomberomorusNiphonius,SSP5-8.5,0.669988617530864,Scomberomorus niphonius,Predator,2,0.660712977333333,0.0201129042067743,0.00927564019753102
12,TodarodesPacificus,SSP1-2.6,1.01932749246914,Todarodes pacificus,Invertebrate,6,0.992159375333333,0.0389738478073939,0.027168117135807
12,TodarodesPacificus,SSP5-8.5,1.00602370197531,Todarodes pacificus,Invertebrate,6,0.992159375333333,0.0200205041358611,0.013864326641977
12,TrachurusJaponicus,SSP1-2.6,0.465400625185185,Trachurus japonicus,Mid-trophic species,14,0.478581125,-0.0402903500725586,-0.013180499814815
12,TrachurusJaponicus,SSP5-8.5,0.460864310987654,Trachurus japonicus,Mid-trophic species,14,0.478581125,-0.0544214481306059,-0.017716814012346
12,TrachysalambriaCurvirostris,SSP1-2.6,0.91759289345679,Trachysalambria curvirostris,Invertebrate,7,0.948537423666667,-0.0478504768980293,-0.0309445302098771
12,TrachysalambriaCurvirostris,SSP5-8.5,0.864902833703704,Trachysalambria curvirostris,Invertebrate,7,0.948537423666667,-0.133166630656917,-0.083634589962963
12,TrichiurusJaponicus,SSP1-2.6,1.1672135891358,Trichiurus japonicus,Predator,3,1.27338576866667,-0.125600961034396,-0.10617217953087
12,TrichiurusJaponicus,SSP5-8.5,1.10312805938272,Trichiurus japonicus,Predator,3,1.27338576866667,-0.207069266377083,-0.17025770928395
13,DecapterusMaruadsi,SSP1-2.6,0.537506681234568,Decapterus maruadsi,Mid-trophic species,10,0.540171258333333,-0.00713419076130041,-0.002664577098765
13,DecapterusMaruadsi,SSP5-8.5,0.530247583703704,Decapterus maruadsi,Mid-trophic species,10,0.540171258333333,-0.0267507368217657,-0.00992367462962907
13,EngraulisJaponicus,SSP1-2.6,0.663275797654321,Engraulis japonicus,Prey,1,0.693054836666667,-0.0633606232503051,-0.029779039012346
13,EngraulisJaponicus,SSP5-8.5,0.656035899753086,Engraulis japonicus,Prey,1,0.693054836666667,-0.0791947429174314,-0.037018936913581
13,LarimichthysPolyactis,SSP1-2.6,0.861159346419753,Larimichthys polyactis,Mid-trophic species,13,0.851408346,0.0164289820905937,0.00975100041975296
13,LarimichthysPolyactis,SSP5-8.5,0.875587649506173,Larimichthys polyactis,Mid-trophic species,13,0.851408346,0.0404003725798793,0.0241793035061729
13,MiichthysMiiuy,SSP1-2.6,0.574384887530864,Miichthys miiuy,Predator,5,0.58017119,-0.014460864972579,-0.00578630246913592
13,MiichthysMiiuy,SSP5-8.5,0.582935635432099,Miichthys miiuy,Predator,5,0.58017119,0.00685794140054202,0.00276444543209908
13,MuraenesoxCinereus,SSP1-2.6,0.704298769753087,Muraenesox cinereus,Predator,4,0.690131024,0.0293172736393195,0.014167745753087
13,MuraenesoxCinereus,SSP5-8.5,0.697675617407407,Muraenesox cinereus,Predator,4,0.690131024,0.0156861257155218,0.00754459340740699
13,PampusArgenteus,SSP1-2.6,0.437623462839506,Pampus argenteus,Mid-trophic species,12,0.439569377,-0.00640079395749646,-0.001945914160494
13,PampusArgenteus,SSP5-8.5,0.435465475061728,Pampus argenteus,Mid-trophic species,12,0.439569377,-0.0135325407248277,-0.00410390193827198
13,PennahiaArgentata,SSP1-2.6,0.614402147160494,Pennahia argentata,Mid-trophic species,11,0.587388192333333,0.0648689929510978,0.0270139548271611
13,PennahiaArgentata,SSP5-8.5,0.605250148641975,Pennahia argentata,Mid-trophic species,11,0.587388192333333,0.0432172636073694,0.0178619563086421
13,PortunusTrituberculatus,SSP1-2.6,0.983245917283951,Portunus trituberculatus,Invertebrate,8,0.986245115333333,-0.00439395907425783,-0.00299919804938198
13,PortunusTrituberculatus,SSP5-8.5,0.983689103703704,Portunus trituberculatus,Invertebrate,8,0.986245115333333,-0.00374382792710286,-0.00255601162962904
13,ScomberJaponicus,SSP1-2.6,0.797003598148148,Scomber japonicus,Mid-trophic species,9,0.797449556666667,-0.000807025478225573,-0.000445958518518919
13,ScomberJaponicus,SSP5-8.5,0.790234279382716,Scomber japonicus,Mid-trophic species,9,0.797449556666667,-0.0131128328977942,-0.00721527728395099
13,ScomberomorusNiphonius,SSP1-2.6,0.662984412469136,Scomberomorus niphonius,Predator,2,0.661044362666667,0.00422785710512904,0.00194004980246898
13,ScomberomorusNiphonius,SSP5-8.5,0.66667416617284,Scomberomorus niphonius,Predator,2,0.661044362666667,0.0122347291241632,0.00562980350617304
13,TodarodesPacificus,SSP1-2.6,1.00587567320988,Todarodes pacificus,Invertebrate,6,0.992650088666667,0.0190948389445614,0.0132255845432129
13,TodarodesPacificus,SSP5-8.5,1.00802223037037,Todarodes pacificus,Invertebrate,6,0.992650088666667,0.0221702962829598,0.015372141703703
13,TrachurusJaponicus,SSP1-2.6,0.464049706790124,Trachurus japonicus,Mid-trophic species,14,0.469489365333333,-0.0168131307173422,-0.00543965854320905
13,TrachurusJaponicus,SSP5-8.5,0.45810601962963,Trachurus japonicus,Mid-trophic species,14,0.469489365333333,-0.0354109585951548,-0.011383345703703
13,TrachysalambriaCurvirostris,SSP1-2.6,0.852797187777778,Trachysalambria curvirostris,Invertebrate,7,0.993512637333333,-0.220335637849399,-0.140715449555555
13,TrachysalambriaCurvirostris,SSP5-8.5,0.849342651111111,Trachysalambria curvirostris,Invertebrate,7,0.993512637333333,-0.226191619416241,-0.144169986222222
13,TrichiurusJaponicus,SSP1-2.6,1.2107010845679,Trichiurus japonicus,Predator,3,1.24142898,-0.0361590142595526,-0.0307278954321
13,TrichiurusJaponicus,SSP5-8.5,1.13427404296296,Trichiurus japonicus,Predator,3,1.24142898,-0.130232489283727,-0.10715493703704
14,DecapterusMaruadsi,SSP1-2.6,0.532944384567901,Decapterus maruadsi,Mid-trophic species,10,0.534527203666667,-0.00427838447995888,-0.0015828190987659
14,DecapterusMaruadsi,SSP5-8.5,0.536112692962963,Decapterus maruadsi,Mid-trophic species,10,0.534527203666667,0.00427291982006123,0.00158548929629609
14,EngraulisJaponicus,SSP1-2.6,0.681589560864198,Engraulis japonicus,Prey,1,0.721841594333333,-0.0827790377514385,-0.040252033469135
14,EngraulisJaponicus,SSP5-8.5,0.670878888641975,Engraulis japonicus,Prey,1,0.721841594333333,-0.105629931984267,-0.050962705691358
14,LarimichthysPolyactis,SSP1-2.6,0.86405654345679,Larimichthys polyactis,Mid-trophic species,13,0.866893535666667,-0.00472910028598783,-0.0028369922098771
14,LarimichthysPolyactis,SSP5-8.5,0.869864350987654,Larimichthys polyactis,Mid-trophic species,13,0.866893535666667,0.00493561565969713,0.00297081532098698
14,MiichthysMiiuy,SSP1-2.6,0.574111511604938,Miichthys miiuy,Predator,5,0.601940197,-0.0682891781573716,-0.027828685395062
14,MiichthysMiiuy,SSP5-8.5,0.58840572345679,Miichthys miiuy,Predator,5,0.601940197,-0.032808881933815,-0.01353447354321
14,MuraenesoxCinereus,SSP1-2.6,0.703062739012346,Muraenesox cinereus,Predator,4,0.685328427333333,0.0368579053733223,0.017734311679013
14,MuraenesoxCinereus,SSP5-8.5,0.699023209259259,Muraenesox cinereus,Predator,4,0.685328427333333,0.0285448263150166,0.013694781925926
14,PampusArgenteus,SSP1-2.6,0.436752379753086,Pampus argenteus,Mid-trophic species,12,0.43966114,-0.00957645973578979,-0.002908760246914
14,PampusArgenteus,SSP5-8.5,0.439049687777778,Pampus argenteus,Mid-trophic species,12,0.43966114,-0.00200780325730409,-0.000611452222222031
14,PennahiaArgentata,SSP1-2.6,0.605673234691358,Pennahia argentata,Mid-trophic species,11,0.600180646333333,0.0131428606947746,0.00549258835802502
14,PennahiaArgentata,SSP5-8.5,0.609649131234568,Pennahia argentata,Mid-trophic species,11,0.600180646333333,0.0225823754280218,0.00946848490123497
14,PortunusTrituberculatus,SSP1-2.6,0.989190904567901,Portunus trituberculatus,Invertebrate,8,0.956663725333333,0.0482370790664824,0.0325271792345681
14,PortunusTrituberculatus,SSP5-8.5,0.997830455802469,Portunus trituberculatus,Invertebrate,8,0.956663725333333,0.0607828085857338,0.041166730469136
14,ScomberJaponicus,SSP1-2.6,0.791285426666667,Scomber japonicus,Mid-trophic species,9,0.794062599333333,-0.00505455870455475,-0.00277717266666599
14,ScomberJaponicus,SSP5-8.5,0.78586111345679,Scomber japonicus,Mid-trophic species,9,0.794062599333333,-0.0149783805251918,-0.00820148587654301
14,ScomberomorusNiphonius,SSP1-2.6,0.664234879382716,Scomberomorus niphonius,Predator,2,0.658771106,0.0119162024430959,0.00546377338271598
14,ScomberomorusNiphonius,SSP5-8.5,0.66883330308642,Scomberomorus niphonius,Predator,2,0.658771106,0.021869405848569,0.01006219708642
14,TodarodesPacificus,SSP1-2.6,1.01550813493827,Todarodes pacificus,Invertebrate,6,1.01256907966667,0.00418146153706876,0.00293905527159999
14,TodarodesPacificus,SSP5-8.5,0.988883096790124,Todarodes pacificus,Invertebrate,6,1.01256907966667,-0.0341484506611935,-0.023685982876546
14,TrachurusJaponicus,SSP1-2.6,0.463462590987654,Trachurus japonicus,Mid-trophic species,14,0.474975542,-0.0354003319430289,-0.011512951012346
14,TrachurusJaponicus,SSP5-8.5,0.459568350987654,Trachurus japonicus,Mid-trophic species,14,0.474975542,-0.0475737788233198,-0.015407191012346
14,TrachysalambriaCurvirostris,SSP1-2.6,0.895544378148148,Trachysalambria curvirostris,Invertebrate,7,0.809754325,0.145280657186475,0.085790053148148
14,TrachysalambriaCurvirostris,SSP5-8.5,0.814797298271605,Trachysalambria curvirostris,Invertebrate,7,0.809754325,0.00895692792463303,0.00504297327160497
14,TrichiurusJaponicus,SSP1-2.6,1.19387847493827,Trichiurus japonicus,Predator,3,1.27860163766667,-0.0989108548569335,-0.0847231627284
14,TrichiurusJaponicus,SSP5-8.5,1.13583831259259,Trichiurus japonicus,Predator,3,1.27860163766667,-0.170809366024209,-0.14276332507408
15,DecapterusMaruadsi,SSP1-2.6,0.538757475679012,Decapterus maruadsi,Mid-trophic species,10,0.543171984,-0.0117730865888681,-0.004414508320988
15,DecapterusMaruadsi,SSP5-8.5,0.535318377283951,Decapterus maruadsi,Mid-trophic species,10,0.543171984,-0.0210118887495493,-0.00785360671604896
15,EngraulisJaponicus,SSP1-2.6,0.690414879012346,Engraulis japonicus,Prey,1,0.724932359666667,-0.0703828335878614,-0.034517480654321
15,EngraulisJaponicus,SSP5-8.5,0.670628504444444,Engraulis japonicus,Prey,1,0.724932359666667,-0.112332584858966,-0.054303855222223
15,LarimichthysPolyactis,SSP1-2.6,0.874119057037037,Larimichthys polyactis,Mid-trophic species,13,0.867846394333333,0.0103900780383313,0.00627266270370397
15,LarimichthysPolyactis,SSP5-8.5,0.858974511604938,Larimichthys polyactis,Mid-trophic species,13,0.867846394333333,-0.0148243906370598,-0.00887188272839501
15,MiichthysMiiuy,SSP1-2.6,0.579436123827161,Miichthys miiuy,Predator,5,0.601806484666667,-0.0546500228270117,-0.0223703608395059
15,MiichthysMiiuy,SSP5-8.5,0.586936263703704,Miichthys miiuy,Predator,5,0.601806484666667,-0.0360958048726798,-0.014870220962963
15,MuraenesoxCinereus,SSP1-2.6,0.703361800864198,Muraenesox cinereus,Predator,4,0.681125405666667,0.0463465401863821,0.022236395197531
15,MuraenesoxCinereus,SSP5-8.5,0.698919422962963,Muraenesox cinereus,Predator,4,0.681125405666667,0.0372056946850225,0.017794017296296
15,PampusArgenteus,SSP1-2.6,0.438137148024691,Pampus argenteus,Mid-trophic species,12,0.439913052333333,-0.00583586640430314,-0.001775904308642
15,PampusArgenteus,SSP5-8.5,0.437159790246914,Pampus argenteus,Mid-trophic species,12,0.439913052333333,-0.00905769831877408,-0.00275326208641902
15,PennahiaArgentata,SSP1-2.6,0.615598914197531,Pennahia argentata,Mid-trophic species,11,0.582696429333333,0.0792462169041168,0.032902484864198
15,PennahiaArgentata,SSP5-8.5,0.593656434074074,Pennahia argentata,Mid-trophic species,11,0.582696429333333,0.0268837736082432,0.010960004740741
15,PortunusTrituberculatus,SSP1-2.6,1.00388687962963,Portunus trituberculatus,Invertebrate,8,1.013812913,-0.0141947327306385,-0.0099260333703699
15,PortunusTrituberculatus,SSP5-8.5,0.984907539012346,Portunus trituberculatus,Invertebrate,8,1.013812913,-0.0417312459049807,-0.028905373987654
15,ScomberJaponicus,SSP1-2.6,0.796121182098766,Scomber japonicus,Mid-trophic species,9,0.798315369,-0.00397073757160144,-0.00219418690123396
15,ScomberJaponicus,SSP5-8.5,0.785069377283951,Scomber japonicus,Mid-trophic species,9,0.798315369,-0.0241386339202122,-0.013245991716049
15,ScomberomorusNiphonius,SSP1-2.6,0.665892808148148,Scomberomorus niphonius,Predator,2,0.660467761666667,0.0118018154031157,0.00542504648148101
15,ScomberomorusNiphonius,SSP5-8.5,0.668411959135803,Scomberomorus niphonius,Predator,2,0.660467761666667,0.0172494028576339,0.00794419746913599
15,TodarodesPacificus,SSP1-2.6,1.00663704135802,Todarodes pacificus,Invertebrate,6,1.01688706633333,-0.0146158739829485,-0.0102500249753101
15,TodarodesPacificus,SSP5-8.5,1.01003591296296,Todarodes pacificus,Invertebrate,6,1.01688706633333,-0.00975287441582722,-0.00685115337037012
15,TrachurusJaponicus,SSP1-2.6,0.462572355432099,Trachurus japonicus,Mid-trophic species,14,0.467638166,-0.0157136301240502,-0.00506581056790101
15,TrachurusJaponicus,SSP5-8.5,0.464494770246914,Trachurus japonicus,Mid-trophic species,14,0.467638166,-0.0097303259632749,-0.00314339575308603
15,TrachysalambriaCurvirostris,SSP1-2.6,0.917672275802469,Trachysalambria curvirostris,Invertebrate,7,0.926066654,-0.0131370133611553,-0.00839437819753097
15,TrachysalambriaCurvirostris,SSP5-8.5,0.844624431851852,Trachysalambria curvirostris,Invertebrate,7,0.926066654,-0.132806056188489,-0.081442222148148
15,TrichiurusJaponicus,SSP1-2.6,1.13396177765432,Trichiurus japonicus,Predator,3,1.25848075,-0.150311136574909,-0.12451897234568
15,TrichiurusJaponicus,SSP5-8.5,1.11076274679012,Trichiurus japonicus,Predator,3,1.25848075,-0.180132451493646,-0.14771800320988
16,DecapterusMaruadsi,SSP1-2.6,0.533937554691358,Decapterus maruadsi,Mid-trophic species,10,0.541179087333333,-0.019435065588961,-0.00724153264197502
16,DecapterusMaruadsi,SSP5-8.5,0.531872161728395,Decapterus maruadsi,Mid-trophic species,10,0.541179087333333,-0.0250265625873426,-0.00930692560493796
16,EngraulisJaponicus,SSP1-2.6,0.683371278395062,Engraulis japonicus,Prey,1,0.704238481,-0.043394447496153,-0.020867202604938
16,EngraulisJaponicus,SSP5-8.5,0.66873372691358,Engraulis japonicus,Prey,1,0.704238481,-0.0746321810707202,-0.03550475408642
16,LarimichthysPolyactis,SSP1-2.6,0.879298580617284,Larimichthys polyactis,Mid-trophic species,13,0.849943690666667,0.048985875008264,0.0293548899506171
16,LarimichthysPolyactis,SSP5-8.5,0.877332252098766,Larimichthys polyactis,Mid-trophic species,13,0.849943690666667,0.0457560403333463,0.027388561432099
16,MiichthysMiiuy,SSP1-2.6,0.583228380987654,Miichthys miiuy,Predator,5,0.598560545666667,-0.0374362605868064,-0.0153321646790131
16,MiichthysMiiuy,SSP5-8.5,0.582313373209877,Miichthys miiuy,Predator,5,0.598560545666667,-0.0397014346139208,-0.0162471724567901
16,MuraenesoxCinereus,SSP1-2.6,0.702812721111111,Muraenesox cinereus,Predator,4,0.684093160333333,0.0389474989636905,0.018719560777778
16,MuraenesoxCinereus,SSP5-8.5,0.699634484691358,Muraenesox cinereus,Predator,4,0.684093160333333,0.0324085950362604,0.015541324358025
16,PampusArgenteus,SSP1-2.6,0.434023154567901,Pampus argenteus,Mid-trophic species,12,0.437726883666667,-0.0122589814052644,-0.00370372909876598
16,PampusArgenteus,SSP5-8.5,0.435562968518519,Pampus argenteus,Mid-trophic species,12,0.437726883666667,-0.00714969041425652,-0.00216391514814801
16,PennahiaArgentata,SSP1-2.6,0.601661636296296,Pennahia argentata,Mid-trophic species,11,0.589871970333333,0.028550512756329,0.0117896659629629
16,PennahiaArgentata,SSP5-8.5,0.597826922839506,Pennahia argentata,Mid-trophic species,11,0.589871970333333,0.0193260130425417,0.00795495250617295
16,PortunusTrituberculatus,SSP1-2.6,0.998918104074074,Portunus trituberculatus,Invertebrate,8,1.01889323133333,-0.0285645718791959,-0.0199751272592561
16,PortunusTrituberculatus,SSP5-8.5,1.02440032283951,Portunus trituberculatus,Invertebrate,8,1.01889323133333,0.00777673166686068,0.0055070915061799
16,ScomberJaponicus,SSP1-2.6,0.792114036666667,Scomber japonicus,Mid-trophic species,9,0.798152177,-0.0109556964776121,-0.00603814033333294
16,ScomberJaponicus,SSP5-8.5,0.791234206049383,Scomber japonicus,Mid-trophic species,9,0.798152177,-0.0125590423048663,-0.00691797095061697
16,ScomberomorusNiphonius,SSP1-2.6,0.663278989876543,Scomberomorus niphonius,Predator,2,0.655364922,0.0173173719853726,0.00791406787654303
16,ScomberomorusNiphonius,SSP5-8.5,0.667415102839506,Scomberomorus niphonius,Predator,2,0.655364922,0.0262858778342901,0.012050180839506
16,TodarodesPacificus,SSP1-2.6,1.01152130901235,Todarodes pacificus,Invertebrate,6,0.979695608333333,0.0461212342075333,0.031825700679017
16,TodarodesPacificus,SSP5-8.5,1.01416055246914,Todarodes pacificus,Invertebrate,6,0.979695608333333,0.0498805862299089,0.0344649441358069
16,TrachurusJaponicus,SSP1-2.6,0.466540527901235,Trachurus japonicus,Mid-trophic species,14,0.473494374333333,-0.02134487292001,-0.00695384643209801
16,TrachurusJaponicus,SSP5-8.5,0.465644659753087,Trachurus japonicus,Mid-trophic species,14,0.473494374333333,-0.0241178518294532,-0.00784971458024603
16,TrachysalambriaCurvirostris,SSP1-2.6,0.862316961851852,Trachysalambria curvirostris,Invertebrate,7,0.832556345333333,0.0506703447405697,0.029760616518519
16,TrachysalambriaCurvirostris,SSP5-8.5,0.910579080246914,Trachysalambria curvirostris,Invertebrate,7,0.832556345333333,0.129236401604975,0.078022734913581
16,TrichiurusJaponicus,SSP1-2.6,1.17964783518519,Trichiurus japonicus,Predator,3,1.27756026,-0.115035111298398,-0.09791242481481
16,TrichiurusJaponicus,SSP5-8.5,1.19689111641975,Trichiurus japonicus,Predator,3,1.27756026,-0.0940994284543705,-0.08066914358025
17,DecapterusMaruadsi,SSP1-2.6,0.539641812962963,Decapterus maruadsi,Mid-trophic species,10,0.543588554333333,-0.0105129427139063,-0.00394674137036999
17,DecapterusMaruadsi,SSP5-8.5,0.534673398765432,Decapterus maruadsi,Mid-trophic species,10,0.543588554333333,-0.0238571782769676,-0.00891515556790101
17,EngraulisJaponicus,SSP1-2.6,0.683518268395062,Engraulis japonicus,Prey,1,0.707040085,-0.0488121123857871,-0.023521816604938
17,EngraulisJaponicus,SSP5-8.5,0.672747488765432,Engraulis japonicus,Prey,1,0.707040085,-0.0717269090698167,-0.034292596234568
17,LarimichthysPolyactis,SSP1-2.6,0.867700105679012,Larimichthys polyactis,Mid-trophic species,13,0.844346331666667,0.0393616238410562,0.0233537740123451
17,LarimichthysPolyactis,SSP5-8.5,0.863365044567901,Larimichthys polyactis,Mid-trophic species,13,0.844346331666667,0.0321358019357193,0.019018712901234
17,MiichthysMiiuy,SSP1-2.6,0.580539867160494,Miichthys miiuy,Predator,5,0.579742301333333,0.00198338727613048,0.000797565827160951
17,MiichthysMiiuy,SSP5-8.5,0.58610881308642,Miichthys miiuy,Predator,5,0.579742301333333,0.0157567739519574,0.006366511753087
17,MuraenesoxCinereus,SSP1-2.6,0.700013765925926,Muraenesox cinereus,Predator,4,0.690315546,0.0201273189168742,0.00969821992592601
17,MuraenesoxCinereus,SSP5-8.5,0.701519122222222,Muraenesox cinereus,Predator,4,0.690315546,0.0232264554650829,0.011203576222222
17,PampusArgenteus,SSP1-2.6,0.432874569753086,Pampus argenteus,Mid-trophic species,12,0.438454531666667,-0.0184781924964138,-0.00557996191358096
17,PampusArgenteus,SSP5-8.5,0.434947979753086,Pampus argenteus,Mid-trophic species,12,0.438454531666667,-0.0115843775840987,-0.00350655191358096
17,PennahiaArgentata,SSP1-2.6,0.595566759753086,Pennahia argentata,Mid-trophic species,11,0.602285403333333,-0.0161840596388515,-0.00671864358024699
17,PennahiaArgentata,SSP5-8.5,0.604979791481482,Pennahia argentata,Mid-trophic species,11,0.602285403333333,0.00643965698716545,0.00269438814814893
17,PortunusTrituberculatus,SSP1-2.6,1.0075251991358,Portunus trituberculatus,Invertebrate,8,1.01854399066667,-0.0156923689565842,-0.0110187915308699
17,PortunusTrituberculatus,SSP5-8.5,0.986172851975309,Portunus trituberculatus,Invertebrate,8,1.01854399066667,-0.0465958482705337,-0.032371138691361
17,ScomberJaponicus,SSP1-2.6,0.789512441604938,Scomber japonicus,Mid-trophic species,9,0.796957586333333,-0.0135409456738089,-0.00744514472839497
17,ScomberJaponicus,SSP5-8.5,0.79324308345679,Scomber japonicus,Mid-trophic species,9,0.796957586333333,-0.00673990990918036,-0.00371450287654307
17,ScomberomorusNiphonius,SSP1-2.6,0.662645772716049,Scomberomorus niphonius,Predator,2,0.659716028333333,0.00639270524068997,0.00292974438271598
17,ScomberomorusNiphonius,SSP5-8.5,0.669470031358025,Scomberomorus niphonius,Predator,2,0.659716028333333,0.0211743183678095,0.00975400302469198
17,TodarodesPacificus,SSP1-2.6,1.01294496555556,Todarodes pacificus,Invertebrate,6,0.978968670666667,0.0492211970200134,0.033976294888893
17,TodarodesPacificus,SSP5-8.5,0.986881096049383,Todarodes pacificus,Invertebrate,6,0.978968670666667,0.0116135817676417,0.00791242538271597
17,TrachurusJaponicus,SSP1-2.6,0.467211467777778,Trachurus japonicus,Mid-trophic species,14,0.475343587666667,-0.0248950129477133,-0.00813211988888901
17,TrachurusJaponicus,SSP5-8.5,0.46430916345679,Trachurus japonicus,Mid-trophic species,14,0.475343587666667,-0.0338849450209416,-0.011034424209877
17,TrachysalambriaCurvirostris,SSP1-2.6,0.880355984814815,Trachysalambria curvirostris,Invertebrate,7,0.841225606666667,0.0655942506021749,0.039130378148148
17,TrachysalambriaCurvirostris,SSP5-8.5,0.845769977777778,Trachysalambria curvirostris,Invertebrate,7,0.841225606666667,0.00777258409496853,0.00454437111111095
17,TrichiurusJaponicus,SSP1-2.6,1.19597160839506,Trichiurus japonicus,Predator,3,1.182308199,0.0165769812210171,0.0136634093950601
17,TrichiurusJaponicus,SSP5-8.5,1.11952643518519,Trichiurus japonicus,Predator,3,1.182308199,-0.0787175653566707,-0.06278176381481
18,DecapterusMaruadsi,SSP1-2.6,0.537059257037037,Decapterus maruadsi,Mid-trophic species,10,0.541469615666667,-0.0117991055239013,-0.00441035862962991
18,DecapterusMaruadsi,SSP5-8.5,0.531946885925926,Decapterus maruadsi,Mid-trophic species,10,0.541469615666667,-0.0255981818481322,-0.00952272974074098
18,EngraulisJaponicus,SSP1-2.6,0.681729610246914,Engraulis japonicus,Prey,1,0.716014978666667,-0.0707901218197902,-0.0342853684197529
18,EngraulisJaponicus,SSP5-8.5,0.663819470987654,Engraulis japonicus,Prey,1,0.716014978666667,-0.109198821437608,-0.0521955076790129
18,LarimichthysPolyactis,SSP1-2.6,0.884437731851852,Larimichthys polyactis,Mid-trophic species,13,0.843393537333333,0.0685546079442245,0.041044194518519
18,LarimichthysPolyactis,SSP5-8.5,0.868457121975309,Larimichthys polyactis,Mid-trophic species,13,0.843393537333333,0.0422486542960755,0.025063584641976
18,MiichthysMiiuy,SSP1-2.6,0.576384099382716,Miichthys miiuy,Predator,5,0.582172421333333,-0.0144159610820414,-0.00578832195061707
18,MiichthysMiiuy,SSP5-8.5,0.581900847530864,Miichthys miiuy,Predator,5,0.582172421333333,-0.000673150386054041,-0.000271573802469005
18,MuraenesoxCinereus,SSP1-2.6,0.70405831,Muraenesox cinereus,Predator,4,0.697109205666667,0.0143102383507106,0.00694910433333296
18,MuraenesoxCinereus,SSP5-8.5,0.701653116049383,Muraenesox cinereus,Predator,4,0.697109205666667,0.0093732865598603,0.00454391038271595
18,PampusArgenteus,SSP1-2.6,0.437441041604938,Pampus argenteus,Mid-trophic species,12,0.440980623,-0.0116266808283004,-0.003539581395062
18,PampusArgenteus,SSP5-8.5,0.435481290246914,Pampus argenteus,Mid-trophic species,12,0.440980623,-0.0181045270525746,-0.00549933275308601
18,PennahiaArgentata,SSP1-2.6,0.60254917962963,Pennahia argentata,Mid-trophic species,11,0.583281335,0.0468870892216432,0.0192678446296299
18,PennahiaArgentata,SSP5-8.5,0.605607290493827,Pennahia argentata,Mid-trophic species,11,0.583281335,0.0541906643957442,0.022325955493827
18,PortunusTrituberculatus,SSP1-2.6,1.01567800271605,Portunus trituberculatus,Invertebrate,8,1.01424164666667,0.00204168090679544,0.00143635604937997
18,PortunusTrituberculatus,SSP5-8.5,1.00290015814815,Portunus trituberculatus,Invertebrate,8,1.01424164666667,-0.0162234322122077,-0.0113414885185199
18,ScomberJaponicus,SSP1-2.6,0.790099209382716,Scomber japonicus,Mid-trophic species,9,0.801720478666667,-0.0210655083233685,-0.0116212692839509
18,ScomberJaponicus,SSP5-8.5,0.788002489753086,Scomber japonicus,Mid-trophic species,9,0.801720478666667,-0.0248991380487484,-0.013717988913581
18,ScomberomorusNiphonius,SSP1-2.6,0.665552292345679,Scomberomorus niphonius,Predator,2,0.660731627666667,0.0104876181461004,0.00482066467901199
18,ScomberomorusNiphonius,SSP5-8.5,0.667803945061728,Scomberomorus niphonius,Predator,2,0.660731627666667,0.0153602113871731,0.00707231739506098
18,TodarodesPacificus,SSP1-2.6,1.02025590049383,Todarodes pacificus,Invertebrate,6,1.019642837,0.000867164308375675,0.000613063493830168
18,TodarodesPacificus,SSP5-8.5,1.01163374345679,Todarodes pacificus,Invertebrate,6,1.019642837,-0.0113768253188699,-0.00800909354321
18,TrachurusJaponicus,SSP1-2.6,0.460653325802469,Trachurus japonicus,Mid-trophic species,14,0.480403120333333,-0.0605640927518179,-0.019749794530864
18,TrachurusJaponicus,SSP5-8.5,0.460160232098765,Trachurus japonicus,Mid-trophic species,14,0.480403120333333,-0.0621092131574017,-0.020242888234568
18,TrachysalambriaCurvirostris,SSP1-2.6,0.846790271234568,Trachysalambria curvirostris,Invertebrate,7,0.895602006,-0.0808530652608055,-0.048811734765432
18,TrachysalambriaCurvirostris,SSP5-8.5,0.863652703580247,Trachysalambria curvirostris,Invertebrate,7,0.895602006,-0.0524064744599489,-0.0319493024197529
18,TrichiurusJaponicus,SSP1-2.6,1.15891731802469,Trichiurus japonicus,Predator,3,1.22464979333333,-0.0795916061259077,-0.0657324753086401
18,TrichiurusJaponicus,SSP5-8.5,1.13907941506173,Trichiurus japonicus,Predator,3,1.22464979333333,-0.104500915003875,-0.0855703782716
19,DecapterusMaruadsi,SSP1-2.6,0.53837434617284,Decapterus maruadsi,Mid-trophic species,10,0.543248269,-0.0130020060356948,-0.00487392282716004
19,DecapterusMaruadsi,SSP5-8.5,0.535579689506173,Decapterus maruadsi,Mid-trophic species,10,0.543248269,-0.0205104212576144,-0.00766857949382704
19,EngraulisJaponicus,SSP1-2.6,0.684277971111111,Engraulis japonicus,Prey,1,0.691563389666667,-0.0152789932914089,-0.00728541855555598
19,EngraulisJaponicus,SSP5-8.5,0.662289529259259,Engraulis japonicus,Prey,1,0.691563389666667,-0.0623994473538207,-0.029273860407408
19,LarimichthysPolyactis,SSP1-2.6,0.874722829506173,Larimichthys polyactis,Mid-trophic species,13,0.847725079666667,0.0452294780318899,0.026997749839506
19,LarimichthysPolyactis,SSP5-8.5,0.862912570987654,Larimichthys polyactis,Mid-trophic species,13,0.847725079666667,0.0256179257249791,0.015187491320987
19,MiichthysMiiuy,SSP1-2.6,0.576533397283951,Miichthys miiuy,Predator,5,0.575786249666667,0.00187084602119243,0.000747147617284005
19,MiichthysMiiuy,SSP5-8.5,0.587993139876543,Miichthys miiuy,Predator,5,0.575786249666667,0.0302659868606045,0.012206890209876
19,MuraenesoxCinereus,SSP1-2.6,0.69804825308642,Muraenesox cinereus,Predator,4,0.689996469666667,0.0167377867811647,0.0080517834197531
19,MuraenesoxCinereus,SSP5-8.5,0.694207687530864,Muraenesox cinereus,Predator,4,0.689996469666667,0.0087783609692116,0.00421121786419709
19,PampusArgenteus,SSP1-2.6,0.436576713333333,Pampus argenteus,Mid-trophic species,12,0.43788075,-0.00430284766409194,-0.00130403666666701
19,PampusArgenteus,SSP5-8.5,0.434414941481481,Pampus argenteus,Mid-trophic species,12,0.43788075,-0.0114643030397791,-0.00346580851851896
19,PennahiaArgentata,SSP1-2.6,0.613434598271605,Pennahia argentata,Mid-trophic species,11,0.589199556,0.0581531950075365,0.024235042271605
19,PennahiaArgentata,SSP5-8.5,0.610268912839506,Pennahia argentata,Mid-trophic species,11,0.589199556,0.0506887580408495,0.0210693568395061
19,PortunusTrituberculatus,SSP1-2.6,0.974962121728395,Portunus trituberculatus,Invertebrate,8,0.996521171,-0.0315542855334273,-0.021559049271605
19,PortunusTrituberculatus,SSP5-8.5,1.00641520160494,Portunus trituberculatus,Invertebrate,8,0.996521171,0.0142532585526172,0.00989403060493987
19,ScomberJaponicus,SSP1-2.6,0.79320690308642,Scomber japonicus,Mid-trophic species,9,0.795253164,-0.00371697364831344,-0.00204626091358007
19,ScomberJaponicus,SSP5-8.5,0.790120300864198,Scomber japonicus,Mid-trophic species,9,0.795253164,-0.00934187714150185,-0.00513286313580197
19,ScomberomorusNiphonius,SSP1-2.6,0.665396039506173,Scomberomorus niphonius,Predator,2,0.658502641666667,0.0150240511556343,0.00689339783950593
19,ScomberomorusNiphonius,SSP5-8.5,0.66730125345679,Scomberomorus niphonius,Predator,2,0.658502641666667,0.0191489857606676,0.00879861179012298
19,TodarodesPacificus,SSP1-2.6,0.996583964567901,Todarodes pacificus,Invertebrate,6,1.009472381,-0.0185381735236965,-0.0128884164320989
19,TodarodesPacificus,SSP5-8.5,0.991927321851852,Todarodes pacificus,Invertebrate,6,1.009472381,-0.0252951154430638,-0.017545059148148
19,TrachurusJaponicus,SSP1-2.6,0.461368882839506,Trachurus japonicus,Mid-trophic species,14,0.488174418333333,-0.0814759916484482,-0.026805535493827
19,TrachurusJaponicus,SSP5-8.5,0.460936725308642,Trachurus japonicus,Mid-trophic species,14,0.488174418333333,-0.0828279764282871,-0.027237693024691
19,TrachysalambriaCurvirostris,SSP1-2.6,0.850798912469136,Trachysalambria curvirostris,Invertebrate,7,0.861645397,-0.0182760731228691,-0.010846484530864
19,TrachysalambriaCurvirostris,SSP5-8.5,0.856360035061728,Trachysalambria curvirostris,Invertebrate,7,0.861645397,-0.00887679325310534,-0.005285361938272
19,TrichiurusJaponicus,SSP1-2.6,1.12991993691358,Trichiurus japonicus,Predator,3,1.178134769,-0.0602840303703672,-0.04821483208642
19,TrichiurusJaponicus,SSP5-8.5,1.11529391604938,Trichiurus japonicus,Predator,3,1.178134769,-0.0790806240483275,-0.0628408529506199
20,DecapterusMaruadsi,SSP1-2.6,0.534826225432099,Decapterus maruadsi,Mid-trophic species,10,0.538361179,-0.00950417122892892,-0.00353495356790101
20,DecapterusMaruadsi,SSP5-8.5,0.534980121728395,Decapterus maruadsi,Mid-trophic species,10,0.538361179,-0.00908909531243559,-0.00338105727160498
20,EngraulisJaponicus,SSP1-2.6,0.669672501728395,Engraulis japonicus,Prey,1,0.721487789666667,-0.107519250068013,-0.0518152879382721
20,EngraulisJaponicus,SSP5-8.5,0.657461964320988,Engraulis japonicus,Prey,1,0.721487789666667,-0.134067545394306,-0.064025825345679
20,LarimichthysPolyactis,SSP1-2.6,0.874695791111111,Larimichthys polyactis,Mid-trophic species,13,0.860020517,0.0244102740955337,0.0146752741111109
20,LarimichthysPolyactis,SSP5-8.5,0.861867712962963,Larimichthys polyactis,Mid-trophic species,13,0.860020517,0.0030953710365788,0.00184719596296301
20,MiichthysMiiuy,SSP1-2.6,0.585655842345679,Miichthys miiuy,Predator,5,0.59244283,-0.0166228211381255,-0.00678698765432095
20,MiichthysMiiuy,SSP5-8.5,0.582907047777778,Miichthys miiuy,Predator,5,0.59244283,-0.0234100974403745,-0.00953578222222196
20,MuraenesoxCinereus,SSP1-2.6,0.70302959617284,Muraenesox cinereus,Predator,4,0.689172815,0.0287196308508786,0.01385678117284
20,MuraenesoxCinereus,SSP5-8.5,0.699638656790124,Muraenesox cinereus,Predator,4,0.689172815,0.0217442096116371,0.010465841790124
20,PampusArgenteus,SSP1-2.6,0.434774387160494,Pampus argenteus,Mid-trophic species,12,0.436706332,-0.00639649677568832,-0.00193194483950598
20,PampusArgenteus,SSP5-8.5,0.436126327037037,Pampus argenteus,Mid-trophic species,12,0.436706332,-0.00191736731722577,-0.000580004962962955
20,PennahiaArgentata,SSP1-2.6,0.594553151975309,Pennahia argentata,Mid-trophic species,11,0.581650558,0.0316531139846498,0.012902593975309
20,PennahiaArgentata,SSP5-8.5,0.602787411111111,Pennahia argentata,Mid-trophic species,11,0.581650558,0.0514966112689046,0.021136853111111
20,PortunusTrituberculatus,SSP1-2.6,1.00337593259259,Portunus trituberculatus,Invertebrate,8,0.970201942666667,0.0485052651219412,0.0331739899259229
20,PortunusTrituberculatus,SSP5-8.5,0.998829273209877,Portunus trituberculatus,Invertebrate,8,0.970201942666667,0.0419530354104271,0.02862733054321
20,ScomberJaponicus,SSP1-2.6,0.78972380617284,Scomber japonicus,Mid-trophic species,9,0.791190061,-0.00267612198019934,-0.00146625482716001
20,ScomberJaponicus,SSP5-8.5,0.783801874074074,Scomber japonicus,Mid-trophic species,9,0.791190061,-0.0135352805122125,-0.00738818692592602
20,ScomberomorusNiphonius,SSP1-2.6,0.665502037407407,Scomberomorus niphonius,Predator,2,0.662588811,0.00632924176377209,0.00291322640740699
20,ScomberomorusNiphonius,SSP5-8.5,0.668933414567901,Scomberomorus niphonius,Predator,2,0.662588811,0.0137487714481093,0.00634460356790101
20,TodarodesPacificus,SSP1-2.6,1.02456233975309,Todarodes pacificus,Invertebrate,6,1.02320845566667,0.00190767652940996,0.00135388408642001
20,TodarodesPacificus,SSP5-8.5,1.01996436049383,Todarodes pacificus,Invertebrate,6,1.02320845566667,-0.00458134908022929,-0.00324409517284008
20,TrachurusJaponicus,SSP1-2.6,0.462575223827161,Trachurus japonicus,Mid-trophic species,14,0.47949157,-0.0518174559792207,-0.016916346172839
20,TrachurusJaponicus,SSP5-8.5,0.46115192308642,Trachurus japonicus,Mid-trophic species,14,0.47949157,-0.0562633371081522,-0.01833964691358
20,TrachysalambriaCurvirostris,SSP1-2.6,0.856992690740741,Trachysalambria curvirostris,Invertebrate,7,0.790657968666667,0.116229166596166,0.066334722074074
20,TrachysalambriaCurvirostris,SSP5-8.5,0.835524214320988,Trachysalambria curvirostris,Invertebrate,7,0.790657968666667,0.0796279065255526,0.044866245654321
20,TrichiurusJaponicus,SSP1-2.6,1.18750333777778,Trichiurus japonicus,Predator,3,1.21620461,-0.0344543946488181,-0.02870127222222
20,TrichiurusJaponicus,SSP5-8.5,1.15802420074074,Trichiurus japonicus,Predator,3,1.21620461,-0.0707205596361231,-0.0581804092592599
21,DecapterusMaruadsi,SSP1-2.6,0.536266077037037,Decapterus maruadsi,Mid-trophic species,10,0.539611591666667,-0.0089723452071499,-0.00334551462962995
21,DecapterusMaruadsi,SSP5-8.5,0.534095500246914,Decapterus maruadsi,Mid-trophic species,10,0.539611591666667,-0.0148236102936812,-0.00551609141975296
21,EngraulisJaponicus,SSP1-2.6,0.694672156666667,Engraulis japonicus,Prey,1,0.722150237333333,-0.0559667355482796,-0.0274780806666659
21,EngraulisJaponicus,SSP5-8.5,0.662209548271605,Engraulis japonicus,Prey,1,0.722150237333333,-0.125011196181122,-0.0599406890617279
21,LarimichthysPolyactis,SSP1-2.6,0.88561006617284,Larimichthys polyactis,Mid-trophic species,13,0.849613639,0.0598646942501794,0.03599642717284
21,LarimichthysPolyactis,SSP5-8.5,0.868655966049383,Larimichthys polyactis,Mid-trophic species,13,0.849613639,0.0319779800420476,0.019042327049383
21,MiichthysMiiuy,SSP1-2.6,0.58556090691358,Miichthys miiuy,Predator,5,0.583411506333333,0.0053053998836382,0.00214940058024693
21,MiichthysMiiuy,SSP5-8.5,0.581212735308642,Miichthys miiuy,Predator,5,0.583411506333333,-0.00544752497658613,-0.00219877102469102
21,MuraenesoxCinereus,SSP1-2.6,0.70225247308642,Muraenesox cinereus,Predator,4,0.683545207333333,0.0389530441417852,0.018707265753087
21,MuraenesoxCinereus,SSP5-8.5,0.700149358395062,Muraenesox cinereus,Predator,4,0.683545207333333,0.0346259599322618,0.016604151061729
21,PampusArgenteus,SSP1-2.6,0.435199483333333,Pampus argenteus,Mid-trophic species,12,0.438378332666667,-0.0104996494356903,-0.00317884933333396
21,PampusArgenteus,SSP5-8.5,0.437004916666667,Pampus argenteus,Mid-trophic species,12,0.438378332666667,-0.00452698193522427,-0.00137341599999996
21,PennahiaArgentata,SSP1-2.6,0.625105458518519,Pennahia argentata,Mid-trophic species,11,0.588335765666667,0.0874598582580673,0.0367696928518519
21,PennahiaArgentata,SSP5-8.5,0.623386926296296,Pennahia argentata,Mid-trophic species,11,0.588335765666667,0.0834881568514236,0.035051160629629
21,PortunusTrituberculatus,SSP1-2.6,0.976588641481482,Portunus trituberculatus,Invertebrate,8,0.972745576333333,0.00568848395880788,0.00384306514814892
21,PortunusTrituberculatus,SSP5-8.5,1.00117697716049,Portunus trituberculatus,Invertebrate,8,0.972745576333333,0.0415626011186622,0.0284314008271569
21,ScomberJaponicus,SSP1-2.6,0.795788603333333,Scomber japonicus,Mid-trophic species,9,0.802708861333333,-0.0124915859957261,-0.00692025799999996
21,ScomberJaponicus,SSP5-8.5,0.790820730987654,Scomber japonicus,Mid-trophic species,9,0.802708861333333,-0.0215261328926998,-0.0118881303456789
21,ScomberomorusNiphonius,SSP1-2.6,0.665572986790123,Scomberomorus niphonius,Predator,2,0.656089152,0.0207050135761821,0.00948383479012305
21,ScomberomorusNiphonius,SSP5-8.5,0.669602230740741,Scomberomorus niphonius,Predator,2,0.656089152,0.0294124668540856,0.013513078740741
21,TodarodesPacificus,SSP1-2.6,1.02024555814815,Todarodes pacificus,Invertebrate,6,0.993930149333333,0.0377000576974177,0.026315408814817
21,TodarodesPacificus,SSP5-8.5,1.00331924345679,Todarodes pacificus,Invertebrate,6,0.993930149333333,0.0135643544209453,0.0093890941234569
21,TrachurusJaponicus,SSP1-2.6,0.461126681481482,Trachurus japonicus,Mid-trophic species,14,0.472223994333333,-0.034308204031312,-0.011097312851851
21,TrachurusJaponicus,SSP5-8.5,0.465043120493827,Trachurus japonicus,Mid-trophic species,14,0.472223994333333,-0.0221068543277173,-0.007180873839506
21,TrachysalambriaCurvirostris,SSP1-2.6,0.900222087037037,Trachysalambria curvirostris,Invertebrate,7,0.860563945666667,0.0649985636660488,0.0396581413703699
21,TrachysalambriaCurvirostris,SSP5-8.5,0.84760995617284,Trachysalambria curvirostris,Invertebrate,7,0.860563945666667,-0.0218818642011564,-0.0129539894938271
21,TrichiurusJaponicus,SSP1-2.6,1.1632897808642,Trichiurus japonicus,Predator,3,1.21366613,-0.0611610785342299,-0.0503763491358
21,TrichiurusJaponicus,SSP5-8.5,1.13061399765432,Trichiurus japonicus,Predator,3,1.21366613,-0.10226513850685,-0.0830521323456801
22,DecapterusMaruadsi,SSP1-2.6,0.534410838888889,Decapterus maruadsi,Mid-trophic species,10,0.545857483,-0.0305750607552963,-0.0114466441111111
22,DecapterusMaruadsi,SSP5-8.5,0.533303786790123,Decapterus maruadsi,Mid-trophic species,10,0.545857483,-0.0335667574255762,-0.012553696209877
22,EngraulisJaponicus,SSP1-2.6,0.664959949259259,Engraulis japonicus,Prey,1,0.708436495666667,-0.0913710863130978,-0.0434765464074079
22,EngraulisJaponicus,SSP5-8.5,0.673885630740741,Engraulis japonicus,Prey,1,0.708436495666667,-0.0721347720134627,-0.034550864925926
22,LarimichthysPolyactis,SSP1-2.6,0.877699798641975,Larimichthys polyactis,Mid-trophic species,13,0.818658892333333,0.10046512186332,0.059040906308642
22,LarimichthysPolyactis,SSP5-8.5,0.867808101358025,Larimichthys polyactis,Mid-trophic species,13,0.818658892333333,0.0841135998967316,0.049149209024692
22,MiichthysMiiuy,SSP1-2.6,0.589501660740741,Miichthys miiuy,Predator,5,0.583634854,0.0144298356515312,0.00586680674074092
22,MiichthysMiiuy,SSP5-8.5,0.585150895185185,Miichthys miiuy,Predator,5,0.583634854,0.00374266426128838,0.001516041185185
22,MuraenesoxCinereus,SSP1-2.6,0.702845909753087,Muraenesox cinereus,Predator,4,0.685485504333333,0.036082272696791,0.017360405419754
22,MuraenesoxCinereus,SSP5-8.5,0.696742531481482,Muraenesox cinereus,Predator,4,0.685485504333333,0.0234994746070995,0.011257027148149
22,PampusArgenteus,SSP1-2.6,0.435072679382716,Pampus argenteus,Mid-trophic species,12,0.44055218,-0.0180564804103042,-0.00547950061728403
22,PampusArgenteus,SSP5-8.5,0.436645669506173,Pampus argenteus,Mid-trophic species,12,0.44055218,-0.0128498732155415,-0.00390651049382701
22,PennahiaArgentata,SSP1-2.6,0.597663124691358,Pennahia argentata,Mid-trophic species,11,0.605981811333333,-0.0199419591173581,-0.00831868664197499
22,PennahiaArgentata,SSP5-8.5,0.618072277901235,Pennahia argentata,Mid-trophic species,11,0.605981811333333,0.0285010664234121,0.012090466567902
22,PortunusTrituberculatus,SSP1-2.6,0.985413694567901,Portunus trituberculatus,Invertebrate,8,0.944649652666667,0.0609501529178303,0.0407640419012339
22,PortunusTrituberculatus,SSP5-8.5,0.98528280308642,Portunus trituberculatus,Invertebrate,8,0.944649652666667,0.0607585085000019,0.040633150419753
22,ScomberJaponicus,SSP1-2.6,0.790763591604938,Scomber japonicus,Mid-trophic species,9,0.797572329,-0.0123689097705146,-0.00680873739506194
22,ScomberJaponicus,SSP5-8.5,0.789667325679012,Scomber japonicus,Mid-trophic species,9,0.797572329,-0.0143703609585311,-0.00790500332098798
22,ScomberomorusNiphonius,SSP1-2.6,0.663788860246914,Scomberomorus niphonius,Predator,2,0.656881911,0.0150903805766247,0.00690694924691393
22,ScomberomorusNiphonius,SSP5-8.5,0.668472208518519,Scomberomorus niphonius,Predator,2,0.656881911,0.0252335444305977,0.0115902975185189
22,TodarodesPacificus,SSP1-2.6,1.01612296580247,Todarodes pacificus,Invertebrate,6,1.01343616233333,0.00381978554008192,0.00268680346914008
22,TodarodesPacificus,SSP5-8.5,1.0043881854321,Todarodes pacificus,Invertebrate,6,1.01343616233333,-0.0129382509508209,-0.00904797690122994
22,TrachurusJaponicus,SSP1-2.6,0.46678584,Trachurus japonicus,Mid-trophic species,14,0.470768127666667,-0.0122558517534875,-0.00398228766666697
22,TrachurusJaponicus,SSP5-8.5,0.46333897037037,Trachurus japonicus,Mid-trophic species,14,0.470768127666667,-0.0229486199278982,-0.00742915729629701
22,TrachysalambriaCurvirostris,SSP1-2.6,0.857352961111111,Trachysalambria curvirostris,Invertebrate,7,0.810415114,0.0812281852729361,0.046937847111111
22,TrachysalambriaCurvirostris,SSP5-8.5,0.868868758641975,Trachysalambria curvirostris,Invertebrate,7,0.810415114,0.10047719629361,0.058453644641975
22,TrichiurusJaponicus,SSP1-2.6,1.17861475222222,Trichiurus japonicus,Predator,3,1.26315984333333,-0.0999449838146877,-0.0845450911111101
22,TrichiurusJaponicus,SSP5-8.5,1.14938742037037,Trichiurus japonicus,Predator,3,1.26315984333333,-0.136172048236419,-0.11377242296296
23,DecapterusMaruadsi,SSP1-2.6,0.539019312962963,Decapterus maruadsi,Mid-trophic species,10,0.540415985,-0.00373338346419382,-0.00139667203703697
23,DecapterusMaruadsi,SSP5-8.5,0.532318522716049,Decapterus maruadsi,Mid-trophic species,10,0.540415985,-0.0217805812772541,-0.00809746228395103
23,EngraulisJaponicus,SSP1-2.6,0.671792187407407,Engraulis japonicus,Prey,1,0.693678654,-0.0462524725232749,-0.021886466592593
23,EngraulisJaponicus,SSP5-8.5,0.653491422222222,Engraulis japonicus,Prey,1,0.693678654,-0.0860991911818364,-0.0401872317777779
23,LarimichthysPolyactis,SSP1-2.6,0.871611818271605,Larimichthys polyactis,Mid-trophic species,13,0.85753743,0.0234861144725167,0.014074388271605
23,LarimichthysPolyactis,SSP5-8.5,0.873072860740741,Larimichthys polyactis,Mid-trophic species,13,0.85753743,0.0259024126642021,0.0155354307407409
23,MiichthysMiiuy,SSP1-2.6,0.583380046296296,Miichthys miiuy,Predator,5,0.589752516333333,-0.0156736274123859,-0.006372470037037
23,MiichthysMiiuy,SSP5-8.5,0.578391434197531,Miichthys miiuy,Predator,5,0.589752516333333,-0.0280634825441596,-0.011361082135802
23,MuraenesoxCinereus,SSP1-2.6,0.699742349506173,Muraenesox cinereus,Predator,4,0.691456291333333,0.0171857505378132,0.00828605817284
23,MuraenesoxCinereus,SSP5-8.5,0.70137089037037,Muraenesox cinereus,Predator,4,0.691456291333333,0.0205394964304891,0.00991459903703706
23,PampusArgenteus,SSP1-2.6,0.435745460987654,Pampus argenteus,Mid-trophic species,12,0.434036013,0.00567088489149543,0.00170944798765399
23,PampusArgenteus,SSP5-8.5,0.436690454320988,Pampus argenteus,Mid-trophic species,12,0.434036013,0.00879624391198102,0.00265444132098802
23,PennahiaArgentata,SSP1-2.6,0.606039369135803,Pennahia argentata,Mid-trophic species,11,0.593087438333333,0.0311667005113359,0.01295193080247
23,PennahiaArgentata,SSP5-8.5,0.620485212962963,Pennahia argentata,Mid-trophic species,11,0.593087438333333,0.0651520136602418,0.02739777462963
23,PortunusTrituberculatus,SSP1-2.6,0.990492525679012,Portunus trituberculatus,Invertebrate,8,0.971022496333333,0.0286413685642067,0.019470029345679
23,PortunusTrituberculatus,SSP5-8.5,0.983520615802469,Portunus trituberculatus,Invertebrate,8,0.971022496333333,0.0184505735631825,0.0124981194691359
23,ScomberJaponicus,SSP1-2.6,0.789223112962963,Scomber japonicus,Mid-trophic species,9,0.804945319666667,-0.0284575765331634,-0.0157222067037041
23,ScomberJaponicus,SSP5-8.5,0.785247397407408,Scomber japonicus,Mid-trophic species,9,0.804945319666667,-0.0357435272943797,-0.019697922259259
23,ScomberomorusNiphonius,SSP1-2.6,0.665243935185185,Scomberomorus niphonius,Predator,2,0.658159837666667,0.0154454599370661,0.00708409751851802
23,ScomberomorusNiphonius,SSP5-8.5,0.669084201604938,Scomberomorus niphonius,Predator,2,0.658159837666667,0.0237497869822532,0.010924363938271
23,TodarodesPacificus,SSP1-2.6,1.00861754555556,Todarodes pacificus,Invertebrate,6,0.988172219333333,0.0295448245228015,0.0204453262222269
23,TodarodesPacificus,SSP5-8.5,1.00946918481481,Todarodes pacificus,Invertebrate,6,0.988172219333333,0.0307624687304482,0.0212969654814771
23,TrachurusJaponicus,SSP1-2.6,0.468292074320988,Trachurus japonicus,Mid-trophic species,14,0.479236807,-0.0333300950812129,-0.010944732679012
23,TrachurusJaponicus,SSP5-8.5,0.465298443703704,Trachurus japonicus,Mid-trophic species,14,0.479236807,-0.0425823545354711,-0.013938363296296
23,TrachysalambriaCurvirostris,SSP1-2.6,0.909457055925926,Trachysalambria curvirostris,Invertebrate,7,0.849847793,0.0978010372397391,0.0596092629259259
23,TrachysalambriaCurvirostris,SSP5-8.5,0.868834461358025,Trachysalambria curvirostris,Invertebrate,7,0.849847793,0.0318768482205888,0.018986668358025
23,TrichiurusJaponicus,SSP1-2.6,1.14523256049383,Trichiurus japonicus,Predator,3,1.23460331966667,-0.108406981890332,-0.0893707591728399
23,TrichiurusJaponicus,SSP5-8.5,1.17829080382716,Trichiurus japonicus,Predator,3,1.23460331966667,-0.0673519333952491,-0.0563125158395099
24,DecapterusMaruadsi,SSP1-2.6,0.538271680617284,Decapterus maruadsi,Mid-trophic species,10,0.538912626,-0.00171686280346377,-0.000640945382715974
24,DecapterusMaruadsi,SSP5-8.5,0.532649341358025,Decapterus maruadsi,Mid-trophic species,10,0.538912626,-0.0168653104017077,-0.00626328464197501
24,EngraulisJaponicus,SSP1-2.6,0.685402069753086,Engraulis japonicus,Prey,1,0.722670903333333,-0.0763882602359646,-0.0372688335802469
24,EngraulisJaponicus,SSP5-8.5,0.648844110493827,Engraulis japonicus,Prey,1,0.722670903333333,-0.155466906796069,-0.073826792839506
24,LarimichthysPolyactis,SSP1-2.6,0.869683529012346,Larimichthys polyactis,Mid-trophic species,13,0.872400824666667,-0.00450062264333016,-0.00271729565432099
24,LarimichthysPolyactis,SSP5-8.5,0.869829926172839,Larimichthys polyactis,Mid-trophic species,13,0.872400824666667,-0.0042577886976511,-0.00257089849382797
24,MiichthysMiiuy,SSP1-2.6,0.586453538024691,Miichthys miiuy,Predator,5,0.578916023666667,0.0186627256881427,0.00753751435802408
24,MiichthysMiiuy,SSP5-8.5,0.586031110617284,Miichthys miiuy,Predator,5,0.578916023666667,0.017623165890278,0.00711508695061702
24,MuraenesoxCinereus,SSP1-2.6,0.704250756790124,Muraenesox cinereus,Predator,4,0.687210355,0.0353374335166208,0.017040401790124
24,MuraenesoxCinereus,SSP5-8.5,0.704865147654321,Muraenesox cinereus,Predator,4,0.687210355,0.0365954971099951,0.0176547926543209
24,PampusArgenteus,SSP1-2.6,0.436198777160494,Pampus argenteus,Mid-trophic species,12,0.437347237333333,-0.00379345500555502,-0.00114846017283904
24,PampusArgenteus,SSP5-8.5,0.43573819,Pampus argenteus,Mid-trophic species,12,0.437347237333333,-0.0053176176438476,-0.001609047333333
24,PennahiaArgentata,SSP1-2.6,0.596634654320988,Pennahia argentata,Mid-trophic species,11,0.584592964666667,0.0294153091262299,0.012041689654321
24,PennahiaArgentata,SSP5-8.5,0.605472091851852,Pennahia argentata,Mid-trophic species,11,0.584592964666667,0.0506279960031733,0.020879127185185
24,PortunusTrituberculatus,SSP1-2.6,0.995235131234568,Portunus trituberculatus,Invertebrate,8,1.016826638,-0.0309644127106651,-0.021591506765432
24,PortunusTrituberculatus,SSP5-8.5,1.00776501901235,Portunus trituberculatus,Invertebrate,8,1.016826638,-0.0129144462568219,-0.00906161898765001
24,ScomberJaponicus,SSP1-2.6,0.790386508148148,Scomber japonicus,Mid-trophic species,9,0.800978116666667,-0.019204507230938,-0.0105916085185189
24,ScomberJaponicus,SSP5-8.5,0.791691768395062,Scomber japonicus,Mid-trophic species,9,0.800978116666667,-0.016823976582779,-0.00928634827160502
24,ScomberomorusNiphonius,SSP1-2.6,0.664477688888889,Scomberomorus niphonius,Predator,2,0.656741738333333,0.0168946123787649,0.00773595055555598
24,ScomberomorusNiphonius,SSP5-8.5,0.670841874074074,Scomberomorus niphonius,Predator,2,0.656741738333333,0.0306465983180454,0.014100135740741
24,TodarodesPacificus,SSP1-2.6,1.01215970703704,Todarodes pacificus,Invertebrate,6,1.049519148,-0.0522915396836381,-0.0373594409629598
24,TodarodesPacificus,SSP5-8.5,1.00479182111111,Todarodes pacificus,Invertebrate,6,1.049519148,-0.0628318621660438,-0.0447273268888899
24,TrachurusJaponicus,SSP1-2.6,0.464703452962963,Trachurus japonicus,Mid-trophic species,14,0.456042988333333,0.0271405401043393,0.00866046462962999
24,TrachurusJaponicus,SSP5-8.5,0.461625945061728,Trachurus japonicus,Mid-trophic species,14,0.456042988333333,0.017554486305305,0.00558295672839498
24,TrachysalambriaCurvirostris,SSP1-2.6,0.824683970246914,Trachysalambria curvirostris,Invertebrate,7,0.849959631666667,-0.0435529573916518,-0.025275661419753
24,TrachysalambriaCurvirostris,SSP5-8.5,0.831391863703704,Trachysalambria curvirostris,Invertebrate,7,0.849959631666667,-0.0318656936192035,-0.018567767962963
24,TrichiurusJaponicus,SSP1-2.6,1.15936341407407,Trichiurus japonicus,Predator,3,1.151788339,0.00945724344037881,0.00757507507406996
24,TrichiurusJaponicus,SSP5-8.5,1.12458865851852,Trichiurus japonicus,Predator,3,1.151788339,-0.0344782185276777,-0.02719968048148
25,DecapterusMaruadsi,SSP1-2.6,0.531840772962963,Decapterus maruadsi,Mid-trophic species,10,0.549945227666667,-0.0482935551708806,-0.018104454703704
25,DecapterusMaruadsi,SSP5-8.5,0.535764685555556,Decapterus maruadsi,Mid-trophic species,10,0.549945227666667,-0.0376884487911452,-0.014180542111111
25,EngraulisJaponicus,SSP1-2.6,0.671999055679012,Engraulis japonicus,Prey,1,0.762331546,-0.181959371761783,-0.090332490320988
25,EngraulisJaponicus,SSP5-8.5,0.668027013703704,Engraulis japonicus,Prey,1,0.762331546,-0.190512133792237,-0.094304532296296
25,LarimichthysPolyactis,SSP1-2.6,0.858525690370371,Larimichthys polyactis,Mid-trophic species,13,0.858279572,0.000413644765216935,0.000246118370370918
25,LarimichthysPolyactis,SSP5-8.5,0.877574472716049,Larimichthys polyactis,Mid-trophic species,13,0.858279572,0.0320738995258697,0.019294900716049
25,MiichthysMiiuy,SSP1-2.6,0.580621817407407,Miichthys miiuy,Predator,5,0.562021980333333,0.0469722291339106,0.0185998370740741
25,MiichthysMiiuy,SSP5-8.5,0.584337754444444,Miichthys miiuy,Predator,5,0.562021980333333,0.0561759513007959,0.0223157741111111
25,MuraenesoxCinereus,SSP1-2.6,0.703384695555556,Muraenesox cinereus,Predator,4,0.688102059333333,0.0316913833338465,0.015282636222223
25,MuraenesoxCinereus,SSP5-8.5,0.701054134691358,Muraenesox cinereus,Predator,4,0.688102059333333,0.0269032905880522,0.012952075358025
25,PampusArgenteus,SSP1-2.6,0.4353098,Pampus argenteus,Mid-trophic species,12,0.435944999666667,-0.00210363161681493,-0.000635199666666975
25,PampusArgenteus,SSP5-8.5,0.434664481481481,Pampus argenteus,Mid-trophic species,12,0.435944999666667,-0.00424392016793563,-0.00128051818518599
25,PennahiaArgentata,SSP1-2.6,0.614118570740741,Pennahia argentata,Mid-trophic species,11,0.590343982666667,0.0569613988034,0.0237745880740741
25,PennahiaArgentata,SSP5-8.5,0.599379378271605,Pennahia argentata,Mid-trophic species,11,0.590343982666667,0.0219136170322167,0.00903539560493805
25,PortunusTrituberculatus,SSP1-2.6,0.987484337654321,Portunus trituberculatus,Invertebrate,8,0.966994433,0.0302502818708246,0.020489904654321
25,PortunusTrituberculatus,SSP5-8.5,0.991043510123457,Portunus trituberculatus,Invertebrate,8,0.966994433,0.0354408138266662,0.0240490771234571
25,ScomberJaponicus,SSP1-2.6,0.794874686666667,Scomber japonicus,Mid-trophic species,9,0.795774296666667,-0.00163186603419247,-0.00089960999999994
25,ScomberJaponicus,SSP5-8.5,0.784851952222222,Scomber japonicus,Mid-trophic species,9,0.795774296666667,-0.0199387590732396,-0.010922344444445
25,ScomberomorusNiphonius,SSP1-2.6,0.666102529876543,Scomberomorus niphonius,Predator,2,0.658659941333333,0.0162104509820495,0.00744258854320989
25,ScomberomorusNiphonius,SSP5-8.5,0.667918234567901,Scomberomorus niphonius,Predator,2,0.658659941333333,0.0201376908591682,0.00925829323456795
25,TodarodesPacificus,SSP1-2.6,1.01528892222222,Todarodes pacificus,Invertebrate,6,1.03873892133333,-0.0329427543880452,-0.0234499991111101
25,TodarodesPacificus,SSP5-8.5,1.00440802271605,Todarodes pacificus,Invertebrate,6,1.03873892133333,-0.0484876327135717,-0.0343308986172801
25,TrachurusJaponicus,SSP1-2.6,0.463896609135803,Trachurus japonicus,Mid-trophic species,14,0.476714716,-0.0393228607264575,-0.012818106864197
25,TrachurusJaponicus,SSP5-8.5,0.463339179135803,Trachurus japonicus,Mid-trophic species,14,0.476714716,-0.0410574822837724,-0.013375536864197
25,TrachysalambriaCurvirostris,SSP1-2.6,0.889578233703704,Trachysalambria curvirostris,Invertebrate,7,0.872197868666667,0.0284660234716311,0.017380365037037
25,TrachysalambriaCurvirostris,SSP5-8.5,0.855791727654321,Trachysalambria curvirostris,Invertebrate,7,0.872197868666667,-0.0273957315081322,-0.0164061410123461
25,TrichiurusJaponicus,SSP1-2.6,1.19463451506173,Trichiurus japonicus,Predator,3,1.16954027466667,0.0306277657964143,0.0250942403950598
25,TrichiurusJaponicus,SSP5-8.5,1.16138270469136,Trichiurus japonicus,Predator,3,1.16954027466667,-0.0100980889563171,-0.00815756997531003
26,DecapterusMaruadsi,SSP1-2.6,0.536043203827161,Decapterus maruadsi,Mid-trophic species,10,0.538850924666667,-0.00753691742590618,-0.00280772083950598
26,DecapterusMaruadsi,SSP5-8.5,0.53485974037037,Decapterus maruadsi,Mid-trophic species,10,0.538850924666667,-0.010725586510233,-0.00399118429629697
26,EngraulisJaponicus,SSP1-2.6,0.678275472469136,Engraulis japonicus,Prey,1,0.703331996333333,-0.0523345270247887,-0.025056523864197
26,EngraulisJaponicus,SSP5-8.5,0.665848146296296,Engraulis japonicus,Prey,1,0.703331996333333,-0.079012657643245,-0.037483850037037
26,LarimichthysPolyactis,SSP1-2.6,0.882265682962963,Larimichthys polyactis,Mid-trophic species,13,0.883947392333333,-0.00274734066458917,-0.00168170937036993
26,LarimichthysPolyactis,SSP5-8.5,0.869304320246914,Larimichthys polyactis,Mid-trophic species,13,0.883947392333333,-0.024099196430043,-0.014643072086419
26,MiichthysMiiuy,SSP1-2.6,0.587563736049383,Miichthys miiuy,Predator,5,0.587120703666667,0.00108822528024152,0.000443032382715924
26,MiichthysMiiuy,SSP5-8.5,0.581579836790124,Miichthys miiuy,Predator,5,0.587120703666667,-0.0136798791181054,-0.00554086687654298
26,MuraenesoxCinereus,SSP1-2.6,0.704317950493827,Muraenesox cinereus,Predator,4,0.686124590333333,0.0377562794212143,0.018193360160494
26,MuraenesoxCinereus,SSP5-8.5,0.705908084444444,Muraenesox cinereus,Predator,4,0.686124590333333,0.0410097711031395,0.019783494111111
26,PampusArgenteus,SSP1-2.6,0.435822085925926,Pampus argenteus,Mid-trophic species,12,0.441026948666667,-0.0171275044224485,-0.005204862740741
26,PampusArgenteus,SSP5-8.5,0.435962285925926,Pampus argenteus,Mid-trophic species,12,0.441026948666667,-0.0166634771858814,-0.00506466274074097
26,PennahiaArgentata,SSP1-2.6,0.591668485925926,Pennahia argentata,Mid-trophic species,11,0.578138294333333,0.0333744190035885,0.0135301915925931
26,PennahiaArgentata,SSP5-8.5,0.602099520123457,Pennahia argentata,Mid-trophic species,11,0.578138294333333,0.058587331808317,0.0239612257901241
26,PortunusTrituberculatus,SSP1-2.6,0.995175293333333,Portunus trituberculatus,Invertebrate,8,1.032472798,-0.0530811982090194,-0.0372975046666669
26,PortunusTrituberculatus,SSP5-8.5,0.984301546296296,Portunus trituberculatus,Invertebrate,8,1.032472798,-0.0689315061377249,-0.048171251703704
26,ScomberJaponicus,SSP1-2.6,0.790782916419753,Scomber japonicus,Mid-trophic species,9,0.802267629,-0.0208018822631521,-0.0114847125802471
26,ScomberJaponicus,SSP5-8.5,0.790089033580247,Scomber japonicus,Mid-trophic species,9,0.802267629,-0.0220683496652708,-0.0121785954197531
26,ScomberomorusNiphonius,SSP1-2.6,0.663689580740741,Scomberomorus niphonius,Predator,2,0.656854851,0.0149340204138929,0.00683472974074106
26,ScomberomorusNiphonius,SSP5-8.5,0.667650512962963,Scomberomorus niphonius,Predator,2,0.656854851,0.0235185048169346,0.010795661962963
26,TodarodesPacificus,SSP1-2.6,1.01627988098765,Todarodes pacificus,Invertebrate,6,1.03275463866667,-0.0231997686349749,-0.0164747576790198
26,TodarodesPacificus,SSP5-8.5,0.996483087530864,Todarodes pacificus,Invertebrate,6,1.03275463866667,-0.0515803154065868,-0.0362715511358059
26,TrachurusJaponicus,SSP1-2.6,0.461408733950617,Trachurus japonicus,Mid-trophic species,14,0.479151538666667,-0.0544366886082193,-0.01774280471605
26,TrachurusJaponicus,SSP5-8.5,0.461767340740741,Trachurus japonicus,Mid-trophic species,14,0.479151538666667,-0.0533158617628399,-0.017384197925926
26,TrachysalambriaCurvirostris,SSP1-2.6,0.892027997037037,Trachysalambria curvirostris,Invertebrate,7,0.890463502666667,0.00253251008444765,0.00156449437036998
26,TrachysalambriaCurvirostris,SSP5-8.5,0.851619216296296,Trachysalambria curvirostris,Invertebrate,7,0.890463502666667,-0.064347977210971,-0.038844286370371
26,TrichiurusJaponicus,SSP1-2.6,1.17277992185185,Trichiurus japonicus,Predator,3,1.17351468866667,-0.000903590256612455,-0.000734766814820098
26,TrichiurusJaponicus,SSP5-8.5,1.19071495950617,Trichiurus japonicus,Predator,3,1.17351468866667,0.0209921936130639,0.0172002708394998
27,DecapterusMaruadsi,SSP1-2.6,0.540767757283951,Decapterus maruadsi,Mid-trophic species,10,0.539942776,0.00220261874334588,0.000824981283951032
27,DecapterusMaruadsi,SSP5-8.5,0.539182445185185,Decapterus maruadsi,Mid-trophic species,10,0.539942776,-0.00203299052964588,-0.000760330814814969
27,EngraulisJaponicus,SSP1-2.6,0.686910165061728,Engraulis japonicus,Prey,1,0.705451172666667,-0.0384247971152582,-0.018541007604939
27,EngraulisJaponicus,SSP5-8.5,0.659156926419753,Engraulis japonicus,Prey,1,0.705451172666667,-0.0979242605323227,-0.046294246246914
27,LarimichthysPolyactis,SSP1-2.6,0.876091370493827,Larimichthys polyactis,Mid-trophic species,13,0.85735432,0.0311897890168981,0.018737050493827
27,LarimichthysPolyactis,SSP5-8.5,0.880559377283951,Larimichthys polyactis,Mid-trophic species,13,0.85735432,0.0385287380336787,0.0232050572839509
27,MiichthysMiiuy,SSP1-2.6,0.574718177530864,Miichthys miiuy,Predator,5,0.605073761,-0.0742563432963301,-0.030355583469136
27,MiichthysMiiuy,SSP5-8.5,0.586889630617284,Miichthys miiuy,Predator,5,0.605073761,-0.0440218053427524,-0.0181841303827159
27,MuraenesoxCinereus,SSP1-2.6,0.70448488691358,Muraenesox cinereus,Predator,4,0.689005525,0.0320532055326268,0.01547936191358
27,MuraenesoxCinereus,SSP5-8.5,0.699209380123457,Muraenesox cinereus,Predator,4,0.689005525,0.0212089875319224,0.010203855123457
27,PampusArgenteus,SSP1-2.6,0.43516174308642,Pampus argenteus,Mid-trophic species,12,0.443001338666667,-0.025759329613545,-0.007839595580247
27,PampusArgenteus,SSP5-8.5,0.434303226790123,Pampus argenteus,Mid-trophic species,12,0.443001338666667,-0.0286083865592041,-0.00869811187654401
27,PennahiaArgentata,SSP1-2.6,0.603273784444444,Pennahia argentata,Mid-trophic species,11,0.594496763333333,0.0211439353008924,0.008777021111111
27,PennahiaArgentata,SSP5-8.5,0.601944025925926,Pennahia argentata,Mid-trophic species,11,0.594496763333333,0.0179603832786659,0.00744726259259299
27,PortunusTrituberculatus,SSP1-2.6,1.04259749222222,Portunus trituberculatus,Invertebrate,8,0.984958150666667,0.0820479617863839,0.0576393415555531
27,PortunusTrituberculatus,SSP5-8.5,0.997659199135802,Portunus trituberculatus,Invertebrate,8,0.984958150666667,0.0184846463830239,0.012701048469135
27,ScomberJaponicus,SSP1-2.6,0.794264838024691,Scomber japonicus,Mid-trophic species,9,0.804948111333333,-0.0192756501985355,-0.0106832733086421
27,ScomberJaponicus,SSP5-8.5,0.78819826962963,Scomber japonicus,Mid-trophic species,9,0.804948111333333,-0.0303372047749718,-0.016749841703703
27,ScomberomorusNiphonius,SSP1-2.6,0.666024760493827,Scomberomorus niphonius,Predator,2,0.658303888333333,0.0168220935039755,0.007720872160494
27,ScomberomorusNiphonius,SSP5-8.5,0.667089968888889,Scomberomorus niphonius,Predator,2,0.658303888333333,0.0191276282974241,0.00878608055555608
27,TodarodesPacificus,SSP1-2.6,0.991885054814815,Todarodes pacificus,Invertebrate,6,0.979426642666667,0.01823550151466,0.012458412148148
27,TodarodesPacificus,SSP5-8.5,0.997689449135802,Todarodes pacificus,Invertebrate,6,0.979426642666667,0.0266533764355556,0.018262806469135
27,TrachurusJaponicus,SSP1-2.6,0.461975990987654,Trachurus japonicus,Mid-trophic species,14,0.480772922333333,-0.0575377677917668,-0.018796931345679
27,TrachurusJaponicus,SSP5-8.5,0.458790037901235,Trachurus japonicus,Mid-trophic species,14,0.480772922333333,-0.0675215789170845,-0.021982884432098
27,TrachysalambriaCurvirostris,SSP1-2.6,0.890079575432099,Trachysalambria curvirostris,Invertebrate,7,0.925358664666667,-0.0560783332993678,-0.035279089234568
27,TrachysalambriaCurvirostris,SSP5-8.5,0.825778229135803,Trachysalambria curvirostris,Invertebrate,7,0.925358664666667,-0.164258272116896,-0.0995804355308641
27,TrichiurusJaponicus,SSP1-2.6,1.17316476123457,Trichiurus japonicus,Predator,3,1.22600429933333,-0.0635583961422849,-0.0528395380987601
27,TrichiurusJaponicus,SSP5-8.5,1.14472383987654,Trichiurus japonicus,Predator,3,1.22600429933333,-0.0989644424646559,-0.08128045945679
28,DecapterusMaruadsi,SSP1-2.6,0.537435355185185,Decapterus maruadsi,Mid-trophic species,10,0.546955669,-0.0253326745149841,-0.009520313814815
28,DecapterusMaruadsi,SSP5-8.5,0.534816082839506,Decapterus maruadsi,Mid-trophic species,10,0.546955669,-0.0323810562771952,-0.012139586160494
28,EngraulisJaponicus,SSP1-2.6,0.68477062691358,Engraulis japonicus,Prey,1,0.689821165,-0.0106015750748944,-0.00505053808641998
28,EngraulisJaponicus,SSP5-8.5,0.660869953703704,Engraulis japonicus,Prey,1,0.689821165,-0.0618559885908085,-0.028951211296296
28,LarimichthysPolyactis,SSP1-2.6,0.854632631481482,Larimichthys polyactis,Mid-trophic species,13,0.852203366666667,0.00410665192388542,0.00242926481481509
28,LarimichthysPolyactis,SSP5-8.5,0.892437547901235,Larimichthys polyactis,Mid-trophic species,13,0.852203366666667,0.0665534630185054,0.040234181234568
28,MiichthysMiiuy,SSP1-2.6,0.58307225345679,Miichthys miiuy,Predator,5,0.581759572333333,0.00325162707068467,0.00131268112345706
28,MiichthysMiiuy,SSP5-8.5,0.583691065555556,Miichthys miiuy,Predator,5,0.581759572333333,0.00478194125744727,0.00193149322222308
28,MuraenesoxCinereus,SSP1-2.6,0.703483572716049,Muraenesox cinereus,Predator,4,0.686539756,0.0351734689202142,0.0169438167160491
28,MuraenesoxCinereus,SSP5-8.5,0.702986939012346,Muraenesox cinereus,Predator,4,0.686539756,0.0341546192461196,0.016447183012346
28,PampusArgenteus,SSP1-2.6,0.437323349753086,Pampus argenteus,Mid-trophic species,12,0.439793357666667,-0.00812543543499712,-0.00247000791358099
28,PampusArgenteus,SSP5-8.5,0.435770710740741,Pampus argenteus,Mid-trophic species,12,0.439793357666667,-0.0132565823892953,-0.00402264692592602
28,PennahiaArgentata,SSP1-2.6,0.614120014567901,Pennahia argentata,Mid-trophic species,11,0.573868956,0.0977992896888896,0.040251058567901
28,PennahiaArgentata,SSP5-8.5,0.600896429259259,Pennahia argentata,Mid-trophic species,11,0.573868956,0.0663950163662159,0.027027473259259
28,PortunusTrituberculatus,SSP1-2.6,1.00498576283951,Portunus trituberculatus,Invertebrate,8,1.014895552,-0.014156196488388,-0.00990978916049001
28,PortunusTrituberculatus,SSP5-8.5,0.998870218765432,Portunus trituberculatus,Invertebrate,8,1.014895552,-0.0229621112659683,-0.016025333234568
28,ScomberJaponicus,SSP1-2.6,0.790385209753087,Scomber japonicus,Mid-trophic species,9,0.799495656666667,-0.0165342457085684,-0.00911044691357998
28,ScomberJaponicus,SSP5-8.5,0.790794398024691,Scomber japonicus,Mid-trophic species,9,0.799495656666667,-0.0157875450801168,-0.00870125864197602
28,ScomberomorusNiphonius,SSP1-2.6,0.665643129135803,Scomberomorus niphonius,Predator,2,0.656850068,0.0191848134426519,0.00879306113580303
28,ScomberomorusNiphonius,SSP5-8.5,0.666593662962963,Scomberomorus niphonius,Predator,2,0.656850068,0.0212435025277639,0.00974359496296295
28,TodarodesPacificus,SSP1-2.6,1.01177593962963,Todarodes pacificus,Invertebrate,6,1.00154309266667,0.01466534061801,0.01023284696296
28,TodarodesPacificus,SSP5-8.5,1.00601218271605,Todarodes pacificus,Invertebrate,6,1.00154309266667,0.00642327987802577,0.00446909004938001
28,TrachurusJaponicus,SSP1-2.6,0.462766604197531,Trachurus japonicus,Mid-trophic species,14,0.477908911666667,-0.0464509147356661,-0.015142307469136
28,TrachurusJaponicus,SSP5-8.5,0.460985242469136,Trachurus japonicus,Mid-trophic species,14,0.477908911666667,-0.0520151037037801,-0.016923669197531
28,TrachysalambriaCurvirostris,SSP1-2.6,0.84845824962963,Trachysalambria curvirostris,Invertebrate,7,0.847939330666667,0.000882625448816971,0.000518918962962967
28,TrachysalambriaCurvirostris,SSP5-8.5,0.873826248888889,Trachysalambria curvirostris,Invertebrate,7,0.847939330666667,0.0433853987002821,0.025886918222222
28,TrichiurusJaponicus,SSP1-2.6,1.19872223666667,Trichiurus japonicus,Predator,3,1.24889321,-0.0591527189704162,-0.05017097333333
28,TrichiurusJaponicus,SSP5-8.5,1.09197398987654,Trichiurus japonicus,Predator,3,1.24889321,-0.193711628076769,-0.15691922012346
29,DecapterusMaruadsi,SSP1-2.6,0.533573990123457,Decapterus maruadsi,Mid-trophic species,10,0.537058787666667,-0.00939167563865371,-0.00348479754321007
29,DecapterusMaruadsi,SSP5-8.5,0.535443767901235,Decapterus maruadsi,Mid-trophic species,10,0.537058787666667,-0.00434494585687928,-0.00161501976543199
29,EngraulisJaponicus,SSP1-2.6,0.681672135432099,Engraulis japonicus,Prey,1,0.721511368333333,-0.0819441148909778,-0.0398392329012339
29,EngraulisJaponicus,SSP5-8.5,0.663474895925926,Engraulis japonicus,Prey,1,0.721511368333333,-0.120980247402358,-0.058036472407407
29,LarimichthysPolyactis,SSP1-2.6,0.865160709012346,Larimichthys polyactis,Mid-trophic species,13,0.878093464666667,-0.0214063617791384,-0.0129327556543211
29,LarimichthysPolyactis,SSP5-8.5,0.854496822839506,Larimichthys polyactis,Mid-trophic species,13,0.878093464666667,-0.0392993813156554,-0.023596641827161
29,MiichthysMiiuy,SSP1-2.6,0.581094183580247,Miichthys miiuy,Predator,5,0.587954588666667,-0.0169327170078952,-0.00686040508642005
29,MiichthysMiiuy,SSP5-8.5,0.579083729382716,Miichthys miiuy,Predator,5,0.587954588666667,-0.0219327694508433,-0.00887085928395104
29,MuraenesoxCinereus,SSP1-2.6,0.701955473827161,Muraenesox cinereus,Predator,4,0.692496962333333,0.0195717782145345,0.00945851149382793
29,MuraenesoxCinereus,SSP5-8.5,0.699197021728395,Muraenesox cinereus,Predator,4,0.692496962333333,0.0138912968716059,0.00670005939506202
29,PampusArgenteus,SSP1-2.6,0.436641111358025,Pampus argenteus,Mid-trophic species,12,0.437227971333333,-0.00193772756153975,-0.000586859975307996
29,PampusArgenteus,SSP5-8.5,0.436411249382716,Pampus argenteus,Mid-trophic species,12,0.437227971333333,-0.00269740877756308,-0.000816721950616994
29,PennahiaArgentata,SSP1-2.6,0.606673502592593,Pennahia argentata,Mid-trophic species,11,0.597196295666667,0.0227150841556529,0.00947720692592602
29,PennahiaArgentata,SSP5-8.5,0.601530389382716,Pennahia argentata,Mid-trophic species,11,0.597196295666667,0.0104324077129669,0.00433409371604898
29,PortunusTrituberculatus,SSP1-2.6,0.977057183209877,Portunus trituberculatus,Invertebrate,8,0.981206045666667,-0.0061131232606283,-0.00414886245679003
29,PortunusTrituberculatus,SSP5-8.5,0.988087469876543,Portunus trituberculatus,Invertebrate,8,0.981206045666667,0.0100826381763622,0.00688142420987592
29,ScomberJaponicus,SSP1-2.6,0.791861741358025,Scomber japonicus,Mid-trophic species,9,0.797108247666667,-0.00952709766987658,-0.00524650630864199
29,ScomberJaponicus,SSP5-8.5,0.789719122469136,Scomber japonicus,Mid-trophic species,9,0.797108247666667,-0.0134360315818576,-0.00738912519753099
29,ScomberomorusNiphonius,SSP1-2.6,0.663533199382716,Scomberomorus niphonius,Predator,2,0.658046083333333,0.0119800313238618,0.00548711604938301
29,ScomberomorusNiphonius,SSP5-8.5,0.66841717617284,Scomberomorus niphonius,Predator,2,0.658046083333333,0.022560186265768,0.010371092839507
29,TodarodesPacificus,SSP1-2.6,1.02084070259259,Todarodes pacificus,Invertebrate,6,1.00948104766667,0.0161439326923959,0.0113596549259201
29,TodarodesPacificus,SSP5-8.5,1.01851072679012,Todarodes pacificus,Invertebrate,6,1.00948104766667,0.0128473493279228,0.00902967912344987
29,TrachurusJaponicus,SSP1-2.6,0.464930618395062,Trachurus japonicus,Mid-trophic species,14,0.477371033333333,-0.038095588092947,-0.012440414938271
29,TrachurusJaponicus,SSP5-8.5,0.462364842962963,Trachurus japonicus,Mid-trophic species,14,0.477371033333333,-0.0460793237904993,-0.01500619037037
29,TrachysalambriaCurvirostris,SSP1-2.6,0.854719510123457,Trachysalambria curvirostris,Invertebrate,7,0.826998460666667,0.047566410176194,0.02772104945679
29,TrachysalambriaCurvirostris,SSP5-8.5,0.860508785679012,Trachysalambria curvirostris,Invertebrate,7,0.826998460666667,0.0573052780240059,0.033510325012345
29,TrichiurusJaponicus,SSP1-2.6,1.19392187197531,Trichiurus japonicus,Predator,3,1.36770110333333,-0.196044546454611,-0.17377923135802
29,TrichiurusJaponicus,SSP5-8.5,1.16182023777778,Trichiurus japonicus,Predator,3,1.36770110333333,-0.235366113334879,-0.20588086555555
30,DecapterusMaruadsi,SSP1-2.6,0.531709091975309,Decapterus maruadsi,Mid-trophic species,10,0.549250949666667,-0.0468283230632633,-0.017541857691358
30,DecapterusMaruadsi,SSP5-8.5,0.534668890987654,Decapterus maruadsi,Mid-trophic species,10,0.549250949666667,-0.0388197212529544,-0.014582058679013
30,EngraulisJaponicus,SSP1-2.6,0.681406981975309,Engraulis japonicus,Prey,1,0.701561912333333,-0.0420536963064254,-0.020154930358024
30,EngraulisJaponicus,SSP5-8.5,0.668158526296296,Engraulis japonicus,Prey,1,0.701561912333333,-0.0703799912741675,-0.033403386037037
30,LarimichthysPolyactis,SSP1-2.6,0.865875543580247,Larimichthys polyactis,Mid-trophic species,13,0.852391257666667,0.0226438778543166,0.01348428591358
30,LarimichthysPolyactis,SSP5-8.5,0.877099584567901,Larimichthys polyactis,Mid-trophic species,13,0.852391257666667,0.0412248568319946,0.024708326901234
30,MiichthysMiiuy,SSP1-2.6,0.579723886666667,Miichthys miiuy,Predator,5,0.589671823666667,-0.0245463284447257,-0.00994793700000007
30,MiichthysMiiuy,SSP5-8.5,0.57949039037037,Miichthys miiuy,Predator,5,0.589671823666667,-0.0251275220341463,-0.0101814332962971
30,MuraenesoxCinereus,SSP1-2.6,0.699286877654321,Muraenesox cinereus,Predator,4,0.688825435,0.0217460173145805,0.0104614426543209
30,MuraenesoxCinereus,SSP5-8.5,0.695945907901235,Muraenesox cinereus,Predator,4,0.688825435,0.0148367620892584,0.00712047290123496
30,PampusArgenteus,SSP1-2.6,0.436076659506173,Pampus argenteus,Mid-trophic species,12,0.439361575,-0.0108269283842681,-0.00328491549382698
30,PampusArgenteus,SSP5-8.5,0.435879707777778,Pampus argenteus,Mid-trophic species,12,0.439361575,-0.0114786611941729,-0.00348186722222199
30,PennahiaArgentata,SSP1-2.6,0.613109778641975,Pennahia argentata,Mid-trophic species,11,0.591498168666667,0.0517717128820533,0.021611609975308
30,PennahiaArgentata,SSP5-8.5,0.62181853962963,Pennahia argentata,Mid-trophic species,11,0.591498168666667,0.0721199296738088,0.0303203709629629
30,PortunusTrituberculatus,SSP1-2.6,1.01330943234568,Portunus trituberculatus,Invertebrate,8,1.03296650566667,-0.0277186806054576,-0.01965707332099
30,PortunusTrituberculatus,SSP5-8.5,0.987010061851852,Portunus trituberculatus,Invertebrate,8,1.03296650566667,-0.0656567779248168,-0.0459564438148179
30,ScomberJaponicus,SSP1-2.6,0.793701497160494,Scomber japonicus,Mid-trophic species,9,0.801422477666667,-0.0139664470681372,-0.00772098050617298
30,ScomberJaponicus,SSP5-8.5,0.79166259691358,Scomber japonicus,Mid-trophic species,9,0.801422477666667,-0.017677282841237,-0.00975988075308698
30,ScomberomorusNiphonius,SSP1-2.6,0.664078312345679,Scomberomorus niphonius,Predator,2,0.656636205,0.0162590853063545,0.00744210734567907
30,ScomberomorusNiphonius,SSP5-8.5,0.667369689012346,Scomberomorus niphonius,Predator,2,0.656636205,0.0233918647500359,0.010733484012346
30,TodarodesPacificus,SSP1-2.6,1.01001722765432,Todarodes pacificus,Invertebrate,6,1.05474943466667,-0.0625204133528882,-0.0447322070123499
30,TodarodesPacificus,SSP5-8.5,1.01468529481481,Todarodes pacificus,Invertebrate,6,1.05474943466667,-0.0558679701410387,-0.04006413985186
30,TrachurusJaponicus,SSP1-2.6,0.465001510864198,Trachurus japonicus,Mid-trophic species,14,0.474348967666667,-0.0287134036332669,-0.00934745680246901
30,TrachurusJaponicus,SSP5-8.5,0.463857892469136,Trachurus japonicus,Mid-trophic species,14,0.474348967666667,-0.0322659185025358,-0.010491075197531
30,TrachysalambriaCurvirostris,SSP1-2.6,0.886996486666667,Trachysalambria curvirostris,Invertebrate,7,0.836691031,0.08423342007504,0.050305455666667
30,TrachysalambriaCurvirostris,SSP5-8.5,0.89210005345679,Trachysalambria curvirostris,Invertebrate,7,0.836691031,0.0925105545975136,0.05540902245679
30,TrichiurusJaponicus,SSP1-2.6,1.18587159111111,Trichiurus japonicus,Predator,3,1.34252854333333,-0.179004961476048,-0.15665695222222
30,TrichiurusJaponicus,SSP5-8.5,1.15109011592593,Trichiurus japonicus,Predator,3,1.34252854333333,-0.221951978670172,-0.1914384274074
31,DecapterusMaruadsi,SSP1-2.6,0.533628384320988,Decapterus maruadsi,Mid-trophic species,10,0.542444315666667,-0.0236396388559273,-0.00881593134567893
31,DecapterusMaruadsi,SSP5-8.5,0.535146621728395,Decapterus maruadsi,Mid-trophic species,10,0.542444315666667,-0.0195408247191981,-0.00729769393827195
31,EngraulisJaponicus,SSP1-2.6,0.669944409012346,Engraulis japonicus,Prey,1,0.697257506,-0.0576501721421712,-0.0273130969876541
31,EngraulisJaponicus,SSP5-8.5,0.656181789135803,Engraulis japonicus,Prey,1,0.697257506,-0.0875960043727446,-0.041075716864197
31,LarimichthysPolyactis,SSP1-2.6,0.878354333827161,Larimichthys polyactis,Mid-trophic species,13,0.8434119,0.0585656724447667,0.034942433827161
31,LarimichthysPolyactis,SSP5-8.5,0.862668399506173,Larimichthys polyactis,Mid-trophic species,13,0.8434119,0.032568732176156,0.019256499506173
31,MiichthysMiiuy,SSP1-2.6,0.58936309691358,Miichthys miiuy,Predator,5,0.589254980666667,0.000264680776012985,0.000108116246912982
31,MiichthysMiiuy,SSP5-8.5,0.58985160654321,Miichthys miiuy,Predator,5,0.589254980666667,0.00146000247331624,0.000596625876542967
31,MuraenesoxCinereus,SSP1-2.6,0.698013043950617,Muraenesox cinereus,Predator,4,0.683304659333333,0.030725032375078,0.0147083846172841
31,MuraenesoxCinereus,SSP5-8.5,0.699398357777778,Muraenesox cinereus,Predator,4,0.683304659333333,0.0335854441918973,0.0160936984444451
31,PampusArgenteus,SSP1-2.6,0.434215770740741,Pampus argenteus,Mid-trophic species,12,0.436432837666667,-0.00734752997268116,-0.00221706692592599
31,PampusArgenteus,SSP5-8.5,0.435979478641975,Pampus argenteus,Mid-trophic species,12,0.436432837666667,-0.00149942604732741,-0.000453359024692013
31,PennahiaArgentata,SSP1-2.6,0.601190055679012,Pennahia argentata,Mid-trophic species,11,0.594899851666667,0.0151743271819687,0.00629020401234492
31,PennahiaArgentata,SSP5-8.5,0.609015760246914,Pennahia argentata,Mid-trophic species,11,0.594899851666667,0.0338327444377175,0.0141159085802469
31,PortunusTrituberculatus,SSP1-2.6,0.990050090987654,Portunus trituberculatus,Invertebrate,8,1.00662849,-0.0239579108167545,-0.016578399012346
31,PortunusTrituberculatus,SSP5-8.5,0.992312587037037,Portunus trituberculatus,Invertebrate,8,1.00662849,-0.0206647765341895,-0.014315902962963
31,ScomberJaponicus,SSP1-2.6,0.791937199012346,Scomber japonicus,Mid-trophic species,9,0.795597513,-0.00665273792843796,-0.00366031398765398
31,ScomberJaponicus,SSP5-8.5,0.78879554,Scomber japonicus,Mid-trophic species,9,0.795597513,-0.0123873719158528,-0.00680197300000007
31,ScomberomorusNiphonius,SSP1-2.6,0.664896512098765,Scomberomorus niphonius,Predator,2,0.6585947,0.0137389076547802,0.00630181209876501
31,ScomberomorusNiphonius,SSP5-8.5,0.669373407777778,Scomberomorus niphonius,Predator,2,0.6585947,0.0234203361823042,0.010778707777778
31,TodarodesPacificus,SSP1-2.6,1.00544032407407,Todarodes pacificus,Invertebrate,6,1.00211709633333,0.00477636007997564,0.00332322774074001
31,TodarodesPacificus,SSP5-8.5,0.998039112592593,Todarodes pacificus,Invertebrate,6,1.00211709633333,-0.0058828355958501,-0.00407798374073687
31,TrachurusJaponicus,SSP1-2.6,0.465050967777778,Trachurus japonicus,Mid-trophic species,14,0.47566906,-0.0325693492793855,-0.010618092222222
31,TrachurusJaponicus,SSP5-8.5,0.463174340740741,Trachurus japonicus,Mid-trophic species,14,0.47566906,-0.0384028558296895,-0.012494719259259
31,TrachysalambriaCurvirostris,SSP1-2.6,0.847803565185185,Trachysalambria curvirostris,Invertebrate,7,0.905285892333333,-0.0946434388746893,-0.057482327148148
31,TrachysalambriaCurvirostris,SSP5-8.5,0.826392154074074,Trachysalambria curvirostris,Invertebrate,7,0.905285892333333,-0.131546915060398,-0.0788937382592591
31,TrichiurusJaponicus,SSP1-2.6,1.23524943246914,Trichiurus japonicus,Predator,3,1.155469088,0.0963237287129406,0.0797803444691401
31,TrichiurusJaponicus,SSP5-8.5,1.14577342419753,Trichiurus japonicus,Predator,3,1.155469088,-0.0121568837533986,-0.00969566380247011
32,DecapterusMaruadsi,SSP1-2.6,0.535521928271605,Decapterus maruadsi,Mid-trophic species,10,0.543200264666667,-0.0205385316092113,-0.00767833639506199
32,DecapterusMaruadsi,SSP5-8.5,0.535889018641975,Decapterus maruadsi,Mid-trophic species,10,0.543200264666667,-0.0195499296556101,-0.00731124602469202
32,EngraulisJaponicus,SSP1-2.6,0.682882028024691,Engraulis japonicus,Prey,1,0.704840714666667,-0.0456608972080007,-0.021958686641976
32,EngraulisJaponicus,SSP5-8.5,0.652908518395062,Engraulis japonicus,Prey,1,0.704840714666667,-0.110416398807236,-0.051932196271605
32,LarimichthysPolyactis,SSP1-2.6,0.88186508308642,Larimichthys polyactis,Mid-trophic species,13,0.860775024,0.0349217364596322,0.0210900590864199
32,LarimichthysPolyactis,SSP5-8.5,0.872424809135802,Larimichthys polyactis,Mid-trophic species,13,0.860775024,0.0193945787884808,0.011649785135802
32,MiichthysMiiuy,SSP1-2.6,0.573750949012346,Miichthys miiuy,Predator,5,0.583280171333333,-0.0237643956086791,-0.00952922232098696
32,MiichthysMiiuy,SSP5-8.5,0.58109205654321,Miichthys miiuy,Predator,5,0.583280171333333,-0.00542229709206851,-0.00218811479012304
32,MuraenesoxCinereus,SSP1-2.6,0.702854987037037,Muraenesox cinereus,Predator,4,0.689585754333333,0.0274970922054417,0.0132692327037039
32,MuraenesoxCinereus,SSP5-8.5,0.699258000987654,Muraenesox cinereus,Predator,4,0.689585754333333,0.0200948851590985,0.00967224665432098
32,PampusArgenteus,SSP1-2.6,0.437275946049383,Pampus argenteus,Mid-trophic species,12,0.435492755,0.00589527204752935,0.00178319104938302
32,PampusArgenteus,SSP5-8.5,0.436411935185185,Pampus argenteus,Mid-trophic species,12,0.435492755,0.00304183978144453,0.000919180185184998
32,PennahiaArgentata,SSP1-2.6,0.611185539012346,Pennahia argentata,Mid-trophic species,11,0.588966148666667,0.0534256925087334,0.022219390345679
32,PennahiaArgentata,SSP5-8.5,0.604409691234568,Pennahia argentata,Mid-trophic species,11,0.588966148666667,0.0373420768630771,0.015443542567901
32,PortunusTrituberculatus,SSP1-2.6,0.999630617283951,Portunus trituberculatus,Invertebrate,8,1.034371301,-0.0492871577886819,-0.034740683716049
32,PortunusTrituberculatus,SSP5-8.5,1.00741084283951,Portunus trituberculatus,Invertebrate,8,1.034371301,-0.0381019886998219,-0.0269604581604899
32,ScomberJaponicus,SSP1-2.6,0.792840931111111,Scomber japonicus,Mid-trophic species,9,0.797960575333333,-0.00928602443583251,-0.005119644222222
32,ScomberJaponicus,SSP5-8.5,0.787187372098765,Scomber japonicus,Mid-trophic species,9,0.797960575333333,-0.0196103918449544,-0.010773203234568
32,ScomberomorusNiphonius,SSP1-2.6,0.666829543950617,Scomberomorus niphonius,Predator,2,0.657264673333333,0.0208435793414939,0.00956487061728395
32,ScomberomorusNiphonius,SSP5-8.5,0.66676244654321,Scomberomorus niphonius,Predator,2,0.657264673333333,0.0206984058586081,0.00949777320987699
32,TodarodesPacificus,SSP1-2.6,1.02797678012346,Todarodes pacificus,Invertebrate,6,1.01199187366667,0.0226099722100654,0.0159849064567901
32,TodarodesPacificus,SSP5-8.5,0.996755701481482,Todarodes pacificus,Invertebrate,6,1.01199187366667,-0.0218858475518135,-0.015236172185188
32,TrachurusJaponicus,SSP1-2.6,0.459767794567901,Trachurus japonicus,Mid-trophic species,14,0.475222621,-0.0476980983883879,-0.015454826432099
32,TrachurusJaponicus,SSP5-8.5,0.46161578654321,Trachurus japonicus,Mid-trophic species,14,0.475222621,-0.0419109485237332,-0.01360683445679
32,TrachysalambriaCurvirostris,SSP1-2.6,0.869011392716049,Trachysalambria curvirostris,Invertebrate,7,0.951942678666667,-0.131499613250752,-0.0829312859506181
32,TrachysalambriaCurvirostris,SSP5-8.5,0.872373344320988,Trachysalambria curvirostris,Invertebrate,7,0.951942678666667,-0.125929015517656,-0.079569334345679
32,TrichiurusJaponicus,SSP1-2.6,1.13661572024691,Trichiurus japonicus,Predator,3,1.279504252,-0.170840367501683,-0.14288853175309
32,TrichiurusJaponicus,SSP5-8.5,1.13994485419753,Trichiurus japonicus,Predator,3,1.279504252,-0.166620907217095,-0.13955939780247
33,DecapterusMaruadsi,SSP1-2.6,0.536343290246914,Decapterus maruadsi,Mid-trophic species,10,0.540194372666667,-0.0103219077238792,-0.00385108241975307
33,DecapterusMaruadsi,SSP5-8.5,0.53306832,Decapterus maruadsi,Mid-trophic species,10,0.540194372666667,-0.0191581650812243,-0.00712605266666699
33,EngraulisJaponicus,SSP1-2.6,0.689846810246914,Engraulis japonicus,Prey,1,0.714033769666667,-0.0497162793587462,-0.024186959419753
33,EngraulisJaponicus,SSP5-8.5,0.660509478888889,Engraulis japonicus,Prey,1,0.714033769666667,-0.112413041440746,-0.053524290777778
33,LarimichthysPolyactis,SSP1-2.6,0.869218295432099,Larimichthys polyactis,Mid-trophic species,13,0.856548609333333,0.0211834189796139,0.0126696860987661
33,LarimichthysPolyactis,SSP5-8.5,0.846930529753086,Larimichthys polyactis,Mid-trophic species,13,0.856548609333333,-0.0162914858746654,-0.00961807958024696
33,MiichthysMiiuy,SSP1-2.6,0.58673754308642,Miichthys miiuy,Predator,5,0.578961962666667,0.0192467400595565,0.00777558041975301
33,MiichthysMiiuy,SSP5-8.5,0.587886256049383,Miichthys miiuy,Predator,5,0.578961962666667,0.0220684826883079,0.00892429338271605
33,MuraenesoxCinereus,SSP1-2.6,0.703684010987654,Muraenesox cinereus,Predator,4,0.695584832666667,0.0167012578655739,0.00809917832098694
33,MuraenesoxCinereus,SSP5-8.5,0.701076066172839,Muraenesox cinereus,Predator,4,0.695584832666667,0.0113445091438263,0.00549123350617198
33,PampusArgenteus,SSP1-2.6,0.437777479259259,Pampus argenteus,Mid-trophic species,12,0.437730206666667,0.000155795171338931,4.72725925919626e-05
33,PampusArgenteus,SSP5-8.5,0.436054167530864,Pampus argenteus,Mid-trophic species,12,0.437730206666667,-0.00553458355737027,-0.001676039135803
33,PennahiaArgentata,SSP1-2.6,0.612236546419753,Pennahia argentata,Mid-trophic species,11,0.606207244,0.0142780746522823,0.00602930241975297
33,PennahiaArgentata,SSP5-8.5,0.597170390740741,Pennahia argentata,Mid-trophic species,11,0.606207244,-0.0216684573328583,-0.00903685325925907
33,PortunusTrituberculatus,SSP1-2.6,0.957872081481482,Portunus trituberculatus,Invertebrate,8,0.996363665,-0.0568394060184779,-0.038491583518518
33,PortunusTrituberculatus,SSP5-8.5,0.990886460246914,Portunus trituberculatus,Invertebrate,8,0.996363665,-0.00795265381433463,-0.005477204753086
33,ScomberJaponicus,SSP1-2.6,0.787119745555556,Scomber japonicus,Mid-trophic species,9,0.795268736,-0.0148593245850258,-0.00814899044444406
33,ScomberJaponicus,SSP5-8.5,0.786322304938272,Scomber japonicus,Mid-trophic species,9,0.795268736,-0.0163216774210903,-0.00894643106172799
33,ScomberomorusNiphonius,SSP1-2.6,0.663772253827161,Scomberomorus niphonius,Predator,2,0.65884637,0.0107462285791818,0.00492588382716097
33,ScomberomorusNiphonius,SSP5-8.5,0.666117089876543,Scomberomorus niphonius,Predator,2,0.65884637,0.0158336997462264,0.00727071987654293
33,TodarodesPacificus,SSP1-2.6,1.03582968,Todarodes pacificus,Invertebrate,6,1.00004418466667,0.0507230586417678,0.0357854953333299
33,TodarodesPacificus,SSP5-8.5,1.00173000716049,Todarodes pacificus,Invertebrate,6,1.00004418466667,0.00242997270778186,0.00168582249381988
33,TrachurusJaponicus,SSP1-2.6,0.462802576419753,Trachurus japonicus,Mid-trophic species,14,0.465990446333333,-0.00990348131985764,-0.00318786991358
33,TrachurusJaponicus,SSP5-8.5,0.461818673950617,Trachurus japonicus,Mid-trophic species,14,0.465990446333333,-0.012973866622265,-0.00417177238271599
33,TrachysalambriaCurvirostris,SSP1-2.6,0.884924913950617,Trachysalambria curvirostris,Invertebrate,7,0.893703464,-0.0142411687774455,-0.00877855004938299
33,TrachysalambriaCurvirostris,SSP5-8.5,0.818338835802469,Trachysalambria curvirostris,Invertebrate,7,0.893703464,-0.127097896866474,-0.075364628197531
33,TrichiurusJaponicus,SSP1-2.6,1.13084048222222,Trichiurus japonicus,Predator,3,1.33247904333333,-0.236717407758917,-0.20163856111111
33,TrichiurusJaponicus,SSP5-8.5,1.11933549049383,Trichiurus japonicus,Predator,3,1.33247904333333,-0.251470333176744,-0.2131435528395
34,DecapterusMaruadsi,SSP1-2.6,0.539581450246914,Decapterus maruadsi,Mid-trophic species,10,0.541810128,-0.00594660982957303,-0.00222867775308599
34,DecapterusMaruadsi,SSP5-8.5,0.531860205061728,Decapterus maruadsi,Mid-trophic species,10,0.541810128,-0.0267402665267832,-0.0099499229382719
34,EngraulisJaponicus,SSP1-2.6,0.670147279382716,Engraulis japonicus,Prey,1,0.691628267,-0.0455186395439666,-0.021480987617284
34,EngraulisJaponicus,SSP5-8.5,0.662275594814815,Engraulis japonicus,Prey,1,0.691628267,-0.0625651382694663,-0.029352672185185
34,LarimichthysPolyactis,SSP1-2.6,0.863844418765432,Larimichthys polyactis,Mid-trophic species,13,0.881254183666667,-0.02878669982651,-0.0174097649012349
34,LarimichthysPolyactis,SSP5-8.5,0.867263109135802,Larimichthys polyactis,Mid-trophic species,13,0.881254183666667,-0.0230884586993061,-0.013991074530865
34,MiichthysMiiuy,SSP1-2.6,0.579668070493827,Miichthys miiuy,Predator,5,0.5738622,0.0145226727269941,0.00580587049382697
34,MiichthysMiiuy,SSP5-8.5,0.581916092839506,Miichthys miiuy,Predator,5,0.5738622,0.0201067962737149,0.00805389283950597
34,MuraenesoxCinereus,SSP1-2.6,0.702837900617284,Muraenesox cinereus,Predator,4,0.681140043333333,0.0452405421188916,0.021697857283951
34,MuraenesoxCinereus,SSP5-8.5,0.69915328691358,Muraenesox cinereus,Predator,4,0.681140043333333,0.0376573472970589,0.018013243580247
34,PampusArgenteus,SSP1-2.6,0.43823459037037,Pampus argenteus,Mid-trophic species,12,0.433918610666667,0.01427889810366,0.00431597970370301
34,PampusArgenteus,SSP5-8.5,0.434583562222222,Pampus argenteus,Mid-trophic species,12,0.433918610666667,0.00220914242710055,0.000664951555555016
34,PennahiaArgentata,SSP1-2.6,0.605817769506173,Pennahia argentata,Mid-trophic species,11,0.576232035333333,0.0722340264331931,0.0295857341728401
34,PennahiaArgentata,SSP5-8.5,0.590524996049383,Pennahia argentata,Mid-trophic species,11,0.576232035333333,0.035348259421042,0.01429296071605
34,PortunusTrituberculatus,SSP1-2.6,1.00786503987654,Portunus trituberculatus,Invertebrate,8,0.980834085333333,0.0392214442436801,0.027030954543207
34,PortunusTrituberculatus,SSP5-8.5,0.988754026049383,Portunus trituberculatus,Invertebrate,8,0.980834085333333,0.011602548485943,0.00791994071604996
34,ScomberJaponicus,SSP1-2.6,0.79304007691358,Scomber japonicus,Mid-trophic species,9,0.799223558,-0.0112053332745585,-0.00618348108641997
34,ScomberJaponicus,SSP5-8.5,0.788544158148148,Scomber japonicus,Mid-trophic species,9,0.799223558,-0.0194075611858789,-0.010679399851852
34,ScomberomorusNiphonius,SSP1-2.6,0.66583719382716,Scomberomorus niphonius,Predator,2,0.658623875666667,0.0157146502402839,0.00721331816049298
34,ScomberomorusNiphonius,SSP5-8.5,0.669233456790123,Scomberomorus niphonius,Predator,2,0.658623875666667,0.0230547596215483,0.010609581123456
34,TodarodesPacificus,SSP1-2.6,1.0214068991358,Todarodes pacificus,Invertebrate,6,1.01353586433333,0.0111605689459824,0.00787103480246998
34,TodarodesPacificus,SSP5-8.5,1.01579454135802,Todarodes pacificus,Invertebrate,6,1.01353586433333,0.00321148638874598,0.00225867702468996
34,TrachurusJaponicus,SSP1-2.6,0.463915257037037,Trachurus japonicus,Mid-trophic species,14,0.480963771666667,-0.0520669341962872,-0.01704851462963
34,TrachurusJaponicus,SSP5-8.5,0.463399127901235,Trachurus japonicus,Mid-trophic species,14,0.480963771666667,-0.0536728987616276,-0.017564643765432
34,TrachysalambriaCurvirostris,SSP1-2.6,0.878214936419753,Trachysalambria curvirostris,Invertebrate,7,0.925201023666667,-0.075192790607159,-0.046986087246914
34,TrachysalambriaCurvirostris,SSP5-8.5,0.847541542222222,Trachysalambria curvirostris,Invertebrate,7,0.925201023666667,-0.126482778576177,-0.077659481444445
34,TrichiurusJaponicus,SSP1-2.6,1.19440591012346,Trichiurus japonicus,Predator,3,1.22773734066667,-0.0397087375213096,-0.03333143054321
34,TrichiurusJaponicus,SSP5-8.5,1.1533421445679,Trichiurus japonicus,Predator,3,1.22773734066667,-0.0901813878258232,-0.0743951960987701
35,DecapterusMaruadsi,SSP1-2.6,0.536318641728395,Decapterus maruadsi,Mid-trophic species,10,0.535464607,0.0022991811630558,0.00085403472839507
35,DecapterusMaruadsi,SSP5-8.5,0.53342921962963,Decapterus maruadsi,Mid-trophic species,10,0.535464607,-0.00549436574808533,-0.00203538737037001
35,EngraulisJaponicus,SSP1-2.6,0.689581794320988,Engraulis japonicus,Prey,1,0.690181521333333,-0.00125416182800241,-0.000599727012345008
35,EngraulisJaponicus,SSP5-8.5,0.664403056419753,Engraulis japonicus,Prey,1,0.690181521333333,-0.0549171380305986,-0.02577846491358
35,LarimichthysPolyactis,SSP1-2.6,0.873773217283951,Larimichthys polyactis,Mid-trophic species,13,0.887580611666667,-0.0226192683424969,-0.0138073943827161
35,LarimichthysPolyactis,SSP5-8.5,0.85137588345679,Larimichthys polyactis,Mid-trophic species,13,0.887580611666667,-0.0600819294897922,-0.036204728209877
35,MiichthysMiiuy,SSP1-2.6,0.578086981481482,Miichthys miiuy,Predator,5,0.583821101333333,-0.0142397725902175,-0.00573411985185102
35,MiichthysMiiuy,SSP5-8.5,0.58526165345679,Miichthys miiuy,Predator,5,0.583821101333333,0.00355540007408248,0.00144055212345706
35,MuraenesoxCinereus,SSP1-2.6,0.70354555691358,Muraenesox cinereus,Predator,4,0.680844730333333,0.0473180230541749,0.022700826580247
35,MuraenesoxCinereus,SSP5-8.5,0.702880520493827,Muraenesox cinereus,Predator,4,0.680844730333333,0.0459536501493933,0.022035790160494
35,PampusArgenteus,SSP1-2.6,0.434915928518519,Pampus argenteus,Mid-trophic species,12,0.441513105666667,-0.0217197152327007,-0.006597177148148
35,PampusArgenteus,SSP5-8.5,0.435000136419753,Pampus argenteus,Mid-trophic species,12,0.441513105666667,-0.0214404093851831,-0.00651296924691402
35,PennahiaArgentata,SSP1-2.6,0.59078448,Pennahia argentata,Mid-trophic species,11,0.580977824666667,0.0241488283011709,0.00980665533333291
35,PennahiaArgentata,SSP5-8.5,0.602949136049383,Pennahia argentata,Mid-trophic species,11,0.580977824666667,0.0535532050344479,0.021971311382716
35,PortunusTrituberculatus,SSP1-2.6,0.979544301851852,Portunus trituberculatus,Invertebrate,8,1.04286203133333,-0.0903656568153003,-0.0633177294814781
35,PortunusTrituberculatus,SSP5-8.5,1.00084232345679,Portunus trituberculatus,Invertebrate,8,1.04286203133333,-0.0593336003087456,-0.0420197078765401
35,ScomberJaponicus,SSP1-2.6,0.791117721111111,Scomber japonicus,Mid-trophic species,9,0.7946734,-0.00646966530253859,-0.00355567888888897
35,ScomberJaponicus,SSP5-8.5,0.789423479135802,Scomber japonicus,Mid-trophic species,9,0.7946734,-0.00956262539957567,-0.00524992086419795
35,ScomberomorusNiphonius,SSP1-2.6,0.665533933950617,Scomberomorus niphonius,Predator,2,0.657693097,0.0170976993642731,0.00784083695061699
35,ScomberomorusNiphonius,SSP5-8.5,0.668001845061728,Scomberomorus niphonius,Predator,2,0.657693097,0.022437559369735,0.010308748061728
35,TodarodesPacificus,SSP1-2.6,1.02994946925926,Todarodes pacificus,Invertebrate,6,1.021110369,0.0124347469705824,0.00883910025925982
35,TodarodesPacificus,SSP5-8.5,0.972654656172839,Todarodes pacificus,Invertebrate,6,1.021110369,-0.0701392435490487,-0.0484557128271611
35,TrachurusJaponicus,SSP1-2.6,0.460922675061728,Trachurus japonicus,Mid-trophic species,14,0.476001410666667,-0.0464411063655954,-0.015078735604939
35,TrachurusJaponicus,SSP5-8.5,0.465881367037037,Trachurus japonicus,Mid-trophic species,14,0.476001410666667,-0.0310032181815517,-0.01012004362963
35,TrachysalambriaCurvirostris,SSP1-2.6,0.86114765691358,Trachysalambria curvirostris,Invertebrate,7,0.909620423666667,-0.0790040164371176,-0.048472766753087
35,TrachysalambriaCurvirostris,SSP5-8.5,0.803211976049383,Trachysalambria curvirostris,Invertebrate,7,0.909620423666667,-0.179483867043638,-0.106408447617284
35,TrichiurusJaponicus,SSP1-2.6,1.19170189419753,Trichiurus japonicus,Predator,3,1.295295715,-0.120258112803727,-0.10359382080247
35,TrichiurusJaponicus,SSP5-8.5,1.13281745938272,Trichiurus japonicus,Predator,3,1.295295715,-0.193366095635206,-0.16247825561728
36,DecapterusMaruadsi,SSP1-2.6,0.534077227160494,Decapterus maruadsi,Mid-trophic species,10,0.541305210333333,-0.019393905178996,-0.00722798317283901
36,DecapterusMaruadsi,SSP5-8.5,0.533829104444444,Decapterus maruadsi,Mid-trophic species,10,0.541305210333333,-0.0200643112021175,-0.00747610588888903
36,EngraulisJaponicus,SSP1-2.6,0.687143464444444,Engraulis japonicus,Prey,1,0.72072741,-0.0688423716678451,-0.033583945555556
36,EngraulisJaponicus,SSP5-8.5,0.655004645555556,Engraulis japonicus,Prey,1,0.72072741,-0.137948574698144,-0.0657227644444439
36,LarimichthysPolyactis,SSP1-2.6,0.871803074444444,Larimichthys polyactis,Mid-trophic species,13,0.868844244,0.00490472030172507,0.00295883044444401
36,LarimichthysPolyactis,SSP5-8.5,0.880029428271605,Larimichthys polyactis,Mid-trophic species,13,0.868844244,0.0184541973078878,0.011185184271605
36,MiichthysMiiuy,SSP1-2.6,0.585119177901235,Miichthys miiuy,Predator,5,0.591668796333333,-0.0160593068723132,-0.006549618432098
36,MiichthysMiiuy,SSP5-8.5,0.579828974567901,Miichthys miiuy,Predator,5,0.591668796333333,-0.0291623837127008,-0.0118398217654321
36,MuraenesoxCinereus,SSP1-2.6,0.699092293333333,Muraenesox cinereus,Predator,4,0.689263423333333,0.0204274722134518,0.00982886999999999
36,MuraenesoxCinereus,SSP5-8.5,0.699656568765432,Muraenesox cinereus,Predator,4,0.689263423333333,0.0215914801834388,0.010393145432099
36,PampusArgenteus,SSP1-2.6,0.435714351111111,Pampus argenteus,Mid-trophic species,12,0.436336831333333,-0.0020596251693865,-0.000622480222221999
36,PampusArgenteus,SSP5-8.5,0.435919892592593,Pampus argenteus,Mid-trophic species,12,0.436336831333333,-0.00137921665246663,-0.000416938740740003
36,PennahiaArgentata,SSP1-2.6,0.601109268888889,Pennahia argentata,Mid-trophic species,11,0.606520595,-0.0129293682285658,-0.00541132611111095
36,PennahiaArgentata,SSP5-8.5,0.616480217530864,Pennahia argentata,Mid-trophic species,11,0.606520595,0.0234979658801138,0.00995962253086402
36,PortunusTrituberculatus,SSP1-2.6,0.989102905061728,Portunus trituberculatus,Invertebrate,8,0.976012433333333,0.0192210987622929,0.0130904717283951
36,PortunusTrituberculatus,SSP5-8.5,0.95306166962963,Portunus trituberculatus,Invertebrate,8,0.976012433333333,-0.0343299568416392,-0.022950763703703
36,ScomberJaponicus,SSP1-2.6,0.788491276419753,Scomber japonicus,Mid-trophic species,9,0.794461332,-0.0108822088177146,-0.00597005558024699
36,ScomberJaponicus,SSP5-8.5,0.787276863580247,Scomber japonicus,Mid-trophic species,9,0.794461332,-0.0131059214103784,-0.00718446841975307
36,ScomberomorusNiphonius,SSP1-2.6,0.663751121481482,Scomberomorus niphonius,Predator,2,0.659079162333333,0.0101906350371986,0.004671959148149
36,ScomberomorusNiphonius,SSP5-8.5,0.668776247530864,Scomberomorus niphonius,Predator,2,0.659079162333333,0.021071850638756,0.00969708519753098
36,TodarodesPacificus,SSP1-2.6,0.972655049506173,Todarodes pacificus,Invertebrate,6,1.00186696366667,-0.0426907966219616,-0.029211914160497
36,TodarodesPacificus,SSP5-8.5,1.00862557061728,Todarodes pacificus,Invertebrate,6,1.00186696366667,0.00969975793976247,0.00675860695061004
36,TrachurusJaponicus,SSP1-2.6,0.461242962592593,Trachurus japonicus,Mid-trophic species,14,0.475335524,-0.0434193254314882,-0.014092561407407
36,TrachurusJaponicus,SSP5-8.5,0.460577954197531,Trachurus japonicus,Mid-trophic species,14,0.475335524,-0.0455008674374563,-0.014757569802469
36,TrachysalambriaCurvirostris,SSP1-2.6,0.921011303209877,Trachysalambria curvirostris,Invertebrate,7,0.903445844666667,0.0277807379680862,0.01756545854321
36,TrachysalambriaCurvirostris,SSP5-8.5,0.867917607530864,Trachysalambria curvirostris,Invertebrate,7,0.903445844666667,-0.0578800317032016,-0.035528237135803
36,TrichiurusJaponicus,SSP1-2.6,1.11453985358025,Trichiurus japonicus,Predator,3,1.179792535,-0.0820849805895476,-0.0652526814197501
36,TrichiurusJaponicus,SSP5-8.5,1.15667472432099,Trichiurus japonicus,Predator,3,1.179792535,-0.0285499735699322,-0.02311781067901
37,DecapterusMaruadsi,SSP1-2.6,0.531706334938272,Decapterus maruadsi,Mid-trophic species,10,0.542319712333333,-0.0285139553373704,-0.010613377395061
37,DecapterusMaruadsi,SSP5-8.5,0.533822847160494,Decapterus maruadsi,Mid-trophic species,10,0.542319712333333,-0.022782557729105,-0.00849686517283899
37,EngraulisJaponicus,SSP1-2.6,0.682185316666667,Engraulis japonicus,Prey,1,0.712719816333333,-0.0631713345905218,-0.030534499666666
37,EngraulisJaponicus,SSP5-8.5,0.660317017407408,Engraulis japonicus,Prey,1,0.712719816333333,-0.110176210408966,-0.052402798925925
37,LarimichthysPolyactis,SSP1-2.6,0.885455249876543,Larimichthys polyactis,Mid-trophic species,13,0.863118870666667,0.036860132006754,0.022336379209876
37,LarimichthysPolyactis,SSP5-8.5,0.866797754074074,Larimichthys polyactis,Mid-trophic species,13,0.863118870666667,0.00613615104117048,0.00367888340740696
37,MiichthysMiiuy,SSP1-2.6,0.579749095308642,Miichthys miiuy,Predator,5,0.587529168333333,-0.0192318135853171,-0.00778007302469097
37,MiichthysMiiuy,SSP5-8.5,0.58188961037037,Miichthys miiuy,Predator,5,0.587529168333333,-0.0139149901279641,-0.005639557962963
37,MuraenesoxCinereus,SSP1-2.6,0.70215772617284,Muraenesox cinereus,Predator,4,0.686377533,0.0327928102277,0.01578019317284
37,MuraenesoxCinereus,SSP5-8.5,0.699915079382716,Muraenesox cinereus,Predator,4,0.686377533,0.0281775603647324,0.013537546382716
37,PampusArgenteus,SSP1-2.6,0.437755420246914,Pampus argenteus,Mid-trophic species,12,0.440608368,-0.00937185276617496,-0.00285294775308598
37,PampusArgenteus,SSP5-8.5,0.436931241604938,Pampus argenteus,Mid-trophic species,12,0.440608368,-0.0120906293140248,-0.00367712639506196
37,PennahiaArgentata,SSP1-2.6,0.599561075432099,Pennahia argentata,Mid-trophic species,11,0.584255538666667,0.0373072183717369,0.015305536765432
37,PennahiaArgentata,SSP5-8.5,0.60692111691358,Pennahia argentata,Mid-trophic species,11,0.584255538666667,0.0549095122746789,0.022665578246913
37,PortunusTrituberculatus,SSP1-2.6,1.03910812716049,Portunus trituberculatus,Invertebrate,8,1.03317428766667,0.00826214047580484,0.00593383949381998
37,PortunusTrituberculatus,SSP5-8.5,0.975710690617284,Portunus trituberculatus,Invertebrate,8,1.03317428766667,-0.0825583043248836,-0.0574635970493861
37,ScomberJaponicus,SSP1-2.6,0.793946312098765,Scomber japonicus,Mid-trophic species,9,0.796642413333333,-0.00489083764247786,-0.00269610123456798
37,ScomberJaponicus,SSP5-8.5,0.790687544320988,Scomber japonicus,Mid-trophic species,9,0.796642413333333,-0.0108245929020519,-0.00595486901234499
37,ScomberomorusNiphonius,SSP1-2.6,0.665843225925926,Scomberomorus niphonius,Predator,2,0.655723163333333,0.022095673173028,0.010120062592593
37,ScomberomorusNiphonius,SSP5-8.5,0.669444901604938,Scomberomorus niphonius,Predator,2,0.655723163333333,0.0298784612249454,0.0137217382716049
37,TodarodesPacificus,SSP1-2.6,1.02281023493827,Todarodes pacificus,Invertebrate,6,1.03780606233333,-0.0209983661449576,-0.0149958273950601
37,TodarodesPacificus,SSP5-8.5,1.0283773808642,Todarodes pacificus,Invertebrate,6,1.03780606233333,-0.0131670849116151,-0.00942868146913001
37,TrachurusJaponicus,SSP1-2.6,0.46462772654321,Trachurus japonicus,Mid-trophic species,14,0.472955363333333,-0.0256287818756314,-0.008327636790123
37,TrachurusJaponicus,SSP5-8.5,0.467047546790124,Trachurus japonicus,Mid-trophic species,14,0.472955363333333,-0.0181346031202463,-0.00590781654320899
37,TrachysalambriaCurvirostris,SSP1-2.6,0.873412047654321,Trachysalambria curvirostris,Invertebrate,7,0.860086145666667,0.0221812650297151,0.013325901987654
37,TrachysalambriaCurvirostris,SSP5-8.5,0.880804544320988,Trachysalambria curvirostris,Invertebrate,7,0.860086145666667,0.0343407457504058,0.020718398654321
37,TrichiurusJaponicus,SSP1-2.6,1.11733595814815,Trichiurus japonicus,Predator,3,1.31605621866667,-0.236158081293949,-0.19872026051852
37,TrichiurusJaponicus,SSP5-8.5,1.14601481530864,Trichiurus japonicus,Predator,3,1.31605621866667,-0.199595423843484,-0.17004140335803
38,DecapterusMaruadsi,SSP1-2.6,0.538468371111111,Decapterus maruadsi,Mid-trophic species,10,0.542771336666667,-0.0114829298194006,-0.00430296555555598
38,DecapterusMaruadsi,SSP5-8.5,0.537174167901235,Decapterus maruadsi,Mid-trophic species,10,0.542771336666667,-0.0149546063031252,-0.00559716876543204
38,EngraulisJaponicus,SSP1-2.6,0.68046183345679,Engraulis japonicus,Prey,1,0.704740904666667,-0.0505787091785267,-0.0242790712098769
38,EngraulisJaponicus,SSP5-8.5,0.654602987654321,Engraulis japonicus,Prey,1,0.704740904666667,-0.106472766641822,-0.0501379170123459
38,LarimichthysPolyactis,SSP1-2.6,0.8789976,Larimichthys polyactis,Mid-trophic species,13,0.861601266666667,0.0288388554299399,0.017396333333333
38,LarimichthysPolyactis,SSP5-8.5,0.866075305061728,Larimichthys polyactis,Mid-trophic species,13,0.861601266666667,0.00747210159551138,0.004474038395061
38,MiichthysMiiuy,SSP1-2.6,0.577076704320988,Miichthys miiuy,Predator,5,0.591792911666667,-0.0363293235747741,-0.014716207345679
38,MiichthysMiiuy,SSP5-8.5,0.59509649,Miichthys miiuy,Predator,5,0.591792911666667,0.00803119208921637,0.00330357833333295
38,MuraenesoxCinereus,SSP1-2.6,0.703854051111111,Muraenesox cinereus,Predator,4,0.689614100333333,0.029487034235485,0.014239950777778
38,MuraenesoxCinereus,SSP5-8.5,0.697893321975309,Muraenesox cinereus,Predator,4,0.689614100333333,0.0172172538689993,0.00827922164197592
38,PampusArgenteus,SSP1-2.6,0.435859791234568,Pampus argenteus,Mid-trophic species,12,0.439685003333333,-0.0126062074093465,-0.00382521209876502
38,PampusArgenteus,SSP5-8.5,0.437017738518519,Pampus argenteus,Mid-trophic species,12,0.439685003333333,-0.00877848650419023,-0.002667264814814
38,PennahiaArgentata,SSP1-2.6,0.605751084444445,Pennahia argentata,Mid-trophic species,11,0.610164899333333,-0.0104741066101976,-0.00441381488888792
38,PennahiaArgentata,SSP5-8.5,0.620923025802469,Pennahia argentata,Mid-trophic species,11,0.610164899333333,0.0252152433429144,0.0107581264691361
38,PortunusTrituberculatus,SSP1-2.6,1.00808900222222,Portunus trituberculatus,Invertebrate,8,0.975084876,0.0480233087657422,0.0330041262222199
38,PortunusTrituberculatus,SSP5-8.5,0.977734785432099,Portunus trituberculatus,Invertebrate,8,0.975084876,0.00391537797217942,0.00264990943209897
38,ScomberJaponicus,SSP1-2.6,0.794235183950617,Scomber japonicus,Mid-trophic species,9,0.793406792333333,0.001505524046956,0.000828391617283986
38,ScomberJaponicus,SSP5-8.5,0.786074983950617,Scomber japonicus,Mid-trophic species,9,0.793406792333333,-0.0133938102065681,-0.00733180838271597
38,ScomberomorusNiphonius,SSP1-2.6,0.66612420617284,Scomberomorus niphonius,Predator,2,0.659511211333333,0.0143940239921552,0.00661299483950695
38,ScomberomorusNiphonius,SSP5-8.5,0.667208008765432,Scomberomorus niphonius,Predator,2,0.659511211333333,0.0167394214144758,0.00769679743209895
38,TodarodesPacificus,SSP1-2.6,0.998923552222222,Todarodes pacificus,Invertebrate,6,1.028540735,-0.0421527547575359,-0.029617182777778
38,TodarodesPacificus,SSP5-8.5,0.998637085555556,Todarodes pacificus,Invertebrate,6,1.028540735,-0.0425665434900492,-0.029903649444444
38,TrachurusJaponicus,SSP1-2.6,0.463702754074074,Trachurus japonicus,Mid-trophic species,14,0.474251758333333,-0.0324528272252971,-0.010549004259259
38,TrachurusJaponicus,SSP5-8.5,0.461360908024691,Trachurus japonicus,Mid-trophic species,14,0.474251758333333,-0.0397573556332213,-0.012890850308642
38,TrachysalambriaCurvirostris,SSP1-2.6,0.85142013691358,Trachysalambria curvirostris,Invertebrate,7,0.855112897,-0.00624369393771668,-0.00369276008642006
38,TrachysalambriaCurvirostris,SSP5-8.5,0.864864467777778,Trachysalambria curvirostris,Invertebrate,7,0.855112897,0.0163591612704264,0.009751570777778
38,TrichiurusJaponicus,SSP1-2.6,1.21065784259259,Trichiurus japonicus,Predator,3,1.28177193,-0.0823483945689264,-0.0711140874074099
38,TrichiurusJaponicus,SSP5-8.5,1.10807403802469,Trichiurus japonicus,Predator,3,1.28177193,-0.210085300244339,-0.17369789197531
39,DecapterusMaruadsi,SSP1-2.6,0.536121169382716,Decapterus maruadsi,Mid-trophic species,10,0.541041335666667,-0.0131797176968232,-0.00492016628395098
39,DecapterusMaruadsi,SSP5-8.5,0.532692872592593,Decapterus maruadsi,Mid-trophic species,10,0.541041335666667,-0.0224348426221085,-0.008348463074074
39,EngraulisJaponicus,SSP1-2.6,0.688244452839506,Engraulis japonicus,Prey,1,0.720364377333333,-0.0658057635062547,-0.0321199244938271
39,EngraulisJaponicus,SSP5-8.5,0.668398859876543,Engraulis japonicus,Prey,1,0.720364377333333,-0.108017567920554,-0.05196551745679
39,LarimichthysPolyactis,SSP1-2.6,0.880861622839506,Larimichthys polyactis,Mid-trophic species,13,0.863033415666667,0.0294989797222907,0.017828207172839
39,LarimichthysPolyactis,SSP5-8.5,0.887023605432099,Larimichthys polyactis,Mid-trophic species,13,0.863033415666667,0.0395560779850183,0.023990189765432
39,MiichthysMiiuy,SSP1-2.6,0.577376148765432,Miichthys miiuy,Predator,5,0.574377148333333,0.00751315900768814,0.002999000432099
39,MiichthysMiiuy,SSP5-8.5,0.583157851111111,Miichthys miiuy,Predator,5,0.574377148333333,0.0218880972908637,0.00878070277777798
39,MuraenesoxCinereus,SSP1-2.6,0.702679136296296,Muraenesox cinereus,Predator,4,0.681788402333333,0.0435420046996676,0.0208907339629629
39,MuraenesoxCinereus,SSP5-8.5,0.699183552716049,Muraenesox cinereus,Predator,4,0.681788402333333,0.0363471894187568,0.017395150382716
39,PampusArgenteus,SSP1-2.6,0.436659660493827,Pampus argenteus,Mid-trophic species,12,0.440069761,-0.0112229834624554,-0.00341010050617302
39,PampusArgenteus,SSP5-8.5,0.435717913827161,Pampus argenteus,Mid-trophic species,12,0.440069761,-0.0143378131268993,-0.00435184717283899
39,PennahiaArgentata,SSP1-2.6,0.602498054444444,Pennahia argentata,Mid-trophic species,11,0.583020981,0.0474087804831275,0.019477073444444
39,PennahiaArgentata,SSP5-8.5,0.599374867530864,Pennahia argentata,Mid-trophic species,11,0.583020981,0.0399107890868676,0.016353886530864
39,PortunusTrituberculatus,SSP1-2.6,1.00571769271605,Portunus trituberculatus,Invertebrate,8,0.969724202666667,0.052578997413449,0.035993490049383
39,PortunusTrituberculatus,SSP5-8.5,1.0090229845679,Portunus trituberculatus,Invertebrate,8,0.969724202666667,0.0573126412964184,0.0392987819012329
39,ScomberJaponicus,SSP1-2.6,0.793261914197531,Scomber japonicus,Mid-trophic species,9,0.796123117333333,-0.00519427067973289,-0.00286120313580196
39,ScomberJaponicus,SSP5-8.5,0.782828395925926,Scomber japonicus,Mid-trophic species,9,0.796123117333333,-0.0242954666675535,-0.013294721407407
39,ScomberomorusNiphonius,SSP1-2.6,0.666194771604938,Scomberomorus niphonius,Predator,2,0.658402286,0.0169746867075607,0.00779248560493806
39,ScomberomorusNiphonius,SSP5-8.5,0.668267435555556,Scomberomorus niphonius,Predator,2,0.658402286,0.0214562289969698,0.00986514955555606
39,TodarodesPacificus,SSP1-2.6,1.01037003185185,Todarodes pacificus,Invertebrate,6,1.01401433233333,-0.00519429017993276,-0.0036443004814799
39,TodarodesPacificus,SSP5-8.5,1.01104700851852,Todarodes pacificus,Invertebrate,6,1.01401433233333,-0.00422796715325299,-0.00296732381481002
39,TrachurusJaponicus,SSP1-2.6,0.46336647654321,Trachurus japonicus,Mid-trophic species,14,0.475466981,-0.0371914835730567,-0.01210050445679
39,TrachurusJaponicus,SSP5-8.5,0.461827002345679,Trachurus japonicus,Mid-trophic species,14,0.475466981,-0.0419926281786077,-0.013639978654321
39,TrachysalambriaCurvirostris,SSP1-2.6,0.89102926,Trachysalambria curvirostris,Invertebrate,7,0.865058797333333,0.0426746134873631,0.025970462666667
39,TrachysalambriaCurvirostris,SSP5-8.5,0.856685539753086,Trachysalambria curvirostris,Invertebrate,7,0.865058797333333,-0.0140324578555023,-0.00837325758024699
39,TrichiurusJaponicus,SSP1-2.6,1.09359143320988,Trichiurus japonicus,Predator,3,1.17601834333333,-0.10483671669827,-0.0824269101234501
39,TrichiurusJaponicus,SSP5-8.5,1.14005636580247,Trichiurus japonicus,Predator,3,1.17601834333333,-0.0448054084729522,-0.0359619775308599
40,DecapterusMaruadsi,SSP1-2.6,0.536392824814815,Decapterus maruadsi,Mid-trophic species,10,0.5439333,-0.0201398125463824,-0.00754047518518497
40,DecapterusMaruadsi,SSP5-8.5,0.534926597407408,Decapterus maruadsi,Mid-trophic species,10,0.5439333,-0.0240888127910365,-0.00900670259259195
40,EngraulisJaponicus,SSP1-2.6,0.668409167407407,Engraulis japonicus,Prey,1,0.717588776333333,-0.102425805044273,-0.049179608925926
40,EngraulisJaponicus,SSP5-8.5,0.671277363950617,Engraulis japonicus,Prey,1,0.717588776333333,-0.0962483312030078,-0.046311412382716
40,LarimichthysPolyactis,SSP1-2.6,0.863183348148148,Larimichthys polyactis,Mid-trophic species,13,0.837140298666667,0.0441976054547178,0.0260430494814811
40,LarimichthysPolyactis,SSP5-8.5,0.87456095,Larimichthys polyactis,Mid-trophic species,13,0.837140298666667,0.0630895038099392,0.0374206513333331
40,MiichthysMiiuy,SSP1-2.6,0.588463093209877,Miichthys miiuy,Predator,5,0.585965971666667,0.00613504962305379,0.00249712154321002
40,MiichthysMiiuy,SSP5-8.5,0.583142715802469,Miichthys miiuy,Predator,5,0.585965971666667,-0.00696788108023795,-0.00282325586419796
40,MuraenesoxCinereus,SSP1-2.6,0.701175732345679,Muraenesox cinereus,Predator,4,0.683162851666667,0.0375465376732836,0.018012880679012
40,MuraenesoxCinereus,SSP5-8.5,0.69771065345679,Muraenesox cinereus,Predator,4,0.683162851666667,0.0303993348636395,0.0145478017901229
40,PampusArgenteus,SSP1-2.6,0.436665279876543,Pampus argenteus,Mid-trophic species,12,0.437956913666667,-0.00426111990314314,-0.00129163379012398
40,PampusArgenteus,SSP5-8.5,0.435475633333333,Pampus argenteus,Mid-trophic species,12,0.437956913666667,-0.0081969477189834,-0.002481280333334
40,PennahiaArgentata,SSP1-2.6,0.599776545925926,Pennahia argentata,Mid-trophic species,11,0.582707925333333,0.0416521744488506,0.017068620592593
40,PennahiaArgentata,SSP5-8.5,0.606379178888889,Pennahia argentata,Mid-trophic species,11,0.582707925333333,0.0574472841280465,0.023671253555556
40,PortunusTrituberculatus,SSP1-2.6,0.98136920654321,Portunus trituberculatus,Invertebrate,8,0.967082192,0.0211574940584821,0.01428701454321
40,PortunusTrituberculatus,SSP5-8.5,1.01656329160494,Portunus trituberculatus,Invertebrate,8,0.967082192,0.0719896264971727,0.0494810996049401
40,ScomberJaponicus,SSP1-2.6,0.79535783037037,Scomber japonicus,Mid-trophic species,9,0.804170784666667,-0.0158978514029439,-0.00881295429629703
40,ScomberJaponicus,SSP5-8.5,0.792917759876543,Scomber japonicus,Mid-trophic species,9,0.804170784666667,-0.0203306845863425,-0.011253024790124
40,ScomberomorusNiphonius,SSP1-2.6,0.666610442592593,Scomberomorus niphonius,Predator,2,0.659756098333333,0.014911136848356,0.00685434425926002
40,ScomberomorusNiphonius,SSP5-8.5,0.667984642592593,Scomberomorus niphonius,Predator,2,0.659756098333333,0.0178821536726384,0.00822854425926001
40,TodarodesPacificus,SSP1-2.6,1.01100332012346,Todarodes pacificus,Invertebrate,6,1.017501467,-0.00924313948017766,-0.00649814687653993
40,TodarodesPacificus,SSP5-8.5,1.02564489197531,Todarodes pacificus,Invertebrate,6,1.017501467,0.0115004399845598,0.00814342497531007
40,TrachurusJaponicus,SSP1-2.6,0.466321343827161,Trachurus japonicus,Mid-trophic species,14,0.478395161333333,-0.0368783333884691,-0.012073817506172
40,TrachurusJaponicus,SSP5-8.5,0.463064152222222,Trachurus japonicus,Mid-trophic species,14,0.478395161333333,-0.0469907214883114,-0.015331009111111
40,TrachysalambriaCurvirostris,SSP1-2.6,0.854361913827161,Trachysalambria curvirostris,Invertebrate,7,0.795803364333333,0.102435337104504,0.058558549493828
40,TrachysalambriaCurvirostris,SSP5-8.5,0.858794246296296,Trachysalambria curvirostris,Invertebrate,7,0.795803364333333,0.109900527364997,0.062990881962963
40,TrichiurusJaponicus,SSP1-2.6,1.15058635074074,Trichiurus japonicus,Predator,3,1.17152741233333,-0.026021450997029,-0.02094106159259
40,TrichiurusJaponicus,SSP5-8.5,1.09751346679012,Trichiurus japonicus,Predator,3,1.17152741233333,-0.0941520697943117,-0.0740139455432098
41,DecapterusMaruadsi,SSP1-2.6,0.537901587037037,Decapterus maruadsi,Mid-trophic species,10,0.546661688333333,-0.0233060252543768,-0.0087601012962959
41,DecapterusMaruadsi,SSP5-8.5,0.533418048641975,Decapterus maruadsi,Mid-trophic species,10,0.546661688333333,-0.0353816302505926,-0.013243639691358
41,EngraulisJaponicus,SSP1-2.6,0.671924178641975,Engraulis japonicus,Prey,1,0.719962929333333,-0.0996241791478767,-0.048038750691358
41,EngraulisJaponicus,SSP5-8.5,0.666782753950617,Engraulis japonicus,Prey,1,0.719962929333333,-0.110705834430002,-0.0531801753827159
41,LarimichthysPolyactis,SSP1-2.6,0.863431230740741,Larimichthys polyactis,Mid-trophic species,13,0.860189207666667,0.00542724607242684,0.00324202307407406
41,LarimichthysPolyactis,SSP5-8.5,0.874880478888889,Larimichthys polyactis,Mid-trophic species,13,0.860189207666667,0.0244319070799446,0.014691271222222
41,MiichthysMiiuy,SSP1-2.6,0.587017936666667,Miichthys miiuy,Predator,5,0.595672522333333,-0.0211148244302367,-0.00865458566666599
41,MiichthysMiiuy,SSP5-8.5,0.580200584074074,Miichthys miiuy,Predator,5,0.595672522333333,-0.0379676629426506,-0.015471938259259
41,MuraenesoxCinereus,SSP1-2.6,0.698745440864198,Muraenesox cinereus,Predator,4,0.683826638,0.0311363417026477,0.014918802864198
41,MuraenesoxCinereus,SSP5-8.5,0.698348037530864,Muraenesox cinereus,Predator,4,0.683826638,0.0303155922788437,0.0145213995308641
41,PampusArgenteus,SSP1-2.6,0.43574902308642,Pampus argenteus,Mid-trophic species,12,0.437505743666667,-0.00580452712013638,-0.00175672058024701
41,PampusArgenteus,SSP5-8.5,0.436042141604938,Pampus argenteus,Mid-trophic species,12,0.437505743666667,-0.00483438503537785,-0.00146360206172902
41,PennahiaArgentata,SSP1-2.6,0.614090518641975,Pennahia argentata,Mid-trophic species,11,0.589329849333333,0.0593759885151724,0.024760669308642
41,PennahiaArgentata,SSP5-8.5,0.614166860617284,Pennahia argentata,Mid-trophic species,11,0.589329849333333,0.0595553290853032,0.024837011283951
41,PortunusTrituberculatus,SSP1-2.6,1.00105737703704,Portunus trituberculatus,Invertebrate,8,1.00646941333333,-0.00777866265952757,-0.00541203629629017
41,PortunusTrituberculatus,SSP5-8.5,0.994377498518519,Portunus trituberculatus,Invertebrate,8,1.00646941333333,-0.0174377737928084,-0.0120919148148111
41,ScomberJaponicus,SSP1-2.6,0.792670166419753,Scomber japonicus,Mid-trophic species,9,0.801869713333333,-0.016647169683379,-0.00919954691358005
41,ScomberJaponicus,SSP5-8.5,0.791846435061728,Scomber japonicus,Mid-trophic species,9,0.801869713333333,-0.0181471770057302,-0.010023278271605
41,ScomberomorusNiphonius,SSP1-2.6,0.663129278765432,Scomberomorus niphonius,Predator,2,0.658512480333333,0.0100793717353157,0.00461679843209906
41,ScomberomorusNiphonius,SSP5-8.5,0.669242828395062,Scomberomorus niphonius,Predator,2,0.658512480333333,0.0233189908854341,0.010730348061729
41,TodarodesPacificus,SSP1-2.6,1.01454968777778,Todarodes pacificus,Invertebrate,6,0.975471268666667,0.0566682373836086,0.039078419111113
41,TodarodesPacificus,SSP5-8.5,0.991239191234568,Todarodes pacificus,Invertebrate,6,0.975471268666667,0.0231338487164783,0.0157679225679011
41,TrachurusJaponicus,SSP1-2.6,0.464820580123457,Trachurus japonicus,Mid-trophic species,14,0.476016007666667,-0.0343361438288185,-0.01119542754321
41,TrachurusJaponicus,SSP5-8.5,0.464288713333333,Trachurus japonicus,Mid-trophic species,14,0.476016007666667,-0.0359878798941998,-0.011727294333334
41,TrachysalambriaCurvirostris,SSP1-2.6,0.830734520493827,Trachysalambria curvirostris,Invertebrate,7,0.822937460666667,0.0136047088339122,0.00779705982716006
41,TrachysalambriaCurvirostris,SSP5-8.5,0.86236100037037,Trachysalambria curvirostris,Invertebrate,7,0.822937460666667,0.06750913791358,0.0394235397037031
41,TrichiurusJaponicus,SSP1-2.6,1.2121486817284,Trichiurus japonicus,Predator,3,1.296310798,-0.09684498403392,-0.0841621162716
41,TrichiurusJaponicus,SSP5-8.5,1.16301612222222,Trichiurus japonicus,Predator,3,1.296310798,-0.156540557962231,-0.13329467577778
42,DecapterusMaruadsi,SSP1-2.6,0.537101811234568,Decapterus maruadsi,Mid-trophic species,10,0.542589544333333,-0.0146656606330469,-0.00548773309876494
42,DecapterusMaruadsi,SSP5-8.5,0.534459607160494,Decapterus maruadsi,Mid-trophic species,10,0.542589544333333,-0.0217803297031067,-0.00812993717283894
42,EngraulisJaponicus,SSP1-2.6,0.68099810691358,Engraulis japonicus,Prey,1,0.719647137666667,-0.0796389000337465,-0.038649030753087
42,EngraulisJaponicus,SSP5-8.5,0.653867747777778,Engraulis japonicus,Prey,1,0.719647137666667,-0.138290824096433,-0.065779389888889
42,LarimichthysPolyactis,SSP1-2.6,0.877201761111111,Larimichthys polyactis,Mid-trophic species,13,0.833455961333333,0.0738027372322926,0.043745799777778
42,LarimichthysPolyactis,SSP5-8.5,0.87837839962963,Larimichthys polyactis,Mid-trophic species,13,0.833455961333333,0.0757366059871663,0.0449224382962971
42,MiichthysMiiuy,SSP1-2.6,0.568901856419753,Miichthys miiuy,Predator,5,0.58092309,-0.0301673851318416,-0.012021233580247
42,MiichthysMiiuy,SSP5-8.5,0.583293636296296,Miichthys miiuy,Predator,5,0.58092309,0.00587516058657003,0.00237054629629607
42,MuraenesoxCinereus,SSP1-2.6,0.702083485925926,Muraenesox cinereus,Predator,4,0.688964993333333,0.0272119133070403,0.0131184925925929
42,MuraenesoxCinereus,SSP5-8.5,0.698108804938272,Muraenesox cinereus,Predator,4,0.688964993333333,0.0190212269423694,0.00914381160493893
42,PampusArgenteus,SSP1-2.6,0.435507515061728,Pampus argenteus,Mid-trophic species,12,0.439722788,-0.0138966860807976,-0.00421527293827195
42,PampusArgenteus,SSP5-8.5,0.436505304691358,Pampus argenteus,Mid-trophic species,12,0.439722788,-0.0105951135668427,-0.00321748330864197
42,PennahiaArgentata,SSP1-2.6,0.621856397530864,Pennahia argentata,Mid-trophic species,11,0.572473808666667,0.119371774047138,0.049382588864197
42,PennahiaArgentata,SSP5-8.5,0.612139058395062,Pennahia argentata,Mid-trophic species,11,0.572473808666667,0.0966497345044388,0.039665249728395
42,PortunusTrituberculatus,SSP1-2.6,0.97363359037037,Portunus trituberculatus,Invertebrate,8,1.03649345333333,-0.0902601571531727,-0.0628598629629601
42,PortunusTrituberculatus,SSP5-8.5,0.99325691617284,Portunus trituberculatus,Invertebrate,8,1.03649345333333,-0.0614721650439905,-0.0432365371604901
42,ScomberJaponicus,SSP1-2.6,0.787684078148148,Scomber japonicus,Mid-trophic species,9,0.797842234666667,-0.0184863820136875,-0.010158156518519
42,ScomberJaponicus,SSP5-8.5,0.786250385432099,Scomber japonicus,Mid-trophic species,9,0.797842234666667,-0.0211146768906756,-0.011591849234568
42,ScomberomorusNiphonius,SSP1-2.6,0.669775076049383,Scomberomorus niphonius,Predator,2,0.661118814333333,0.0187671189181454,0.00865626171605005
42,ScomberomorusNiphonius,SSP5-8.5,0.664975182098765,Scomberomorus niphonius,Predator,2,0.661118814333333,0.00839092605723814,0.00385636776543208
42,TodarodesPacificus,SSP1-2.6,0.999546347407408,Todarodes pacificus,Invertebrate,6,1.03229231233333,-0.0465061847833674,-0.0327459649259221
42,TodarodesPacificus,SSP5-8.5,0.991385359135803,Todarodes pacificus,Invertebrate,6,1.03229231233333,-0.0583336957051991,-0.0409069531975271
42,TrachurusJaponicus,SSP1-2.6,0.461164523333333,Trachurus japonicus,Mid-trophic species,14,0.476897517333333,-0.0483977392867405,-0.015732994
42,TrachurusJaponicus,SSP5-8.5,0.465805123950617,Trachurus japonicus,Mid-trophic species,14,0.476897517333333,-0.0339527626949785,-0.011092393382716
42,TrachysalambriaCurvirostris,SSP1-2.6,0.879322716666667,Trachysalambria curvirostris,Invertebrate,7,0.852041964666667,0.0454682525726815,0.0272807519999999
42,TrachysalambriaCurvirostris,SSP5-8.5,0.857816708395062,Trachysalambria curvirostris,Invertebrate,7,0.852041964666667,0.00974492915336355,0.00577474372839493
42,TrichiurusJaponicus,SSP1-2.6,1.18488349358025,Trichiurus japonicus,Predator,3,1.210043608,-0.030313831056608,-0.0251601144197502
42,TrichiurusJaponicus,SSP5-8.5,1.11677992975309,Trichiurus japonicus,Predator,3,1.210043608,-0.11571412136309,-0.0932636782469101
43,DecapterusMaruadsi,SSP1-2.6,0.538274914197531,Decapterus maruadsi,Mid-trophic species,10,0.541698543666667,-0.00914702072885595,-0.00342362946913599
43,DecapterusMaruadsi,SSP5-8.5,0.530067055802469,Decapterus maruadsi,Mid-trophic species,10,0.541698543666667,-0.0313153337327398,-0.011631487864198
43,EngraulisJaponicus,SSP1-2.6,0.659240517654321,Engraulis japonicus,Prey,1,0.698028910666667,-0.0824818757208942,-0.0387883930123459
43,EngraulisJaponicus,SSP5-8.5,0.65406014,Engraulis japonicus,Prey,1,0.698028910666667,-0.0938634948054434,-0.0439687706666669
43,LarimichthysPolyactis,SSP1-2.6,0.884107498148148,Larimichthys polyactis,Mid-trophic species,13,0.844809898,0.0655950590201746,0.0392976001481481
43,LarimichthysPolyactis,SSP5-8.5,0.878592700246914,Larimichthys polyactis,Mid-trophic species,13,0.844809898,0.0565677751407653,0.0337828022469141
43,MiichthysMiiuy,SSP1-2.6,0.585321715308642,Miichthys miiuy,Predator,5,0.585811308333333,-0.00120623952303335,-0.000489593024690982
43,MiichthysMiiuy,SSP5-8.5,0.575273978641975,Miichthys miiuy,Predator,5,0.585811308333333,-0.0261868285590898,-0.0105373296913579
43,MuraenesoxCinereus,SSP1-2.6,0.70528377617284,Muraenesox cinereus,Predator,4,0.695216265,0.0207420181426167,0.01006751117284
43,MuraenesoxCinereus,SSP5-8.5,0.701591911234568,Muraenesox cinereus,Predator,4,0.695216265,0.0131702795566756,0.00637564623456799
43,PampusArgenteus,SSP1-2.6,0.436634486419753,Pampus argenteus,Mid-trophic species,12,0.438543643,-0.00629434170497694,-0.00190915658024698
43,PampusArgenteus,SSP5-8.5,0.433040487037037,Pampus argenteus,Mid-trophic species,12,0.438543643,-0.0182185082316304,-0.00550315596296297
43,PennahiaArgentata,SSP1-2.6,0.598587559259259,Pennahia argentata,Mid-trophic species,11,0.580517533,0.0442226543593183,0.018070026259259
43,PennahiaArgentata,SSP5-8.5,0.618040891234568,Pennahia argentata,Mid-trophic species,11,0.580517533,0.0903626532960859,0.037523358234568
43,PortunusTrituberculatus,SSP1-2.6,1.04232643851852,Portunus trituberculatus,Invertebrate,8,1.00182324433333,0.0571791848363768,0.0405031941851901
43,PortunusTrituberculatus,SSP5-8.5,1.0010881317284,Portunus trituberculatus,Invertebrate,8,1.00182324433333,-0.00105900178103031,-0.000735112604929977
43,ScomberJaponicus,SSP1-2.6,0.796181108888889,Scomber japonicus,Mid-trophic species,9,0.801314365666667,-0.00927170023832328,-0.00513325677777798
43,ScomberJaponicus,SSP5-8.5,0.790499796296296,Scomber japonicus,Mid-trophic species,9,0.801314365666667,-0.0196032502115358,-0.0108145693703711
43,ScomberomorusNiphonius,SSP1-2.6,0.664700822592593,Scomberomorus niphonius,Predator,2,0.656399315333333,0.0181314052580158,0.00830150725926004
43,ScomberomorusNiphonius,SSP5-8.5,0.667093639012346,Scomberomorus niphonius,Predator,2,0.656399315333333,0.0233155507048128,0.010694323679013
43,TodarodesPacificus,SSP1-2.6,1.01450784876543,Todarodes pacificus,Invertebrate,6,0.968887895,0.0663783729455477,0.0456199537654299
43,TodarodesPacificus,SSP5-8.5,1.00991415876543,Todarodes pacificus,Invertebrate,6,0.968887895,0.0598310175696768,0.0410262637654298
43,TrachurusJaponicus,SSP1-2.6,0.470740888395062,Trachurus japonicus,Mid-trophic species,14,0.468245684333333,0.00766747279195098,0.00249520406172898
43,TrachurusJaponicus,SSP5-8.5,0.463634568888889,Trachurus japonicus,Mid-trophic species,14,0.468245684333333,-0.0142775590669778,-0.00461111544444404
43,TrachysalambriaCurvirostris,SSP1-2.6,0.834638963703704,Trachysalambria curvirostris,Invertebrate,7,0.808867961,0.0452480545260065,0.025771002703704
43,TrachysalambriaCurvirostris,SSP5-8.5,0.857121900864198,Trachysalambria curvirostris,Invertebrate,7,0.808867961,0.08359618326329,0.048253939864198
43,TrichiurusJaponicus,SSP1-2.6,1.13622211419753,Trichiurus japonicus,Predator,3,1.245733835,-0.132750965897353,-0.10951172080247
43,TrichiurusJaponicus,SSP5-8.5,1.20400246617284,Trichiurus japonicus,Predator,3,1.245733835,-0.0491575061273613,-0.0417313688271601
44,DecapterusMaruadsi,SSP1-2.6,0.537475730493827,Decapterus maruadsi,Mid-trophic species,10,0.541140011666667,-0.00980230569043312,-0.00366428117284001
44,DecapterusMaruadsi,SSP5-8.5,0.533584837654321,Decapterus maruadsi,Mid-trophic species,10,0.541140011666667,-0.0202842460479984,-0.00755517401234607
44,EngraulisJaponicus,SSP1-2.6,0.671622735308642,Engraulis japonicus,Prey,1,0.722342034333333,-0.105031057526579,-0.050719299024691
44,EngraulisJaponicus,SSP5-8.5,0.664902193950617,Engraulis japonicus,Prey,1,0.722342034333333,-0.119539987656052,-0.057439840382716
44,LarimichthysPolyactis,SSP1-2.6,0.871214200987654,Larimichthys polyactis,Mid-trophic species,13,0.844174021333333,0.0454870381135311,0.027040179654321
44,LarimichthysPolyactis,SSP5-8.5,0.863390107283951,Larimichthys polyactis,Mid-trophic species,13,0.844174021333333,0.0324721301203444,0.0192160859506181
44,MiichthysMiiuy,SSP1-2.6,0.578252702592593,Miichthys miiuy,Predator,5,0.568664856666667,0.0241214547490839,0.00958784592592599
44,MiichthysMiiuy,SSP5-8.5,0.582157127283951,Miichthys miiuy,Predator,5,0.568664856666667,0.0338299478208361,0.013492270617284
44,MuraenesoxCinereus,SSP1-2.6,0.704720278518519,Muraenesox cinereus,Predator,4,0.686807533333333,0.0371448648067233,0.017912745185186
44,MuraenesoxCinereus,SSP5-8.5,0.701485537283951,Muraenesox cinereus,Predator,4,0.686807533333333,0.0305074959142594,0.014678003950618
44,PampusArgenteus,SSP1-2.6,0.435668598518519,Pampus argenteus,Mid-trophic species,12,0.438851709666667,-0.0105023952108483,-0.00318311114814795
44,PampusArgenteus,SSP5-8.5,0.435802211604938,Pampus argenteus,Mid-trophic species,12,0.438851709666667,-0.0100600099090213,-0.00304949806172899
44,PennahiaArgentata,SSP1-2.6,0.59869067962963,Pennahia argentata,Mid-trophic species,11,0.591815158333333,0.0166641614786289,0.00687552129629698
44,PennahiaArgentata,SSP5-8.5,0.599557795185185,Pennahia argentata,Mid-trophic species,11,0.591815158333333,0.018752181712394,0.00774263685185206
44,PortunusTrituberculatus,SSP1-2.6,0.978299811111111,Portunus trituberculatus,Invertebrate,8,1.00799397,-0.0431384400377144,-0.029694158888889
44,PortunusTrituberculatus,SSP5-8.5,1.01961937197531,Portunus trituberculatus,Invertebrate,8,1.00799397,0.016543680413036,0.0116254019753099
44,ScomberJaponicus,SSP1-2.6,0.793546043333333,Scomber japonicus,Mid-trophic species,9,0.79121142,0.00425068443574658,0.00233462333333301
44,ScomberJaponicus,SSP5-8.5,0.79237927345679,Scomber japonicus,Mid-trophic species,9,0.79121142,0.00212789416230141,0.00116785345679005
44,ScomberomorusNiphonius,SSP1-2.6,0.666046097777778,Scomberomorus niphonius,Predator,2,0.658900079333333,0.0155623307829921,0.00714601844444496
44,ScomberomorusNiphonius,SSP5-8.5,0.667031308518519,Scomberomorus niphonius,Predator,2,0.658900079333333,0.0176947784592692,0.00813122918518594
44,TodarodesPacificus,SSP1-2.6,1.01349727493827,Todarodes pacificus,Invertebrate,6,1.02042030333333,-0.00982129995109008,-0.00692302839505987
44,TodarodesPacificus,SSP5-8.5,1.02515528518519,Todarodes pacificus,Invertebrate,6,1.02042030333333,0.00667894853189144,0.00473498185186005
44,TrachurusJaponicus,SSP1-2.6,0.462371513580247,Trachurus japonicus,Mid-trophic species,14,0.477116006666667,-0.045287570775597,-0.01474449308642
44,TrachurusJaponicus,SSP5-8.5,0.462075856049383,Trachurus japonicus,Mid-trophic species,14,0.477116006666667,-0.0462103786760466,-0.015040150617284
44,TrachysalambriaCurvirostris,SSP1-2.6,0.875395785432099,Trachysalambria curvirostris,Invertebrate,7,0.773454755333333,0.178618537152351,0.101941030098766
44,TrachysalambriaCurvirostris,SSP5-8.5,0.897675378641975,Trachysalambria curvirostris,Invertebrate,7,0.773454755333333,0.21487692445914,0.124220623308642
44,TrichiurusJaponicus,SSP1-2.6,1.16829448506173,Trichiurus japonicus,Predator,3,1.28133725,-0.133246273646905,-0.11304276493827
44,TrichiurusJaponicus,SSP5-8.5,1.15351249851852,Trichiurus japonicus,Predator,3,1.28133725,-0.151616609316917,-0.12782475148148
45,DecapterusMaruadsi,SSP1-2.6,0.536646404814815,Decapterus maruadsi,Mid-trophic species,10,0.536214033666667,0.00116283483415582,0.000432371148147981
45,DecapterusMaruadsi,SSP5-8.5,0.532071378271605,Decapterus maruadsi,Mid-trophic species,10,0.536214033666667,-0.0111891790081692,-0.00414265539506198
45,EngraulisJaponicus,SSP1-2.6,0.667833949012346,Engraulis japonicus,Prey,1,0.711020155333333,-0.0904010226296126,-0.0431862063209869
45,EngraulisJaponicus,SSP5-8.5,0.660288800123457,Engraulis japonicus,Prey,1,0.711020155333333,-0.106793281553616,-0.0507313552098759
45,LarimichthysPolyactis,SSP1-2.6,0.876560001851852,Larimichthys polyactis,Mid-trophic species,13,0.880487746333333,-0.00645007732996706,-0.00392774448148103
45,LarimichthysPolyactis,SSP5-8.5,0.867442333580247,Larimichthys polyactis,Mid-trophic species,13,0.880487746333333,-0.0215350739231945,-0.013045412753086
45,MiichthysMiiuy,SSP1-2.6,0.577381975679012,Miichthys miiuy,Predator,5,0.599179382666667,-0.0534619113514711,-0.0217974069876551
45,MiichthysMiiuy,SSP5-8.5,0.589655866296296,Miichthys miiuy,Predator,5,0.599179382666667,-0.0231147650849876,-0.00952351637037108
45,MuraenesoxCinereus,SSP1-2.6,0.70348918654321,Muraenesox cinereus,Predator,4,0.679955108333333,0.0490887471172447,0.0235340782098771
45,MuraenesoxCinereus,SSP5-8.5,0.700857553209877,Muraenesox cinereus,Predator,4,0.679955108333333,0.0436817508305827,0.020902444876544
45,PampusArgenteus,SSP1-2.6,0.436040457037037,Pampus argenteus,Mid-trophic species,12,0.442280330333333,-0.0204990838111064,-0.00623987329629605
45,PampusArgenteus,SSP5-8.5,0.434040954938272,Pampus argenteus,Mid-trophic species,12,0.442280330333333,-0.0271299043309409,-0.00823937539506103
45,PennahiaArgentata,SSP1-2.6,0.612815263209877,Pennahia argentata,Mid-trophic species,11,0.603562860333333,0.021948196763883,0.00925240287654405
45,PennahiaArgentata,SSP5-8.5,0.604809371111111,Pennahia argentata,Mid-trophic species,11,0.603562860333333,0.00297645958521747,0.00124651077777804
45,PortunusTrituberculatus,SSP1-2.6,0.997253135061728,Portunus trituberculatus,Invertebrate,8,0.979225898333333,0.0263180391257223,0.018027236728395
45,PortunusTrituberculatus,SSP5-8.5,1.00566903666667,Portunus trituberculatus,Invertebrate,8,0.979225898333333,0.0384419759778741,0.0264431383333371
45,ScomberJaponicus,SSP1-2.6,0.793674587283951,Scomber japonicus,Mid-trophic species,9,0.800297116333333,-0.0119880983726087,-0.00662252904938199
45,ScomberJaponicus,SSP5-8.5,0.791199007901235,Scomber japonicus,Mid-trophic species,9,0.800297116333333,-0.0164950937749942,-0.00909810843209802
45,ScomberomorusNiphonius,SSP1-2.6,0.665212345308642,Scomberomorus niphonius,Predator,2,0.657804968666667,0.0161550375814251,0.00740737664197499
45,ScomberomorusNiphonius,SSP5-8.5,0.666839830987654,Scomberomorus niphonius,Predator,2,0.657804968666667,0.0196803749943772,0.00903486232098694
45,TodarodesPacificus,SSP1-2.6,0.988068745308642,Todarodes pacificus,Invertebrate,6,0.981829813333333,0.00913844652259053,0.006238931975309
45,TodarodesPacificus,SSP5-8.5,0.999523969753086,Todarodes pacificus,Invertebrate,6,0.981829813333333,0.0257681899897222,0.017694156419753
45,TrachurusJaponicus,SSP1-2.6,0.459109898395062,Trachurus japonicus,Mid-trophic species,14,0.475030514,-0.0491806523507128,-0.015920615604938
45,TrachurusJaponicus,SSP5-8.5,0.463598699753086,Trachurus japonicus,Mid-trophic species,14,0.475030514,-0.0351436691470077,-0.011431814246914
45,TrachysalambriaCurvirostris,SSP1-2.6,0.853286014814815,Trachysalambria curvirostris,Invertebrate,7,0.845376871,0.0134347610848845,0.007909143814815
45,TrachysalambriaCurvirostris,SSP5-8.5,0.879822472098766,Trachysalambria curvirostris,Invertebrate,7,0.845376871,0.0576178088547541,0.0344456010987659
45,TrichiurusJaponicus,SSP1-2.6,1.20505325851852,Trichiurus japonicus,Predator,3,1.232760815,-0.0327960004497109,-0.0277075564814799
45,TrichiurusJaponicus,SSP5-8.5,1.18982014888889,Trichiurus japonicus,Predator,3,1.232760815,-0.0511493948651288,-0.04294066611111
46,DecapterusMaruadsi,SSP1-2.6,0.536837806049383,Decapterus maruadsi,Mid-trophic species,10,0.538734305,-0.00508765974595162,-0.00189649895061694
46,DecapterusMaruadsi,SSP5-8.5,0.53232235962963,Decapterus maruadsi,Mid-trophic species,10,0.538734305,-0.0172737682425133,-0.00641194537036993
46,EngraulisJaponicus,SSP1-2.6,0.683863088765432,Engraulis japonicus,Prey,1,0.709993497666667,-0.0540982894620863,-0.026130408901235
46,EngraulisJaponicus,SSP5-8.5,0.655204297530864,Engraulis japonicus,Prey,1,0.709993497666667,-0.115860992296322,-0.054789200135803
46,LarimichthysPolyactis,SSP1-2.6,0.869671773580247,Larimichthys polyactis,Mid-trophic species,13,0.910309425333333,-0.0658860082206054,-0.040637651753086
46,LarimichthysPolyactis,SSP5-8.5,0.873729069382716,Larimichthys polyactis,Mid-trophic species,13,0.910309425333333,-0.0591710279856027,-0.036580355950617
46,MiichthysMiiuy,SSP1-2.6,0.575116346666667,Miichthys miiuy,Predator,5,0.602932594333333,-0.0681428787235532,-0.027816247666666
46,MiichthysMiiuy,SSP5-8.5,0.577967833703704,Miichthys miiuy,Predator,5,0.602932594333333,-0.0610075200682635,-0.024964760629629
46,MuraenesoxCinereus,SSP1-2.6,0.702441344074074,Muraenesox cinereus,Predator,4,0.690030168,0.0257183234199734,0.0124111760740739
46,MuraenesoxCinereus,SSP5-8.5,0.698837475555556,Muraenesox cinereus,Predator,4,0.690030168,0.018297538019911,0.00880730755555592
46,PampusArgenteus,SSP1-2.6,0.437718110617284,Pampus argenteus,Mid-trophic species,12,0.437892909333333,-0.000576012038226489,-0.000174798716049029
46,PampusArgenteus,SSP5-8.5,0.435787859012346,Pampus argenteus,Mid-trophic species,12,0.437892909333333,-0.00695208512235668,-0.00210505032098701
46,PennahiaArgentata,SSP1-2.6,0.611407520864198,Pennahia argentata,Mid-trophic species,11,0.563481477666667,0.117766110778869,0.047926043197531
46,PennahiaArgentata,SSP5-8.5,0.604405444444445,Pennahia argentata,Mid-trophic species,11,0.563481477666667,0.101148468257251,0.040923966777778
46,PortunusTrituberculatus,SSP1-2.6,1.02874083246914,Portunus trituberculatus,Invertebrate,8,1.00156925033333,0.0386173990797522,0.0271715821358101
46,PortunusTrituberculatus,SSP5-8.5,0.968773306172839,Portunus trituberculatus,Invertebrate,8,1.00156925033333,-0.0480311568732589,-0.032795944160491
46,ScomberJaponicus,SSP1-2.6,0.795707610617284,Scomber japonicus,Mid-trophic species,9,0.794684341333333,0.00185648037686655,0.00102326928395102
46,ScomberJaponicus,SSP5-8.5,0.792558048888889,Scomber japonicus,Mid-trophic species,9,0.794684341333333,-0.00386531183765845,-0.00212629244444396
46,ScomberomorusNiphonius,SSP1-2.6,0.665829222345679,Scomberomorus niphonius,Predator,2,0.660374238666667,0.0118683482833697,0.00545498367901198
46,ScomberomorusNiphonius,SSP5-8.5,0.666206469382716,Scomberomorus niphonius,Predator,2,0.660374238666667,0.0126855222486834,0.00583223071604899
46,TodarodesPacificus,SSP1-2.6,1.02097428777778,Todarodes pacificus,Invertebrate,6,1.02362323733333,-0.00373826973638977,-0.00264894955554995
46,TodarodesPacificus,SSP5-8.5,1.01327849395062,Todarodes pacificus,Invertebrate,6,1.02362323733333,-0.0146540582333996,-0.01034474338271
46,TrachurusJaponicus,SSP1-2.6,0.467890261975309,Trachurus japonicus,Mid-trophic species,14,0.463371666,0.014000372975685,0.00451859597530896
46,TrachurusJaponicus,SSP5-8.5,0.463785419012346,Trachurus japonicus,Mid-trophic species,14,0.463371666,0.00128763392598465,0.000413753012345974
46,TrachysalambriaCurvirostris,SSP1-2.6,0.855341745061729,Trachysalambria curvirostris,Invertebrate,7,0.846113296333333,0.0156500964767487,0.00922844872839601
46,TrachysalambriaCurvirostris,SSP5-8.5,0.832423496049383,Trachysalambria curvirostris,Invertebrate,7,0.846113296333333,-0.0235331688832014,-0.01368980028395
46,TrichiurusJaponicus,SSP1-2.6,1.16184978888889,Trichiurus japonicus,Predator,3,1.20641141466667,-0.0542984238080284,-0.0445616257777801
46,TrichiurusJaponicus,SSP5-8.5,1.13932377827161,Trichiurus japonicus,Predator,3,1.20641141466667,-0.0825441870620554,-0.0670876363950601
47,DecapterusMaruadsi,SSP1-2.6,0.536980480740741,Decapterus maruadsi,Mid-trophic species,10,0.536871902333333,0.000291744997576815,0.000108578407407967
47,DecapterusMaruadsi,SSP5-8.5,0.535343299753086,Decapterus maruadsi,Mid-trophic species,10,0.536871902333333,-0.0041135564050956,-0.00152860258024701
47,EngraulisJaponicus,SSP1-2.6,0.667377799382716,Engraulis japonicus,Prey,1,0.682229269666667,-0.0317529567606131,-0.014851470283951
47,EngraulisJaponicus,SSP5-8.5,0.66081234,Engraulis japonicus,Prey,1,0.682229269666667,-0.0460160243162138,-0.021416929666667
47,LarimichthysPolyactis,SSP1-2.6,0.879842082716049,Larimichthys polyactis,Mid-trophic species,13,0.844204247,0.0596525196024634,0.0356378357160491
47,LarimichthysPolyactis,SSP5-8.5,0.890005079259259,Larimichthys polyactis,Mid-trophic species,13,0.844204247,0.0762214823783355,0.045800832259259
47,MiichthysMiiuy,SSP1-2.6,0.57339274308642,Miichthys miiuy,Predator,5,0.593832182666667,-0.0505316363275953,-0.0204394395802471
47,MiichthysMiiuy,SSP5-8.5,0.571909618888889,Miichthys miiuy,Predator,5,0.593832182666667,-0.0542681118503571,-0.021922563777778
47,MuraenesoxCinereus,SSP1-2.6,0.702941206666667,Muraenesox cinereus,Predator,4,0.690181919333333,0.0264273486566658,0.0127592873333341
47,MuraenesoxCinereus,SSP5-8.5,0.69718756962963,Muraenesox cinereus,Predator,4,0.690181919333333,0.0145701673946048,0.00700565029629707
47,PampusArgenteus,SSP1-2.6,0.435176573950617,Pampus argenteus,Mid-trophic species,12,0.436108639666667,-0.00308667489877936,-0.000932065716050035
47,PampusArgenteus,SSP5-8.5,0.434575031111111,Pampus argenteus,Mid-trophic species,12,0.436108639666667,-0.00508228607043687,-0.00153360855555601
47,PennahiaArgentata,SSP1-2.6,0.60316601037037,Pennahia argentata,Mid-trophic species,11,0.603312427333333,-0.000350167928086392,-0.000146416962963025
47,PennahiaArgentata,SSP5-8.5,0.612798495061728,Pennahia argentata,Mid-trophic species,11,0.603312427333333,0.0225074542016722,0.009486067728395
47,PortunusTrituberculatus,SSP1-2.6,1.00166480592593,Portunus trituberculatus,Invertebrate,8,0.963405135333333,0.0561852910005008,0.0382596705925971
47,PortunusTrituberculatus,SSP5-8.5,0.963253421111111,Portunus trituberculatus,Invertebrate,8,0.963405135333333,-0.00022720928495859,-0.000151714222222044
47,ScomberJaponicus,SSP1-2.6,0.794579543950617,Scomber japonicus,Mid-trophic species,9,0.801144581,-0.0118709740420966,-0.00656503704938294
47,ScomberJaponicus,SSP5-8.5,0.784436928518519,Scomber japonicus,Mid-trophic species,9,0.801144581,-0.0304051723773795,-0.016707652481481
47,ScomberomorusNiphonius,SSP1-2.6,0.666983578888889,Scomberomorus niphonius,Predator,2,0.66002612,0.0151281236578875,0.00695745888888899
47,ScomberomorusNiphonius,SSP5-8.5,0.670178621111111,Scomberomorus niphonius,Predator,2,0.66002612,0.0220225458032183,0.010152501111111
47,TodarodesPacificus,SSP1-2.6,0.988544761234568,Todarodes pacificus,Invertebrate,6,0.970170550333333,0.0270679055777222,0.018374210901235
47,TodarodesPacificus,SSP5-8.5,0.981733363950617,Todarodes pacificus,Invertebrate,6,0.970170550333333,0.0170928588008194,0.0115628136172841
47,TrachurusJaponicus,SSP1-2.6,0.46676866654321,Trachurus japonicus,Mid-trophic species,14,0.466305929,0.00143094499998356,0.000462737543209968
47,TrachurusJaponicus,SSP5-8.5,0.459099298148148,Trachurus japonicus,Mid-trophic species,14,0.466305929,-0.0224705468947299,-0.00720663085185203
47,TrachysalambriaCurvirostris,SSP1-2.6,0.879615145061728,Trachysalambria curvirostris,Invertebrate,7,0.838556586333333,0.0689643034247749,0.041058558728395
47,TrachysalambriaCurvirostris,SSP5-8.5,0.89925001,Trachysalambria curvirostris,Invertebrate,7,0.838556586333333,0.100814129347839,0.0606934236666671
47,TrichiurusJaponicus,SSP1-2.6,1.14673710790123,Trichiurus japonicus,Predator,3,1.15398103666667,-0.00908482828763593,-0.00724392876544
47,TrichiurusJaponicus,SSP5-8.5,1.20489266864198,Trichiurus japonicus,Predator,3,1.15398103666667,0.0622851210635944,0.05091163197531
48,DecapterusMaruadsi,SSP1-2.6,0.539003171234568,Decapterus maruadsi,Mid-trophic species,10,0.540584560333333,-0.00422654644091383,-0.00158138909876504
48,DecapterusMaruadsi,SSP5-8.5,0.53507614037037,Decapterus maruadsi,Mid-trophic species,10,0.540584560333333,-0.0147761085394997,-0.00550841996296303
48,EngraulisJaponicus,SSP1-2.6,0.673899567901235,Engraulis japonicus,Prey,1,0.686838200666667,-0.0274366808200903,-0.0129386327654321
48,EngraulisJaponicus,SSP5-8.5,0.664215381234568,Engraulis japonicus,Prey,1,0.686838200666667,-0.0483191498792658,-0.022622819432099
48,LarimichthysPolyactis,SSP1-2.6,0.878767165308642,Larimichthys polyactis,Mid-trophic species,13,0.870510707666667,0.0136189214240751,0.00825645764197491
48,LarimichthysPolyactis,SSP5-8.5,0.875746586790123,Larimichthys polyactis,Mid-trophic species,13,0.870510707666667,0.00865141638235713,0.00523587912345591
48,MiichthysMiiuy,SSP1-2.6,0.578383191604938,Miichthys miiuy,Predator,5,0.582705408,-0.010741073445136,-0.00432221639506203
48,MiichthysMiiuy,SSP5-8.5,0.58083465308642,Miichthys miiuy,Predator,5,0.582705408,-0.00463917187287507,-0.00187075491358002
48,MuraenesoxCinereus,SSP1-2.6,0.703692955308642,Muraenesox cinereus,Predator,4,0.687401388333333,0.0337933047238011,0.016291566975309
48,MuraenesoxCinereus,SSP5-8.5,0.702331968641975,Muraenesox cinereus,Predator,4,0.687401388333333,0.0310003395430169,0.014930580308642
48,PampusArgenteus,SSP1-2.6,0.436493030617284,Pampus argenteus,Mid-trophic species,12,0.437400667333333,-0.00299680261588451,-0.000907636716048987
48,PampusArgenteus,SSP5-8.5,0.433025930617284,Pampus argenteus,Mid-trophic species,12,0.437400667333333,-0.0145020019469579,-0.00437473671604899
48,PennahiaArgentata,SSP1-2.6,0.606571727283951,Pennahia argentata,Mid-trophic species,11,0.555121545666667,0.127874565725533,0.051450181617284
48,PennahiaArgentata,SSP5-8.5,0.610227570740741,Pennahia argentata,Mid-trophic species,11,0.555121545666667,0.136543675091507,0.0551060250740739
48,PortunusTrituberculatus,SSP1-2.6,1.01357748259259,Portunus trituberculatus,Invertebrate,8,1.01364300566667,-9.32605156858626e-05,-6.55230740800317e-05
48,PortunusTrituberculatus,SSP5-8.5,0.999861586666667,Portunus trituberculatus,Invertebrate,8,1.01364300566667,-0.0197493419279453,-0.0137814190000031
48,ScomberJaponicus,SSP1-2.6,0.793646253580247,Scomber japonicus,Mid-trophic species,9,0.792549564,0.00199494772762814,0.001096689580247
48,ScomberJaponicus,SSP5-8.5,0.785251948641975,Scomber japonicus,Mid-trophic species,9,0.792549564,-0.0133455424884215,-0.00729761535802498
48,ScomberomorusNiphonius,SSP1-2.6,0.666208444938272,Scomberomorus niphonius,Predator,2,0.654896673666667,0.0247063385326625,0.011311771271605
48,ScomberomorusNiphonius,SSP5-8.5,0.667250764938272,Scomberomorus niphonius,Predator,2,0.654896673666667,0.0269617509069539,0.0123540912716049
48,TodarodesPacificus,SSP1-2.6,1.02795799358025,Todarodes pacificus,Invertebrate,6,0.983895794666667,0.063203879951338,0.0440621989135831
48,TodarodesPacificus,SSP5-8.5,1.0165408254321,Todarodes pacificus,Invertebrate,6,0.983895794666667,0.0470907250417228,0.032645030765433
48,TrachurusJaponicus,SSP1-2.6,0.466201880246914,Trachurus japonicus,Mid-trophic species,14,0.477679678,-0.0350886782807551,-0.011477797753086
48,TrachurusJaponicus,SSP5-8.5,0.45921093617284,Trachurus japonicus,Mid-trophic species,14,0.477679678,-0.0568865009103018,-0.01846874182716
48,TrachysalambriaCurvirostris,SSP1-2.6,0.82064183037037,Trachysalambria curvirostris,Invertebrate,7,0.871028878,-0.0859678563394944,-0.05038704762963
48,TrachysalambriaCurvirostris,SSP5-8.5,0.850138125185185,Trachysalambria curvirostris,Invertebrate,7,0.871028878,-0.0350232901142869,-0.020890752814815
48,TrichiurusJaponicus,SSP1-2.6,1.1878655191358,Trichiurus japonicus,Predator,3,1.25873008666667,-0.083597440011564,-0.0708645675308699
48,TrichiurusJaponicus,SSP5-8.5,1.17686625209877,Trichiurus japonicus,Predator,3,1.25873008666667,-0.0970185837057614,-0.0818638345678999
49,DecapterusMaruadsi,SSP1-2.6,0.534991811358025,Decapterus maruadsi,Mid-trophic species,10,0.541144410666667,-0.0164968357101471,-0.00615259930864198
49,DecapterusMaruadsi,SSP5-8.5,0.533458874320988,Decapterus maruadsi,Mid-trophic species,10,0.541144410666667,-0.0206365909809011,-0.00768553634567892
49,EngraulisJaponicus,SSP1-2.6,0.677695816049383,Engraulis japonicus,Prey,1,0.714605031333333,-0.076508206983917,-0.03690921528395
49,EngraulisJaponicus,SSP5-8.5,0.680358695185185,Engraulis japonicus,Prey,1,0.714605031333333,-0.0708505144311794,-0.034246336148148
49,LarimichthysPolyactis,SSP1-2.6,0.87316252382716,Larimichthys polyactis,Mid-trophic species,13,0.845698672333333,0.0461064973877167,0.027463851493827
49,LarimichthysPolyactis,SSP5-8.5,0.850310299012346,Larimichthys polyactis,Mid-trophic species,13,0.845698672333333,0.00784569828289239,0.00461162667901305
49,MiichthysMiiuy,SSP1-2.6,0.581240419259259,Miichthys miiuy,Predator,5,0.580034951666667,0.0029951943974612,0.00120546759259199
49,MiichthysMiiuy,SSP5-8.5,0.59084499345679,Miichthys miiuy,Predator,5,0.580034951666667,0.0266398564244439,0.010810041790123
49,MuraenesoxCinereus,SSP1-2.6,0.705813025925926,Muraenesox cinereus,Predator,4,0.688095837333333,0.0366765394857596,0.017717188592593
49,MuraenesoxCinereus,SSP5-8.5,0.703059136296296,Muraenesox cinereus,Predator,4,0.688095837333333,0.031036527455771,0.014963298962963
49,PampusArgenteus,SSP1-2.6,0.436113830987654,Pampus argenteus,Mid-trophic species,12,0.433855081333333,0.0074915188373298,0.00225874965432099
49,PampusArgenteus,SSP5-8.5,0.434724793209877,Pampus argenteus,Mid-trophic species,12,0.433855081333333,0.00288915151594156,0.000869711876543999
49,PennahiaArgentata,SSP1-2.6,0.604798274320988,Pennahia argentata,Mid-trophic species,11,0.597694092,0.017046740812791,0.00710418232098797
49,PennahiaArgentata,SSP5-8.5,0.603769239876543,Pennahia argentata,Mid-trophic species,11,0.597694092,0.0145899757066258,0.00607514787654295
49,PortunusTrituberculatus,SSP1-2.6,1.01107402530864,Portunus trituberculatus,Invertebrate,8,0.989465936,0.0311666812664284,0.0216080893086401
49,PortunusTrituberculatus,SSP5-8.5,0.969332904197531,Portunus trituberculatus,Invertebrate,8,0.989465936,-0.0296578162420668,-0.0201330318024689
49,ScomberJaponicus,SSP1-2.6,0.792385361481482,Scomber japonicus,Mid-trophic species,9,0.802202554333333,-0.0177643317761278,-0.00981719285185101
49,ScomberJaponicus,SSP5-8.5,0.790250354938272,Scomber japonicus,Mid-trophic species,9,0.802202554333333,-0.0216567818057616,-0.011952199395061
49,ScomberomorusNiphonius,SSP1-2.6,0.665720160617284,Scomberomorus niphonius,Predator,2,0.656863392666667,0.0193224937265293,0.00885676795061696
49,ScomberomorusNiphonius,SSP5-8.5,0.667944698271605,Scomberomorus niphonius,Predator,2,0.656863392666667,0.0241352956791203,0.0110813056049379
49,TodarodesPacificus,SSP1-2.6,1.01448269716049,Todarodes pacificus,Invertebrate,6,1.02246592833333,-0.0113085100423899,-0.00798323117283983
49,TodarodesPacificus,SSP5-8.5,1.01847106987654,Todarodes pacificus,Invertebrate,6,1.02246592833333,-0.00564776850052988,-0.00399485845678993
49,TrachurusJaponicus,SSP1-2.6,0.457388903703704,Trachurus japonicus,Mid-trophic species,14,0.473540166,-0.0500654349999509,-0.016151262296296
49,TrachurusJaponicus,SSP5-8.5,0.464840009135803,Trachurus japonicus,Mid-trophic species,14,0.473540166,-0.0267525533071583,-0.00870015686419701
49,TrachysalambriaCurvirostris,SSP1-2.6,0.869613247037037,Trachysalambria curvirostris,Invertebrate,7,0.807179184,0.10748494759219,0.062434063037037
49,TrachysalambriaCurvirostris,SSP5-8.5,0.862653362962963,Trachysalambria curvirostris,Invertebrate,7,0.807179184,0.0958919927770955,0.055474178962963
49,TrichiurusJaponicus,SSP1-2.6,1.19615860765432,Trichiurus japonicus,Predator,3,1.30731138,-0.128194108225352,-0.11115277234568
49,TrichiurusJaponicus,SSP5-8.5,1.16069964753086,Trichiurus japonicus,Predator,3,1.30731138,-0.171608111704635,-0.14661173246914
50,DecapterusMaruadsi,SSP1-2.6,0.537619906666667,Decapterus maruadsi,Mid-trophic species,10,0.538575209666667,-0.00256126652447672,-0.000955303000000018
50,DecapterusMaruadsi,SSP5-8.5,0.534187140864198,Decapterus maruadsi,Mid-trophic species,10,0.538575209666667,-0.0118025775328284,-0.004388068802469
50,EngraulisJaponicus,SSP1-2.6,0.691019651234568,Engraulis japonicus,Prey,1,0.734760970333333,-0.0885482555701153,-0.043741319098765
50,EngraulisJaponicus,SSP5-8.5,0.659896940864198,Engraulis japonicus,Prey,1,0.734760970333333,-0.15503426441237,-0.074864029469135
50,LarimichthysPolyactis,SSP1-2.6,0.876486650123457,Larimichthys polyactis,Mid-trophic species,13,0.868229385333333,0.0136558656724057,0.0082572647901239
50,LarimichthysPolyactis,SSP5-8.5,0.876790480123457,Larimichthys polyactis,Mid-trophic species,13,0.868229385333333,0.014155882504998,0.0085610947901239
50,MiichthysMiiuy,SSP1-2.6,0.588668655061728,Miichthys miiuy,Predator,5,0.571881282333333,0.0417401233471337,0.016787372728395
50,MiichthysMiiuy,SSP5-8.5,0.588773462469136,Miichthys miiuy,Predator,5,0.571881282333333,0.0419969599679136,0.016892180135803
50,MuraenesoxCinereus,SSP1-2.6,0.702334250864198,Muraenesox cinereus,Predator,4,0.690551983666667,0.024407770678608,0.011782267197531
50,MuraenesoxCinereus,SSP5-8.5,0.701691976666667,Muraenesox cinereus,Predator,4,0.690551983666667,0.0230878439619501,0.011139993
50,PampusArgenteus,SSP1-2.6,0.434510024320988,Pampus argenteus,Mid-trophic species,12,0.435382940333333,-0.00289541834685383,-0.000872916012345015
50,PampusArgenteus,SSP5-8.5,0.434791178765432,Pampus argenteus,Mid-trophic species,12,0.435382940333333,-0.00196220869425859,-0.000591761567901028
50,PennahiaArgentata,SSP1-2.6,0.60414208037037,Pennahia argentata,Mid-trophic species,11,0.590508902333333,0.0329290688403498,0.013633178037037
50,PennahiaArgentata,SSP5-8.5,0.596821603209877,Pennahia argentata,Mid-trophic species,11,0.590508902333333,0.0153409484918506,0.00631270087654401
50,PortunusTrituberculatus,SSP1-2.6,0.982800978765432,Portunus trituberculatus,Invertebrate,8,1.01890216,-0.0520443238920206,-0.0361011812345678
50,PortunusTrituberculatus,SSP5-8.5,0.992944202222222,Portunus trituberculatus,Invertebrate,8,1.01890216,-0.0372309695317536,-0.0259579577777779
50,ScomberJaponicus,SSP1-2.6,0.791070678024691,Scomber japonicus,Mid-trophic species,9,0.799887547333333,-0.0159905944075384,-0.00881686930864201
50,ScomberJaponicus,SSP5-8.5,0.79027359691358,Scomber japonicus,Mid-trophic species,9,0.799887547333333,-0.0174449836658414,-0.00961395041975299
50,ScomberomorusNiphonius,SSP1-2.6,0.665953662716049,Scomberomorus niphonius,Predator,2,0.658982754,0.0151810880978869,0.00697090871604911
50,ScomberomorusNiphonius,SSP5-8.5,0.667930061111111,Scomberomorus niphonius,Predator,2,0.658982754,0.0194563366807336,0.00894730711111103
50,TodarodesPacificus,SSP1-2.6,1.01354543851852,Todarodes pacificus,Invertebrate,6,1.00044054833333,0.0187753311546365,0.01310489018519
50,TodarodesPacificus,SSP5-8.5,1.01513289506173,Todarodes pacificus,Invertebrate,6,1.00044054833333,0.0210331717516925,0.0146923467283999
50,TrachurusJaponicus,SSP1-2.6,0.46418469691358,Trachurus japonicus,Mid-trophic species,14,0.475362411333333,-0.0343288673726452,-0.011177714419753
50,TrachurusJaponicus,SSP5-8.5,0.459366729753086,Trachurus japonicus,Mid-trophic species,14,0.475362411333333,-0.0493814571589596,-0.015995681580247
50,TrachysalambriaCurvirostris,SSP1-2.6,0.860305407777778,Trachysalambria curvirostris,Invertebrate,7,0.888369612666667,-0.0463111388815922,-0.0280642048888891
50,TrachysalambriaCurvirostris,SSP5-8.5,0.861581365555556,Trachysalambria curvirostris,Invertebrate,7,0.888369612666667,-0.0441729979494089,-0.0267882471111111
50,TrichiurusJaponicus,SSP1-2.6,1.15607535679012,Trichiurus japonicus,Predator,3,1.24125040966667,-0.102558753399427,-0.08517505287655
50,TrichiurusJaponicus,SSP5-8.5,1.22902538888889,Trichiurus japonicus,Predator,3,1.24125040966667,-0.0142794750661408,-0.0122250207777801
51,DecapterusMaruadsi,SSP1-2.6,0.538104110246914,Decapterus maruadsi,Mid-trophic species,10,0.542401834666667,-0.0114767316820259,-0.00429772441975307
51,DecapterusMaruadsi,SSP5-8.5,0.53443813691358,Decapterus maruadsi,Mid-trophic species,10,0.542401834666667,-0.0213390977727392,-0.00796369775308703
51,EngraulisJaponicus,SSP1-2.6,0.68389685617284,Engraulis japonicus,Prey,1,0.697168175,-0.0277279560343861,-0.0132713188271599
51,EngraulisJaponicus,SSP5-8.5,0.68021705691358,Engraulis japonicus,Prey,1,0.697168175,-0.0355115303667279,-0.0169511180864199
51,LarimichthysPolyactis,SSP1-2.6,0.859650508148148,Larimichthys polyactis,Mid-trophic species,13,0.831328711666667,0.048331210891068,0.028321796481481
51,LarimichthysPolyactis,SSP5-8.5,0.876066544320988,Larimichthys polyactis,Mid-trophic species,13,0.831328711666667,0.0756214194389252,0.044737832654321
51,MiichthysMiiuy,SSP1-2.6,0.58480265382716,Miichthys miiuy,Predator,5,0.56471798,0.0504192923619321,0.0200846738271601
51,MiichthysMiiuy,SSP5-8.5,0.574592015679012,Miichthys miiuy,Predator,5,0.56471798,0.025007379970452,0.00987403567901202
51,MuraenesoxCinereus,SSP1-2.6,0.70290764037037,Muraenesox cinereus,Predator,4,0.683604044,0.0401742050209431,0.01930359637037
51,MuraenesoxCinereus,SSP5-8.5,0.702666009506173,Muraenesox cinereus,Predator,4,0.683604044,0.0396781802797745,0.019061965506173
51,PampusArgenteus,SSP1-2.6,0.435346501975309,Pampus argenteus,Mid-trophic species,12,0.439197666,-0.012706256260385,-0.00385116402469099
51,PampusArgenteus,SSP5-8.5,0.435420013827161,Pampus argenteus,Mid-trophic species,12,0.439197666,-0.0124626658548269,-0.00377765217283899
51,PennahiaArgentata,SSP1-2.6,0.601996537160494,Pennahia argentata,Mid-trophic species,11,0.590241596,0.0284495930889079,0.0117549411604939
51,PennahiaArgentata,SSP5-8.5,0.611755779506173,Pennahia argentata,Mid-trophic species,11,0.590241596,0.0516502309314914,0.021514183506173
51,PortunusTrituberculatus,SSP1-2.6,0.984440951728395,Portunus trituberculatus,Invertebrate,8,1.034012481,-0.0708770209589996,-0.049571529271605
51,PortunusTrituberculatus,SSP5-8.5,0.983488862098765,Portunus trituberculatus,Invertebrate,8,1.034012481,-0.0722729803927828,-0.050523618901235
51,ScomberJaponicus,SSP1-2.6,0.795004852962963,Scomber japonicus,Mid-trophic species,9,0.795588879333333,-0.00105944336261071,-0.000584026370370028
51,ScomberJaponicus,SSP5-8.5,0.783579597777778,Scomber japonicus,Mid-trophic species,9,0.795588879333333,-0.021943276108028,-0.012009281555555
51,ScomberomorusNiphonius,SSP1-2.6,0.667221212839506,Scomberomorus niphonius,Predator,2,0.655656207333333,0.0252256194232477,0.011565005506173
51,ScomberomorusNiphonius,SSP5-8.5,0.669938715308642,Scomberomorus niphonius,Predator,2,0.655656207333333,0.0310895892459388,0.0142825079753091
51,TodarodesPacificus,SSP1-2.6,1.01223469160494,Todarodes pacificus,Invertebrate,6,0.973510247,0.0562757550792758,0.0387244446049401
51,TodarodesPacificus,SSP5-8.5,1.00716427518519,Todarodes pacificus,Invertebrate,6,0.973510247,0.0490309459883424,0.0336540281851899
51,TrachurusJaponicus,SSP1-2.6,0.465084841604938,Trachurus japonicus,Mid-trophic species,14,0.473697086333333,-0.026470878837137,-0.008612244728395
51,TrachurusJaponicus,SSP5-8.5,0.462625519259259,Trachurus japonicus,Mid-trophic species,14,0.473697086333333,-0.0341199482303062,-0.011071567074074
51,TrachysalambriaCurvirostris,SSP1-2.6,0.897596038765432,Trachysalambria curvirostris,Invertebrate,7,0.896161921333333,0.00230688263880003,0.00143411743209909
51,TrachysalambriaCurvirostris,SSP5-8.5,0.854034936296296,Trachysalambria curvirostris,Invertebrate,7,0.896161921333333,-0.0694643386110864,-0.0421269850370369
51,TrichiurusJaponicus,SSP1-2.6,1.17740289185185,Trichiurus japonicus,Predator,3,1.28607498666667,-0.127366687557755,-0.10867209481482
51,TrichiurusJaponicus,SSP5-8.5,1.14660163234568,Trichiurus japonicus,Predator,3,1.28607498666667,-0.16561052574251,-0.13947335432099
52,DecapterusMaruadsi,SSP1-2.6,0.535729558641975,Decapterus maruadsi,Mid-trophic species,10,0.545708492666667,-0.0266255977179215,-0.00997893402469197
52,DecapterusMaruadsi,SSP5-8.5,0.536944544814815,Decapterus maruadsi,Mid-trophic species,10,0.545708492666667,-0.0233574004709471,-0.00876394785185197
52,EngraulisJaponicus,SSP1-2.6,0.667909241481481,Engraulis japonicus,Prey,1,0.705666410666667,-0.0793342640222826,-0.037757169185186
52,EngraulisJaponicus,SSP5-8.5,0.655315831358025,Engraulis japonicus,Prey,1,0.705666410666667,-0.106795954834096,-0.0503505793086421
52,LarimichthysPolyactis,SSP1-2.6,0.864842545802469,Larimichthys polyactis,Mid-trophic species,13,0.866421174,-0.00263100263366549,-0.00157862819753096
52,LarimichthysPolyactis,SSP5-8.5,0.866480977901235,Larimichthys polyactis,Mid-trophic species,13,0.866421174,9.95772227269182e-05,5.9803901235056e-05
52,MiichthysMiiuy,SSP1-2.6,0.571357512839506,Miichthys miiuy,Predator,5,0.579930973666667,-0.0214874346644523,-0.00857346082716104
52,MiichthysMiiuy,SSP5-8.5,0.577532333580247,Miichthys miiuy,Predator,5,0.579930973666667,-0.00597947440692408,-0.00239864008641999
52,MuraenesoxCinereus,SSP1-2.6,0.700276466296296,Muraenesox cinereus,Predator,4,0.691434173333333,0.0183326957503025,0.00884229296296302
52,MuraenesoxCinereus,SSP5-8.5,0.699631174074074,Muraenesox cinereus,Predator,4,0.691434173333333,0.0170026652139825,0.00819700074074103
52,PampusArgenteus,SSP1-2.6,0.437492787901235,Pampus argenteus,Mid-trophic species,12,0.434616428,0.00951652645438834,0.00287635990123503
52,PampusArgenteus,SSP5-8.5,0.434949662222222,Pampus argenteus,Mid-trophic species,12,0.434616428,0.0011057362719041,0.000333234222221979
52,PennahiaArgentata,SSP1-2.6,0.601887585061728,Pennahia argentata,Mid-trophic species,11,0.581166116,0.0505434677489032,0.020721469061728
52,PennahiaArgentata,SSP5-8.5,0.604175528024691,Pennahia argentata,Mid-trophic species,11,0.581166116,0.0560171579567763,0.023009412024691
52,PortunusTrituberculatus,SSP1-2.6,0.993660843333333,Portunus trituberculatus,Invertebrate,8,1.00368652633333,-0.014483334088424,-0.0100256829999971
52,PortunusTrituberculatus,SSP5-8.5,0.994670912345679,Portunus trituberculatus,Invertebrate,8,1.00368652633333,-0.0130175609082127,-0.00901561398765116
52,ScomberJaponicus,SSP1-2.6,0.788522197283951,Scomber japonicus,Mid-trophic species,9,0.800684227,-0.0220820180966415,-0.012162029716049
52,ScomberJaponicus,SSP5-8.5,0.788154995061728,Scomber japonicus,Mid-trophic species,9,0.800684227,-0.0227540146691225,-0.0125292319382719
52,ScomberomorusNiphonius,SSP1-2.6,0.665344249135803,Scomberomorus niphonius,Predator,2,0.658839057666667,0.0141748999912053,0.00650519146913609
52,ScomberomorusNiphonius,SSP5-8.5,0.666667837037037,Scomberomorus niphonius,Predator,2,0.658839057666667,0.0170420426389323,0.00782877937037008
52,TodarodesPacificus,SSP1-2.6,1.03027957345679,Todarodes pacificus,Invertebrate,6,1.02932557166667,0.0013365025362219,0.000954001790119952
52,TodarodesPacificus,SSP5-8.5,1.01477401074074,Todarodes pacificus,Invertebrate,6,1.02932557166667,-0.0205408969391789,-0.0145515609259301
52,TrachurusJaponicus,SSP1-2.6,0.462862075185185,Trachurus japonicus,Mid-trophic species,14,0.475688031,-0.0394333658623609,-0.012825955814815
52,TrachurusJaponicus,SSP5-8.5,0.459162065185185,Trachurus japonicus,Mid-trophic species,14,0.475688031,-0.0510122703579709,-0.016525965814815
52,TrachysalambriaCurvirostris,SSP1-2.6,0.872372238641975,Trachysalambria curvirostris,Invertebrate,7,0.867020538333333,0.00887769106677474,0.00535170030864196
52,TrachysalambriaCurvirostris,SSP5-8.5,0.878589794814815,Trachysalambria curvirostris,Invertebrate,7,0.867020538333333,0.0191235730304304,0.011569256481482
52,TrichiurusJaponicus,SSP1-2.6,1.24667460728395,Trichiurus japonicus,Predator,3,1.36863360666667,-0.134651319578445,-0.12195899938272
52,TrichiurusJaponicus,SSP5-8.5,1.13846467518519,Trichiurus japonicus,Predator,3,1.36863360666667,-0.265646750604837,-0.23016893148148
53,DecapterusMaruadsi,SSP1-2.6,0.532355082222222,Decapterus maruadsi,Mid-trophic species,10,0.542633299666667,-0.0275887357778994,-0.0102782174444449
53,DecapterusMaruadsi,SSP5-8.5,0.53579565308642,Decapterus maruadsi,Mid-trophic species,10,0.542633299666667,-0.0182947072741463,-0.00683764658024699
53,EngraulisJaponicus,SSP1-2.6,0.678083579876543,Engraulis japonicus,Prey,1,0.692858337,-0.031097297208246,-0.014774757123457
53,EngraulisJaponicus,SSP5-8.5,0.650403072592593,Engraulis japonicus,Prey,1,0.692858337,-0.0912263337030497,-0.042455264407407
53,LarimichthysPolyactis,SSP1-2.6,0.870133281975309,Larimichthys polyactis,Mid-trophic species,13,0.868305764333334,0.0030332402117139,0.00182751764197509
53,LarimichthysPolyactis,SSP5-8.5,0.860254748518519,Larimichthys polyactis,Mid-trophic species,13,0.868305764333334,-0.01343921083068,-0.00805101581481493
53,MiichthysMiiuy,SSP1-2.6,0.582652471851852,Miichthys miiuy,Predator,5,0.575696933666667,0.0173261038622161,0.00695553818518502
53,MiichthysMiiuy,SSP5-8.5,0.578482501481482,Miichthys miiuy,Predator,5,0.575696933666667,0.00696379185573935,0.00278556781481498
53,MuraenesoxCinereus,SSP1-2.6,0.701088721604938,Muraenesox cinereus,Predator,4,0.691513392333333,0.0198398345426713,0.00957532927160498
53,MuraenesoxCinereus,SSP5-8.5,0.700608905185185,Muraenesox cinereus,Predator,4,0.691513392333333,0.0188521339386008,0.00909551285185206
53,PampusArgenteus,SSP1-2.6,0.436024975061728,Pampus argenteus,Mid-trophic species,12,0.432906561333333,0.010355106582286,0.003118413728395
53,PampusArgenteus,SSP5-8.5,0.435000535555556,Pampus argenteus,Mid-trophic species,12,0.432906561333333,0.00696151027837498,0.00209397422222302
53,PennahiaArgentata,SSP1-2.6,0.601212017777778,Pennahia argentata,Mid-trophic species,11,0.588067505666667,0.0318920729749934,0.013144512111111
53,PennahiaArgentata,SSP5-8.5,0.609994195185185,Pennahia argentata,Mid-trophic species,11,0.588067505666667,0.052813738834104,0.0219266895185181
53,PortunusTrituberculatus,SSP1-2.6,0.984423702839506,Portunus trituberculatus,Invertebrate,8,0.995241060333333,-0.0157666122337147,-0.0108173574938271
53,PortunusTrituberculatus,SSP5-8.5,1.02996133469136,Portunus trituberculatus,Invertebrate,8,0.995241060333333,0.049472266264474,0.0347202743580271
53,ScomberJaponicus,SSP1-2.6,0.792017659876543,Scomber japonicus,Mid-trophic species,9,0.789382182333333,0.0048086433304534,0.00263547754321003
53,ScomberJaponicus,SSP5-8.5,0.789938555925926,Scomber japonicus,Mid-trophic species,9,0.789382182333333,0.00101648441216031,0.000556373592592974
53,ScomberomorusNiphonius,SSP1-2.6,0.66705506962963,Scomberomorus niphonius,Predator,2,0.659320185666667,0.0168266185466281,0.00773488396296307
53,ScomberomorusNiphonius,SSP5-8.5,0.666081043950617,Scomberomorus niphonius,Predator,2,0.659320185666667,0.014718473320436,0.00676085828395001
53,TodarodesPacificus,SSP1-2.6,1.00416214987654,Todarodes pacificus,Invertebrate,6,1.022803562,-0.0265368387136418,-0.0186414121234599
53,TodarodesPacificus,SSP5-8.5,1.01335223876543,Todarodes pacificus,Invertebrate,6,1.022803562,-0.0133933514174085,-0.0094513232345701
53,TrachurusJaponicus,SSP1-2.6,0.464093018024691,Trachurus japonicus,Mid-trophic species,14,0.473822372333333,-0.0299323262291361,-0.00972935430864202
53,TrachurusJaponicus,SSP5-8.5,0.46284544345679,Trachurus japonicus,Mid-trophic species,14,0.473822372333333,-0.0338158002758985,-0.010976928876543
53,TrachysalambriaCurvirostris,SSP1-2.6,0.863021340493827,Trachysalambria curvirostris,Invertebrate,7,0.846709103333333,0.0275298341297981,0.0163122371604939
53,TrachysalambriaCurvirostris,SSP5-8.5,0.901226486666667,Trachysalambria curvirostris,Invertebrate,7,0.846709103333333,0.0900233142151942,0.054517383333334
53,TrichiurusJaponicus,SSP1-2.6,1.16761827320988,Trichiurus japonicus,Predator,3,1.25081085333333,-0.0992949484626267,-0.0831925801234499
53,TrichiurusJaponicus,SSP5-8.5,1.15613573691358,Trichiurus japonicus,Predator,3,1.25081085333333,-0.113552854360826,-0.0946751164197499
54,DecapterusMaruadsi,SSP1-2.6,0.533342276419753,Decapterus maruadsi,Mid-trophic species,10,0.536883650666667,-0.00954778160788251,-0.00354137424691403
54,DecapterusMaruadsi,SSP5-8.5,0.532922819012346,Decapterus maruadsi,Mid-trophic species,10,0.536883650666667,-0.0106828635970414,-0.00396083165432104
54,EngraulisJaponicus,SSP1-2.6,0.681765272469136,Engraulis japonicus,Prey,1,0.692127992,-0.0217637395621856,-0.010362719530864
54,EngraulisJaponicus,SSP5-8.5,0.647581583703704,Engraulis japonicus,Prey,1,0.692127992,-0.0959768953600639,-0.044546408296296
54,LarimichthysPolyactis,SSP1-2.6,0.85848879962963,Larimichthys polyactis,Mid-trophic species,13,0.865066110333333,-0.0110110789540077,-0.00657731070370304
54,LarimichthysPolyactis,SSP5-8.5,0.849863395061728,Larimichthys polyactis,Mid-trophic species,13,0.865066110333333,-0.0255794263655904,-0.015202715271605
54,MiichthysMiiuy,SSP1-2.6,0.587601177283951,Miichthys miiuy,Predator,5,0.581860718666667,0.0141634331557488,0.00574045861728401
54,MiichthysMiiuy,SSP5-8.5,0.573928941481482,Miichthys miiuy,Predator,5,0.581860718666667,-0.0198017263034294,-0.00793177718518501
54,MuraenesoxCinereus,SSP1-2.6,0.698457670740741,Muraenesox cinereus,Predator,4,0.683551422333333,0.0311228120928611,0.0149062484074081
54,MuraenesoxCinereus,SSP5-8.5,0.697182675802469,Muraenesox cinereus,Predator,4,0.683551422333333,0.0284868473317693,0.013631253469136
54,PampusArgenteus,SSP1-2.6,0.435416130864198,Pampus argenteus,Mid-trophic species,12,0.436546001,-0.00373882969114389,-0.00112987013580201
54,PampusArgenteus,SSP5-8.5,0.434993469506173,Pampus argenteus,Mid-trophic species,12,0.436546001,-0.00513994358709817,-0.001552531493827
54,PennahiaArgentata,SSP1-2.6,0.601569236419753,Pennahia argentata,Mid-trophic species,11,0.581975121,0.0477733107649061,0.019594115419753
54,PennahiaArgentata,SSP5-8.5,0.61344312308642,Pennahia argentata,Mid-trophic species,11,0.581975121,0.0759721066888542,0.03146800208642
54,PortunusTrituberculatus,SSP1-2.6,1.00258707444444,Portunus trituberculatus,Invertebrate,8,0.991170582333333,0.0165222653964179,0.0114164921111071
54,PortunusTrituberculatus,SSP5-8.5,0.977873707777778,Portunus trituberculatus,Invertebrate,8,0.991170582333333,-0.0194852159367879,-0.013296874555555
54,ScomberJaponicus,SSP1-2.6,0.787750247654321,Scomber japonicus,Mid-trophic species,9,0.7938642,-0.0111539353710161,-0.00611395234567902
54,ScomberJaponicus,SSP5-8.5,0.789212258395062,Scomber japonicus,Mid-trophic species,9,0.7938642,-0.00847887335576074,-0.00465194160493798
54,ScomberomorusNiphonius,SSP1-2.6,0.665972669876543,Scomberomorus niphonius,Predator,2,0.661096932666667,0.0106011523903372,0.004875737209876
54,ScomberomorusNiphonius,SSP5-8.5,0.670344650987654,Scomberomorus niphonius,Predator,2,0.661096932666667,0.0200412125826308,0.00924771832098692
54,TodarodesPacificus,SSP1-2.6,1.03162793296296,Todarodes pacificus,Invertebrate,6,0.991125345,0.0577833141384406,0.04050258796296
54,TodarodesPacificus,SSP5-8.5,1.01925689382716,Todarodes pacificus,Invertebrate,6,0.991125345,0.0403782867578265,0.02813154882716
54,TrachurusJaponicus,SSP1-2.6,0.464684363209877,Trachurus japonicus,Mid-trophic species,14,0.476233181333333,-0.0354170447636698,-0.011548818123456
54,TrachurusJaponicus,SSP5-8.5,0.463974769135803,Trachurus japonicus,Mid-trophic species,14,0.476233181333333,-0.0376217892501905,-0.01225841219753
54,TrachysalambriaCurvirostris,SSP1-2.6,0.841091031481481,Trachysalambria curvirostris,Invertebrate,7,0.871738617,-0.0516336685260594,-0.030647585518519
54,TrachysalambriaCurvirostris,SSP5-8.5,0.855853659135802,Trachysalambria curvirostris,Invertebrate,7,0.871738617,-0.02653148677585,-0.015884957864198
54,TrichiurusJaponicus,SSP1-2.6,1.14438835506173,Trichiurus japonicus,Predator,3,1.187733055,-0.0536339020015623,-0.0433446999382701
54,TrichiurusJaponicus,SSP5-8.5,1.16457160938272,Trichiurus japonicus,Predator,3,1.187733055,-0.0284112709972528,-0.02316144561728
55,DecapterusMaruadsi,SSP1-2.6,0.534389719506173,Decapterus maruadsi,Mid-trophic species,10,0.533595798,0.00214494824512656,0.000793921506172968
55,DecapterusMaruadsi,SSP5-8.5,0.533704391234568,Decapterus maruadsi,Mid-trophic species,10,0.533595798,0.000293576114960249,0.000108593234568022
55,EngraulisJaponicus,SSP1-2.6,0.688077245308642,Engraulis japonicus,Prey,1,0.706781287,-0.0386933084248427,-0.018704041691358
55,EngraulisJaponicus,SSP5-8.5,0.663882736666667,Engraulis japonicus,Prey,1,0.706781287,-0.0903354059733107,-0.042898550333333
55,LarimichthysPolyactis,SSP1-2.6,0.884170961234568,Larimichthys polyactis,Mid-trophic species,13,0.863281181,0.034494813769451,0.020889780234568
55,LarimichthysPolyactis,SSP5-8.5,0.862069622098766,Larimichthys polyactis,Mid-trophic species,13,0.863281181,-0.00202615062712294,-0.00121155890123392
55,MiichthysMiiuy,SSP1-2.6,0.585932011481481,Miichthys miiuy,Predator,5,0.581568913666667,0.0107831158824545,0.00436309781481403
55,MiichthysMiiuy,SSP5-8.5,0.586276651111111,Miichthys miiuy,Predator,5,0.581568913666667,0.0116314459021078,0.00470773744444408
55,MuraenesoxCinereus,SSP1-2.6,0.703856228024691,Muraenesox cinereus,Predator,4,0.689061898,0.0306471842024855,0.0147943300246911
55,MuraenesoxCinereus,SSP5-8.5,0.698984329382716,Muraenesox cinereus,Predator,4,0.689061898,0.0206265268570313,0.00992243138271609
55,PampusArgenteus,SSP1-2.6,0.436687052839506,Pampus argenteus,Mid-trophic species,12,0.438508689666667,-0.00600567412376661,-0.00182163682716102
55,PampusArgenteus,SSP5-8.5,0.435096194567901,Pampus argenteus,Mid-trophic species,12,0.438508689666667,-0.0112710331304444,-0.00341249509876601
55,PennahiaArgentata,SSP1-2.6,0.598789858888889,Pennahia argentata,Mid-trophic species,11,0.579442906,0.0473832723241551,0.019346952888889
55,PennahiaArgentata,SSP5-8.5,0.622061697283951,Pennahia argentata,Mid-trophic species,11,0.579442906,0.102391160959403,0.042618791283951
55,PortunusTrituberculatus,SSP1-2.6,0.958329650123457,Portunus trituberculatus,Invertebrate,8,1.01167052766667,-0.0781456112140535,-0.0533408775432129
55,PortunusTrituberculatus,SSP5-8.5,0.990180985555556,Portunus trituberculatus,Invertebrate,8,1.01167052766667,-0.030975371150756,-0.021489542111114
55,ScomberJaponicus,SSP1-2.6,0.790784505925926,Scomber japonicus,Mid-trophic species,9,0.801704774,-0.0197864610407856,-0.010920268074074
55,ScomberJaponicus,SSP5-8.5,0.791056647160494,Scomber japonicus,Mid-trophic species,9,0.801704774,-0.0192900561866825,-0.010648126839506
55,ScomberomorusNiphonius,SSP1-2.6,0.667142523950617,Scomberomorus niphonius,Predator,2,0.656318951333333,0.0235979104434236,0.0108235726172841
55,ScomberomorusNiphonius,SSP5-8.5,0.669076971111111,Scomberomorus niphonius,Predator,2,0.656318951333333,0.0277750973282506,0.012758019777778
55,TodarodesPacificus,SSP1-2.6,1.04091773320988,Todarodes pacificus,Invertebrate,6,1.02400541866667,0.0236327031313024,0.01691231454321
55,TodarodesPacificus,SSP5-8.5,1.01559969358025,Todarodes pacificus,Invertebrate,6,1.02400541866667,-0.0118914847608736,-0.00840572508642001
55,TrachurusJaponicus,SSP1-2.6,0.462763062469136,Trachurus japonicus,Mid-trophic species,14,0.473263056333333,-0.0323685936042317,-0.010499993864197
55,TrachurusJaponicus,SSP5-8.5,0.464844605802469,Trachurus japonicus,Mid-trophic species,14,0.473263056333333,-0.0258937931304683,-0.00841845053086399
55,TrachysalambriaCurvirostris,SSP1-2.6,0.906173761111111,Trachysalambria curvirostris,Invertebrate,7,0.958693031,-0.0812812277944485,-0.052519269888889
55,TrachysalambriaCurvirostris,SSP5-8.5,0.903469243827161,Trachysalambria curvirostris,Invertebrate,7,0.958693031,-0.085593455750843,-0.0552237871728391
55,TrichiurusJaponicus,SSP1-2.6,1.15653918666667,Trichiurus japonicus,Predator,3,1.21866014133333,-0.0754816955630746,-0.0621209546666599
55,TrichiurusJaponicus,SSP5-8.5,1.10372877320988,Trichiurus japonicus,Predator,3,1.21866014133333,-0.142910152375546,-0.11493136812345
56,DecapterusMaruadsi,SSP1-2.6,0.536468526049383,Decapterus maruadsi,Mid-trophic species,10,0.538507393,-0.00547261890002974,-0.00203886695061695
56,DecapterusMaruadsi,SSP5-8.5,0.533974591234568,Decapterus maruadsi,Mid-trophic species,10,0.538507393,-0.0121950571904274,-0.00453280176543192
56,EngraulisJaponicus,SSP1-2.6,0.676913844320988,Engraulis japonicus,Prey,1,0.710649786333333,-0.0701665404474324,-0.033735942012345
56,EngraulisJaponicus,SSP5-8.5,0.649798781604938,Engraulis japonicus,Prey,1,0.710649786333333,-0.129145725221851,-0.060851004728395
56,LarimichthysPolyactis,SSP1-2.6,0.885644014074074,Larimichthys polyactis,Mid-trophic species,13,0.866652605333333,0.0312731118227633,0.018991408740741
56,LarimichthysPolyactis,SSP5-8.5,0.851699021604938,Larimichthys polyactis,Mid-trophic species,13,0.866652605333333,-0.02511011757925,-0.0149535837283949
56,MiichthysMiiuy,SSP1-2.6,0.588101779259259,Miichthys miiuy,Predator,5,0.577280692666667,0.0267928805099377,0.010821086592592
56,MiichthysMiiuy,SSP5-8.5,0.587145865308642,Miichthys miiuy,Predator,5,0.577280692666667,0.0244459834511429,0.00986517264197495
56,MuraenesoxCinereus,SSP1-2.6,0.702501421604938,Muraenesox cinereus,Predator,4,0.698016547666667,0.00923990644729548,0.00448487393827102
56,MuraenesoxCinereus,SSP5-8.5,0.702099364567901,Muraenesox cinereus,Predator,4,0.698016547666667,0.00841398392889761,0.00408281690123402
56,PampusArgenteus,SSP1-2.6,0.43580002617284,Pampus argenteus,Mid-trophic species,12,0.439077549666667,-0.0108094872751816,-0.00327752349382698
56,PampusArgenteus,SSP5-8.5,0.436058780987654,Pampus argenteus,Mid-trophic species,12,0.439077549666667,-0.00995314609692492,-0.00301876867901302
56,PennahiaArgentata,SSP1-2.6,0.603285082839506,Pennahia argentata,Mid-trophic species,11,0.562883345,0.100003948598534,0.040401737839506
56,PennahiaArgentata,SSP5-8.5,0.602987989506173,Pennahia argentata,Mid-trophic species,11,0.562883345,0.099293305051607,0.040104644506173
56,PortunusTrituberculatus,SSP1-2.6,1.02917056802469,Portunus trituberculatus,Invertebrate,8,1.01978846,0.0132121873943629,0.00938210802469008
56,PortunusTrituberculatus,SSP5-8.5,1.00722047061728,Portunus trituberculatus,Invertebrate,8,1.01978846,-0.017890407916917,-0.01256798938272
56,ScomberJaponicus,SSP1-2.6,0.793904483580247,Scomber japonicus,Mid-trophic species,9,0.795448844333333,-0.00280370923433731,-0.00154436075308595
56,ScomberJaponicus,SSP5-8.5,0.790083098024691,Scomber japonicus,Mid-trophic species,9,0.795448844333333,-0.00976475457353509,-0.00536574630864195
56,ScomberomorusNiphonius,SSP1-2.6,0.664475188518519,Scomberomorus niphonius,Predator,2,0.656752841333333,0.016864793366625,0.00772234718518605
56,ScomberomorusNiphonius,SSP5-8.5,0.668140707283951,Scomberomorus niphonius,Predator,2,0.656752841333333,0.0248014225163009,0.011387865950618
56,TodarodesPacificus,SSP1-2.6,1.00575904135802,Todarodes pacificus,Invertebrate,6,1.01745988033333,-0.0166872011587512,-0.0117008389753099
56,TodarodesPacificus,SSP5-8.5,1.01184868037037,Todarodes pacificus,Invertebrate,6,1.01745988033333,-0.00797835395567381,-0.00561119996296
56,TrachurusJaponicus,SSP1-2.6,0.469218473950617,Trachurus japonicus,Mid-trophic species,14,0.482274253333333,-0.0395939766103308,-0.013055779382716
56,TrachurusJaponicus,SSP5-8.5,0.464092255679012,Trachurus japonicus,Mid-trophic species,14,0.482274253333333,-0.0554421691030034,-0.018181997654321
56,TrachysalambriaCurvirostris,SSP1-2.6,0.833948532345679,Trachysalambria curvirostris,Invertebrate,7,0.842741820666667,-0.0151323704329256,-0.00879328832098802
56,TrachysalambriaCurvirostris,SSP5-8.5,0.82082650345679,Trachysalambria curvirostris,Invertebrate,7,0.842741820666667,-0.038013405517294,-0.0219153172098771
56,TrichiurusJaponicus,SSP1-2.6,1.13198732037037,Trichiurus japonicus,Predator,3,1.21750803266667,-0.105073492378378,-0.0855207122963
56,TrichiurusJaponicus,SSP5-8.5,1.15695075185185,Trichiurus japonicus,Predator,3,1.21750803266667,-0.0736038364346621,-0.06055728081482
57,DecapterusMaruadsi,SSP1-2.6,0.533622857901235,Decapterus maruadsi,Mid-trophic species,10,0.544729804333333,-0.0297203387821345,-0.011106946432098
57,DecapterusMaruadsi,SSP5-8.5,0.53257010654321,Decapterus maruadsi,Mid-trophic species,10,0.544729804333333,-0.032569353374695,-0.0121596977901229
57,EngraulisJaponicus,SSP1-2.6,0.676094173827161,Engraulis japonicus,Prey,1,0.727507037666667,-0.105736989325822,-0.0514128638395061
57,EngraulisJaponicus,SSP5-8.5,0.663041196790123,Engraulis japonicus,Prey,1,0.727507037666667,-0.133862692045761,-0.0644658408765441
57,LarimichthysPolyactis,SSP1-2.6,0.870726791604938,Larimichthys polyactis,Mid-trophic species,13,0.865383505,0.0088804927226129,0.00534328660493799
57,LarimichthysPolyactis,SSP5-8.5,0.848148109506173,Larimichthys polyactis,Mid-trophic species,13,0.865383505,-0.0290234017330203,-0.017235395493827
57,MiichthysMiiuy,SSP1-2.6,0.589783217901235,Miichthys miiuy,Predator,5,0.576324926,0.0333023540415384,0.013458291901235
57,MiichthysMiiuy,SSP5-8.5,0.58564354345679,Miichthys miiuy,Predator,5,0.576324926,0.0231404066013913,0.00931861745679008
57,MuraenesoxCinereus,SSP1-2.6,0.703171815679012,Muraenesox cinereus,Predator,4,0.687831631333333,0.0318217833226627,0.015340184345679
57,MuraenesoxCinereus,SSP5-8.5,0.699337342962963,Muraenesox cinereus,Predator,4,0.687831631333333,0.0239330811044689,0.01150571162963
57,PampusArgenteus,SSP1-2.6,0.438162925802469,Pampus argenteus,Mid-trophic species,12,0.436562592666667,0.00527890225223597,0.00160033313580199
57,PampusArgenteus,SSP5-8.5,0.436179371728395,Pampus argenteus,Mid-trophic species,12,0.436562592666667,-0.00126697467361017,-0.000383220938272033
57,PennahiaArgentata,SSP1-2.6,0.602453284074074,Pennahia argentata,Mid-trophic species,11,0.598901525333333,0.00853056834002748,0.00355175874074098
57,PennahiaArgentata,SSP5-8.5,0.612029930987654,Pennahia argentata,Mid-trophic species,11,0.598901525333333,0.0312834021524611,0.0131284056543211
57,PortunusTrituberculatus,SSP1-2.6,0.980635391234568,Portunus trituberculatus,Invertebrate,8,1.00917232266667,-0.0413838102476379,-0.028536931432102
57,PortunusTrituberculatus,SSP5-8.5,1.02065527962963,Portunus trituberculatus,Invertebrate,8,1.00917232266667,0.0163231417033864,0.01148295696296
57,ScomberJaponicus,SSP1-2.6,0.789677869753086,Scomber japonicus,Mid-trophic species,9,0.799464518,-0.0177697448662596,-0.009786648246914
57,ScomberJaponicus,SSP5-8.5,0.78813574962963,Scomber japonicus,Mid-trophic species,9,0.799464518,-0.0205898621927473,-0.01132876837037
57,ScomberomorusNiphonius,SSP1-2.6,0.665851962962963,Scomberomorus niphonius,Predator,2,0.658327163,0.0163967370183616,0.00752479996296296
57,ScomberomorusNiphonius,SSP5-8.5,0.669030248765432,Scomberomorus niphonius,Predator,2,0.658327163,0.0232667151932851,0.010703085765432
57,TodarodesPacificus,SSP1-2.6,1.01353297987654,Todarodes pacificus,Invertebrate,6,1.03566193866667,-0.0311601203950845,-0.0221289587901299
57,TodarodesPacificus,SSP5-8.5,0.986054456296296,Todarodes pacificus,Invertebrate,6,1.03566193866667,-0.0708139257127006,-0.0496074823703739
57,TrachurusJaponicus,SSP1-2.6,0.467412913703704,Trachurus japonicus,Mid-trophic species,14,0.478292061,-0.033194251229685,-0.010879147296296
57,TrachurusJaponicus,SSP5-8.5,0.462674910740741,Trachurus japonicus,Mid-trophic species,14,0.478292061,-0.0478929760756686,-0.015617150259259
57,TrachysalambriaCurvirostris,SSP1-2.6,0.853491788271605,Trachysalambria curvirostris,Invertebrate,7,0.868466376333333,-0.0250927217613839,-0.014974588061728
57,TrachysalambriaCurvirostris,SSP5-8.5,0.876455483209877,Trachysalambria curvirostris,Invertebrate,7,0.868466376333333,0.0132108212720271,0.00798910687654397
57,TrichiurusJaponicus,SSP1-2.6,1.17376645012346,Trichiurus japonicus,Predator,3,1.24465567666667,-0.0846013111313659,-0.0708892265432102
57,TrichiurusJaponicus,SSP5-8.5,1.1048204791358,Trichiurus japonicus,Predator,3,1.24465567666667,-0.171934721269665,-0.13983519753087
58,DecapterusMaruadsi,SSP1-2.6,0.536162458518519,Decapterus maruadsi,Mid-trophic species,10,0.536877006333333,-0.00192141067510209,-0.000714547814814059
58,DecapterusMaruadsi,SSP5-8.5,0.534018526790124,Decapterus maruadsi,Mid-trophic species,10,0.536877006333333,-0.00770182324615649,-0.00285847954320906
58,EngraulisJaponicus,SSP1-2.6,0.677816210246914,Engraulis japonicus,Prey,1,0.702896603,-0.0524183427318476,-0.025080392753086
58,EngraulisJaponicus,SSP5-8.5,0.677359289506173,Engraulis japonicus,Prey,1,0.702896603,-0.0533912016890026,-0.025537313493827
58,LarimichthysPolyactis,SSP1-2.6,0.86966154691358,Larimichthys polyactis,Mid-trophic species,13,0.875405835,-0.00949795515511343,-0.00574428808642002
58,LarimichthysPolyactis,SSP5-8.5,0.874624120493827,Larimichthys polyactis,Mid-trophic species,13,0.875405835,-0.00128886447105005,-0.000781714506173037
58,MiichthysMiiuy,SSP1-2.6,0.581034005679012,Miichthys miiuy,Predator,5,0.571553854,0.0237331603624053,0.00948015167901195
58,MiichthysMiiuy,SSP5-8.5,0.586643166296296,Miichthys miiuy,Predator,5,0.571553854,0.03759379007366,0.015089312296296
58,MuraenesoxCinereus,SSP1-2.6,0.702559273703704,Muraenesox cinereus,Predator,4,0.689082880333333,0.027942432764324,0.013476393370371
58,MuraenesoxCinereus,SSP5-8.5,0.701112827777778,Muraenesox cinereus,Predator,4,0.689082880333333,0.0249691157044804,0.012029947444445
58,PampusArgenteus,SSP1-2.6,0.433986873703704,Pampus argenteus,Mid-trophic species,12,0.440290790666667,-0.020805260678614,-0.00630391696296301
58,PampusArgenteus,SSP5-8.5,0.436555631728395,Pampus argenteus,Mid-trophic species,12,0.440290790666667,-0.0122911555172883,-0.00373515893827198
58,PennahiaArgentata,SSP1-2.6,0.591752672469136,Pennahia argentata,Mid-trophic species,11,0.601297335,-0.0230842479397537,-0.00954466253086406
58,PennahiaArgentata,SSP5-8.5,0.603104498518519,Pennahia argentata,Mid-trophic species,11,0.601297335,0.00432943180638011,0.00180716351851895
58,PortunusTrituberculatus,SSP1-2.6,1.00989628444444,Portunus trituberculatus,Invertebrate,8,1.02323807166667,-0.0189347118158828,-0.0133417872222301
58,PortunusTrituberculatus,SSP5-8.5,0.991106104320988,Portunus trituberculatus,Invertebrate,8,1.02323807166667,-0.0460304281216374,-0.032131967345682
58,ScomberJaponicus,SSP1-2.6,0.791748926790123,Scomber japonicus,Mid-trophic species,9,0.797958365333333,-0.0112704669557503,-0.00620943854320999
58,ScomberJaponicus,SSP5-8.5,0.788901917901235,Scomber japonicus,Mid-trophic species,9,0.797958365333333,-0.0164675287367943,-0.00905644743209799
58,ScomberomorusNiphonius,SSP1-2.6,0.666518980740741,Scomberomorus niphonius,Predator,2,0.660502900666667,0.0130810629011939,0.00601608007407406
58,ScomberomorusNiphonius,SSP5-8.5,0.669259679259259,Scomberomorus niphonius,Predator,2,0.660502900666667,0.0190012019602439,0.00875677859259205
58,TodarodesPacificus,SSP1-2.6,1.03698294012346,Todarodes pacificus,Invertebrate,6,0.986681472333333,0.071735836234096,0.050301467790127
58,TodarodesPacificus,SSP5-8.5,1.00630638617284,Todarodes pacificus,Invertebrate,6,0.986681472333333,0.0284133000648116,0.019624913839507
58,TrachurusJaponicus,SSP1-2.6,0.463302782222222,Trachurus japonicus,Mid-trophic species,14,0.464153063666667,-0.00264529502375534,-0.000850281444444989
58,TrachurusJaponicus,SSP5-8.5,0.462572941481482,Trachurus japonicus,Mid-trophic species,14,0.464153063666667,-0.00491976406627576,-0.001580122185185
58,TrachysalambriaCurvirostris,SSP1-2.6,0.879663737777778,Trachysalambria curvirostris,Invertebrate,7,0.946508387666667,-0.105663149400295,-0.0668446498888891
58,TrachysalambriaCurvirostris,SSP5-8.5,0.886274118024691,Trachysalambria curvirostris,Invertebrate,7,0.946508387666667,-0.0948623080084105,-0.060234269641976
58,TrichiurusJaponicus,SSP1-2.6,1.17866918209877,Trichiurus japonicus,Predator,3,1.273883859,-0.112074899031841,-0.0952146769012299
58,TrichiurusJaponicus,SSP5-8.5,1.14991490691358,Trichiurus japonicus,Predator,3,1.273883859,-0.147706645480486,-0.12396895208642
59,DecapterusMaruadsi,SSP1-2.6,0.535113082345679,Decapterus maruadsi,Mid-trophic species,10,0.538799616666667,-0.00990502427156663,-0.00368653432098798
59,DecapterusMaruadsi,SSP5-8.5,0.533732215432099,Decapterus maruadsi,Mid-trophic species,10,0.538799616666667,-0.0136327310984533,-0.00506740123456795
59,EngraulisJaponicus,SSP1-2.6,0.662716854320988,Engraulis japonicus,Prey,1,0.714972716666667,-0.109495579018339,-0.0522558623456789
59,EngraulisJaponicus,SSP5-8.5,0.679195710493827,Engraulis japonicus,Prey,1,0.714972716666667,-0.0740608422679813,-0.03577700617284
59,LarimichthysPolyactis,SSP1-2.6,0.874469064567901,Larimichthys polyactis,Mid-trophic species,13,0.872311222333333,0.00356439776398053,0.00215784223456794
59,LarimichthysPolyactis,SSP5-8.5,0.870344592469136,Larimichthys polyactis,Mid-trophic species,13,0.872311222333333,-0.00325623491766689,-0.00196662986419704
59,MiichthysMiiuy,SSP1-2.6,0.582743518148148,Miichthys miiuy,Predator,5,0.579099038333333,0.00905095130370251,0.00364447981481497
59,MiichthysMiiuy,SSP5-8.5,0.582196691358025,Miichthys miiuy,Predator,5,0.579099038333333,0.00769653954962231,0.003097653024692
59,MuraenesoxCinereus,SSP1-2.6,0.700350386049383,Muraenesox cinereus,Predator,4,0.689610721,0.022294681157841,0.0107396650493831
59,MuraenesoxCinereus,SSP5-8.5,0.701919395555556,Muraenesox cinereus,Predator,4,0.689610721,0.0255231657304953,0.0123086745555561
59,PampusArgenteus,SSP1-2.6,0.43814506654321,Pampus argenteus,Mid-trophic species,12,0.436895502,0.00412036163797241,0.00124956454321001
59,PampusArgenteus,SSP5-8.5,0.434617525802469,Pampus argenteus,Mid-trophic species,12,0.436895502,-0.00754190090787477,-0.00227797619753101
59,PennahiaArgentata,SSP1-2.6,0.591126519259259,Pennahia argentata,Mid-trophic species,11,0.596990784,-0.0142417155960386,-0.00586426474074109
59,PennahiaArgentata,SSP5-8.5,0.60814836962963,Pennahia argentata,Mid-trophic species,11,0.596990784,0.0267146799754129,0.01115758562963
59,PortunusTrituberculatus,SSP1-2.6,0.977390128518518,Portunus trituberculatus,Invertebrate,8,0.989435132,-0.0176705926909793,-0.012045003481482
59,PortunusTrituberculatus,SSP5-8.5,0.979406738024691,Portunus trituberculatus,Invertebrate,8,0.989435132,-0.014697004973536,-0.010028393975309
59,ScomberJaponicus,SSP1-2.6,0.796752105802469,Scomber japonicus,Mid-trophic species,9,0.796713086666667,7.06544629887977e-05,3.90191358020653e-05
59,ScomberJaponicus,SSP5-8.5,0.789738565308642,Scomber japonicus,Mid-trophic species,9,0.796713086666667,-0.0126851293439231,-0.00697452135802501
59,ScomberomorusNiphonius,SSP1-2.6,0.664396515802469,Scomberomorus niphonius,Predator,2,0.657368092666667,0.0153430750215518,0.00702842313580199
59,ScomberomorusNiphonius,SSP5-8.5,0.669046618271605,Scomberomorus niphonius,Predator,2,0.657368092666667,0.0254053068420036,0.0116785256049381
59,TodarodesPacificus,SSP1-2.6,1.03060258938272,Todarodes pacificus,Invertebrate,6,1.007950078,0.0320639359190734,0.0226525113827201
59,TodarodesPacificus,SSP5-8.5,1.03583985160494,Todarodes pacificus,Invertebrate,6,1.007950078,0.0393767826394387,0.0278897736049402
59,TrachurusJaponicus,SSP1-2.6,0.463161765432099,Trachurus japonicus,Mid-trophic species,14,0.477117660666667,-0.0428289271308992,-0.013955895234568
59,TrachurusJaponicus,SSP5-8.5,0.457662988518519,Trachurus japonicus,Mid-trophic species,14,0.477117660666667,-0.0600594641013746,-0.019454672148148
59,TrachysalambriaCurvirostris,SSP1-2.6,0.877416429382716,Trachysalambria curvirostris,Invertebrate,7,0.914768363,-0.0601447507402722,-0.037351933617284
59,TrachysalambriaCurvirostris,SSP5-8.5,0.808135258271605,Trachysalambria curvirostris,Invertebrate,7,0.914768363,-0.178809693162841,-0.106633104728395
59,TrichiurusJaponicus,SSP1-2.6,1.17187947876543,Trichiurus japonicus,Predator,3,1.29860899766667,-0.148142906214958,-0.12672951890124
59,TrichiurusJaponicus,SSP5-8.5,1.12867916419753,Trichiurus japonicus,Predator,3,1.29860899766667,-0.202331663370671,-0.16992983346914
60,DecapterusMaruadsi,SSP1-2.6,0.533958648518519,Decapterus maruadsi,Mid-trophic species,10,0.539133546666667,-0.0139146623261173,-0.00517489814814798
60,DecapterusMaruadsi,SSP5-8.5,0.535936525432099,Decapterus maruadsi,Mid-trophic species,10,0.539133546666667,-0.00858053888144604,-0.003197021234568
60,EngraulisJaponicus,SSP1-2.6,0.678735395061728,Engraulis japonicus,Prey,1,0.721918495666667,-0.0889867170350908,-0.043183100604939
60,EngraulisJaponicus,SSP5-8.5,0.648141768395062,Engraulis japonicus,Prey,1,0.721918495666667,-0.155526557482421,-0.073776727271605
60,LarimichthysPolyactis,SSP1-2.6,0.870575645925926,Larimichthys polyactis,Mid-trophic species,13,0.875043876666667,-0.00738569697059959,-0.0044682307407411
60,LarimichthysPolyactis,SSP5-8.5,0.869365471728395,Larimichthys polyactis,Mid-trophic species,13,0.875043876666667,-0.00939256096985448,-0.0056784049382721
60,MiichthysMiiuy,SSP1-2.6,0.582929875432099,Miichthys miiuy,Predator,5,0.596877722,-0.0341130649713485,-0.013947846567901
60,MiichthysMiiuy,SSP5-8.5,0.577705323580247,Miichthys miiuy,Predator,5,0.596877722,-0.0471016180761521,-0.019172398419753
60,MuraenesoxCinereus,SSP1-2.6,0.701144502839506,Muraenesox cinereus,Predator,4,0.691669137666667,0.0196297233791296,0.00947536517283898
60,MuraenesoxCinereus,SSP5-8.5,0.702219305802469,Muraenesox cinereus,Predator,4,0.691669137666667,0.0218395754477522,0.010550168135802
60,PampusArgenteus,SSP1-2.6,0.434556152469136,Pampus argenteus,Mid-trophic species,12,0.437993263,-0.0113660679342725,-0.00343711053086404
60,PampusArgenteus,SSP5-8.5,0.43477324308642,Pampus argenteus,Mid-trophic species,12,0.437993263,-0.0106455227299098,-0.00322001991358001
60,PennahiaArgentata,SSP1-2.6,0.604583715802469,Pennahia argentata,Mid-trophic species,11,0.592777498666667,0.0284514359325048,0.011806217135802
60,PennahiaArgentata,SSP5-8.5,0.599237019876543,Pennahia argentata,Mid-trophic species,11,0.592777498666667,0.0156360686768064,0.00645952120987603
60,PortunusTrituberculatus,SSP1-2.6,1.0065087291358,Portunus trituberculatus,Invertebrate,8,1.05411158533333,-0.066667910403855,-0.0476028561975301
60,PortunusTrituberculatus,SSP5-8.5,0.982321716419753,Portunus trituberculatus,Invertebrate,8,1.05411158533333,-0.101760096196872,-0.0717898689135771
60,ScomberJaponicus,SSP1-2.6,0.790972345185185,Scomber japonicus,Mid-trophic species,9,0.802705769,-0.0212440116634973,-0.011733423814815
60,ScomberJaponicus,SSP5-8.5,0.790099750987654,Scomber japonicus,Mid-trophic species,9,0.802705769,-0.0228364595377599,-0.0126060180123461
60,ScomberomorusNiphonius,SSP1-2.6,0.665884867901235,Scomberomorus niphonius,Predator,2,0.657820814666667,0.0175780971412541,0.00806405323456805
60,ScomberomorusNiphonius,SSP5-8.5,0.669264975308642,Scomberomorus niphonius,Predator,2,0.657820814666667,0.024882857183265,0.0114441606419751
60,TodarodesPacificus,SSP1-2.6,1.01267345481481,Todarodes pacificus,Invertebrate,6,0.973882571333333,0.0563493089773887,0.038790883481477
60,TodarodesPacificus,SSP5-8.5,0.990145095185185,Todarodes pacificus,Invertebrate,6,0.973882571333333,0.0238921265004566,0.016262523851852
60,TrachurusJaponicus,SSP1-2.6,0.465418970617284,Trachurus japonicus,Mid-trophic species,14,0.470196666,-0.0147342927558717,-0.004777695382716
60,TrachurusJaponicus,SSP5-8.5,0.46554086037037,Trachurus japonicus,Mid-trophic species,14,0.470196666,-0.0143565111643056,-0.00465580562962997
60,TrachysalambriaCurvirostris,SSP1-2.6,0.901438488148148,Trachysalambria curvirostris,Invertebrate,7,0.881611159333333,0.0320865637110032,0.019827328814815
60,TrachysalambriaCurvirostris,SSP5-8.5,0.850016303703704,Trachysalambria curvirostris,Invertebrate,7,0.881611159333333,-0.0526519724234219,-0.0315948556296291
60,TrichiurusJaponicus,SSP1-2.6,1.1684240008642,Trichiurus japonicus,Predator,3,1.17281511466667,-0.00541170313876298,-0.00439111380247015
60,TrichiurusJaponicus,SSP5-8.5,1.16139488419753,Trichiurus japonicus,Predator,3,1.17281511466667,-0.0141170171791553,-0.0114202304691402
61,DecapterusMaruadsi,SSP1-2.6,0.538454852716049,Decapterus maruadsi,Mid-trophic species,10,0.546068332,-0.0202561077601627,-0.00761347928395106
61,DecapterusMaruadsi,SSP5-8.5,0.536055143333333,Decapterus maruadsi,Mid-trophic species,10,0.546068332,-0.0267000768150803,-0.010013188666667
61,EngraulisJaponicus,SSP1-2.6,0.665548438395062,Engraulis japonicus,Prey,1,0.722715891,-0.118884947645307,-0.0571674526049381
61,EngraulisJaponicus,SSP5-8.5,0.668953335925926,Engraulis japonicus,Prey,1,0.722715891,-0.111523039948609,-0.053762555074074
61,LarimichthysPolyactis,SSP1-2.6,0.858522458271605,Larimichthys polyactis,Mid-trophic species,13,0.851578610666667,0.0117161608089151,0.00694384760493805
61,LarimichthysPolyactis,SSP5-8.5,0.855487854320988,Larimichthys polyactis,Mid-trophic species,13,0.851578610666667,0.00660765870382996,0.00390924365432099
61,MiichthysMiiuy,SSP1-2.6,0.578330118641975,Miichthys miiuy,Predator,5,0.58383999,-0.0136797936611838,-0.00550987135802494
61,MiichthysMiiuy,SSP5-8.5,0.585034501481482,Miichthys miiuy,Predator,5,0.58383999,0.00294867653129893,0.00119451148148197
61,MuraenesoxCinereus,SSP1-2.6,0.698249176790124,Muraenesox cinereus,Predator,4,0.68810603,0.0211110812281841,0.010143146790124
61,MuraenesoxCinereus,SSP5-8.5,0.699569006790124,Muraenesox cinereus,Predator,4,0.68810603,0.0238354881418155,0.011462976790124
61,PampusArgenteus,SSP1-2.6,0.433948793209877,Pampus argenteus,Mid-trophic species,12,0.436745285666667,-0.00926731849917211,-0.00279649245678998
61,PampusArgenteus,SSP5-8.5,0.433763518518519,Pampus argenteus,Mid-trophic species,12,0.436745285666667,-0.00988340952121616,-0.00298176714814796
61,PennahiaArgentata,SSP1-2.6,0.606257769876543,Pennahia argentata,Mid-trophic species,11,0.591770777333333,0.034892876559243,0.01448699254321
61,PennahiaArgentata,SSP5-8.5,0.623716543950617,Pennahia argentata,Mid-trophic species,11,0.591770777333333,0.0758520710994157,0.031945766617284
61,PortunusTrituberculatus,SSP1-2.6,0.991514484567901,Portunus trituberculatus,Invertebrate,8,1.009230785,-0.0255503658716213,-0.0177163004320989
61,PortunusTrituberculatus,SSP5-8.5,1.01870740419753,Portunus trituberculatus,Invertebrate,8,1.009230785,0.0134836171174998,0.00947661919752996
61,ScomberJaponicus,SSP1-2.6,0.795616974320988,Scomber japonicus,Mid-trophic species,9,0.797881123666667,-0.00409975918410144,-0.00226414934567898
61,ScomberJaponicus,SSP5-8.5,0.789188478518519,Scomber japonicus,Mid-trophic species,9,0.797881123666667,-0.0158039211867025,-0.00869264514814794
61,ScomberomorusNiphonius,SSP1-2.6,0.66479852962963,Scomberomorus niphonius,Predator,2,0.658427891,0.0138917416223061,0.00637063862963005
61,ScomberomorusNiphonius,SSP5-8.5,0.670255684567901,Scomberomorus niphonius,Predator,2,0.658427891,0.0256861004310784,0.011827793567901
61,TodarodesPacificus,SSP1-2.6,1.00028648185185,Todarodes pacificus,Invertebrate,6,1.03042091866667,-0.0428205403867916,-0.03013443681482
61,TodarodesPacificus,SSP5-8.5,1.00243911530864,Todarodes pacificus,Invertebrate,6,1.03042091866667,-0.0397191721181304,-0.0279818033580299
61,TrachurusJaponicus,SSP1-2.6,0.465329238888889,Trachurus japonicus,Mid-trophic species,14,0.476745077666667,-0.0349662015116818,-0.011415838777778
61,TrachurusJaponicus,SSP5-8.5,0.462799099753086,Trachurus japonicus,Mid-trophic species,14,0.476745077666667,-0.0428319848827333,-0.013945977913581
61,TrachysalambriaCurvirostris,SSP1-2.6,0.892567043333333,Trachysalambria curvirostris,Invertebrate,7,0.875561975,0.0277512375598809,0.017005068333333
61,TrachysalambriaCurvirostris,SSP5-8.5,0.872920487654321,Trachysalambria curvirostris,Invertebrate,7,0.875561975,-0.00435905269257149,-0.00264148734567904
61,TrichiurusJaponicus,SSP1-2.6,1.15839616518519,Trichiurus japonicus,Predator,3,1.26663708966667,-0.128874498563808,-0.10824092448148
61,TrichiurusJaponicus,SSP5-8.5,1.13029459851852,Trichiurus japonicus,Predator,3,1.26663708966667,-0.164304386316222,-0.13634249114815
62,DecapterusMaruadsi,SSP1-2.6,0.534684377037037,Decapterus maruadsi,Mid-trophic species,10,0.543345860333333,-0.0231832975765528,-0.00866148329629601
62,DecapterusMaruadsi,SSP5-8.5,0.536017464938272,Decapterus maruadsi,Mid-trophic species,10,0.543345860333333,-0.0195908123064822,-0.00732839539506103
62,EngraulisJaponicus,SSP1-2.6,0.666439425061728,Engraulis japonicus,Prey,1,0.712536584333333,-0.0964903396758704,-0.046097159271605
62,EngraulisJaponicus,SSP5-8.5,0.664261765061728,Engraulis japonicus,Prey,1,0.712536584333333,-0.10121221429447,-0.048274819271605
62,LarimichthysPolyactis,SSP1-2.6,0.859328194320988,Larimichthys polyactis,Mid-trophic species,13,0.869571046,-0.0170946737363765,-0.0102428516790121
62,LarimichthysPolyactis,SSP5-8.5,0.855045891358025,Larimichthys polyactis,Mid-trophic species,13,0.869571046,-0.0243020506432644,-0.014525154641975
62,MiichthysMiiuy,SSP1-2.6,0.591690663580247,Miichthys miiuy,Predator,5,0.582129218,0.0235037000754381,0.00956144558024707
62,MiichthysMiiuy,SSP5-8.5,0.580005457037037,Miichthys miiuy,Predator,5,0.582129218,-0.0052729565444166,-0.00212376096296296
62,MuraenesoxCinereus,SSP1-2.6,0.702671654814815,Muraenesox cinereus,Predator,4,0.683975925666667,0.0389051560728336,0.018695729148148
62,MuraenesoxCinereus,SSP5-8.5,0.701756047037037,Muraenesox cinereus,Predator,4,0.683975925666667,0.0370240439503583,0.01778012137037
62,PampusArgenteus,SSP1-2.6,0.434900482345679,Pampus argenteus,Mid-trophic species,12,0.435063184,-0.000539629140044424,-0.000162701654320974
62,PampusArgenteus,SSP5-8.5,0.436195923950617,Pampus argenteus,Mid-trophic species,12,0.435063184,0.00375135069516308,0.00113273995061702
62,PennahiaArgentata,SSP1-2.6,0.601888798024691,Pennahia argentata,Mid-trophic species,11,0.609540296333333,-0.0182246332208229,-0.00765149830864198
62,PennahiaArgentata,SSP5-8.5,0.62158233654321,Pennahia argentata,Mid-trophic species,11,0.609540296333333,0.0282239076973671,0.0120420402098771
62,PortunusTrituberculatus,SSP1-2.6,0.987910612345679,Portunus trituberculatus,Invertebrate,8,0.99489919,-0.0101698388451009,-0.00698857765432104
62,PortunusTrituberculatus,SSP5-8.5,0.981326098148148,Portunus trituberculatus,Invertebrate,8,0.99489919,-0.0198177205153202,-0.0135730918518521
62,ScomberJaponicus,SSP1-2.6,0.793570530740741,Scomber japonicus,Mid-trophic species,9,0.795615393,-0.00371273647069239,-0.00204486225925893
62,ScomberJaponicus,SSP5-8.5,0.788602928024691,Scomber japonicus,Mid-trophic species,9,0.795615393,-0.0127721216015727,-0.00701246497530894
62,ScomberomorusNiphonius,SSP1-2.6,0.667418651604938,Scomberomorus niphonius,Predator,2,0.660714742666667,0.0145644682419607,0.006703908938271
62,ScomberomorusNiphonius,SSP5-8.5,0.669334836296296,Scomberomorus niphonius,Predator,2,0.660714742666667,0.0187005667375495,0.00862009362962901
62,TodarodesPacificus,SSP1-2.6,0.995545798888889,Todarodes pacificus,Invertebrate,6,1.00643773,-0.0156983210069813,-0.010891931111111
62,TodarodesPacificus,SSP5-8.5,0.993253420864198,Todarodes pacificus,Invertebrate,6,1.00643773,-0.0190241508241449,-0.013184309135802
62,TrachurusJaponicus,SSP1-2.6,0.464424712469136,Trachurus japonicus,Mid-trophic species,14,0.478146596,-0.0420082636360733,-0.013721883530864
62,TrachurusJaponicus,SSP5-8.5,0.463689459753086,Trachurus japonicus,Mid-trophic species,14,0.478146596,-0.0442940722162988,-0.014457136246914
62,TrachysalambriaCurvirostris,SSP1-2.6,0.867403892469136,Trachysalambria curvirostris,Invertebrate,7,0.913628895333333,-0.0749043622263084,-0.0462250028641971
62,TrachysalambriaCurvirostris,SSP5-8.5,0.84905823617284,Trachysalambria curvirostris,Invertebrate,7,0.913628895333333,-0.105744769144344,-0.064570659160493
62,TrichiurusJaponicus,SSP1-2.6,1.13838283209877,Trichiurus japonicus,Predator,3,1.21438485,-0.0932398877845631,-0.0760020179012302
62,TrichiurusJaponicus,SSP5-8.5,1.1127509017284,Trichiurus japonicus,Predator,3,1.21438485,-0.126095027812975,-0.1016339482716
63,DecapterusMaruadsi,SSP1-2.6,0.533234788518518,Decapterus maruadsi,Mid-trophic species,10,0.542880508333333,-0.0258637803669045,-0.00964571981481499
63,DecapterusMaruadsi,SSP5-8.5,0.53344599308642,Decapterus maruadsi,Mid-trophic species,10,0.542880508333333,-0.0252924683268604,-0.00943451524691297
63,EngraulisJaponicus,SSP1-2.6,0.676466057160494,Engraulis japonicus,Prey,1,0.684251623333333,-0.016509405944409,-0.00778556617283899
63,EngraulisJaponicus,SSP5-8.5,0.654415901604938,Engraulis japonicus,Prey,1,0.684251623333333,-0.0643191476265305,-0.029835721728395
63,LarimichthysPolyactis,SSP1-2.6,0.878773040123457,Larimichthys polyactis,Mid-trophic species,13,0.869779390666667,0.0148410853053527,0.00899364945679004
63,LarimichthysPolyactis,SSP5-8.5,0.868895056666667,Larimichthys polyactis,Mid-trophic species,13,0.869779390666667,-0.00146758283388216,-0.000884333999999987
63,MiichthysMiiuy,SSP1-2.6,0.57613484308642,Miichthys miiuy,Predator,5,0.574552353333333,0.00396815323134723,0.00158248975308706
63,MiichthysMiiuy,SSP5-8.5,0.591993412716049,Miichthys miiuy,Predator,5,0.574552353333333,0.0431427651118689,0.017441059382716
63,MuraenesoxCinereus,SSP1-2.6,0.708213823209877,Muraenesox cinereus,Predator,4,0.693175685666667,0.0309639527537628,0.01503813754321
63,MuraenesoxCinereus,SSP5-8.5,0.696381719506173,Muraenesox cinereus,Predator,4,0.693175685666667,0.00665728139242959,0.00320603383950602
63,PampusArgenteus,SSP1-2.6,0.43713563691358,Pampus argenteus,Mid-trophic species,12,0.438835040666667,-0.0055977317635041,-0.00169940375308703
63,PampusArgenteus,SSP5-8.5,0.436130061604938,Pampus argenteus,Mid-trophic species,12,0.438835040666667,-0.00892029247943684,-0.00270497906172901
63,PennahiaArgentata,SSP1-2.6,0.606225435925926,Pennahia argentata,Mid-trophic species,11,0.589740385666667,0.0397743918994699,0.0164850502592591
63,PennahiaArgentata,SSP5-8.5,0.607817907654321,Pennahia argentata,Mid-trophic species,11,0.589740385666667,0.043559186561228,0.018077521987654
63,PortunusTrituberculatus,SSP1-2.6,0.995246602345679,Portunus trituberculatus,Invertebrate,8,0.944875209666667,0.07493023696826,0.0503713926790119
63,PortunusTrituberculatus,SSP5-8.5,0.983466625185185,Portunus trituberculatus,Invertebrate,8,0.944875209666667,0.0577522900285489,0.038591415518518
63,ScomberJaponicus,SSP1-2.6,0.792821893950617,Scomber japonicus,Mid-trophic species,9,0.80515285,-0.0222658866502137,-0.0123309560493831
63,ScomberJaponicus,SSP5-8.5,0.792246113580247,Scomber japonicus,Mid-trophic species,9,0.80515285,-0.0233140126833731,-0.012906736419753
63,ScomberomorusNiphonius,SSP1-2.6,0.665282519753086,Scomberomorus niphonius,Predator,2,0.662223672333333,0.00664854422479067,0.00305884741975304
63,ScomberomorusNiphonius,SSP5-8.5,0.667654360864198,Scomberomorus niphonius,Predator,2,0.662223672333333,0.0117828413847992,0.00543068853086504
63,TodarodesPacificus,SSP1-2.6,1.01709710061728,Todarodes pacificus,Invertebrate,6,0.999637072333333,0.0249811065167771,0.017460028283947
63,TodarodesPacificus,SSP5-8.5,1.00839817753086,Todarodes pacificus,Invertebrate,6,0.999637072333333,0.0125891049226734,0.00876110519752693
63,TrachurusJaponicus,SSP1-2.6,0.459381829382716,Trachurus japonicus,Mid-trophic species,14,0.474891885,-0.0479053107223744,-0.015510055617284
63,TrachurusJaponicus,SSP5-8.5,0.465099299135803,Trachurus japonicus,Mid-trophic species,14,0.474891885,-0.0300603376416185,-0.00979258586419701
63,TrachysalambriaCurvirostris,SSP1-2.6,0.87386365345679,Trachysalambria curvirostris,Invertebrate,7,0.962373909,-0.139189332473295,-0.08851025554321
63,TrachysalambriaCurvirostris,SSP5-8.5,0.885533734814815,Trachysalambria curvirostris,Invertebrate,7,0.962373909,-0.120050261862521,-0.076840174185185
63,TrichiurusJaponicus,SSP1-2.6,1.21647108444444,Trichiurus japonicus,Predator,3,1.27617073533333,-0.0691193283945145,-0.0596996508888901
63,TrichiurusJaponicus,SSP5-8.5,1.11638018691358,Trichiurus japonicus,Predator,3,1.27617073533333,-0.192992930825561,-0.15979054841975
64,DecapterusMaruadsi,SSP1-2.6,0.537772296790124,Decapterus maruadsi,Mid-trophic species,10,0.537666906666667,0.000282760398668652,0.000105390123456894
64,DecapterusMaruadsi,SSP5-8.5,0.537545845925926,Decapterus maruadsi,Mid-trophic species,10,0.537666906666667,-0.000324872878656415,-0.00012106074074103
64,EngraulisJaponicus,SSP1-2.6,0.671221901975309,Engraulis japonicus,Prey,1,0.711941722,-0.084969358453605,-0.0407198200246911
64,EngraulisJaponicus,SSP5-8.5,0.653366208395062,Engraulis japonicus,Prey,1,0.711941722,-0.123867308536847,-0.0585755136049381
64,LarimichthysPolyactis,SSP1-2.6,0.881378919382716,Larimichthys polyactis,Mid-trophic species,13,0.862738934666667,0.0308383259473208,0.018639984716049
64,LarimichthysPolyactis,SSP5-8.5,0.86913776654321,Larimichthys polyactis,Mid-trophic species,13,0.862738934666667,0.0106608109187499,0.006398831876543
64,MiichthysMiiuy,SSP1-2.6,0.586849637901235,Miichthys miiuy,Predator,5,0.589048454666667,-0.00539540928017231,-0.00219881676543199
64,MiichthysMiiuy,SSP5-8.5,0.586353260987654,Miichthys miiuy,Predator,5,0.589048454666667,-0.00661620502666122,-0.00269519367901305
64,MuraenesoxCinereus,SSP1-2.6,0.703267905308642,Muraenesox cinereus,Predator,4,0.687666980333333,0.0323643057947962,0.0156009249753091
64,MuraenesoxCinereus,SSP5-8.5,0.695725777901235,Muraenesox cinereus,Predator,4,0.687666980333333,0.0168087027122664,0.00805879756790207
64,PampusArgenteus,SSP1-2.6,0.436626218148148,Pampus argenteus,Mid-trophic species,12,0.436753611333333,-0.000420869618484304,-0.00012739318518501
64,PampusArgenteus,SSP5-8.5,0.436254390864198,Pampus argenteus,Mid-trophic species,12,0.436753611333333,-0.00164998023345228,-0.000499220469135031
64,PennahiaArgentata,SSP1-2.6,0.607002444567901,Pennahia argentata,Mid-trophic species,11,0.589626697666667,0.0419004770259982,0.017375746901234
64,PennahiaArgentata,SSP5-8.5,0.603771601111111,Pennahia argentata,Mid-trophic species,11,0.589626697666667,0.0342010505099937,0.014144903444444
64,PortunusTrituberculatus,SSP1-2.6,1.00591260271605,Portunus trituberculatus,Invertebrate,8,0.990882676,0.0217188116237476,0.0150299267160501
64,PortunusTrituberculatus,SSP5-8.5,0.99515396962963,Portunus trituberculatus,Invertebrate,8,0.990882676,0.00620550849549132,0.00427129362962997
64,ScomberJaponicus,SSP1-2.6,0.794452155308642,Scomber japonicus,Mid-trophic species,9,0.803169591333333,-0.0157443106506988,-0.00871743602469099
64,ScomberJaponicus,SSP5-8.5,0.790531198148148,Scomber japonicus,Mid-trophic species,9,0.803169591333333,-0.0228822493274762,-0.012638393185185
64,ScomberomorusNiphonius,SSP1-2.6,0.665805525308642,Scomberomorus niphonius,Predator,2,0.658552576,0.0158022193606182,0.00725294930864207
64,ScomberomorusNiphonius,SSP5-8.5,0.666523567901235,Scomberomorus niphonius,Predator,2,0.658552576,0.0173572654720571,0.00797099190123507
64,TodarodesPacificus,SSP1-2.6,0.997575448395062,Todarodes pacificus,Invertebrate,6,1.019842402,-0.0318483631244781,-0.0222669536049381
64,TodarodesPacificus,SSP5-8.5,1.00551753160494,Todarodes pacificus,Invertebrate,6,1.019842402,-0.0204079914412061,-0.01432487039506
64,TrachurusJaponicus,SSP1-2.6,0.461972442098765,Trachurus japonicus,Mid-trophic species,14,0.475098091666667,-0.0404186183057865,-0.013125649567902
64,TrachurusJaponicus,SSP5-8.5,0.461221398395062,Trachurus japonicus,Mid-trophic species,14,0.475098091666667,-0.0427659633991626,-0.013876693271605
64,TrachysalambriaCurvirostris,SSP1-2.6,0.875243341728395,Trachysalambria curvirostris,Invertebrate,7,0.876611827666667,-0.00225396289915737,-0.00136848593827199
64,TrachysalambriaCurvirostris,SSP5-8.5,0.82573519691358,Trachysalambria curvirostris,Invertebrate,7,0.876611827666667,-0.0862589432076178,-0.050876630753087
64,TrichiurusJaponicus,SSP1-2.6,1.20839396407407,Trichiurus japonicus,Predator,3,1.29617921666667,-0.101174323804642,-0.0877852525926
64,TrichiurusJaponicus,SSP5-8.5,1.13880541481481,Trichiurus japonicus,Predator,3,1.29617921666667,-0.186743948777276,-0.15737380185186
65,DecapterusMaruadsi,SSP1-2.6,0.537810044320988,Decapterus maruadsi,Mid-trophic species,10,0.547565945666667,-0.0259360252811463,-0.00975590134567905
65,DecapterusMaruadsi,SSP5-8.5,0.534809650864198,Decapterus maruadsi,Mid-trophic species,10,0.547565945666667,-0.0340072252980278,-0.0127562948024691
65,EngraulisJaponicus,SSP1-2.6,0.683520022839506,Engraulis japonicus,Prey,1,0.700795440666667,-0.0360097885366487,-0.017275417827161
65,EngraulisJaponicus,SSP5-8.5,0.680726842469136,Engraulis japonicus,Prey,1,0.700795440666667,-0.0419173895755099,-0.020068598197531
65,LarimichthysPolyactis,SSP1-2.6,0.872226392839506,Larimichthys polyactis,Mid-trophic species,13,0.824947293,0.080400699260064,0.047279099839506
65,LarimichthysPolyactis,SSP5-8.5,0.870276846666667,Larimichthys polyactis,Mid-trophic species,13,0.824947293,0.077172467937062,0.045329553666667
65,MiichthysMiiuy,SSP1-2.6,0.586716090740741,Miichthys miiuy,Predator,5,0.588373376666667,-0.0040694089058893,-0.00165728592592596
65,MiichthysMiiuy,SSP5-8.5,0.581199317530864,Miichthys miiuy,Predator,5,0.588373376666667,-0.0176989585995426,-0.00717405913580305
65,MuraenesoxCinereus,SSP1-2.6,0.703061110864198,Muraenesox cinereus,Predator,4,0.682525546333333,0.0427670495724563,0.020535564530865
65,MuraenesoxCinereus,SSP5-8.5,0.69931606962963,Muraenesox cinereus,Predator,4,0.682525546333333,0.0350616114976796,0.016790523296297
65,PampusArgenteus,SSP1-2.6,0.437110058518519,Pampus argenteus,Mid-trophic species,12,0.436807074666667,0.00100035415590624,0.000302983851851957
65,PampusArgenteus,SSP5-8.5,0.433016919259259,Pampus argenteus,Mid-trophic species,12,0.436807074666667,-0.0125728263553421,-0.00379015540740801
65,PennahiaArgentata,SSP1-2.6,0.605342240617284,Pennahia argentata,Mid-trophic species,11,0.583838786666667,0.0521809675987447,0.021503453950617
65,PennahiaArgentata,SSP5-8.5,0.595975742222222,Pennahia argentata,Mid-trophic species,11,0.583838786666667,0.0296835525753077,0.0121369555555551
65,PortunusTrituberculatus,SSP1-2.6,0.996342681111111,Portunus trituberculatus,Invertebrate,8,1.05536813466667,-0.0830323973306529,-0.0590254535555589
65,PortunusTrituberculatus,SSP5-8.5,0.974047231851852,Portunus trituberculatus,Invertebrate,8,1.05536813466667,-0.115682693339635,-0.0813209028148179
65,ScomberJaponicus,SSP1-2.6,0.793651490123457,Scomber japonicus,Mid-trophic species,9,0.805461256,-0.021309567409871,-0.0118097658765429
65,ScomberJaponicus,SSP5-8.5,0.78728798345679,Scomber japonicus,Mid-trophic species,9,0.805461256,-0.0329237363837358,-0.01817327254321
65,ScomberomorusNiphonius,SSP1-2.6,0.665118551234568,Scomberomorus niphonius,Predator,2,0.657094025,0.0175116869297774,0.00802452623456795
65,ScomberomorusNiphonius,SSP5-8.5,0.668613824444444,Scomberomorus niphonius,Predator,2,0.657094025,0.0250733611644591,0.0115197994444439
65,TodarodesPacificus,SSP1-2.6,1.02526995283951,Todarodes pacificus,Invertebrate,6,0.998409166333333,0.0383007356439925,0.026860786506177
65,TodarodesPacificus,SSP5-8.5,0.998943239753086,Todarodes pacificus,Invertebrate,6,0.998409166333333,0.000771526436860514,0.000534073419752978
65,TrachurusJaponicus,SSP1-2.6,0.471317337530864,Trachurus japonicus,Mid-trophic species,14,0.476684187666667,-0.0163350175895,-0.00536685013580296
65,TrachurusJaponicus,SSP5-8.5,0.459052330493827,Trachurus japonicus,Mid-trophic species,14,0.476684187666667,-0.0543751442083685,-0.01763185717284
65,TrachysalambriaCurvirostris,SSP1-2.6,0.870233817777778,Trachysalambria curvirostris,Invertebrate,7,0.907196213333333,-0.060011536524305,-0.036962395555555
65,TrachysalambriaCurvirostris,SSP5-8.5,0.851362980617284,Trachysalambria curvirostris,Invertebrate,7,0.907196213333333,-0.0916402589263777,-0.055833232716049
65,TrichiurusJaponicus,SSP1-2.6,1.21406961481482,Trichiurus japonicus,Predator,3,1.195382712,0.0223785648555247,0.01868690281482
65,TrichiurusJaponicus,SSP5-8.5,1.14999055382716,Trichiurus japonicus,Predator,3,1.195382712,-0.0558505725859658,-0.04539215817284
66,DecapterusMaruadsi,SSP1-2.6,0.536205284814815,Decapterus maruadsi,Mid-trophic species,10,0.541903898333333,-0.0152515870540821,-0.00569861351851797
66,DecapterusMaruadsi,SSP5-8.5,0.535705428765432,Decapterus maruadsi,Mid-trophic species,10,0.541903898333333,-0.0165971093755574,-0.00619846956790093
66,EngraulisJaponicus,SSP1-2.6,0.671376738888889,Engraulis japonicus,Prey,1,0.704490290666667,-0.0694572703347569,-0.033113551777778
66,EngraulisJaponicus,SSP5-8.5,0.666420305185185,Engraulis japonicus,Prey,1,0.704490290666667,-0.0801474644480105,-0.038069985481482
66,LarimichthysPolyactis,SSP1-2.6,0.87056356654321,Larimichthys polyactis,Mid-trophic species,13,0.866376879,0.00695490172899606,0.00418668754320994
66,LarimichthysPolyactis,SSP5-8.5,0.879946038641975,Larimichthys polyactis,Mid-trophic species,13,0.866376879,0.0224203131172393,0.0135691596419749
66,MiichthysMiiuy,SSP1-2.6,0.585168952222222,Miichthys miiuy,Predator,5,0.602609115,-0.042369269865125,-0.017440162777778
66,MiichthysMiiuy,SSP5-8.5,0.587088622962963,Miichthys miiuy,Predator,5,0.602609115,-0.0376441957993628,-0.015520492037037
66,MuraenesoxCinereus,SSP1-2.6,0.703777665432099,Muraenesox cinereus,Predator,4,0.684426051,0.0402250569875002,0.019351614432099
66,MuraenesoxCinereus,SSP5-8.5,0.705444589382716,Muraenesox cinereus,Predator,4,0.684426051,0.0436380942575093,0.0210185383827161
66,PampusArgenteus,SSP1-2.6,0.435836701728395,Pampus argenteus,Mid-trophic species,12,0.436996540666667,-0.00383416851715101,-0.00115983893827198
66,PampusArgenteus,SSP5-8.5,0.433760947037037,Pampus argenteus,Mid-trophic species,12,0.436996540666667,-0.0107216910199996,-0.00323559362963
66,PennahiaArgentata,SSP1-2.6,0.611113154938272,Pennahia argentata,Mid-trophic species,11,0.587027156,0.0580122928318743,0.024085998938272
66,PennahiaArgentata,SSP5-8.5,0.60195399654321,Pennahia argentata,Mid-trophic species,11,0.587027156,0.0362259910763573,0.01492684054321
66,PortunusTrituberculatus,SSP1-2.6,0.962303836790123,Portunus trituberculatus,Invertebrate,8,0.974984112333333,-0.0188862289729328,-0.0126802755432101
66,PortunusTrituberculatus,SSP5-8.5,1.00573349604938,Portunus trituberculatus,Invertebrate,8,0.974984112333333,0.0447974487213266,0.030749383716047
66,ScomberJaponicus,SSP1-2.6,0.79180547617284,Scomber japonicus,Mid-trophic species,9,0.800600613,-0.0159366751960927,-0.00879513682715993
66,ScomberJaponicus,SSP5-8.5,0.791573713827161,Scomber japonicus,Mid-trophic species,9,0.800600613,-0.0163590154558048,-0.00902689917283894
66,ScomberomorusNiphonius,SSP1-2.6,0.665683248148148,Scomberomorus niphonius,Predator,2,0.659307709,0.0138839131698069,0.00637553914814804
66,ScomberomorusNiphonius,SSP5-8.5,0.670765538765432,Scomberomorus niphonius,Predator,2,0.659307709,0.0248566206718758,0.011457829765432
66,TodarodesPacificus,SSP1-2.6,1.02974943234568,Todarodes pacificus,Invertebrate,6,1.0155756,0.0199956922788083,0.0141738323456799
66,TodarodesPacificus,SSP5-8.5,0.987775518888889,Todarodes pacificus,Invertebrate,6,1.0155756,-0.0400425202375439,-0.027800081111111
66,TrachurusJaponicus,SSP1-2.6,0.464395709135803,Trachurus japonicus,Mid-trophic species,14,0.473568731333333,-0.0282191840024145,-0.00917302219752997
66,TrachurusJaponicus,SSP5-8.5,0.460666564197531,Trachurus japonicus,Mid-trophic species,14,0.473568731333333,-0.0398509372538501,-0.012902167135802
66,TrachysalambriaCurvirostris,SSP1-2.6,0.871186672469136,Trachysalambria curvirostris,Invertebrate,7,0.894307408333333,-0.0377889435283336,-0.0231207358641971
66,TrachysalambriaCurvirostris,SSP5-8.5,0.841901167407407,Trachysalambria curvirostris,Invertebrate,7,0.894307408333333,-0.0871199450578044,-0.0524062409259261
66,TrichiurusJaponicus,SSP1-2.6,1.15682945740741,Trichiurus japonicus,Predator,3,1.27485377266667,-0.140155583101704,-0.11802431525926
66,TrichiurusJaponicus,SSP5-8.5,1.15065479802469,Trichiurus japonicus,Predator,3,1.27485377266667,-0.147876694708228,-0.12419897464198
67,DecapterusMaruadsi,SSP1-2.6,0.537684471975309,Decapterus maruadsi,Mid-trophic species,10,0.541134332333333,-0.00922696819109651,-0.00344986035802397
67,DecapterusMaruadsi,SSP5-8.5,0.531137145802469,Decapterus maruadsi,Mid-trophic species,10,0.541134332333333,-0.026902346376689,-0.00999718653086401
67,EngraulisJaponicus,SSP1-2.6,0.684365178888889,Engraulis japonicus,Prey,1,0.690107353333333,-0.0120544493936918,-0.00574217444444392
67,EngraulisJaponicus,SSP5-8.5,0.666589131975309,Engraulis japonicus,Prey,1,0.690107353333333,-0.0500230094408057,-0.023518221358024
67,LarimichthysPolyactis,SSP1-2.6,0.872347028148148,Larimichthys polyactis,Mid-trophic species,13,0.858713879666667,0.0227246566297169,0.013633148481481
67,LarimichthysPolyactis,SSP5-8.5,0.858993825432099,Larimichthys polyactis,Mid-trophic species,13,0.858713879666667,0.000470250403934937,0.000279945765431999
67,MiichthysMiiuy,SSP1-2.6,0.580095472345679,Miichthys miiuy,Predator,5,0.581089905,-0.00247103251144832,-0.000994432654320976
67,MiichthysMiiuy,SSP5-8.5,0.586713202345679,Miichthys miiuy,Predator,5,0.581089905,0.0138940645845723,0.00562329734567901
67,MuraenesoxCinereus,SSP1-2.6,0.696063267777778,Muraenesox cinereus,Predator,4,0.67880518,0.0362208697403703,0.017258087777778
67,MuraenesoxCinereus,SSP5-8.5,0.701937123950617,Muraenesox cinereus,Predator,4,0.67880518,0.0483442326358136,0.023131943950617
67,PampusArgenteus,SSP1-2.6,0.435643066666667,Pampus argenteus,Mid-trophic species,12,0.438228680333333,-0.00853732349839013,-0.00258561366666599
67,PampusArgenteus,SSP5-8.5,0.433945912222222,Pampus argenteus,Mid-trophic species,12,0.438228680333333,-0.0141686722593517,-0.004282768111111
67,PennahiaArgentata,SSP1-2.6,0.602871228765432,Pennahia argentata,Mid-trophic species,11,0.586862925,0.0388263114044142,0.0160083037654319
67,PennahiaArgentata,SSP5-8.5,0.609279834320988,Pennahia argentata,Mid-trophic species,11,0.586862925,0.0540814225569545,0.0224169093209879
67,PortunusTrituberculatus,SSP1-2.6,0.974183357530864,Portunus trituberculatus,Invertebrate,8,1.044569573,-0.100643343330578,-0.0703862154691359
67,PortunusTrituberculatus,SSP5-8.5,0.998201425061728,Portunus trituberculatus,Invertebrate,8,1.044569573,-0.0655057169524855,-0.0463681479382719
67,ScomberJaponicus,SSP1-2.6,0.797355184567901,Scomber japonicus,Mid-trophic species,9,0.799065524,-0.00309128934215969,-0.00171033943209897
67,ScomberJaponicus,SSP5-8.5,0.791000608518519,Scomber japonicus,Mid-trophic species,9,0.799065524,-0.0146350055624136,-0.00806491548148092
67,ScomberomorusNiphonius,SSP1-2.6,0.66550286308642,Scomberomorus niphonius,Predator,2,0.655447029666667,0.0219656799081351,0.010055833419753
67,ScomberomorusNiphonius,SSP5-8.5,0.668657541728395,Scomberomorus niphonius,Predator,2,0.655447029666667,0.0287883193719705,0.013210512061728
67,TodarodesPacificus,SSP1-2.6,1.00203003407407,Todarodes pacificus,Invertebrate,6,0.982527291,0.028356365597071,0.01950274307407
67,TodarodesPacificus,SSP5-8.5,1.00147281012346,Todarodes pacificus,Invertebrate,6,0.982527291,0.0275538668601554,0.01894551912346
67,TrachurusJaponicus,SSP1-2.6,0.466280026419753,Trachurus japonicus,Mid-trophic species,14,0.474383611,-0.0248575368431214,-0.00810358458024696
67,TrachurusJaponicus,SSP5-8.5,0.463941558765432,Trachurus japonicus,Mid-trophic species,14,0.474383611,-0.0321110834146755,-0.010442052234568
67,TrachysalambriaCurvirostris,SSP1-2.6,0.866639646049383,Trachysalambria curvirostris,Invertebrate,7,0.814905462,0.0887995363463301,0.051734184049383
67,TrachysalambriaCurvirostris,SSP5-8.5,0.819279954074074,Trachysalambria curvirostris,Invertebrate,7,0.814905462,0.0077238152217452,0.00437449207407392
67,TrichiurusJaponicus,SSP1-2.6,1.1464240217284,Trichiurus japonicus,Predator,3,1.27628388833333,-0.154808523844844,-0.12985986660493
67,TrichiurusJaponicus,SSP5-8.5,1.13492039567901,Trichiurus japonicus,Predator,3,1.27628388833333,-0.169358159393864,-0.14136349265432
68,DecapterusMaruadsi,SSP1-2.6,0.535587328888889,Decapterus maruadsi,Mid-trophic species,10,0.545302239333333,-0.0259342507425514,-0.00971491044444395
68,DecapterusMaruadsi,SSP5-8.5,0.530574382592593,Decapterus maruadsi,Mid-trophic species,10,0.545302239333333,-0.0395010595665957,-0.01472785674074
68,EngraulisJaponicus,SSP1-2.6,0.686354936790124,Engraulis japonicus,Prey,1,0.722938388333333,-0.0749178656499623,-0.036583451543209
68,EngraulisJaponicus,SSP5-8.5,0.662698208765432,Engraulis japonicus,Prey,1,0.722938388333333,-0.125520680342947,-0.0602401795679011
68,LarimichthysPolyactis,SSP1-2.6,0.873214105555556,Larimichthys polyactis,Mid-trophic species,13,0.874615244666667,-0.00231305977319759,-0.00140113911111095
68,LarimichthysPolyactis,SSP5-8.5,0.879131374197531,Larimichthys polyactis,Mid-trophic species,13,0.874615244666667,0.00743027756692973,0.004516129530864
68,MiichthysMiiuy,SSP1-2.6,0.580856821358025,Miichthys miiuy,Predator,5,0.584899743333333,-0.0100067664992316,-0.00404292197530809
68,MiichthysMiiuy,SSP5-8.5,0.582480441234568,Miichthys miiuy,Predator,5,0.584899743333333,-0.00597974881419765,-0.00241930209876506
68,MuraenesoxCinereus,SSP1-2.6,0.703804678148148,Muraenesox cinereus,Predator,4,0.684568905333333,0.0399793402611967,0.0192357728148149
68,MuraenesoxCinereus,SSP5-8.5,0.696952741111111,Muraenesox cinereus,Predator,4,0.684568905333333,0.0258650699488259,0.012383835777778
68,PampusArgenteus,SSP1-2.6,0.437346664691358,Pampus argenteus,Mid-trophic species,12,0.437063584666667,0.000934111104859176,0.000283080024691018
68,PampusArgenteus,SSP5-8.5,0.434257045679012,Pampus argenteus,Mid-trophic species,12,0.437063584666667,-0.00929392405340321,-0.00280653898765498
68,PennahiaArgentata,SSP1-2.6,0.600280761234568,Pennahia argentata,Mid-trophic species,11,0.590515411666667,0.0236627183544938,0.00976534956790098
68,PennahiaArgentata,SSP5-8.5,0.593151868765432,Pennahia argentata,Mid-trophic species,11,0.590515411666667,0.00642682269736189,0.00263645709876503
68,PortunusTrituberculatus,SSP1-2.6,0.971707615061728,Portunus trituberculatus,Invertebrate,8,1.003609397,-0.0466037040724511,-0.031901781938272
68,PortunusTrituberculatus,SSP5-8.5,0.982515026790123,Portunus trituberculatus,Invertebrate,8,1.003609397,-0.0306465066395984,-0.0210943702098769
68,ScomberJaponicus,SSP1-2.6,0.791843165555556,Scomber japonicus,Mid-trophic species,9,0.798143064666667,-0.0114326534358356,-0.00629989911111095
68,ScomberJaponicus,SSP5-8.5,0.785716042839506,Scomber japonicus,Mid-trophic species,9,0.798143064666667,-0.022639350412621,-0.0124270218271609
68,ScomberomorusNiphonius,SSP1-2.6,0.664466489506173,Scomberomorus niphonius,Predator,2,0.657225108666667,0.0158088449326276,0.0072413808395061
68,ScomberomorusNiphonius,SSP5-8.5,0.668491757283951,Scomberomorus niphonius,Predator,2,0.657225108666667,0.0245221733924837,0.0112666486172841
68,TodarodesPacificus,SSP1-2.6,1.02288196679012,Todarodes pacificus,Invertebrate,6,1.04351290966667,-0.0288087706245111,-0.0206309428765501
68,TodarodesPacificus,SSP5-8.5,0.992540690123457,Todarodes pacificus,Invertebrate,6,1.04351290966667,-0.0722502954999546,-0.050972219543213
68,TrachurusJaponicus,SSP1-2.6,0.463844851111111,Trachurus japonicus,Mid-trophic species,14,0.463439209,0.00126221925854168,0.000405642111110993
68,TrachurusJaponicus,SSP5-8.5,0.463045860617284,Trachurus japonicus,Mid-trophic species,14,0.463439209,-0.00122502091785888,-0.000393348382716041
68,TrachysalambriaCurvirostris,SSP1-2.6,0.858538669012346,Trachysalambria curvirostris,Invertebrate,7,0.887810546333333,-0.0483687311917542,-0.029271877320987
68,TrachysalambriaCurvirostris,SSP5-8.5,0.856254593580247,Trachysalambria curvirostris,Invertebrate,7,0.887810546333333,-0.0522120239309592,-0.031555952753086
68,TrichiurusJaponicus,SSP1-2.6,1.15153878728395,Trichiurus japonicus,Predator,3,1.197507522,-0.0564717118559647,-0.04596873471605
68,TrichiurusJaponicus,SSP5-8.5,1.10049233234568,Trichiurus japonicus,Predator,3,1.197507522,-0.121885624785053,-0.0970151896543201
69,DecapterusMaruadsi,SSP1-2.6,0.536611816666667,Decapterus maruadsi,Mid-trophic species,10,0.542350959,-0.0153479071915788,-0.00573914233333295
69,DecapterusMaruadsi,SSP5-8.5,0.533763010493827,Decapterus maruadsi,Mid-trophic species,10,0.542350959,-0.0230274006516194,-0.00858794850617295
69,EngraulisJaponicus,SSP1-2.6,0.685766265802469,Engraulis japonicus,Prey,1,0.733859339,-0.0977866269216763,-0.048093073197531
69,EngraulisJaponicus,SSP5-8.5,0.66235662617284,Engraulis japonicus,Prey,1,0.733859339,-0.147895361576354,-0.07150271282716
69,LarimichthysPolyactis,SSP1-2.6,0.873620625308642,Larimichthys polyactis,Mid-trophic species,13,0.865799291666667,0.0129742970021786,0.00782133364197502
69,LarimichthysPolyactis,SSP5-8.5,0.866717208148148,Larimichthys polyactis,Mid-trophic species,13,0.865799291666667,0.00152872850542539,0.000917916481480985
69,MiichthysMiiuy,SSP1-2.6,0.586436956296296,Miichthys miiuy,Predator,5,0.589565195,-0.00767533478472227,-0.00312823870370405
69,MiichthysMiiuy,SSP5-8.5,0.584080913827161,Miichthys miiuy,Predator,5,0.589565195,-0.0134831151928168,-0.00548428117283906
69,MuraenesoxCinereus,SSP1-2.6,0.70132404,Muraenesox cinereus,Predator,4,0.688955173333333,0.0256710641363858,0.012368866666667
69,MuraenesoxCinereus,SSP5-8.5,0.700739523209877,Muraenesox cinereus,Predator,4,0.688955173333333,0.0244681521637626,0.011784349876544
69,PampusArgenteus,SSP1-2.6,0.436146230246914,Pampus argenteus,Mid-trophic species,12,0.435247802666667,0.0029749055534893,0.000898427580246997
69,PampusArgenteus,SSP5-8.5,0.434775937901235,Pampus argenteus,Mid-trophic species,12,0.435247802666667,-0.00156491597197919,-0.00047186476543204
69,PennahiaArgentata,SSP1-2.6,0.60271234691358,Pennahia argentata,Mid-trophic species,11,0.601160444,0.00371953564271195,0.00155190291357998
69,PennahiaArgentata,SSP5-8.5,0.623338112098765,Pennahia argentata,Mid-trophic species,11,0.601160444,0.0522648407121299,0.022177668098765
69,PortunusTrituberculatus,SSP1-2.6,1.02600561765432,Portunus trituberculatus,Invertebrate,8,1.02545609133333,0.000772911250177543,0.000549526320990035
69,PortunusTrituberculatus,SSP5-8.5,0.990070509135803,Portunus trituberculatus,Invertebrate,8,1.02545609133333,-0.0506625415229561,-0.035385582197527
69,ScomberJaponicus,SSP1-2.6,0.793219911604938,Scomber japonicus,Mid-trophic species,9,0.792156663333333,0.00193511530687186,0.00106324827160498
69,ScomberJaponicus,SSP5-8.5,0.79194815308642,Scomber japonicus,Mid-trophic species,9,0.792156663333333,-0.000379793935117358,-0.000208510246913041
69,ScomberomorusNiphonius,SSP1-2.6,0.66585157962963,Scomberomorus niphonius,Predator,2,0.660471632333333,0.0117040338034503,0.00537994729629709
69,ScomberomorusNiphonius,SSP5-8.5,0.669266490123457,Scomberomorus niphonius,Predator,2,0.660471632333333,0.0190841828551795,0.00879485779012401
69,TodarodesPacificus,SSP1-2.6,1.00890438111111,Todarodes pacificus,Invertebrate,6,0.990767092666667,0.026171592708107,0.0181372884444431
69,TodarodesPacificus,SSP5-8.5,1.02101642839506,Todarodes pacificus,Invertebrate,6,0.990767092666667,0.0433882228791386,0.0302493357283931
69,TrachurusJaponicus,SSP1-2.6,0.464716386049383,Trachurus japonicus,Mid-trophic species,14,0.470263285666667,-0.0171181870580132,-0.005546899617284
69,TrachurusJaponicus,SSP5-8.5,0.464142646049383,Trachurus japonicus,Mid-trophic species,14,0.470263285666667,-0.0189004423398681,-0.00612063961728399
69,TrachysalambriaCurvirostris,SSP1-2.6,0.877167868395062,Trachysalambria curvirostris,Invertebrate,7,0.884142459666667,-0.0114258806913764,-0.00697459127160505
69,TrachysalambriaCurvirostris,SSP5-8.5,0.861992644814815,Trachysalambria curvirostris,Invertebrate,7,0.884142459666667,-0.0366032870140849,-0.0221498148518521
69,TrichiurusJaponicus,SSP1-2.6,1.18495384851852,Trichiurus japonicus,Predator,3,1.247075999,-0.0737185179601492,-0.06212215048148
69,TrichiurusJaponicus,SSP5-8.5,1.10073468728395,Trichiurus japonicus,Predator,3,1.247075999,-0.180082613649518,-0.14634131171605
70,DecapterusMaruadsi,SSP1-2.6,0.533611486790124,Decapterus maruadsi,Mid-trophic species,10,0.547805510333333,-0.0378740550361066,-0.014194023543209
70,DecapterusMaruadsi,SSP5-8.5,0.538523015061728,Decapterus maruadsi,Mid-trophic species,10,0.547805510333333,-0.0246557749837639,-0.00928249527160507
70,EngraulisJaponicus,SSP1-2.6,0.67731407691358,Engraulis japonicus,Prey,1,0.704247677333333,-0.056257920252594,-0.026933600419753
70,EngraulisJaponicus,SSP5-8.5,0.661918915802469,Engraulis japonicus,Prey,1,0.704247677333333,-0.0894284008722871,-0.0423287615308641
70,LarimichthysPolyactis,SSP1-2.6,0.869502107530864,Larimichthys polyactis,Mid-trophic species,13,0.875921761,-0.0106124869195892,-0.00641965346913598
70,LarimichthysPolyactis,SSP5-8.5,0.854749105925926,Larimichthys polyactis,Mid-trophic species,13,0.875921761,-0.0353010027229938,-0.021172655074074
70,MiichthysMiiuy,SSP1-2.6,0.581570534320988,Miichthys miiuy,Predator,5,0.584776258666667,-0.00793056454532521,-0.00320572434567901
70,MiichthysMiiuy,SSP5-8.5,0.576447564567901,Miichthys miiuy,Predator,5,0.584776258666667,-0.0206953586028685,-0.00832869409876602
70,MuraenesoxCinereus,SSP1-2.6,0.704218225308642,Muraenesox cinereus,Predator,4,0.688616205,0.0323224331007597,0.015602020308642
70,MuraenesoxCinereus,SSP5-8.5,0.701407467530864,Muraenesox cinereus,Predator,4,0.688616205,0.0265526584976529,0.012791262530864
70,PampusArgenteus,SSP1-2.6,0.435802484197531,Pampus argenteus,Mid-trophic species,12,0.437772233,-0.00650602996900289,-0.00196974880246903
70,PampusArgenteus,SSP5-8.5,0.435880180123457,Pampus argenteus,Mid-trophic species,12,0.437772233,-0.00624884571625681,-0.00189205287654304
70,PennahiaArgentata,SSP1-2.6,0.601035354567901,Pennahia argentata,Mid-trophic species,11,0.586133685,0.03622010560949,0.0149016695679011
70,PennahiaArgentata,SSP5-8.5,0.611504872098766,Pennahia argentata,Mid-trophic species,11,0.586133685,0.0611342421648327,0.0253711870987661
70,PortunusTrituberculatus,SSP1-2.6,1.00685621641975,Portunus trituberculatus,Invertebrate,8,1.01284436833333,-0.00855483476014687,-0.00598815191357982
70,PortunusTrituberculatus,SSP5-8.5,0.995888771234568,Portunus trituberculatus,Invertebrate,8,1.01284436833333,-0.0243559847299979,-0.0169555970987619
70,ScomberJaponicus,SSP1-2.6,0.790626831111111,Scomber japonicus,Mid-trophic species,9,0.797738201333333,-0.0129184499728736,-0.00711137022222197
70,ScomberJaponicus,SSP5-8.5,0.78526388037037,Scomber japonicus,Mid-trophic species,9,0.797738201333333,-0.0227378267233986,-0.012474320962963
70,ScomberomorusNiphonius,SSP1-2.6,0.664394611234568,Scomberomorus niphonius,Predator,2,0.658046722666667,0.0138503500472276,0.00634788856790103
70,ScomberomorusNiphonius,SSP5-8.5,0.670972628888889,Scomberomorus niphonius,Predator,2,0.658046722666667,0.0280638935955332,0.012925906222222
70,TodarodesPacificus,SSP1-2.6,1.01494226074074,Todarodes pacificus,Invertebrate,6,0.996526774,0.0264171839280503,0.0184154867407399
70,TodarodesPacificus,SSP5-8.5,0.999978905802469,Todarodes pacificus,Invertebrate,6,0.996526774,0.00498909514323223,0.00345213180246895
70,TrachurusJaponicus,SSP1-2.6,0.461903355185185,Trachurus japonicus,Mid-trophic species,14,0.473639569,-0.036198586540036,-0.011736213814815
70,TrachurusJaponicus,SSP5-8.5,0.464178838024691,Trachurus japonicus,Mid-trophic species,14,0.473639569,-0.0291088607277269,-0.00946073097530897
70,TrachysalambriaCurvirostris,SSP1-2.6,0.854190514320988,Trachysalambria curvirostris,Invertebrate,7,0.909349039,-0.0902762788838396,-0.0551585246790119
70,TrachysalambriaCurvirostris,SSP5-8.5,0.818237695308642,Trachysalambria curvirostris,Invertebrate,7,0.909349039,-0.152314153877409,-0.091111343691358
70,TrichiurusJaponicus,SSP1-2.6,1.10286952209877,Trichiurus japonicus,Predator,3,1.26683832666667,-0.199970300973325,-0.1639688045679
70,TrichiurusJaponicus,SSP5-8.5,1.19285276506173,Trichiurus japonicus,Predator,3,1.26683832666667,-0.0868164393217586,-0.0739855616049401
71,DecapterusMaruadsi,SSP1-2.6,0.536498113703704,Decapterus maruadsi,Mid-trophic species,10,0.546127739666667,-0.0256653394533541,-0.00962962596296291
71,DecapterusMaruadsi,SSP5-8.5,0.533647268271605,Decapterus maruadsi,Mid-trophic species,10,0.546127739666667,-0.0333519778596981,-0.0124804713950619
71,EngraulisJaponicus,SSP1-2.6,0.667005832098765,Engraulis japonicus,Prey,1,0.726712232666667,-0.123684815295348,-0.059706400567902
71,EngraulisJaponicus,SSP5-8.5,0.67046311654321,Engraulis japonicus,Prey,1,0.726712232666667,-0.116226222350117,-0.056249116123457
71,LarimichthysPolyactis,SSP1-2.6,0.883053521604938,Larimichthys polyactis,Mid-trophic species,13,0.869540519666667,0.0222476246724716,0.013513001938271
71,LarimichthysPolyactis,SSP5-8.5,0.864292114938272,Larimichthys polyactis,Mid-trophic species,13,0.869540519666667,-0.00873425779434692,-0.00524840472839505
71,MiichthysMiiuy,SSP1-2.6,0.583643271975309,Miichthys miiuy,Predator,5,0.569981800333333,0.0341709958845795,0.013661471641976
71,MiichthysMiiuy,SSP5-8.5,0.587332351234568,Miichthys miiuy,Predator,5,0.569981800333333,0.0432612516601111,0.0173505509012349
71,MuraenesoxCinereus,SSP1-2.6,0.704310639506173,Muraenesox cinereus,Predator,4,0.684706605,0.0407259472236593,0.019604034506173
71,MuraenesoxCinereus,SSP5-8.5,0.703035863703704,Muraenesox cinereus,Predator,4,0.684706605,0.0381123574257595,0.0183292587037039
71,PampusArgenteus,SSP1-2.6,0.436953122222222,Pampus argenteus,Mid-trophic species,12,0.438035812333333,-0.00357031361111177,-0.00108269011111101
71,PampusArgenteus,SSP5-8.5,0.434994028148148,Pampus argenteus,Mid-trophic species,12,0.438035812333333,-0.0100532295999589,-0.00304178418518497
71,PennahiaArgentata,SSP1-2.6,0.603189618148148,Pennahia argentata,Mid-trophic species,11,0.608327900666667,-0.0122375764956915,-0.005138282518519
71,PennahiaArgentata,SSP5-8.5,0.614244687901235,Pennahia argentata,Mid-trophic species,11,0.608327900666667,0.0139643017129338,0.00591678723456801
71,PortunusTrituberculatus,SSP1-2.6,0.990182379259259,Portunus trituberculatus,Invertebrate,8,1.01252000266667,-0.032184227961162,-0.0223376234074111
71,PortunusTrituberculatus,SSP5-8.5,1.00555991345679,Portunus trituberculatus,Invertebrate,8,1.01252000266667,-0.00995136606824934,-0.00696008920988001
71,ScomberJaponicus,SSP1-2.6,0.789384910617284,Scomber japonicus,Mid-trophic species,9,0.796499260666667,-0.0129440807519165,-0.00711435004938299
71,ScomberJaponicus,SSP5-8.5,0.790222186666667,Scomber japonicus,Mid-trophic species,9,0.796499260666667,-0.011414669900949,-0.00627707399999999
71,ScomberomorusNiphonius,SSP1-2.6,0.665144624938272,Scomberomorus niphonius,Predator,2,0.659140212333333,0.0130826773918095,0.006004412604939
71,ScomberomorusNiphonius,SSP5-8.5,0.66962239,Scomberomorus niphonius,Predator,2,0.659140212333333,0.0227623797080191,0.010482177666667
71,TodarodesPacificus,SSP1-2.6,1.00058352555556,Todarodes pacificus,Invertebrate,6,1.020476187,-0.028400913308189,-0.0198926614444401
71,TodarodesPacificus,SSP5-8.5,1.0094670708642,Todarodes pacificus,Invertebrate,6,1.020476187,-0.0156486669411575,-0.0110091161358001
71,TrachurusJaponicus,SSP1-2.6,0.460347486296296,Trachurus japonicus,Mid-trophic species,14,0.472290009333333,-0.0369497487322715,-0.011942523037037
71,TrachurusJaponicus,SSP5-8.5,0.462986450987654,Trachurus japonicus,Mid-trophic species,14,0.472290009333333,-0.0287030429929474,-0.00930355834567898
71,TrachysalambriaCurvirostris,SSP1-2.6,0.859795610864198,Trachysalambria curvirostris,Invertebrate,7,0.868757698666667,-0.0149601119205894,-0.00896208780246899
71,TrachysalambriaCurvirostris,SSP5-8.5,0.869503414074074,Trachysalambria curvirostris,Invertebrate,7,0.868757698666667,0.00123783472839032,0.000745715407407088
71,TrichiurusJaponicus,SSP1-2.6,1.17122587654321,Trichiurus japonicus,Predator,3,1.29470603666667,-0.144605237469977,-0.12348016012346
71,TrichiurusJaponicus,SSP5-8.5,1.13511467037037,Trichiurus japonicus,Predator,3,1.29470603666667,-0.189786523506803,-0.1595913662963
72,DecapterusMaruadsi,SSP1-2.6,0.534436065432099,Decapterus maruadsi,Mid-trophic species,10,0.545040392333333,-0.0283457816550832,-0.010604326901234
72,DecapterusMaruadsi,SSP5-8.5,0.534488065432099,Decapterus maruadsi,Mid-trophic species,10,0.545040392333333,-0.0282054159546198,-0.010552326901234
72,EngraulisJaponicus,SSP1-2.6,0.674969012839506,Engraulis japonicus,Prey,1,0.701011202333333,-0.0546162280657658,-0.026042189493827
72,EngraulisJaponicus,SSP5-8.5,0.662626617407407,Engraulis japonicus,Prey,1,0.701011202333333,-0.0812413420643804,-0.038384584925926
72,LarimichthysPolyactis,SSP1-2.6,0.886580058271605,Larimichthys polyactis,Mid-trophic species,13,0.869386166666667,0.0282537723204536,0.017193891604938
72,LarimichthysPolyactis,SSP5-8.5,0.880304221111111,Larimichthys polyactis,Mid-trophic species,13,0.869386166666667,0.0180050454164042,0.0109180544444439
72,MiichthysMiiuy,SSP1-2.6,0.582458919259259,Miichthys miiuy,Predator,5,0.58100444,0.00360711163069621,0.00145447925925901
72,MiichthysMiiuy,SSP5-8.5,0.570657609753086,Miichthys miiuy,Predator,5,0.58100444,-0.025923789601072,-0.010346830246914
72,MuraenesoxCinereus,SSP1-2.6,0.698874392839506,Muraenesox cinereus,Predator,4,0.682296968,0.0346333812397804,0.0165774248395061
72,MuraenesoxCinereus,SSP5-8.5,0.700005065679012,Muraenesox cinereus,Predator,4,0.682296968,0.0369655571019893,0.017708097679012
72,PampusArgenteus,SSP1-2.6,0.437088758024691,Pampus argenteus,Mid-trophic species,12,0.437372317333333,-0.000935638267367702,-0.00028355930864199
72,PampusArgenteus,SSP5-8.5,0.434490942222222,Pampus argenteus,Mid-trophic species,12,0.437372317333333,-0.00953580890662996,-0.00288137511111097
72,PennahiaArgentata,SSP1-2.6,0.604856525925926,Pennahia argentata,Mid-trophic species,11,0.583355060666667,0.0522187196014131,0.021501465259259
72,PennahiaArgentata,SSP5-8.5,0.616776527407407,Pennahia argentata,Mid-trophic species,11,0.583355060666667,0.0803736107410547,0.03342146674074
72,PortunusTrituberculatus,SSP1-2.6,1.02688468012346,Portunus trituberculatus,Invertebrate,8,0.996142998,0.0438494115103916,0.03074168212346
72,PortunusTrituberculatus,SSP5-8.5,1.04417399135802,Portunus trituberculatus,Invertebrate,8,0.996142998,0.0679373655379283,0.04803099335802
72,ScomberJaponicus,SSP1-2.6,0.791834794074074,Scomber japonicus,Mid-trophic species,9,0.792948475333333,-0.00202766236287558,-0.00111368125925904
72,ScomberJaponicus,SSP5-8.5,0.785808842962963,Scomber japonicus,Mid-trophic species,9,0.792948475333333,-0.0130487216930124,-0.00713963237036996
72,ScomberomorusNiphonius,SSP1-2.6,0.664627909876543,Scomberomorus niphonius,Predator,2,0.661205675,0.00744777068013343,0.00342223487654292
72,ScomberomorusNiphonius,SSP5-8.5,0.667928685061728,Scomberomorus niphonius,Predator,2,0.661205675,0.0145949669016316,0.00672301006172793
72,TodarodesPacificus,SSP1-2.6,1.03353549975309,Todarodes pacificus,Invertebrate,6,0.978348735333333,0.0791672282018013,0.0551867644197569
72,TodarodesPacificus,SSP5-8.5,1.0085751037037,Todarodes pacificus,Invertebrate,6,0.978348735333333,0.043897803535652,0.0302263683703671
72,TrachurusJaponicus,SSP1-2.6,0.465821689876543,Trachurus japonicus,Mid-trophic species,14,0.473685031666667,-0.0241502670543082,-0.00786334179012399
72,TrachurusJaponicus,SSP5-8.5,0.467311949259259,Trachurus japonicus,Mid-trophic species,14,0.473685031666667,-0.0195421561496979,-0.00637308240740797
72,TrachysalambriaCurvirostris,SSP1-2.6,0.857804753703704,Trachysalambria curvirostris,Invertebrate,7,0.914111915666667,-0.0917214957511266,-0.056307161962963
72,TrachysalambriaCurvirostris,SSP5-8.5,0.861574938395062,Trachysalambria curvirostris,Invertebrate,7,0.914111915666667,-0.0853945215521278,-0.052536977271605
72,TrichiurusJaponicus,SSP1-2.6,1.13384930469136,Trichiurus japonicus,Predator,3,1.23669609333333,-0.12526210457977,-0.10284678864197
72,TrichiurusJaponicus,SSP5-8.5,1.19068795567901,Trichiurus japonicus,Predator,3,1.23669609333333,-0.0546956400946054,-0.04600813765432
73,DecapterusMaruadsi,SSP1-2.6,0.539462890864198,Decapterus maruadsi,Mid-trophic species,10,0.548440031666667,-0.0238101584619316,-0.00897714080246903
73,DecapterusMaruadsi,SSP5-8.5,0.535090065185185,Decapterus maruadsi,Mid-trophic species,10,0.548440031666667,-0.0355521367628674,-0.013349966481482
73,EngraulisJaponicus,SSP1-2.6,0.685813657901235,Engraulis japonicus,Prey,1,0.712720520333333,-0.0555198267332911,-0.0269068624320979
73,EngraulisJaponicus,SSP5-8.5,0.660314504567901,Engraulis japonicus,Prey,1,0.712720520333333,-0.11018312564575,-0.052406015765432
73,LarimichthysPolyactis,SSP1-2.6,0.87883036617284,Larimichthys polyactis,Mid-trophic species,13,0.881933656,-0.00508541226813231,-0.00310328982715991
73,LarimichthysPolyactis,SSP5-8.5,0.87028997308642,Larimichthys polyactis,Mid-trophic species,13,0.881933656,-0.0191739576843342,-0.01164368291358
73,MiichthysMiiuy,SSP1-2.6,0.586391263209877,Miichthys miiuy,Predator,5,0.593867495333333,-0.0182774619461202,-0.00747623212345605
73,MiichthysMiiuy,SSP5-8.5,0.581751261358025,Miichthys miiuy,Predator,5,0.593867495333333,-0.0297386368059991,-0.012116233975308
73,MuraenesoxCinereus,SSP1-2.6,0.697393719382716,Muraenesox cinereus,Predator,4,0.692099364333333,0.0109941918075721,0.00529435504938303
73,MuraenesoxCinereus,SSP5-8.5,0.701719240740741,Muraenesox cinereus,Predator,4,0.692099364333333,0.0199147411450387,0.00961987640740802
73,PampusArgenteus,SSP1-2.6,0.434909550864198,Pampus argenteus,Mid-trophic species,12,0.434998907666667,-0.000296386625468185,-8.93568024689651e-05
73,PampusArgenteus,SSP5-8.5,0.437676684320988,Pampus argenteus,Mid-trophic species,12,0.434998907666667,0.00885375335354004,0.00267777665432101
73,PennahiaArgentata,SSP1-2.6,0.600083559506173,Pennahia argentata,Mid-trophic species,11,0.595014078,0.012239601965056,0.00506948150617304
73,PennahiaArgentata,SSP5-8.5,0.59760142617284,Pennahia argentata,Mid-trophic species,11,0.595014078,0.00625978820697925,0.00258734817284001
73,PortunusTrituberculatus,SSP1-2.6,1.02820325382716,Portunus trituberculatus,Invertebrate,8,0.966570602,0.0891784613845938,0.0616326518271599
73,PortunusTrituberculatus,SSP5-8.5,1.00492122814815,Portunus trituberculatus,Invertebrate,8,0.966570602,0.0561353972628927,0.0383506261481501
73,ScomberJaponicus,SSP1-2.6,0.796304441481482,Scomber japonicus,Mid-trophic species,9,0.799385864333333,-0.00557195713610359,-0.00308142285185098
73,ScomberJaponicus,SSP5-8.5,0.786975160617284,Scomber japonicus,Mid-trophic species,9,0.799385864333333,-0.0225739610686857,-0.012410703716049
73,ScomberomorusNiphonius,SSP1-2.6,0.665945376790123,Scomberomorus niphonius,Predator,2,0.661559819,0.00953223462011114,0.00438555779012295
73,ScomberomorusNiphonius,SSP5-8.5,0.669173455802469,Scomberomorus niphonius,Predator,2,0.661559819,0.0165086063767472,0.00761363680246896
73,TodarodesPacificus,SSP1-2.6,1.01464663419753,Todarodes pacificus,Invertebrate,6,1.027496777,-0.0181564936952914,-0.0128501428024701
73,TodarodesPacificus,SSP5-8.5,0.996798176049383,Todarodes pacificus,Invertebrate,6,1.027496777,-0.0437605349210089,-0.0306986009506171
73,TrachurusJaponicus,SSP1-2.6,0.467424529382716,Trachurus japonicus,Mid-trophic species,14,0.470213554,-0.00858268008225429,-0.00278902461728398
73,TrachurusJaponicus,SSP5-8.5,0.468600991851852,Trachurus japonicus,Mid-trophic species,14,0.470213554,-0.00495611771776102,-0.00161256214814798
73,TrachysalambriaCurvirostris,SSP1-2.6,0.867401440864198,Trachysalambria curvirostris,Invertebrate,7,0.929478579666667,-0.0997217781422939,-0.062077138802469
73,TrachysalambriaCurvirostris,SSP5-8.5,0.868954510123457,Trachysalambria curvirostris,Invertebrate,7,0.929478579666667,-0.0971409640935037,-0.06052406954321
73,TrichiurusJaponicus,SSP1-2.6,1.13253448530864,Trichiurus japonicus,Predator,3,1.24500931333333,-0.136601553924124,-0.11247482802469
73,TrichiurusJaponicus,SSP5-8.5,1.12805269580247,Trichiurus japonicus,Predator,3,1.24500931333333,-0.142322071160089,-0.11695661753086
74,DecapterusMaruadsi,SSP1-2.6,0.53204443962963,Decapterus maruadsi,Mid-trophic species,10,0.544557511333333,-0.0335376681020137,-0.012513071703703
74,DecapterusMaruadsi,SSP5-8.5,0.532888949506173,Decapterus maruadsi,Mid-trophic species,10,0.544557511333333,-0.0312495053329598,-0.0116685618271599
74,EngraulisJaponicus,SSP1-2.6,0.684689960617284,Engraulis japonicus,Prey,1,0.715171066666667,-0.0628375124551993,-0.0304811060493829
74,EngraulisJaponicus,SSP5-8.5,0.66313940691358,Engraulis japonicus,Prey,1,0.715171066666667,-0.108976181905091,-0.052031659753087
74,LarimichthysPolyactis,SSP1-2.6,0.870025314197531,Larimichthys polyactis,Mid-trophic species,13,0.871194718666667,-0.0019378300849133,-0.00116940446913594
74,LarimichthysPolyactis,SSP5-8.5,0.872849842345679,Larimichthys polyactis,Mid-trophic species,13,0.871194718666667,0.00273827801651444,0.00165512367901199
74,MiichthysMiiuy,SSP1-2.6,0.583755546790123,Miichthys miiuy,Predator,5,0.581211809666667,0.00630033579112194,0.00254373712345601
74,MiichthysMiiuy,SSP5-8.5,0.589641593950617,Miichthys miiuy,Predator,5,0.581211809666667,0.0207742798300924,0.00842978428395003
74,MuraenesoxCinereus,SSP1-2.6,0.700587032592593,Muraenesox cinereus,Predator,4,0.689619355666667,0.0227640176777346,0.010967676925926
74,MuraenesoxCinereus,SSP5-8.5,0.700548591358025,Muraenesox cinereus,Predator,4,0.689619355666667,0.0226848547793787,0.0109292356913581
74,PampusArgenteus,SSP1-2.6,0.43559839308642,Pampus argenteus,Mid-trophic species,12,0.436940116666667,-0.00443693764698223,-0.00134172358024698
74,PampusArgenteus,SSP5-8.5,0.436373947407407,Pampus argenteus,Mid-trophic species,12,0.436940116666667,-0.00187059783111865,-0.000566169259260008
74,PennahiaArgentata,SSP1-2.6,0.606154817530864,Pennahia argentata,Mid-trophic species,11,0.564265148333333,0.103313073671699,0.041889669197531
74,PennahiaArgentata,SSP5-8.5,0.611821635185185,Pennahia argentata,Mid-trophic species,11,0.564265148333333,0.116737879548789,0.047556486851852
74,PortunusTrituberculatus,SSP1-2.6,0.976402758024691,Portunus trituberculatus,Invertebrate,8,0.945235624333333,0.0468023672012047,0.031167133691358
74,PortunusTrituberculatus,SSP5-8.5,0.981118812222222,Portunus trituberculatus,Invertebrate,8,0.945235624333333,0.0537538524573139,0.035883187888889
74,ScomberJaponicus,SSP1-2.6,0.791675692222222,Scomber japonicus,Mid-trophic species,9,0.800374412666667,-0.0157654909160618,-0.00869872044444497
74,ScomberJaponicus,SSP5-8.5,0.784570806296296,Scomber japonicus,Mid-trophic species,9,0.800374412666667,-0.0287713921130814,-0.0158036063703709
74,ScomberomorusNiphonius,SSP1-2.6,0.664376593827161,Scomberomorus niphonius,Predator,2,0.656957617666667,0.016200946740404,0.00741897616049392
74,ScomberomorusNiphonius,SSP5-8.5,0.666198740864198,Scomberomorus niphonius,Predator,2,0.656957617666667,0.0201523263712983,0.0092411231975309
74,TodarodesPacificus,SSP1-2.6,1.02284404703704,Todarodes pacificus,Invertebrate,6,1.00807861966667,0.0209780357740514,0.0147654273703699
74,TodarodesPacificus,SSP5-8.5,0.994117403209876,Todarodes pacificus,Invertebrate,6,1.00807861966667,-0.0201200121978782,-0.013961216456794
74,TrachurusJaponicus,SSP1-2.6,0.466245730493827,Trachurus japonicus,Mid-trophic species,14,0.470010975333333,-0.0116039315051473,-0.00376524483950602
74,TrachurusJaponicus,SSP5-8.5,0.458150201111111,Trachurus japonicus,Mid-trophic species,14,0.470010975333333,-0.036873793253069,-0.011860774222222
74,TrachysalambriaCurvirostris,SSP1-2.6,0.849563608765432,Trachysalambria curvirostris,Invertebrate,7,0.912130206666667,-0.10251781461154,-0.062566597901235
74,TrachysalambriaCurvirostris,SSP5-8.5,0.908973922592592,Trachysalambria curvirostris,Invertebrate,7,0.912130206666667,-0.00500087816791693,-0.00315628407407498
74,TrichiurusJaponicus,SSP1-2.6,1.17280978950617,Trichiurus japonicus,Predator,3,1.15259561466667,0.025082615127678,0.0202141748394999
74,TrichiurusJaponicus,SSP5-8.5,1.18645206160494,Trichiurus japonicus,Predator,3,1.15259561466667,0.0417673741003568,0.0338564469382701
75,DecapterusMaruadsi,SSP1-2.6,0.54022989345679,Decapterus maruadsi,Mid-trophic species,10,0.537771084666667,0.00658128790535083,0.00245880879012295
75,DecapterusMaruadsi,SSP5-8.5,0.535893508148148,Decapterus maruadsi,Mid-trophic species,10,0.537771084666667,-0.00504584599615236,-0.00187757651851905
75,EngraulisJaponicus,SSP1-2.6,0.68443742962963,Engraulis japonicus,Prey,1,0.692341022,-0.0165641737971506,-0.00790359237037008
75,EngraulisJaponicus,SSP5-8.5,0.656180965679012,Engraulis japonicus,Prey,1,0.692341022,-0.0773890868702655,-0.0361600563209881
75,LarimichthysPolyactis,SSP1-2.6,0.872761641851852,Larimichthys polyactis,Mid-trophic species,13,0.870522835333333,0.00370555337322955,0.00223880651851904
75,LarimichthysPolyactis,SSP5-8.5,0.87504452308642,Larimichthys polyactis,Mid-trophic species,13,0.870522835333333,0.0074742817082472,0.00452168775308703
75,MiichthysMiiuy,SSP1-2.6,0.583999464444445,Miichthys miiuy,Predator,5,0.599500979666667,-0.0377950651173516,-0.0155015152222221
75,MiichthysMiiuy,SSP5-8.5,0.575889765185185,Miichthys miiuy,Predator,5,0.599500979666667,-0.0579694287723181,-0.0236112144814821
75,MuraenesoxCinereus,SSP1-2.6,0.703677039753086,Muraenesox cinereus,Predator,4,0.683502684333333,0.0419664363845356,0.020174355419753
75,MuraenesoxCinereus,SSP5-8.5,0.699936804320988,Muraenesox cinereus,Predator,4,0.683502684333333,0.0342776665646019,0.016434119987655
75,PampusArgenteus,SSP1-2.6,0.436743115802469,Pampus argenteus,Mid-trophic species,12,0.438373037666667,-0.00537410468377362,-0.00162992186419803
75,PampusArgenteus,SSP5-8.5,0.436432943950617,Pampus argenteus,Mid-trophic species,12,0.438373037666667,-0.00639906043310654,-0.00194009371605003
75,PennahiaArgentata,SSP1-2.6,0.604565488765432,Pennahia argentata,Mid-trophic species,11,0.589725618666667,0.0358547573863202,0.0148398700987651
75,PennahiaArgentata,SSP5-8.5,0.59665042,Pennahia argentata,Mid-trophic species,11,0.589725618666667,0.0168420292997185,0.00692480133333306
75,PortunusTrituberculatus,SSP1-2.6,0.992378444197531,Portunus trituberculatus,Invertebrate,8,0.993625893333333,-0.00181237158917813,-0.00124744913580199
75,PortunusTrituberculatus,SSP5-8.5,0.99503519962963,Portunus trituberculatus,Invertebrate,8,0.993625893333333,0.00204479240059909,0.0014093062962971
75,ScomberJaponicus,SSP1-2.6,0.793068309876543,Scomber japonicus,Mid-trophic species,9,0.799372748,-0.0114232537406502,-0.00630443812345705
75,ScomberJaponicus,SSP5-8.5,0.787066178888889,Scomber japonicus,Mid-trophic species,9,0.799372748,-0.0223834426604879,-0.0123065691111111
75,ScomberomorusNiphonius,SSP1-2.6,0.666567581728395,Scomberomorus niphonius,Predator,2,0.656555849333333,0.0218334163110925,0.010011732395062
75,ScomberomorusNiphonius,SSP5-8.5,0.669168796296296,Scomberomorus niphonius,Predator,2,0.656555849333333,0.0274524353976454,0.012612946962963
75,TodarodesPacificus,SSP1-2.6,1.02758581567901,Todarodes pacificus,Invertebrate,6,1.02927871766667,-0.00237482032890634,-0.00169290198765992
75,TodarodesPacificus,SSP5-8.5,1.01275127691358,Todarodes pacificus,Invertebrate,6,1.02927871766667,-0.0233537974925197,-0.01652744075309
75,TrachurusJaponicus,SSP1-2.6,0.462447722592593,Trachurus japonicus,Mid-trophic species,14,0.473557939,-0.0342506623801512,-0.011110216407407
75,TrachurusJaponicus,SSP5-8.5,0.463274758271605,Trachurus japonicus,Mid-trophic species,14,0.473557939,-0.0316728691108829,-0.010283180728395
75,TrachysalambriaCurvirostris,SSP1-2.6,0.845459524691358,Trachysalambria curvirostris,Invertebrate,7,0.917755318666667,-0.118373881115893,-0.0722957939753091
75,TrachysalambriaCurvirostris,SSP5-8.5,0.867672598148148,Trachysalambria curvirostris,Invertebrate,7,0.917755318666667,-0.0809588018741783,-0.050082720518519
75,TrichiurusJaponicus,SSP1-2.6,1.14738822925926,Trichiurus japonicus,Predator,3,1.21095324,-0.0777895346155241,-0.06356501074074
75,TrichiurusJaponicus,SSP5-8.5,1.13831750395062,Trichiurus japonicus,Predator,3,1.21095324,-0.0892401416886043,-0.0726357360493801
76,DecapterusMaruadsi,SSP1-2.6,0.536857465679012,Decapterus maruadsi,Mid-trophic species,10,0.538939381,-0.00558390307239641,-0.002081915320988
76,DecapterusMaruadsi,SSP5-8.5,0.533957418395062,Decapterus maruadsi,Mid-trophic species,10,0.538939381,-0.0133983145571886,-0.00498196260493811
76,EngraulisJaponicus,SSP1-2.6,0.681746807777778,Engraulis japonicus,Prey,1,0.692319424666667,-0.0222017871023645,-0.010572616888889
76,EngraulisJaponicus,SSP5-8.5,0.664936637654321,Engraulis japonicus,Prey,1,0.692319424666667,-0.0582209553646731,-0.027382787012346
76,LarimichthysPolyactis,SSP1-2.6,0.879090771234568,Larimichthys polyactis,Mid-trophic species,13,0.848885459666667,0.0504422360158437,0.0302053115679011
76,LarimichthysPolyactis,SSP5-8.5,0.865734167530864,Larimichthys polyactis,Mid-trophic species,13,0.848885459666667,0.0283541950883875,0.016848707864197
76,MiichthysMiiuy,SSP1-2.6,0.58217388271605,Miichthys miiuy,Predator,5,0.591488941333333,-0.0229010765036933,-0.00931505861728299
76,MiichthysMiiuy,SSP5-8.5,0.577013578271605,Miichthys miiuy,Predator,5,0.591488941333333,-0.0357459269885978,-0.0144753630617279
76,MuraenesoxCinereus,SSP1-2.6,0.705189375679012,Muraenesox cinereus,Predator,4,0.690660415666667,0.0300341995388089,0.0145289600123449
76,MuraenesoxCinereus,SSP5-8.5,0.701680582098765,Muraenesox cinereus,Predator,4,0.690660415666667,0.0228378988918897,0.011020166432098
76,PampusArgenteus,SSP1-2.6,0.436565316666667,Pampus argenteus,Mid-trophic species,12,0.439455375,-0.00951915403790763,-0.002890058333333
76,PampusArgenteus,SSP5-8.5,0.436436488271605,Pampus argenteus,Mid-trophic species,12,0.439455375,-0.00994494946462803,-0.00301888672839495
76,PennahiaArgentata,SSP1-2.6,0.61018745962963,Pennahia argentata,Mid-trophic species,11,0.569629463333333,0.0992287606970365,0.040557996296297
76,PennahiaArgentata,SSP5-8.5,0.616155136172839,Pennahia argentata,Mid-trophic species,11,0.569629463333333,0.113269870161419,0.046525672839506
76,PortunusTrituberculatus,SSP1-2.6,1.00404397864198,Portunus trituberculatus,Invertebrate,8,1.031101611,-0.03836404872869,-0.0270576323580201
76,PortunusTrituberculatus,SSP5-8.5,1.00926257679012,Portunus trituberculatus,Invertebrate,8,1.031101611,-0.0308849467410438,-0.02183903420988
76,ScomberJaponicus,SSP1-2.6,0.790413389135803,Scomber japonicus,Mid-trophic species,9,0.800055508,-0.0174927123916376,-0.00964211886419708
76,ScomberJaponicus,SSP5-8.5,0.789299473209877,Scomber japonicus,Mid-trophic species,9,0.800055508,-0.0195273115734981,-0.010756034790123
76,ScomberomorusNiphonius,SSP1-2.6,0.664787258271605,Scomberomorus niphonius,Predator,2,0.656996053666667,0.0170080259418928,0.00779120460493799
76,ScomberomorusNiphonius,SSP5-8.5,0.668168834320988,Scomberomorus niphonius,Predator,2,0.656996053666667,0.024327987176843,0.0111727806543209
76,TodarodesPacificus,SSP1-2.6,1.0271966117284,Todarodes pacificus,Invertebrate,6,1.008522566,0.0264689837082494,0.0186740457284
76,TodarodesPacificus,SSP5-8.5,1.02143043382716,Todarodes pacificus,Invertebrate,6,1.008522566,0.0183475852826955,0.0129078678271601
76,TrachurusJaponicus,SSP1-2.6,0.46397339654321,Trachurus japonicus,Mid-trophic species,14,0.47193725,-0.0245529618575961,-0.00796385345678996
76,TrachurusJaponicus,SSP5-8.5,0.464398956419753,Trachurus japonicus,Mid-trophic species,14,0.47193725,-0.0232303176307778,-0.00753829358024699
76,TrachysalambriaCurvirostris,SSP1-2.6,0.888397532716049,Trachysalambria curvirostris,Invertebrate,7,0.953213879,-0.101594571437527,-0.0648163462839509
76,TrachysalambriaCurvirostris,SSP5-8.5,0.844766222592593,Trachysalambria curvirostris,Invertebrate,7,0.953213879,-0.174247806970739,-0.108447656407407
76,TrichiurusJaponicus,SSP1-2.6,1.14519616444444,Trichiurus japonicus,Predator,3,1.21675805033333,-0.087447576326689,-0.07156188588889
76,TrichiurusJaponicus,SSP5-8.5,1.12318858382716,Trichiurus japonicus,Predator,3,1.21675805033333,-0.115442142659868,-0.0935694665061699
77,DecapterusMaruadsi,SSP1-2.6,0.535424001234568,Decapterus maruadsi,Mid-trophic species,10,0.542772247666667,-0.0196651450792294,-0.00734824643209897
77,DecapterusMaruadsi,SSP5-8.5,0.530137008148148,Decapterus maruadsi,Mid-trophic species,10,0.542772247666667,-0.0339816998955851,-0.012635239518519
77,EngraulisJaponicus,SSP1-2.6,0.686492031234568,Engraulis japonicus,Prey,1,0.693105176,-0.0138313185680683,-0.00661314476543196
77,EngraulisJaponicus,SSP5-8.5,0.659869936666667,Engraulis japonicus,Prey,1,0.693105176,-0.0708926014966842,-0.0332352393333329
77,LarimichthysPolyactis,SSP1-2.6,0.861417922098766,Larimichthys polyactis,Mid-trophic species,13,0.864803368333334,-0.00565880259132699,-0.00338544623456805
77,LarimichthysPolyactis,SSP5-8.5,0.883928745432099,Larimichthys polyactis,Mid-trophic species,13,0.864803368333334,0.0315579346531679,0.0191253770987649
77,MiichthysMiiuy,SSP1-2.6,0.578231479506173,Miichthys miiuy,Predator,5,0.579456946666667,-0.00305432103422378,-0.00122546716049399
77,MiichthysMiiuy,SSP5-8.5,0.591099830740741,Miichthys miiuy,Predator,5,0.579456946666667,0.0287003337150589,0.011642884074074
77,MuraenesoxCinereus,SSP1-2.6,0.703633635555556,Muraenesox cinereus,Predator,4,0.690816399666667,0.026522116914317,0.0128172358888891
77,MuraenesoxCinereus,SSP5-8.5,0.699860759259259,Muraenesox cinereus,Predator,4,0.690816399666667,0.0187655871353049,0.00904435959259198
77,PampusArgenteus,SSP1-2.6,0.436816017037037,Pampus argenteus,Mid-trophic species,12,0.436825709,-3.20097964350443e-05,-9.69196296302099e-06
77,PampusArgenteus,SSP5-8.5,0.435197661604938,Pampus argenteus,Mid-trophic species,12,0.436825709,-0.00538696257769031,-0.001628047395062
77,PennahiaArgentata,SSP1-2.6,0.601551371604938,Pennahia argentata,Mid-trophic species,11,0.585966868666667,0.037868851614561,0.015584502938271
77,PennahiaArgentata,SSP5-8.5,0.60310136037037,Pennahia argentata,Mid-trophic species,11,0.585966868666667,0.0415813942917471,0.017134491703703
77,PortunusTrituberculatus,SSP1-2.6,0.993847101234568,Portunus trituberculatus,Invertebrate,8,1.00508263233333,-0.0162182946515211,-0.011235531098762
77,PortunusTrituberculatus,SSP5-8.5,0.985113130987654,Portunus trituberculatus,Invertebrate,8,1.00508263233333,-0.0289527975179946,-0.019969501345676
77,ScomberJaponicus,SSP1-2.6,0.789475766790123,Scomber japonicus,Mid-trophic species,9,0.801932848,-0.0225864510137068,-0.012457081209877
77,ScomberJaponicus,SSP5-8.5,0.790908123950617,Scomber japonicus,Mid-trophic species,9,0.801932848,-0.019971320411378,-0.0110247240493829
77,ScomberomorusNiphonius,SSP1-2.6,0.665275098641975,Scomberomorus niphonius,Predator,2,0.662154808666667,0.00678248266052776,0.003120289975308
77,ScomberomorusNiphonius,SSP5-8.5,0.668843417901235,Scomberomorus niphonius,Predator,2,0.662154808666667,0.0144999511040324,0.00668860923456804
77,TodarodesPacificus,SSP1-2.6,1.00543212814815,Todarodes pacificus,Invertebrate,6,1.01051242966667,-0.00727137191753992,-0.00508030151852013
77,TodarodesPacificus,SSP5-8.5,0.993900745061728,Todarodes pacificus,Invertebrate,6,1.01051242966667,-0.0239133767488731,-0.0166116846049421
77,TrachurusJaponicus,SSP1-2.6,0.464030305802469,Trachurus japonicus,Mid-trophic species,14,0.476068811666667,-0.0369510870183461,-0.012038505864198
77,TrachurusJaponicus,SSP5-8.5,0.462772189135803,Trachurus japonicus,Mid-trophic species,14,0.476068811666667,-0.0408679512924234,-0.013296622530864
77,TrachysalambriaCurvirostris,SSP1-2.6,0.889803524444444,Trachysalambria curvirostris,Invertebrate,7,0.831647935666667,0.097513896298531,0.058155588777777
77,TrachysalambriaCurvirostris,SSP5-8.5,0.864972878148148,Trachysalambria curvirostris,Invertebrate,7,0.831647935666667,0.0566819800769495,0.0333249424814811
77,TrichiurusJaponicus,SSP1-2.6,1.11932276024691,Trichiurus japonicus,Predator,3,1.251612327,-0.161161670747605,-0.13228956675309
77,TrichiurusJaponicus,SSP5-8.5,1.18460374493827,Trichiurus japonicus,Predator,3,1.251612327,-0.0793832206092412,-0.0670085820617299
78,DecapterusMaruadsi,SSP1-2.6,0.534444574197531,Decapterus maruadsi,Mid-trophic species,10,0.539689475666667,-0.0140892162932532,-0.00524490146913603
78,DecapterusMaruadsi,SSP5-8.5,0.532697047037037,Decapterus maruadsi,Mid-trophic species,10,0.539689475666667,-0.0188142705348296,-0.00699242862963001
78,EngraulisJaponicus,SSP1-2.6,0.675570363950617,Engraulis japonicus,Prey,1,0.703402711,-0.0582448541902833,-0.027832347049383
78,EngraulisJaponicus,SSP5-8.5,0.66823354962963,Engraulis japonicus,Prey,1,0.703402711,-0.0739984782193183,-0.03516916137037
78,LarimichthysPolyactis,SSP1-2.6,0.866773432716049,Larimichthys polyactis,Mid-trophic species,13,0.873152746666667,-0.0105791222061441,-0.00637931395061797
78,LarimichthysPolyactis,SSP5-8.5,0.870099915679012,Larimichthys polyactis,Mid-trophic species,13,0.873152746666667,-0.00505297794642223,-0.00305283098765496
78,MiichthysMiiuy,SSP1-2.6,0.579852298765432,Miichthys miiuy,Predator,5,0.576372315,0.00868442069320928,0.00347998376543202
78,MiichthysMiiuy,SSP5-8.5,0.588092502592593,Miichthys miiuy,Predator,5,0.576372315,0.0290420582149924,0.0117201875925931
78,MuraenesoxCinereus,SSP1-2.6,0.701462012592593,Muraenesox cinereus,Predator,4,0.695230862333333,0.0128728504064234,0.00623115025926002
78,MuraenesoxCinereus,SSP5-8.5,0.698469798518519,Muraenesox cinereus,Predator,4,0.695230862333333,0.00670560862290842,0.003238936185186
78,PampusArgenteus,SSP1-2.6,0.436663661111111,Pampus argenteus,Mid-trophic species,12,0.436331638666667,0.00109738771166546,0.000332022444443969
78,PampusArgenteus,SSP5-8.5,0.435468564567901,Pampus argenteus,Mid-trophic species,12,0.436331638666667,-0.00285651029759722,-0.000863074098766015
78,PennahiaArgentata,SSP1-2.6,0.593621171358025,Pennahia argentata,Mid-trophic species,11,0.588536022333333,0.0124118257187245,0.00508514902469193
78,PennahiaArgentata,SSP5-8.5,0.624764690123457,Pennahia argentata,Mid-trophic species,11,0.588536022333333,0.0861821983381801,0.036228667790124
78,PortunusTrituberculatus,SSP1-2.6,1.01648829432099,Portunus trituberculatus,Invertebrate,8,1.00802679433333,0.0120596139004374,0.00846149998765999
78,PortunusTrituberculatus,SSP5-8.5,0.985799167037037,Portunus trituberculatus,Invertebrate,8,1.00802679433333,-0.032168320486279,-0.0222276272962931
78,ScomberJaponicus,SSP1-2.6,0.793779795802469,Scomber japonicus,Mid-trophic species,9,0.798818564666667,-0.00912901995740168,-0.00503876886419796
78,ScomberJaponicus,SSP5-8.5,0.791679601358025,Scomber japonicus,Mid-trophic species,9,0.798818564666667,-0.0129511826536732,-0.00713896330864206
78,ScomberomorusNiphonius,SSP1-2.6,0.66209078,Scomberomorus niphonius,Predator,2,0.657225148,0.010641355620501,0.00486563200000001
78,ScomberomorusNiphonius,SSP5-8.5,0.666619064444444,Scomberomorus niphonius,Predator,2,0.657225148,0.0204748927646119,0.00939391644444398
78,TodarodesPacificus,SSP1-2.6,1.02958161061728,Todarodes pacificus,Invertebrate,6,0.999507960333333,0.0427682287741641,0.0300736502839469
78,TodarodesPacificus,SSP5-8.5,0.993507223209876,Todarodes pacificus,Invertebrate,6,0.999507960333333,-0.00868760049778559,-0.00600073712345706
78,TrachurusJaponicus,SSP1-2.6,0.467422774197531,Trachurus japonicus,Mid-trophic species,14,0.473698685666667,-0.0192416408627641,-0.00627591146913603
78,TrachurusJaponicus,SSP5-8.5,0.456425021604938,Trachurus japonicus,Mid-trophic species,14,0.473698685666667,-0.0535917854414798,-0.017273664061729
78,TrachysalambriaCurvirostris,SSP1-2.6,0.854651495802469,Trachysalambria curvirostris,Invertebrate,7,0.892472762666667,-0.0624718931105181,-0.037821266864198
78,TrachysalambriaCurvirostris,SSP5-8.5,0.892446276419753,Trachysalambria curvirostris,Invertebrate,7,0.892472762666667,-4.28160339382425e-05,-2.6486246913926e-05
78,TrichiurusJaponicus,SSP1-2.6,1.17460895197531,Trichiurus japonicus,Predator,3,1.26496102333333,-0.106912394387308,-0.0903520713580199
78,TrichiurusJaponicus,SSP5-8.5,1.24891477246914,Trichiurus japonicus,Predator,3,1.26496102333333,-0.0184179035382358,-0.0160462508641899
79,DecapterusMaruadsi,SSP1-2.6,0.533557582469136,Decapterus maruadsi,Mid-trophic species,10,0.541265111666667,-0.0206914216053135,-0.00770752919753104
79,DecapterusMaruadsi,SSP5-8.5,0.530713773333333,Decapterus maruadsi,Mid-trophic species,10,0.541265111666667,-0.0284014084984642,-0.010551338333334
79,EngraulisJaponicus,SSP1-2.6,0.673407011728395,Engraulis japonicus,Prey,1,0.719225849333333,-0.0949661299143862,-0.045818837604938
79,EngraulisJaponicus,SSP5-8.5,0.665614750740741,Engraulis japonicus,Prey,1,0.719225849333333,-0.111757467447324,-0.0536110985925921
79,LarimichthysPolyactis,SSP1-2.6,0.880985476419753,Larimichthys polyactis,Mid-trophic species,13,0.875975195333333,0.00822821749718155,0.00501028108641999
79,LarimichthysPolyactis,SSP5-8.5,0.866073857407407,Larimichthys polyactis,Mid-trophic species,13,0.875975195333333,-0.0163999571939616,-0.00990133792592596
79,MiichthysMiiuy,SSP1-2.6,0.576508470987654,Miichthys miiuy,Predator,5,0.588549591666667,-0.0298221766179133,-0.012041120679013
79,MiichthysMiiuy,SSP5-8.5,0.578978300740741,Miichthys miiuy,Predator,5,0.588549591666667,-0.0236547039122576,-0.00957129092592601
79,MuraenesoxCinereus,SSP1-2.6,0.701864617283951,Muraenesox cinereus,Predator,4,0.688409332666667,0.0279261198953931,0.013455284617284
79,MuraenesoxCinereus,SSP5-8.5,0.701365711358025,Muraenesox cinereus,Predator,4,0.688409332666667,0.0269002453531448,0.0129563786913579
79,PampusArgenteus,SSP1-2.6,0.435109124691358,Pampus argenteus,Mid-trophic species,12,0.435834479,-0.00240306100528004,-0.000725354308642012
79,PampusArgenteus,SSP5-8.5,0.437596017160494,Pampus argenteus,Mid-trophic species,12,0.435834479,0.00581927428759132,0.00176153816049401
79,PennahiaArgentata,SSP1-2.6,0.598352240493827,Pennahia argentata,Mid-trophic species,11,0.578737164333333,0.0480867346851964,0.019615076160494
79,PennahiaArgentata,SSP5-8.5,0.593516734814815,Pennahia argentata,Mid-trophic species,11,0.578737164333333,0.0363804171556758,0.014779570481482
79,PortunusTrituberculatus,SSP1-2.6,1.00469537259259,Portunus trituberculatus,Invertebrate,8,1.05644526466667,-0.0724598847888118,-0.05174989207408
79,PortunusTrituberculatus,SSP5-8.5,1.01809998444444,Portunus trituberculatus,Invertebrate,8,1.05644526466667,-0.0533387709640283,-0.0383452802222299
79,ScomberJaponicus,SSP1-2.6,0.795177088395062,Scomber japonicus,Mid-trophic species,9,0.797221654,-0.00370470812538893,-0.00204456560493804
79,ScomberJaponicus,SSP5-8.5,0.789514139382716,Scomber japonicus,Mid-trophic species,9,0.797221654,-0.0140157934535093,-0.00770751461728403
79,ScomberomorusNiphonius,SSP1-2.6,0.66501364,Scomberomorus niphonius,Predator,2,0.655793012666667,0.0201434016218166,0.00922062733333295
79,ScomberomorusNiphonius,SSP5-8.5,0.667968951358025,Scomberomorus niphonius,Predator,2,0.655793012666667,0.0265405144632511,0.012175938691358
79,TodarodesPacificus,SSP1-2.6,1.01815689407407,Todarodes pacificus,Invertebrate,6,0.965963013666667,0.0759200372978907,0.0521938804074029
79,TodarodesPacificus,SSP5-8.5,1.01697065061728,Todarodes pacificus,Invertebrate,6,0.965963013666667,0.0742381891496712,0.0510076369506129
79,TrachurusJaponicus,SSP1-2.6,0.464987571604938,Trachurus japonicus,Mid-trophic species,14,0.471777023666667,-0.0209130028770387,-0.00678945206172904
79,TrachurusJaponicus,SSP5-8.5,0.456693589506173,Trachurus japonicus,Mid-trophic species,14,0.471777023666667,-0.0468786195084534,-0.015083434160494
79,TrachysalambriaCurvirostris,SSP1-2.6,0.886945112962963,Trachysalambria curvirostris,Invertebrate,7,0.816536719666667,0.119327063385473,0.070408393296296
79,TrachysalambriaCurvirostris,SSP5-8.5,0.850531254567901,Trachysalambria curvirostris,Invertebrate,7,0.816536719666667,0.0588464864799423,0.0339945349012341
79,TrichiurusJaponicus,SSP1-2.6,1.15265391901235,Trichiurus japonicus,Predator,3,1.37066625333333,-0.249917915742829,-0.21801233432098
79,TrichiurusJaponicus,SSP5-8.5,1.10425377901235,Trichiurus japonicus,Predator,3,1.37066625333333,-0.311805559133316,-0.26641247432098
80,DecapterusMaruadsi,SSP1-2.6,0.531938321604938,Decapterus maruadsi,Mid-trophic species,10,0.543936097,-0.0321781954018821,-0.011997775395062
80,DecapterusMaruadsi,SSP5-8.5,0.532924573703704,Decapterus maruadsi,Mid-trophic species,10,0.543936097,-0.0295058111445838,-0.011011523296296
80,EngraulisJaponicus,SSP1-2.6,0.670911598888889,Engraulis japonicus,Prey,1,0.72530901,-0.112473085015917,-0.0543974111111111
80,EngraulisJaponicus,SSP5-8.5,0.650596251604938,Engraulis japonicus,Prey,1,0.72530901,-0.156833260247845,-0.0747127583950621
80,LarimichthysPolyactis,SSP1-2.6,0.890837939506173,Larimichthys polyactis,Mid-trophic species,13,0.847292192666667,0.0723034262595713,0.043545746839506
80,LarimichthysPolyactis,SSP5-8.5,0.873688952345679,Larimichthys polyactis,Mid-trophic species,13,0.847292192666667,0.0442601724608194,0.026396759679012
80,MiichthysMiiuy,SSP1-2.6,0.580210490864198,Miichthys miiuy,Predator,5,0.578594062666667,0.00402486243249666,0.00161642819753094
80,MiichthysMiiuy,SSP5-8.5,0.581832269876543,Miichthys miiuy,Predator,5,0.578594062666667,0.00805179523853287,0.003238207209876
80,MuraenesoxCinereus,SSP1-2.6,0.704481125925926,Muraenesox cinereus,Predator,4,0.685944173666667,0.0384698893267919,0.018536952259259
80,MuraenesoxCinereus,SSP5-8.5,0.696661662469136,Muraenesox cinereus,Predator,4,0.685944173666667,0.0223670076447947,0.0107174888024689
80,PampusArgenteus,SSP1-2.6,0.437621518765432,Pampus argenteus,Mid-trophic species,12,0.437282481666667,0.00111812762384797,0.000339037098764983
80,PampusArgenteus,SSP5-8.5,0.435402148641975,Pampus argenteus,Mid-trophic species,12,0.437282481666667,-0.00621702556397746,-0.00188033302469198
80,PennahiaArgentata,SSP1-2.6,0.599493927037037,Pennahia argentata,Mid-trophic species,11,0.594621700666667,0.0117730237624626,0.00487222637036999
80,PennahiaArgentata,SSP5-8.5,0.60802904691358,Pennahia argentata,Mid-trophic species,11,0.594621700666667,0.0321681308634957,0.013407346246913
80,PortunusTrituberculatus,SSP1-2.6,0.983277820617284,Portunus trituberculatus,Invertebrate,8,0.984529439666667,-0.00183524563159667,-0.00125161904938298
80,PortunusTrituberculatus,SSP5-8.5,0.995672087530864,Portunus trituberculatus,Invertebrate,8,0.984529439666667,0.0162363398536886,0.0111426478641971
80,ScomberJaponicus,SSP1-2.6,0.793159247407407,Scomber japonicus,Mid-trophic species,9,0.800029662666667,-0.0124429380643127,-0.00687041525926002
80,ScomberJaponicus,SSP5-8.5,0.787436853209877,Scomber japonicus,Mid-trophic species,9,0.800029662666667,-0.0228892573962852,-0.01259280945679
80,ScomberomorusNiphonius,SSP1-2.6,0.664987504320988,Scomberomorus niphonius,Predator,2,0.659649115666667,0.01162840950904,0.00533838865432101
80,ScomberomorusNiphonius,SSP5-8.5,0.666904922592593,Scomberomorus niphonius,Predator,2,0.659649115666667,0.0157822761230109,0.00725580692592609
80,TodarodesPacificus,SSP1-2.6,1.00855793308642,Todarodes pacificus,Invertebrate,6,1.01929793566667,-0.0152818487521355,-0.01074000258025
80,TodarodesPacificus,SSP5-8.5,1.00624225271605,Todarodes pacificus,Invertebrate,6,1.01929793566667,-0.0185981300203246,-0.0130556829506201
80,TrachurusJaponicus,SSP1-2.6,0.465343688518519,Trachurus japonicus,Mid-trophic species,14,0.478896883666667,-0.0414184075028422,-0.013553195148148
80,TrachurusJaponicus,SSP5-8.5,0.464607197160494,Trachurus japonicus,Mid-trophic species,14,0.478896883666667,-0.0437035446394112,-0.014289686506173
80,TrachysalambriaCurvirostris,SSP1-2.6,0.841098694074074,Trachysalambria curvirostris,Invertebrate,7,0.83644801,0.0079992241328943,0.00465068407407399
80,TrachysalambriaCurvirostris,SSP5-8.5,0.853391974197531,Trachysalambria curvirostris,Invertebrate,7,0.83644801,0.0289326712959187,0.016943964197531
80,TrichiurusJaponicus,SSP1-2.6,1.16389869654321,Trichiurus japonicus,Predator,3,1.19213978,-0.0345879092932779,-0.0282410834567899
80,TrichiurusJaponicus,SSP5-8.5,1.10332180111111,Trichiurus japonicus,Predator,3,1.19213978,-0.111699766715041,-0.0888179788888901
81,DecapterusMaruadsi,SSP1-2.6,0.53416067308642,Decapterus maruadsi,Mid-trophic species,10,0.540322404666667,-0.0165467418254221,-0.00616173158024702
81,DecapterusMaruadsi,SSP5-8.5,0.531271533950617,Decapterus maruadsi,Mid-trophic species,10,0.540322404666667,-0.02437109121676,-0.00905087071605004
81,EngraulisJaponicus,SSP1-2.6,0.669826249382716,Engraulis japonicus,Prey,1,0.704383874333333,-0.0725749675217293,-0.0345576249506171
81,EngraulisJaponicus,SSP5-8.5,0.64762523962963,Engraulis japonicus,Prey,1,0.704383874333333,-0.121202669215299,-0.056758634703703
81,LarimichthysPolyactis,SSP1-2.6,0.852977131358025,Larimichthys polyactis,Mid-trophic species,13,0.858125721666667,-0.00868196567991017,-0.00514859030864201
81,LarimichthysPolyactis,SSP5-8.5,0.875470030493827,Larimichthys polyactis,Mid-trophic species,13,0.858125721666667,0.0288687639437289,0.01734430882716
81,MiichthysMiiuy,SSP1-2.6,0.588596215432099,Miichthys miiuy,Predator,5,0.577275392,0.028018538347568,0.0113208234320989
81,MiichthysMiiuy,SSP5-8.5,0.58146067962963,Miichthys miiuy,Predator,5,0.577275392,0.0104219073073043,0.00418528762963
81,MuraenesoxCinereus,SSP1-2.6,0.706259377901235,Muraenesox cinereus,Predator,4,0.690822542666667,0.0318829579056891,0.0154368352345681
81,MuraenesoxCinereus,SSP5-8.5,0.705594367654321,Muraenesox cinereus,Predator,4,0.690822542666667,0.0305238836257442,0.0147718249876541
81,PampusArgenteus,SSP1-2.6,0.435732414074074,Pampus argenteus,Mid-trophic species,12,0.437947871333333,-0.00731671780947638,-0.00221545725925904
81,PampusArgenteus,SSP5-8.5,0.435679950864198,Pampus argenteus,Mid-trophic species,12,0.437947871333333,-0.00749043215151246,-0.00226792046913504
81,PennahiaArgentata,SSP1-2.6,0.616013763209877,Pennahia argentata,Mid-trophic species,11,0.587103534666667,0.0693476420307294,0.02891022854321
81,PennahiaArgentata,SSP5-8.5,0.607975643333333,Pennahia argentata,Mid-trophic species,11,0.587103534666667,0.0503985852232348,0.020872108666666
81,PortunusTrituberculatus,SSP1-2.6,0.970864396419753,Portunus trituberculatus,Invertebrate,8,0.971082886666667,-0.00032463785168725,-0.000218490246914005
81,PortunusTrituberculatus,SSP5-8.5,0.992896580987654,Portunus trituberculatus,Invertebrate,8,0.971082886666667,0.0320490140881597,0.021813694320987
81,ScomberJaponicus,SSP1-2.6,0.792442738395062,Scomber japonicus,Mid-trophic species,9,0.811634664666667,-0.0345237930372763,-0.019191926271605
81,ScomberJaponicus,SSP5-8.5,0.782382290740741,Scomber japonicus,Mid-trophic species,9,0.811634664666667,-0.0529567682806094,-0.0292523739259261
81,ScomberomorusNiphonius,SSP1-2.6,0.666030709259259,Scomberomorus niphonius,Predator,2,0.656636224666667,0.0204943571307028,0.00939448459259196
81,ScomberomorusNiphonius,SSP5-8.5,0.668374187160494,Scomberomorus niphonius,Predator,2,0.656636224666667,0.0255616758005744,0.011737962493827
81,TodarodesPacificus,SSP1-2.6,1.0191890262963,Todarodes pacificus,Invertebrate,6,1.00378140766667,0.0219765197205616,0.0154076186296299
81,TodarodesPacificus,SSP5-8.5,1.01856413407407,Todarodes pacificus,Invertebrate,6,1.00378140766667,0.0210916932794663,0.0147827264074001
81,TrachurusJaponicus,SSP1-2.6,0.468147670864198,Trachurus japonicus,Mid-trophic species,14,0.475002765,-0.0209722311462834,-0.00685509413580199
81,TrachurusJaponicus,SSP5-8.5,0.458749677530864,Trachurus japonicus,Mid-trophic species,14,0.475002765,-0.0502287675810337,-0.016253087469136
81,TrachysalambriaCurvirostris,SSP1-2.6,0.879990134938272,Trachysalambria curvirostris,Invertebrate,7,0.891419282666667,-0.0186168182145362,-0.011429147728395
81,TrachysalambriaCurvirostris,SSP5-8.5,0.858591689876543,Trachysalambria curvirostris,Invertebrate,7,0.891419282666667,-0.0541319595136033,-0.032827592790124
81,TrichiurusJaponicus,SSP1-2.6,1.15917414654321,Trichiurus japonicus,Predator,3,1.28862736666667,-0.15273781536343,-0.12945322012346
81,TrichiurusJaponicus,SSP5-8.5,1.11130156518519,Trichiurus japonicus,Predator,3,1.28862736666667,-0.213584776122645,-0.17732580148148
82,DecapterusMaruadsi,SSP1-2.6,0.537299843827161,Decapterus maruadsi,Mid-trophic species,10,0.544786707333333,-0.0199640836540766,-0.007486863506172
82,DecapterusMaruadsi,SSP5-8.5,0.530036664938272,Decapterus maruadsi,Mid-trophic species,10,0.544786707333333,-0.0395993417521467,-0.0147500423950611
82,EngraulisJaponicus,SSP1-2.6,0.674035635432099,Engraulis japonicus,Prey,1,0.707987289,-0.0708985918797114,-0.033951653567901
82,EngraulisJaponicus,SSP5-8.5,0.659245602469136,Engraulis japonicus,Prey,1,0.707987289,-0.102907416257001,-0.048741686530864
82,LarimichthysPolyactis,SSP1-2.6,0.868076277407407,Larimichthys polyactis,Mid-trophic species,13,0.883066803,-0.0247007631456461,-0.014990525592593
82,LarimichthysPolyactis,SSP5-8.5,0.870989992716049,Larimichthys polyactis,Mid-trophic species,13,0.883066803,-0.0198664372410947,-0.0120768102839509
82,MiichthysMiiuy,SSP1-2.6,0.584294235925926,Miichthys miiuy,Predator,5,0.564111650666667,0.0507143237313684,0.020182585259259
82,MiichthysMiiuy,SSP5-8.5,0.582498979135803,Miichthys miiuy,Predator,5,0.564111650666667,0.0462747879530757,0.0183873284691359
82,MuraenesoxCinereus,SSP1-2.6,0.701487286296296,Muraenesox cinereus,Predator,4,0.685601957333333,0.0330457285600387,0.015885328962963
82,MuraenesoxCinereus,SSP5-8.5,0.700627235061728,Muraenesox cinereus,Predator,4,0.685601957333333,0.0312758420240407,0.015025277728395
82,PampusArgenteus,SSP1-2.6,0.434952832222222,Pampus argenteus,Mid-trophic species,12,0.434806274333333,0.000486199776261766,0.000146557888888954
82,PampusArgenteus,SSP5-8.5,0.436032202345679,Pampus argenteus,Mid-trophic species,12,0.434806274333333,0.00406192762404033,0.001225928012346
82,PennahiaArgentata,SSP1-2.6,0.600435308641975,Pennahia argentata,Mid-trophic species,11,0.593251275333333,0.0173655204045891,0.00718403330864204
82,PennahiaArgentata,SSP5-8.5,0.614153907283951,Pennahia argentata,Mid-trophic species,11,0.593251275333333,0.0499569441854799,0.020902631950618
82,PortunusTrituberculatus,SSP1-2.6,0.98791950617284,Portunus trituberculatus,Invertebrate,8,0.994824246333333,-0.0100481715239937,-0.00690474016049303
82,PortunusTrituberculatus,SSP5-8.5,0.976356903950617,Portunus trituberculatus,Invertebrate,8,0.994824246333333,-0.0270330535641527,-0.018467342382716
82,ScomberJaponicus,SSP1-2.6,0.790440821481481,Scomber japonicus,Mid-trophic species,9,0.797674359333333,-0.013142448962647,-0.00723353785185199
82,ScomberJaponicus,SSP5-8.5,0.787121259135803,Scomber japonicus,Mid-trophic species,9,0.797674359333333,-0.0192139985533986,-0.01055310019753
82,ScomberomorusNiphonius,SSP1-2.6,0.66456806654321,Scomberomorus niphonius,Predator,2,0.657004198666667,0.0165143808137696,0.00756386787654295
82,ScomberomorusNiphonius,SSP5-8.5,0.666925574320988,Scomberomorus niphonius,Predator,2,0.657004198666667,0.0216231822824667,0.00992137565432094
82,TodarodesPacificus,SSP1-2.6,1.00142097061728,Todarodes pacificus,Invertebrate,6,1.01762938233333,-0.0231636595972553,-0.0162084117160499
82,TodarodesPacificus,SSP5-8.5,1.02524993382716,Todarodes pacificus,Invertebrate,6,1.01762938233333,0.0107634188249692,0.0076205514938299
82,TrachurusJaponicus,SSP1-2.6,0.464412818888889,Trachurus japonicus,Mid-trophic species,14,0.471579105,-0.0220920014286273,-0.00716628611111098
82,TrachurusJaponicus,SSP5-8.5,0.461357754567901,Trachurus japonicus,Mid-trophic species,14,0.471579105,-0.03161389005094,-0.010221350432099
82,TrachysalambriaCurvirostris,SSP1-2.6,0.885806153580247,Trachysalambria curvirostris,Invertebrate,7,0.917309387666667,-0.0504173847635887,-0.0315032340864201
82,TrachysalambriaCurvirostris,SSP5-8.5,0.878323849135802,Trachysalambria curvirostris,Invertebrate,7,0.917309387666667,-0.0626554264378451,-0.0389855385308651
82,TrichiurusJaponicus,SSP1-2.6,1.17632238160494,Trichiurus japonicus,Predator,3,1.23484121333333,-0.0700420416461872,-0.05851883172839
82,TrichiurusJaponicus,SSP5-8.5,1.12484091222222,Trichiurus japonicus,Predator,3,1.23484121333333,-0.134604565858429,-0.11000030111111
83,DecapterusMaruadsi,SSP1-2.6,0.534791763703704,Decapterus maruadsi,Mid-trophic species,10,0.542701191333333,-0.0211808289350155,-0.0079094276296291
83,DecapterusMaruadsi,SSP5-8.5,0.530967127283951,Decapterus maruadsi,Mid-trophic species,10,0.542701191333333,-0.0315355306027059,-0.011734064049382
83,EngraulisJaponicus,SSP1-2.6,0.673842128395062,Engraulis japonicus,Prey,1,0.691991008333333,-0.0383426636255088,-0.0181488799382711
83,EngraulisJaponicus,SSP5-8.5,0.653798602962963,Engraulis japonicus,Prey,1,0.691991008333333,-0.0819069973815868,-0.0381924053703701
83,LarimichthysPolyactis,SSP1-2.6,0.879930052962963,Larimichthys polyactis,Mid-trophic species,13,0.865236781,0.0242938509781328,0.014693271962963
83,LarimichthysPolyactis,SSP5-8.5,0.861946484320988,Larimichthys polyactis,Mid-trophic species,13,0.865236781,-0.00549669573510847,-0.00329029667901204
83,MiichthysMiiuy,SSP1-2.6,0.583024638765432,Miichthys miiuy,Predator,5,0.585971868,-0.00727455041197362,-0.00294722923456803
83,MiichthysMiiuy,SSP5-8.5,0.582841822469136,Miichthys miiuy,Predator,5,0.585971868,-0.0077270004566252,-0.00313004553086405
83,MuraenesoxCinereus,SSP1-2.6,0.703392320617284,Muraenesox cinereus,Predator,4,0.689416738333333,0.0289532579364903,0.013975582283951
83,MuraenesoxCinereus,SSP5-8.5,0.69972989382716,Muraenesox cinereus,Predator,4,0.689416738333333,0.0214218014274974,0.0103131554938271
83,PampusArgenteus,SSP1-2.6,0.435176105925926,Pampus argenteus,Mid-trophic species,12,0.435838104666667,-0.00219298944293681,-0.000661998740741021
83,PampusArgenteus,SSP5-8.5,0.435084728765432,Pampus argenteus,Mid-trophic species,12,0.435838104666667,-0.00249595464951506,-0.000753375901234976
83,PennahiaArgentata,SSP1-2.6,0.590861787160494,Pennahia argentata,Mid-trophic species,11,0.602107737,-0.0272009575429028,-0.011245949839506
83,PennahiaArgentata,SSP5-8.5,0.600433164567901,Pennahia argentata,Mid-trophic species,11,0.602107737,-0.00401799040986402,-0.00167457243209901
83,PortunusTrituberculatus,SSP1-2.6,0.971581694074074,Portunus trituberculatus,Invertebrate,8,0.982824439,-0.0165984244443289,-0.011242744925926
83,PortunusTrituberculatus,SSP5-8.5,1.01623166382716,Portunus trituberculatus,Invertebrate,8,0.982824439,0.0482236841135494,0.03340722482716
83,ScomberJaponicus,SSP1-2.6,0.793248474938272,Scomber japonicus,Mid-trophic species,9,0.794406385333333,-0.00210437661577088,-0.00115791039506097
83,ScomberJaponicus,SSP5-8.5,0.791262544938272,Scomber japonicus,Mid-trophic species,9,0.794406385333333,-0.00572075141762737,-0.00314384039506099
83,ScomberomorusNiphonius,SSP1-2.6,0.667263405061728,Scomberomorus niphonius,Predator,2,0.660453714,0.0147989259593461,0.00680969106172802
83,ScomberomorusNiphonius,SSP5-8.5,0.667075460123457,Scomberomorus niphonius,Predator,2,0.660453714,0.0143925116079824,0.00662174612345701
83,TodarodesPacificus,SSP1-2.6,1.01000724888889,Todarodes pacificus,Invertebrate,6,1.02945692033333,-0.0275178114658421,-0.0194496714444399
83,TodarodesPacificus,SSP5-8.5,1.01402098197531,Todarodes pacificus,Invertebrate,6,1.02945692033333,-0.0217959541109253,-0.0154359383580198
83,TrachurusJaponicus,SSP1-2.6,0.462799916666667,Trachurus japonicus,Mid-trophic species,14,0.476239122666667,-0.0412975370624464,-0.013439206
83,TrachurusJaponicus,SSP5-8.5,0.462054395432099,Trachurus japonicus,Mid-trophic species,14,0.476239122666667,-0.0436234385733792,-0.014184727234568
83,TrachysalambriaCurvirostris,SSP1-2.6,0.862445086419753,Trachysalambria curvirostris,Invertebrate,7,0.90673113,-0.0722422160893084,-0.044286043580247
83,TrachysalambriaCurvirostris,SSP5-8.5,0.868964411234568,Trachysalambria curvirostris,Invertebrate,7,0.90673113,-0.0613777244224288,-0.037766718765432
83,TrichiurusJaponicus,SSP1-2.6,1.1682534062963,Trichiurus japonicus,Predator,3,1.31134187333333,-0.166690608652686,-0.14308846703703
83,TrichiurusJaponicus,SSP5-8.5,1.10081665209877,Trichiurus japonicus,Predator,3,1.31134187333333,-0.252469653327034,-0.21052522123456
84,DecapterusMaruadsi,SSP1-2.6,0.537521845061728,Decapterus maruadsi,Mid-trophic species,10,0.549063676666667,-0.0306500853939208,-0.011541831604939
84,DecapterusMaruadsi,SSP5-8.5,0.530307840493827,Decapterus maruadsi,Mid-trophic species,10,0.549063676666667,-0.0501433942909699,-0.01875583617284
84,EngraulisJaponicus,SSP1-2.6,0.663999278271605,Engraulis japonicus,Prey,1,0.713507283666667,-0.103746483731979,-0.0495080053950621
84,EngraulisJaponicus,SSP5-8.5,0.656469800246914,Engraulis japonicus,Prey,1,0.713507283666667,-0.12019951321503,-0.057037483419753
84,LarimichthysPolyactis,SSP1-2.6,0.880917922098765,Larimichthys polyactis,Mid-trophic species,13,0.848050269,0.0548578204930651,0.0328676530987649
84,LarimichthysPolyactis,SSP5-8.5,0.882839576049383,Larimichthys polyactis,Mid-trophic species,13,0.848050269,0.0580015199242613,0.034789307049383
84,MiichthysMiiuy,SSP1-2.6,0.583520948518519,Miichthys miiuy,Predator,5,0.571570235666667,0.0298536593854992,0.011950712851852
84,MiichthysMiiuy,SSP5-8.5,0.584885994320988,Miichthys miiuy,Predator,5,0.571570235666667,0.0332246522024715,0.013315758654321
84,MuraenesoxCinereus,SSP1-2.6,0.70581829,Muraenesox cinereus,Predator,4,0.685604695333333,0.0419198257084569,0.0202135946666669
84,MuraenesoxCinereus,SSP5-8.5,0.700927407530864,Muraenesox cinereus,Predator,4,0.685604695333333,0.031888047645319,0.015322712197531
84,PampusArgenteus,SSP1-2.6,0.437054899012346,Pampus argenteus,Mid-trophic species,12,0.440042633666667,-0.00982879664037604,-0.00298773465432101
84,PampusArgenteus,SSP5-8.5,0.435255629259259,Pampus argenteus,Mid-trophic species,12,0.440042633666667,-0.0157803497792377,-0.00478700440740804
84,PennahiaArgentata,SSP1-2.6,0.599634784938272,Pennahia argentata,Mid-trophic species,11,0.603885304,-0.0101904875940806,-0.00425051906172791
84,PennahiaArgentata,SSP5-8.5,0.608555280123457,Pennahia argentata,Mid-trophic species,11,0.603885304,0.011113756501891,0.0046699761234571
84,PortunusTrituberculatus,SSP1-2.6,1.00102683209877,Portunus trituberculatus,Invertebrate,8,0.979975643666667,0.0306628475035643,0.0210511884321031
84,PortunusTrituberculatus,SSP5-8.5,0.985155412345679,Portunus trituberculatus,Invertebrate,8,0.979975643666667,0.00760544073593099,0.00517976867901204
84,ScomberJaponicus,SSP1-2.6,0.791097820493827,Scomber japonicus,Mid-trophic species,9,0.801475781,-0.0188028284245195,-0.010377960506173
84,ScomberJaponicus,SSP5-8.5,0.79026896037037,Scomber japonicus,Mid-trophic species,9,0.801475781,-0.0203151815530621,-0.0112068206296301
84,ScomberomorusNiphonius,SSP1-2.6,0.665510930493827,Scomberomorus niphonius,Predator,2,0.661728616666667,0.00822269074918518,0.00378231382715999
84,ScomberomorusNiphonius,SSP5-8.5,0.668318979012346,Scomberomorus niphonius,Predator,2,0.661728616666667,0.0142971739024185,0.006590362345679
84,TodarodesPacificus,SSP1-2.6,1.0234182062963,Todarodes pacificus,Invertebrate,6,1.00496090633333,0.0262564231197557,0.01845729996297
84,TodarodesPacificus,SSP5-8.5,0.992935476049383,Todarodes pacificus,Invertebrate,6,1.00496090633333,-0.0173675054471358,-0.012025430283947
84,TrachurusJaponicus,SSP1-2.6,0.464339521604938,Trachurus japonicus,Mid-trophic species,14,0.469233672666667,-0.0151264671978272,-0.00489415106172897
84,TrachurusJaponicus,SSP5-8.5,0.463992576419753,Trachurus japonicus,Mid-trophic species,14,0.469233672666667,-0.016204822933874,-0.00524109624691399
84,TrachysalambriaCurvirostris,SSP1-2.6,0.858967702716049,Trachysalambria curvirostris,Invertebrate,7,0.888529265666667,-0.0488154084876609,-0.029561562950618
84,TrachysalambriaCurvirostris,SSP5-8.5,0.850516093703704,Trachysalambria curvirostris,Invertebrate,7,0.888529265666667,-0.0630807601459847,-0.0380131719629631
84,TrichiurusJaponicus,SSP1-2.6,1.17336344716049,Trichiurus japonicus,Predator,3,1.13279053133333,0.0507688431982082,0.0405729158271599
84,TrichiurusJaponicus,SSP5-8.5,1.14247181345679,Trichiurus japonicus,Predator,3,1.13279053133333,0.0122774606931498,0.00968128212345998
85,DecapterusMaruadsi,SSP1-2.6,0.541695430246914,Decapterus maruadsi,Mid-trophic species,10,0.540354006666667,0.00357703829853315,0.00134142358024703
85,DecapterusMaruadsi,SSP5-8.5,0.536908902345679,Decapterus maruadsi,Mid-trophic species,10,0.540354006666667,-0.00922755591378641,-0.00344510432098799
85,EngraulisJaponicus,SSP1-2.6,0.668711613950617,Engraulis japonicus,Prey,1,0.700525108666667,-0.0670525878145659,-0.03181349471605
85,EngraulisJaponicus,SSP5-8.5,0.662182581851852,Engraulis japonicus,Prey,1,0.700525108666667,-0.0812076992052253,-0.038342526814815
85,LarimichthysPolyactis,SSP1-2.6,0.870575342469136,Larimichthys polyactis,Mid-trophic species,13,0.891092506,-0.0336060495457956,-0.020517163530864
85,LarimichthysPolyactis,SSP5-8.5,0.860888298518519,Larimichthys polyactis,Mid-trophic species,13,0.891092506,-0.0497491503937819,-0.030204207481481
85,MiichthysMiiuy,SSP1-2.6,0.581536006296296,Miichthys miiuy,Predator,5,0.568670981,0.032274334002795,0.012865025296296
85,MiichthysMiiuy,SSP5-8.5,0.581500986790123,Miichthys miiuy,Predator,5,0.568670981,0.032187453760454,0.0128300057901229
85,MuraenesoxCinereus,SSP1-2.6,0.697094777407408,Muraenesox cinereus,Predator,4,0.684215497666667,0.0269040371678446,0.012879279740741
85,MuraenesoxCinereus,SSP5-8.5,0.700861735679012,Muraenesox cinereus,Predator,4,0.684215497666667,0.0346790789810528,0.016646238012345
85,PampusArgenteus,SSP1-2.6,0.437197076296296,Pampus argenteus,Mid-trophic species,12,0.440219355333333,-0.00993882509183247,-0.003022279037037
85,PampusArgenteus,SSP5-8.5,0.433596618148148,Pampus argenteus,Mid-trophic species,12,0.440219355333333,-0.0218690738958815,-0.00662273718518502
85,PennahiaArgentata,SSP1-2.6,0.596445336419753,Pennahia argentata,Mid-trophic species,11,0.579949580333333,0.0404624418686427,0.01649575608642
85,PennahiaArgentata,SSP5-8.5,0.602845139259259,Pennahia argentata,Mid-trophic species,11,0.579949580333333,0.0558599650681526,0.022895558925926
85,PortunusTrituberculatus,SSP1-2.6,1.00828420790123,Portunus trituberculatus,Invertebrate,8,1.043370467,-0.0493491503574972,-0.0350862590987699
85,PortunusTrituberculatus,SSP5-8.5,0.998907874567901,Portunus trituberculatus,Invertebrate,8,1.043370467,-0.0628279679719061,-0.0444625924320989
85,ScomberJaponicus,SSP1-2.6,0.790987465061728,Scomber japonicus,Mid-trophic species,9,0.794013527666667,-0.00550875467952845,-0.00302606260493898
85,ScomberJaponicus,SSP5-8.5,0.789930280987654,Scomber japonicus,Mid-trophic species,9,0.794013527666667,-0.00743825980669937,-0.00408324667901294
85,ScomberomorusNiphonius,SSP1-2.6,0.665294709012346,Scomberomorus niphonius,Predator,2,0.663919302333333,0.0029856638378508,0.00137540667901304
85,ScomberomorusNiphonius,SSP5-8.5,0.668871875679012,Scomberomorus niphonius,Predator,2,0.663919302333333,0.0107219885761745,0.004952573345679
85,TodarodesPacificus,SSP1-2.6,1.01695126901235,Todarodes pacificus,Invertebrate,6,1.019695299,-0.00388756784104909,-0.00274402998765022
85,TodarodesPacificus,SSP5-8.5,0.998162214938272,Todarodes pacificus,Invertebrate,6,1.019695299,-0.0307919193168641,-0.0215330840617282
85,TrachurusJaponicus,SSP1-2.6,0.465299647160494,Trachurus japonicus,Mid-trophic species,14,0.466005758333333,-0.00218768897198628,-0.00070611117283903
85,TrachurusJaponicus,SSP5-8.5,0.461905402345679,Trachurus japonicus,Mid-trophic species,14,0.466005758333333,-0.0127503623285026,-0.00410035598765401
85,TrachysalambriaCurvirostris,SSP1-2.6,0.833069289259259,Trachysalambria curvirostris,Invertebrate,7,0.907474995,-0.123421396420407,-0.0744057057407409
85,TrachysalambriaCurvirostris,SSP5-8.5,0.838696049753087,Trachysalambria curvirostris,Invertebrate,7,0.907474995,-0.113709829940545,-0.068778945246913
85,TrichiurusJaponicus,SSP1-2.6,1.18540872382716,Trichiurus japonicus,Predator,3,1.32714235166667,-0.162938545120875,-0.14173362783951
85,TrichiurusJaponicus,SSP5-8.5,1.14414718876543,Trichiurus japonicus,Predator,3,1.32714235166667,-0.214050465566846,-0.18299516290124
86,DecapterusMaruadsi,SSP1-2.6,0.535859334074074,Decapterus maruadsi,Mid-trophic species,10,0.550378568,-0.038569956652695,-0.0145192339259259
86,DecapterusMaruadsi,SSP5-8.5,0.536920495308642,Decapterus maruadsi,Mid-trophic species,10,0.550378568,-0.0357158154615935,-0.0134580726913579
86,EngraulisJaponicus,SSP1-2.6,0.674235936666667,Engraulis japonicus,Prey,1,0.719131621666667,-0.0930023245269811,-0.044895685
86,EngraulisJaponicus,SSP5-8.5,0.655426658148148,Engraulis japonicus,Prey,1,0.719131621666667,-0.133821496546703,-0.063704963518519
86,LarimichthysPolyactis,SSP1-2.6,0.867349502345679,Larimichthys polyactis,Mid-trophic species,13,0.892327634,-0.0409600676228921,-0.0249781316543211
86,LarimichthysPolyactis,SSP5-8.5,0.847909708518519,Larimichthys polyactis,Mid-trophic species,13,0.892327634,-0.0736628741256743,-0.044417925481481
86,MiichthysMiiuy,SSP1-2.6,0.575425517530864,Miichthys miiuy,Predator,5,0.583114588,-0.0191502161393501,-0.00768907046913603
86,MiichthysMiiuy,SSP5-8.5,0.575887892469136,Miichthys miiuy,Predator,5,0.583114588,-0.0179914246920421,-0.00722669553086408
86,MuraenesoxCinereus,SSP1-2.6,0.701002838641975,Muraenesox cinereus,Predator,4,0.683303423333333,0.0368939316019454,0.0176994153086419
86,MuraenesoxCinereus,SSP5-8.5,0.705997071975309,Muraenesox cinereus,Predator,4,0.683303423333333,0.0471358454344767,0.022693648641976
86,PampusArgenteus,SSP1-2.6,0.435905436666667,Pampus argenteus,Mid-trophic species,12,0.439781588,-0.0127720079697456,-0.00387615133333302
86,PampusArgenteus,SSP5-8.5,0.435247660987654,Pampus argenteus,Mid-trophic species,12,0.439781588,-0.0149506603628256,-0.00453392701234601
86,PennahiaArgentata,SSP1-2.6,0.609631336666667,Pennahia argentata,Mid-trophic species,11,0.615955841333333,-0.0148898628774661,-0.00632450466666601
86,PennahiaArgentata,SSP5-8.5,0.606403827283951,Pennahia argentata,Mid-trophic species,11,0.615955841333333,-0.0225480669369529,-0.009552014049382
86,PortunusTrituberculatus,SSP1-2.6,0.968625778395062,Portunus trituberculatus,Invertebrate,8,1.05550025933333,-0.123915629612798,-0.086874480938268
86,PortunusTrituberculatus,SSP5-8.5,0.992727162469136,Portunus trituberculatus,Invertebrate,8,1.05550025933333,-0.0884577608774543,-0.0627730968641941
86,ScomberJaponicus,SSP1-2.6,0.792389232716049,Scomber japonicus,Mid-trophic species,9,0.797457637333333,-0.00919860537038883,-0.00506840461728397
86,ScomberJaponicus,SSP5-8.5,0.790525998765432,Scomber japonicus,Mid-trophic species,9,0.797457637333333,-0.0125949712257323,-0.00693163856790102
86,ScomberomorusNiphonius,SSP1-2.6,0.664771031481481,Scomberomorus niphonius,Predator,2,0.654379077,0.0227308950662308,0.010391954481481
86,ScomberomorusNiphonius,SSP5-8.5,0.667251711481482,Scomberomorus niphonius,Predator,2,0.654379077,0.0281044803004015,0.012872634481482
86,TodarodesPacificus,SSP1-2.6,1.02921718148148,Todarodes pacificus,Invertebrate,6,1.02534066133333,0.00544413295519468,0.00387652014814988
86,TodarodesPacificus,SSP5-8.5,1.01660478839506,Todarodes pacificus,Invertebrate,6,1.02534066133333,-0.0123443821292009,-0.00873587293827005
86,TrachurusJaponicus,SSP1-2.6,0.463356499506173,Trachurus japonicus,Mid-trophic species,14,0.469914327333333,-0.0202751465668602,-0.00655782782715997
86,TrachurusJaponicus,SSP5-8.5,0.457037161728395,Trachurus japonicus,Mid-trophic species,14,0.469914327333333,-0.0400862793904893,-0.012877165604938
86,TrachysalambriaCurvirostris,SSP1-2.6,0.882443541975309,Trachysalambria curvirostris,Invertebrate,7,0.861681451,0.0343493508579847,0.020762090975309
86,TrachysalambriaCurvirostris,SSP5-8.5,0.853217937530864,Trachysalambria curvirostris,Invertebrate,7,0.861681451,-0.0142403316821623,-0.0084635134691361
86,TrichiurusJaponicus,SSP1-2.6,1.12450539530864,Trichiurus japonicus,Predator,3,1.30717932,-0.217166481778616,-0.18267392469136
86,TrichiurusJaponicus,SSP5-8.5,1.1074711108642,Trichiurus japonicus,Predator,3,1.30717932,-0.239187999282666,-0.1997082091358
87,DecapterusMaruadsi,SSP1-2.6,0.535790588395062,Decapterus maruadsi,Mid-trophic species,10,0.540428888333333,-0.0124355559354062,-0.00463829993827103
87,DecapterusMaruadsi,SSP5-8.5,0.536409385432099,Decapterus maruadsi,Mid-trophic species,10,0.540428888333333,-0.0107703152385982,-0.00401950290123398
87,EngraulisJaponicus,SSP1-2.6,0.669680612098765,Engraulis japonicus,Prey,1,0.723000965,-0.110524371525642,-0.0533203529012351
87,EngraulisJaponicus,SSP5-8.5,0.657228218518519,Engraulis japonicus,Prey,1,0.723000965,-0.137603148101705,-0.065772746481481
87,LarimichthysPolyactis,SSP1-2.6,0.876838410123457,Larimichthys polyactis,Mid-trophic species,13,0.864070636,0.0211617427294295,0.012767774123457
87,LarimichthysPolyactis,SSP5-8.5,0.875583233209877,Larimichthys polyactis,Mid-trophic species,13,0.864070636,0.0190950736430105,0.011512597209877
87,MiichthysMiiuy,SSP1-2.6,0.576498659876543,Miichthys miiuy,Predator,5,0.592317009333333,-0.0390522618253858,-0.0158183494567899
87,MiichthysMiiuy,SSP5-8.5,0.582962721975309,Miichthys miiuy,Predator,5,0.592317009333333,-0.0229658839615151,-0.00935428735802402
87,MuraenesoxCinereus,SSP1-2.6,0.701790368765432,Muraenesox cinereus,Predator,4,0.687822073333333,0.029004733562758,0.013968295432099
87,MuraenesoxCinereus,SSP5-8.5,0.698803517407407,Muraenesox cinereus,Predator,4,0.687822073333333,0.0228514549899933,0.010981444074074
87,PampusArgenteus,SSP1-2.6,0.437400598271605,Pampus argenteus,Mid-trophic species,12,0.440449882,-0.0100226731211846,-0.00304928372839502
87,PampusArgenteus,SSP5-8.5,0.436095428641975,Pampus argenteus,Mid-trophic species,12,0.440449882,-0.0143339993218203,-0.00435445335802504
87,PennahiaArgentata,SSP1-2.6,0.59929061654321,Pennahia argentata,Mid-trophic species,11,0.604482447666667,-0.012444663669164,-0.005191831123457
87,PennahiaArgentata,SSP5-8.5,0.611742640864198,Pennahia argentata,Mid-trophic species,11,0.604482447666667,0.0172243924872034,0.00726019319753102
87,PortunusTrituberculatus,SSP1-2.6,0.96630449037037,Portunus trituberculatus,Invertebrate,8,0.936416410333333,0.0453276482508886,0.029888080037037
87,PortunusTrituberculatus,SSP5-8.5,1.00580598419753,Portunus trituberculatus,Invertebrate,8,0.936416410333333,0.103129919637598,0.069389573864197
87,ScomberJaponicus,SSP1-2.6,0.796842571481482,Scomber japonicus,Mid-trophic species,9,0.791516398666667,0.009675485267592,0.00532617281481496
87,ScomberJaponicus,SSP5-8.5,0.787186645308642,Scomber japonicus,Mid-trophic species,9,0.791516398666667,-0.00791349504722971,-0.00432975335802499
87,ScomberomorusNiphonius,SSP1-2.6,0.663725217037037,Scomberomorus niphonius,Predator,2,0.658132714666667,0.0122075502706793,0.00559250237037001
87,ScomberomorusNiphonius,SSP5-8.5,0.669491801234568,Scomberomorus niphonius,Predator,2,0.658132714666667,0.024687850465038,0.011359086567901
87,TodarodesPacificus,SSP1-2.6,1.00996875580247,Todarodes pacificus,Invertebrate,6,0.996770160333333,0.0189778776452241,0.0131985954691369
87,TodarodesPacificus,SSP5-8.5,1.01530311209877,Todarodes pacificus,Invertebrate,6,0.996770160333333,0.0265777137891764,0.0185329517654371
87,TrachurusJaponicus,SSP1-2.6,0.463520007037037,Trachurus japonicus,Mid-trophic species,14,0.475360396333333,-0.0363901015147554,-0.011840389296296
87,TrachurusJaponicus,SSP5-8.5,0.463677048148148,Trachurus japonicus,Mid-trophic species,14,0.475360396333333,-0.0359013975588596,-0.011683348185185
87,TrachysalambriaCurvirostris,SSP1-2.6,0.886425272839506,Trachysalambria curvirostris,Invertebrate,7,0.842404460666667,0.0734859389152271,0.044020812172839
87,TrachysalambriaCurvirostris,SSP5-8.5,0.899594833827161,Trachysalambria curvirostris,Invertebrate,7,0.842404460666667,0.0947623003777318,0.057190373160494
87,TrichiurusJaponicus,SSP1-2.6,1.18505927111111,Trichiurus japonicus,Predator,3,1.31109195533333,-0.14580965684158,-0.12603268422222
87,TrichiurusJaponicus,SSP5-8.5,1.16075262987654,Trichiurus japonicus,Predator,3,1.31109195533333,-0.175708325042731,-0.15033932545679
88,DecapterusMaruadsi,SSP1-2.6,0.532060884197531,Decapterus maruadsi,Mid-trophic species,10,0.53631651,-0.0114933220145729,-0.00425562580246908
88,DecapterusMaruadsi,SSP5-8.5,0.532432741111111,Decapterus maruadsi,Mid-trophic species,10,0.53631651,-0.0104853758245545,-0.00388376888888897
88,EngraulisJaponicus,SSP1-2.6,0.682779854938272,Engraulis japonicus,Prey,1,0.7237135,-0.0839981905571825,-0.040933645061728
88,EngraulisJaponicus,SSP5-8.5,0.661865675185185,Engraulis japonicus,Prey,1,0.7237135,-0.128880230012843,-0.061847824814815
88,LarimichthysPolyactis,SSP1-2.6,0.854387711481482,Larimichthys polyactis,Mid-trophic species,13,0.874143935666667,-0.0329799548807496,-0.0197562241851851
88,LarimichthysPolyactis,SSP5-8.5,0.88755176308642,Larimichthys polyactis,Mid-trophic species,13,0.874143935666667,0.0219604096595244,0.013407827419753
88,MiichthysMiiuy,SSP1-2.6,0.583464339135802,Miichthys miiuy,Predator,5,0.579136671,0.0107406309493719,0.00432766813580199
88,MiichthysMiiuy,SSP5-8.5,0.579811153950617,Miichthys miiuy,Predator,5,0.579136671,0.00167923576356065,0.000674482950617006
88,MuraenesoxCinereus,SSP1-2.6,0.70161241962963,Muraenesox cinereus,Predator,4,0.694112265666667,0.0155052628864029,0.007500153962963
88,MuraenesoxCinereus,SSP5-8.5,0.695466399259259,Muraenesox cinereus,Predator,4,0.694112265666667,0.0028117910650868,0.00135413359259207
88,PampusArgenteus,SSP1-2.6,0.437529982469136,Pampus argenteus,Mid-trophic species,12,0.441570250333333,-0.0132610940926323,-0.00404026786419703
88,PampusArgenteus,SSP5-8.5,0.436612781728395,Pampus argenteus,Mid-trophic species,12,0.441570250333333,-0.0162886120221211,-0.00495746860493801
88,PennahiaArgentata,SSP1-2.6,0.597743794814815,Pennahia argentata,Mid-trophic species,11,0.590055957333333,0.0186754709585445,0.00768783748148194
88,PennahiaArgentata,SSP5-8.5,0.613681460864198,Pennahia argentata,Mid-trophic species,11,0.590055957333333,0.0566382233200235,0.0236255035308649
88,PortunusTrituberculatus,SSP1-2.6,1.00388907839506,Portunus trituberculatus,Invertebrate,8,1.02573039466667,-0.0310517075044258,-0.02184131627161
88,PortunusTrituberculatus,SSP5-8.5,1.01374451716049,Portunus trituberculatus,Invertebrate,8,1.02573039466667,-0.016957467848211,-0.0119858775061801
88,ScomberJaponicus,SSP1-2.6,0.789241297654321,Scomber japonicus,Mid-trophic species,9,0.796141940666667,-0.0125592173354372,-0.00690064301234594
88,ScomberJaponicus,SSP5-8.5,0.786108442716049,Scomber japonicus,Mid-trophic species,9,0.796141940666667,-0.0182973212316438,-0.010033497950618
88,ScomberomorusNiphonius,SSP1-2.6,0.66210343037037,Scomberomorus niphonius,Predator,2,0.655913012333333,0.013552108737428,0.00619041803703702
88,ScomberomorusNiphonius,SSP5-8.5,0.667476141728395,Scomberomorus niphonius,Predator,2,0.655913012333333,0.0252117737698905,0.011563129395062
88,TodarodesPacificus,SSP1-2.6,1.00272174666667,Todarodes pacificus,Invertebrate,6,1.04199167733333,-0.0554224380496081,-0.03926993066666
88,TodarodesPacificus,SSP5-8.5,0.988177718765432,Todarodes pacificus,Invertebrate,6,1.04199167733333,-0.0765013228065721,-0.0538139585678979
88,TrachurusJaponicus,SSP1-2.6,0.462651017654321,Trachurus japonicus,Mid-trophic species,14,0.473917461333333,-0.0347114533334923,-0.011266443679012
88,TrachurusJaponicus,SSP5-8.5,0.464899013209877,Trachurus japonicus,Mid-trophic species,14,0.473917461333333,-0.0277184539654404,-0.00901844812345604
88,TrachysalambriaCurvirostris,SSP1-2.6,0.830077130123457,Trachysalambria curvirostris,Invertebrate,7,0.888773153666667,-0.0985698424623519,-0.05869602354321
88,TrachysalambriaCurvirostris,SSP5-8.5,0.854826911111111,Trachysalambria curvirostris,Invertebrate,7,0.888773153666667,-0.0561829125450395,-0.033946242555556
88,TrichiurusJaponicus,SSP1-2.6,1.16328152382716,Trichiurus japonicus,Predator,3,1.18917359766667,-0.0317590543395202,-0.0258920738395099
88,TrichiurusJaponicus,SSP5-8.5,1.12510851148148,Trichiurus japonicus,Predator,3,1.18917359766667,-0.0798951882559551,-0.0640650861851899
89,DecapterusMaruadsi,SSP1-2.6,0.537927494444444,Decapterus maruadsi,Mid-trophic species,10,0.538473254,-0.00146295823916163,-0.000545759555556025
89,DecapterusMaruadsi,SSP5-8.5,0.533359281111111,Decapterus maruadsi,Mid-trophic species,10,0.538473254,-0.0137670001059013,-0.00511397288888904
89,EngraulisJaponicus,SSP1-2.6,0.666902746049383,Engraulis japonicus,Prey,1,0.699821639666667,-0.0695108862715846,-0.032918893617284
89,EngraulisJaponicus,SSP5-8.5,0.665893319012346,Engraulis japonicus,Prey,1,0.699821639666667,-0.0716962103389353,-0.0339283206543209
89,LarimichthysPolyactis,SSP1-2.6,0.877539520617284,Larimichthys polyactis,Mid-trophic species,13,0.855453024,0.0367754663587557,0.022086496617284
89,LarimichthysPolyactis,SSP5-8.5,0.871862780864198,Larimichthys polyactis,Mid-trophic species,13,0.855453024,0.0274124593145722,0.016409756864198
89,MiichthysMiiuy,SSP1-2.6,0.580910580987654,Miichthys miiuy,Predator,5,0.584414981333333,-0.00867705369911757,-0.003504400345679
89,MiichthysMiiuy,SSP5-8.5,0.581908491975309,Miichthys miiuy,Predator,5,0.584414981333333,-0.00620086179610534,-0.002506489358024
89,MuraenesoxCinereus,SSP1-2.6,0.702955462098766,Muraenesox cinereus,Predator,4,0.687003891666667,0.0331150143281164,0.0159515704320991
89,MuraenesoxCinereus,SSP5-8.5,0.702971474074074,Muraenesox cinereus,Predator,4,0.687003891666667,0.033147875776003,0.015967582407407
89,PampusArgenteus,SSP1-2.6,0.434344355802469,Pampus argenteus,Mid-trophic species,12,0.438683311666667,-0.0143405344021696,-0.00433895586419802
89,PampusArgenteus,SSP5-8.5,0.434043198888889,Pampus argenteus,Mid-trophic species,12,0.438683311666667,-0.0153411880868576,-0.00464011277777804
89,PennahiaArgentata,SSP1-2.6,0.611014395432099,Pennahia argentata,Mid-trophic species,11,0.610519424666667,0.00116917255340262,0.000494970765432035
89,PennahiaArgentata,SSP5-8.5,0.598633516790124,Pennahia argentata,Mid-trophic species,11,0.610519424666667,-0.0283641417233013,-0.011885907876543
89,PortunusTrituberculatus,SSP1-2.6,1.00083823901235,Portunus trituberculatus,Invertebrate,8,0.971973573666667,0.0422198216829124,0.028864665345683
89,PortunusTrituberculatus,SSP5-8.5,0.963989042716049,Portunus trituberculatus,Invertebrate,8,0.971973573666667,-0.0119003419008842,-0.00798453095061802
89,ScomberJaponicus,SSP1-2.6,0.792761172345679,Scomber japonicus,Mid-trophic species,9,0.800866242,-0.0146750043497106,-0.00810506965432101
89,ScomberJaponicus,SSP5-8.5,0.788946632592593,Scomber japonicus,Mid-trophic species,9,0.800866242,-0.0216335945987974,-0.011919609407407
89,ScomberomorusNiphonius,SSP1-2.6,0.66556240691358,Scomberomorus niphonius,Predator,2,0.6584801,0.0154341064712942,0.00708230691358003
89,ScomberomorusNiphonius,SSP5-8.5,0.668290168395062,Scomberomorus niphonius,Predator,2,0.6584801,0.0213348087242062,0.00981006839506193
89,TodarodesPacificus,SSP1-2.6,1.02412974555556,Todarodes pacificus,Invertebrate,6,1.02560644066667,-0.00207872710312875,-0.00147669511111004
89,TodarodesPacificus,SSP5-8.5,1.01351676074074,Todarodes pacificus,Invertebrate,6,1.02560644066667,-0.017107279868467,-0.01208967992593
89,TrachurusJaponicus,SSP1-2.6,0.46241103691358,Trachurus japonicus,Mid-trophic species,14,0.468970066333333,-0.0203200078196891,-0.00655902941975301
89,TrachurusJaponicus,SSP5-8.5,0.460836887407407,Trachurus japonicus,Mid-trophic species,14,0.468970066333333,-0.0252396395394477,-0.00813317892592597
89,TrachysalambriaCurvirostris,SSP1-2.6,0.896272205185185,Trachysalambria curvirostris,Invertebrate,7,0.878417173666667,0.0290306967831834,0.017855031518518
89,TrachysalambriaCurvirostris,SSP5-8.5,0.813746989753087,Trachysalambria curvirostris,Invertebrate,7,0.878417173666667,-0.110325958899967,-0.06467018391358
89,TrichiurusJaponicus,SSP1-2.6,1.17823945938272,Trichiurus japonicus,Predator,3,1.25885115733333,-0.0954749383872563,-0.0806116979506102
89,TrichiurusJaponicus,SSP5-8.5,1.11187264716049,Trichiurus japonicus,Predator,3,1.25885115733333,-0.179116160740634,-0.14697851017284
90,DecapterusMaruadsi,SSP1-2.6,0.536663511111111,Decapterus maruadsi,Mid-trophic species,10,0.543531542666667,-0.0183459617858496,-0.00686803155555604
90,DecapterusMaruadsi,SSP5-8.5,0.53218205037037,Decapterus maruadsi,Mid-trophic species,10,0.543531542666667,-0.0304439099016475,-0.011349492296297
90,EngraulisJaponicus,SSP1-2.6,0.665230497654321,Engraulis japonicus,Prey,1,0.687890099666667,-0.0483237812157432,-0.0226596020123461
90,EngraulisJaponicus,SSP5-8.5,0.678220313580247,Engraulis japonicus,Prey,1,0.687890099666667,-0.0204240964601086,-0.00966978608642
90,LarimichthysPolyactis,SSP1-2.6,0.876095334567901,Larimichthys polyactis,Mid-trophic species,13,0.846542777,0.0495048975642105,0.029552557567901
90,LarimichthysPolyactis,SSP5-8.5,0.874184253580247,Larimichthys polyactis,Mid-trophic species,13,0.846542777,0.0463544201456819,0.027641476580247
90,MiichthysMiiuy,SSP1-2.6,0.581942704320988,Miichthys miiuy,Predator,5,0.589833361333333,-0.0194303060947877,-0.00789065701234493
90,MiichthysMiiuy,SSP5-8.5,0.582840281728395,Miichthys miiuy,Predator,5,0.589833361333333,-0.0172068348622794,-0.006993079604938
90,MuraenesoxCinereus,SSP1-2.6,0.702453893703704,Muraenesox cinereus,Predator,4,0.679864509333333,0.0471562763228634,0.0225893843703711
90,MuraenesoxCinereus,SSP5-8.5,0.703375035555556,Muraenesox cinereus,Predator,4,0.679864509333333,0.0490468718912785,0.0235105262222231
90,PampusArgenteus,SSP1-2.6,0.437538011481481,Pampus argenteus,Mid-trophic species,12,0.435899703333333,0.00541213591441796,0.00163830814814803
90,PampusArgenteus,SSP5-8.5,0.434879831728395,Pampus argenteus,Mid-trophic species,12,0.435899703333333,-0.00337941883180381,-0.00101987160493799
90,PennahiaArgentata,SSP1-2.6,0.602930616419753,Pennahia argentata,Mid-trophic species,11,0.588151714,0.035803643436152,0.014778902419753
90,PennahiaArgentata,SSP5-8.5,0.607574202098765,Pennahia argentata,Mid-trophic species,11,0.588151714,0.0468722666912526,0.019422488098765
90,PortunusTrituberculatus,SSP1-2.6,1.00295746691358,Portunus trituberculatus,Invertebrate,8,0.949840682333333,0.0785029716576641,0.0531167845802469
90,PortunusTrituberculatus,SSP5-8.5,1.01565733753086,Portunus trituberculatus,Invertebrate,8,0.949840682333333,0.0966562934925333,0.065816655197527
90,ScomberJaponicus,SSP1-2.6,0.791868149135803,Scomber japonicus,Mid-trophic species,9,0.801041136333333,-0.0166160992969477,-0.00917298719753001
90,ScomberJaponicus,SSP5-8.5,0.791380074074074,Scomber japonicus,Mid-trophic species,9,0.801041136333333,-0.0175055915232723,-0.009661062259259
90,ScomberomorusNiphonius,SSP1-2.6,0.666180258641975,Scomberomorus niphonius,Predator,2,0.660364575333333,0.0126498720715586,0.00581568330864202
90,ScomberomorusNiphonius,SSP5-8.5,0.671027816790124,Scomberomorus niphonius,Predator,2,0.660364575333333,0.0231098429092243,0.010663241456791
90,TodarodesPacificus,SSP1-2.6,1.00263462716049,Todarodes pacificus,Invertebrate,6,0.996692521,0.00857555737109709,0.00594210616048996
90,TodarodesPacificus,SSP5-8.5,1.02327648308642,Todarodes pacificus,Invertebrate,6,0.996692521,0.0379755973019123,0.02658396208642
90,TrachurusJaponicus,SSP1-2.6,0.460933622592593,Trachurus japonicus,Mid-trophic species,14,0.466826283,-0.0183267809211806,-0.00589266040740699
90,TrachurusJaponicus,SSP5-8.5,0.4660378,Trachurus japonicus,Mid-trophic species,14,0.466826283,-0.00243881355396928,-0.000788483000000007
90,TrachysalambriaCurvirostris,SSP1-2.6,0.895890231728395,Trachysalambria curvirostris,Invertebrate,7,0.890576051666667,0.00858316096594658,0.00531418006172801
90,TrachysalambriaCurvirostris,SSP5-8.5,0.868510148765432,Trachysalambria curvirostris,Invertebrate,7,0.890576051666667,-0.0361961097302774,-0.022065902901235
90,TrichiurusJaponicus,SSP1-2.6,1.13587363160494,Trichiurus japonicus,Predator,3,1.219568352,-0.102568276941165,-0.08369472039506
90,TrichiurusJaponicus,SSP5-8.5,1.11597869185185,Trichiurus japonicus,Predator,3,1.219568352,-0.128061136709523,-0.10358966014815
91,DecapterusMaruadsi,SSP1-2.6,0.535653368765432,Decapterus maruadsi,Mid-trophic species,10,0.543299098666667,-0.0204469456855378,-0.00764572990123502
91,DecapterusMaruadsi,SSP5-8.5,0.536806220987654,Decapterus maruadsi,Mid-trophic species,10,0.543299098666667,-0.0173452627122927,-0.00649287767901308
91,EngraulisJaponicus,SSP1-2.6,0.67115182,Engraulis japonicus,Prey,1,0.736301132333333,-0.133656767491741,-0.0651493123333331
91,EngraulisJaponicus,SSP5-8.5,0.663504069876543,Engraulis japonicus,Prey,1,0.736301132333333,-0.150190605196411,-0.0727970624567901
91,LarimichthysPolyactis,SSP1-2.6,0.871113101111111,Larimichthys polyactis,Mid-trophic species,13,0.903364640666667,-0.0524484016452104,-0.032251539555556
91,LarimichthysPolyactis,SSP5-8.5,0.873693768518519,Larimichthys polyactis,Mid-trophic species,13,0.903364640666667,-0.0481807444614094,-0.029670872148148
91,MiichthysMiiuy,SSP1-2.6,0.580019137777778,Miichthys miiuy,Predator,5,0.585142482333333,-0.0126874611946258,-0.00512334455555497
91,MiichthysMiiuy,SSP5-8.5,0.575653461851852,Miichthys miiuy,Predator,5,0.585142482333333,-0.0235873803767252,-0.00948902048148104
91,MuraenesoxCinereus,SSP1-2.6,0.703977645185185,Muraenesox cinereus,Predator,4,0.688618639,0.0318243856025776,0.015359006185185
91,MuraenesoxCinereus,SSP5-8.5,0.700221949753086,Muraenesox cinereus,Predator,4,0.688618639,0.0241070552249166,0.0116033107530861
91,PampusArgenteus,SSP1-2.6,0.434056223950617,Pampus argenteus,Mid-trophic species,12,0.435264902666667,-0.00401176472058255,-0.00120867871605002
91,PampusArgenteus,SSP5-8.5,0.43630776617284,Pampus argenteus,Mid-trophic species,12,0.435264902666667,0.0034524596295348,0.001042863506173
91,PennahiaArgentata,SSP1-2.6,0.606654329382716,Pennahia argentata,Mid-trophic species,11,0.592388011,0.0343322623348051,0.014266318382716
91,PennahiaArgentata,SSP5-8.5,0.613197830987654,Pennahia argentata,Mid-trophic species,11,0.592388011,0.049810150836053,0.020809819987654
91,PortunusTrituberculatus,SSP1-2.6,1.0039567908642,Portunus trituberculatus,Invertebrate,8,0.995327765333333,0.0124535845636468,0.00862902553086697
91,PortunusTrituberculatus,SSP5-8.5,0.994920553580247,Portunus trituberculatus,Invertebrate,8,0.995327765333333,-0.00059036089053198,-0.000407211753086001
91,ScomberJaponicus,SSP1-2.6,0.788124545679012,Scomber japonicus,Mid-trophic species,9,0.793242611333333,-0.00933854441985596,-0.00511806565432094
91,ScomberJaponicus,SSP5-8.5,0.788383784691358,Scomber japonicus,Mid-trophic species,9,0.793242611333333,-0.00886407456304324,-0.00485882664197501
91,ScomberomorusNiphonius,SSP1-2.6,0.667765732716049,Scomberomorus niphonius,Predator,2,0.653923479666667,0.0302202361112269,0.013842253049382
91,ScomberomorusNiphonius,SSP5-8.5,0.667047385432099,Scomberomorus niphonius,Predator,2,0.653923479666667,0.028667425234333,0.013123905765432
91,TodarodesPacificus,SSP1-2.6,1.00970746901235,Todarodes pacificus,Invertebrate,6,0.978052697666667,0.0459532729227806,0.031654771345683
91,TodarodesPacificus,SSP5-8.5,1.00325846271605,Todarodes pacificus,Invertebrate,6,0.978052697666667,0.0367092205645091,0.0252057650493829
91,TrachurusJaponicus,SSP1-2.6,0.465396116419753,Trachurus japonicus,Mid-trophic species,14,0.473312121666667,-0.0243326984365526,-0.00791600524691399
91,TrachurusJaponicus,SSP5-8.5,0.460915500123457,Trachurus japonicus,Mid-trophic species,14,0.473312121666667,-0.0382895855362932,-0.01239662154321
91,TrachysalambriaCurvirostris,SSP1-2.6,0.89047478691358,Trachysalambria curvirostris,Invertebrate,7,0.877503833666667,0.0211693348178568,0.012970953246913
91,TrachysalambriaCurvirostris,SSP5-8.5,0.855409965802469,Trachysalambria curvirostris,Invertebrate,7,0.877503833666667,-0.0367894131474709,-0.022093867864198
91,TrichiurusJaponicus,SSP1-2.6,1.13767839419753,Trichiurus japonicus,Predator,3,1.25285425933333,-0.139125814635355,-0.1151758651358
91,TrichiurusJaponicus,SSP5-8.5,1.16061367864198,Trichiurus japonicus,Predator,3,1.25285425933333,-0.110330762890022,-0.09224058069135
92,DecapterusMaruadsi,SSP1-2.6,0.536811677037037,Decapterus maruadsi,Mid-trophic species,10,0.546774330666667,-0.0265294603302851,-0.00996265362963
92,DecapterusMaruadsi,SSP5-8.5,0.536189062962963,Decapterus maruadsi,Mid-trophic species,10,0.546774330666667,-0.0282037226199193,-0.010585267703704
92,EngraulisJaponicus,SSP1-2.6,0.667429710740741,Engraulis japonicus,Prey,1,0.684412934333333,-0.0362511150122816,-0.016983223592592
92,EngraulisJaponicus,SSP5-8.5,0.673356094814815,Engraulis japonicus,Prey,1,0.684412934333333,-0.0234973693209275,-0.011056839518518
92,LarimichthysPolyactis,SSP1-2.6,0.887949099135802,Larimichthys polyactis,Mid-trophic species,13,0.863055686666667,0.0410233288221436,0.024893412469135
92,LarimichthysPolyactis,SSP5-8.5,0.882259997654321,Larimichthys polyactis,Mid-trophic species,13,0.863055686666667,0.0317502245689803,0.019204310987654
92,MiichthysMiiuy,SSP1-2.6,0.593117621975309,Miichthys miiuy,Predator,5,0.571839443333333,0.0527081009140187,0.021278178641976
92,MiichthysMiiuy,SSP5-8.5,0.579252249753086,Miichthys miiuy,Predator,5,0.571839443333333,0.0185816072953589,0.00741280641975295
92,MuraenesoxCinereus,SSP1-2.6,0.69765931308642,Muraenesox cinereus,Predator,4,0.685394132,0.0255888590347277,0.0122651810864201
92,MuraenesoxCinereus,SSP5-8.5,0.697486336790124,Muraenesox cinereus,Predator,4,0.685394132,0.0252311156748734,0.012092204790124
92,PampusArgenteus,SSP1-2.6,0.435946425802469,Pampus argenteus,Mid-trophic species,12,0.434270758333333,0.00555603860702291,0.001675667469136
92,PampusArgenteus,SSP5-8.5,0.434922126172839,Pampus argenteus,Mid-trophic species,12,0.434270758333333,0.00216229411104218,0.000651367839505979
92,PennahiaArgentata,SSP1-2.6,0.594960034691358,Pennahia argentata,Mid-trophic species,11,0.592604041333333,0.00572429641796486,0.00235599335802505
92,PennahiaArgentata,SSP5-8.5,0.619346393580247,Pennahia argentata,Mid-trophic species,11,0.592604041333333,0.0636780535642043,0.026742352246914
92,PortunusTrituberculatus,SSP1-2.6,1.01734574641975,Portunus trituberculatus,Invertebrate,8,0.985443367666667,0.0459651958346773,0.031902378753083
92,PortunusTrituberculatus,SSP5-8.5,0.96976482308642,Portunus trituberculatus,Invertebrate,8,0.985443367666667,-0.0231380407103469,-0.015678544580247
92,ScomberJaponicus,SSP1-2.6,0.791285403333333,Scomber japonicus,Mid-trophic species,9,0.797848883333333,-0.0119173740956142,-0.00656348000000007
92,ScomberJaponicus,SSP5-8.5,0.787624905802469,Scomber japonicus,Mid-trophic species,9,0.797848883333333,-0.0186067864908716,-0.010223977530864
92,ScomberomorusNiphonius,SSP1-2.6,0.664634765679012,Scomberomorus niphonius,Predator,2,0.661658189333333,0.00647564194074635,0.00297657634567905
92,ScomberomorusNiphonius,SSP5-8.5,0.668057124567901,Scomberomorus niphonius,Predator,2,0.661658189333333,0.0138853531978412,0.00639893523456803
92,TodarodesPacificus,SSP1-2.6,1.00530568888889,Todarodes pacificus,Invertebrate,6,0.974618412333333,0.044724873353763,0.030687276555557
92,TodarodesPacificus,SSP5-8.5,1.00906789518519,Todarodes pacificus,Invertebrate,6,0.974618412333333,0.050113866458558,0.0344494828518569
92,TrachurusJaponicus,SSP1-2.6,0.463157811358025,Trachurus japonicus,Mid-trophic species,14,0.478111231,-0.0458424500184383,-0.0149534196419751
92,TrachurusJaponicus,SSP5-8.5,0.461318979382716,Trachurus japonicus,Mid-trophic species,14,0.478111231,-0.0515816471447036,-0.016792251617284
92,TrachysalambriaCurvirostris,SSP1-2.6,0.893218993950617,Trachysalambria curvirostris,Invertebrate,7,0.903259323333333,-0.0161263112288187,-0.010040329382716
92,TrachysalambriaCurvirostris,SSP5-8.5,0.874350530493827,Trachysalambria curvirostris,Invertebrate,7,0.903259323333333,-0.0469284633672843,-0.028908792839506
92,TrichiurusJaponicus,SSP1-2.6,1.18194013839506,Trichiurus japonicus,Predator,3,1.174584061,0.00900700349415878,0.00735607739506006
92,TrichiurusJaponicus,SSP5-8.5,1.11146355333333,Trichiurus japonicus,Predator,3,1.174584061,-0.0796893249750413,-0.0631205076666701
93,DecapterusMaruadsi,SSP1-2.6,0.533176401111111,Decapterus maruadsi,Mid-trophic species,10,0.548637394333333,-0.0412400307493515,-0.0154609932222221
93,DecapterusMaruadsi,SSP5-8.5,0.534527117777778,Decapterus maruadsi,Mid-trophic species,10,0.548637394333333,-0.0375898165434008,-0.0141102765555551
93,EngraulisJaponicus,SSP1-2.6,0.682087596790123,Engraulis japonicus,Prey,1,0.715429028333333,-0.0688516278661694,-0.03334143154321
93,EngraulisJaponicus,SSP5-8.5,0.65356749,Engraulis japonicus,Prey,1,0.715429028333333,-0.130472434280915,-0.061861538333333
93,LarimichthysPolyactis,SSP1-2.6,0.872685182839506,Larimichthys polyactis,Mid-trophic species,13,0.886926952666667,-0.0233539868927688,-0.014241769827161
93,LarimichthysPolyactis,SSP5-8.5,0.868520546666667,Larimichthys polyactis,Mid-trophic species,13,0.886926952666667,-0.0302553097051608,-0.018406406
93,MiichthysMiiuy,SSP1-2.6,0.583764697777778,Miichthys miiuy,Predator,5,0.59245819,-0.0213263772269272,-0.00869349222222204
93,MiichthysMiiuy,SSP5-8.5,0.583172175555556,Miichthys miiuy,Predator,5,0.59245819,-0.0227914589543354,-0.00928601444444399
93,MuraenesoxCinereus,SSP1-2.6,0.703495373580247,Muraenesox cinereus,Predator,4,0.685314229333333,0.0377752935386748,0.0181811442469141
93,MuraenesoxCinereus,SSP5-8.5,0.699425148765432,Muraenesox cinereus,Predator,4,0.685314229333333,0.0294040286839221,0.0141109194320991
93,PampusArgenteus,SSP1-2.6,0.437553827654321,Pampus argenteus,Mid-trophic species,12,0.438165577666667,-0.00201564301824695,-0.000611750012346035
93,PampusArgenteus,SSP5-8.5,0.434942772345679,Pampus argenteus,Mid-trophic species,12,0.438165577666667,-0.0106505598550618,-0.00322280532098801
93,PennahiaArgentata,SSP1-2.6,0.624372106790124,Pennahia argentata,Mid-trophic species,11,0.595841737666667,0.0674769023936962,0.028530369123457
93,PennahiaArgentata,SSP5-8.5,0.606291086790123,Pennahia argentata,Mid-trophic species,11,0.595841737666667,0.0250814278589032,0.010449349123456
93,PortunusTrituberculatus,SSP1-2.6,1.01546494296296,Portunus trituberculatus,Invertebrate,8,1.021049644,-0.00791257842123319,-0.00558470103704001
93,PortunusTrituberculatus,SSP5-8.5,0.974012622345679,Portunus trituberculatus,Invertebrate,8,1.021049644,-0.0680406389556529,-0.0470370216543211
93,ScomberJaponicus,SSP1-2.6,0.788146546666667,Scomber japonicus,Mid-trophic species,9,0.802331951,-0.0257353434132143,-0.014185404333333
93,ScomberJaponicus,SSP5-8.5,0.786068014320988,Scomber japonicus,Mid-trophic species,9,0.802331951,-0.0295451036890321,-0.0162639366790119
93,ScomberomorusNiphonius,SSP1-2.6,0.664838618395062,Scomberomorus niphonius,Predator,2,0.658310524666667,0.0142359233148713,0.00652809372839502
93,ScomberomorusNiphonius,SSP5-8.5,0.66720054,Scomberomorus niphonius,Predator,2,0.658310524666667,0.0193521935628689,0.008890015333333
93,TodarodesPacificus,SSP1-2.6,1.00104428345679,Todarodes pacificus,Invertebrate,6,1.01778419733333,-0.0239259000779276,-0.0167399138765398
93,TodarodesPacificus,SSP5-8.5,1.00685590111111,Todarodes pacificus,Invertebrate,6,1.01778419733333,-0.015574473600502,-0.0109282962222199
93,TrachurusJaponicus,SSP1-2.6,0.460264935061728,Trachurus japonicus,Mid-trophic species,14,0.47130305,-0.0341904815585161,-0.011038114938272
93,TrachurusJaponicus,SSP5-8.5,0.463231180246914,Trachurus japonicus,Mid-trophic species,14,0.47130305,-0.0249226527839884,-0.00807186975308599
93,TrachysalambriaCurvirostris,SSP1-2.6,0.827767229753086,Trachysalambria curvirostris,Invertebrate,7,0.911370011666667,-0.138811764686314,-0.083602781913581
93,TrachysalambriaCurvirostris,SSP5-8.5,0.870947881728395,Trachysalambria curvirostris,Invertebrate,7,0.911370011666667,-0.0654505106388888,-0.040422129938272
93,TrichiurusJaponicus,SSP1-2.6,1.21673658691358,Trichiurus japonicus,Predator,3,1.269845032,-0.0616355749616211,-0.0531084450864201
93,TrichiurusJaponicus,SSP5-8.5,1.18048267061728,Trichiurus japonicus,Predator,3,1.269845032,-0.10527558256917,-0.0893623613827201
94,DecapterusMaruadsi,SSP1-2.6,0.535014298395062,Decapterus maruadsi,Mid-trophic species,10,0.54104301,-0.0161658366563078,-0.00602871160493801
94,DecapterusMaruadsi,SSP5-8.5,0.534750739382716,Decapterus maruadsi,Mid-trophic species,10,0.54104301,-0.0168767129223264,-0.00629227061728399
94,EngraulisJaponicus,SSP1-2.6,0.67670736037037,Engraulis japonicus,Prey,1,0.723038672666667,-0.09554073321402,-0.0463313122962969
94,EngraulisJaponicus,SSP5-8.5,0.660913486296296,Engraulis japonicus,Prey,1,0.723038672666667,-0.129611378635397,-0.062125186370371
94,LarimichthysPolyactis,SSP1-2.6,0.871720212592593,Larimichthys polyactis,Mid-trophic species,13,0.875884024333333,-0.00687469369726667,-0.00416381174073999
94,LarimichthysPolyactis,SSP5-8.5,0.876700100864198,Larimichthys polyactis,Mid-trophic species,13,0.875884024333333,0.00134355849996537,0.000816076530865018
94,MiichthysMiiuy,SSP1-2.6,0.579620661604938,Miichthys miiuy,Predator,5,0.582676629666667,-0.00758642416231546,-0.00305596806172903
94,MiichthysMiiuy,SSP5-8.5,0.583629229753086,Miichthys miiuy,Predator,5,0.582676629666667,0.00235669179766584,0.000952600086418953
94,MuraenesoxCinereus,SSP1-2.6,0.705890941851852,Muraenesox cinereus,Predator,4,0.692516522,0.0275968171539867,0.0133744198518519
94,MuraenesoxCinereus,SSP5-8.5,0.702513216049383,Muraenesox cinereus,Predator,4,0.692516522,0.020676875061957,0.00999669404938297
94,PampusArgenteus,SSP1-2.6,0.43531047345679,Pampus argenteus,Mid-trophic species,12,0.440346913333333,-0.0165958217621931,-0.00503643987654295
94,PampusArgenteus,SSP5-8.5,0.435858252222222,Pampus argenteus,Mid-trophic species,12,0.440346913333333,-0.0147815284129265,-0.00448866111111096
94,PennahiaArgentata,SSP1-2.6,0.599334658148148,Pennahia argentata,Mid-trophic species,11,0.600603179,-0.00305030705313307,-0.00126852085185203
94,PennahiaArgentata,SSP5-8.5,0.606672728148148,Pennahia argentata,Mid-trophic species,11,0.600603179,0.014506348020013,0.00606954914814795
94,PortunusTrituberculatus,SSP1-2.6,0.987135230740741,Portunus trituberculatus,Invertebrate,8,0.985333870333333,0.00263508761450437,0.00180136040740808
94,PortunusTrituberculatus,SSP5-8.5,1.01830215580247,Portunus trituberculatus,Invertebrate,8,0.985333870333333,0.0474811537370622,0.0329682854691371
94,ScomberJaponicus,SSP1-2.6,0.792332175802469,Scomber japonicus,Mid-trophic species,9,0.806208327333333,-0.0250472950848647,-0.0138761515308641
94,ScomberJaponicus,SSP5-8.5,0.79096328617284,Scomber japonicus,Mid-trophic species,9,0.806208327333333,-0.0275419536242193,-0.0152450411604931
94,ScomberomorusNiphonius,SSP1-2.6,0.666619972469136,Scomberomorus niphonius,Predator,2,0.664053607666667,0.00556483035279541,0.00256636480246897
94,ScomberomorusNiphonius,SSP5-8.5,0.667813560246914,Scomberomorus niphonius,Predator,2,0.664053607666667,0.00814567620966321,0.00375995258024697
94,TodarodesPacificus,SSP1-2.6,1.00018868567901,Todarodes pacificus,Invertebrate,6,1.03946105966667,-0.0555635226921365,-0.0392723739876599
94,TodarodesPacificus,SSP5-8.5,1.01075207493827,Todarodes pacificus,Invertebrate,6,1.03946105966667,-0.0404065476353224,-0.0287089847284001
94,TrachurusJaponicus,SSP1-2.6,0.461915544814815,Trachurus japonicus,Mid-trophic species,14,0.478315147666667,-0.050332382538649,-0.016399602851852
94,TrachurusJaponicus,SSP5-8.5,0.464932514197531,Trachurus japonicus,Mid-trophic species,14,0.478315147666667,-0.0409401588674902,-0.013382633469136
94,TrachysalambriaCurvirostris,SSP1-2.6,0.863462267160494,Trachysalambria curvirostris,Invertebrate,7,0.828640687666667,0.0593864732938003,0.034821579493827
94,TrachysalambriaCurvirostris,SSP5-8.5,0.857851606419753,Trachysalambria curvirostris,Invertebrate,7,0.828640687666667,0.0499814470313243,0.029210918753086
94,TrichiurusJaponicus,SSP1-2.6,1.13631752024691,Trichiurus japonicus,Predator,3,1.14372374366667,-0.0093726017584725,-0.00740622341976005
94,TrichiurusJaponicus,SSP5-8.5,1.17904377432099,Trichiurus japonicus,Predator,3,1.14372374366667,0.043878658211142,0.03532003065432
95,DecapterusMaruadsi,SSP1-2.6,0.537452715925926,Decapterus maruadsi,Mid-trophic species,10,0.537318029333333,0.000361587214915408,0.000134686592593081
95,DecapterusMaruadsi,SSP5-8.5,0.534135554444445,Decapterus maruadsi,Mid-trophic species,10,0.537318029333333,-0.00857032784554506,-0.0031824748888879
95,EngraulisJaponicus,SSP1-2.6,0.663669452962963,Engraulis japonicus,Prey,1,0.713095506333333,-0.103630440562654,-0.04942605337037
95,EngraulisJaponicus,SSP5-8.5,0.659373737530864,Engraulis japonicus,Prey,1,0.713095506333333,-0.112998886238975,-0.0537217688024689
95,LarimichthysPolyactis,SSP1-2.6,0.874305676666667,Larimichthys polyactis,Mid-trophic species,13,0.834522078666667,0.0671875471380372,0.039783598
95,LarimichthysPolyactis,SSP5-8.5,0.86805372654321,Larimichthys polyactis,Mid-trophic species,13,0.834522078666667,0.0568341193288486,0.0335316478765429
95,MiichthysMiiuy,SSP1-2.6,0.579851901111111,Miichthys miiuy,Predator,5,0.578831753,0.00254040521921369,0.00102014811111095
95,MiichthysMiiuy,SSP5-8.5,0.581231422345679,Miichthys miiuy,Predator,5,0.578831753,0.00596863356461143,0.00239966934567903
95,MuraenesoxCinereus,SSP1-2.6,0.701502586666667,Muraenesox cinereus,Predator,4,0.686496496333333,0.0311960662176338,0.015006090333334
95,MuraenesoxCinereus,SSP5-8.5,0.696979645061728,Muraenesox cinereus,Predator,4,0.686496496333333,0.0218641662093658,0.0104831487283951
95,PampusArgenteus,SSP1-2.6,0.437120542469136,Pampus argenteus,Mid-trophic species,12,0.436799196666667,0.00106097618755088,0.000321345802469009
95,PampusArgenteus,SSP5-8.5,0.436082818518519,Pampus argenteus,Mid-trophic species,12,0.436799196666667,-0.00236805299180909,-0.000716378148148011
95,PennahiaArgentata,SSP1-2.6,0.602211491481481,Pennahia argentata,Mid-trophic species,11,0.556302962333333,0.114399450012901,0.045908529148148
95,PennahiaArgentata,SSP5-8.5,0.620061198518519,Pennahia argentata,Mid-trophic species,11,0.556302962333333,0.156539824971504,0.0637582361851861
95,PortunusTrituberculatus,SSP1-2.6,1.02784635209877,Portunus trituberculatus,Invertebrate,8,1.03552977466667,-0.0107444171003829,-0.00768342256790011
95,PortunusTrituberculatus,SSP5-8.5,0.982678771728395,Portunus trituberculatus,Invertebrate,8,1.03552977466667,-0.0755772405132646,-0.052851002938275
95,ScomberJaponicus,SSP1-2.6,0.784777430864198,Scomber japonicus,Mid-trophic species,9,0.797210515,-0.0226771868772772,-0.0124330841358019
95,ScomberJaponicus,SSP5-8.5,0.789386534567901,Scomber japonicus,Mid-trophic species,9,0.797210515,-0.014228829267084,-0.00782398043209898
95,ScomberomorusNiphonius,SSP1-2.6,0.666306092345679,Scomberomorus niphonius,Predator,2,0.659059485333333,0.0157763991434945,0.00724660701234592
95,ScomberomorusNiphonius,SSP5-8.5,0.667955368765432,Scomberomorus niphonius,Predator,2,0.659059485333333,0.0193430226172934,0.00889588343209902
95,TodarodesPacificus,SSP1-2.6,1.01502757098765,Todarodes pacificus,Invertebrate,6,1.013939849,0.00154684718179652,0.00108772198764995
95,TodarodesPacificus,SSP5-8.5,1.01602083469136,Todarodes pacificus,Invertebrate,6,1.013939849,0.00295791816352932,0.00208098569135995
95,TrachurusJaponicus,SSP1-2.6,0.471816754197531,Trachurus japonicus,Mid-trophic species,14,0.474724077333333,-0.00886257353286857,-0.002907323135802
95,TrachurusJaponicus,SSP5-8.5,0.459877116419753,Trachurus japonicus,Mid-trophic species,14,0.474724077333333,-0.0458408123727895,-0.01484696091358
95,TrachysalambriaCurvirostris,SSP1-2.6,0.88048311691358,Trachysalambria curvirostris,Invertebrate,7,0.952774690333333,-0.113839748783136,-0.0722915734197529
95,TrachysalambriaCurvirostris,SSP5-8.5,0.907353601234568,Trachysalambria curvirostris,Invertebrate,7,0.952774690333333,-0.0704702023241321,-0.045421089098765
95,TrichiurusJaponicus,SSP1-2.6,1.15562244320988,Trichiurus japonicus,Predator,3,1.19750269466667,-0.0513587746721812,-0.04188025145679
95,TrichiurusJaponicus,SSP5-8.5,1.13800550975309,Trichiurus japonicus,Predator,3,1.19750269466667,-0.07352135977756,-0.0594971849135801
96,DecapterusMaruadsi,SSP1-2.6,0.534027953333333,Decapterus maruadsi,Mid-trophic species,10,0.544872284666667,-0.029002848237251,-0.0108443313333341
96,DecapterusMaruadsi,SSP5-8.5,0.530351936049383,Decapterus maruadsi,Mid-trophic species,10,0.544872284666667,-0.0389680740833077,-0.014520348617284
96,EngraulisJaponicus,SSP1-2.6,0.692612196296296,Engraulis japonicus,Prey,1,0.706889638666667,-0.0294372031896027,-0.014277442370371
96,EngraulisJaponicus,SSP5-8.5,0.659687471111111,Engraulis japonicus,Prey,1,0.706889638666667,-0.0997022902673635,-0.047202167555556
96,LarimichthysPolyactis,SSP1-2.6,0.883115190123457,Larimichthys polyactis,Mid-trophic species,13,0.887425597333333,-0.00702453785374218,-0.00431040720987608
96,LarimichthysPolyactis,SSP5-8.5,0.871971911975309,Larimichthys polyactis,Mid-trophic species,13,0.887425597333333,-0.0253445040024544,-0.0154536853580241
96,MiichthysMiiuy,SSP1-2.6,0.579964922098766,Miichthys miiuy,Predator,5,0.584414772333333,-0.0110270011589747,-0.00444985023456701
96,MiichthysMiiuy,SSP5-8.5,0.590013739259259,Miichthys miiuy,Predator,5,0.584414772333333,0.0137559041446051,0.00559896692592599
96,MuraenesoxCinereus,SSP1-2.6,0.703374078641975,Muraenesox cinereus,Predator,4,0.687293791666667,0.0333652409403435,0.0160802869753079
96,MuraenesoxCinereus,SSP5-8.5,0.701413680740741,Muraenesox cinereus,Predator,4,0.687293791666667,0.0293386424063556,0.0141198890740739
96,PampusArgenteus,SSP1-2.6,0.43579548654321,Pampus argenteus,Mid-trophic species,12,0.439800016,-0.0131964018846,-0.00400452945679003
96,PampusArgenteus,SSP5-8.5,0.435337117283951,Pampus argenteus,Mid-trophic species,12,0.439800016,-0.0147146256667244,-0.00446289871604899
96,PennahiaArgentata,SSP1-2.6,0.605093208888889,Pennahia argentata,Mid-trophic species,11,0.593006663666667,0.0291090764886459,0.012086545222222
96,PennahiaArgentata,SSP5-8.5,0.622997528271605,Pennahia argentata,Mid-trophic species,11,0.593006663666667,0.0711781228510703,0.0299908646049381
96,PortunusTrituberculatus,SSP1-2.6,1.00866035641975,Portunus trituberculatus,Invertebrate,8,0.966715558333333,0.0612770955580374,0.041944798086417
96,PortunusTrituberculatus,SSP5-8.5,0.996910396049383,Portunus trituberculatus,Invertebrate,8,0.966715558333333,0.0443723780469404,0.03019483771605
96,ScomberJaponicus,SSP1-2.6,0.792198365555556,Scomber japonicus,Mid-trophic species,9,0.792451655,-0.000461198906737539,-0.000253289444444027
96,ScomberJaponicus,SSP5-8.5,0.786221270864198,Scomber japonicus,Mid-trophic species,9,0.792451655,-0.0113875278610382,-0.00623038413580201
96,ScomberomorusNiphonius,SSP1-2.6,0.66583592654321,Scomberomorus niphonius,Predator,2,0.658171422333333,0.0167033298459378,0.00766450420987697
96,ScomberomorusNiphonius,SSP5-8.5,0.667230895555556,Scomberomorus niphonius,Predator,2,0.658171422333333,0.0197227067856836,0.009059473222223
96,TodarodesPacificus,SSP1-2.6,1.02442230987654,Todarodes pacificus,Invertebrate,6,1.06984203766667,-0.0625872208035975,-0.04541972779013
96,TodarodesPacificus,SSP5-8.5,1.00152476308642,Todarodes pacificus,Invertebrate,6,1.06984203766667,-0.0951997054333931,-0.0683172745802501
96,TrachurusJaponicus,SSP1-2.6,0.461822941358025,Trachurus japonicus,Mid-trophic species,14,0.468407335,-0.0204238261069222,-0.00658439364197499
96,TrachurusJaponicus,SSP5-8.5,0.458612746172839,Trachurus japonicus,Mid-trophic species,14,0.468407335,-0.030487215684973,-0.009794588827161
96,TrachysalambriaCurvirostris,SSP1-2.6,0.874222283827161,Trachysalambria curvirostris,Invertebrate,7,0.882165356,-0.0130489519478878,-0.00794307217283896
96,TrachysalambriaCurvirostris,SSP5-8.5,0.91371040037037,Trachysalambria curvirostris,Invertebrate,7,0.882165356,0.0506878722576514,0.03154504437037
96,TrichiurusJaponicus,SSP1-2.6,1.15612881469136,Trichiurus japonicus,Predator,3,1.22516813133333,-0.0836775952314368,-0.0690393166419701
96,TrichiurusJaponicus,SSP5-8.5,1.14658241123457,Trichiurus japonicus,Predator,3,1.22516813133333,-0.0956396924967959,-0.0785857200987601
97,DecapterusMaruadsi,SSP1-2.6,0.537056672345679,Decapterus maruadsi,Mid-trophic species,10,0.547990263,-0.0290759236601085,-0.010933590654321
97,DecapterusMaruadsi,SSP5-8.5,0.531993710246914,Decapterus maruadsi,Mid-trophic species,10,0.547990263,-0.0427410699275197,-0.015996552753086
97,EngraulisJaponicus,SSP1-2.6,0.664207057407407,Engraulis japonicus,Prey,1,0.707736103666667,-0.0915784652172172,-0.0435290462592599
97,EngraulisJaponicus,SSP5-8.5,0.669635828518519,Engraulis japonicus,Prey,1,0.707736103666667,-0.0798347966195887,-0.038100275148148
97,LarimichthysPolyactis,SSP1-2.6,0.858723815061728,Larimichthys polyactis,Mid-trophic species,13,0.877136867,-0.0306077732913064,-0.018413051938272
97,LarimichthysPolyactis,SSP5-8.5,0.873356774320988,Larimichthys polyactis,Mid-trophic species,13,0.877136867,-0.00623084747108047,-0.00378009267901203
97,MiichthysMiiuy,SSP1-2.6,0.577275024691358,Miichthys miiuy,Predator,5,0.591799853333333,-0.035850529253796,-0.0145248286419749
97,MiichthysMiiuy,SSP5-8.5,0.578536139506173,Miichthys miiuy,Predator,5,0.591799853333333,-0.0327022557854407,-0.01326371382716
97,MuraenesoxCinereus,SSP1-2.6,0.700777861481481,Muraenesox cinereus,Predator,4,0.681844934333333,0.0395135211699214,0.018932927148148
97,MuraenesoxCinereus,SSP5-8.5,0.698343790617284,Muraenesox cinereus,Predator,4,0.681844934333333,0.0344937639494537,0.016498856283951
97,PampusArgenteus,SSP1-2.6,0.436042835432099,Pampus argenteus,Mid-trophic species,12,0.440951608,-0.0161504690293717,-0.00490877256790101
97,PampusArgenteus,SSP5-8.5,0.434953024444445,Pampus argenteus,Mid-trophic species,12,0.440951608,-0.0197607404446938,-0.00599858355555499
97,PennahiaArgentata,SSP1-2.6,0.608692635802469,Pennahia argentata,Mid-trophic species,11,0.604282814666667,0.0104899981461064,0.00440982113580202
97,PennahiaArgentata,SSP5-8.5,0.606932809876543,Pennahia argentata,Mid-trophic species,11,0.604282814666667,0.0063128991575695,0.00264999520987597
97,PortunusTrituberculatus,SSP1-2.6,1.00237115530864,Portunus trituberculatus,Invertebrate,8,0.968803428,0.0491409297514954,0.0335677273086401
97,PortunusTrituberculatus,SSP5-8.5,0.967626673209877,Portunus trituberculatus,Invertebrate,8,0.968803428,-0.00175343123201127,-0.00117675479012291
97,ScomberJaponicus,SSP1-2.6,0.797049544444444,Scomber japonicus,Mid-trophic species,9,0.805455507666667,-0.0151354938559135,-0.00840596322222298
97,ScomberJaponicus,SSP5-8.5,0.781985415432099,Scomber japonicus,Mid-trophic species,9,0.805455507666667,-0.0426631979767443,-0.023470092234568
97,ScomberomorusNiphonius,SSP1-2.6,0.665814861234568,Scomberomorus niphonius,Predator,2,0.660267413,0.0120706277433588,0.00554744823456799
97,ScomberomorusNiphonius,SSP5-8.5,0.66753083691358,Scomberomorus niphonius,Predator,2,0.660267413,0.0157840397603987,0.00726342391357993
97,TodarodesPacificus,SSP1-2.6,1.03815342320988,Todarodes pacificus,Invertebrate,6,1.03014142766667,0.0111772497521424,0.00801199554320986
97,TodarodesPacificus,SSP5-8.5,1.01209128209877,Todarodes pacificus,Invertebrate,6,1.03014142766667,-0.02550300315108,-0.0180501455679001
97,TrachurusJaponicus,SSP1-2.6,0.462408358395062,Trachurus japonicus,Mid-trophic species,14,0.468065518333333,-0.0175430119174649,-0.00565715993827098
97,TrachurusJaponicus,SSP5-8.5,0.460022373333333,Trachurus japonicus,Mid-trophic species,14,0.468065518333333,-0.0250064590355508,-0.00804314499999997
97,TrachysalambriaCurvirostris,SSP1-2.6,0.908020322716049,Trachysalambria curvirostris,Invertebrate,7,0.900616399666667,0.0118118388310516,0.00740392304938209
97,TrachysalambriaCurvirostris,SSP5-8.5,0.844206098765432,Trachysalambria curvirostris,Invertebrate,7,0.900616399666667,-0.0933174967626559,-0.056410300901235
97,TrichiurusJaponicus,SSP1-2.6,1.14011983765432,Trichiurus japonicus,Predator,3,1.26779002666667,-0.153130350288092,-0.12767018901235
97,TrichiurusJaponicus,SSP5-8.5,1.12350933345679,Trichiurus japonicus,Predator,3,1.26779002666667,-0.174303714259267,-0.14428069320988
98,DecapterusMaruadsi,SSP1-2.6,0.533007401111111,Decapterus maruadsi,Mid-trophic species,10,0.543787344333333,-0.0288870098710512,-0.010779943222222
98,DecapterusMaruadsi,SSP5-8.5,0.53438548654321,Decapterus maruadsi,Mid-trophic species,10,0.543787344333333,-0.0251617496665314,-0.00940185779012292
98,EngraulisJaponicus,SSP1-2.6,0.683445028765432,Engraulis japonicus,Prey,1,0.724350289333333,-0.0838622376600453,-0.040905260567901
98,EngraulisJaponicus,SSP5-8.5,0.654595727777778,Engraulis japonicus,Prey,1,0.724350289333333,-0.146083353842508,-0.069754561555555
98,LarimichthysPolyactis,SSP1-2.6,0.868930444691358,Larimichthys polyactis,Mid-trophic species,13,0.824029495666667,0.0765447194158177,0.0449009490246911
98,LarimichthysPolyactis,SSP5-8.5,0.874146498395062,Larimichthys polyactis,Mid-trophic species,13,0.824029495666667,0.0851791027724492,0.050117002728395
98,MiichthysMiiuy,SSP1-2.6,0.576513460740741,Miichthys miiuy,Predator,5,0.578251489333333,-0.00434278356764027,-0.00173802859259209
98,MiichthysMiiuy,SSP5-8.5,0.575955797037037,Miichthys miiuy,Predator,5,0.578251489333333,-0.00573898345267992,-0.002295692296296
98,MuraenesoxCinereus,SSP1-2.6,0.705994311481482,Muraenesox cinereus,Predator,4,0.696917711,0.0186682400712292,0.00907660048148196
98,MuraenesoxCinereus,SSP5-8.5,0.70413319308642,Muraenesox cinereus,Predator,4,0.696917711,0.0148600343176195,0.00721548208641998
98,PampusArgenteus,SSP1-2.6,0.438181249876543,Pampus argenteus,Mid-trophic species,12,0.439308169,-0.00370557522344158,-0.00112691912345703
98,PampusArgenteus,SSP5-8.5,0.435839285679012,Pampus argenteus,Mid-trophic species,12,0.439308169,-0.0114370828542588,-0.00346888332098805
98,PennahiaArgentata,SSP1-2.6,0.602318863703704,Pennahia argentata,Mid-trophic species,11,0.584791288,0.0426056239021018,0.017527575703704
98,PennahiaArgentata,SSP5-8.5,0.615207932469136,Pennahia argentata,Mid-trophic species,11,0.584791288,0.0731522867540899,0.0304166444691359
98,PortunusTrituberculatus,SSP1-2.6,1.03263425567901,Portunus trituberculatus,Invertebrate,8,0.993066108333333,0.0563676965126126,0.039568147345677
98,PortunusTrituberculatus,SSP5-8.5,1.00427953185185,Portunus trituberculatus,Invertebrate,8,0.993066108333333,0.0161992197495202,0.0112134235185171
98,ScomberJaponicus,SSP1-2.6,0.791830476049383,Scomber japonicus,Mid-trophic species,9,0.795506917666667,-0.00668288114995387,-0.00367644161728409
98,ScomberJaponicus,SSP5-8.5,0.789633297901235,Scomber japonicus,Mid-trophic species,9,0.795506917666667,-0.0106916483566774,-0.00587361976543199
98,ScomberomorusNiphonius,SSP1-2.6,0.666860332716049,Scomberomorus niphonius,Predator,2,0.663798201333333,0.00663991466710014,0.00306213138271605
98,ScomberomorusNiphonius,SSP5-8.5,0.670676701851852,Scomberomorus niphonius,Predator,2,0.663798201333333,0.0148727659835907,0.00687850051851902
98,TodarodesPacificus,SSP1-2.6,1.01708987308642,Todarodes pacificus,Invertebrate,6,0.992998103666667,0.0345842979058601,0.024091769419753
98,TodarodesPacificus,SSP5-8.5,1.00907545271605,Todarodes pacificus,Invertebrate,6,0.992998103666667,0.0231711869641101,0.016077349049383
98,TrachurusJaponicus,SSP1-2.6,0.465963762592593,Trachurus japonicus,Mid-trophic species,14,0.473096189,-0.0219157766577664,-0.00713242640740702
98,TrachurusJaponicus,SSP5-8.5,0.459733205061728,Trachurus japonicus,Mid-trophic species,14,0.473096189,-0.0413366681718039,-0.013362983938272
98,TrachysalambriaCurvirostris,SSP1-2.6,0.866399480740741,Trachysalambria curvirostris,Invertebrate,7,0.914253954,-0.0775625827061058,-0.047854473259259
98,TrachysalambriaCurvirostris,SSP5-8.5,0.873391514567901,Trachysalambria curvirostris,Invertebrate,7,0.914253954,-0.0659664463142817,-0.040862439432099
98,TrichiurusJaponicus,SSP1-2.6,1.16211442407407,Trichiurus japonicus,Predator,3,1.27461699666667,-0.133311677601892,-0.1125025725926
98,TrichiurusJaponicus,SSP5-8.5,1.10185615703704,Trichiurus japonicus,Predator,3,1.27461699666667,-0.210127905861744,-0.17276083962963
99,DecapterusMaruadsi,SSP1-2.6,0.53453329345679,Decapterus maruadsi,Mid-trophic species,10,0.541494404,-0.0186666194341694,-0.00696111054321003
99,DecapterusMaruadsi,SSP5-8.5,0.534069428148148,Decapterus maruadsi,Mid-trophic species,10,0.541494404,-0.0199191264864569,-0.00742497585185209
99,EngraulisJaponicus,SSP1-2.6,0.683433890864198,Engraulis japonicus,Prey,1,0.713529959333333,-0.0621722146447999,-0.0300960684691349
99,EngraulisJaponicus,SSP5-8.5,0.657255062345679,Engraulis japonicus,Prey,1,0.713529959333333,-0.118520657228701,-0.056274896987654
99,LarimichthysPolyactis,SSP1-2.6,0.847638197901235,Larimichthys polyactis,Mid-trophic species,13,0.875183495666667,-0.0461369291700844,-0.027545297765432
99,LarimichthysPolyactis,SSP5-8.5,0.892679234444444,Larimichthys polyactis,Mid-trophic species,13,0.875183495666667,0.0285563344245359,0.017495738777777
99,MiichthysMiiuy,SSP1-2.6,0.57971188962963,Miichthys miiuy,Predator,5,0.578641009333333,0.0026675016471758,0.00107088029629709
99,MiichthysMiiuy,SSP5-8.5,0.58748120617284,Miichthys miiuy,Predator,5,0.578641009333333,0.0218741265626079,0.0088401968395071
99,MuraenesoxCinereus,SSP1-2.6,0.699322477407407,Muraenesox cinereus,Predator,4,0.690786247333333,0.0177185156442182,0.008536230074074
99,MuraenesoxCinereus,SSP5-8.5,0.699781145925926,Muraenesox cinereus,Predator,4,0.690786247333333,0.0186644338875118,0.00899489859259295
99,PampusArgenteus,SSP1-2.6,0.436024403580247,Pampus argenteus,Mid-trophic species,12,0.441974561,-0.019554451357327,-0.00595015741975297
99,PampusArgenteus,SSP5-8.5,0.434523601728395,Pampus argenteus,Mid-trophic species,12,0.441974561,-0.024528792854583,-0.007450959271605
99,PennahiaArgentata,SSP1-2.6,0.599845675061728,Pennahia argentata,Mid-trophic species,11,0.611453334333333,-0.0276510175816313,-0.011607659271605
99,PennahiaArgentata,SSP5-8.5,0.608416884814815,Pennahia argentata,Mid-trophic species,11,0.611453334333333,-0.00718220617399339,-0.003036449518518
99,PortunusTrituberculatus,SSP1-2.6,1.00428753506173,Portunus trituberculatus,Invertebrate,8,0.962211814333333,0.06174596435653,0.0420757207283969
99,PortunusTrituberculatus,SSP5-8.5,1.00002518395062,Portunus trituberculatus,Invertebrate,8,0.962211814333333,0.0556099138071197,0.037813369617287
99,ScomberJaponicus,SSP1-2.6,0.792098582716049,Scomber japonicus,Mid-trophic species,9,0.797612953333333,-0.0100088435811953,-0.00551437061728399
99,ScomberJaponicus,SSP5-8.5,0.784809187283951,Scomber japonicus,Mid-trophic species,9,0.797612953333333,-0.0233469090632233,-0.012803766049382
99,ScomberomorusNiphonius,SSP1-2.6,0.664808362592593,Scomberomorus niphonius,Predator,2,0.65975413,0.0110100530966107,0.00505423259259297
99,ScomberomorusNiphonius,SSP5-8.5,0.668198431975309,Scomberomorus niphonius,Predator,2,0.65975413,0.0183481204656623,0.00844430197530899
99,TodarodesPacificus,SSP1-2.6,0.996362899012346,Todarodes pacificus,Invertebrate,6,1.048632352,-0.0737657542306003,-0.0522694529876541
99,TodarodesPacificus,SSP5-8.5,0.996808756296296,Todarodes pacificus,Invertebrate,6,1.048632352,-0.0731203144848418,-0.0518235957037041
99,TrachurusJaponicus,SSP1-2.6,0.462815560246914,Trachurus japonicus,Mid-trophic species,14,0.477009072666667,-0.0435793365357449,-0.014193512419753
99,TrachurusJaponicus,SSP5-8.5,0.459957250740741,Trachurus japonicus,Mid-trophic species,14,0.477009072666667,-0.0525169257001337,-0.017051821925926
99,TrachysalambriaCurvirostris,SSP1-2.6,0.875107909382716,Trachysalambria curvirostris,Invertebrate,7,0.826189129666667,0.0829888478577898,0.048918779716049
99,TrachysalambriaCurvirostris,SSP5-8.5,0.856243692839506,Trachysalambria curvirostris,Invertebrate,7,0.826189129666667,0.0515493774952714,0.0300545631728389
99,TrichiurusJaponicus,SSP1-2.6,1.18567071777778,Trichiurus japonicus,Predator,3,1.272031631,-0.101431142893769,-0.0863609132222198
99,TrichiurusJaponicus,SSP5-8.5,1.10609655037037,Trichiurus japonicus,Predator,3,1.272031631,-0.20165722299431,-0.16593508062963
100,DecapterusMaruadsi,SSP1-2.6,0.535377159753086,Decapterus maruadsi,Mid-trophic species,10,0.543460327333333,-0.0216191301198334,-0.00808316758024708
100,DecapterusMaruadsi,SSP5-8.5,0.531200538024691,Decapterus maruadsi,Mid-trophic species,10,0.543460327333333,-0.0329181142774171,-0.012259789308642
100,EngraulisJaponicus,SSP1-2.6,0.679604321358025,Engraulis japonicus,Prey,1,0.721540968,-0.086386284947569,-0.0419366466419751
100,EngraulisJaponicus,SSP5-8.5,0.664545141111111,Engraulis japonicus,Prey,1,0.721540968,-0.118714109097434,-0.0569958268888891
100,LarimichthysPolyactis,SSP1-2.6,0.864353519259259,Larimichthys polyactis,Mid-trophic species,13,0.864332218,3.55544335640175e-05,2.13012592589212e-05
100,LarimichthysPolyactis,SSP5-8.5,0.874976855925926,Larimichthys polyactis,Mid-trophic species,13,0.864332218,0.0176589179155861,0.010644637925926
100,MiichthysMiiuy,SSP1-2.6,0.583825693209877,Miichthys miiuy,Predator,5,0.583652323333333,0.000428478925382803,0.000173369876544038
100,MiichthysMiiuy,SSP5-8.5,0.58898303617284,Miichthys miiuy,Predator,5,0.583652323333333,0.0131168583528729,0.00533071283950704
100,MuraenesoxCinereus,SSP1-2.6,0.70520014617284,Muraenesox cinereus,Predator,4,0.687219865333333,0.0372610329087881,0.017980280839507
100,MuraenesoxCinereus,SSP5-8.5,0.698212750987654,Muraenesox cinereus,Predator,4,0.687219865333333,0.0228949633068532,0.010992885654321
100,PampusArgenteus,SSP1-2.6,0.436387435185185,Pampus argenteus,Mid-trophic species,12,0.440044333,-0.0120393147551355,-0.00365689781481499
100,PampusArgenteus,SSP5-8.5,0.434122222716049,Pampus argenteus,Mid-trophic species,12,0.440044333,-0.0195476017508147,-0.00592211028395101
100,PennahiaArgentata,SSP1-2.6,0.595593414567901,Pennahia argentata,Mid-trophic species,11,0.590981176,0.0112156239891891,0.00461223856790105
100,PennahiaArgentata,SSP5-8.5,0.609530415802469,Pennahia argentata,Mid-trophic species,11,0.590981176,0.0445860354326189,0.018549239802469
100,PortunusTrituberculatus,SSP1-2.6,0.967453186419753,Portunus trituberculatus,Invertebrate,8,1.01205084566667,-0.0650180149310711,-0.0445976592469169
100,PortunusTrituberculatus,SSP5-8.5,0.995843310740741,Portunus trituberculatus,Invertebrate,8,1.01205084566667,-0.0232911062994203,-0.016207534925929
100,ScomberJaponicus,SSP1-2.6,0.791218292592593,Scomber japonicus,Mid-trophic species,9,0.790273417666667,0.0017238996869192,0.000944874925925987
100,ScomberJaponicus,SSP5-8.5,0.787236189382716,Scomber japonicus,Mid-trophic species,9,0.790273417666667,-0.00555533808228571,-0.00303722828395103
100,ScomberomorusNiphonius,SSP1-2.6,0.66417333654321,Scomberomorus niphonius,Predator,2,0.658771437333333,0.0117818017318634,0.00540189920987699
100,ScomberomorusNiphonius,SSP5-8.5,0.668205442962963,Scomberomorus niphonius,Predator,2,0.658771437333333,0.0205137295945374,0.00943400562963004
100,TodarodesPacificus,SSP1-2.6,1.01612037814815,Todarodes pacificus,Invertebrate,6,1.02260968366667,-0.00918426689584482,-0.00648930551852001
100,TodarodesPacificus,SSP5-8.5,1.00540219271605,Todarodes pacificus,Invertebrate,6,1.02260968366667,-0.0244828523212053,-0.0172074909506201
100,TrachurusJaponicus,SSP1-2.6,0.467746810246914,Trachurus japonicus,Mid-trophic species,14,0.476761818666667,-0.0275408874246556,-0.009015008419753
100,TrachurusJaponicus,SSP5-8.5,0.465352528518519,Trachurus japonicus,Mid-trophic species,14,0.476761818666667,-0.0349446563772528,-0.011409290148148
100,TrachysalambriaCurvirostris,SSP1-2.6,0.897617619753086,Trachysalambria curvirostris,Invertebrate,7,0.975459356333333,-0.119980766937476,-0.0778417365802471
100,TrachysalambriaCurvirostris,SSP5-8.5,0.81046286345679,Trachysalambria curvirostris,Invertebrate,7,0.975459356333333,-0.267335681542552,-0.164996492876543
100,TrichiurusJaponicus,SSP1-2.6,1.16753763419753,Trichiurus japonicus,Predator,3,1.21697641633333,-0.0598321562205676,-0.0494387821358
100,TrichiurusJaponicus,SSP5-8.5,1.15493279382716,Trichiurus japonicus,Predator,3,1.21697641633333,-0.0754923076088002,-0.06204362250617
