scenario,run,species,latin,group,species_order,mean_tl
Base,1,EngraulisJaponicus,Engraulis japonicus,Prey,1,2.32749518333333
Base,2,EngraulisJaponicus,Engraulis japonicus,Prey,1,2.33347561
Base,3,EngraulisJaponicus,Engraulis japonicus,Prey,1,2.32897034666667
Base,4,EngraulisJaponicus,Engraulis japonicus,Prey,1,2.32917078333333
Base,5,EngraulisJaponicus,Engraulis japonicus,Prey,1,2.34277879
Base,6,EngraulisJaponicus,Engraulis japonicus,Prey,1,2.32869032333333
Base,7,EngraulisJaponicus,Engraulis japonicus,Prey,1,2.33645711333333
Base,8,EngraulisJaponicus,Engraulis japonicus,Prey,1,2.33109403333333
Base,9,EngraulisJaponicus,Engraulis japonicus,Prey,1,2.33364341666667
Base,10,EngraulisJaponicus,Engraulis japonicus,Prey,1,2.33292626
Base,11,EngraulisJaponicus,Engraulis japonicus,Prey,1,2.33344172
Base,12,EngraulisJaponicus,Engraulis japonicus,Prey,1,2.33124006
Base,13,EngraulisJaponicus,Engraulis japonicus,Prey,1,2.33652750666667
Base,14,EngraulisJaponicus,Engraulis japonicus,Prey,1,2.33260880666667
Base,15,EngraulisJaponicus,Engraulis japonicus,Prey,1,2.33169751666667
Base,16,EngraulisJaponicus,Engraulis japonicus,Prey,1,2.3324418
Base,17,EngraulisJaponicus,Engraulis japonicus,Prey,1,2.33267065666667
Base,18,EngraulisJaponicus,Engraulis japonicus,Prey,1,2.33616886666667
Base,19,EngraulisJaponicus,Engraulis japonicus,Prey,1,2.33557980333333
Base,20,EngraulisJaponicus,Engraulis japonicus,Prey,1,2.33692436333333
Base,21,EngraulisJaponicus,Engraulis japonicus,Prey,1,2.33147572333333
Base,22,EngraulisJaponicus,Engraulis japonicus,Prey,1,2.32750515333333
Base,23,EngraulisJaponicus,Engraulis japonicus,Prey,1,2.33658341333333
Base,24,EngraulisJaponicus,Engraulis japonicus,Prey,1,2.32797258666667
Base,25,EngraulisJaponicus,Engraulis japonicus,Prey,1,2.33233328
Base,26,EngraulisJaponicus,Engraulis japonicus,Prey,1,2.33856710666667
Base,27,EngraulisJaponicus,Engraulis japonicus,Prey,1,2.33440732
Base,28,EngraulisJaponicus,Engraulis japonicus,Prey,1,2.33756622
Base,29,EngraulisJaponicus,Engraulis japonicus,Prey,1,2.33265377
Base,30,EngraulisJaponicus,Engraulis japonicus,Prey,1,2.3274071
Base,31,EngraulisJaponicus,Engraulis japonicus,Prey,1,2.33141169666667
Base,32,EngraulisJaponicus,Engraulis japonicus,Prey,1,2.33406928666667
Base,33,EngraulisJaponicus,Engraulis japonicus,Prey,1,2.34032545333333
Base,34,EngraulisJaponicus,Engraulis japonicus,Prey,1,2.34021191333333
Base,35,EngraulisJaponicus,Engraulis japonicus,Prey,1,2.34254041666667
Base,36,EngraulisJaponicus,Engraulis japonicus,Prey,1,2.33299236666667
Base,37,EngraulisJaponicus,Engraulis japonicus,Prey,1,2.33409331333333
Base,38,EngraulisJaponicus,Engraulis japonicus,Prey,1,2.34117781666667
Base,39,EngraulisJaponicus,Engraulis japonicus,Prey,1,2.33612385
Base,40,EngraulisJaponicus,Engraulis japonicus,Prey,1,2.32730762666667
Base,41,EngraulisJaponicus,Engraulis japonicus,Prey,1,2.33376345333333
Base,42,EngraulisJaponicus,Engraulis japonicus,Prey,1,2.33719371666667
Base,43,EngraulisJaponicus,Engraulis japonicus,Prey,1,2.33726543666667
Base,44,EngraulisJaponicus,Engraulis japonicus,Prey,1,2.33669804333333
Base,45,EngraulisJaponicus,Engraulis japonicus,Prey,1,2.33945139333333
Base,46,EngraulisJaponicus,Engraulis japonicus,Prey,1,2.33413829666667
Base,47,EngraulisJaponicus,Engraulis japonicus,Prey,1,2.33380745666667
Base,48,EngraulisJaponicus,Engraulis japonicus,Prey,1,2.34154040333333
Base,49,EngraulisJaponicus,Engraulis japonicus,Prey,1,2.33768685
Base,50,EngraulisJaponicus,Engraulis japonicus,Prey,1,2.33614895
Base,51,EngraulisJaponicus,Engraulis japonicus,Prey,1,2.33873566
Base,52,EngraulisJaponicus,Engraulis japonicus,Prey,1,2.33294828
Base,53,EngraulisJaponicus,Engraulis japonicus,Prey,1,2.33163245333333
Base,54,EngraulisJaponicus,Engraulis japonicus,Prey,1,2.33616451
Base,55,EngraulisJaponicus,Engraulis japonicus,Prey,1,2.33410170333333
Base,56,EngraulisJaponicus,Engraulis japonicus,Prey,1,2.33232894333333
Base,57,EngraulisJaponicus,Engraulis japonicus,Prey,1,2.33372464333333
Base,58,EngraulisJaponicus,Engraulis japonicus,Prey,1,2.33607728
Base,59,EngraulisJaponicus,Engraulis japonicus,Prey,1,2.33638058
Base,60,EngraulisJaponicus,Engraulis japonicus,Prey,1,2.33399975666667
Base,61,EngraulisJaponicus,Engraulis japonicus,Prey,1,2.33406985
Base,62,EngraulisJaponicus,Engraulis japonicus,Prey,1,2.33421328666667
Base,63,EngraulisJaponicus,Engraulis japonicus,Prey,1,2.33788505333333
Base,64,EngraulisJaponicus,Engraulis japonicus,Prey,1,2.33718292333333
Base,65,EngraulisJaponicus,Engraulis japonicus,Prey,1,2.33974743666667
Base,66,EngraulisJaponicus,Engraulis japonicus,Prey,1,2.33766273666667
Base,67,EngraulisJaponicus,Engraulis japonicus,Prey,1,2.33185266333333
Base,68,EngraulisJaponicus,Engraulis japonicus,Prey,1,2.33311248333333
Base,69,EngraulisJaponicus,Engraulis japonicus,Prey,1,2.33271733333333
Base,70,EngraulisJaponicus,Engraulis japonicus,Prey,1,2.34004607
Base,71,EngraulisJaponicus,Engraulis japonicus,Prey,1,2.34650184333333
Base,72,EngraulisJaponicus,Engraulis japonicus,Prey,1,2.33092407666667
Base,73,EngraulisJaponicus,Engraulis japonicus,Prey,1,2.32470350666667
Base,74,EngraulisJaponicus,Engraulis japonicus,Prey,1,2.33169792666667
Base,75,EngraulisJaponicus,Engraulis japonicus,Prey,1,2.33033204
Base,76,EngraulisJaponicus,Engraulis japonicus,Prey,1,2.33307616666667
Base,77,EngraulisJaponicus,Engraulis japonicus,Prey,1,2.34274558333333
Base,78,EngraulisJaponicus,Engraulis japonicus,Prey,1,2.33430386666667
Base,79,EngraulisJaponicus,Engraulis japonicus,Prey,1,2.33593742666667
Base,80,EngraulisJaponicus,Engraulis japonicus,Prey,1,2.33642874666667
Base,81,EngraulisJaponicus,Engraulis japonicus,Prey,1,2.33195711333333
Base,82,EngraulisJaponicus,Engraulis japonicus,Prey,1,2.33180191333333
Base,83,EngraulisJaponicus,Engraulis japonicus,Prey,1,2.34060004333333
Base,84,EngraulisJaponicus,Engraulis japonicus,Prey,1,2.33896533
Base,85,EngraulisJaponicus,Engraulis japonicus,Prey,1,2.33139126666667
Base,86,EngraulisJaponicus,Engraulis japonicus,Prey,1,2.34034957333333
Base,87,EngraulisJaponicus,Engraulis japonicus,Prey,1,2.32953980666667
Base,88,EngraulisJaponicus,Engraulis japonicus,Prey,1,2.33726234
Base,89,EngraulisJaponicus,Engraulis japonicus,Prey,1,2.34067931666667
Base,90,EngraulisJaponicus,Engraulis japonicus,Prey,1,2.34094758666667
Base,91,EngraulisJaponicus,Engraulis japonicus,Prey,1,2.33431463
Base,92,EngraulisJaponicus,Engraulis japonicus,Prey,1,2.3376895
Base,93,EngraulisJaponicus,Engraulis japonicus,Prey,1,2.33084508333333
Base,94,EngraulisJaponicus,Engraulis japonicus,Prey,1,2.32979809666667
Base,95,EngraulisJaponicus,Engraulis japonicus,Prey,1,2.33384445666667
Base,96,EngraulisJaponicus,Engraulis japonicus,Prey,1,2.32849593666667
Base,97,EngraulisJaponicus,Engraulis japonicus,Prey,1,2.33022979
Base,98,EngraulisJaponicus,Engraulis japonicus,Prey,1,2.33059886
Base,99,EngraulisJaponicus,Engraulis japonicus,Prey,1,2.33482506
Base,100,EngraulisJaponicus,Engraulis japonicus,Prey,1,2.33526103333333
Base,1,ScomberomorusNiphonius,Scomberomorus niphonius,Predator,2,3.09056775666667
Base,2,ScomberomorusNiphonius,Scomberomorus niphonius,Predator,2,3.08600794666667
Base,3,ScomberomorusNiphonius,Scomberomorus niphonius,Predator,2,3.09044139333333
Base,4,ScomberomorusNiphonius,Scomberomorus niphonius,Predator,2,3.08761304
Base,5,ScomberomorusNiphonius,Scomberomorus niphonius,Predator,2,3.0873032
Base,6,ScomberomorusNiphonius,Scomberomorus niphonius,Predator,2,3.09280513333333
Base,7,ScomberomorusNiphonius,Scomberomorus niphonius,Predator,2,3.10158205333333
Base,8,ScomberomorusNiphonius,Scomberomorus niphonius,Predator,2,3.09672401
Base,9,ScomberomorusNiphonius,Scomberomorus niphonius,Predator,2,3.09337509
Base,10,ScomberomorusNiphonius,Scomberomorus niphonius,Predator,2,3.08799325333333
Base,11,ScomberomorusNiphonius,Scomberomorus niphonius,Predator,2,3.09298168
Base,12,ScomberomorusNiphonius,Scomberomorus niphonius,Predator,2,3.08954858
Base,13,ScomberomorusNiphonius,Scomberomorus niphonius,Predator,2,3.0906109
Base,14,ScomberomorusNiphonius,Scomberomorus niphonius,Predator,2,3.10044045666667
Base,15,ScomberomorusNiphonius,Scomberomorus niphonius,Predator,2,3.09295061
Base,16,ScomberomorusNiphonius,Scomberomorus niphonius,Predator,2,3.09879766666667
Base,17,ScomberomorusNiphonius,Scomberomorus niphonius,Predator,2,3.09426873333333
Base,18,ScomberomorusNiphonius,Scomberomorus niphonius,Predator,2,3.09037484333333
Base,19,ScomberomorusNiphonius,Scomberomorus niphonius,Predator,2,3.10149348666667
Base,20,ScomberomorusNiphonius,Scomberomorus niphonius,Predator,2,3.08175659
Base,21,ScomberomorusNiphonius,Scomberomorus niphonius,Predator,2,3.09951773666667
Base,22,ScomberomorusNiphonius,Scomberomorus niphonius,Predator,2,3.09134455333333
Base,23,ScomberomorusNiphonius,Scomberomorus niphonius,Predator,2,3.09064853
Base,24,ScomberomorusNiphonius,Scomberomorus niphonius,Predator,2,3.09010872666667
Base,25,ScomberomorusNiphonius,Scomberomorus niphonius,Predator,2,3.09094396333333
Base,26,ScomberomorusNiphonius,Scomberomorus niphonius,Predator,2,3.09157570666667
Base,27,ScomberomorusNiphonius,Scomberomorus niphonius,Predator,2,3.09201043333333
Base,28,ScomberomorusNiphonius,Scomberomorus niphonius,Predator,2,3.08607957666667
Base,29,ScomberomorusNiphonius,Scomberomorus niphonius,Predator,2,3.09249622333333
Base,30,ScomberomorusNiphonius,Scomberomorus niphonius,Predator,2,3.09889568666667
Base,31,ScomberomorusNiphonius,Scomberomorus niphonius,Predator,2,3.09157112666667
Base,32,ScomberomorusNiphonius,Scomberomorus niphonius,Predator,2,3.09740536
Base,33,ScomberomorusNiphonius,Scomberomorus niphonius,Predator,2,3.09999892666667
Base,34,ScomberomorusNiphonius,Scomberomorus niphonius,Predator,2,3.10489271
Base,35,ScomberomorusNiphonius,Scomberomorus niphonius,Predator,2,3.10080773333333
Base,36,ScomberomorusNiphonius,Scomberomorus niphonius,Predator,2,3.09547545
Base,37,ScomberomorusNiphonius,Scomberomorus niphonius,Predator,2,3.09581219
Base,38,ScomberomorusNiphonius,Scomberomorus niphonius,Predator,2,3.09085220666667
Base,39,ScomberomorusNiphonius,Scomberomorus niphonius,Predator,2,3.10369944
Base,40,ScomberomorusNiphonius,Scomberomorus niphonius,Predator,2,3.09682466333333
Base,41,ScomberomorusNiphonius,Scomberomorus niphonius,Predator,2,3.09196226
Base,42,ScomberomorusNiphonius,Scomberomorus niphonius,Predator,2,3.08693634666667
Base,43,ScomberomorusNiphonius,Scomberomorus niphonius,Predator,2,3.09659831
Base,44,ScomberomorusNiphonius,Scomberomorus niphonius,Predator,2,3.08920716666667
Base,45,ScomberomorusNiphonius,Scomberomorus niphonius,Predator,2,3.09314927
Base,46,ScomberomorusNiphonius,Scomberomorus niphonius,Predator,2,3.09816190666667
Base,47,ScomberomorusNiphonius,Scomberomorus niphonius,Predator,2,3.09218113666667
Base,48,ScomberomorusNiphonius,Scomberomorus niphonius,Predator,2,3.09556255666667
Base,49,ScomberomorusNiphonius,Scomberomorus niphonius,Predator,2,3.09022867
Base,50,ScomberomorusNiphonius,Scomberomorus niphonius,Predator,2,3.09485773333333
Base,51,ScomberomorusNiphonius,Scomberomorus niphonius,Predator,2,3.10704107333333
Base,52,ScomberomorusNiphonius,Scomberomorus niphonius,Predator,2,3.09604170333333
Base,53,ScomberomorusNiphonius,Scomberomorus niphonius,Predator,2,3.08972669666667
Base,54,ScomberomorusNiphonius,Scomberomorus niphonius,Predator,2,3.09229220333333
Base,55,ScomberomorusNiphonius,Scomberomorus niphonius,Predator,2,3.10031640333333
Base,56,ScomberomorusNiphonius,Scomberomorus niphonius,Predator,2,3.08978449666667
Base,57,ScomberomorusNiphonius,Scomberomorus niphonius,Predator,2,3.09312418
Base,58,ScomberomorusNiphonius,Scomberomorus niphonius,Predator,2,3.09765162333333
Base,59,ScomberomorusNiphonius,Scomberomorus niphonius,Predator,2,3.09574094666667
Base,60,ScomberomorusNiphonius,Scomberomorus niphonius,Predator,2,3.10127373666667
Base,61,ScomberomorusNiphonius,Scomberomorus niphonius,Predator,2,3.09373774333333
Base,62,ScomberomorusNiphonius,Scomberomorus niphonius,Predator,2,3.08766751
Base,63,ScomberomorusNiphonius,Scomberomorus niphonius,Predator,2,3.09176712
Base,64,ScomberomorusNiphonius,Scomberomorus niphonius,Predator,2,3.10015086
Base,65,ScomberomorusNiphonius,Scomberomorus niphonius,Predator,2,3.09051579
Base,66,ScomberomorusNiphonius,Scomberomorus niphonius,Predator,2,3.08874103666667
Base,67,ScomberomorusNiphonius,Scomberomorus niphonius,Predator,2,3.10627312666667
Base,68,ScomberomorusNiphonius,Scomberomorus niphonius,Predator,2,3.10132673
Base,69,ScomberomorusNiphonius,Scomberomorus niphonius,Predator,2,3.09677168333333
Base,70,ScomberomorusNiphonius,Scomberomorus niphonius,Predator,2,3.09971769333333
Base,71,ScomberomorusNiphonius,Scomberomorus niphonius,Predator,2,3.09568752666667
Base,72,ScomberomorusNiphonius,Scomberomorus niphonius,Predator,2,3.09288243333333
Base,73,ScomberomorusNiphonius,Scomberomorus niphonius,Predator,2,3.08661475333333
Base,74,ScomberomorusNiphonius,Scomberomorus niphonius,Predator,2,3.09034049666667
Base,75,ScomberomorusNiphonius,Scomberomorus niphonius,Predator,2,3.10141623333333
Base,76,ScomberomorusNiphonius,Scomberomorus niphonius,Predator,2,3.09312092
Base,77,ScomberomorusNiphonius,Scomberomorus niphonius,Predator,2,3.08756646333333
Base,78,ScomberomorusNiphonius,Scomberomorus niphonius,Predator,2,3.09502461333333
Base,79,ScomberomorusNiphonius,Scomberomorus niphonius,Predator,2,3.09785716333333
Base,80,ScomberomorusNiphonius,Scomberomorus niphonius,Predator,2,3.08913283666667
Base,81,ScomberomorusNiphonius,Scomberomorus niphonius,Predator,2,3.09083695666667
Base,82,ScomberomorusNiphonius,Scomberomorus niphonius,Predator,2,3.09446288333333
Base,83,ScomberomorusNiphonius,Scomberomorus niphonius,Predator,2,3.08628123666667
Base,84,ScomberomorusNiphonius,Scomberomorus niphonius,Predator,2,3.08386195333333
Base,85,ScomberomorusNiphonius,Scomberomorus niphonius,Predator,2,3.08609295333333
Base,86,ScomberomorusNiphonius,Scomberomorus niphonius,Predator,2,3.10649285
Base,87,ScomberomorusNiphonius,Scomberomorus niphonius,Predator,2,3.08269546333333
Base,88,ScomberomorusNiphonius,Scomberomorus niphonius,Predator,2,3.09732119333333
Base,89,ScomberomorusNiphonius,Scomberomorus niphonius,Predator,2,3.09190886333333
Base,90,ScomberomorusNiphonius,Scomberomorus niphonius,Predator,2,3.09504989333333
Base,91,ScomberomorusNiphonius,Scomberomorus niphonius,Predator,2,3.09744978666667
Base,92,ScomberomorusNiphonius,Scomberomorus niphonius,Predator,2,3.09247904
Base,93,ScomberomorusNiphonius,Scomberomorus niphonius,Predator,2,3.09971840666667
Base,94,ScomberomorusNiphonius,Scomberomorus niphonius,Predator,2,3.07567271333333
Base,95,ScomberomorusNiphonius,Scomberomorus niphonius,Predator,2,3.08538000666667
Base,96,ScomberomorusNiphonius,Scomberomorus niphonius,Predator,2,3.09969574333333
Base,97,ScomberomorusNiphonius,Scomberomorus niphonius,Predator,2,3.09625187
Base,98,ScomberomorusNiphonius,Scomberomorus niphonius,Predator,2,3.08858646
Base,99,ScomberomorusNiphonius,Scomberomorus niphonius,Predator,2,3.09514346666667
Base,100,ScomberomorusNiphonius,Scomberomorus niphonius,Predator,2,3.08227238666667
Base,1,TrichiurusJaponicus,Trichiurus japonicus,Predator,3,2.78897464333333
Base,2,TrichiurusJaponicus,Trichiurus japonicus,Predator,3,2.78503295
Base,3,TrichiurusJaponicus,Trichiurus japonicus,Predator,3,2.79084622
Base,4,TrichiurusJaponicus,Trichiurus japonicus,Predator,3,2.78916273333333
Base,5,TrichiurusJaponicus,Trichiurus japonicus,Predator,3,2.77923071333333
Base,6,TrichiurusJaponicus,Trichiurus japonicus,Predator,3,2.78505767333333
Base,7,TrichiurusJaponicus,Trichiurus japonicus,Predator,3,2.78535148666667
Base,8,TrichiurusJaponicus,Trichiurus japonicus,Predator,3,2.78171061
Base,9,TrichiurusJaponicus,Trichiurus japonicus,Predator,3,2.78582725333333
Base,10,TrichiurusJaponicus,Trichiurus japonicus,Predator,3,2.78251028666667
Base,11,TrichiurusJaponicus,Trichiurus japonicus,Predator,3,2.77902304
Base,12,TrichiurusJaponicus,Trichiurus japonicus,Predator,3,2.79002464
Base,13,TrichiurusJaponicus,Trichiurus japonicus,Predator,3,2.78599556
Base,14,TrichiurusJaponicus,Trichiurus japonicus,Predator,3,2.78643211333333
Base,15,TrichiurusJaponicus,Trichiurus japonicus,Predator,3,2.78819271
Base,16,TrichiurusJaponicus,Trichiurus japonicus,Predator,3,2.77802417
Base,17,TrichiurusJaponicus,Trichiurus japonicus,Predator,3,2.78412614333333
Base,18,TrichiurusJaponicus,Trichiurus japonicus,Predator,3,2.78350145
Base,19,TrichiurusJaponicus,Trichiurus japonicus,Predator,3,2.78358099
Base,20,TrichiurusJaponicus,Trichiurus japonicus,Predator,3,2.78405887333333
Base,21,TrichiurusJaponicus,Trichiurus japonicus,Predator,3,2.78309306666667
Base,22,TrichiurusJaponicus,Trichiurus japonicus,Predator,3,2.78171646666667
Base,23,TrichiurusJaponicus,Trichiurus japonicus,Predator,3,2.78764016333333
Base,24,TrichiurusJaponicus,Trichiurus japonicus,Predator,3,2.78059567
Base,25,TrichiurusJaponicus,Trichiurus japonicus,Predator,3,2.78355733333333
Base,26,TrichiurusJaponicus,Trichiurus japonicus,Predator,3,2.77826082333333
Base,27,TrichiurusJaponicus,Trichiurus japonicus,Predator,3,2.78244919666667
Base,28,TrichiurusJaponicus,Trichiurus japonicus,Predator,3,2.77950862666667
Base,29,TrichiurusJaponicus,Trichiurus japonicus,Predator,3,2.79326165333333
Base,30,TrichiurusJaponicus,Trichiurus japonicus,Predator,3,2.78936988666667
Base,31,TrichiurusJaponicus,Trichiurus japonicus,Predator,3,2.7851569
Base,32,TrichiurusJaponicus,Trichiurus japonicus,Predator,3,2.78604777333333
Base,33,TrichiurusJaponicus,Trichiurus japonicus,Predator,3,2.78485496
Base,34,TrichiurusJaponicus,Trichiurus japonicus,Predator,3,2.77848145666667
Base,35,TrichiurusJaponicus,Trichiurus japonicus,Predator,3,2.78600824666667
Base,36,TrichiurusJaponicus,Trichiurus japonicus,Predator,3,2.77965698
Base,37,TrichiurusJaponicus,Trichiurus japonicus,Predator,3,2.78356182
Base,38,TrichiurusJaponicus,Trichiurus japonicus,Predator,3,2.79191527333333
Base,39,TrichiurusJaponicus,Trichiurus japonicus,Predator,3,2.78934877666667
Base,40,TrichiurusJaponicus,Trichiurus japonicus,Predator,3,2.78713961333333
Base,41,TrichiurusJaponicus,Trichiurus japonicus,Predator,3,2.77890918666667
Base,42,TrichiurusJaponicus,Trichiurus japonicus,Predator,3,2.76995924666667
Base,43,TrichiurusJaponicus,Trichiurus japonicus,Predator,3,2.78133683
Base,44,TrichiurusJaponicus,Trichiurus japonicus,Predator,3,2.77990443333333
Base,45,TrichiurusJaponicus,Trichiurus japonicus,Predator,3,2.78178638666667
Base,46,TrichiurusJaponicus,Trichiurus japonicus,Predator,3,2.78105533666667
Base,47,TrichiurusJaponicus,Trichiurus japonicus,Predator,3,2.77557250333333
Base,48,TrichiurusJaponicus,Trichiurus japonicus,Predator,3,2.78975437333333
Base,49,TrichiurusJaponicus,Trichiurus japonicus,Predator,3,2.78082619333333
Base,50,TrichiurusJaponicus,Trichiurus japonicus,Predator,3,2.78573138
Base,51,TrichiurusJaponicus,Trichiurus japonicus,Predator,3,2.78966222
Base,52,TrichiurusJaponicus,Trichiurus japonicus,Predator,3,2.77756004
Base,53,TrichiurusJaponicus,Trichiurus japonicus,Predator,3,2.77922760666667
Base,54,TrichiurusJaponicus,Trichiurus japonicus,Predator,3,2.78889036666667
Base,55,TrichiurusJaponicus,Trichiurus japonicus,Predator,3,2.78196375666667
Base,56,TrichiurusJaponicus,Trichiurus japonicus,Predator,3,2.78929850333333
Base,57,TrichiurusJaponicus,Trichiurus japonicus,Predator,3,2.78748118333333
Base,58,TrichiurusJaponicus,Trichiurus japonicus,Predator,3,2.78777327333333
Base,59,TrichiurusJaponicus,Trichiurus japonicus,Predator,3,2.7842116
Base,60,TrichiurusJaponicus,Trichiurus japonicus,Predator,3,2.78697528333333
Base,61,TrichiurusJaponicus,Trichiurus japonicus,Predator,3,2.78520054666667
Base,62,TrichiurusJaponicus,Trichiurus japonicus,Predator,3,2.78673277333333
Base,63,TrichiurusJaponicus,Trichiurus japonicus,Predator,3,2.78300625666667
Base,64,TrichiurusJaponicus,Trichiurus japonicus,Predator,3,2.78849327333333
Base,65,TrichiurusJaponicus,Trichiurus japonicus,Predator,3,2.78392351666667
Base,66,TrichiurusJaponicus,Trichiurus japonicus,Predator,3,2.78648485333333
Base,67,TrichiurusJaponicus,Trichiurus japonicus,Predator,3,2.78946119333333
Base,68,TrichiurusJaponicus,Trichiurus japonicus,Predator,3,2.78315982333333
Base,69,TrichiurusJaponicus,Trichiurus japonicus,Predator,3,2.78877871666667
Base,70,TrichiurusJaponicus,Trichiurus japonicus,Predator,3,2.78844372
Base,71,TrichiurusJaponicus,Trichiurus japonicus,Predator,3,2.79006000333333
Base,72,TrichiurusJaponicus,Trichiurus japonicus,Predator,3,2.78074566333333
Base,73,TrichiurusJaponicus,Trichiurus japonicus,Predator,3,2.78753848333333
Base,74,TrichiurusJaponicus,Trichiurus japonicus,Predator,3,2.78649849666667
Base,75,TrichiurusJaponicus,Trichiurus japonicus,Predator,3,2.78940711
Base,76,TrichiurusJaponicus,Trichiurus japonicus,Predator,3,2.77339333
Base,77,TrichiurusJaponicus,Trichiurus japonicus,Predator,3,2.78446310666667
Base,78,TrichiurusJaponicus,Trichiurus japonicus,Predator,3,2.79163755333333
Base,79,TrichiurusJaponicus,Trichiurus japonicus,Predator,3,2.78810001
Base,80,TrichiurusJaponicus,Trichiurus japonicus,Predator,3,2.79654173
Base,81,TrichiurusJaponicus,Trichiurus japonicus,Predator,3,2.78410474333333
Base,82,TrichiurusJaponicus,Trichiurus japonicus,Predator,3,2.78950013
Base,83,TrichiurusJaponicus,Trichiurus japonicus,Predator,3,2.78421759666667
Base,84,TrichiurusJaponicus,Trichiurus japonicus,Predator,3,2.78315376666667
Base,85,TrichiurusJaponicus,Trichiurus japonicus,Predator,3,2.78414496333333
Base,86,TrichiurusJaponicus,Trichiurus japonicus,Predator,3,2.78580249666667
Base,87,TrichiurusJaponicus,Trichiurus japonicus,Predator,3,2.78800494
Base,88,TrichiurusJaponicus,Trichiurus japonicus,Predator,3,2.78019357333333
Base,89,TrichiurusJaponicus,Trichiurus japonicus,Predator,3,2.78920458666667
Base,90,TrichiurusJaponicus,Trichiurus japonicus,Predator,3,2.78374729
Base,91,TrichiurusJaponicus,Trichiurus japonicus,Predator,3,2.78295018666667
Base,92,TrichiurusJaponicus,Trichiurus japonicus,Predator,3,2.78608075666667
Base,93,TrichiurusJaponicus,Trichiurus japonicus,Predator,3,2.78763895333333
Base,94,TrichiurusJaponicus,Trichiurus japonicus,Predator,3,2.77431734
Base,95,TrichiurusJaponicus,Trichiurus japonicus,Predator,3,2.77869247
Base,96,TrichiurusJaponicus,Trichiurus japonicus,Predator,3,2.78225756666667
Base,97,TrichiurusJaponicus,Trichiurus japonicus,Predator,3,2.79002295666667
Base,98,TrichiurusJaponicus,Trichiurus japonicus,Predator,3,2.78469451333333
Base,99,TrichiurusJaponicus,Trichiurus japonicus,Predator,3,2.78531865666667
Base,100,TrichiurusJaponicus,Trichiurus japonicus,Predator,3,2.77457897333333
Base,1,MuraenesoxCinereus,Muraenesox cinereus,Predator,4,3.10841316666667
Base,2,MuraenesoxCinereus,Muraenesox cinereus,Predator,4,3.12125116
Base,3,MuraenesoxCinereus,Muraenesox cinereus,Predator,4,3.12117033
Base,4,MuraenesoxCinereus,Muraenesox cinereus,Predator,4,3.11472524666667
Base,5,MuraenesoxCinereus,Muraenesox cinereus,Predator,4,3.11379896666667
Base,6,MuraenesoxCinereus,Muraenesox cinereus,Predator,4,3.11585016666667
Base,7,MuraenesoxCinereus,Muraenesox cinereus,Predator,4,3.11384373666667
Base,8,MuraenesoxCinereus,Muraenesox cinereus,Predator,4,3.11323268666667
Base,9,MuraenesoxCinereus,Muraenesox cinereus,Predator,4,3.11267107666667
Base,10,MuraenesoxCinereus,Muraenesox cinereus,Predator,4,3.10999357333333
Base,11,MuraenesoxCinereus,Muraenesox cinereus,Predator,4,3.11663392
Base,12,MuraenesoxCinereus,Muraenesox cinereus,Predator,4,3.11464521666667
Base,13,MuraenesoxCinereus,Muraenesox cinereus,Predator,4,3.11354293666667
Base,14,MuraenesoxCinereus,Muraenesox cinereus,Predator,4,3.11297639
Base,15,MuraenesoxCinereus,Muraenesox cinereus,Predator,4,3.12088003
Base,16,MuraenesoxCinereus,Muraenesox cinereus,Predator,4,3.11690511666667
Base,17,MuraenesoxCinereus,Muraenesox cinereus,Predator,4,3.11652040333333
Base,18,MuraenesoxCinereus,Muraenesox cinereus,Predator,4,3.10759302
Base,19,MuraenesoxCinereus,Muraenesox cinereus,Predator,4,3.11541502
Base,20,MuraenesoxCinereus,Muraenesox cinereus,Predator,4,3.11041958666667
Base,21,MuraenesoxCinereus,Muraenesox cinereus,Predator,4,3.11548089333333
Base,22,MuraenesoxCinereus,Muraenesox cinereus,Predator,4,3.1087766
Base,23,MuraenesoxCinereus,Muraenesox cinereus,Predator,4,3.11024834666667
Base,24,MuraenesoxCinereus,Muraenesox cinereus,Predator,4,3.10732911333333
Base,25,MuraenesoxCinereus,Muraenesox cinereus,Predator,4,3.11265458
Base,26,MuraenesoxCinereus,Muraenesox cinereus,Predator,4,3.10892641
Base,27,MuraenesoxCinereus,Muraenesox cinereus,Predator,4,3.11654728666667
Base,28,MuraenesoxCinereus,Muraenesox cinereus,Predator,4,3.11732664333333
Base,29,MuraenesoxCinereus,Muraenesox cinereus,Predator,4,3.11015352
Base,30,MuraenesoxCinereus,Muraenesox cinereus,Predator,4,3.11543493333333
Base,31,MuraenesoxCinereus,Muraenesox cinereus,Predator,4,3.10766215333333
Base,32,MuraenesoxCinereus,Muraenesox cinereus,Predator,4,3.11803514333333
Base,33,MuraenesoxCinereus,Muraenesox cinereus,Predator,4,3.11212547666667
Base,34,MuraenesoxCinereus,Muraenesox cinereus,Predator,4,3.12258785666667
Base,35,MuraenesoxCinereus,Muraenesox cinereus,Predator,4,3.10955397666667
Base,36,MuraenesoxCinereus,Muraenesox cinereus,Predator,4,3.11561527333333
Base,37,MuraenesoxCinereus,Muraenesox cinereus,Predator,4,3.11693151
Base,38,MuraenesoxCinereus,Muraenesox cinereus,Predator,4,3.10901785333333
Base,39,MuraenesoxCinereus,Muraenesox cinereus,Predator,4,3.11409253333333
Base,40,MuraenesoxCinereus,Muraenesox cinereus,Predator,4,3.11362025666667
Base,41,MuraenesoxCinereus,Muraenesox cinereus,Predator,4,3.11242885666667
Base,42,MuraenesoxCinereus,Muraenesox cinereus,Predator,4,3.10583349666667
Base,43,MuraenesoxCinereus,Muraenesox cinereus,Predator,4,3.11290256
Base,44,MuraenesoxCinereus,Muraenesox cinereus,Predator,4,3.11130442
Base,45,MuraenesoxCinereus,Muraenesox cinereus,Predator,4,3.11988396666667
Base,46,MuraenesoxCinereus,Muraenesox cinereus,Predator,4,3.11881967
Base,47,MuraenesoxCinereus,Muraenesox cinereus,Predator,4,3.10573622
Base,48,MuraenesoxCinereus,Muraenesox cinereus,Predator,4,3.11692674333333
Base,49,MuraenesoxCinereus,Muraenesox cinereus,Predator,4,3.11686759666667
Base,50,MuraenesoxCinereus,Muraenesox cinereus,Predator,4,3.12091469333333
Base,51,MuraenesoxCinereus,Muraenesox cinereus,Predator,4,3.11934322
Base,52,MuraenesoxCinereus,Muraenesox cinereus,Predator,4,3.11403746333333
Base,53,MuraenesoxCinereus,Muraenesox cinereus,Predator,4,3.11228882666667
Base,54,MuraenesoxCinereus,Muraenesox cinereus,Predator,4,3.10999820333333
Base,55,MuraenesoxCinereus,Muraenesox cinereus,Predator,4,3.11331756
Base,56,MuraenesoxCinereus,Muraenesox cinereus,Predator,4,3.11580793333333
Base,57,MuraenesoxCinereus,Muraenesox cinereus,Predator,4,3.11572306666667
Base,58,MuraenesoxCinereus,Muraenesox cinereus,Predator,4,3.11799271666667
Base,59,MuraenesoxCinereus,Muraenesox cinereus,Predator,4,3.10714133333333
Base,60,MuraenesoxCinereus,Muraenesox cinereus,Predator,4,3.11829175666667
Base,61,MuraenesoxCinereus,Muraenesox cinereus,Predator,4,3.11657128333333
Base,62,MuraenesoxCinereus,Muraenesox cinereus,Predator,4,3.10514744
Base,63,MuraenesoxCinereus,Muraenesox cinereus,Predator,4,3.10942565666667
Base,64,MuraenesoxCinereus,Muraenesox cinereus,Predator,4,3.12226050333333
Base,65,MuraenesoxCinereus,Muraenesox cinereus,Predator,4,3.11856017666667
Base,66,MuraenesoxCinereus,Muraenesox cinereus,Predator,4,3.10945858
Base,67,MuraenesoxCinereus,Muraenesox cinereus,Predator,4,3.11353501333333
Base,68,MuraenesoxCinereus,Muraenesox cinereus,Predator,4,3.12147005333333
Base,69,MuraenesoxCinereus,Muraenesox cinereus,Predator,4,3.10961589666667
Base,70,MuraenesoxCinereus,Muraenesox cinereus,Predator,4,3.11629399666667
Base,71,MuraenesoxCinereus,Muraenesox cinereus,Predator,4,3.12544246666667
Base,72,MuraenesoxCinereus,Muraenesox cinereus,Predator,4,3.11380575333333
Base,73,MuraenesoxCinereus,Muraenesox cinereus,Predator,4,3.10495020666667
Base,74,MuraenesoxCinereus,Muraenesox cinereus,Predator,4,3.11412767
Base,75,MuraenesoxCinereus,Muraenesox cinereus,Predator,4,3.11991191
Base,76,MuraenesoxCinereus,Muraenesox cinereus,Predator,4,3.10896123666667
Base,77,MuraenesoxCinereus,Muraenesox cinereus,Predator,4,3.10427467333333
Base,78,MuraenesoxCinereus,Muraenesox cinereus,Predator,4,3.11124443
Base,79,MuraenesoxCinereus,Muraenesox cinereus,Predator,4,3.12048712
Base,80,MuraenesoxCinereus,Muraenesox cinereus,Predator,4,3.11073408
Base,81,MuraenesoxCinereus,Muraenesox cinereus,Predator,4,3.10126199666667
Base,82,MuraenesoxCinereus,Muraenesox cinereus,Predator,4,3.11152716
Base,83,MuraenesoxCinereus,Muraenesox cinereus,Predator,4,3.10945347333333
Base,84,MuraenesoxCinereus,Muraenesox cinereus,Predator,4,3.11183969333333
Base,85,MuraenesoxCinereus,Muraenesox cinereus,Predator,4,3.11109486666667
Base,86,MuraenesoxCinereus,Muraenesox cinereus,Predator,4,3.12470477
Base,87,MuraenesoxCinereus,Muraenesox cinereus,Predator,4,3.11336739333333
Base,88,MuraenesoxCinereus,Muraenesox cinereus,Predator,4,3.11460582666667
Base,89,MuraenesoxCinereus,Muraenesox cinereus,Predator,4,3.12283997
Base,90,MuraenesoxCinereus,Muraenesox cinereus,Predator,4,3.11017865333333
Base,91,MuraenesoxCinereus,Muraenesox cinereus,Predator,4,3.11482841333333
Base,92,MuraenesoxCinereus,Muraenesox cinereus,Predator,4,3.10659741666667
Base,93,MuraenesoxCinereus,Muraenesox cinereus,Predator,4,3.10847605666667
Base,94,MuraenesoxCinereus,Muraenesox cinereus,Predator,4,3.10943636333333
Base,95,MuraenesoxCinereus,Muraenesox cinereus,Predator,4,3.11026190333333
Base,96,MuraenesoxCinereus,Muraenesox cinereus,Predator,4,3.10881553333333
Base,97,MuraenesoxCinereus,Muraenesox cinereus,Predator,4,3.11444639
Base,98,MuraenesoxCinereus,Muraenesox cinereus,Predator,4,3.11359402666667
Base,99,MuraenesoxCinereus,Muraenesox cinereus,Predator,4,3.11607064
Base,100,MuraenesoxCinereus,Muraenesox cinereus,Predator,4,3.10906922666667
Base,1,MiichthysMiiuy,Miichthys miiuy,Predator,5,3.00220581
Base,2,MiichthysMiiuy,Miichthys miiuy,Predator,5,3.01962162333333
Base,3,MiichthysMiiuy,Miichthys miiuy,Predator,5,3.01338845
Base,4,MiichthysMiiuy,Miichthys miiuy,Predator,5,3.01611273333333
Base,5,MiichthysMiiuy,Miichthys miiuy,Predator,5,3.03305685
Base,6,MiichthysMiiuy,Miichthys miiuy,Predator,5,3.02867659
Base,7,MiichthysMiiuy,Miichthys miiuy,Predator,5,3.03349077
Base,8,MiichthysMiiuy,Miichthys miiuy,Predator,5,3.01864682
Base,9,MiichthysMiiuy,Miichthys miiuy,Predator,5,3.0292274
Base,10,MiichthysMiiuy,Miichthys miiuy,Predator,5,3.02278774333333
Base,11,MiichthysMiiuy,Miichthys miiuy,Predator,5,3.02417243
Base,12,MiichthysMiiuy,Miichthys miiuy,Predator,5,3.02955437666667
Base,13,MiichthysMiiuy,Miichthys miiuy,Predator,5,3.01947858333333
Base,14,MiichthysMiiuy,Miichthys miiuy,Predator,5,3.03221225666667
Base,15,MiichthysMiiuy,Miichthys miiuy,Predator,5,3.02839940666667
Base,16,MiichthysMiiuy,Miichthys miiuy,Predator,5,3.02156767333333
Base,17,MiichthysMiiuy,Miichthys miiuy,Predator,5,3.0258252
Base,18,MiichthysMiiuy,Miichthys miiuy,Predator,5,3.02069808
Base,19,MiichthysMiiuy,Miichthys miiuy,Predator,5,3.01651987666667
Base,20,MiichthysMiiuy,Miichthys miiuy,Predator,5,3.01889391333333
Base,21,MiichthysMiiuy,Miichthys miiuy,Predator,5,3.03079597
Base,22,MiichthysMiiuy,Miichthys miiuy,Predator,5,3.02021152333333
Base,23,MiichthysMiiuy,Miichthys miiuy,Predator,5,3.02447865666667
Base,24,MiichthysMiiuy,Miichthys miiuy,Predator,5,3.00432775333333
Base,25,MiichthysMiiuy,Miichthys miiuy,Predator,5,3.03052847666667
Base,26,MiichthysMiiuy,Miichthys miiuy,Predator,5,3.03978030333333
Base,27,MiichthysMiiuy,Miichthys miiuy,Predator,5,3.02873341
Base,28,MiichthysMiiuy,Miichthys miiuy,Predator,5,3.01919657
Base,29,MiichthysMiiuy,Miichthys miiuy,Predator,5,3.01406299
Base,30,MiichthysMiiuy,Miichthys miiuy,Predator,5,3.03314024333333
Base,31,MiichthysMiiuy,Miichthys miiuy,Predator,5,3.02664872666667
Base,32,MiichthysMiiuy,Miichthys miiuy,Predator,5,3.01320845333333
Base,33,MiichthysMiiuy,Miichthys miiuy,Predator,5,3.02501268666667
Base,34,MiichthysMiiuy,Miichthys miiuy,Predator,5,3.02958522333333
Base,35,MiichthysMiiuy,Miichthys miiuy,Predator,5,3.02935111666667
Base,36,MiichthysMiiuy,Miichthys miiuy,Predator,5,3.02672837
Base,37,MiichthysMiiuy,Miichthys miiuy,Predator,5,3.02073978
Base,38,MiichthysMiiuy,Miichthys miiuy,Predator,5,3.02756871
Base,39,MiichthysMiiuy,Miichthys miiuy,Predator,5,3.03382486666667
Base,40,MiichthysMiiuy,Miichthys miiuy,Predator,5,3.03282696333333
Base,41,MiichthysMiiuy,Miichthys miiuy,Predator,5,3.01800609
Base,42,MiichthysMiiuy,Miichthys miiuy,Predator,5,3.02833256666667
Base,43,MiichthysMiiuy,Miichthys miiuy,Predator,5,3.02435027333333
Base,44,MiichthysMiiuy,Miichthys miiuy,Predator,5,3.02983408333333
Base,45,MiichthysMiiuy,Miichthys miiuy,Predator,5,3.02880843333333
Base,46,MiichthysMiiuy,Miichthys miiuy,Predator,5,3.02622095
Base,47,MiichthysMiiuy,Miichthys miiuy,Predator,5,3.0265166
Base,48,MiichthysMiiuy,Miichthys miiuy,Predator,5,3.02618428666667
Base,49,MiichthysMiiuy,Miichthys miiuy,Predator,5,3.01537516
Base,50,MiichthysMiiuy,Miichthys miiuy,Predator,5,3.02513186333333
Base,51,MiichthysMiiuy,Miichthys miiuy,Predator,5,3.03700862666667
Base,52,MiichthysMiiuy,Miichthys miiuy,Predator,5,3.02598614666667
Base,53,MiichthysMiiuy,Miichthys miiuy,Predator,5,3.01225971333333
Base,54,MiichthysMiiuy,Miichthys miiuy,Predator,5,3.02542463333333
Base,55,MiichthysMiiuy,Miichthys miiuy,Predator,5,3.01357587333333
Base,56,MiichthysMiiuy,Miichthys miiuy,Predator,5,3.02354064333333
Base,57,MiichthysMiiuy,Miichthys miiuy,Predator,5,3.03104616
Base,58,MiichthysMiiuy,Miichthys miiuy,Predator,5,3.01003143333333
Base,59,MiichthysMiiuy,Miichthys miiuy,Predator,5,3.02881309666667
Base,60,MiichthysMiiuy,Miichthys miiuy,Predator,5,3.02606589
Base,61,MiichthysMiiuy,Miichthys miiuy,Predator,5,3.03654068666667
Base,62,MiichthysMiiuy,Miichthys miiuy,Predator,5,3.03108754333333
Base,63,MiichthysMiiuy,Miichthys miiuy,Predator,5,3.02259683333333
Base,64,MiichthysMiiuy,Miichthys miiuy,Predator,5,3.01772900333333
Base,65,MiichthysMiiuy,Miichthys miiuy,Predator,5,3.02967570666667
Base,66,MiichthysMiiuy,Miichthys miiuy,Predator,5,3.02443768666667
Base,67,MiichthysMiiuy,Miichthys miiuy,Predator,5,3.0304552
Base,68,MiichthysMiiuy,Miichthys miiuy,Predator,5,3.02548859
Base,69,MiichthysMiiuy,Miichthys miiuy,Predator,5,3.02263575333333
Base,70,MiichthysMiiuy,Miichthys miiuy,Predator,5,3.03572532
Base,71,MiichthysMiiuy,Miichthys miiuy,Predator,5,3.03813951666667
Base,72,MiichthysMiiuy,Miichthys miiuy,Predator,5,3.01956098666667
Base,73,MiichthysMiiuy,Miichthys miiuy,Predator,5,3.03153246333333
Base,74,MiichthysMiiuy,Miichthys miiuy,Predator,5,3.03635157
Base,75,MiichthysMiiuy,Miichthys miiuy,Predator,5,3.02891983333333
Base,76,MiichthysMiiuy,Miichthys miiuy,Predator,5,3.01540502666667
Base,77,MiichthysMiiuy,Miichthys miiuy,Predator,5,3.03697043333333
Base,78,MiichthysMiiuy,Miichthys miiuy,Predator,5,3.03345834333333
Base,79,MiichthysMiiuy,Miichthys miiuy,Predator,5,3.01609235
Base,80,MiichthysMiiuy,Miichthys miiuy,Predator,5,3.02286055333333
Base,81,MiichthysMiiuy,Miichthys miiuy,Predator,5,3.02438371666667
Base,82,MiichthysMiiuy,Miichthys miiuy,Predator,5,3.01626594666667
Base,83,MiichthysMiiuy,Miichthys miiuy,Predator,5,3.02436302666667
Base,84,MiichthysMiiuy,Miichthys miiuy,Predator,5,3.02299469666667
Base,85,MiichthysMiiuy,Miichthys miiuy,Predator,5,3.03722337
Base,86,MiichthysMiiuy,Miichthys miiuy,Predator,5,3.03636931333333
Base,87,MiichthysMiiuy,Miichthys miiuy,Predator,5,3.02874664666667
Base,88,MiichthysMiiuy,Miichthys miiuy,Predator,5,3.02197629
Base,89,MiichthysMiiuy,Miichthys miiuy,Predator,5,3.02207419
Base,90,MiichthysMiiuy,Miichthys miiuy,Predator,5,3.02272464666667
Base,91,MiichthysMiiuy,Miichthys miiuy,Predator,5,3.02051274333333
Base,92,MiichthysMiiuy,Miichthys miiuy,Predator,5,3.0388034
Base,93,MiichthysMiiuy,Miichthys miiuy,Predator,5,3.02033532666667
Base,94,MiichthysMiiuy,Miichthys miiuy,Predator,5,3.02683097666667
Base,95,MiichthysMiiuy,Miichthys miiuy,Predator,5,3.02693371333333
Base,96,MiichthysMiiuy,Miichthys miiuy,Predator,5,3.02700605
Base,97,MiichthysMiiuy,Miichthys miiuy,Predator,5,3.03045913666667
Base,98,MiichthysMiiuy,Miichthys miiuy,Predator,5,3.02250597333333
Base,99,MiichthysMiiuy,Miichthys miiuy,Predator,5,3.02841204666667
Base,100,MiichthysMiiuy,Miichthys miiuy,Predator,5,3.01735302666667
Base,1,TodarodesPacificus,Todarodes pacificus,Invertebrate,6,2.42397870333333
Base,2,TodarodesPacificus,Todarodes pacificus,Invertebrate,6,2.43250478333333
Base,3,TodarodesPacificus,Todarodes pacificus,Invertebrate,6,2.43551098333333
Base,4,TodarodesPacificus,Todarodes pacificus,Invertebrate,6,2.43204101
Base,5,TodarodesPacificus,Todarodes pacificus,Invertebrate,6,2.44032332333333
Base,6,TodarodesPacificus,Todarodes pacificus,Invertebrate,6,2.43817228666667
Base,7,TodarodesPacificus,Todarodes pacificus,Invertebrate,6,2.43101503333333
Base,8,TodarodesPacificus,Todarodes pacificus,Invertebrate,6,2.43173753666667
Base,9,TodarodesPacificus,Todarodes pacificus,Invertebrate,6,2.43966730333333
Base,10,TodarodesPacificus,Todarodes pacificus,Invertebrate,6,2.43471998
Base,11,TodarodesPacificus,Todarodes pacificus,Invertebrate,6,2.43603743666667
Base,12,TodarodesPacificus,Todarodes pacificus,Invertebrate,6,2.43037458666667
Base,13,TodarodesPacificus,Todarodes pacificus,Invertebrate,6,2.43369715666667
Base,14,TodarodesPacificus,Todarodes pacificus,Invertebrate,6,2.43322991666667
Base,15,TodarodesPacificus,Todarodes pacificus,Invertebrate,6,2.43179198666667
Base,16,TodarodesPacificus,Todarodes pacificus,Invertebrate,6,2.43580759333333
Base,17,TodarodesPacificus,Todarodes pacificus,Invertebrate,6,2.43235214
Base,18,TodarodesPacificus,Todarodes pacificus,Invertebrate,6,2.43345441333333
Base,19,TodarodesPacificus,Todarodes pacificus,Invertebrate,6,2.43585682666667
Base,20,TodarodesPacificus,Todarodes pacificus,Invertebrate,6,2.43568399
Base,21,TodarodesPacificus,Todarodes pacificus,Invertebrate,6,2.42914247
Base,22,TodarodesPacificus,Todarodes pacificus,Invertebrate,6,2.41936630666667
Base,23,TodarodesPacificus,Todarodes pacificus,Invertebrate,6,2.43333611
Base,24,TodarodesPacificus,Todarodes pacificus,Invertebrate,6,2.42933666
Base,25,TodarodesPacificus,Todarodes pacificus,Invertebrate,6,2.42533574333333
Base,26,TodarodesPacificus,Todarodes pacificus,Invertebrate,6,2.42969504333333
Base,27,TodarodesPacificus,Todarodes pacificus,Invertebrate,6,2.42259356666667
Base,28,TodarodesPacificus,Todarodes pacificus,Invertebrate,6,2.42994982
Base,29,TodarodesPacificus,Todarodes pacificus,Invertebrate,6,2.43388786666667
Base,30,TodarodesPacificus,Todarodes pacificus,Invertebrate,6,2.43404215333333
Base,31,TodarodesPacificus,Todarodes pacificus,Invertebrate,6,2.42875453
Base,32,TodarodesPacificus,Todarodes pacificus,Invertebrate,6,2.43151077666667
Base,33,TodarodesPacificus,Todarodes pacificus,Invertebrate,6,2.43176426
Base,34,TodarodesPacificus,Todarodes pacificus,Invertebrate,6,2.43930561
Base,35,TodarodesPacificus,Todarodes pacificus,Invertebrate,6,2.43395470333333
Base,36,TodarodesPacificus,Todarodes pacificus,Invertebrate,6,2.43133657
Base,37,TodarodesPacificus,Todarodes pacificus,Invertebrate,6,2.42589916666667
Base,38,TodarodesPacificus,Todarodes pacificus,Invertebrate,6,2.42258426666667
Base,39,TodarodesPacificus,Todarodes pacificus,Invertebrate,6,2.42952521333333
Base,40,TodarodesPacificus,Todarodes pacificus,Invertebrate,6,2.43178026666667
Base,41,TodarodesPacificus,Todarodes pacificus,Invertebrate,6,2.43463202666667
Base,42,TodarodesPacificus,Todarodes pacificus,Invertebrate,6,2.43646391
Base,43,TodarodesPacificus,Todarodes pacificus,Invertebrate,6,2.43690327333333
Base,44,TodarodesPacificus,Todarodes pacificus,Invertebrate,6,2.43683324333333
Base,45,TodarodesPacificus,Todarodes pacificus,Invertebrate,6,2.44224953666667
Base,46,TodarodesPacificus,Todarodes pacificus,Invertebrate,6,2.43309906333333
Base,47,TodarodesPacificus,Todarodes pacificus,Invertebrate,6,2.42813515
Base,48,TodarodesPacificus,Todarodes pacificus,Invertebrate,6,2.42282314333333
Base,49,TodarodesPacificus,Todarodes pacificus,Invertebrate,6,2.43235503666667
Base,50,TodarodesPacificus,Todarodes pacificus,Invertebrate,6,2.43332271
Base,51,TodarodesPacificus,Todarodes pacificus,Invertebrate,6,2.43490401333333
Base,52,TodarodesPacificus,Todarodes pacificus,Invertebrate,6,2.43902885
Base,53,TodarodesPacificus,Todarodes pacificus,Invertebrate,6,2.42940076
Base,54,TodarodesPacificus,Todarodes pacificus,Invertebrate,6,2.42314328333333
Base,55,TodarodesPacificus,Todarodes pacificus,Invertebrate,6,2.42892797333333
Base,56,TodarodesPacificus,Todarodes pacificus,Invertebrate,6,2.43561078
Base,57,TodarodesPacificus,Todarodes pacificus,Invertebrate,6,2.42832094666667
Base,58,TodarodesPacificus,Todarodes pacificus,Invertebrate,6,2.44182082333333
Base,59,TodarodesPacificus,Todarodes pacificus,Invertebrate,6,2.43090664333333
Base,60,TodarodesPacificus,Todarodes pacificus,Invertebrate,6,2.42596097666667
Base,61,TodarodesPacificus,Todarodes pacificus,Invertebrate,6,2.43298581
Base,62,TodarodesPacificus,Todarodes pacificus,Invertebrate,6,2.42157804333333
Base,63,TodarodesPacificus,Todarodes pacificus,Invertebrate,6,2.43191112
Base,64,TodarodesPacificus,Todarodes pacificus,Invertebrate,6,2.43131874666667
Base,65,TodarodesPacificus,Todarodes pacificus,Invertebrate,6,2.42572446666667
Base,66,TodarodesPacificus,Todarodes pacificus,Invertebrate,6,2.43204894333333
Base,67,TodarodesPacificus,Todarodes pacificus,Invertebrate,6,2.43934411666667
Base,68,TodarodesPacificus,Todarodes pacificus,Invertebrate,6,2.43819754
Base,69,TodarodesPacificus,Todarodes pacificus,Invertebrate,6,2.41765504333333
Base,70,TodarodesPacificus,Todarodes pacificus,Invertebrate,6,2.43585899333333
Base,71,TodarodesPacificus,Todarodes pacificus,Invertebrate,6,2.43374857666667
Base,72,TodarodesPacificus,Todarodes pacificus,Invertebrate,6,2.42013568
Base,73,TodarodesPacificus,Todarodes pacificus,Invertebrate,6,2.42840975
Base,74,TodarodesPacificus,Todarodes pacificus,Invertebrate,6,2.42914224666667
Base,75,TodarodesPacificus,Todarodes pacificus,Invertebrate,6,2.43037082666667
Base,76,TodarodesPacificus,Todarodes pacificus,Invertebrate,6,2.43544771666667
Base,77,TodarodesPacificus,Todarodes pacificus,Invertebrate,6,2.44041727
Base,78,TodarodesPacificus,Todarodes pacificus,Invertebrate,6,2.43692163666667
Base,79,TodarodesPacificus,Todarodes pacificus,Invertebrate,6,2.44279353
Base,80,TodarodesPacificus,Todarodes pacificus,Invertebrate,6,2.42632841
Base,81,TodarodesPacificus,Todarodes pacificus,Invertebrate,6,2.42605167
Base,82,TodarodesPacificus,Todarodes pacificus,Invertebrate,6,2.43346877
Base,83,TodarodesPacificus,Todarodes pacificus,Invertebrate,6,2.42176335666667
Base,84,TodarodesPacificus,Todarodes pacificus,Invertebrate,6,2.43572067666667
Base,85,TodarodesPacificus,Todarodes pacificus,Invertebrate,6,2.43206898666667
Base,86,TodarodesPacificus,Todarodes pacificus,Invertebrate,6,2.43340173333333
Base,87,TodarodesPacificus,Todarodes pacificus,Invertebrate,6,2.42513837333333
Base,88,TodarodesPacificus,Todarodes pacificus,Invertebrate,6,2.43266258333333
Base,89,TodarodesPacificus,Todarodes pacificus,Invertebrate,6,2.43207763
Base,90,TodarodesPacificus,Todarodes pacificus,Invertebrate,6,2.42832005333333
Base,91,TodarodesPacificus,Todarodes pacificus,Invertebrate,6,2.43990937
Base,92,TodarodesPacificus,Todarodes pacificus,Invertebrate,6,2.4348475
Base,93,TodarodesPacificus,Todarodes pacificus,Invertebrate,6,2.42642917666667
Base,94,TodarodesPacificus,Todarodes pacificus,Invertebrate,6,2.43629356666667
Base,95,TodarodesPacificus,Todarodes pacificus,Invertebrate,6,2.44215477
Base,96,TodarodesPacificus,Todarodes pacificus,Invertebrate,6,2.42746236333333
Base,97,TodarodesPacificus,Todarodes pacificus,Invertebrate,6,2.425407
Base,98,TodarodesPacificus,Todarodes pacificus,Invertebrate,6,2.43619112666667
Base,99,TodarodesPacificus,Todarodes pacificus,Invertebrate,6,2.42850242666667
Base,100,TodarodesPacificus,Todarodes pacificus,Invertebrate,6,2.43075795
Base,1,TrachysalambriaCurvirostris,Trachysalambria curvirostris,Invertebrate,7,2.27370209
Base,2,TrachysalambriaCurvirostris,Trachysalambria curvirostris,Invertebrate,7,2.27338496333333
Base,3,TrachysalambriaCurvirostris,Trachysalambria curvirostris,Invertebrate,7,2.28196793
Base,4,TrachysalambriaCurvirostris,Trachysalambria curvirostris,Invertebrate,7,2.27267312666667
Base,5,TrachysalambriaCurvirostris,Trachysalambria curvirostris,Invertebrate,7,2.26415960666667
Base,6,TrachysalambriaCurvirostris,Trachysalambria curvirostris,Invertebrate,7,2.27521807
Base,7,TrachysalambriaCurvirostris,Trachysalambria curvirostris,Invertebrate,7,2.27037641
Base,8,TrachysalambriaCurvirostris,Trachysalambria curvirostris,Invertebrate,7,2.27467961
Base,9,TrachysalambriaCurvirostris,Trachysalambria curvirostris,Invertebrate,7,2.28477069
Base,10,TrachysalambriaCurvirostris,Trachysalambria curvirostris,Invertebrate,7,2.27869788666667
Base,11,TrachysalambriaCurvirostris,Trachysalambria curvirostris,Invertebrate,7,2.27807555333333
Base,12,TrachysalambriaCurvirostris,Trachysalambria curvirostris,Invertebrate,7,2.26977355666667
Base,13,TrachysalambriaCurvirostris,Trachysalambria curvirostris,Invertebrate,7,2.26560721333333
Base,14,TrachysalambriaCurvirostris,Trachysalambria curvirostris,Invertebrate,7,2.26570002
Base,15,TrachysalambriaCurvirostris,Trachysalambria curvirostris,Invertebrate,7,2.27754868
Base,16,TrachysalambriaCurvirostris,Trachysalambria curvirostris,Invertebrate,7,2.26926448333333
Base,17,TrachysalambriaCurvirostris,Trachysalambria curvirostris,Invertebrate,7,2.2762424
Base,18,TrachysalambriaCurvirostris,Trachysalambria curvirostris,Invertebrate,7,2.26911359666667
Base,19,TrachysalambriaCurvirostris,Trachysalambria curvirostris,Invertebrate,7,2.28336474666667
Base,20,TrachysalambriaCurvirostris,Trachysalambria curvirostris,Invertebrate,7,2.27385537666667
Base,21,TrachysalambriaCurvirostris,Trachysalambria curvirostris,Invertebrate,7,2.27915667333333
Base,22,TrachysalambriaCurvirostris,Trachysalambria curvirostris,Invertebrate,7,2.28158975333333
Base,23,TrachysalambriaCurvirostris,Trachysalambria curvirostris,Invertebrate,7,2.27454496666667
Base,24,TrachysalambriaCurvirostris,Trachysalambria curvirostris,Invertebrate,7,2.27219107
Base,25,TrachysalambriaCurvirostris,Trachysalambria curvirostris,Invertebrate,7,2.27141218666667
Base,26,TrachysalambriaCurvirostris,Trachysalambria curvirostris,Invertebrate,7,2.28368618
Base,27,TrachysalambriaCurvirostris,Trachysalambria curvirostris,Invertebrate,7,2.26562142666667
Base,28,TrachysalambriaCurvirostris,Trachysalambria curvirostris,Invertebrate,7,2.27341519
Base,29,TrachysalambriaCurvirostris,Trachysalambria curvirostris,Invertebrate,7,2.27924526333333
Base,30,TrachysalambriaCurvirostris,Trachysalambria curvirostris,Invertebrate,7,2.29054872666667
Base,31,TrachysalambriaCurvirostris,Trachysalambria curvirostris,Invertebrate,7,2.28068618
Base,32,TrachysalambriaCurvirostris,Trachysalambria curvirostris,Invertebrate,7,2.27132564666667
Base,33,TrachysalambriaCurvirostris,Trachysalambria curvirostris,Invertebrate,7,2.27581441333333
Base,34,TrachysalambriaCurvirostris,Trachysalambria curvirostris,Invertebrate,7,2.25668222
Base,35,TrachysalambriaCurvirostris,Trachysalambria curvirostris,Invertebrate,7,2.27620037666667
Base,36,TrachysalambriaCurvirostris,Trachysalambria curvirostris,Invertebrate,7,2.26451089333333
Base,37,TrachysalambriaCurvirostris,Trachysalambria curvirostris,Invertebrate,7,2.27681449333333
Base,38,TrachysalambriaCurvirostris,Trachysalambria curvirostris,Invertebrate,7,2.29128315333333
Base,39,TrachysalambriaCurvirostris,Trachysalambria curvirostris,Invertebrate,7,2.27219905666667
Base,40,TrachysalambriaCurvirostris,Trachysalambria curvirostris,Invertebrate,7,2.27086729666667
Base,41,TrachysalambriaCurvirostris,Trachysalambria curvirostris,Invertebrate,7,2.26567131333333
Base,42,TrachysalambriaCurvirostris,Trachysalambria curvirostris,Invertebrate,7,2.2937409
Base,43,TrachysalambriaCurvirostris,Trachysalambria curvirostris,Invertebrate,7,2.26799741666667
Base,44,TrachysalambriaCurvirostris,Trachysalambria curvirostris,Invertebrate,7,2.26357492666667
Base,45,TrachysalambriaCurvirostris,Trachysalambria curvirostris,Invertebrate,7,2.27895687333333
Base,46,TrachysalambriaCurvirostris,Trachysalambria curvirostris,Invertebrate,7,2.27704905666667
Base,47,TrachysalambriaCurvirostris,Trachysalambria curvirostris,Invertebrate,7,2.25689335333333
Base,48,TrachysalambriaCurvirostris,Trachysalambria curvirostris,Invertebrate,7,2.28555984
Base,49,TrachysalambriaCurvirostris,Trachysalambria curvirostris,Invertebrate,7,2.26389228666667
Base,50,TrachysalambriaCurvirostris,Trachysalambria curvirostris,Invertebrate,7,2.28545633333333
Base,51,TrachysalambriaCurvirostris,Trachysalambria curvirostris,Invertebrate,7,2.27631947333333
Base,52,TrachysalambriaCurvirostris,Trachysalambria curvirostris,Invertebrate,7,2.27804212666667
Base,53,TrachysalambriaCurvirostris,Trachysalambria curvirostris,Invertebrate,7,2.27206727666667
Base,54,TrachysalambriaCurvirostris,Trachysalambria curvirostris,Invertebrate,7,2.27522916
Base,55,TrachysalambriaCurvirostris,Trachysalambria curvirostris,Invertebrate,7,2.26991852666667
Base,56,TrachysalambriaCurvirostris,Trachysalambria curvirostris,Invertebrate,7,2.27995582666667
Base,57,TrachysalambriaCurvirostris,Trachysalambria curvirostris,Invertebrate,7,2.27919735666667
Base,58,TrachysalambriaCurvirostris,Trachysalambria curvirostris,Invertebrate,7,2.26188984333333
Base,59,TrachysalambriaCurvirostris,Trachysalambria curvirostris,Invertebrate,7,2.26584774
Base,60,TrachysalambriaCurvirostris,Trachysalambria curvirostris,Invertebrate,7,2.27806716666667
Base,61,TrachysalambriaCurvirostris,Trachysalambria curvirostris,Invertebrate,7,2.28208512
Base,62,TrachysalambriaCurvirostris,Trachysalambria curvirostris,Invertebrate,7,2.27088730333333
Base,63,TrachysalambriaCurvirostris,Trachysalambria curvirostris,Invertebrate,7,2.28495696333333
Base,64,TrachysalambriaCurvirostris,Trachysalambria curvirostris,Invertebrate,7,2.27632896
Base,65,TrachysalambriaCurvirostris,Trachysalambria curvirostris,Invertebrate,7,2.26931981333333
Base,66,TrachysalambriaCurvirostris,Trachysalambria curvirostris,Invertebrate,7,2.27828328333333
Base,67,TrachysalambriaCurvirostris,Trachysalambria curvirostris,Invertebrate,7,2.28196363333333
Base,68,TrachysalambriaCurvirostris,Trachysalambria curvirostris,Invertebrate,7,2.27654548666667
Base,69,TrachysalambriaCurvirostris,Trachysalambria curvirostris,Invertebrate,7,2.26552593
Base,70,TrachysalambriaCurvirostris,Trachysalambria curvirostris,Invertebrate,7,2.28184007
Base,71,TrachysalambriaCurvirostris,Trachysalambria curvirostris,Invertebrate,7,2.28831537333333
Base,72,TrachysalambriaCurvirostris,Trachysalambria curvirostris,Invertebrate,7,2.26305085666667
Base,73,TrachysalambriaCurvirostris,Trachysalambria curvirostris,Invertebrate,7,2.26477930333333
Base,74,TrachysalambriaCurvirostris,Trachysalambria curvirostris,Invertebrate,7,2.27744029666667
Base,75,TrachysalambriaCurvirostris,Trachysalambria curvirostris,Invertebrate,7,2.28235452
Base,76,TrachysalambriaCurvirostris,Trachysalambria curvirostris,Invertebrate,7,2.26880709333333
Base,77,TrachysalambriaCurvirostris,Trachysalambria curvirostris,Invertebrate,7,2.25739083
Base,78,TrachysalambriaCurvirostris,Trachysalambria curvirostris,Invertebrate,7,2.27128065333333
Base,79,TrachysalambriaCurvirostris,Trachysalambria curvirostris,Invertebrate,7,2.27585658
Base,80,TrachysalambriaCurvirostris,Trachysalambria curvirostris,Invertebrate,7,2.26263739666667
Base,81,TrachysalambriaCurvirostris,Trachysalambria curvirostris,Invertebrate,7,2.26451190666667
Base,82,TrachysalambriaCurvirostris,Trachysalambria curvirostris,Invertebrate,7,2.28009746333333
Base,83,TrachysalambriaCurvirostris,Trachysalambria curvirostris,Invertebrate,7,2.26025289333333
Base,84,TrachysalambriaCurvirostris,Trachysalambria curvirostris,Invertebrate,7,2.27205823666667
Base,85,TrachysalambriaCurvirostris,Trachysalambria curvirostris,Invertebrate,7,2.27032150333333
Base,86,TrachysalambriaCurvirostris,Trachysalambria curvirostris,Invertebrate,7,2.27670858333333
Base,87,TrachysalambriaCurvirostris,Trachysalambria curvirostris,Invertebrate,7,2.28701406666667
Base,88,TrachysalambriaCurvirostris,Trachysalambria curvirostris,Invertebrate,7,2.27471868
Base,89,TrachysalambriaCurvirostris,Trachysalambria curvirostris,Invertebrate,7,2.28248401
Base,90,TrachysalambriaCurvirostris,Trachysalambria curvirostris,Invertebrate,7,2.27387518
Base,91,TrachysalambriaCurvirostris,Trachysalambria curvirostris,Invertebrate,7,2.27234833
Base,92,TrachysalambriaCurvirostris,Trachysalambria curvirostris,Invertebrate,7,2.27432307666667
Base,93,TrachysalambriaCurvirostris,Trachysalambria curvirostris,Invertebrate,7,2.26847459
Base,94,TrachysalambriaCurvirostris,Trachysalambria curvirostris,Invertebrate,7,2.27838181
Base,95,TrachysalambriaCurvirostris,Trachysalambria curvirostris,Invertebrate,7,2.28309472333333
Base,96,TrachysalambriaCurvirostris,Trachysalambria curvirostris,Invertebrate,7,2.27247773333333
Base,97,TrachysalambriaCurvirostris,Trachysalambria curvirostris,Invertebrate,7,2.28047692
Base,98,TrachysalambriaCurvirostris,Trachysalambria curvirostris,Invertebrate,7,2.28237643
Base,99,TrachysalambriaCurvirostris,Trachysalambria curvirostris,Invertebrate,7,2.26374702666667
Base,100,TrachysalambriaCurvirostris,Trachysalambria curvirostris,Invertebrate,7,2.26326043666667
Base,1,PortunusTrituberculatus,Portunus trituberculatus,Invertebrate,8,2.13543704
Base,2,PortunusTrituberculatus,Portunus trituberculatus,Invertebrate,8,2.14567494666667
Base,3,PortunusTrituberculatus,Portunus trituberculatus,Invertebrate,8,2.14604427666667
Base,4,PortunusTrituberculatus,Portunus trituberculatus,Invertebrate,8,2.13785454333333
Base,5,PortunusTrituberculatus,Portunus trituberculatus,Invertebrate,8,2.14275878666667
Base,6,PortunusTrituberculatus,Portunus trituberculatus,Invertebrate,8,2.13900618666667
Base,7,PortunusTrituberculatus,Portunus trituberculatus,Invertebrate,8,2.14250054333333
Base,8,PortunusTrituberculatus,Portunus trituberculatus,Invertebrate,8,2.13856544333333
Base,9,PortunusTrituberculatus,Portunus trituberculatus,Invertebrate,8,2.14259945
Base,10,PortunusTrituberculatus,Portunus trituberculatus,Invertebrate,8,2.1412768
Base,11,PortunusTrituberculatus,Portunus trituberculatus,Invertebrate,8,2.14439433
Base,12,PortunusTrituberculatus,Portunus trituberculatus,Invertebrate,8,2.14294728666667
Base,13,PortunusTrituberculatus,Portunus trituberculatus,Invertebrate,8,2.13921410333333
Base,14,PortunusTrituberculatus,Portunus trituberculatus,Invertebrate,8,2.13913983
Base,15,PortunusTrituberculatus,Portunus trituberculatus,Invertebrate,8,2.13869373
Base,16,PortunusTrituberculatus,Portunus trituberculatus,Invertebrate,8,2.13992257666667
Base,17,PortunusTrituberculatus,Portunus trituberculatus,Invertebrate,8,2.14228211
Base,18,PortunusTrituberculatus,Portunus trituberculatus,Invertebrate,8,2.14200846666667
Base,19,PortunusTrituberculatus,Portunus trituberculatus,Invertebrate,8,2.14205515
Base,20,PortunusTrituberculatus,Portunus trituberculatus,Invertebrate,8,2.13954285
Base,21,PortunusTrituberculatus,Portunus trituberculatus,Invertebrate,8,2.14186723333333
Base,22,PortunusTrituberculatus,Portunus trituberculatus,Invertebrate,8,2.13263454666667
Base,23,PortunusTrituberculatus,Portunus trituberculatus,Invertebrate,8,2.14335852
Base,24,PortunusTrituberculatus,Portunus trituberculatus,Invertebrate,8,2.13551926
Base,25,PortunusTrituberculatus,Portunus trituberculatus,Invertebrate,8,2.13841655666667
Base,26,PortunusTrituberculatus,Portunus trituberculatus,Invertebrate,8,2.14022042333333
Base,27,PortunusTrituberculatus,Portunus trituberculatus,Invertebrate,8,2.14295404
Base,28,PortunusTrituberculatus,Portunus trituberculatus,Invertebrate,8,2.14086282666667
Base,29,PortunusTrituberculatus,Portunus trituberculatus,Invertebrate,8,2.14140982
Base,30,PortunusTrituberculatus,Portunus trituberculatus,Invertebrate,8,2.1461196
Base,31,PortunusTrituberculatus,Portunus trituberculatus,Invertebrate,8,2.14034047333333
Base,32,PortunusTrituberculatus,Portunus trituberculatus,Invertebrate,8,2.14569394
Base,33,PortunusTrituberculatus,Portunus trituberculatus,Invertebrate,8,2.14159422666667
Base,34,PortunusTrituberculatus,Portunus trituberculatus,Invertebrate,8,2.14349580666667
Base,35,PortunusTrituberculatus,Portunus trituberculatus,Invertebrate,8,2.14117835666667
Base,36,PortunusTrituberculatus,Portunus trituberculatus,Invertebrate,8,2.14630610666667
Base,37,PortunusTrituberculatus,Portunus trituberculatus,Invertebrate,8,2.13937149333333
Base,38,PortunusTrituberculatus,Portunus trituberculatus,Invertebrate,8,2.14825246666667
Base,39,PortunusTrituberculatus,Portunus trituberculatus,Invertebrate,8,2.14004964333333
Base,40,PortunusTrituberculatus,Portunus trituberculatus,Invertebrate,8,2.13907767666667
Base,41,PortunusTrituberculatus,Portunus trituberculatus,Invertebrate,8,2.14407756
Base,42,PortunusTrituberculatus,Portunus trituberculatus,Invertebrate,8,2.14339627
Base,43,PortunusTrituberculatus,Portunus trituberculatus,Invertebrate,8,2.13811364
Base,44,PortunusTrituberculatus,Portunus trituberculatus,Invertebrate,8,2.13931794
Base,45,PortunusTrituberculatus,Portunus trituberculatus,Invertebrate,8,2.13891116333333
Base,46,PortunusTrituberculatus,Portunus trituberculatus,Invertebrate,8,2.14865451
Base,47,PortunusTrituberculatus,Portunus trituberculatus,Invertebrate,8,2.14079677333333
Base,48,PortunusTrituberculatus,Portunus trituberculatus,Invertebrate,8,2.13591646666667
Base,49,PortunusTrituberculatus,Portunus trituberculatus,Invertebrate,8,2.14165265333333
Base,50,PortunusTrituberculatus,Portunus trituberculatus,Invertebrate,8,2.14399641333333
Base,51,PortunusTrituberculatus,Portunus trituberculatus,Invertebrate,8,2.14477995666667
Base,52,PortunusTrituberculatus,Portunus trituberculatus,Invertebrate,8,2.14649965666667
Base,53,PortunusTrituberculatus,Portunus trituberculatus,Invertebrate,8,2.13852646333333
Base,54,PortunusTrituberculatus,Portunus trituberculatus,Invertebrate,8,2.14133356666667
Base,55,PortunusTrituberculatus,Portunus trituberculatus,Invertebrate,8,2.14018056
Base,56,PortunusTrituberculatus,Portunus trituberculatus,Invertebrate,8,2.13962664666667
Base,57,PortunusTrituberculatus,Portunus trituberculatus,Invertebrate,8,2.14075087666667
Base,58,PortunusTrituberculatus,Portunus trituberculatus,Invertebrate,8,2.14007380333333
Base,59,PortunusTrituberculatus,Portunus trituberculatus,Invertebrate,8,2.13776765666667
Base,60,PortunusTrituberculatus,Portunus trituberculatus,Invertebrate,8,2.14439099666667
Base,61,PortunusTrituberculatus,Portunus trituberculatus,Invertebrate,8,2.14398350333333
Base,62,PortunusTrituberculatus,Portunus trituberculatus,Invertebrate,8,2.14047426
Base,63,PortunusTrituberculatus,Portunus trituberculatus,Invertebrate,8,2.13910340333333
Base,64,PortunusTrituberculatus,Portunus trituberculatus,Invertebrate,8,2.14488632
Base,65,PortunusTrituberculatus,Portunus trituberculatus,Invertebrate,8,2.14655096
Base,66,PortunusTrituberculatus,Portunus trituberculatus,Invertebrate,8,2.14405855
Base,67,PortunusTrituberculatus,Portunus trituberculatus,Invertebrate,8,2.14380730666667
Base,68,PortunusTrituberculatus,Portunus trituberculatus,Invertebrate,8,2.14512727333333
Base,69,PortunusTrituberculatus,Portunus trituberculatus,Invertebrate,8,2.14721595666667
Base,70,PortunusTrituberculatus,Portunus trituberculatus,Invertebrate,8,2.14423645666667
Base,71,PortunusTrituberculatus,Portunus trituberculatus,Invertebrate,8,2.14036445666667
Base,72,PortunusTrituberculatus,Portunus trituberculatus,Invertebrate,8,2.14278046333333
Base,73,PortunusTrituberculatus,Portunus trituberculatus,Invertebrate,8,2.13832233333333
Base,74,PortunusTrituberculatus,Portunus trituberculatus,Invertebrate,8,2.14116895
Base,75,PortunusTrituberculatus,Portunus trituberculatus,Invertebrate,8,2.14015102
Base,76,PortunusTrituberculatus,Portunus trituberculatus,Invertebrate,8,2.13965960666667
Base,77,PortunusTrituberculatus,Portunus trituberculatus,Invertebrate,8,2.14289992333333
Base,78,PortunusTrituberculatus,Portunus trituberculatus,Invertebrate,8,2.13643803333333
Base,79,PortunusTrituberculatus,Portunus trituberculatus,Invertebrate,8,2.14419012666667
Base,80,PortunusTrituberculatus,Portunus trituberculatus,Invertebrate,8,2.13677834
Base,81,PortunusTrituberculatus,Portunus trituberculatus,Invertebrate,8,2.14036225
Base,82,PortunusTrituberculatus,Portunus trituberculatus,Invertebrate,8,2.13973455
Base,83,PortunusTrituberculatus,Portunus trituberculatus,Invertebrate,8,2.1359361
Base,84,PortunusTrituberculatus,Portunus trituberculatus,Invertebrate,8,2.14410258
Base,85,PortunusTrituberculatus,Portunus trituberculatus,Invertebrate,8,2.14150475333333
Base,86,PortunusTrituberculatus,Portunus trituberculatus,Invertebrate,8,2.14193840666667
Base,87,PortunusTrituberculatus,Portunus trituberculatus,Invertebrate,8,2.13802205333333
Base,88,PortunusTrituberculatus,Portunus trituberculatus,Invertebrate,8,2.13983319333333
Base,89,PortunusTrituberculatus,Portunus trituberculatus,Invertebrate,8,2.14248102
Base,90,PortunusTrituberculatus,Portunus trituberculatus,Invertebrate,8,2.14095732
Base,91,PortunusTrituberculatus,Portunus trituberculatus,Invertebrate,8,2.13296283333333
Base,92,PortunusTrituberculatus,Portunus trituberculatus,Invertebrate,8,2.14020151666667
Base,93,PortunusTrituberculatus,Portunus trituberculatus,Invertebrate,8,2.14113309
Base,94,PortunusTrituberculatus,Portunus trituberculatus,Invertebrate,8,2.13841309666667
Base,95,PortunusTrituberculatus,Portunus trituberculatus,Invertebrate,8,2.14351048333333
Base,96,PortunusTrituberculatus,Portunus trituberculatus,Invertebrate,8,2.13944127666667
Base,97,PortunusTrituberculatus,Portunus trituberculatus,Invertebrate,8,2.14429829333333
Base,98,PortunusTrituberculatus,Portunus trituberculatus,Invertebrate,8,2.14479133666667
Base,99,PortunusTrituberculatus,Portunus trituberculatus,Invertebrate,8,2.14219205
Base,100,PortunusTrituberculatus,Portunus trituberculatus,Invertebrate,8,2.14094058333333
Base,1,ScomberJaponicus,Scomber japonicus,Mid-trophic species,9,2.53805791333333
Base,2,ScomberJaponicus,Scomber japonicus,Mid-trophic species,9,2.53708523
Base,3,ScomberJaponicus,Scomber japonicus,Mid-trophic species,9,2.53944506
Base,4,ScomberJaponicus,Scomber japonicus,Mid-trophic species,9,2.53692088333333
Base,5,ScomberJaponicus,Scomber japonicus,Mid-trophic species,9,2.53825240333333
Base,6,ScomberJaponicus,Scomber japonicus,Mid-trophic species,9,2.53582553333333
Base,7,ScomberJaponicus,Scomber japonicus,Mid-trophic species,9,2.54254434333333
Base,8,ScomberJaponicus,Scomber japonicus,Mid-trophic species,9,2.53490016
Base,9,ScomberJaponicus,Scomber japonicus,Mid-trophic species,9,2.53549833666667
Base,10,ScomberJaponicus,Scomber japonicus,Mid-trophic species,9,2.53506226
Base,11,ScomberJaponicus,Scomber japonicus,Mid-trophic species,9,2.53942277666667
Base,12,ScomberJaponicus,Scomber japonicus,Mid-trophic species,9,2.53922137333333
Base,13,ScomberJaponicus,Scomber japonicus,Mid-trophic species,9,2.5374114
Base,14,ScomberJaponicus,Scomber japonicus,Mid-trophic species,9,2.54180816666667
Base,15,ScomberJaponicus,Scomber japonicus,Mid-trophic species,9,2.54088385333333
Base,16,ScomberJaponicus,Scomber japonicus,Mid-trophic species,9,2.53500402333333
Base,17,ScomberJaponicus,Scomber japonicus,Mid-trophic species,9,2.53868722
Base,18,ScomberJaponicus,Scomber japonicus,Mid-trophic species,9,2.53623723666667
Base,19,ScomberJaponicus,Scomber japonicus,Mid-trophic species,9,2.54230313666667
Base,20,ScomberJaponicus,Scomber japonicus,Mid-trophic species,9,2.53693735
Base,21,ScomberJaponicus,Scomber japonicus,Mid-trophic species,9,2.54415519666667
Base,22,ScomberJaponicus,Scomber japonicus,Mid-trophic species,9,2.53529329
Base,23,ScomberJaponicus,Scomber japonicus,Mid-trophic species,9,2.54180252666667
Base,24,ScomberJaponicus,Scomber japonicus,Mid-trophic species,9,2.53595208
Base,25,ScomberJaponicus,Scomber japonicus,Mid-trophic species,9,2.54105085333333
Base,26,ScomberJaponicus,Scomber japonicus,Mid-trophic species,9,2.53514381666667
Base,27,ScomberJaponicus,Scomber japonicus,Mid-trophic species,9,2.53587212333333
Base,28,ScomberJaponicus,Scomber japonicus,Mid-trophic species,9,2.54249985333333
Base,29,ScomberJaponicus,Scomber japonicus,Mid-trophic species,9,2.53912825
Base,30,ScomberJaponicus,Scomber japonicus,Mid-trophic species,9,2.53931237666667
Base,31,ScomberJaponicus,Scomber japonicus,Mid-trophic species,9,2.53468460333333
Base,32,ScomberJaponicus,Scomber japonicus,Mid-trophic species,9,2.54083248333333
Base,33,ScomberJaponicus,Scomber japonicus,Mid-trophic species,9,2.53965588666667
Base,34,ScomberJaponicus,Scomber japonicus,Mid-trophic species,9,2.53874211666667
Base,35,ScomberJaponicus,Scomber japonicus,Mid-trophic species,9,2.53948505333333
Base,36,ScomberJaponicus,Scomber japonicus,Mid-trophic species,9,2.53926625333333
Base,37,ScomberJaponicus,Scomber japonicus,Mid-trophic species,9,2.53749240333333
Base,38,ScomberJaponicus,Scomber japonicus,Mid-trophic species,9,2.54311056333333
Base,39,ScomberJaponicus,Scomber japonicus,Mid-trophic species,9,2.53796162333333
Base,40,ScomberJaponicus,Scomber japonicus,Mid-trophic species,9,2.53777798666667
Base,41,ScomberJaponicus,Scomber japonicus,Mid-trophic species,9,2.54069252333333
Base,42,ScomberJaponicus,Scomber japonicus,Mid-trophic species,9,2.53958686666667
Base,43,ScomberJaponicus,Scomber japonicus,Mid-trophic species,9,2.54118290333333
Base,44,ScomberJaponicus,Scomber japonicus,Mid-trophic species,9,2.53791766666667
Base,45,ScomberJaponicus,Scomber japonicus,Mid-trophic species,9,2.53653374333333
Base,46,ScomberJaponicus,Scomber japonicus,Mid-trophic species,9,2.53838245666667
Base,47,ScomberJaponicus,Scomber japonicus,Mid-trophic species,9,2.53864261666667
Base,48,ScomberJaponicus,Scomber japonicus,Mid-trophic species,9,2.54189840333333
Base,49,ScomberJaponicus,Scomber japonicus,Mid-trophic species,9,2.53800694
Base,50,ScomberJaponicus,Scomber japonicus,Mid-trophic species,9,2.53855308333333
Base,51,ScomberJaponicus,Scomber japonicus,Mid-trophic species,9,2.53759851666667
Base,52,ScomberJaponicus,Scomber japonicus,Mid-trophic species,9,2.53916458
Base,53,ScomberJaponicus,Scomber japonicus,Mid-trophic species,9,2.5374914
Base,54,ScomberJaponicus,Scomber japonicus,Mid-trophic species,9,2.54066525666667
Base,55,ScomberJaponicus,Scomber japonicus,Mid-trophic species,9,2.54033695
Base,56,ScomberJaponicus,Scomber japonicus,Mid-trophic species,9,2.53604938666667
Base,57,ScomberJaponicus,Scomber japonicus,Mid-trophic species,9,2.53747406333333
Base,58,ScomberJaponicus,Scomber japonicus,Mid-trophic species,9,2.54231740666667
Base,59,ScomberJaponicus,Scomber japonicus,Mid-trophic species,9,2.53756916666667
Base,60,ScomberJaponicus,Scomber japonicus,Mid-trophic species,9,2.54165533
Base,61,ScomberJaponicus,Scomber japonicus,Mid-trophic species,9,2.53483636
Base,62,ScomberJaponicus,Scomber japonicus,Mid-trophic species,9,2.53702832
Base,63,ScomberJaponicus,Scomber japonicus,Mid-trophic species,9,2.54102988
Base,64,ScomberJaponicus,Scomber japonicus,Mid-trophic species,9,2.5369809
Base,65,ScomberJaponicus,Scomber japonicus,Mid-trophic species,9,2.54130913666667
Base,66,ScomberJaponicus,Scomber japonicus,Mid-trophic species,9,2.53838530333333
Base,67,ScomberJaponicus,Scomber japonicus,Mid-trophic species,9,2.53936882666667
Base,68,ScomberJaponicus,Scomber japonicus,Mid-trophic species,9,2.53856239
Base,69,ScomberJaponicus,Scomber japonicus,Mid-trophic species,9,2.53911532333333
Base,70,ScomberJaponicus,Scomber japonicus,Mid-trophic species,9,2.54056088333333
Base,71,ScomberJaponicus,Scomber japonicus,Mid-trophic species,9,2.53966016333333
Base,72,ScomberJaponicus,Scomber japonicus,Mid-trophic species,9,2.53796288666667
Base,73,ScomberJaponicus,Scomber japonicus,Mid-trophic species,9,2.53573209666667
Base,74,ScomberJaponicus,Scomber japonicus,Mid-trophic species,9,2.54162118666667
Base,75,ScomberJaponicus,Scomber japonicus,Mid-trophic species,9,2.53759293333333
Base,76,ScomberJaponicus,Scomber japonicus,Mid-trophic species,9,2.53966802
Base,77,ScomberJaponicus,Scomber japonicus,Mid-trophic species,9,2.53715296
Base,78,ScomberJaponicus,Scomber japonicus,Mid-trophic species,9,2.53993075333333
Base,79,ScomberJaponicus,Scomber japonicus,Mid-trophic species,9,2.53883034
Base,80,ScomberJaponicus,Scomber japonicus,Mid-trophic species,9,2.54054679333333
Base,81,ScomberJaponicus,Scomber japonicus,Mid-trophic species,9,2.54026547333333
Base,82,ScomberJaponicus,Scomber japonicus,Mid-trophic species,9,2.54014035666667
Base,83,ScomberJaponicus,Scomber japonicus,Mid-trophic species,9,2.53745544333333
Base,84,ScomberJaponicus,Scomber japonicus,Mid-trophic species,9,2.53995243666667
Base,85,ScomberJaponicus,Scomber japonicus,Mid-trophic species,9,2.53609626
Base,86,ScomberJaponicus,Scomber japonicus,Mid-trophic species,9,2.54022139666667
Base,87,ScomberJaponicus,Scomber japonicus,Mid-trophic species,9,2.53877661666667
Base,88,ScomberJaponicus,Scomber japonicus,Mid-trophic species,9,2.53619279666667
Base,89,ScomberJaponicus,Scomber japonicus,Mid-trophic species,9,2.53735079333333
Base,90,ScomberJaponicus,Scomber japonicus,Mid-trophic species,9,2.53987346
Base,91,ScomberJaponicus,Scomber japonicus,Mid-trophic species,9,2.54146053
Base,92,ScomberJaponicus,Scomber japonicus,Mid-trophic species,9,2.53780010666667
Base,93,ScomberJaponicus,Scomber japonicus,Mid-trophic species,9,2.54125104666667
Base,94,ScomberJaponicus,Scomber japonicus,Mid-trophic species,9,2.53834607666667
Base,95,ScomberJaponicus,Scomber japonicus,Mid-trophic species,9,2.53735399
Base,96,ScomberJaponicus,Scomber japonicus,Mid-trophic species,9,2.53324574
Base,97,ScomberJaponicus,Scomber japonicus,Mid-trophic species,9,2.54145792
Base,98,ScomberJaponicus,Scomber japonicus,Mid-trophic species,9,2.53755081333333
Base,99,ScomberJaponicus,Scomber japonicus,Mid-trophic species,9,2.53919807666667
Base,100,ScomberJaponicus,Scomber japonicus,Mid-trophic species,9,2.53638618333333
Base,1,DecapterusMaruadsi,Decapterus maruadsi,Mid-trophic species,10,2.70354036333333
Base,2,DecapterusMaruadsi,Decapterus maruadsi,Mid-trophic species,10,2.70890575
Base,3,DecapterusMaruadsi,Decapterus maruadsi,Mid-trophic species,10,2.70801136
Base,4,DecapterusMaruadsi,Decapterus maruadsi,Mid-trophic species,10,2.71523956333333
Base,5,DecapterusMaruadsi,Decapterus maruadsi,Mid-trophic species,10,2.71346104333333
Base,6,DecapterusMaruadsi,Decapterus maruadsi,Mid-trophic species,10,2.71887873333333
Base,7,DecapterusMaruadsi,Decapterus maruadsi,Mid-trophic species,10,2.69151229
Base,8,DecapterusMaruadsi,Decapterus maruadsi,Mid-trophic species,10,2.70708842
Base,9,DecapterusMaruadsi,Decapterus maruadsi,Mid-trophic species,10,2.71841829666667
Base,10,DecapterusMaruadsi,Decapterus maruadsi,Mid-trophic species,10,2.70039093
Base,11,DecapterusMaruadsi,Decapterus maruadsi,Mid-trophic species,10,2.72201987333333
Base,12,DecapterusMaruadsi,Decapterus maruadsi,Mid-trophic species,10,2.7024531
Base,13,DecapterusMaruadsi,Decapterus maruadsi,Mid-trophic species,10,2.71550963333333
Base,14,DecapterusMaruadsi,Decapterus maruadsi,Mid-trophic species,10,2.72641315333333
Base,15,DecapterusMaruadsi,Decapterus maruadsi,Mid-trophic species,10,2.71134642
Base,16,DecapterusMaruadsi,Decapterus maruadsi,Mid-trophic species,10,2.72119325333333
Base,17,DecapterusMaruadsi,Decapterus maruadsi,Mid-trophic species,10,2.71651547
Base,18,DecapterusMaruadsi,Decapterus maruadsi,Mid-trophic species,10,2.71229148666667
Base,19,DecapterusMaruadsi,Decapterus maruadsi,Mid-trophic species,10,2.72535990666667
Base,20,DecapterusMaruadsi,Decapterus maruadsi,Mid-trophic species,10,2.72184939
Base,21,DecapterusMaruadsi,Decapterus maruadsi,Mid-trophic species,10,2.70787820333333
Base,22,DecapterusMaruadsi,Decapterus maruadsi,Mid-trophic species,10,2.69605859
Base,23,DecapterusMaruadsi,Decapterus maruadsi,Mid-trophic species,10,2.70126235
Base,24,DecapterusMaruadsi,Decapterus maruadsi,Mid-trophic species,10,2.71210092
Base,25,DecapterusMaruadsi,Decapterus maruadsi,Mid-trophic species,10,2.72302546666667
Base,26,DecapterusMaruadsi,Decapterus maruadsi,Mid-trophic species,10,2.72123428666667
Base,27,DecapterusMaruadsi,Decapterus maruadsi,Mid-trophic species,10,2.71127397666667
Base,28,DecapterusMaruadsi,Decapterus maruadsi,Mid-trophic species,10,2.71042667
Base,29,DecapterusMaruadsi,Decapterus maruadsi,Mid-trophic species,10,2.72393668333333
Base,30,DecapterusMaruadsi,Decapterus maruadsi,Mid-trophic species,10,2.70903503666667
Base,31,DecapterusMaruadsi,Decapterus maruadsi,Mid-trophic species,10,2.70626791333333
Base,32,DecapterusMaruadsi,Decapterus maruadsi,Mid-trophic species,10,2.72561076
Base,33,DecapterusMaruadsi,Decapterus maruadsi,Mid-trophic species,10,2.70672763
Base,34,DecapterusMaruadsi,Decapterus maruadsi,Mid-trophic species,10,2.72309443
Base,35,DecapterusMaruadsi,Decapterus maruadsi,Mid-trophic species,10,2.72095364666667
Base,36,DecapterusMaruadsi,Decapterus maruadsi,Mid-trophic species,10,2.71060730333333
Base,37,DecapterusMaruadsi,Decapterus maruadsi,Mid-trophic species,10,2.70478038
Base,38,DecapterusMaruadsi,Decapterus maruadsi,Mid-trophic species,10,2.7011961
Base,39,DecapterusMaruadsi,Decapterus maruadsi,Mid-trophic species,10,2.71814868
Base,40,DecapterusMaruadsi,Decapterus maruadsi,Mid-trophic species,10,2.71483174
Base,41,DecapterusMaruadsi,Decapterus maruadsi,Mid-trophic species,10,2.71594043666667
Base,42,DecapterusMaruadsi,Decapterus maruadsi,Mid-trophic species,10,2.71731960666667
Base,43,DecapterusMaruadsi,Decapterus maruadsi,Mid-trophic species,10,2.70081137
Base,44,DecapterusMaruadsi,Decapterus maruadsi,Mid-trophic species,10,2.71580289
Base,45,DecapterusMaruadsi,Decapterus maruadsi,Mid-trophic species,10,2.72660991666667
Base,46,DecapterusMaruadsi,Decapterus maruadsi,Mid-trophic species,10,2.73504753
Base,47,DecapterusMaruadsi,Decapterus maruadsi,Mid-trophic species,10,2.71796141
Base,48,DecapterusMaruadsi,Decapterus maruadsi,Mid-trophic species,10,2.72045997333333
Base,49,DecapterusMaruadsi,Decapterus maruadsi,Mid-trophic species,10,2.71300815333333
Base,50,DecapterusMaruadsi,Decapterus maruadsi,Mid-trophic species,10,2.72703791
Base,51,DecapterusMaruadsi,Decapterus maruadsi,Mid-trophic species,10,2.7281172
Base,52,DecapterusMaruadsi,Decapterus maruadsi,Mid-trophic species,10,2.70998388666667
Base,53,DecapterusMaruadsi,Decapterus maruadsi,Mid-trophic species,10,2.69773746666667
Base,54,DecapterusMaruadsi,Decapterus maruadsi,Mid-trophic species,10,2.71636243
Base,55,DecapterusMaruadsi,Decapterus maruadsi,Mid-trophic species,10,2.7396435
Base,56,DecapterusMaruadsi,Decapterus maruadsi,Mid-trophic species,10,2.72242380333333
Base,57,DecapterusMaruadsi,Decapterus maruadsi,Mid-trophic species,10,2.71842698333333
Base,58,DecapterusMaruadsi,Decapterus maruadsi,Mid-trophic species,10,2.72242055333333
Base,59,DecapterusMaruadsi,Decapterus maruadsi,Mid-trophic species,10,2.71619730333333
Base,60,DecapterusMaruadsi,Decapterus maruadsi,Mid-trophic species,10,2.70945016333333
Base,61,DecapterusMaruadsi,Decapterus maruadsi,Mid-trophic species,10,2.71079148666667
Base,62,DecapterusMaruadsi,Decapterus maruadsi,Mid-trophic species,10,2.70638684
Base,63,DecapterusMaruadsi,Decapterus maruadsi,Mid-trophic species,10,2.70978106333333
Base,64,DecapterusMaruadsi,Decapterus maruadsi,Mid-trophic species,10,2.70696505666667
Base,65,DecapterusMaruadsi,Decapterus maruadsi,Mid-trophic species,10,2.72060652666667
Base,66,DecapterusMaruadsi,Decapterus maruadsi,Mid-trophic species,10,2.71845132
Base,67,DecapterusMaruadsi,Decapterus maruadsi,Mid-trophic species,10,2.71033484666667
Base,68,DecapterusMaruadsi,Decapterus maruadsi,Mid-trophic species,10,2.72149127
Base,69,DecapterusMaruadsi,Decapterus maruadsi,Mid-trophic species,10,2.71078843333333
Base,70,DecapterusMaruadsi,Decapterus maruadsi,Mid-trophic species,10,2.71454026333333
Base,71,DecapterusMaruadsi,Decapterus maruadsi,Mid-trophic species,10,2.71710266
Base,72,DecapterusMaruadsi,Decapterus maruadsi,Mid-trophic species,10,2.71311780666667
Base,73,DecapterusMaruadsi,Decapterus maruadsi,Mid-trophic species,10,2.70049240333333
Base,74,DecapterusMaruadsi,Decapterus maruadsi,Mid-trophic species,10,2.71753548333333
Base,75,DecapterusMaruadsi,Decapterus maruadsi,Mid-trophic species,10,2.72073986333333
Base,76,DecapterusMaruadsi,Decapterus maruadsi,Mid-trophic species,10,2.71272288333333
Base,77,DecapterusMaruadsi,Decapterus maruadsi,Mid-trophic species,10,2.71826535666667
Base,78,DecapterusMaruadsi,Decapterus maruadsi,Mid-trophic species,10,2.72841340666667
Base,79,DecapterusMaruadsi,Decapterus maruadsi,Mid-trophic species,10,2.70926885333333
Base,80,DecapterusMaruadsi,Decapterus maruadsi,Mid-trophic species,10,2.71582414666667
Base,81,DecapterusMaruadsi,Decapterus maruadsi,Mid-trophic species,10,2.71590764
Base,82,DecapterusMaruadsi,Decapterus maruadsi,Mid-trophic species,10,2.72510407333333
Base,83,DecapterusMaruadsi,Decapterus maruadsi,Mid-trophic species,10,2.71827272666667
Base,84,DecapterusMaruadsi,Decapterus maruadsi,Mid-trophic species,10,2.71426054666667
Base,85,DecapterusMaruadsi,Decapterus maruadsi,Mid-trophic species,10,2.72665878
Base,86,DecapterusMaruadsi,Decapterus maruadsi,Mid-trophic species,10,2.71637110333333
Base,87,DecapterusMaruadsi,Decapterus maruadsi,Mid-trophic species,10,2.71999218333333
Base,88,DecapterusMaruadsi,Decapterus maruadsi,Mid-trophic species,10,2.72243494333333
Base,89,DecapterusMaruadsi,Decapterus maruadsi,Mid-trophic species,10,2.71187704
Base,90,DecapterusMaruadsi,Decapterus maruadsi,Mid-trophic species,10,2.71095739
Base,91,DecapterusMaruadsi,Decapterus maruadsi,Mid-trophic species,10,2.72464843666667
Base,92,DecapterusMaruadsi,Decapterus maruadsi,Mid-trophic species,10,2.70649702333333
Base,93,DecapterusMaruadsi,Decapterus maruadsi,Mid-trophic species,10,2.70931545333333
Base,94,DecapterusMaruadsi,Decapterus maruadsi,Mid-trophic species,10,2.70991026666667
Base,95,DecapterusMaruadsi,Decapterus maruadsi,Mid-trophic species,10,2.72151135
Base,96,DecapterusMaruadsi,Decapterus maruadsi,Mid-trophic species,10,2.71104284666667
Base,97,DecapterusMaruadsi,Decapterus maruadsi,Mid-trophic species,10,2.70625030666667
Base,98,DecapterusMaruadsi,Decapterus maruadsi,Mid-trophic species,10,2.70604795
Base,99,DecapterusMaruadsi,Decapterus maruadsi,Mid-trophic species,10,2.71436218
Base,100,DecapterusMaruadsi,Decapterus maruadsi,Mid-trophic species,10,2.72767127
Base,1,PennahiaArgentata,Pennahia argentata,Mid-trophic species,11,2.88714232
Base,2,PennahiaArgentata,Pennahia argentata,Mid-trophic species,11,2.90027054333333
Base,3,PennahiaArgentata,Pennahia argentata,Mid-trophic species,11,2.89754393333333
Base,4,PennahiaArgentata,Pennahia argentata,Mid-trophic species,11,2.88090930333333
Base,5,PennahiaArgentata,Pennahia argentata,Mid-trophic species,11,2.90258793666667
Base,6,PennahiaArgentata,Pennahia argentata,Mid-trophic species,11,2.90215795666667
Base,7,PennahiaArgentata,Pennahia argentata,Mid-trophic species,11,2.89120377
Base,8,PennahiaArgentata,Pennahia argentata,Mid-trophic species,11,2.88029839333333
Base,9,PennahiaArgentata,Pennahia argentata,Mid-trophic species,11,2.89936039666667
Base,10,PennahiaArgentata,Pennahia argentata,Mid-trophic species,11,2.89146244333333
Base,11,PennahiaArgentata,Pennahia argentata,Mid-trophic species,11,2.89535440666667
Base,12,PennahiaArgentata,Pennahia argentata,Mid-trophic species,11,2.89673602333333
Base,13,PennahiaArgentata,Pennahia argentata,Mid-trophic species,11,2.89500186333333
Base,14,PennahiaArgentata,Pennahia argentata,Mid-trophic species,11,2.88588924666667
Base,15,PennahiaArgentata,Pennahia argentata,Mid-trophic species,11,2.88923579
Base,16,PennahiaArgentata,Pennahia argentata,Mid-trophic species,11,2.88709944666667
Base,17,PennahiaArgentata,Pennahia argentata,Mid-trophic species,11,2.89495183
Base,18,PennahiaArgentata,Pennahia argentata,Mid-trophic species,11,2.88482272333333
Base,19,PennahiaArgentata,Pennahia argentata,Mid-trophic species,11,2.88681770666667
Base,20,PennahiaArgentata,Pennahia argentata,Mid-trophic species,11,2.89249352666667
Base,21,PennahiaArgentata,Pennahia argentata,Mid-trophic species,11,2.88451535666667
Base,22,PennahiaArgentata,Pennahia argentata,Mid-trophic species,11,2.8813758
Base,23,PennahiaArgentata,Pennahia argentata,Mid-trophic species,11,2.89038493666667
Base,24,PennahiaArgentata,Pennahia argentata,Mid-trophic species,11,2.88529513333333
Base,25,PennahiaArgentata,Pennahia argentata,Mid-trophic species,11,2.90001161333333
Base,26,PennahiaArgentata,Pennahia argentata,Mid-trophic species,11,2.89742915
Base,27,PennahiaArgentata,Pennahia argentata,Mid-trophic species,11,2.89448919666667
Base,28,PennahiaArgentata,Pennahia argentata,Mid-trophic species,11,2.89916437
Base,29,PennahiaArgentata,Pennahia argentata,Mid-trophic species,11,2.87533562333333
Base,30,PennahiaArgentata,Pennahia argentata,Mid-trophic species,11,2.89284176
Base,31,PennahiaArgentata,Pennahia argentata,Mid-trophic species,11,2.88502317666667
Base,32,PennahiaArgentata,Pennahia argentata,Mid-trophic species,11,2.88938499333333
Base,33,PennahiaArgentata,Pennahia argentata,Mid-trophic species,11,2.88108994
Base,34,PennahiaArgentata,Pennahia argentata,Mid-trophic species,11,2.88501460333333
Base,35,PennahiaArgentata,Pennahia argentata,Mid-trophic species,11,2.91384571333333
Base,36,PennahiaArgentata,Pennahia argentata,Mid-trophic species,11,2.89809903
Base,37,PennahiaArgentata,Pennahia argentata,Mid-trophic species,11,2.89810908333333
Base,38,PennahiaArgentata,Pennahia argentata,Mid-trophic species,11,2.88907457333333
Base,39,PennahiaArgentata,Pennahia argentata,Mid-trophic species,11,2.89492657
Base,40,PennahiaArgentata,Pennahia argentata,Mid-trophic species,11,2.88116078
Base,41,PennahiaArgentata,Pennahia argentata,Mid-trophic species,11,2.89826395333333
Base,42,PennahiaArgentata,Pennahia argentata,Mid-trophic species,11,2.89368789
Base,43,PennahiaArgentata,Pennahia argentata,Mid-trophic species,11,2.88897055333333
Base,44,PennahiaArgentata,Pennahia argentata,Mid-trophic species,11,2.89504892
Base,45,PennahiaArgentata,Pennahia argentata,Mid-trophic species,11,2.89506296666667
Base,46,PennahiaArgentata,Pennahia argentata,Mid-trophic species,11,2.90870478333333
Base,47,PennahiaArgentata,Pennahia argentata,Mid-trophic species,11,2.88457046333333
Base,48,PennahiaArgentata,Pennahia argentata,Mid-trophic species,11,2.90289379
Base,49,PennahiaArgentata,Pennahia argentata,Mid-trophic species,11,2.88554332666667
Base,50,PennahiaArgentata,Pennahia argentata,Mid-trophic species,11,2.89184886333333
Base,51,PennahiaArgentata,Pennahia argentata,Mid-trophic species,11,2.89766833333333
Base,52,PennahiaArgentata,Pennahia argentata,Mid-trophic species,11,2.88966734666667
Base,53,PennahiaArgentata,Pennahia argentata,Mid-trophic species,11,2.89550884666667
Base,54,PennahiaArgentata,Pennahia argentata,Mid-trophic species,11,2.90111262666667
Base,55,PennahiaArgentata,Pennahia argentata,Mid-trophic species,11,2.89604955
Base,56,PennahiaArgentata,Pennahia argentata,Mid-trophic species,11,2.89371918666667
Base,57,PennahiaArgentata,Pennahia argentata,Mid-trophic species,11,2.89619015
Base,58,PennahiaArgentata,Pennahia argentata,Mid-trophic species,11,2.89082190333333
Base,59,PennahiaArgentata,Pennahia argentata,Mid-trophic species,11,2.89660332
Base,60,PennahiaArgentata,Pennahia argentata,Mid-trophic species,11,2.88474061333333
Base,61,PennahiaArgentata,Pennahia argentata,Mid-trophic species,11,2.89435712333333
Base,62,PennahiaArgentata,Pennahia argentata,Mid-trophic species,11,2.888098
Base,63,PennahiaArgentata,Pennahia argentata,Mid-trophic species,11,2.89007095666667
Base,64,PennahiaArgentata,Pennahia argentata,Mid-trophic species,11,2.89142235666667
Base,65,PennahiaArgentata,Pennahia argentata,Mid-trophic species,11,2.89313020666667
Base,66,PennahiaArgentata,Pennahia argentata,Mid-trophic species,11,2.88942119
Base,67,PennahiaArgentata,Pennahia argentata,Mid-trophic species,11,2.90102276666667
Base,68,PennahiaArgentata,Pennahia argentata,Mid-trophic species,11,2.90120624
Base,69,PennahiaArgentata,Pennahia argentata,Mid-trophic species,11,2.88894509666667
Base,70,PennahiaArgentata,Pennahia argentata,Mid-trophic species,11,2.89338388
Base,71,PennahiaArgentata,Pennahia argentata,Mid-trophic species,11,2.88122249666667
Base,72,PennahiaArgentata,Pennahia argentata,Mid-trophic species,11,2.89100314666667
Base,73,PennahiaArgentata,Pennahia argentata,Mid-trophic species,11,2.88628983333333
Base,74,PennahiaArgentata,Pennahia argentata,Mid-trophic species,11,2.88619928333333
Base,75,PennahiaArgentata,Pennahia argentata,Mid-trophic species,11,2.90074553333333
Base,76,PennahiaArgentata,Pennahia argentata,Mid-trophic species,11,2.8917073
Base,77,PennahiaArgentata,Pennahia argentata,Mid-trophic species,11,2.88720491666667
Base,78,PennahiaArgentata,Pennahia argentata,Mid-trophic species,11,2.8901012
Base,79,PennahiaArgentata,Pennahia argentata,Mid-trophic species,11,2.87778258666667
Base,80,PennahiaArgentata,Pennahia argentata,Mid-trophic species,11,2.89461241
Base,81,PennahiaArgentata,Pennahia argentata,Mid-trophic species,11,2.88272934333333
Base,82,PennahiaArgentata,Pennahia argentata,Mid-trophic species,11,2.89006241333333
Base,83,PennahiaArgentata,Pennahia argentata,Mid-trophic species,11,2.88914672333333
Base,84,PennahiaArgentata,Pennahia argentata,Mid-trophic species,11,2.89170589333333
Base,85,PennahiaArgentata,Pennahia argentata,Mid-trophic species,11,2.8834508
Base,86,PennahiaArgentata,Pennahia argentata,Mid-trophic species,11,2.90975675
Base,87,PennahiaArgentata,Pennahia argentata,Mid-trophic species,11,2.88840876666667
Base,88,PennahiaArgentata,Pennahia argentata,Mid-trophic species,11,2.87860051333333
Base,89,PennahiaArgentata,Pennahia argentata,Mid-trophic species,11,2.88067231
Base,90,PennahiaArgentata,Pennahia argentata,Mid-trophic species,11,2.9033163
Base,91,PennahiaArgentata,Pennahia argentata,Mid-trophic species,11,2.89853183666667
Base,92,PennahiaArgentata,Pennahia argentata,Mid-trophic species,11,2.88434031333333
Base,93,PennahiaArgentata,Pennahia argentata,Mid-trophic species,11,2.90247119
Base,94,PennahiaArgentata,Pennahia argentata,Mid-trophic species,11,2.89030609666667
Base,95,PennahiaArgentata,Pennahia argentata,Mid-trophic species,11,2.89857673
Base,96,PennahiaArgentata,Pennahia argentata,Mid-trophic species,11,2.88809376666667
Base,97,PennahiaArgentata,Pennahia argentata,Mid-trophic species,11,2.88743924333333
Base,98,PennahiaArgentata,Pennahia argentata,Mid-trophic species,11,2.89166659
Base,99,PennahiaArgentata,Pennahia argentata,Mid-trophic species,11,2.89304394666667
Base,100,PennahiaArgentata,Pennahia argentata,Mid-trophic species,11,2.89756511666667
Base,1,PampusArgenteus,Pampus argenteus,Mid-trophic species,12,2.82008635
Base,2,PampusArgenteus,Pampus argenteus,Mid-trophic species,12,2.83001952333333
Base,3,PampusArgenteus,Pampus argenteus,Mid-trophic species,12,2.83811499
Base,4,PampusArgenteus,Pampus argenteus,Mid-trophic species,12,2.82944261
Base,5,PampusArgenteus,Pampus argenteus,Mid-trophic species,12,2.81998976666667
Base,6,PampusArgenteus,Pampus argenteus,Mid-trophic species,12,2.83869304333333
Base,7,PampusArgenteus,Pampus argenteus,Mid-trophic species,12,2.82249397
Base,8,PampusArgenteus,Pampus argenteus,Mid-trophic species,12,2.82278070333333
Base,9,PampusArgenteus,Pampus argenteus,Mid-trophic species,12,2.82485473666667
Base,10,PampusArgenteus,Pampus argenteus,Mid-trophic species,12,2.81085475666667
Base,11,PampusArgenteus,Pampus argenteus,Mid-trophic species,12,2.81265292
Base,12,PampusArgenteus,Pampus argenteus,Mid-trophic species,12,2.82167768
Base,13,PampusArgenteus,Pampus argenteus,Mid-trophic species,12,2.83434402
Base,14,PampusArgenteus,Pampus argenteus,Mid-trophic species,12,2.81505298666667
Base,15,PampusArgenteus,Pampus argenteus,Mid-trophic species,12,2.84635719
Base,16,PampusArgenteus,Pampus argenteus,Mid-trophic species,12,2.81658126666667
Base,17,PampusArgenteus,Pampus argenteus,Mid-trophic species,12,2.83375177
Base,18,PampusArgenteus,Pampus argenteus,Mid-trophic species,12,2.85081222333333
Base,19,PampusArgenteus,Pampus argenteus,Mid-trophic species,12,2.83045803
Base,20,PampusArgenteus,Pampus argenteus,Mid-trophic species,12,2.82432780666667
Base,21,PampusArgenteus,Pampus argenteus,Mid-trophic species,12,2.82546598
Base,22,PampusArgenteus,Pampus argenteus,Mid-trophic species,12,2.81647666
Base,23,PampusArgenteus,Pampus argenteus,Mid-trophic species,12,2.81671942333333
Base,24,PampusArgenteus,Pampus argenteus,Mid-trophic species,12,2.80458195333333
Base,25,PampusArgenteus,Pampus argenteus,Mid-trophic species,12,2.82765896
Base,26,PampusArgenteus,Pampus argenteus,Mid-trophic species,12,2.82303440333333
Base,27,PampusArgenteus,Pampus argenteus,Mid-trophic species,12,2.82335489666667
Base,28,PampusArgenteus,Pampus argenteus,Mid-trophic species,12,2.82225185333333
Base,29,PampusArgenteus,Pampus argenteus,Mid-trophic species,12,2.84220811666667
Base,30,PampusArgenteus,Pampus argenteus,Mid-trophic species,12,2.82086441
Base,31,PampusArgenteus,Pampus argenteus,Mid-trophic species,12,2.83612304
Base,32,PampusArgenteus,Pampus argenteus,Mid-trophic species,12,2.82730823333333
Base,33,PampusArgenteus,Pampus argenteus,Mid-trophic species,12,2.83202097
Base,34,PampusArgenteus,Pampus argenteus,Mid-trophic species,12,2.84218194333333
Base,35,PampusArgenteus,Pampus argenteus,Mid-trophic species,12,2.82215254666667
Base,36,PampusArgenteus,Pampus argenteus,Mid-trophic species,12,2.82250556333333
Base,37,PampusArgenteus,Pampus argenteus,Mid-trophic species,12,2.82309786333333
Base,38,PampusArgenteus,Pampus argenteus,Mid-trophic species,12,2.81455065666667
Base,39,PampusArgenteus,Pampus argenteus,Mid-trophic species,12,2.82689043
Base,40,PampusArgenteus,Pampus argenteus,Mid-trophic species,12,2.82520791333333
Base,41,PampusArgenteus,Pampus argenteus,Mid-trophic species,12,2.84779213333333
Base,42,PampusArgenteus,Pampus argenteus,Mid-trophic species,12,2.82783401333333
Base,43,PampusArgenteus,Pampus argenteus,Mid-trophic species,12,2.83949279333333
Base,44,PampusArgenteus,Pampus argenteus,Mid-trophic species,12,2.82542768
Base,45,PampusArgenteus,Pampus argenteus,Mid-trophic species,12,2.82217664
Base,46,PampusArgenteus,Pampus argenteus,Mid-trophic species,12,2.824823
Base,47,PampusArgenteus,Pampus argenteus,Mid-trophic species,12,2.84515409333333
Base,48,PampusArgenteus,Pampus argenteus,Mid-trophic species,12,2.82554085
Base,49,PampusArgenteus,Pampus argenteus,Mid-trophic species,12,2.84117986
Base,50,PampusArgenteus,Pampus argenteus,Mid-trophic species,12,2.83299005666667
Base,51,PampusArgenteus,Pampus argenteus,Mid-trophic species,12,2.83644162666667
Base,52,PampusArgenteus,Pampus argenteus,Mid-trophic species,12,2.83215776
Base,53,PampusArgenteus,Pampus argenteus,Mid-trophic species,12,2.82557826
Base,54,PampusArgenteus,Pampus argenteus,Mid-trophic species,12,2.81886703666667
Base,55,PampusArgenteus,Pampus argenteus,Mid-trophic species,12,2.82535397333333
Base,56,PampusArgenteus,Pampus argenteus,Mid-trophic species,12,2.83703356333333
Base,57,PampusArgenteus,Pampus argenteus,Mid-trophic species,12,2.82216238333333
Base,58,PampusArgenteus,Pampus argenteus,Mid-trophic species,12,2.83088652666667
Base,59,PampusArgenteus,Pampus argenteus,Mid-trophic species,12,2.82312359666667
Base,60,PampusArgenteus,Pampus argenteus,Mid-trophic species,12,2.82961802
Base,61,PampusArgenteus,Pampus argenteus,Mid-trophic species,12,2.82581413666667
Base,62,PampusArgenteus,Pampus argenteus,Mid-trophic species,12,2.81108385333333
Base,63,PampusArgenteus,Pampus argenteus,Mid-trophic species,12,2.83042971333333
Base,64,PampusArgenteus,Pampus argenteus,Mid-trophic species,12,2.81799858333333
Base,65,PampusArgenteus,Pampus argenteus,Mid-trophic species,12,2.83214578666667
Base,66,PampusArgenteus,Pampus argenteus,Mid-trophic species,12,2.83991525
Base,67,PampusArgenteus,Pampus argenteus,Mid-trophic species,12,2.83667023333333
Base,68,PampusArgenteus,Pampus argenteus,Mid-trophic species,12,2.82907689333333
Base,69,PampusArgenteus,Pampus argenteus,Mid-trophic species,12,2.82537263666667
Base,70,PampusArgenteus,Pampus argenteus,Mid-trophic species,12,2.83042445
Base,71,PampusArgenteus,Pampus argenteus,Mid-trophic species,12,2.82015910333333
Base,72,PampusArgenteus,Pampus argenteus,Mid-trophic species,12,2.82521668666667
Base,73,PampusArgenteus,Pampus argenteus,Mid-trophic species,12,2.81179277666667
Base,74,PampusArgenteus,Pampus argenteus,Mid-trophic species,12,2.86554108333333
Base,75,PampusArgenteus,Pampus argenteus,Mid-trophic species,12,2.83537734
Base,76,PampusArgenteus,Pampus argenteus,Mid-trophic species,12,2.84161857
Base,77,PampusArgenteus,Pampus argenteus,Mid-trophic species,12,2.8293301
Base,78,PampusArgenteus,Pampus argenteus,Mid-trophic species,12,2.83706885
Base,79,PampusArgenteus,Pampus argenteus,Mid-trophic species,12,2.81515575
Base,80,PampusArgenteus,Pampus argenteus,Mid-trophic species,12,2.81968183333333
Base,81,PampusArgenteus,Pampus argenteus,Mid-trophic species,12,2.81640089
Base,82,PampusArgenteus,Pampus argenteus,Mid-trophic species,12,2.83595578666667
Base,83,PampusArgenteus,Pampus argenteus,Mid-trophic species,12,2.83652629333333
Base,84,PampusArgenteus,Pampus argenteus,Mid-trophic species,12,2.81804617666667
Base,85,PampusArgenteus,Pampus argenteus,Mid-trophic species,12,2.83830015
Base,86,PampusArgenteus,Pampus argenteus,Mid-trophic species,12,2.82031848333333
Base,87,PampusArgenteus,Pampus argenteus,Mid-trophic species,12,2.82258594
Base,88,PampusArgenteus,Pampus argenteus,Mid-trophic species,12,2.82054767666667
Base,89,PampusArgenteus,Pampus argenteus,Mid-trophic species,12,2.84065444666667
Base,90,PampusArgenteus,Pampus argenteus,Mid-trophic species,12,2.83010513666667
Base,91,PampusArgenteus,Pampus argenteus,Mid-trophic species,12,2.81838702333333
Base,92,PampusArgenteus,Pampus argenteus,Mid-trophic species,12,2.82392721666667
Base,93,PampusArgenteus,Pampus argenteus,Mid-trophic species,12,2.84527319666667
Base,94,PampusArgenteus,Pampus argenteus,Mid-trophic species,12,2.83089384666667
Base,95,PampusArgenteus,Pampus argenteus,Mid-trophic species,12,2.84088247
Base,96,PampusArgenteus,Pampus argenteus,Mid-trophic species,12,2.80522321333333
Base,97,PampusArgenteus,Pampus argenteus,Mid-trophic species,12,2.83603016
Base,98,PampusArgenteus,Pampus argenteus,Mid-trophic species,12,2.82397652
Base,99,PampusArgenteus,Pampus argenteus,Mid-trophic species,12,2.83369763333333
Base,100,PampusArgenteus,Pampus argenteus,Mid-trophic species,12,2.84499323666667
Base,1,LarimichthysPolyactis,Larimichthys polyactis,Mid-trophic species,13,2.60634763333333
Base,2,LarimichthysPolyactis,Larimichthys polyactis,Mid-trophic species,13,2.60506704
Base,3,LarimichthysPolyactis,Larimichthys polyactis,Mid-trophic species,13,2.59151494
Base,4,LarimichthysPolyactis,Larimichthys polyactis,Mid-trophic species,13,2.61589470666667
Base,5,LarimichthysPolyactis,Larimichthys polyactis,Mid-trophic species,13,2.60977737
Base,6,LarimichthysPolyactis,Larimichthys polyactis,Mid-trophic species,13,2.58218401
Base,7,LarimichthysPolyactis,Larimichthys polyactis,Mid-trophic species,13,2.61746318666667
Base,8,LarimichthysPolyactis,Larimichthys polyactis,Mid-trophic species,13,2.60928536666667
Base,9,LarimichthysPolyactis,Larimichthys polyactis,Mid-trophic species,13,2.61489582666667
Base,10,LarimichthysPolyactis,Larimichthys polyactis,Mid-trophic species,13,2.60381621
Base,11,LarimichthysPolyactis,Larimichthys polyactis,Mid-trophic species,13,2.59665321
Base,12,LarimichthysPolyactis,Larimichthys polyactis,Mid-trophic species,13,2.59828008
Base,13,LarimichthysPolyactis,Larimichthys polyactis,Mid-trophic species,13,2.61597370333333
Base,14,LarimichthysPolyactis,Larimichthys polyactis,Mid-trophic species,13,2.60341043
Base,15,LarimichthysPolyactis,Larimichthys polyactis,Mid-trophic species,13,2.60190425666667
Base,16,LarimichthysPolyactis,Larimichthys polyactis,Mid-trophic species,13,2.61170220666667
Base,17,LarimichthysPolyactis,Larimichthys polyactis,Mid-trophic species,13,2.60654725
Base,18,LarimichthysPolyactis,Larimichthys polyactis,Mid-trophic species,13,2.61688055
Base,19,LarimichthysPolyactis,Larimichthys polyactis,Mid-trophic species,13,2.61821386
Base,20,LarimichthysPolyactis,Larimichthys polyactis,Mid-trophic species,13,2.60248772666667
Base,21,LarimichthysPolyactis,Larimichthys polyactis,Mid-trophic species,13,2.61042643666667
Base,22,LarimichthysPolyactis,Larimichthys polyactis,Mid-trophic species,13,2.60937252333333
Base,23,LarimichthysPolyactis,Larimichthys polyactis,Mid-trophic species,13,2.61944702333333
Base,24,LarimichthysPolyactis,Larimichthys polyactis,Mid-trophic species,13,2.59567291333333
Base,25,LarimichthysPolyactis,Larimichthys polyactis,Mid-trophic species,13,2.60673889333333
Base,26,LarimichthysPolyactis,Larimichthys polyactis,Mid-trophic species,13,2.600954
Base,27,LarimichthysPolyactis,Larimichthys polyactis,Mid-trophic species,13,2.60496132666667
Base,28,LarimichthysPolyactis,Larimichthys polyactis,Mid-trophic species,13,2.60733103
Base,29,LarimichthysPolyactis,Larimichthys polyactis,Mid-trophic species,13,2.61571222333333
Base,30,LarimichthysPolyactis,Larimichthys polyactis,Mid-trophic species,13,2.60946134666667
Base,31,LarimichthysPolyactis,Larimichthys polyactis,Mid-trophic species,13,2.60330743333333
Base,32,LarimichthysPolyactis,Larimichthys polyactis,Mid-trophic species,13,2.60718877333333
Base,33,LarimichthysPolyactis,Larimichthys polyactis,Mid-trophic species,13,2.61090544
Base,34,LarimichthysPolyactis,Larimichthys polyactis,Mid-trophic species,13,2.61121611333333
Base,35,LarimichthysPolyactis,Larimichthys polyactis,Mid-trophic species,13,2.60454998333333
Base,36,LarimichthysPolyactis,Larimichthys polyactis,Mid-trophic species,13,2.60252273333333
Base,37,LarimichthysPolyactis,Larimichthys polyactis,Mid-trophic species,13,2.60927256333333
Base,38,LarimichthysPolyactis,Larimichthys polyactis,Mid-trophic species,13,2.60629635333333
Base,39,LarimichthysPolyactis,Larimichthys polyactis,Mid-trophic species,13,2.60776594333333
Base,40,LarimichthysPolyactis,Larimichthys polyactis,Mid-trophic species,13,2.60473186
Base,41,LarimichthysPolyactis,Larimichthys polyactis,Mid-trophic species,13,2.6174934
Base,42,LarimichthysPolyactis,Larimichthys polyactis,Mid-trophic species,13,2.62245657
Base,43,LarimichthysPolyactis,Larimichthys polyactis,Mid-trophic species,13,2.61733831666667
Base,44,LarimichthysPolyactis,Larimichthys polyactis,Mid-trophic species,13,2.60929021
Base,45,LarimichthysPolyactis,Larimichthys polyactis,Mid-trophic species,13,2.61261712333333
Base,46,LarimichthysPolyactis,Larimichthys polyactis,Mid-trophic species,13,2.61064688666667
Base,47,LarimichthysPolyactis,Larimichthys polyactis,Mid-trophic species,13,2.61111096666667
Base,48,LarimichthysPolyactis,Larimichthys polyactis,Mid-trophic species,13,2.62067552666667
Base,49,LarimichthysPolyactis,Larimichthys polyactis,Mid-trophic species,13,2.61142412
Base,50,LarimichthysPolyactis,Larimichthys polyactis,Mid-trophic species,13,2.60888441333333
Base,51,LarimichthysPolyactis,Larimichthys polyactis,Mid-trophic species,13,2.61631284666667
Base,52,LarimichthysPolyactis,Larimichthys polyactis,Mid-trophic species,13,2.61159335666667
Base,53,LarimichthysPolyactis,Larimichthys polyactis,Mid-trophic species,13,2.60874658333333
Base,54,LarimichthysPolyactis,Larimichthys polyactis,Mid-trophic species,13,2.61720544666667
Base,55,LarimichthysPolyactis,Larimichthys polyactis,Mid-trophic species,13,2.61711426
Base,56,LarimichthysPolyactis,Larimichthys polyactis,Mid-trophic species,13,2.60498916333333
Base,57,LarimichthysPolyactis,Larimichthys polyactis,Mid-trophic species,13,2.58568938666667
Base,58,LarimichthysPolyactis,Larimichthys polyactis,Mid-trophic species,13,2.60023694666667
Base,59,LarimichthysPolyactis,Larimichthys polyactis,Mid-trophic species,13,2.60360058
Base,60,LarimichthysPolyactis,Larimichthys polyactis,Mid-trophic species,13,2.60526322
Base,61,LarimichthysPolyactis,Larimichthys polyactis,Mid-trophic species,13,2.61750468666667
Base,62,LarimichthysPolyactis,Larimichthys polyactis,Mid-trophic species,13,2.60997234333333
Base,63,LarimichthysPolyactis,Larimichthys polyactis,Mid-trophic species,13,2.60148286666667
Base,64,LarimichthysPolyactis,Larimichthys polyactis,Mid-trophic species,13,2.60030085333333
Base,65,LarimichthysPolyactis,Larimichthys polyactis,Mid-trophic species,13,2.59921061666667
Base,66,LarimichthysPolyactis,Larimichthys polyactis,Mid-trophic species,13,2.60988473
Base,67,LarimichthysPolyactis,Larimichthys polyactis,Mid-trophic species,13,2.61491165666667
Base,68,LarimichthysPolyactis,Larimichthys polyactis,Mid-trophic species,13,2.60667751
Base,69,LarimichthysPolyactis,Larimichthys polyactis,Mid-trophic species,13,2.6083509
Base,70,LarimichthysPolyactis,Larimichthys polyactis,Mid-trophic species,13,2.60625763333333
Base,71,LarimichthysPolyactis,Larimichthys polyactis,Mid-trophic species,13,2.61401597666667
Base,72,LarimichthysPolyactis,Larimichthys polyactis,Mid-trophic species,13,2.59839366
Base,73,LarimichthysPolyactis,Larimichthys polyactis,Mid-trophic species,13,2.61079275
Base,74,LarimichthysPolyactis,Larimichthys polyactis,Mid-trophic species,13,2.59587969
Base,75,LarimichthysPolyactis,Larimichthys polyactis,Mid-trophic species,13,2.60582692
Base,76,LarimichthysPolyactis,Larimichthys polyactis,Mid-trophic species,13,2.60398466
Base,77,LarimichthysPolyactis,Larimichthys polyactis,Mid-trophic species,13,2.60460555
Base,78,LarimichthysPolyactis,Larimichthys polyactis,Mid-trophic species,13,2.61842338333333
Base,79,LarimichthysPolyactis,Larimichthys polyactis,Mid-trophic species,13,2.61714047666667
Base,80,LarimichthysPolyactis,Larimichthys polyactis,Mid-trophic species,13,2.60719357
Base,81,LarimichthysPolyactis,Larimichthys polyactis,Mid-trophic species,13,2.60478331
Base,82,LarimichthysPolyactis,Larimichthys polyactis,Mid-trophic species,13,2.60914069
Base,83,LarimichthysPolyactis,Larimichthys polyactis,Mid-trophic species,13,2.62063398333333
Base,84,LarimichthysPolyactis,Larimichthys polyactis,Mid-trophic species,13,2.60890891666667
Base,85,LarimichthysPolyactis,Larimichthys polyactis,Mid-trophic species,13,2.59786291666667
Base,86,LarimichthysPolyactis,Larimichthys polyactis,Mid-trophic species,13,2.60335640333333
Base,87,LarimichthysPolyactis,Larimichthys polyactis,Mid-trophic species,13,2.61089774
Base,88,LarimichthysPolyactis,Larimichthys polyactis,Mid-trophic species,13,2.59946089333333
Base,89,LarimichthysPolyactis,Larimichthys polyactis,Mid-trophic species,13,2.61745757666667
Base,90,LarimichthysPolyactis,Larimichthys polyactis,Mid-trophic species,13,2.61379561666667
Base,91,LarimichthysPolyactis,Larimichthys polyactis,Mid-trophic species,13,2.60377057333333
Base,92,LarimichthysPolyactis,Larimichthys polyactis,Mid-trophic species,13,2.59944750666667
Base,93,LarimichthysPolyactis,Larimichthys polyactis,Mid-trophic species,13,2.59767249666667
Base,94,LarimichthysPolyactis,Larimichthys polyactis,Mid-trophic species,13,2.60849527
Base,95,LarimichthysPolyactis,Larimichthys polyactis,Mid-trophic species,13,2.61109143333333
Base,96,LarimichthysPolyactis,Larimichthys polyactis,Mid-trophic species,13,2.58608985333333
Base,97,LarimichthysPolyactis,Larimichthys polyactis,Mid-trophic species,13,2.59579648666667
Base,98,LarimichthysPolyactis,Larimichthys polyactis,Mid-trophic species,13,2.60560423
Base,99,LarimichthysPolyactis,Larimichthys polyactis,Mid-trophic species,13,2.62675373666667
Base,100,LarimichthysPolyactis,Larimichthys polyactis,Mid-trophic species,13,2.61251351
Base,1,TrachurusJaponicus,Trachurus japonicus,Mid-trophic species,14,2.67681683
Base,2,TrachurusJaponicus,Trachurus japonicus,Mid-trophic species,14,2.68478745333333
Base,3,TrachurusJaponicus,Trachurus japonicus,Mid-trophic species,14,2.67645471
Base,4,TrachurusJaponicus,Trachurus japonicus,Mid-trophic species,14,2.66668286666667
Base,5,TrachurusJaponicus,Trachurus japonicus,Mid-trophic species,14,2.67454759333333
Base,6,TrachurusJaponicus,Trachurus japonicus,Mid-trophic species,14,2.67743489333333
Base,7,TrachurusJaponicus,Trachurus japonicus,Mid-trophic species,14,2.67258137333333
Base,8,TrachurusJaponicus,Trachurus japonicus,Mid-trophic species,14,2.67970962333333
Base,9,TrachurusJaponicus,Trachurus japonicus,Mid-trophic species,14,2.66377285
Base,10,TrachurusJaponicus,Trachurus japonicus,Mid-trophic species,14,2.66687978666667
Base,11,TrachurusJaponicus,Trachurus japonicus,Mid-trophic species,14,2.68960953333333
Base,12,TrachurusJaponicus,Trachurus japonicus,Mid-trophic species,14,2.67117123
Base,13,TrachurusJaponicus,Trachurus japonicus,Mid-trophic species,14,2.68613237
Base,14,TrachurusJaponicus,Trachurus japonicus,Mid-trophic species,14,2.67809711333333
Base,15,TrachurusJaponicus,Trachurus japonicus,Mid-trophic species,14,2.69847085333333
Base,16,TrachurusJaponicus,Trachurus japonicus,Mid-trophic species,14,2.66775171666667
Base,17,TrachurusJaponicus,Trachurus japonicus,Mid-trophic species,14,2.67194213
Base,18,TrachurusJaponicus,Trachurus japonicus,Mid-trophic species,14,2.67084319333333
Base,19,TrachurusJaponicus,Trachurus japonicus,Mid-trophic species,14,2.65363124333333
Base,20,TrachurusJaponicus,Trachurus japonicus,Mid-trophic species,14,2.67820433
Base,21,TrachurusJaponicus,Trachurus japonicus,Mid-trophic species,14,2.67492316333333
Base,22,TrachurusJaponicus,Trachurus japonicus,Mid-trophic species,14,2.67632966666667
Base,23,TrachurusJaponicus,Trachurus japonicus,Mid-trophic species,14,2.65635808666667
Base,24,TrachurusJaponicus,Trachurus japonicus,Mid-trophic species,14,2.69081364666667
Base,25,TrachurusJaponicus,Trachurus japonicus,Mid-trophic species,14,2.67113337
Base,26,TrachurusJaponicus,Trachurus japonicus,Mid-trophic species,14,2.65313650666667
Base,27,TrachurusJaponicus,Trachurus japonicus,Mid-trophic species,14,2.66446063333333
Base,28,TrachurusJaponicus,Trachurus japonicus,Mid-trophic species,14,2.65483853666667
Base,29,TrachurusJaponicus,Trachurus japonicus,Mid-trophic species,14,2.66558045
Base,30,TrachurusJaponicus,Trachurus japonicus,Mid-trophic species,14,2.67325291
Base,31,TrachurusJaponicus,Trachurus japonicus,Mid-trophic species,14,2.66825335
Base,32,TrachurusJaponicus,Trachurus japonicus,Mid-trophic species,14,2.65168347333333
Base,33,TrachurusJaponicus,Trachurus japonicus,Mid-trophic species,14,2.67931296333333
Base,34,TrachurusJaponicus,Trachurus japonicus,Mid-trophic species,14,2.66670354333333
Base,35,TrachurusJaponicus,Trachurus japonicus,Mid-trophic species,14,2.66503023
Base,36,TrachurusJaponicus,Trachurus japonicus,Mid-trophic species,14,2.67056630666667
Base,37,TrachurusJaponicus,Trachurus japonicus,Mid-trophic species,14,2.68210024333333
Base,38,TrachurusJaponicus,Trachurus japonicus,Mid-trophic species,14,2.67590273333333
Base,39,TrachurusJaponicus,Trachurus japonicus,Mid-trophic species,14,2.67987947
Base,40,TrachurusJaponicus,Trachurus japonicus,Mid-trophic species,14,2.67712131333333
Base,41,TrachurusJaponicus,Trachurus japonicus,Mid-trophic species,14,2.67441792666667
Base,42,TrachurusJaponicus,Trachurus japonicus,Mid-trophic species,14,2.67681896333333
Base,43,TrachurusJaponicus,Trachurus japonicus,Mid-trophic species,14,2.66955877333333
Base,44,TrachurusJaponicus,Trachurus japonicus,Mid-trophic species,14,2.67827652
Base,45,TrachurusJaponicus,Trachurus japonicus,Mid-trophic species,14,2.67070939666667
Base,46,TrachurusJaponicus,Trachurus japonicus,Mid-trophic species,14,2.67519265
Base,47,TrachurusJaponicus,Trachurus japonicus,Mid-trophic species,14,2.68469952333333
Base,48,TrachurusJaponicus,Trachurus japonicus,Mid-trophic species,14,2.67734780333333
Base,49,TrachurusJaponicus,Trachurus japonicus,Mid-trophic species,14,2.67272692333333
Base,50,TrachurusJaponicus,Trachurus japonicus,Mid-trophic species,14,2.6721638
Base,51,TrachurusJaponicus,Trachurus japonicus,Mid-trophic species,14,2.68906457
Base,52,TrachurusJaponicus,Trachurus japonicus,Mid-trophic species,14,2.68782632666667
Base,53,TrachurusJaponicus,Trachurus japonicus,Mid-trophic species,14,2.67199074
Base,54,TrachurusJaponicus,Trachurus japonicus,Mid-trophic species,14,2.66314658666667
Base,55,TrachurusJaponicus,Trachurus japonicus,Mid-trophic species,14,2.67441907666667
Base,56,TrachurusJaponicus,Trachurus japonicus,Mid-trophic species,14,2.65273970666667
Base,57,TrachurusJaponicus,Trachurus japonicus,Mid-trophic species,14,2.67142732
Base,58,TrachurusJaponicus,Trachurus japonicus,Mid-trophic species,14,2.69420729666667
Base,59,TrachurusJaponicus,Trachurus japonicus,Mid-trophic species,14,2.66433563666667
Base,60,TrachurusJaponicus,Trachurus japonicus,Mid-trophic species,14,2.68232015
Base,61,TrachurusJaponicus,Trachurus japonicus,Mid-trophic species,14,2.66872696333333
Base,62,TrachurusJaponicus,Trachurus japonicus,Mid-trophic species,14,2.65906869666667
Base,63,TrachurusJaponicus,Trachurus japonicus,Mid-trophic species,14,2.68129868666667
Base,64,TrachurusJaponicus,Trachurus japonicus,Mid-trophic species,14,2.67180574
Base,65,TrachurusJaponicus,Trachurus japonicus,Mid-trophic species,14,2.65405749
Base,66,TrachurusJaponicus,Trachurus japonicus,Mid-trophic species,14,2.67952008666667
Base,67,TrachurusJaponicus,Trachurus japonicus,Mid-trophic species,14,2.66274759666667
Base,68,TrachurusJaponicus,Trachurus japonicus,Mid-trophic species,14,2.69578371333333
Base,69,TrachurusJaponicus,Trachurus japonicus,Mid-trophic species,14,2.68336769333333
Base,70,TrachurusJaponicus,Trachurus japonicus,Mid-trophic species,14,2.69080946
Base,71,TrachurusJaponicus,Trachurus japonicus,Mid-trophic species,14,2.68376911
Base,72,TrachurusJaponicus,Trachurus japonicus,Mid-trophic species,14,2.67841796333333
Base,73,TrachurusJaponicus,Trachurus japonicus,Mid-trophic species,14,2.6755196
Base,74,TrachurusJaponicus,Trachurus japonicus,Mid-trophic species,14,2.6692365
Base,75,TrachurusJaponicus,Trachurus japonicus,Mid-trophic species,14,2.65785096333333
Base,76,TrachurusJaponicus,Trachurus japonicus,Mid-trophic species,14,2.66755429
Base,77,TrachurusJaponicus,Trachurus japonicus,Mid-trophic species,14,2.67292570666667
Base,78,TrachurusJaponicus,Trachurus japonicus,Mid-trophic species,14,2.67272533
Base,79,TrachurusJaponicus,Trachurus japonicus,Mid-trophic species,14,2.69958205333333
Base,80,TrachurusJaponicus,Trachurus japonicus,Mid-trophic species,14,2.665583
Base,81,TrachurusJaponicus,Trachurus japonicus,Mid-trophic species,14,2.66909785333333
Base,82,TrachurusJaponicus,Trachurus japonicus,Mid-trophic species,14,2.67484193666667
Base,83,TrachurusJaponicus,Trachurus japonicus,Mid-trophic species,14,2.68582684
Base,84,TrachurusJaponicus,Trachurus japonicus,Mid-trophic species,14,2.66940924
Base,85,TrachurusJaponicus,Trachurus japonicus,Mid-trophic species,14,2.69419697
Base,86,TrachurusJaponicus,Trachurus japonicus,Mid-trophic species,14,2.68629343666667
Base,87,TrachurusJaponicus,Trachurus japonicus,Mid-trophic species,14,2.67055360333333
Base,88,TrachurusJaponicus,Trachurus japonicus,Mid-trophic species,14,2.69210787333333
Base,89,TrachurusJaponicus,Trachurus japonicus,Mid-trophic species,14,2.67847190333333
Base,90,TrachurusJaponicus,Trachurus japonicus,Mid-trophic species,14,2.69658872333333
Base,91,TrachurusJaponicus,Trachurus japonicus,Mid-trophic species,14,2.66995741666667
Base,92,TrachurusJaponicus,Trachurus japonicus,Mid-trophic species,14,2.67532861666667
Base,93,TrachurusJaponicus,Trachurus japonicus,Mid-trophic species,14,2.68141960666667
Base,94,TrachurusJaponicus,Trachurus japonicus,Mid-trophic species,14,2.67461049666667
Base,95,TrachurusJaponicus,Trachurus japonicus,Mid-trophic species,14,2.67793655666667
Base,96,TrachurusJaponicus,Trachurus japonicus,Mid-trophic species,14,2.68645580333333
Base,97,TrachurusJaponicus,Trachurus japonicus,Mid-trophic species,14,2.68310572
Base,98,TrachurusJaponicus,Trachurus japonicus,Mid-trophic species,14,2.66703775
Base,99,TrachurusJaponicus,Trachurus japonicus,Mid-trophic species,14,2.66380892
Base,100,TrachurusJaponicus,Trachurus japonicus,Mid-trophic species,14,2.67483486333333
SSP1-2.6,1,EngraulisJaponicus,Engraulis japonicus,Prey,1,2.32705258395062
SSP1-2.6,2,EngraulisJaponicus,Engraulis japonicus,Prey,1,2.3241646962963
SSP1-2.6,3,EngraulisJaponicus,Engraulis japonicus,Prey,1,2.32796379506173
SSP1-2.6,4,EngraulisJaponicus,Engraulis japonicus,Prey,1,2.33098234814815
SSP1-2.6,5,EngraulisJaponicus,Engraulis japonicus,Prey,1,2.32568157777778
SSP1-2.6,6,EngraulisJaponicus,Engraulis japonicus,Prey,1,2.32897116049383
SSP1-2.6,7,EngraulisJaponicus,Engraulis japonicus,Prey,1,2.31910845061728
SSP1-2.6,8,EngraulisJaponicus,Engraulis japonicus,Prey,1,2.32520509135802
SSP1-2.6,9,EngraulisJaponicus,Engraulis japonicus,Prey,1,2.3313138691358
SSP1-2.6,10,EngraulisJaponicus,Engraulis japonicus,Prey,1,2.32821308148148
SSP1-2.6,11,EngraulisJaponicus,Engraulis japonicus,Prey,1,2.32422577160494
SSP1-2.6,12,EngraulisJaponicus,Engraulis japonicus,Prey,1,2.32528696419753
SSP1-2.6,13,EngraulisJaponicus,Engraulis japonicus,Prey,1,2.32891041728395
SSP1-2.6,14,EngraulisJaponicus,Engraulis japonicus,Prey,1,2.32763399135802
SSP1-2.6,15,EngraulisJaponicus,Engraulis japonicus,Prey,1,2.32534649259259
SSP1-2.6,16,EngraulisJaponicus,Engraulis japonicus,Prey,1,2.32393916049383
SSP1-2.6,17,EngraulisJaponicus,Engraulis japonicus,Prey,1,2.32608829259259
SSP1-2.6,18,EngraulisJaponicus,Engraulis japonicus,Prey,1,2.32658737283951
SSP1-2.6,19,EngraulisJaponicus,Engraulis japonicus,Prey,1,2.32675546790123
SSP1-2.6,20,EngraulisJaponicus,Engraulis japonicus,Prey,1,2.32316737037037
SSP1-2.6,21,EngraulisJaponicus,Engraulis japonicus,Prey,1,2.32428829753086
SSP1-2.6,22,EngraulisJaponicus,Engraulis japonicus,Prey,1,2.32677164691358
SSP1-2.6,23,EngraulisJaponicus,Engraulis japonicus,Prey,1,2.32972165802469
SSP1-2.6,24,EngraulisJaponicus,Engraulis japonicus,Prey,1,2.32446955679012
SSP1-2.6,25,EngraulisJaponicus,Engraulis japonicus,Prey,1,2.32905449876543
SSP1-2.6,26,EngraulisJaponicus,Engraulis japonicus,Prey,1,2.32588663580247
SSP1-2.6,27,EngraulisJaponicus,Engraulis japonicus,Prey,1,2.32538754691358
SSP1-2.6,28,EngraulisJaponicus,Engraulis japonicus,Prey,1,2.3279124617284
SSP1-2.6,29,EngraulisJaponicus,Engraulis japonicus,Prey,1,2.32456396049383
SSP1-2.6,30,EngraulisJaponicus,Engraulis japonicus,Prey,1,2.32814953703704
SSP1-2.6,31,EngraulisJaponicus,Engraulis japonicus,Prey,1,2.32266263580247
SSP1-2.6,32,EngraulisJaponicus,Engraulis japonicus,Prey,1,2.32518804320988
SSP1-2.6,33,EngraulisJaponicus,Engraulis japonicus,Prey,1,2.32534569506173
SSP1-2.6,34,EngraulisJaponicus,Engraulis japonicus,Prey,1,2.32637149382716
SSP1-2.6,35,EngraulisJaponicus,Engraulis japonicus,Prey,1,2.32296234320988
SSP1-2.6,36,EngraulisJaponicus,Engraulis japonicus,Prey,1,2.32578004938272
SSP1-2.6,37,EngraulisJaponicus,Engraulis japonicus,Prey,1,2.31891530123457
SSP1-2.6,38,EngraulisJaponicus,Engraulis japonicus,Prey,1,2.32505790740741
SSP1-2.6,39,EngraulisJaponicus,Engraulis japonicus,Prey,1,2.32209402592593
SSP1-2.6,40,EngraulisJaponicus,Engraulis japonicus,Prey,1,2.32582570246914
SSP1-2.6,41,EngraulisJaponicus,Engraulis japonicus,Prey,1,2.32829183333333
SSP1-2.6,42,EngraulisJaponicus,Engraulis japonicus,Prey,1,2.32300889753086
SSP1-2.6,43,EngraulisJaponicus,Engraulis japonicus,Prey,1,2.32327304567901
SSP1-2.6,44,EngraulisJaponicus,Engraulis japonicus,Prey,1,2.32495875555556
SSP1-2.6,45,EngraulisJaponicus,Engraulis japonicus,Prey,1,2.32640336790123
SSP1-2.6,46,EngraulisJaponicus,Engraulis japonicus,Prey,1,2.32603941851852
SSP1-2.6,47,EngraulisJaponicus,Engraulis japonicus,Prey,1,2.32628701111111
SSP1-2.6,48,EngraulisJaponicus,Engraulis japonicus,Prey,1,2.32133105432099
SSP1-2.6,49,EngraulisJaponicus,Engraulis japonicus,Prey,1,2.3275793037037
SSP1-2.6,50,EngraulisJaponicus,Engraulis japonicus,Prey,1,2.32624507777778
SSP1-2.6,51,EngraulisJaponicus,Engraulis japonicus,Prey,1,2.32465534320988
SSP1-2.6,52,EngraulisJaponicus,Engraulis japonicus,Prey,1,2.32940953333333
SSP1-2.6,53,EngraulisJaponicus,Engraulis japonicus,Prey,1,2.33379942469136
SSP1-2.6,54,EngraulisJaponicus,Engraulis japonicus,Prey,1,2.32379599259259
SSP1-2.6,55,EngraulisJaponicus,Engraulis japonicus,Prey,1,2.32600761481482
SSP1-2.6,56,EngraulisJaponicus,Engraulis japonicus,Prey,1,2.32448961975309
SSP1-2.6,57,EngraulisJaponicus,Engraulis japonicus,Prey,1,2.32774956666667
SSP1-2.6,58,EngraulisJaponicus,Engraulis japonicus,Prey,1,2.32363367283951
SSP1-2.6,59,EngraulisJaponicus,Engraulis japonicus,Prey,1,2.3255954308642
SSP1-2.6,60,EngraulisJaponicus,Engraulis japonicus,Prey,1,2.32783813580247
SSP1-2.6,61,EngraulisJaponicus,Engraulis japonicus,Prey,1,2.32434912592593
SSP1-2.6,62,EngraulisJaponicus,Engraulis japonicus,Prey,1,2.326416
SSP1-2.6,63,EngraulisJaponicus,Engraulis japonicus,Prey,1,2.32889454444444
SSP1-2.6,64,EngraulisJaponicus,Engraulis japonicus,Prey,1,2.32842617037037
SSP1-2.6,65,EngraulisJaponicus,Engraulis japonicus,Prey,1,2.3222350037037
SSP1-2.6,66,EngraulisJaponicus,Engraulis japonicus,Prey,1,2.32760023827161
SSP1-2.6,67,EngraulisJaponicus,Engraulis japonicus,Prey,1,2.32380323950617
SSP1-2.6,68,EngraulisJaponicus,Engraulis japonicus,Prey,1,2.33048102345679
SSP1-2.6,69,EngraulisJaponicus,Engraulis japonicus,Prey,1,2.33072809259259
SSP1-2.6,70,EngraulisJaponicus,Engraulis japonicus,Prey,1,2.32519127283951
SSP1-2.6,71,EngraulisJaponicus,Engraulis japonicus,Prey,1,2.33021444567901
SSP1-2.6,72,EngraulisJaponicus,Engraulis japonicus,Prey,1,2.32914057530864
SSP1-2.6,73,EngraulisJaponicus,Engraulis japonicus,Prey,1,2.32451436049383
SSP1-2.6,74,EngraulisJaponicus,Engraulis japonicus,Prey,1,2.32392503580247
SSP1-2.6,75,EngraulisJaponicus,Engraulis japonicus,Prey,1,2.32494277777778
SSP1-2.6,76,EngraulisJaponicus,Engraulis japonicus,Prey,1,2.32470411111111
SSP1-2.6,77,EngraulisJaponicus,Engraulis japonicus,Prey,1,2.3304190691358
SSP1-2.6,78,EngraulisJaponicus,Engraulis japonicus,Prey,1,2.32720683209877
SSP1-2.6,79,EngraulisJaponicus,Engraulis japonicus,Prey,1,2.32823740123457
SSP1-2.6,80,EngraulisJaponicus,Engraulis japonicus,Prey,1,2.3265377308642
SSP1-2.6,81,EngraulisJaponicus,Engraulis japonicus,Prey,1,2.3267309691358
SSP1-2.6,82,EngraulisJaponicus,Engraulis japonicus,Prey,1,2.32172262469136
SSP1-2.6,83,EngraulisJaponicus,Engraulis japonicus,Prey,1,2.32581264691358
SSP1-2.6,84,EngraulisJaponicus,Engraulis japonicus,Prey,1,2.33010422716049
SSP1-2.6,85,EngraulisJaponicus,Engraulis japonicus,Prey,1,2.32463772839506
SSP1-2.6,86,EngraulisJaponicus,Engraulis japonicus,Prey,1,2.32331730493827
SSP1-2.6,87,EngraulisJaponicus,Engraulis japonicus,Prey,1,2.32244851111111
SSP1-2.6,88,EngraulisJaponicus,Engraulis japonicus,Prey,1,2.3304163654321
SSP1-2.6,89,EngraulisJaponicus,Engraulis japonicus,Prey,1,2.32836459012346
SSP1-2.6,90,EngraulisJaponicus,Engraulis japonicus,Prey,1,2.3324162691358
SSP1-2.6,91,EngraulisJaponicus,Engraulis japonicus,Prey,1,2.32139399382716
SSP1-2.6,92,EngraulisJaponicus,Engraulis japonicus,Prey,1,2.33081670493827
SSP1-2.6,93,EngraulisJaponicus,Engraulis japonicus,Prey,1,2.32304061111111
SSP1-2.6,94,EngraulisJaponicus,Engraulis japonicus,Prey,1,2.32526117654321
SSP1-2.6,95,EngraulisJaponicus,Engraulis japonicus,Prey,1,2.32717881111111
SSP1-2.6,96,EngraulisJaponicus,Engraulis japonicus,Prey,1,2.32553843333333
SSP1-2.6,97,EngraulisJaponicus,Engraulis japonicus,Prey,1,2.3232806962963
SSP1-2.6,98,EngraulisJaponicus,Engraulis japonicus,Prey,1,2.32720477037037
SSP1-2.6,99,EngraulisJaponicus,Engraulis japonicus,Prey,1,2.32570682716049
SSP1-2.6,100,EngraulisJaponicus,Engraulis japonicus,Prey,1,2.32919724814815
SSP1-2.6,1,ScomberomorusNiphonius,Scomberomorus niphonius,Predator,2,3.08668852469136
SSP1-2.6,2,ScomberomorusNiphonius,Scomberomorus niphonius,Predator,2,3.0754344
SSP1-2.6,3,ScomberomorusNiphonius,Scomberomorus niphonius,Predator,2,3.07910718888889
SSP1-2.6,4,ScomberomorusNiphonius,Scomberomorus niphonius,Predator,2,3.08702370493827
SSP1-2.6,5,ScomberomorusNiphonius,Scomberomorus niphonius,Predator,2,3.07796405308642
SSP1-2.6,6,ScomberomorusNiphonius,Scomberomorus niphonius,Predator,2,3.08791890617284
SSP1-2.6,7,ScomberomorusNiphonius,Scomberomorus niphonius,Predator,2,3.07891211851852
SSP1-2.6,8,ScomberomorusNiphonius,Scomberomorus niphonius,Predator,2,3.08687296666667
SSP1-2.6,9,ScomberomorusNiphonius,Scomberomorus niphonius,Predator,2,3.08890053333333
SSP1-2.6,10,ScomberomorusNiphonius,Scomberomorus niphonius,Predator,2,3.07730243580247
SSP1-2.6,11,ScomberomorusNiphonius,Scomberomorus niphonius,Predator,2,3.08505744197531
SSP1-2.6,12,ScomberomorusNiphonius,Scomberomorus niphonius,Predator,2,3.0795331654321
SSP1-2.6,13,ScomberomorusNiphonius,Scomberomorus niphonius,Predator,2,3.08968370123457
SSP1-2.6,14,ScomberomorusNiphonius,Scomberomorus niphonius,Predator,2,3.08183704938272
SSP1-2.6,15,ScomberomorusNiphonius,Scomberomorus niphonius,Predator,2,3.07846782962963
SSP1-2.6,16,ScomberomorusNiphonius,Scomberomorus niphonius,Predator,2,3.08393360246914
SSP1-2.6,17,ScomberomorusNiphonius,Scomberomorus niphonius,Predator,2,3.08826676790123
SSP1-2.6,18,ScomberomorusNiphonius,Scomberomorus niphonius,Predator,2,3.08593714691358
SSP1-2.6,19,ScomberomorusNiphonius,Scomberomorus niphonius,Predator,2,3.08450735555556
SSP1-2.6,20,ScomberomorusNiphonius,Scomberomorus niphonius,Predator,2,3.07961598765432
SSP1-2.6,21,ScomberomorusNiphonius,Scomberomorus niphonius,Predator,2,3.08691401111111
SSP1-2.6,22,ScomberomorusNiphonius,Scomberomorus niphonius,Predator,2,3.08049477407407
SSP1-2.6,23,ScomberomorusNiphonius,Scomberomorus niphonius,Predator,2,3.08202739753086
SSP1-2.6,24,ScomberomorusNiphonius,Scomberomorus niphonius,Predator,2,3.08110683703704
SSP1-2.6,25,ScomberomorusNiphonius,Scomberomorus niphonius,Predator,2,3.0804003
SSP1-2.6,26,ScomberomorusNiphonius,Scomberomorus niphonius,Predator,2,3.08794932469136
SSP1-2.6,27,ScomberomorusNiphonius,Scomberomorus niphonius,Predator,2,3.08144668765432
SSP1-2.6,28,ScomberomorusNiphonius,Scomberomorus niphonius,Predator,2,3.08266208271605
SSP1-2.6,29,ScomberomorusNiphonius,Scomberomorus niphonius,Predator,2,3.08442285061728
SSP1-2.6,30,ScomberomorusNiphonius,Scomberomorus niphonius,Predator,2,3.08706097407407
SSP1-2.6,31,ScomberomorusNiphonius,Scomberomorus niphonius,Predator,2,3.07953409753086
SSP1-2.6,32,ScomberomorusNiphonius,Scomberomorus niphonius,Predator,2,3.07954544074074
SSP1-2.6,33,ScomberomorusNiphonius,Scomberomorus niphonius,Predator,2,3.07956097283951
SSP1-2.6,34,ScomberomorusNiphonius,Scomberomorus niphonius,Predator,2,3.08175026790123
SSP1-2.6,35,ScomberomorusNiphonius,Scomberomorus niphonius,Predator,2,3.0841502691358
SSP1-2.6,36,ScomberomorusNiphonius,Scomberomorus niphonius,Predator,2,3.08600108271605
SSP1-2.6,37,ScomberomorusNiphonius,Scomberomorus niphonius,Predator,2,3.07505951234568
SSP1-2.6,38,ScomberomorusNiphonius,Scomberomorus niphonius,Predator,2,3.08102509012346
SSP1-2.6,39,ScomberomorusNiphonius,Scomberomorus niphonius,Predator,2,3.08578140987654
SSP1-2.6,40,ScomberomorusNiphonius,Scomberomorus niphonius,Predator,2,3.07927644938272
SSP1-2.6,41,ScomberomorusNiphonius,Scomberomorus niphonius,Predator,2,3.08697017283951
SSP1-2.6,42,ScomberomorusNiphonius,Scomberomorus niphonius,Predator,2,3.07605190740741
SSP1-2.6,43,ScomberomorusNiphonius,Scomberomorus niphonius,Predator,2,3.08309956296296
SSP1-2.6,44,ScomberomorusNiphonius,Scomberomorus niphonius,Predator,2,3.08176862345679
SSP1-2.6,45,ScomberomorusNiphonius,Scomberomorus niphonius,Predator,2,3.08224792222222
SSP1-2.6,46,ScomberomorusNiphonius,Scomberomorus niphonius,Predator,2,3.07898014691358
SSP1-2.6,47,ScomberomorusNiphonius,Scomberomorus niphonius,Predator,2,3.07999164074074
SSP1-2.6,48,ScomberomorusNiphonius,Scomberomorus niphonius,Predator,2,3.08748997530864
SSP1-2.6,49,ScomberomorusNiphonius,Scomberomorus niphonius,Predator,2,3.08224230246914
SSP1-2.6,50,ScomberomorusNiphonius,Scomberomorus niphonius,Predator,2,3.08441876790123
SSP1-2.6,51,ScomberomorusNiphonius,Scomberomorus niphonius,Predator,2,3.08029188641975
SSP1-2.6,52,ScomberomorusNiphonius,Scomberomorus niphonius,Predator,2,3.08582712839506
SSP1-2.6,53,ScomberomorusNiphonius,Scomberomorus niphonius,Predator,2,3.08231388395062
SSP1-2.6,54,ScomberomorusNiphonius,Scomberomorus niphonius,Predator,2,3.08147163827161
SSP1-2.6,55,ScomberomorusNiphonius,Scomberomorus niphonius,Predator,2,3.07987011111111
SSP1-2.6,56,ScomberomorusNiphonius,Scomberomorus niphonius,Predator,2,3.08576122592593
SSP1-2.6,57,ScomberomorusNiphonius,Scomberomorus niphonius,Predator,2,3.08142661851852
SSP1-2.6,58,ScomberomorusNiphonius,Scomberomorus niphonius,Predator,2,3.0814551
SSP1-2.6,59,ScomberomorusNiphonius,Scomberomorus niphonius,Predator,2,3.08527755061728
SSP1-2.6,60,ScomberomorusNiphonius,Scomberomorus niphonius,Predator,2,3.08418938888889
SSP1-2.6,61,ScomberomorusNiphonius,Scomberomorus niphonius,Predator,2,3.08653844320988
SSP1-2.6,62,ScomberomorusNiphonius,Scomberomorus niphonius,Predator,2,3.08039573827161
SSP1-2.6,63,ScomberomorusNiphonius,Scomberomorus niphonius,Predator,2,3.08126000864198
SSP1-2.6,64,ScomberomorusNiphonius,Scomberomorus niphonius,Predator,2,3.08113647654321
SSP1-2.6,65,ScomberomorusNiphonius,Scomberomorus niphonius,Predator,2,3.07900393580247
SSP1-2.6,66,ScomberomorusNiphonius,Scomberomorus niphonius,Predator,2,3.08420964320988
SSP1-2.6,67,ScomberomorusNiphonius,Scomberomorus niphonius,Predator,2,3.08177684938272
SSP1-2.6,68,ScomberomorusNiphonius,Scomberomorus niphonius,Predator,2,3.08568589135802
SSP1-2.6,69,ScomberomorusNiphonius,Scomberomorus niphonius,Predator,2,3.0868040308642
SSP1-2.6,70,ScomberomorusNiphonius,Scomberomorus niphonius,Predator,2,3.08386709506173
SSP1-2.6,71,ScomberomorusNiphonius,Scomberomorus niphonius,Predator,2,3.08658998765432
SSP1-2.6,72,ScomberomorusNiphonius,Scomberomorus niphonius,Predator,2,3.08440380617284
SSP1-2.6,73,ScomberomorusNiphonius,Scomberomorus niphonius,Predator,2,3.08038474444444
SSP1-2.6,74,ScomberomorusNiphonius,Scomberomorus niphonius,Predator,2,3.08653007901235
SSP1-2.6,75,ScomberomorusNiphonius,Scomberomorus niphonius,Predator,2,3.08043765432099
SSP1-2.6,76,ScomberomorusNiphonius,Scomberomorus niphonius,Predator,2,3.08441975802469
SSP1-2.6,77,ScomberomorusNiphonius,Scomberomorus niphonius,Predator,2,3.08322485802469
SSP1-2.6,78,ScomberomorusNiphonius,Scomberomorus niphonius,Predator,2,3.08147154938272
SSP1-2.6,79,ScomberomorusNiphonius,Scomberomorus niphonius,Predator,2,3.08436590493827
SSP1-2.6,80,ScomberomorusNiphonius,Scomberomorus niphonius,Predator,2,3.08181268271605
SSP1-2.6,81,ScomberomorusNiphonius,Scomberomorus niphonius,Predator,2,3.07960011851852
SSP1-2.6,82,ScomberomorusNiphonius,Scomberomorus niphonius,Predator,2,3.08049328641975
SSP1-2.6,83,ScomberomorusNiphonius,Scomberomorus niphonius,Predator,2,3.08148459876543
SSP1-2.6,84,ScomberomorusNiphonius,Scomberomorus niphonius,Predator,2,3.08381310987654
SSP1-2.6,85,ScomberomorusNiphonius,Scomberomorus niphonius,Predator,2,3.0847562308642
SSP1-2.6,86,ScomberomorusNiphonius,Scomberomorus niphonius,Predator,2,3.08638798148148
SSP1-2.6,87,ScomberomorusNiphonius,Scomberomorus niphonius,Predator,2,3.08791324197531
SSP1-2.6,88,ScomberomorusNiphonius,Scomberomorus niphonius,Predator,2,3.08318123703704
SSP1-2.6,89,ScomberomorusNiphonius,Scomberomorus niphonius,Predator,2,3.08506192592593
SSP1-2.6,90,ScomberomorusNiphonius,Scomberomorus niphonius,Predator,2,3.07537838641975
SSP1-2.6,91,ScomberomorusNiphonius,Scomberomorus niphonius,Predator,2,3.08168418271605
SSP1-2.6,92,ScomberomorusNiphonius,Scomberomorus niphonius,Predator,2,3.08153470617284
SSP1-2.6,93,ScomberomorusNiphonius,Scomberomorus niphonius,Predator,2,3.07828882962963
SSP1-2.6,94,ScomberomorusNiphonius,Scomberomorus niphonius,Predator,2,3.07631209753086
SSP1-2.6,95,ScomberomorusNiphonius,Scomberomorus niphonius,Predator,2,3.08304738518519
SSP1-2.6,96,ScomberomorusNiphonius,Scomberomorus niphonius,Predator,2,3.08001563703704
SSP1-2.6,97,ScomberomorusNiphonius,Scomberomorus niphonius,Predator,2,3.08122124074074
SSP1-2.6,98,ScomberomorusNiphonius,Scomberomorus niphonius,Predator,2,3.07950387654321
SSP1-2.6,99,ScomberomorusNiphonius,Scomberomorus niphonius,Predator,2,3.08702199382716
SSP1-2.6,100,ScomberomorusNiphonius,Scomberomorus niphonius,Predator,2,3.08077914320988
SSP1-2.6,1,TrichiurusJaponicus,Trichiurus japonicus,Predator,3,2.78037803580247
SSP1-2.6,2,TrichiurusJaponicus,Trichiurus japonicus,Predator,3,2.78409955679012
SSP1-2.6,3,TrichiurusJaponicus,Trichiurus japonicus,Predator,3,2.77848484320988
SSP1-2.6,4,TrichiurusJaponicus,Trichiurus japonicus,Predator,3,2.78768150123457
SSP1-2.6,5,TrichiurusJaponicus,Trichiurus japonicus,Predator,3,2.78812989135803
SSP1-2.6,6,TrichiurusJaponicus,Trichiurus japonicus,Predator,3,2.78659683580247
SSP1-2.6,7,TrichiurusJaponicus,Trichiurus japonicus,Predator,3,2.78061557407407
SSP1-2.6,8,TrichiurusJaponicus,Trichiurus japonicus,Predator,3,2.78152468148148
SSP1-2.6,9,TrichiurusJaponicus,Trichiurus japonicus,Predator,3,2.78941431728395
SSP1-2.6,10,TrichiurusJaponicus,Trichiurus japonicus,Predator,3,2.78154257283951
SSP1-2.6,11,TrichiurusJaponicus,Trichiurus japonicus,Predator,3,2.78279998395062
SSP1-2.6,12,TrichiurusJaponicus,Trichiurus japonicus,Predator,3,2.78518324567901
SSP1-2.6,13,TrichiurusJaponicus,Trichiurus japonicus,Predator,3,2.78183419259259
SSP1-2.6,14,TrichiurusJaponicus,Trichiurus japonicus,Predator,3,2.7799130345679
SSP1-2.6,15,TrichiurusJaponicus,Trichiurus japonicus,Predator,3,2.77926521975309
SSP1-2.6,16,TrichiurusJaponicus,Trichiurus japonicus,Predator,3,2.78489534567901
SSP1-2.6,17,TrichiurusJaponicus,Trichiurus japonicus,Predator,3,2.7896943617284
SSP1-2.6,18,TrichiurusJaponicus,Trichiurus japonicus,Predator,3,2.78562391234568
SSP1-2.6,19,TrichiurusJaponicus,Trichiurus japonicus,Predator,3,2.78291174814815
SSP1-2.6,20,TrichiurusJaponicus,Trichiurus japonicus,Predator,3,2.78303606790123
SSP1-2.6,21,TrichiurusJaponicus,Trichiurus japonicus,Predator,3,2.78157
SSP1-2.6,22,TrichiurusJaponicus,Trichiurus japonicus,Predator,3,2.7812859037037
SSP1-2.6,23,TrichiurusJaponicus,Trichiurus japonicus,Predator,3,2.78640170987654
SSP1-2.6,24,TrichiurusJaponicus,Trichiurus japonicus,Predator,3,2.78627695432099
SSP1-2.6,25,TrichiurusJaponicus,Trichiurus japonicus,Predator,3,2.78692603209877
SSP1-2.6,26,TrichiurusJaponicus,Trichiurus japonicus,Predator,3,2.78765486790123
SSP1-2.6,27,TrichiurusJaponicus,Trichiurus japonicus,Predator,3,2.78670605061728
SSP1-2.6,28,TrichiurusJaponicus,Trichiurus japonicus,Predator,3,2.78278958148148
SSP1-2.6,29,TrichiurusJaponicus,Trichiurus japonicus,Predator,3,2.78594024074074
SSP1-2.6,30,TrichiurusJaponicus,Trichiurus japonicus,Predator,3,2.7877543308642
SSP1-2.6,31,TrichiurusJaponicus,Trichiurus japonicus,Predator,3,2.78255435432099
SSP1-2.6,32,TrichiurusJaponicus,Trichiurus japonicus,Predator,3,2.78522182592593
SSP1-2.6,33,TrichiurusJaponicus,Trichiurus japonicus,Predator,3,2.77856126296296
SSP1-2.6,34,TrichiurusJaponicus,Trichiurus japonicus,Predator,3,2.78484925061728
SSP1-2.6,35,TrichiurusJaponicus,Trichiurus japonicus,Predator,3,2.78344205925926
SSP1-2.6,36,TrichiurusJaponicus,Trichiurus japonicus,Predator,3,2.78258329012346
SSP1-2.6,37,TrichiurusJaponicus,Trichiurus japonicus,Predator,3,2.7785495962963
SSP1-2.6,38,TrichiurusJaponicus,Trichiurus japonicus,Predator,3,2.78199672839506
SSP1-2.6,39,TrichiurusJaponicus,Trichiurus japonicus,Predator,3,2.78272824320988
SSP1-2.6,40,TrichiurusJaponicus,Trichiurus japonicus,Predator,3,2.78324796666667
SSP1-2.6,41,TrichiurusJaponicus,Trichiurus japonicus,Predator,3,2.78604835185185
SSP1-2.6,42,TrichiurusJaponicus,Trichiurus japonicus,Predator,3,2.78321615185185
SSP1-2.6,43,TrichiurusJaponicus,Trichiurus japonicus,Predator,3,2.7797479691358
SSP1-2.6,44,TrichiurusJaponicus,Trichiurus japonicus,Predator,3,2.78870990740741
SSP1-2.6,45,TrichiurusJaponicus,Trichiurus japonicus,Predator,3,2.78485664814815
SSP1-2.6,46,TrichiurusJaponicus,Trichiurus japonicus,Predator,3,2.77854840246914
SSP1-2.6,47,TrichiurusJaponicus,Trichiurus japonicus,Predator,3,2.78826590493827
SSP1-2.6,48,TrichiurusJaponicus,Trichiurus japonicus,Predator,3,2.79008028888889
SSP1-2.6,49,TrichiurusJaponicus,Trichiurus japonicus,Predator,3,2.78214901728395
SSP1-2.6,50,TrichiurusJaponicus,Trichiurus japonicus,Predator,3,2.7833686308642
SSP1-2.6,51,TrichiurusJaponicus,Trichiurus japonicus,Predator,3,2.78017690864198
SSP1-2.6,52,TrichiurusJaponicus,Trichiurus japonicus,Predator,3,2.78217229012346
SSP1-2.6,53,TrichiurusJaponicus,Trichiurus japonicus,Predator,3,2.78684429382716
SSP1-2.6,54,TrichiurusJaponicus,Trichiurus japonicus,Predator,3,2.78075949876543
SSP1-2.6,55,TrichiurusJaponicus,Trichiurus japonicus,Predator,3,2.78239354814815
SSP1-2.6,56,TrichiurusJaponicus,Trichiurus japonicus,Predator,3,2.78217572716049
SSP1-2.6,57,TrichiurusJaponicus,Trichiurus japonicus,Predator,3,2.78099262962963
SSP1-2.6,58,TrichiurusJaponicus,Trichiurus japonicus,Predator,3,2.77746382716049
SSP1-2.6,59,TrichiurusJaponicus,Trichiurus japonicus,Predator,3,2.7828166617284
SSP1-2.6,60,TrichiurusJaponicus,Trichiurus japonicus,Predator,3,2.78811515432099
SSP1-2.6,61,TrichiurusJaponicus,Trichiurus japonicus,Predator,3,2.78419027530864
SSP1-2.6,62,TrichiurusJaponicus,Trichiurus japonicus,Predator,3,2.78275626419753
SSP1-2.6,63,TrichiurusJaponicus,Trichiurus japonicus,Predator,3,2.78197874074074
SSP1-2.6,64,TrichiurusJaponicus,Trichiurus japonicus,Predator,3,2.78271077160494
SSP1-2.6,65,TrichiurusJaponicus,Trichiurus japonicus,Predator,3,2.78315367037037
SSP1-2.6,66,TrichiurusJaponicus,Trichiurus japonicus,Predator,3,2.78529280493827
SSP1-2.6,67,TrichiurusJaponicus,Trichiurus japonicus,Predator,3,2.7813141345679
SSP1-2.6,68,TrichiurusJaponicus,Trichiurus japonicus,Predator,3,2.78410914567901
SSP1-2.6,69,TrichiurusJaponicus,Trichiurus japonicus,Predator,3,2.78605062098765
SSP1-2.6,70,TrichiurusJaponicus,Trichiurus japonicus,Predator,3,2.7786012308642
SSP1-2.6,71,TrichiurusJaponicus,Trichiurus japonicus,Predator,3,2.79053195555556
SSP1-2.6,72,TrichiurusJaponicus,Trichiurus japonicus,Predator,3,2.78432195061728
SSP1-2.6,73,TrichiurusJaponicus,Trichiurus japonicus,Predator,3,2.78064872962963
SSP1-2.6,74,TrichiurusJaponicus,Trichiurus japonicus,Predator,3,2.78395834691358
SSP1-2.6,75,TrichiurusJaponicus,Trichiurus japonicus,Predator,3,2.78303914320988
SSP1-2.6,76,TrichiurusJaponicus,Trichiurus japonicus,Predator,3,2.78265400987654
SSP1-2.6,77,TrichiurusJaponicus,Trichiurus japonicus,Predator,3,2.78780075802469
SSP1-2.6,78,TrichiurusJaponicus,Trichiurus japonicus,Predator,3,2.78643378765432
SSP1-2.6,79,TrichiurusJaponicus,Trichiurus japonicus,Predator,3,2.78361284320988
SSP1-2.6,80,TrichiurusJaponicus,Trichiurus japonicus,Predator,3,2.78346761851852
SSP1-2.6,81,TrichiurusJaponicus,Trichiurus japonicus,Predator,3,2.78343695925926
SSP1-2.6,82,TrichiurusJaponicus,Trichiurus japonicus,Predator,3,2.78232286666667
SSP1-2.6,83,TrichiurusJaponicus,Trichiurus japonicus,Predator,3,2.77645085925926
SSP1-2.6,84,TrichiurusJaponicus,Trichiurus japonicus,Predator,3,2.78142989259259
SSP1-2.6,85,TrichiurusJaponicus,Trichiurus japonicus,Predator,3,2.78373605925926
SSP1-2.6,86,TrichiurusJaponicus,Trichiurus japonicus,Predator,3,2.7840667345679
SSP1-2.6,87,TrichiurusJaponicus,Trichiurus japonicus,Predator,3,2.78318925061728
SSP1-2.6,88,TrichiurusJaponicus,Trichiurus japonicus,Predator,3,2.78295282098765
SSP1-2.6,89,TrichiurusJaponicus,Trichiurus japonicus,Predator,3,2.78434823333333
SSP1-2.6,90,TrichiurusJaponicus,Trichiurus japonicus,Predator,3,2.77912616049383
SSP1-2.6,91,TrichiurusJaponicus,Trichiurus japonicus,Predator,3,2.78164164938272
SSP1-2.6,92,TrichiurusJaponicus,Trichiurus japonicus,Predator,3,2.78518529259259
SSP1-2.6,93,TrichiurusJaponicus,Trichiurus japonicus,Predator,3,2.78480836296296
SSP1-2.6,94,TrichiurusJaponicus,Trichiurus japonicus,Predator,3,2.78166023950617
SSP1-2.6,95,TrichiurusJaponicus,Trichiurus japonicus,Predator,3,2.78848210493827
SSP1-2.6,96,TrichiurusJaponicus,Trichiurus japonicus,Predator,3,2.78525722592593
SSP1-2.6,97,TrichiurusJaponicus,Trichiurus japonicus,Predator,3,2.77628453950617
SSP1-2.6,98,TrichiurusJaponicus,Trichiurus japonicus,Predator,3,2.77575830246914
SSP1-2.6,99,TrichiurusJaponicus,Trichiurus japonicus,Predator,3,2.78693059382716
SSP1-2.6,100,TrichiurusJaponicus,Trichiurus japonicus,Predator,3,2.78705944197531
SSP1-2.6,1,MuraenesoxCinereus,Muraenesox cinereus,Predator,4,3.1140391962963
SSP1-2.6,2,MuraenesoxCinereus,Muraenesox cinereus,Predator,4,3.10668275555556
SSP1-2.6,3,MuraenesoxCinereus,Muraenesox cinereus,Predator,4,3.11220683333333
SSP1-2.6,4,MuraenesoxCinereus,Muraenesox cinereus,Predator,4,3.1108062037037
SSP1-2.6,5,MuraenesoxCinereus,Muraenesox cinereus,Predator,4,3.10920051975309
SSP1-2.6,6,MuraenesoxCinereus,Muraenesox cinereus,Predator,4,3.10817077407407
SSP1-2.6,7,MuraenesoxCinereus,Muraenesox cinereus,Predator,4,3.10515467654321
SSP1-2.6,8,MuraenesoxCinereus,Muraenesox cinereus,Predator,4,3.11104527407407
SSP1-2.6,9,MuraenesoxCinereus,Muraenesox cinereus,Predator,4,3.11244069259259
SSP1-2.6,10,MuraenesoxCinereus,Muraenesox cinereus,Predator,4,3.10966544814815
SSP1-2.6,11,MuraenesoxCinereus,Muraenesox cinereus,Predator,4,3.10851410864198
SSP1-2.6,12,MuraenesoxCinereus,Muraenesox cinereus,Predator,4,3.11279407901235
SSP1-2.6,13,MuraenesoxCinereus,Muraenesox cinereus,Predator,4,3.10939675925926
SSP1-2.6,14,MuraenesoxCinereus,Muraenesox cinereus,Predator,4,3.10952652716049
SSP1-2.6,15,MuraenesoxCinereus,Muraenesox cinereus,Predator,4,3.10757158641975
SSP1-2.6,16,MuraenesoxCinereus,Muraenesox cinereus,Predator,4,3.10965923209877
SSP1-2.6,17,MuraenesoxCinereus,Muraenesox cinereus,Predator,4,3.11448076790123
SSP1-2.6,18,MuraenesoxCinereus,Muraenesox cinereus,Predator,4,3.11123192345679
SSP1-2.6,19,MuraenesoxCinereus,Muraenesox cinereus,Predator,4,3.10920953827161
SSP1-2.6,20,MuraenesoxCinereus,Muraenesox cinereus,Predator,4,3.10720165185185
SSP1-2.6,21,MuraenesoxCinereus,Muraenesox cinereus,Predator,4,3.11116531851852
SSP1-2.6,22,MuraenesoxCinereus,Muraenesox cinereus,Predator,4,3.11081725925926
SSP1-2.6,23,MuraenesoxCinereus,Muraenesox cinereus,Predator,4,3.11395078148148
SSP1-2.6,24,MuraenesoxCinereus,Muraenesox cinereus,Predator,4,3.11228201111111
SSP1-2.6,25,MuraenesoxCinereus,Muraenesox cinereus,Predator,4,3.10943732345679
SSP1-2.6,26,MuraenesoxCinereus,Muraenesox cinereus,Predator,4,3.11523638518519
SSP1-2.6,27,MuraenesoxCinereus,Muraenesox cinereus,Predator,4,3.11064359012346
SSP1-2.6,28,MuraenesoxCinereus,Muraenesox cinereus,Predator,4,3.11083045679012
SSP1-2.6,29,MuraenesoxCinereus,Muraenesox cinereus,Predator,4,3.11230618641975
SSP1-2.6,30,MuraenesoxCinereus,Muraenesox cinereus,Predator,4,3.11274272592593
SSP1-2.6,31,MuraenesoxCinereus,Muraenesox cinereus,Predator,4,3.10929472098765
SSP1-2.6,32,MuraenesoxCinereus,Muraenesox cinereus,Predator,4,3.11050308765432
SSP1-2.6,33,MuraenesoxCinereus,Muraenesox cinereus,Predator,4,3.111082
SSP1-2.6,34,MuraenesoxCinereus,Muraenesox cinereus,Predator,4,3.10935517407407
SSP1-2.6,35,MuraenesoxCinereus,Muraenesox cinereus,Predator,4,3.11690428518519
SSP1-2.6,36,MuraenesoxCinereus,Muraenesox cinereus,Predator,4,3.10745839753086
SSP1-2.6,37,MuraenesoxCinereus,Muraenesox cinereus,Predator,4,3.10756565061728
SSP1-2.6,38,MuraenesoxCinereus,Muraenesox cinereus,Predator,4,3.10614512469136
SSP1-2.6,39,MuraenesoxCinereus,Muraenesox cinereus,Predator,4,3.11316185185185
SSP1-2.6,40,MuraenesoxCinereus,Muraenesox cinereus,Predator,4,3.11095817160494
SSP1-2.6,41,MuraenesoxCinereus,Muraenesox cinereus,Predator,4,3.11297940864198
SSP1-2.6,42,MuraenesoxCinereus,Muraenesox cinereus,Predator,4,3.1114688654321
SSP1-2.6,43,MuraenesoxCinereus,Muraenesox cinereus,Predator,4,3.11062852716049
SSP1-2.6,44,MuraenesoxCinereus,Muraenesox cinereus,Predator,4,3.10938390740741
SSP1-2.6,45,MuraenesoxCinereus,Muraenesox cinereus,Predator,4,3.11036308395062
SSP1-2.6,46,MuraenesoxCinereus,Muraenesox cinereus,Predator,4,3.10725499259259
SSP1-2.6,47,MuraenesoxCinereus,Muraenesox cinereus,Predator,4,3.10992714074074
SSP1-2.6,48,MuraenesoxCinereus,Muraenesox cinereus,Predator,4,3.11447010987654
SSP1-2.6,49,MuraenesoxCinereus,Muraenesox cinereus,Predator,4,3.1152394308642
SSP1-2.6,50,MuraenesoxCinereus,Muraenesox cinereus,Predator,4,3.11015858148148
SSP1-2.6,51,MuraenesoxCinereus,Muraenesox cinereus,Predator,4,3.10562125308642
SSP1-2.6,52,MuraenesoxCinereus,Muraenesox cinereus,Predator,4,3.10850071234568
SSP1-2.6,53,MuraenesoxCinereus,Muraenesox cinereus,Predator,4,3.10795342592593
SSP1-2.6,54,MuraenesoxCinereus,Muraenesox cinereus,Predator,4,3.10968627777778
SSP1-2.6,55,MuraenesoxCinereus,Muraenesox cinereus,Predator,4,3.10908526790123
SSP1-2.6,56,MuraenesoxCinereus,Muraenesox cinereus,Predator,4,3.11239718148148
SSP1-2.6,57,MuraenesoxCinereus,Muraenesox cinereus,Predator,4,3.10703147777778
SSP1-2.6,58,MuraenesoxCinereus,Muraenesox cinereus,Predator,4,3.10413710493827
SSP1-2.6,59,MuraenesoxCinereus,Muraenesox cinereus,Predator,4,3.11367091728395
SSP1-2.6,60,MuraenesoxCinereus,Muraenesox cinereus,Predator,4,3.10965048271605
SSP1-2.6,61,MuraenesoxCinereus,Muraenesox cinereus,Predator,4,3.11240629012346
SSP1-2.6,62,MuraenesoxCinereus,Muraenesox cinereus,Predator,4,3.10825200493827
SSP1-2.6,63,MuraenesoxCinereus,Muraenesox cinereus,Predator,4,3.11117231358025
SSP1-2.6,64,MuraenesoxCinereus,Muraenesox cinereus,Predator,4,3.11109112345679
SSP1-2.6,65,MuraenesoxCinereus,Muraenesox cinereus,Predator,4,3.10931702839506
SSP1-2.6,66,MuraenesoxCinereus,Muraenesox cinereus,Predator,4,3.10677799382716
SSP1-2.6,67,MuraenesoxCinereus,Muraenesox cinereus,Predator,4,3.11147810617284
SSP1-2.6,68,MuraenesoxCinereus,Muraenesox cinereus,Predator,4,3.11182547283951
SSP1-2.6,69,MuraenesoxCinereus,Muraenesox cinereus,Predator,4,3.11060347777778
SSP1-2.6,70,MuraenesoxCinereus,Muraenesox cinereus,Predator,4,3.10799152839506
SSP1-2.6,71,MuraenesoxCinereus,Muraenesox cinereus,Predator,4,3.11490036666667
SSP1-2.6,72,MuraenesoxCinereus,Muraenesox cinereus,Predator,4,3.11274034567901
SSP1-2.6,73,MuraenesoxCinereus,Muraenesox cinereus,Predator,4,3.11059227654321
SSP1-2.6,74,MuraenesoxCinereus,Muraenesox cinereus,Predator,4,3.1113773654321
SSP1-2.6,75,MuraenesoxCinereus,Muraenesox cinereus,Predator,4,3.10921323703704
SSP1-2.6,76,MuraenesoxCinereus,Muraenesox cinereus,Predator,4,3.10869103209877
SSP1-2.6,77,MuraenesoxCinereus,Muraenesox cinereus,Predator,4,3.11718803333333
SSP1-2.6,78,MuraenesoxCinereus,Muraenesox cinereus,Predator,4,3.11077449506173
SSP1-2.6,79,MuraenesoxCinereus,Muraenesox cinereus,Predator,4,3.11255257530864
SSP1-2.6,80,MuraenesoxCinereus,Muraenesox cinereus,Predator,4,3.1120135345679
SSP1-2.6,81,MuraenesoxCinereus,Muraenesox cinereus,Predator,4,3.10929778024691
SSP1-2.6,82,MuraenesoxCinereus,Muraenesox cinereus,Predator,4,3.10666878888889
SSP1-2.6,83,MuraenesoxCinereus,Muraenesox cinereus,Predator,4,3.11157629753086
SSP1-2.6,84,MuraenesoxCinereus,Muraenesox cinereus,Predator,4,3.11457430493827
SSP1-2.6,85,MuraenesoxCinereus,Muraenesox cinereus,Predator,4,3.1122315037037
SSP1-2.6,86,MuraenesoxCinereus,Muraenesox cinereus,Predator,4,3.11138848765432
SSP1-2.6,87,MuraenesoxCinereus,Muraenesox cinereus,Predator,4,3.11038479135802
SSP1-2.6,88,MuraenesoxCinereus,Muraenesox cinereus,Predator,4,3.11427762469136
SSP1-2.6,89,MuraenesoxCinereus,Muraenesox cinereus,Predator,4,3.11462319259259
SSP1-2.6,90,MuraenesoxCinereus,Muraenesox cinereus,Predator,4,3.10964533950617
SSP1-2.6,91,MuraenesoxCinereus,Muraenesox cinereus,Predator,4,3.10855345185185
SSP1-2.6,92,MuraenesoxCinereus,Muraenesox cinereus,Predator,4,3.1129919037037
SSP1-2.6,93,MuraenesoxCinereus,Muraenesox cinereus,Predator,4,3.10984212222222
SSP1-2.6,94,MuraenesoxCinereus,Muraenesox cinereus,Predator,4,3.10864674567901
SSP1-2.6,95,MuraenesoxCinereus,Muraenesox cinereus,Predator,4,3.11437563580247
SSP1-2.6,96,MuraenesoxCinereus,Muraenesox cinereus,Predator,4,3.10879979753086
SSP1-2.6,97,MuraenesoxCinereus,Muraenesox cinereus,Predator,4,3.10881022345679
SSP1-2.6,98,MuraenesoxCinereus,Muraenesox cinereus,Predator,4,3.10539955061728
SSP1-2.6,99,MuraenesoxCinereus,Muraenesox cinereus,Predator,4,3.11187812345679
SSP1-2.6,100,MuraenesoxCinereus,Muraenesox cinereus,Predator,4,3.1116680037037
SSP1-2.6,1,MiichthysMiiuy,Miichthys miiuy,Predator,5,3.01307753333333
SSP1-2.6,2,MiichthysMiiuy,Miichthys miiuy,Predator,5,3.00866523950617
SSP1-2.6,3,MiichthysMiiuy,Miichthys miiuy,Predator,5,3.01546612716049
SSP1-2.6,4,MiichthysMiiuy,Miichthys miiuy,Predator,5,3.01101698518519
SSP1-2.6,5,MiichthysMiiuy,Miichthys miiuy,Predator,5,3.00422738888889
SSP1-2.6,6,MiichthysMiiuy,Miichthys miiuy,Predator,5,3.00866952098765
SSP1-2.6,7,MiichthysMiiuy,Miichthys miiuy,Predator,5,3.00295830123457
SSP1-2.6,8,MiichthysMiiuy,Miichthys miiuy,Predator,5,3.01240031851852
SSP1-2.6,9,MiichthysMiiuy,Miichthys miiuy,Predator,5,3.0206698654321
SSP1-2.6,10,MiichthysMiiuy,Miichthys miiuy,Predator,5,3.01900251358025
SSP1-2.6,11,MiichthysMiiuy,Miichthys miiuy,Predator,5,3.01166018765432
SSP1-2.6,12,MiichthysMiiuy,Miichthys miiuy,Predator,5,2.99964644567901
SSP1-2.6,13,MiichthysMiiuy,Miichthys miiuy,Predator,5,3.00289294320988
SSP1-2.6,14,MiichthysMiiuy,Miichthys miiuy,Predator,5,3.00525203827161
SSP1-2.6,15,MiichthysMiiuy,Miichthys miiuy,Predator,5,3.0041669345679
SSP1-2.6,16,MiichthysMiiuy,Miichthys miiuy,Predator,5,3.01418314691358
SSP1-2.6,17,MiichthysMiiuy,Miichthys miiuy,Predator,5,3.01269892222222
SSP1-2.6,18,MiichthysMiiuy,Miichthys miiuy,Predator,5,3.01162359012346
SSP1-2.6,19,MiichthysMiiuy,Miichthys miiuy,Predator,5,3.01472311851852
SSP1-2.6,20,MiichthysMiiuy,Miichthys miiuy,Predator,5,3.00969456049383
SSP1-2.6,21,MiichthysMiiuy,Miichthys miiuy,Predator,5,3.0095308654321
SSP1-2.6,22,MiichthysMiiuy,Miichthys miiuy,Predator,5,3.00672295925926
SSP1-2.6,23,MiichthysMiiuy,Miichthys miiuy,Predator,5,3.00640718148148
SSP1-2.6,24,MiichthysMiiuy,Miichthys miiuy,Predator,5,3.01089848641975
SSP1-2.6,25,MiichthysMiiuy,Miichthys miiuy,Predator,5,3.00750915802469
SSP1-2.6,26,MiichthysMiiuy,Miichthys miiuy,Predator,5,3.01432415925926
SSP1-2.6,27,MiichthysMiiuy,Miichthys miiuy,Predator,5,3.01296654444444
SSP1-2.6,28,MiichthysMiiuy,Miichthys miiuy,Predator,5,3.00495898024691
SSP1-2.6,29,MiichthysMiiuy,Miichthys miiuy,Predator,5,3.01194110246914
SSP1-2.6,30,MiichthysMiiuy,Miichthys miiuy,Predator,5,3.01156714074074
SSP1-2.6,31,MiichthysMiiuy,Miichthys miiuy,Predator,5,3.01299297654321
SSP1-2.6,32,MiichthysMiiuy,Miichthys miiuy,Predator,5,3.0172029691358
SSP1-2.6,33,MiichthysMiiuy,Miichthys miiuy,Predator,5,3.00849163209877
SSP1-2.6,34,MiichthysMiiuy,Miichthys miiuy,Predator,5,3.01166585555556
SSP1-2.6,35,MiichthysMiiuy,Miichthys miiuy,Predator,5,3.0158766345679
SSP1-2.6,36,MiichthysMiiuy,Miichthys miiuy,Predator,5,3.00392771111111
SSP1-2.6,37,MiichthysMiiuy,Miichthys miiuy,Predator,5,3.00629308641975
SSP1-2.6,38,MiichthysMiiuy,Miichthys miiuy,Predator,5,3.01132951604938
SSP1-2.6,39,MiichthysMiiuy,Miichthys miiuy,Predator,5,3.01090595925926
SSP1-2.6,40,MiichthysMiiuy,Miichthys miiuy,Predator,5,3.00379635432099
SSP1-2.6,41,MiichthysMiiuy,Miichthys miiuy,Predator,5,3.01859688888889
SSP1-2.6,42,MiichthysMiiuy,Miichthys miiuy,Predator,5,3.01370470987654
SSP1-2.6,43,MiichthysMiiuy,Miichthys miiuy,Predator,5,3.01208500987654
SSP1-2.6,44,MiichthysMiiuy,Miichthys miiuy,Predator,5,3.01666581358025
SSP1-2.6,45,MiichthysMiiuy,Miichthys miiuy,Predator,5,3.01720368148148
SSP1-2.6,46,MiichthysMiiuy,Miichthys miiuy,Predator,5,3.00871848271605
SSP1-2.6,47,MiichthysMiiuy,Miichthys miiuy,Predator,5,3.01429409012346
SSP1-2.6,48,MiichthysMiiuy,Miichthys miiuy,Predator,5,3.00954258518519
SSP1-2.6,49,MiichthysMiiuy,Miichthys miiuy,Predator,5,3.01457505679012
SSP1-2.6,50,MiichthysMiiuy,Miichthys miiuy,Predator,5,3.00800086666667
SSP1-2.6,51,MiichthysMiiuy,Miichthys miiuy,Predator,5,3.00627967037037
SSP1-2.6,52,MiichthysMiiuy,Miichthys miiuy,Predator,5,3.01315212716049
SSP1-2.6,53,MiichthysMiiuy,Miichthys miiuy,Predator,5,3.00569481851852
SSP1-2.6,54,MiichthysMiiuy,Miichthys miiuy,Predator,5,3.00393627530864
SSP1-2.6,55,MiichthysMiiuy,Miichthys miiuy,Predator,5,3.01188396296296
SSP1-2.6,56,MiichthysMiiuy,Miichthys miiuy,Predator,5,3.01641127530864
SSP1-2.6,57,MiichthysMiiuy,Miichthys miiuy,Predator,5,3.00697735802469
SSP1-2.6,58,MiichthysMiiuy,Miichthys miiuy,Predator,5,3.00706304567901
SSP1-2.6,59,MiichthysMiiuy,Miichthys miiuy,Predator,5,3.00527404567901
SSP1-2.6,60,MiichthysMiiuy,Miichthys miiuy,Predator,5,3.00830788765432
SSP1-2.6,61,MiichthysMiiuy,Miichthys miiuy,Predator,5,3.01551907160494
SSP1-2.6,62,MiichthysMiiuy,Miichthys miiuy,Predator,5,3.00416383703704
SSP1-2.6,63,MiichthysMiiuy,Miichthys miiuy,Predator,5,3.01089565432099
SSP1-2.6,64,MiichthysMiiuy,Miichthys miiuy,Predator,5,3.00460396790123
SSP1-2.6,65,MiichthysMiiuy,Miichthys miiuy,Predator,5,3.01145070123457
SSP1-2.6,66,MiichthysMiiuy,Miichthys miiuy,Predator,5,3.00565730617284
SSP1-2.6,67,MiichthysMiiuy,Miichthys miiuy,Predator,5,3.01176679382716
SSP1-2.6,68,MiichthysMiiuy,Miichthys miiuy,Predator,5,3.01590520617284
SSP1-2.6,69,MiichthysMiiuy,Miichthys miiuy,Predator,5,3.00737924444444
SSP1-2.6,70,MiichthysMiiuy,Miichthys miiuy,Predator,5,3.01670294814815
SSP1-2.6,71,MiichthysMiiuy,Miichthys miiuy,Predator,5,3.01076897407407
SSP1-2.6,72,MiichthysMiiuy,Miichthys miiuy,Predator,5,3.01088037160494
SSP1-2.6,73,MiichthysMiiuy,Miichthys miiuy,Predator,5,3.01413989753086
SSP1-2.6,74,MiichthysMiiuy,Miichthys miiuy,Predator,5,3.00509968271605
SSP1-2.6,75,MiichthysMiiuy,Miichthys miiuy,Predator,5,3.01097945925926
SSP1-2.6,76,MiichthysMiiuy,Miichthys miiuy,Predator,5,3.00435109876543
SSP1-2.6,77,MiichthysMiiuy,Miichthys miiuy,Predator,5,3.00539798024691
SSP1-2.6,78,MiichthysMiiuy,Miichthys miiuy,Predator,5,3.01117147901235
SSP1-2.6,79,MiichthysMiiuy,Miichthys miiuy,Predator,5,3.00839477283951
SSP1-2.6,80,MiichthysMiiuy,Miichthys miiuy,Predator,5,3.01650681358025
SSP1-2.6,81,MiichthysMiiuy,Miichthys miiuy,Predator,5,3.00363112592593
SSP1-2.6,82,MiichthysMiiuy,Miichthys miiuy,Predator,5,3.00830028395062
SSP1-2.6,83,MiichthysMiiuy,Miichthys miiuy,Predator,5,3.01034037777778
SSP1-2.6,84,MiichthysMiiuy,Miichthys miiuy,Predator,5,3.00873484320988
SSP1-2.6,85,MiichthysMiiuy,Miichthys miiuy,Predator,5,3.01682978148148
SSP1-2.6,86,MiichthysMiiuy,Miichthys miiuy,Predator,5,3.00336163827161
SSP1-2.6,87,MiichthysMiiuy,Miichthys miiuy,Predator,5,3.01138466419753
SSP1-2.6,88,MiichthysMiiuy,Miichthys miiuy,Predator,5,3.00987572469136
SSP1-2.6,89,MiichthysMiiuy,Miichthys miiuy,Predator,5,3.00959197901235
SSP1-2.6,90,MiichthysMiiuy,Miichthys miiuy,Predator,5,3.00279435802469
SSP1-2.6,91,MiichthysMiiuy,Miichthys miiuy,Predator,5,3.00711671234568
SSP1-2.6,92,MiichthysMiiuy,Miichthys miiuy,Predator,5,3.01498930246914
SSP1-2.6,93,MiichthysMiiuy,Miichthys miiuy,Predator,5,3.01012174938272
SSP1-2.6,94,MiichthysMiiuy,Miichthys miiuy,Predator,5,3.00756109506173
SSP1-2.6,95,MiichthysMiiuy,Miichthys miiuy,Predator,5,3.01261128518519
SSP1-2.6,96,MiichthysMiiuy,Miichthys miiuy,Predator,5,3.01625306790123
SSP1-2.6,97,MiichthysMiiuy,Miichthys miiuy,Predator,5,3.00795303950617
SSP1-2.6,98,MiichthysMiiuy,Miichthys miiuy,Predator,5,3.00714811234568
SSP1-2.6,99,MiichthysMiiuy,Miichthys miiuy,Predator,5,3.00580026419753
SSP1-2.6,100,MiichthysMiiuy,Miichthys miiuy,Predator,5,3.01091461111111
SSP1-2.6,1,TodarodesPacificus,Todarodes pacificus,Invertebrate,6,2.42375241975309
SSP1-2.6,2,TodarodesPacificus,Todarodes pacificus,Invertebrate,6,2.42755425555556
SSP1-2.6,3,TodarodesPacificus,Todarodes pacificus,Invertebrate,6,2.42637477530864
SSP1-2.6,4,TodarodesPacificus,Todarodes pacificus,Invertebrate,6,2.42379430246914
SSP1-2.6,5,TodarodesPacificus,Todarodes pacificus,Invertebrate,6,2.42459460740741
SSP1-2.6,6,TodarodesPacificus,Todarodes pacificus,Invertebrate,6,2.4253324691358
SSP1-2.6,7,TodarodesPacificus,Todarodes pacificus,Invertebrate,6,2.42780625185185
SSP1-2.6,8,TodarodesPacificus,Todarodes pacificus,Invertebrate,6,2.42917972345679
SSP1-2.6,9,TodarodesPacificus,Todarodes pacificus,Invertebrate,6,2.42885780493827
SSP1-2.6,10,TodarodesPacificus,Todarodes pacificus,Invertebrate,6,2.42762904938272
SSP1-2.6,11,TodarodesPacificus,Todarodes pacificus,Invertebrate,6,2.42541836790123
SSP1-2.6,12,TodarodesPacificus,Todarodes pacificus,Invertebrate,6,2.43058135555556
SSP1-2.6,13,TodarodesPacificus,Todarodes pacificus,Invertebrate,6,2.42171982716049
SSP1-2.6,14,TodarodesPacificus,Todarodes pacificus,Invertebrate,6,2.4226870617284
SSP1-2.6,15,TodarodesPacificus,Todarodes pacificus,Invertebrate,6,2.42540599382716
SSP1-2.6,16,TodarodesPacificus,Todarodes pacificus,Invertebrate,6,2.42826716419753
SSP1-2.6,17,TodarodesPacificus,Todarodes pacificus,Invertebrate,6,2.42386793950617
SSP1-2.6,18,TodarodesPacificus,Todarodes pacificus,Invertebrate,6,2.42885271975309
SSP1-2.6,19,TodarodesPacificus,Todarodes pacificus,Invertebrate,6,2.42855367777778
SSP1-2.6,20,TodarodesPacificus,Todarodes pacificus,Invertebrate,6,2.42790512716049
SSP1-2.6,21,TodarodesPacificus,Todarodes pacificus,Invertebrate,6,2.42226955308642
SSP1-2.6,22,TodarodesPacificus,Todarodes pacificus,Invertebrate,6,2.4213586345679
SSP1-2.6,23,TodarodesPacificus,Todarodes pacificus,Invertebrate,6,2.42956859382716
SSP1-2.6,24,TodarodesPacificus,Todarodes pacificus,Invertebrate,6,2.4259527617284
SSP1-2.6,25,TodarodesPacificus,Todarodes pacificus,Invertebrate,6,2.42380549876543
SSP1-2.6,26,TodarodesPacificus,Todarodes pacificus,Invertebrate,6,2.42490010493827
SSP1-2.6,27,TodarodesPacificus,Todarodes pacificus,Invertebrate,6,2.42227547407407
SSP1-2.6,28,TodarodesPacificus,Todarodes pacificus,Invertebrate,6,2.42978891234568
SSP1-2.6,29,TodarodesPacificus,Todarodes pacificus,Invertebrate,6,2.42301548888889
SSP1-2.6,30,TodarodesPacificus,Todarodes pacificus,Invertebrate,6,2.42929648641975
SSP1-2.6,31,TodarodesPacificus,Todarodes pacificus,Invertebrate,6,2.42428697654321
SSP1-2.6,32,TodarodesPacificus,Todarodes pacificus,Invertebrate,6,2.42772289876543
SSP1-2.6,33,TodarodesPacificus,Todarodes pacificus,Invertebrate,6,2.4285291345679
SSP1-2.6,34,TodarodesPacificus,Todarodes pacificus,Invertebrate,6,2.42470930493827
SSP1-2.6,35,TodarodesPacificus,Todarodes pacificus,Invertebrate,6,2.42559013827161
SSP1-2.6,36,TodarodesPacificus,Todarodes pacificus,Invertebrate,6,2.4204840691358
SSP1-2.6,37,TodarodesPacificus,Todarodes pacificus,Invertebrate,6,2.42267882222222
SSP1-2.6,38,TodarodesPacificus,Todarodes pacificus,Invertebrate,6,2.42426436666667
SSP1-2.6,39,TodarodesPacificus,Todarodes pacificus,Invertebrate,6,2.42650236790123
SSP1-2.6,40,TodarodesPacificus,Todarodes pacificus,Invertebrate,6,2.42487129753086
SSP1-2.6,41,TodarodesPacificus,Todarodes pacificus,Invertebrate,6,2.42538264691358
SSP1-2.6,42,TodarodesPacificus,Todarodes pacificus,Invertebrate,6,2.42000440740741
SSP1-2.6,43,TodarodesPacificus,Todarodes pacificus,Invertebrate,6,2.42438310123457
SSP1-2.6,44,TodarodesPacificus,Todarodes pacificus,Invertebrate,6,2.42194923703704
SSP1-2.6,45,TodarodesPacificus,Todarodes pacificus,Invertebrate,6,2.425875
SSP1-2.6,46,TodarodesPacificus,Todarodes pacificus,Invertebrate,6,2.42446505185185
SSP1-2.6,47,TodarodesPacificus,Todarodes pacificus,Invertebrate,6,2.4266866037037
SSP1-2.6,48,TodarodesPacificus,Todarodes pacificus,Invertebrate,6,2.42837788518519
SSP1-2.6,49,TodarodesPacificus,Todarodes pacificus,Invertebrate,6,2.42887132716049
SSP1-2.6,50,TodarodesPacificus,Todarodes pacificus,Invertebrate,6,2.42525605555556
SSP1-2.6,51,TodarodesPacificus,Todarodes pacificus,Invertebrate,6,2.42060994320988
SSP1-2.6,52,TodarodesPacificus,Todarodes pacificus,Invertebrate,6,2.42775288641975
SSP1-2.6,53,TodarodesPacificus,Todarodes pacificus,Invertebrate,6,2.42727915432099
SSP1-2.6,54,TodarodesPacificus,Todarodes pacificus,Invertebrate,6,2.42917577407407
SSP1-2.6,55,TodarodesPacificus,Todarodes pacificus,Invertebrate,6,2.42609130493827
SSP1-2.6,56,TodarodesPacificus,Todarodes pacificus,Invertebrate,6,2.42808715308642
SSP1-2.6,57,TodarodesPacificus,Todarodes pacificus,Invertebrate,6,2.42704811975309
SSP1-2.6,58,TodarodesPacificus,Todarodes pacificus,Invertebrate,6,2.42532302098765
SSP1-2.6,59,TodarodesPacificus,Todarodes pacificus,Invertebrate,6,2.42510227777778
SSP1-2.6,60,TodarodesPacificus,Todarodes pacificus,Invertebrate,6,2.42994216296296
SSP1-2.6,61,TodarodesPacificus,Todarodes pacificus,Invertebrate,6,2.42123866790123
SSP1-2.6,62,TodarodesPacificus,Todarodes pacificus,Invertebrate,6,2.42315349753086
SSP1-2.6,63,TodarodesPacificus,Todarodes pacificus,Invertebrate,6,2.42866081851852
SSP1-2.6,64,TodarodesPacificus,Todarodes pacificus,Invertebrate,6,2.42824898518519
SSP1-2.6,65,TodarodesPacificus,Todarodes pacificus,Invertebrate,6,2.43079210617284
SSP1-2.6,66,TodarodesPacificus,Todarodes pacificus,Invertebrate,6,2.42933861851852
SSP1-2.6,67,TodarodesPacificus,Todarodes pacificus,Invertebrate,6,2.42805329382716
SSP1-2.6,68,TodarodesPacificus,Todarodes pacificus,Invertebrate,6,2.42484408395062
SSP1-2.6,69,TodarodesPacificus,Todarodes pacificus,Invertebrate,6,2.42364695802469
SSP1-2.6,70,TodarodesPacificus,Todarodes pacificus,Invertebrate,6,2.42439008641975
SSP1-2.6,71,TodarodesPacificus,Todarodes pacificus,Invertebrate,6,2.43071777407407
SSP1-2.6,72,TodarodesPacificus,Todarodes pacificus,Invertebrate,6,2.42291790123457
SSP1-2.6,73,TodarodesPacificus,Todarodes pacificus,Invertebrate,6,2.42065958395062
SSP1-2.6,74,TodarodesPacificus,Todarodes pacificus,Invertebrate,6,2.42918011481481
SSP1-2.6,75,TodarodesPacificus,Todarodes pacificus,Invertebrate,6,2.41884282716049
SSP1-2.6,76,TodarodesPacificus,Todarodes pacificus,Invertebrate,6,2.42272815555556
SSP1-2.6,77,TodarodesPacificus,Todarodes pacificus,Invertebrate,6,2.42111549382716
SSP1-2.6,78,TodarodesPacificus,Todarodes pacificus,Invertebrate,6,2.42700623703704
SSP1-2.6,79,TodarodesPacificus,Todarodes pacificus,Invertebrate,6,2.42087732222222
SSP1-2.6,80,TodarodesPacificus,Todarodes pacificus,Invertebrate,6,2.42315842839506
SSP1-2.6,81,TodarodesPacificus,Todarodes pacificus,Invertebrate,6,2.42570946790123
SSP1-2.6,82,TodarodesPacificus,Todarodes pacificus,Invertebrate,6,2.42180671111111
SSP1-2.6,83,TodarodesPacificus,Todarodes pacificus,Invertebrate,6,2.42598478765432
SSP1-2.6,84,TodarodesPacificus,Todarodes pacificus,Invertebrate,6,2.42447754691358
SSP1-2.6,85,TodarodesPacificus,Todarodes pacificus,Invertebrate,6,2.42492808395062
SSP1-2.6,86,TodarodesPacificus,Todarodes pacificus,Invertebrate,6,2.42221676790123
SSP1-2.6,87,TodarodesPacificus,Todarodes pacificus,Invertebrate,6,2.42253454814815
SSP1-2.6,88,TodarodesPacificus,Todarodes pacificus,Invertebrate,6,2.43040373333333
SSP1-2.6,89,TodarodesPacificus,Todarodes pacificus,Invertebrate,6,2.42839693580247
SSP1-2.6,90,TodarodesPacificus,Todarodes pacificus,Invertebrate,6,2.42217874691358
SSP1-2.6,91,TodarodesPacificus,Todarodes pacificus,Invertebrate,6,2.42350579506173
SSP1-2.6,92,TodarodesPacificus,Todarodes pacificus,Invertebrate,6,2.42605969506173
SSP1-2.6,93,TodarodesPacificus,Todarodes pacificus,Invertebrate,6,2.42646034567901
SSP1-2.6,94,TodarodesPacificus,Todarodes pacificus,Invertebrate,6,2.42487795925926
SSP1-2.6,95,TodarodesPacificus,Todarodes pacificus,Invertebrate,6,2.42377241851852
SSP1-2.6,96,TodarodesPacificus,Todarodes pacificus,Invertebrate,6,2.42616079876543
SSP1-2.6,97,TodarodesPacificus,Todarodes pacificus,Invertebrate,6,2.42617195679012
SSP1-2.6,98,TodarodesPacificus,Todarodes pacificus,Invertebrate,6,2.42590212345679
SSP1-2.6,99,TodarodesPacificus,Todarodes pacificus,Invertebrate,6,2.4266146654321
SSP1-2.6,100,TodarodesPacificus,Todarodes pacificus,Invertebrate,6,2.42739581604938
SSP1-2.6,1,TrachysalambriaCurvirostris,Trachysalambria curvirostris,Invertebrate,7,2.2710747
SSP1-2.6,2,TrachysalambriaCurvirostris,Trachysalambria curvirostris,Invertebrate,7,2.2759616617284
SSP1-2.6,3,TrachysalambriaCurvirostris,Trachysalambria curvirostris,Invertebrate,7,2.27186330123457
SSP1-2.6,4,TrachysalambriaCurvirostris,Trachysalambria curvirostris,Invertebrate,7,2.27321384444444
SSP1-2.6,5,TrachysalambriaCurvirostris,Trachysalambria curvirostris,Invertebrate,7,2.26883638024691
SSP1-2.6,6,TrachysalambriaCurvirostris,Trachysalambria curvirostris,Invertebrate,7,2.27187718765432
SSP1-2.6,7,TrachysalambriaCurvirostris,Trachysalambria curvirostris,Invertebrate,7,2.27247893827161
SSP1-2.6,8,TrachysalambriaCurvirostris,Trachysalambria curvirostris,Invertebrate,7,2.27062197654321
SSP1-2.6,9,TrachysalambriaCurvirostris,Trachysalambria curvirostris,Invertebrate,7,2.27900337160494
SSP1-2.6,10,TrachysalambriaCurvirostris,Trachysalambria curvirostris,Invertebrate,7,2.26590576790123
SSP1-2.6,11,TrachysalambriaCurvirostris,Trachysalambria curvirostris,Invertebrate,7,2.27510096049383
SSP1-2.6,12,TrachysalambriaCurvirostris,Trachysalambria curvirostris,Invertebrate,7,2.27597662222222
SSP1-2.6,13,TrachysalambriaCurvirostris,Trachysalambria curvirostris,Invertebrate,7,2.27941801604938
SSP1-2.6,14,TrachysalambriaCurvirostris,Trachysalambria curvirostris,Invertebrate,7,2.27458368765432
SSP1-2.6,15,TrachysalambriaCurvirostris,Trachysalambria curvirostris,Invertebrate,7,2.27861341728395
SSP1-2.6,16,TrachysalambriaCurvirostris,Trachysalambria curvirostris,Invertebrate,7,2.27744822962963
SSP1-2.6,17,TrachysalambriaCurvirostris,Trachysalambria curvirostris,Invertebrate,7,2.2665594345679
SSP1-2.6,18,TrachysalambriaCurvirostris,Trachysalambria curvirostris,Invertebrate,7,2.27535986049383
SSP1-2.6,19,TrachysalambriaCurvirostris,Trachysalambria curvirostris,Invertebrate,7,2.27052311604938
SSP1-2.6,20,TrachysalambriaCurvirostris,Trachysalambria curvirostris,Invertebrate,7,2.27609003950617
SSP1-2.6,21,TrachysalambriaCurvirostris,Trachysalambria curvirostris,Invertebrate,7,2.27375189259259
SSP1-2.6,22,TrachysalambriaCurvirostris,Trachysalambria curvirostris,Invertebrate,7,2.26919722222222
SSP1-2.6,23,TrachysalambriaCurvirostris,Trachysalambria curvirostris,Invertebrate,7,2.26997034814815
SSP1-2.6,24,TrachysalambriaCurvirostris,Trachysalambria curvirostris,Invertebrate,7,2.27616682345679
SSP1-2.6,25,TrachysalambriaCurvirostris,Trachysalambria curvirostris,Invertebrate,7,2.28350155308642
SSP1-2.6,26,TrachysalambriaCurvirostris,Trachysalambria curvirostris,Invertebrate,7,2.26603224814815
SSP1-2.6,27,TrachysalambriaCurvirostris,Trachysalambria curvirostris,Invertebrate,7,2.27224857283951
SSP1-2.6,28,TrachysalambriaCurvirostris,Trachysalambria curvirostris,Invertebrate,7,2.26885878395062
SSP1-2.6,29,TrachysalambriaCurvirostris,Trachysalambria curvirostris,Invertebrate,7,2.27737419135802
SSP1-2.6,30,TrachysalambriaCurvirostris,Trachysalambria curvirostris,Invertebrate,7,2.27532084691358
SSP1-2.6,31,TrachysalambriaCurvirostris,Trachysalambria curvirostris,Invertebrate,7,2.2700892037037
SSP1-2.6,32,TrachysalambriaCurvirostris,Trachysalambria curvirostris,Invertebrate,7,2.27291184938272
SSP1-2.6,33,TrachysalambriaCurvirostris,Trachysalambria curvirostris,Invertebrate,7,2.27404519506173
SSP1-2.6,34,TrachysalambriaCurvirostris,Trachysalambria curvirostris,Invertebrate,7,2.27676151358025
SSP1-2.6,35,TrachysalambriaCurvirostris,Trachysalambria curvirostris,Invertebrate,7,2.27593062098765
SSP1-2.6,36,TrachysalambriaCurvirostris,Trachysalambria curvirostris,Invertebrate,7,2.27773714938272
SSP1-2.6,37,TrachysalambriaCurvirostris,Trachysalambria curvirostris,Invertebrate,7,2.26676846666667
SSP1-2.6,38,TrachysalambriaCurvirostris,Trachysalambria curvirostris,Invertebrate,7,2.27114399259259
SSP1-2.6,39,TrachysalambriaCurvirostris,Trachysalambria curvirostris,Invertebrate,7,2.27456269012346
SSP1-2.6,40,TrachysalambriaCurvirostris,Trachysalambria curvirostris,Invertebrate,7,2.28250322469136
SSP1-2.6,41,TrachysalambriaCurvirostris,Trachysalambria curvirostris,Invertebrate,7,2.26977533580247
SSP1-2.6,42,TrachysalambriaCurvirostris,Trachysalambria curvirostris,Invertebrate,7,2.26724310740741
SSP1-2.6,43,TrachysalambriaCurvirostris,Trachysalambria curvirostris,Invertebrate,7,2.27581291111111
SSP1-2.6,44,TrachysalambriaCurvirostris,Trachysalambria curvirostris,Invertebrate,7,2.26990662962963
SSP1-2.6,45,TrachysalambriaCurvirostris,Trachysalambria curvirostris,Invertebrate,7,2.26970651111111
SSP1-2.6,46,TrachysalambriaCurvirostris,Trachysalambria curvirostris,Invertebrate,7,2.27211463333333
SSP1-2.6,47,TrachysalambriaCurvirostris,Trachysalambria curvirostris,Invertebrate,7,2.27266939876543
SSP1-2.6,48,TrachysalambriaCurvirostris,Trachysalambria curvirostris,Invertebrate,7,2.27841755925926
SSP1-2.6,49,TrachysalambriaCurvirostris,Trachysalambria curvirostris,Invertebrate,7,2.27715562592593
SSP1-2.6,50,TrachysalambriaCurvirostris,Trachysalambria curvirostris,Invertebrate,7,2.27677961358025
SSP1-2.6,51,TrachysalambriaCurvirostris,Trachysalambria curvirostris,Invertebrate,7,2.2800966345679
SSP1-2.6,52,TrachysalambriaCurvirostris,Trachysalambria curvirostris,Invertebrate,7,2.27535362222222
SSP1-2.6,53,TrachysalambriaCurvirostris,Trachysalambria curvirostris,Invertebrate,7,2.26850931358025
SSP1-2.6,54,TrachysalambriaCurvirostris,Trachysalambria curvirostris,Invertebrate,7,2.26729717283951
SSP1-2.6,55,TrachysalambriaCurvirostris,Trachysalambria curvirostris,Invertebrate,7,2.26950402469136
SSP1-2.6,56,TrachysalambriaCurvirostris,Trachysalambria curvirostris,Invertebrate,7,2.27327789259259
SSP1-2.6,57,TrachysalambriaCurvirostris,Trachysalambria curvirostris,Invertebrate,7,2.27254312716049
SSP1-2.6,58,TrachysalambriaCurvirostris,Trachysalambria curvirostris,Invertebrate,7,2.26867725185185
SSP1-2.6,59,TrachysalambriaCurvirostris,Trachysalambria curvirostris,Invertebrate,7,2.27631072592593
SSP1-2.6,60,TrachysalambriaCurvirostris,Trachysalambria curvirostris,Invertebrate,7,2.2737793382716
SSP1-2.6,61,TrachysalambriaCurvirostris,Trachysalambria curvirostris,Invertebrate,7,2.27672857160494
SSP1-2.6,62,TrachysalambriaCurvirostris,Trachysalambria curvirostris,Invertebrate,7,2.2715674691358
SSP1-2.6,63,TrachysalambriaCurvirostris,Trachysalambria curvirostris,Invertebrate,7,2.27377572345679
SSP1-2.6,64,TrachysalambriaCurvirostris,Trachysalambria curvirostris,Invertebrate,7,2.28297424938272
SSP1-2.6,65,TrachysalambriaCurvirostris,Trachysalambria curvirostris,Invertebrate,7,2.27833917777778
SSP1-2.6,66,TrachysalambriaCurvirostris,Trachysalambria curvirostris,Invertebrate,7,2.26902094320988
SSP1-2.6,67,TrachysalambriaCurvirostris,Trachysalambria curvirostris,Invertebrate,7,2.27511193209877
SSP1-2.6,68,TrachysalambriaCurvirostris,Trachysalambria curvirostris,Invertebrate,7,2.27370048024691
SSP1-2.6,69,TrachysalambriaCurvirostris,Trachysalambria curvirostris,Invertebrate,7,2.27731060864198
SSP1-2.6,70,TrachysalambriaCurvirostris,Trachysalambria curvirostris,Invertebrate,7,2.27412423703704
SSP1-2.6,71,TrachysalambriaCurvirostris,Trachysalambria curvirostris,Invertebrate,7,2.27921044197531
SSP1-2.6,72,TrachysalambriaCurvirostris,Trachysalambria curvirostris,Invertebrate,7,2.27049073580247
SSP1-2.6,73,TrachysalambriaCurvirostris,Trachysalambria curvirostris,Invertebrate,7,2.27358137530864
SSP1-2.6,74,TrachysalambriaCurvirostris,Trachysalambria curvirostris,Invertebrate,7,2.27508298888889
SSP1-2.6,75,TrachysalambriaCurvirostris,Trachysalambria curvirostris,Invertebrate,7,2.27987988148148
SSP1-2.6,76,TrachysalambriaCurvirostris,Trachysalambria curvirostris,Invertebrate,7,2.27150474691358
SSP1-2.6,77,TrachysalambriaCurvirostris,Trachysalambria curvirostris,Invertebrate,7,2.26877921481481
SSP1-2.6,78,TrachysalambriaCurvirostris,Trachysalambria curvirostris,Invertebrate,7,2.26606710493827
SSP1-2.6,79,TrachysalambriaCurvirostris,Trachysalambria curvirostris,Invertebrate,7,2.28058511111111
SSP1-2.6,80,TrachysalambriaCurvirostris,Trachysalambria curvirostris,Invertebrate,7,2.26348712962963
SSP1-2.6,81,TrachysalambriaCurvirostris,Trachysalambria curvirostris,Invertebrate,7,2.27117522962963
SSP1-2.6,82,TrachysalambriaCurvirostris,Trachysalambria curvirostris,Invertebrate,7,2.2753482617284
SSP1-2.6,83,TrachysalambriaCurvirostris,Trachysalambria curvirostris,Invertebrate,7,2.27260686049383
SSP1-2.6,84,TrachysalambriaCurvirostris,Trachysalambria curvirostris,Invertebrate,7,2.28239896419753
SSP1-2.6,85,TrachysalambriaCurvirostris,Trachysalambria curvirostris,Invertebrate,7,2.28111043703704
SSP1-2.6,86,TrachysalambriaCurvirostris,Trachysalambria curvirostris,Invertebrate,7,2.27760284938272
SSP1-2.6,87,TrachysalambriaCurvirostris,Trachysalambria curvirostris,Invertebrate,7,2.27018526049383
SSP1-2.6,88,TrachysalambriaCurvirostris,Trachysalambria curvirostris,Invertebrate,7,2.27447457160494
SSP1-2.6,89,TrachysalambriaCurvirostris,Trachysalambria curvirostris,Invertebrate,7,2.27297259259259
SSP1-2.6,90,TrachysalambriaCurvirostris,Trachysalambria curvirostris,Invertebrate,7,2.26717907901235
SSP1-2.6,91,TrachysalambriaCurvirostris,Trachysalambria curvirostris,Invertebrate,7,2.26588420493827
SSP1-2.6,92,TrachysalambriaCurvirostris,Trachysalambria curvirostris,Invertebrate,7,2.27542525432099
SSP1-2.6,93,TrachysalambriaCurvirostris,Trachysalambria curvirostris,Invertebrate,7,2.27798701234568
SSP1-2.6,94,TrachysalambriaCurvirostris,Trachysalambria curvirostris,Invertebrate,7,2.26806455061728
SSP1-2.6,95,TrachysalambriaCurvirostris,Trachysalambria curvirostris,Invertebrate,7,2.27064796296296
SSP1-2.6,96,TrachysalambriaCurvirostris,Trachysalambria curvirostris,Invertebrate,7,2.28052712592593
SSP1-2.6,97,TrachysalambriaCurvirostris,Trachysalambria curvirostris,Invertebrate,7,2.26784443827161
SSP1-2.6,98,TrachysalambriaCurvirostris,Trachysalambria curvirostris,Invertebrate,7,2.26998769753086
SSP1-2.6,99,TrachysalambriaCurvirostris,Trachysalambria curvirostris,Invertebrate,7,2.27178575679012
SSP1-2.6,100,TrachysalambriaCurvirostris,Trachysalambria curvirostris,Invertebrate,7,2.26769138148148
SSP1-2.6,1,PortunusTrituberculatus,Portunus trituberculatus,Invertebrate,8,2.15320270987654
SSP1-2.6,2,PortunusTrituberculatus,Portunus trituberculatus,Invertebrate,8,2.14971190493827
SSP1-2.6,3,PortunusTrituberculatus,Portunus trituberculatus,Invertebrate,8,2.15332227037037
SSP1-2.6,4,PortunusTrituberculatus,Portunus trituberculatus,Invertebrate,8,2.1494920345679
SSP1-2.6,5,PortunusTrituberculatus,Portunus trituberculatus,Invertebrate,8,2.15321507037037
SSP1-2.6,6,PortunusTrituberculatus,Portunus trituberculatus,Invertebrate,8,2.15212127530864
SSP1-2.6,7,PortunusTrituberculatus,Portunus trituberculatus,Invertebrate,8,2.15205990740741
SSP1-2.6,8,PortunusTrituberculatus,Portunus trituberculatus,Invertebrate,8,2.15478582839506
SSP1-2.6,9,PortunusTrituberculatus,Portunus trituberculatus,Invertebrate,8,2.1544153308642
SSP1-2.6,10,PortunusTrituberculatus,Portunus trituberculatus,Invertebrate,8,2.1515183617284
SSP1-2.6,11,PortunusTrituberculatus,Portunus trituberculatus,Invertebrate,8,2.15113094444444
SSP1-2.6,12,PortunusTrituberculatus,Portunus trituberculatus,Invertebrate,8,2.15217522345679
SSP1-2.6,13,PortunusTrituberculatus,Portunus trituberculatus,Invertebrate,8,2.14972023209877
SSP1-2.6,14,PortunusTrituberculatus,Portunus trituberculatus,Invertebrate,8,2.15105734691358
SSP1-2.6,15,PortunusTrituberculatus,Portunus trituberculatus,Invertebrate,8,2.15004804814815
SSP1-2.6,16,PortunusTrituberculatus,Portunus trituberculatus,Invertebrate,8,2.15063470123457
SSP1-2.6,17,PortunusTrituberculatus,Portunus trituberculatus,Invertebrate,8,2.15238775555556
SSP1-2.6,18,PortunusTrituberculatus,Portunus trituberculatus,Invertebrate,8,2.15601844444444
SSP1-2.6,19,PortunusTrituberculatus,Portunus trituberculatus,Invertebrate,8,2.15432786666667
SSP1-2.6,20,PortunusTrituberculatus,Portunus trituberculatus,Invertebrate,8,2.15153012839506
SSP1-2.6,21,PortunusTrituberculatus,Portunus trituberculatus,Invertebrate,8,2.15171231358025
SSP1-2.6,22,PortunusTrituberculatus,Portunus trituberculatus,Invertebrate,8,2.15562021728395
SSP1-2.6,23,PortunusTrituberculatus,Portunus trituberculatus,Invertebrate,8,2.15123675308642
SSP1-2.6,24,PortunusTrituberculatus,Portunus trituberculatus,Invertebrate,8,2.15093167407407
SSP1-2.6,25,PortunusTrituberculatus,Portunus trituberculatus,Invertebrate,8,2.14927298024691
SSP1-2.6,26,PortunusTrituberculatus,Portunus trituberculatus,Invertebrate,8,2.15208589135802
SSP1-2.6,27,PortunusTrituberculatus,Portunus trituberculatus,Invertebrate,8,2.15682855185185
SSP1-2.6,28,PortunusTrituberculatus,Portunus trituberculatus,Invertebrate,8,2.15358676419753
SSP1-2.6,29,PortunusTrituberculatus,Portunus trituberculatus,Invertebrate,8,2.15348092345679
SSP1-2.6,30,PortunusTrituberculatus,Portunus trituberculatus,Invertebrate,8,2.15180488024691
SSP1-2.6,31,PortunusTrituberculatus,Portunus trituberculatus,Invertebrate,8,2.15460367530864
SSP1-2.6,32,PortunusTrituberculatus,Portunus trituberculatus,Invertebrate,8,2.15360893333333
SSP1-2.6,33,PortunusTrituberculatus,Portunus trituberculatus,Invertebrate,8,2.14548359382716
SSP1-2.6,34,PortunusTrituberculatus,Portunus trituberculatus,Invertebrate,8,2.15305368024691
SSP1-2.6,35,PortunusTrituberculatus,Portunus trituberculatus,Invertebrate,8,2.15147135185185
SSP1-2.6,36,PortunusTrituberculatus,Portunus trituberculatus,Invertebrate,8,2.15152759012346
SSP1-2.6,37,PortunusTrituberculatus,Portunus trituberculatus,Invertebrate,8,2.15342688395062
SSP1-2.6,38,PortunusTrituberculatus,Portunus trituberculatus,Invertebrate,8,2.15174847901235
SSP1-2.6,39,PortunusTrituberculatus,Portunus trituberculatus,Invertebrate,8,2.15397847283951
SSP1-2.6,40,PortunusTrituberculatus,Portunus trituberculatus,Invertebrate,8,2.14963751851852
SSP1-2.6,41,PortunusTrituberculatus,Portunus trituberculatus,Invertebrate,8,2.15362149382716
SSP1-2.6,42,PortunusTrituberculatus,Portunus trituberculatus,Invertebrate,8,2.14963881358025
SSP1-2.6,43,PortunusTrituberculatus,Portunus trituberculatus,Invertebrate,8,2.15314792222222
SSP1-2.6,44,PortunusTrituberculatus,Portunus trituberculatus,Invertebrate,8,2.14926059382716
SSP1-2.6,45,PortunusTrituberculatus,Portunus trituberculatus,Invertebrate,8,2.15099184320988
SSP1-2.6,46,PortunusTrituberculatus,Portunus trituberculatus,Invertebrate,8,2.15143149135802
SSP1-2.6,47,PortunusTrituberculatus,Portunus trituberculatus,Invertebrate,8,2.15519336666667
SSP1-2.6,48,PortunusTrituberculatus,Portunus trituberculatus,Invertebrate,8,2.15503064691358
SSP1-2.6,49,PortunusTrituberculatus,Portunus trituberculatus,Invertebrate,8,2.15353030864198
SSP1-2.6,50,PortunusTrituberculatus,Portunus trituberculatus,Invertebrate,8,2.15280937283951
SSP1-2.6,51,PortunusTrituberculatus,Portunus trituberculatus,Invertebrate,8,2.15168521481482
SSP1-2.6,52,PortunusTrituberculatus,Portunus trituberculatus,Invertebrate,8,2.15447007407407
SSP1-2.6,53,PortunusTrituberculatus,Portunus trituberculatus,Invertebrate,8,2.15080892592593
SSP1-2.6,54,PortunusTrituberculatus,Portunus trituberculatus,Invertebrate,8,2.15367616049383
SSP1-2.6,55,PortunusTrituberculatus,Portunus trituberculatus,Invertebrate,8,2.15224711358025
SSP1-2.6,56,PortunusTrituberculatus,Portunus trituberculatus,Invertebrate,8,2.15421763827161
SSP1-2.6,57,PortunusTrituberculatus,Portunus trituberculatus,Invertebrate,8,2.15319318024691
SSP1-2.6,58,PortunusTrituberculatus,Portunus trituberculatus,Invertebrate,8,2.15222187530864
SSP1-2.6,59,PortunusTrituberculatus,Portunus trituberculatus,Invertebrate,8,2.15046212839506
SSP1-2.6,60,PortunusTrituberculatus,Portunus trituberculatus,Invertebrate,8,2.14956764444444
SSP1-2.6,61,PortunusTrituberculatus,Portunus trituberculatus,Invertebrate,8,2.15110060987654
SSP1-2.6,62,PortunusTrituberculatus,Portunus trituberculatus,Invertebrate,8,2.15383587037037
SSP1-2.6,63,PortunusTrituberculatus,Portunus trituberculatus,Invertebrate,8,2.15101947654321
SSP1-2.6,64,PortunusTrituberculatus,Portunus trituberculatus,Invertebrate,8,2.15338530246914
SSP1-2.6,65,PortunusTrituberculatus,Portunus trituberculatus,Invertebrate,8,2.15468979135802
SSP1-2.6,66,PortunusTrituberculatus,Portunus trituberculatus,Invertebrate,8,2.14981623703704
SSP1-2.6,67,PortunusTrituberculatus,Portunus trituberculatus,Invertebrate,8,2.15301015802469
SSP1-2.6,68,PortunusTrituberculatus,Portunus trituberculatus,Invertebrate,8,2.15088448024691
SSP1-2.6,69,PortunusTrituberculatus,Portunus trituberculatus,Invertebrate,8,2.1522883691358
SSP1-2.6,70,PortunusTrituberculatus,Portunus trituberculatus,Invertebrate,8,2.15308058395062
SSP1-2.6,71,PortunusTrituberculatus,Portunus trituberculatus,Invertebrate,8,2.15373112962963
SSP1-2.6,72,PortunusTrituberculatus,Portunus trituberculatus,Invertebrate,8,2.1526706308642
SSP1-2.6,73,PortunusTrituberculatus,Portunus trituberculatus,Invertebrate,8,2.1538258617284
SSP1-2.6,74,PortunusTrituberculatus,Portunus trituberculatus,Invertebrate,8,2.15360793950617
SSP1-2.6,75,PortunusTrituberculatus,Portunus trituberculatus,Invertebrate,8,2.15293081111111
SSP1-2.6,76,PortunusTrituberculatus,Portunus trituberculatus,Invertebrate,8,2.15087026666667
SSP1-2.6,77,PortunusTrituberculatus,Portunus trituberculatus,Invertebrate,8,2.15002877901235
SSP1-2.6,78,PortunusTrituberculatus,Portunus trituberculatus,Invertebrate,8,2.15196559753086
SSP1-2.6,79,PortunusTrituberculatus,Portunus trituberculatus,Invertebrate,8,2.15428798888889
SSP1-2.6,80,PortunusTrituberculatus,Portunus trituberculatus,Invertebrate,8,2.15026108641975
SSP1-2.6,81,PortunusTrituberculatus,Portunus trituberculatus,Invertebrate,8,2.15135454197531
SSP1-2.6,82,PortunusTrituberculatus,Portunus trituberculatus,Invertebrate,8,2.14847970740741
SSP1-2.6,83,PortunusTrituberculatus,Portunus trituberculatus,Invertebrate,8,2.15223520864198
SSP1-2.6,84,PortunusTrituberculatus,Portunus trituberculatus,Invertebrate,8,2.1483325654321
SSP1-2.6,85,PortunusTrituberculatus,Portunus trituberculatus,Invertebrate,8,2.15645660123457
SSP1-2.6,86,PortunusTrituberculatus,Portunus trituberculatus,Invertebrate,8,2.14943855308642
SSP1-2.6,87,PortunusTrituberculatus,Portunus trituberculatus,Invertebrate,8,2.15200550987654
SSP1-2.6,88,PortunusTrituberculatus,Portunus trituberculatus,Invertebrate,8,2.15665942098765
SSP1-2.6,89,PortunusTrituberculatus,Portunus trituberculatus,Invertebrate,8,2.15366920617284
SSP1-2.6,90,PortunusTrituberculatus,Portunus trituberculatus,Invertebrate,8,2.15052275555556
SSP1-2.6,91,PortunusTrituberculatus,Portunus trituberculatus,Invertebrate,8,2.15186457283951
SSP1-2.6,92,PortunusTrituberculatus,Portunus trituberculatus,Invertebrate,8,2.15157857160494
SSP1-2.6,93,PortunusTrituberculatus,Portunus trituberculatus,Invertebrate,8,2.15482290617284
SSP1-2.6,94,PortunusTrituberculatus,Portunus trituberculatus,Invertebrate,8,2.1519956962963
SSP1-2.6,95,PortunusTrituberculatus,Portunus trituberculatus,Invertebrate,8,2.15346510987654
SSP1-2.6,96,PortunusTrituberculatus,Portunus trituberculatus,Invertebrate,8,2.15228989753086
SSP1-2.6,97,PortunusTrituberculatus,Portunus trituberculatus,Invertebrate,8,2.15332096296296
SSP1-2.6,98,PortunusTrituberculatus,Portunus trituberculatus,Invertebrate,8,2.15137759382716
SSP1-2.6,99,PortunusTrituberculatus,Portunus trituberculatus,Invertebrate,8,2.15104572962963
SSP1-2.6,100,PortunusTrituberculatus,Portunus trituberculatus,Invertebrate,8,2.15134685555556
SSP1-2.6,1,ScomberJaponicus,Scomber japonicus,Mid-trophic species,9,2.53687773580247
SSP1-2.6,2,ScomberJaponicus,Scomber japonicus,Mid-trophic species,9,2.53627157283951
SSP1-2.6,3,ScomberJaponicus,Scomber japonicus,Mid-trophic species,9,2.53901016790123
SSP1-2.6,4,ScomberJaponicus,Scomber japonicus,Mid-trophic species,9,2.53832124567901
SSP1-2.6,5,ScomberJaponicus,Scomber japonicus,Mid-trophic species,9,2.5380653345679
SSP1-2.6,6,ScomberJaponicus,Scomber japonicus,Mid-trophic species,9,2.53616025925926
SSP1-2.6,7,ScomberJaponicus,Scomber japonicus,Mid-trophic species,9,2.5379095654321
SSP1-2.6,8,ScomberJaponicus,Scomber japonicus,Mid-trophic species,9,2.54045985802469
SSP1-2.6,9,ScomberJaponicus,Scomber japonicus,Mid-trophic species,9,2.53909290864198
SSP1-2.6,10,ScomberJaponicus,Scomber japonicus,Mid-trophic species,9,2.5406871654321
SSP1-2.6,11,ScomberJaponicus,Scomber japonicus,Mid-trophic species,9,2.53887257283951
SSP1-2.6,12,ScomberJaponicus,Scomber japonicus,Mid-trophic species,9,2.53764697777778
SSP1-2.6,13,ScomberJaponicus,Scomber japonicus,Mid-trophic species,9,2.53678843580247
SSP1-2.6,14,ScomberJaponicus,Scomber japonicus,Mid-trophic species,9,2.53737013950617
SSP1-2.6,15,ScomberJaponicus,Scomber japonicus,Mid-trophic species,9,2.53877790493827
SSP1-2.6,16,ScomberJaponicus,Scomber japonicus,Mid-trophic species,9,2.53912294938272
SSP1-2.6,17,ScomberJaponicus,Scomber japonicus,Mid-trophic species,9,2.54043558641975
SSP1-2.6,18,ScomberJaponicus,Scomber japonicus,Mid-trophic species,9,2.54088911358025
SSP1-2.6,19,ScomberJaponicus,Scomber japonicus,Mid-trophic species,9,2.53821280493827
SSP1-2.6,20,ScomberJaponicus,Scomber japonicus,Mid-trophic species,9,2.53887534814815
SSP1-2.6,21,ScomberJaponicus,Scomber japonicus,Mid-trophic species,9,2.54207347777778
SSP1-2.6,22,ScomberJaponicus,Scomber japonicus,Mid-trophic species,9,2.53630669753086
SSP1-2.6,23,ScomberJaponicus,Scomber japonicus,Mid-trophic species,9,2.53994896666667
SSP1-2.6,24,ScomberJaponicus,Scomber japonicus,Mid-trophic species,9,2.5352590962963
SSP1-2.6,25,ScomberJaponicus,Scomber japonicus,Mid-trophic species,9,2.53909594197531
SSP1-2.6,26,ScomberJaponicus,Scomber japonicus,Mid-trophic species,9,2.54005305802469
SSP1-2.6,27,ScomberJaponicus,Scomber japonicus,Mid-trophic species,9,2.53872792098765
SSP1-2.6,28,ScomberJaponicus,Scomber japonicus,Mid-trophic species,9,2.53997909012346
SSP1-2.6,29,ScomberJaponicus,Scomber japonicus,Mid-trophic species,9,2.53690011358025
SSP1-2.6,30,ScomberJaponicus,Scomber japonicus,Mid-trophic species,9,2.53873395679012
SSP1-2.6,31,ScomberJaponicus,Scomber japonicus,Mid-trophic species,9,2.53788513580247
SSP1-2.6,32,ScomberJaponicus,Scomber japonicus,Mid-trophic species,9,2.53933769259259
SSP1-2.6,33,ScomberJaponicus,Scomber japonicus,Mid-trophic species,9,2.53897779259259
SSP1-2.6,34,ScomberJaponicus,Scomber japonicus,Mid-trophic species,9,2.53753612839506
SSP1-2.6,35,ScomberJaponicus,Scomber japonicus,Mid-trophic species,9,2.53848285432099
SSP1-2.6,36,ScomberJaponicus,Scomber japonicus,Mid-trophic species,9,2.53851586049383
SSP1-2.6,37,ScomberJaponicus,Scomber japonicus,Mid-trophic species,9,2.53590482345679
SSP1-2.6,38,ScomberJaponicus,Scomber japonicus,Mid-trophic species,9,2.53776601481481
SSP1-2.6,39,ScomberJaponicus,Scomber japonicus,Mid-trophic species,9,2.53939398395062
SSP1-2.6,40,ScomberJaponicus,Scomber japonicus,Mid-trophic species,9,2.53603767407407
SSP1-2.6,41,ScomberJaponicus,Scomber japonicus,Mid-trophic species,9,2.53935301975309
SSP1-2.6,42,ScomberJaponicus,Scomber japonicus,Mid-trophic species,9,2.53867535185185
SSP1-2.6,43,ScomberJaponicus,Scomber japonicus,Mid-trophic species,9,2.53677989135803
SSP1-2.6,44,ScomberJaponicus,Scomber japonicus,Mid-trophic species,9,2.53543204320988
SSP1-2.6,45,ScomberJaponicus,Scomber japonicus,Mid-trophic species,9,2.53702195802469
SSP1-2.6,46,ScomberJaponicus,Scomber japonicus,Mid-trophic species,9,2.53570784444444
SSP1-2.6,47,ScomberJaponicus,Scomber japonicus,Mid-trophic species,9,2.53702934444444
SSP1-2.6,48,ScomberJaponicus,Scomber japonicus,Mid-trophic species,9,2.53861347160494
SSP1-2.6,49,ScomberJaponicus,Scomber japonicus,Mid-trophic species,9,2.53952740617284
SSP1-2.6,50,ScomberJaponicus,Scomber japonicus,Mid-trophic species,9,2.5394309
SSP1-2.6,51,ScomberJaponicus,Scomber japonicus,Mid-trophic species,9,2.54012141481482
SSP1-2.6,52,ScomberJaponicus,Scomber japonicus,Mid-trophic species,9,2.53756341975309
SSP1-2.6,53,ScomberJaponicus,Scomber japonicus,Mid-trophic species,9,2.54013677901235
SSP1-2.6,54,ScomberJaponicus,Scomber japonicus,Mid-trophic species,9,2.53777777530864
SSP1-2.6,55,ScomberJaponicus,Scomber japonicus,Mid-trophic species,9,2.53852769135803
SSP1-2.6,56,ScomberJaponicus,Scomber japonicus,Mid-trophic species,9,2.53529767654321
SSP1-2.6,57,ScomberJaponicus,Scomber japonicus,Mid-trophic species,9,2.53965756666667
SSP1-2.6,58,ScomberJaponicus,Scomber japonicus,Mid-trophic species,9,2.53652899012346
SSP1-2.6,59,ScomberJaponicus,Scomber japonicus,Mid-trophic species,9,2.5407556617284
SSP1-2.6,60,ScomberJaponicus,Scomber japonicus,Mid-trophic species,9,2.54017487777778
SSP1-2.6,61,ScomberJaponicus,Scomber japonicus,Mid-trophic species,9,2.53430128765432
SSP1-2.6,62,ScomberJaponicus,Scomber japonicus,Mid-trophic species,9,2.53602926790123
SSP1-2.6,63,ScomberJaponicus,Scomber japonicus,Mid-trophic species,9,2.54026236790123
SSP1-2.6,64,ScomberJaponicus,Scomber japonicus,Mid-trophic species,9,2.53796062345679
SSP1-2.6,65,ScomberJaponicus,Scomber japonicus,Mid-trophic species,9,2.53931788518519
SSP1-2.6,66,ScomberJaponicus,Scomber japonicus,Mid-trophic species,9,2.53551940123457
SSP1-2.6,67,ScomberJaponicus,Scomber japonicus,Mid-trophic species,9,2.53706067283951
SSP1-2.6,68,ScomberJaponicus,Scomber japonicus,Mid-trophic species,9,2.5410818617284
SSP1-2.6,69,ScomberJaponicus,Scomber japonicus,Mid-trophic species,9,2.53792186419753
SSP1-2.6,70,ScomberJaponicus,Scomber japonicus,Mid-trophic species,9,2.5391507691358
SSP1-2.6,71,ScomberJaponicus,Scomber japonicus,Mid-trophic species,9,2.53940435802469
SSP1-2.6,72,ScomberJaponicus,Scomber japonicus,Mid-trophic species,9,2.5356284
SSP1-2.6,73,ScomberJaponicus,Scomber japonicus,Mid-trophic species,9,2.53819180864198
SSP1-2.6,74,ScomberJaponicus,Scomber japonicus,Mid-trophic species,9,2.5376774382716
SSP1-2.6,75,ScomberJaponicus,Scomber japonicus,Mid-trophic species,9,2.53736153950617
SSP1-2.6,76,ScomberJaponicus,Scomber japonicus,Mid-trophic species,9,2.5379329962963
SSP1-2.6,77,ScomberJaponicus,Scomber japonicus,Mid-trophic species,9,2.53837125802469
SSP1-2.6,78,ScomberJaponicus,Scomber japonicus,Mid-trophic species,9,2.53647483333333
SSP1-2.6,79,ScomberJaponicus,Scomber japonicus,Mid-trophic species,9,2.53931427283951
SSP1-2.6,80,ScomberJaponicus,Scomber japonicus,Mid-trophic species,9,2.53663676419753
SSP1-2.6,81,ScomberJaponicus,Scomber japonicus,Mid-trophic species,9,2.53769481604938
SSP1-2.6,82,ScomberJaponicus,Scomber japonicus,Mid-trophic species,9,2.53750099012346
SSP1-2.6,83,ScomberJaponicus,Scomber japonicus,Mid-trophic species,9,2.54058019259259
SSP1-2.6,84,ScomberJaponicus,Scomber japonicus,Mid-trophic species,9,2.53772076666667
SSP1-2.6,85,ScomberJaponicus,Scomber japonicus,Mid-trophic species,9,2.53762094814815
SSP1-2.6,86,ScomberJaponicus,Scomber japonicus,Mid-trophic species,9,2.53590471358025
SSP1-2.6,87,ScomberJaponicus,Scomber japonicus,Mid-trophic species,9,2.53716704938272
SSP1-2.6,88,ScomberJaponicus,Scomber japonicus,Mid-trophic species,9,2.54003959382716
SSP1-2.6,89,ScomberJaponicus,Scomber japonicus,Mid-trophic species,9,2.53995137777778
SSP1-2.6,90,ScomberJaponicus,Scomber japonicus,Mid-trophic species,9,2.53885365432099
SSP1-2.6,91,ScomberJaponicus,Scomber japonicus,Mid-trophic species,9,2.53627756296296
SSP1-2.6,92,ScomberJaponicus,Scomber japonicus,Mid-trophic species,9,2.53932691358025
SSP1-2.6,93,ScomberJaponicus,Scomber japonicus,Mid-trophic species,9,2.54024502098765
SSP1-2.6,94,ScomberJaponicus,Scomber japonicus,Mid-trophic species,9,2.53748957777778
SSP1-2.6,95,ScomberJaponicus,Scomber japonicus,Mid-trophic species,9,2.53982297530864
SSP1-2.6,96,ScomberJaponicus,Scomber japonicus,Mid-trophic species,9,2.53892853209877
SSP1-2.6,97,ScomberJaponicus,Scomber japonicus,Mid-trophic species,9,2.53863785185185
SSP1-2.6,98,ScomberJaponicus,Scomber japonicus,Mid-trophic species,9,2.53855082962963
SSP1-2.6,99,ScomberJaponicus,Scomber japonicus,Mid-trophic species,9,2.53886842222222
SSP1-2.6,100,ScomberJaponicus,Scomber japonicus,Mid-trophic species,9,2.5394034037037
SSP1-2.6,1,DecapterusMaruadsi,Decapterus maruadsi,Mid-trophic species,10,2.72629189506173
SSP1-2.6,2,DecapterusMaruadsi,Decapterus maruadsi,Mid-trophic species,10,2.72539643209877
SSP1-2.6,3,DecapterusMaruadsi,Decapterus maruadsi,Mid-trophic species,10,2.72268938148148
SSP1-2.6,4,DecapterusMaruadsi,Decapterus maruadsi,Mid-trophic species,10,2.70985328395062
SSP1-2.6,5,DecapterusMaruadsi,Decapterus maruadsi,Mid-trophic species,10,2.72124417530864
SSP1-2.6,6,DecapterusMaruadsi,Decapterus maruadsi,Mid-trophic species,10,2.71987664074074
SSP1-2.6,7,DecapterusMaruadsi,Decapterus maruadsi,Mid-trophic species,10,2.72233709876543
SSP1-2.6,8,DecapterusMaruadsi,Decapterus maruadsi,Mid-trophic species,10,2.72716451111111
SSP1-2.6,9,DecapterusMaruadsi,Decapterus maruadsi,Mid-trophic species,10,2.7331147308642
SSP1-2.6,10,DecapterusMaruadsi,Decapterus maruadsi,Mid-trophic species,10,2.72934270246914
SSP1-2.6,11,DecapterusMaruadsi,Decapterus maruadsi,Mid-trophic species,10,2.71955018271605
SSP1-2.6,12,DecapterusMaruadsi,Decapterus maruadsi,Mid-trophic species,10,2.7245117691358
SSP1-2.6,13,DecapterusMaruadsi,Decapterus maruadsi,Mid-trophic species,10,2.71433525061728
SSP1-2.6,14,DecapterusMaruadsi,Decapterus maruadsi,Mid-trophic species,10,2.72218648641975
SSP1-2.6,15,DecapterusMaruadsi,Decapterus maruadsi,Mid-trophic species,10,2.72505369506173
SSP1-2.6,16,DecapterusMaruadsi,Decapterus maruadsi,Mid-trophic species,10,2.7326096962963
SSP1-2.6,17,DecapterusMaruadsi,Decapterus maruadsi,Mid-trophic species,10,2.72079434814815
SSP1-2.6,18,DecapterusMaruadsi,Decapterus maruadsi,Mid-trophic species,10,2.72427709259259
SSP1-2.6,19,DecapterusMaruadsi,Decapterus maruadsi,Mid-trophic species,10,2.72799899012346
SSP1-2.6,20,DecapterusMaruadsi,Decapterus maruadsi,Mid-trophic species,10,2.72900181851852
SSP1-2.6,21,DecapterusMaruadsi,Decapterus maruadsi,Mid-trophic species,10,2.72225685432099
SSP1-2.6,22,DecapterusMaruadsi,Decapterus maruadsi,Mid-trophic species,10,2.72994252592593
SSP1-2.6,23,DecapterusMaruadsi,Decapterus maruadsi,Mid-trophic species,10,2.7143183037037
SSP1-2.6,24,DecapterusMaruadsi,Decapterus maruadsi,Mid-trophic species,10,2.71936437283951
SSP1-2.6,25,DecapterusMaruadsi,Decapterus maruadsi,Mid-trophic species,10,2.72652885308642
SSP1-2.6,26,DecapterusMaruadsi,Decapterus maruadsi,Mid-trophic species,10,2.73021890246914
SSP1-2.6,27,DecapterusMaruadsi,Decapterus maruadsi,Mid-trophic species,10,2.7175145345679
SSP1-2.6,28,DecapterusMaruadsi,Decapterus maruadsi,Mid-trophic species,10,2.71606634567901
SSP1-2.6,29,DecapterusMaruadsi,Decapterus maruadsi,Mid-trophic species,10,2.71987244197531
SSP1-2.6,30,DecapterusMaruadsi,Decapterus maruadsi,Mid-trophic species,10,2.73063377037037
SSP1-2.6,31,DecapterusMaruadsi,Decapterus maruadsi,Mid-trophic species,10,2.72407622345679
SSP1-2.6,32,DecapterusMaruadsi,Decapterus maruadsi,Mid-trophic species,10,2.7230659345679
SSP1-2.6,33,DecapterusMaruadsi,Decapterus maruadsi,Mid-trophic species,10,2.73029843580247
SSP1-2.6,34,DecapterusMaruadsi,Decapterus maruadsi,Mid-trophic species,10,2.71942371234568
SSP1-2.6,35,DecapterusMaruadsi,Decapterus maruadsi,Mid-trophic species,10,2.72344963580247
SSP1-2.6,36,DecapterusMaruadsi,Decapterus maruadsi,Mid-trophic species,10,2.72293306419753
SSP1-2.6,37,DecapterusMaruadsi,Decapterus maruadsi,Mid-trophic species,10,2.73344046666667
SSP1-2.6,38,DecapterusMaruadsi,Decapterus maruadsi,Mid-trophic species,10,2.71532619753086
SSP1-2.6,39,DecapterusMaruadsi,Decapterus maruadsi,Mid-trophic species,10,2.72657048518519
SSP1-2.6,40,DecapterusMaruadsi,Decapterus maruadsi,Mid-trophic species,10,2.72430870246914
SSP1-2.6,41,DecapterusMaruadsi,Decapterus maruadsi,Mid-trophic species,10,2.71948134938272
SSP1-2.6,42,DecapterusMaruadsi,Decapterus maruadsi,Mid-trophic species,10,2.72496503703704
SSP1-2.6,43,DecapterusMaruadsi,Decapterus maruadsi,Mid-trophic species,10,2.72166411851852
SSP1-2.6,44,DecapterusMaruadsi,Decapterus maruadsi,Mid-trophic species,10,2.72469069876543
SSP1-2.6,45,DecapterusMaruadsi,Decapterus maruadsi,Mid-trophic species,10,2.72700181851852
SSP1-2.6,46,DecapterusMaruadsi,Decapterus maruadsi,Mid-trophic species,10,2.72826450864198
SSP1-2.6,47,DecapterusMaruadsi,Decapterus maruadsi,Mid-trophic species,10,2.72206315308642
SSP1-2.6,48,DecapterusMaruadsi,Decapterus maruadsi,Mid-trophic species,10,2.7215576654321
SSP1-2.6,49,DecapterusMaruadsi,Decapterus maruadsi,Mid-trophic species,10,2.72246459876543
SSP1-2.6,50,DecapterusMaruadsi,Decapterus maruadsi,Mid-trophic species,10,2.73544698395062
SSP1-2.6,51,DecapterusMaruadsi,Decapterus maruadsi,Mid-trophic species,10,2.7200319962963
SSP1-2.6,52,DecapterusMaruadsi,Decapterus maruadsi,Mid-trophic species,10,2.72263435432099
SSP1-2.6,53,DecapterusMaruadsi,Decapterus maruadsi,Mid-trophic species,10,2.72927874691358
SSP1-2.6,54,DecapterusMaruadsi,Decapterus maruadsi,Mid-trophic species,10,2.71696404320988
SSP1-2.6,55,DecapterusMaruadsi,Decapterus maruadsi,Mid-trophic species,10,2.72782609506173
SSP1-2.6,56,DecapterusMaruadsi,Decapterus maruadsi,Mid-trophic species,10,2.72358674320988
SSP1-2.6,57,DecapterusMaruadsi,Decapterus maruadsi,Mid-trophic species,10,2.71780803703704
SSP1-2.6,58,DecapterusMaruadsi,Decapterus maruadsi,Mid-trophic species,10,2.71676133950617
SSP1-2.6,59,DecapterusMaruadsi,Decapterus maruadsi,Mid-trophic species,10,2.73123640864198
SSP1-2.6,60,DecapterusMaruadsi,Decapterus maruadsi,Mid-trophic species,10,2.72433828024691
SSP1-2.6,61,DecapterusMaruadsi,Decapterus maruadsi,Mid-trophic species,10,2.71598663580247
SSP1-2.6,62,DecapterusMaruadsi,Decapterus maruadsi,Mid-trophic species,10,2.71678050246914
SSP1-2.6,63,DecapterusMaruadsi,Decapterus maruadsi,Mid-trophic species,10,2.72160323209877
SSP1-2.6,64,DecapterusMaruadsi,Decapterus maruadsi,Mid-trophic species,10,2.71945809135802
SSP1-2.6,65,DecapterusMaruadsi,Decapterus maruadsi,Mid-trophic species,10,2.71195134938272
SSP1-2.6,66,DecapterusMaruadsi,Decapterus maruadsi,Mid-trophic species,10,2.72387847901235
SSP1-2.6,67,DecapterusMaruadsi,Decapterus maruadsi,Mid-trophic species,10,2.71702495308642
SSP1-2.6,68,DecapterusMaruadsi,Decapterus maruadsi,Mid-trophic species,10,2.72610468641975
SSP1-2.6,69,DecapterusMaruadsi,Decapterus maruadsi,Mid-trophic species,10,2.72621245185185
SSP1-2.6,70,DecapterusMaruadsi,Decapterus maruadsi,Mid-trophic species,10,2.73693179135802
SSP1-2.6,71,DecapterusMaruadsi,Decapterus maruadsi,Mid-trophic species,10,2.71568897530864
SSP1-2.6,72,DecapterusMaruadsi,Decapterus maruadsi,Mid-trophic species,10,2.72444480987654
SSP1-2.6,73,DecapterusMaruadsi,Decapterus maruadsi,Mid-trophic species,10,2.71895385185185
SSP1-2.6,74,DecapterusMaruadsi,Decapterus maruadsi,Mid-trophic species,10,2.72516425432099
SSP1-2.6,75,DecapterusMaruadsi,Decapterus maruadsi,Mid-trophic species,10,2.71265972345679
SSP1-2.6,76,DecapterusMaruadsi,Decapterus maruadsi,Mid-trophic species,10,2.72351517283951
SSP1-2.6,77,DecapterusMaruadsi,Decapterus maruadsi,Mid-trophic species,10,2.72438215925926
SSP1-2.6,78,DecapterusMaruadsi,Decapterus maruadsi,Mid-trophic species,10,2.72264419876543
SSP1-2.6,79,DecapterusMaruadsi,Decapterus maruadsi,Mid-trophic species,10,2.71998889753086
SSP1-2.6,80,DecapterusMaruadsi,Decapterus maruadsi,Mid-trophic species,10,2.72956240987654
SSP1-2.6,81,DecapterusMaruadsi,Decapterus maruadsi,Mid-trophic species,10,2.7190956962963
SSP1-2.6,82,DecapterusMaruadsi,Decapterus maruadsi,Mid-trophic species,10,2.7218319308642
SSP1-2.6,83,DecapterusMaruadsi,Decapterus maruadsi,Mid-trophic species,10,2.72271611358025
SSP1-2.6,84,DecapterusMaruadsi,Decapterus maruadsi,Mid-trophic species,10,2.72362730246914
SSP1-2.6,85,DecapterusMaruadsi,Decapterus maruadsi,Mid-trophic species,10,2.72485982839506
SSP1-2.6,86,DecapterusMaruadsi,Decapterus maruadsi,Mid-trophic species,10,2.73092618765432
SSP1-2.6,87,DecapterusMaruadsi,Decapterus maruadsi,Mid-trophic species,10,2.71831374444444
SSP1-2.6,88,DecapterusMaruadsi,Decapterus maruadsi,Mid-trophic species,10,2.7222681308642
SSP1-2.6,89,DecapterusMaruadsi,Decapterus maruadsi,Mid-trophic species,10,2.71969829382716
SSP1-2.6,90,DecapterusMaruadsi,Decapterus maruadsi,Mid-trophic species,10,2.71872438888889
SSP1-2.6,91,DecapterusMaruadsi,Decapterus maruadsi,Mid-trophic species,10,2.72252022345679
SSP1-2.6,92,DecapterusMaruadsi,Decapterus maruadsi,Mid-trophic species,10,2.72370332469136
SSP1-2.6,93,DecapterusMaruadsi,Decapterus maruadsi,Mid-trophic species,10,2.73355175308642
SSP1-2.6,94,DecapterusMaruadsi,Decapterus maruadsi,Mid-trophic species,10,2.72010612098765
SSP1-2.6,95,DecapterusMaruadsi,Decapterus maruadsi,Mid-trophic species,10,2.72415420246914
SSP1-2.6,96,DecapterusMaruadsi,Decapterus maruadsi,Mid-trophic species,10,2.7308455345679
SSP1-2.6,97,DecapterusMaruadsi,Decapterus maruadsi,Mid-trophic species,10,2.72538607283951
SSP1-2.6,98,DecapterusMaruadsi,Decapterus maruadsi,Mid-trophic species,10,2.72574087901235
SSP1-2.6,99,DecapterusMaruadsi,Decapterus maruadsi,Mid-trophic species,10,2.72184454444444
SSP1-2.6,100,DecapterusMaruadsi,Decapterus maruadsi,Mid-trophic species,10,2.72216718024691
SSP1-2.6,1,PennahiaArgentata,Pennahia argentata,Mid-trophic species,11,2.89255026296296
SSP1-2.6,2,PennahiaArgentata,Pennahia argentata,Mid-trophic species,11,2.88981076296296
SSP1-2.6,3,PennahiaArgentata,Pennahia argentata,Mid-trophic species,11,2.89775075185185
SSP1-2.6,4,PennahiaArgentata,Pennahia argentata,Mid-trophic species,11,2.88589174074074
SSP1-2.6,5,PennahiaArgentata,Pennahia argentata,Mid-trophic species,11,2.88454271481481
SSP1-2.6,6,PennahiaArgentata,Pennahia argentata,Mid-trophic species,11,2.88421565061728
SSP1-2.6,7,PennahiaArgentata,Pennahia argentata,Mid-trophic species,11,2.89307183209877
SSP1-2.6,8,PennahiaArgentata,Pennahia argentata,Mid-trophic species,11,2.88882055802469
SSP1-2.6,9,PennahiaArgentata,Pennahia argentata,Mid-trophic species,11,2.88704279135802
SSP1-2.6,10,PennahiaArgentata,Pennahia argentata,Mid-trophic species,11,2.89373544567901
SSP1-2.6,11,PennahiaArgentata,Pennahia argentata,Mid-trophic species,11,2.8920512037037
SSP1-2.6,12,PennahiaArgentata,Pennahia argentata,Mid-trophic species,11,2.88926876790123
SSP1-2.6,13,PennahiaArgentata,Pennahia argentata,Mid-trophic species,11,2.88739394074074
SSP1-2.6,14,PennahiaArgentata,Pennahia argentata,Mid-trophic species,11,2.88917058641975
SSP1-2.6,15,PennahiaArgentata,Pennahia argentata,Mid-trophic species,11,2.88243442222222
SSP1-2.6,16,PennahiaArgentata,Pennahia argentata,Mid-trophic species,11,2.88998009012346
SSP1-2.6,17,PennahiaArgentata,Pennahia argentata,Mid-trophic species,11,2.89052836296296
SSP1-2.6,18,PennahiaArgentata,Pennahia argentata,Mid-trophic species,11,2.87982511358025
SSP1-2.6,19,PennahiaArgentata,Pennahia argentata,Mid-trophic species,11,2.88820670864198
SSP1-2.6,20,PennahiaArgentata,Pennahia argentata,Mid-trophic species,11,2.89026999012346
SSP1-2.6,21,PennahiaArgentata,Pennahia argentata,Mid-trophic species,11,2.8893380308642
SSP1-2.6,22,PennahiaArgentata,Pennahia argentata,Mid-trophic species,11,2.89085190493827
SSP1-2.6,23,PennahiaArgentata,Pennahia argentata,Mid-trophic species,11,2.9011463691358
SSP1-2.6,24,PennahiaArgentata,Pennahia argentata,Mid-trophic species,11,2.89423511481481
SSP1-2.6,25,PennahiaArgentata,Pennahia argentata,Mid-trophic species,11,2.88565195802469
SSP1-2.6,26,PennahiaArgentata,Pennahia argentata,Mid-trophic species,11,2.89148679012346
SSP1-2.6,27,PennahiaArgentata,Pennahia argentata,Mid-trophic species,11,2.8867669654321
SSP1-2.6,28,PennahiaArgentata,Pennahia argentata,Mid-trophic species,11,2.89467394444444
SSP1-2.6,29,PennahiaArgentata,Pennahia argentata,Mid-trophic species,11,2.88470424691358
SSP1-2.6,30,PennahiaArgentata,Pennahia argentata,Mid-trophic species,11,2.88800300123457
SSP1-2.6,31,PennahiaArgentata,Pennahia argentata,Mid-trophic species,11,2.89076924567901
SSP1-2.6,32,PennahiaArgentata,Pennahia argentata,Mid-trophic species,11,2.88883233703704
SSP1-2.6,33,PennahiaArgentata,Pennahia argentata,Mid-trophic species,11,2.88911688641975
SSP1-2.6,34,PennahiaArgentata,Pennahia argentata,Mid-trophic species,11,2.88831566666667
SSP1-2.6,35,PennahiaArgentata,Pennahia argentata,Mid-trophic species,11,2.88982058888889
SSP1-2.6,36,PennahiaArgentata,Pennahia argentata,Mid-trophic species,11,2.90088133209877
SSP1-2.6,37,PennahiaArgentata,Pennahia argentata,Mid-trophic species,11,2.89322595925926
SSP1-2.6,38,PennahiaArgentata,Pennahia argentata,Mid-trophic species,11,2.88679728518519
SSP1-2.6,39,PennahiaArgentata,Pennahia argentata,Mid-trophic species,11,2.89871051481481
SSP1-2.6,40,PennahiaArgentata,Pennahia argentata,Mid-trophic species,11,2.88517272345679
SSP1-2.6,41,PennahiaArgentata,Pennahia argentata,Mid-trophic species,11,2.88744788518519
SSP1-2.6,42,PennahiaArgentata,Pennahia argentata,Mid-trophic species,11,2.88402740246914
SSP1-2.6,43,PennahiaArgentata,Pennahia argentata,Mid-trophic species,11,2.88250609259259
SSP1-2.6,44,PennahiaArgentata,Pennahia argentata,Mid-trophic species,11,2.89617858888889
SSP1-2.6,45,PennahiaArgentata,Pennahia argentata,Mid-trophic species,11,2.88383012098765
SSP1-2.6,46,PennahiaArgentata,Pennahia argentata,Mid-trophic species,11,2.88220439012346
SSP1-2.6,47,PennahiaArgentata,Pennahia argentata,Mid-trophic species,11,2.88788091975309
SSP1-2.6,48,PennahiaArgentata,Pennahia argentata,Mid-trophic species,11,2.89863310740741
SSP1-2.6,49,PennahiaArgentata,Pennahia argentata,Mid-trophic species,11,2.88830080617284
SSP1-2.6,50,PennahiaArgentata,Pennahia argentata,Mid-trophic species,11,2.88689716790123
SSP1-2.6,51,PennahiaArgentata,Pennahia argentata,Mid-trophic species,11,2.88835175308642
SSP1-2.6,52,PennahiaArgentata,Pennahia argentata,Mid-trophic species,11,2.8846144654321
SSP1-2.6,53,PennahiaArgentata,Pennahia argentata,Mid-trophic species,11,2.89249370493827
SSP1-2.6,54,PennahiaArgentata,Pennahia argentata,Mid-trophic species,11,2.89271146419753
SSP1-2.6,55,PennahiaArgentata,Pennahia argentata,Mid-trophic species,11,2.88613570740741
SSP1-2.6,56,PennahiaArgentata,Pennahia argentata,Mid-trophic species,11,2.89321299506173
SSP1-2.6,57,PennahiaArgentata,Pennahia argentata,Mid-trophic species,11,2.88882005925926
SSP1-2.6,58,PennahiaArgentata,Pennahia argentata,Mid-trophic species,11,2.89825024444444
SSP1-2.6,59,PennahiaArgentata,Pennahia argentata,Mid-trophic species,11,2.89715902962963
SSP1-2.6,60,PennahiaArgentata,Pennahia argentata,Mid-trophic species,11,2.89123650617284
SSP1-2.6,61,PennahiaArgentata,Pennahia argentata,Mid-trophic species,11,2.88859495679012
SSP1-2.6,62,PennahiaArgentata,Pennahia argentata,Mid-trophic species,11,2.8904153617284
SSP1-2.6,63,PennahiaArgentata,Pennahia argentata,Mid-trophic species,11,2.88966543209877
SSP1-2.6,64,PennahiaArgentata,Pennahia argentata,Mid-trophic species,11,2.88920572345679
SSP1-2.6,65,PennahiaArgentata,Pennahia argentata,Mid-trophic species,11,2.88453566049383
SSP1-2.6,66,PennahiaArgentata,Pennahia argentata,Mid-trophic species,11,2.88941114320988
SSP1-2.6,67,PennahiaArgentata,Pennahia argentata,Mid-trophic species,11,2.89027625679012
SSP1-2.6,68,PennahiaArgentata,Pennahia argentata,Mid-trophic species,11,2.89178581975309
SSP1-2.6,69,PennahiaArgentata,Pennahia argentata,Mid-trophic species,11,2.89691689753086
SSP1-2.6,70,PennahiaArgentata,Pennahia argentata,Mid-trophic species,11,2.89510332345679
SSP1-2.6,71,PennahiaArgentata,Pennahia argentata,Mid-trophic species,11,2.89461084938272
SSP1-2.6,72,PennahiaArgentata,Pennahia argentata,Mid-trophic species,11,2.88948108641975
SSP1-2.6,73,PennahiaArgentata,Pennahia argentata,Mid-trophic species,11,2.89022177901235
SSP1-2.6,74,PennahiaArgentata,Pennahia argentata,Mid-trophic species,11,2.8840026
SSP1-2.6,75,PennahiaArgentata,Pennahia argentata,Mid-trophic species,11,2.88602925925926
SSP1-2.6,76,PennahiaArgentata,Pennahia argentata,Mid-trophic species,11,2.88587213333333
SSP1-2.6,77,PennahiaArgentata,Pennahia argentata,Mid-trophic species,11,2.88637544320988
SSP1-2.6,78,PennahiaArgentata,Pennahia argentata,Mid-trophic species,11,2.88807275925926
SSP1-2.6,79,PennahiaArgentata,Pennahia argentata,Mid-trophic species,11,2.89644414938272
SSP1-2.6,80,PennahiaArgentata,Pennahia argentata,Mid-trophic species,11,2.89310851111111
SSP1-2.6,81,PennahiaArgentata,Pennahia argentata,Mid-trophic species,11,2.88408900493827
SSP1-2.6,82,PennahiaArgentata,Pennahia argentata,Mid-trophic species,11,2.88833711975309
SSP1-2.6,83,PennahiaArgentata,Pennahia argentata,Mid-trophic species,11,2.8940350654321
SSP1-2.6,84,PennahiaArgentata,Pennahia argentata,Mid-trophic species,11,2.89639507037037
SSP1-2.6,85,PennahiaArgentata,Pennahia argentata,Mid-trophic species,11,2.90022931975309
SSP1-2.6,86,PennahiaArgentata,Pennahia argentata,Mid-trophic species,11,2.88910842716049
SSP1-2.6,87,PennahiaArgentata,Pennahia argentata,Mid-trophic species,11,2.89537219012346
SSP1-2.6,88,PennahiaArgentata,Pennahia argentata,Mid-trophic species,11,2.89121336790123
SSP1-2.6,89,PennahiaArgentata,Pennahia argentata,Mid-trophic species,11,2.88718553580247
SSP1-2.6,90,PennahiaArgentata,Pennahia argentata,Mid-trophic species,11,2.88873434197531
SSP1-2.6,91,PennahiaArgentata,Pennahia argentata,Mid-trophic species,11,2.88077576790123
SSP1-2.6,92,PennahiaArgentata,Pennahia argentata,Mid-trophic species,11,2.90220059876543
SSP1-2.6,93,PennahiaArgentata,Pennahia argentata,Mid-trophic species,11,2.88621011975309
SSP1-2.6,94,PennahiaArgentata,Pennahia argentata,Mid-trophic species,11,2.88842142592593
SSP1-2.6,95,PennahiaArgentata,Pennahia argentata,Mid-trophic species,11,2.89972754567901
SSP1-2.6,96,PennahiaArgentata,Pennahia argentata,Mid-trophic species,11,2.88970538518519
SSP1-2.6,97,PennahiaArgentata,Pennahia argentata,Mid-trophic species,11,2.88684528024691
SSP1-2.6,98,PennahiaArgentata,Pennahia argentata,Mid-trophic species,11,2.89246422839506
SSP1-2.6,99,PennahiaArgentata,Pennahia argentata,Mid-trophic species,11,2.89136037160494
SSP1-2.6,100,PennahiaArgentata,Pennahia argentata,Mid-trophic species,11,2.89397667160494
SSP1-2.6,1,PampusArgenteus,Pampus argenteus,Mid-trophic species,12,2.81295968641975
SSP1-2.6,2,PampusArgenteus,Pampus argenteus,Mid-trophic species,12,2.81040759012346
SSP1-2.6,3,PampusArgenteus,Pampus argenteus,Mid-trophic species,12,2.82005685308642
SSP1-2.6,4,PampusArgenteus,Pampus argenteus,Mid-trophic species,12,2.81614105432099
SSP1-2.6,5,PampusArgenteus,Pampus argenteus,Mid-trophic species,12,2.81349278271605
SSP1-2.6,6,PampusArgenteus,Pampus argenteus,Mid-trophic species,12,2.80886209135802
SSP1-2.6,7,PampusArgenteus,Pampus argenteus,Mid-trophic species,12,2.81951424197531
SSP1-2.6,8,PampusArgenteus,Pampus argenteus,Mid-trophic species,12,2.82211360987654
SSP1-2.6,9,PampusArgenteus,Pampus argenteus,Mid-trophic species,12,2.82088294814815
SSP1-2.6,10,PampusArgenteus,Pampus argenteus,Mid-trophic species,12,2.81380037160494
SSP1-2.6,11,PampusArgenteus,Pampus argenteus,Mid-trophic species,12,2.8135984962963
SSP1-2.6,12,PampusArgenteus,Pampus argenteus,Mid-trophic species,12,2.80913031728395
SSP1-2.6,13,PampusArgenteus,Pampus argenteus,Mid-trophic species,12,2.81733315432099
SSP1-2.6,14,PampusArgenteus,Pampus argenteus,Mid-trophic species,12,2.81499771481482
SSP1-2.6,15,PampusArgenteus,Pampus argenteus,Mid-trophic species,12,2.81911270246914
SSP1-2.6,16,PampusArgenteus,Pampus argenteus,Mid-trophic species,12,2.81294314320988
SSP1-2.6,17,PampusArgenteus,Pampus argenteus,Mid-trophic species,12,2.81799384691358
SSP1-2.6,18,PampusArgenteus,Pampus argenteus,Mid-trophic species,12,2.81349662592593
SSP1-2.6,19,PampusArgenteus,Pampus argenteus,Mid-trophic species,12,2.81652652962963
SSP1-2.6,20,PampusArgenteus,Pampus argenteus,Mid-trophic species,12,2.81337119506173
SSP1-2.6,21,PampusArgenteus,Pampus argenteus,Mid-trophic species,12,2.8193041308642
SSP1-2.6,22,PampusArgenteus,Pampus argenteus,Mid-trophic species,12,2.82148035555556
SSP1-2.6,23,PampusArgenteus,Pampus argenteus,Mid-trophic species,12,2.81002664814815
SSP1-2.6,24,PampusArgenteus,Pampus argenteus,Mid-trophic species,12,2.81355336049383
SSP1-2.6,25,PampusArgenteus,Pampus argenteus,Mid-trophic species,12,2.80641451975309
SSP1-2.6,26,PampusArgenteus,Pampus argenteus,Mid-trophic species,12,2.83156562839506
SSP1-2.6,27,PampusArgenteus,Pampus argenteus,Mid-trophic species,12,2.81263584814815
SSP1-2.6,28,PampusArgenteus,Pampus argenteus,Mid-trophic species,12,2.81904142962963
SSP1-2.6,29,PampusArgenteus,Pampus argenteus,Mid-trophic species,12,2.81741866419753
SSP1-2.6,30,PampusArgenteus,Pampus argenteus,Mid-trophic species,12,2.82255802345679
SSP1-2.6,31,PampusArgenteus,Pampus argenteus,Mid-trophic species,12,2.80829221604938
SSP1-2.6,32,PampusArgenteus,Pampus argenteus,Mid-trophic species,12,2.8100516
SSP1-2.6,33,PampusArgenteus,Pampus argenteus,Mid-trophic species,12,2.82100034938272
SSP1-2.6,34,PampusArgenteus,Pampus argenteus,Mid-trophic species,12,2.81647979259259
SSP1-2.6,35,PampusArgenteus,Pampus argenteus,Mid-trophic species,12,2.81076852345679
SSP1-2.6,36,PampusArgenteus,Pampus argenteus,Mid-trophic species,12,2.82213888765432
SSP1-2.6,37,PampusArgenteus,Pampus argenteus,Mid-trophic species,12,2.81889674197531
SSP1-2.6,38,PampusArgenteus,Pampus argenteus,Mid-trophic species,12,2.80884210123457
SSP1-2.6,39,PampusArgenteus,Pampus argenteus,Mid-trophic species,12,2.80955352716049
SSP1-2.6,40,PampusArgenteus,Pampus argenteus,Mid-trophic species,12,2.80698963703704
SSP1-2.6,41,PampusArgenteus,Pampus argenteus,Mid-trophic species,12,2.81953560740741
SSP1-2.6,42,PampusArgenteus,Pampus argenteus,Mid-trophic species,12,2.81214697654321
SSP1-2.6,43,PampusArgenteus,Pampus argenteus,Mid-trophic species,12,2.81632973703704
SSP1-2.6,44,PampusArgenteus,Pampus argenteus,Mid-trophic species,12,2.81595998148148
SSP1-2.6,45,PampusArgenteus,Pampus argenteus,Mid-trophic species,12,2.81930101975309
SSP1-2.6,46,PampusArgenteus,Pampus argenteus,Mid-trophic species,12,2.80979866790123
SSP1-2.6,47,PampusArgenteus,Pampus argenteus,Mid-trophic species,12,2.80984987037037
SSP1-2.6,48,PampusArgenteus,Pampus argenteus,Mid-trophic species,12,2.8242980962963
SSP1-2.6,49,PampusArgenteus,Pampus argenteus,Mid-trophic species,12,2.81827922345679
SSP1-2.6,50,PampusArgenteus,Pampus argenteus,Mid-trophic species,12,2.81468024197531
SSP1-2.6,51,PampusArgenteus,Pampus argenteus,Mid-trophic species,12,2.81636410123457
SSP1-2.6,52,PampusArgenteus,Pampus argenteus,Mid-trophic species,12,2.81129856049383
SSP1-2.6,53,PampusArgenteus,Pampus argenteus,Mid-trophic species,12,2.81878668641975
SSP1-2.6,54,PampusArgenteus,Pampus argenteus,Mid-trophic species,12,2.81805263950617
SSP1-2.6,55,PampusArgenteus,Pampus argenteus,Mid-trophic species,12,2.81514062962963
SSP1-2.6,56,PampusArgenteus,Pampus argenteus,Mid-trophic species,12,2.8146879654321
SSP1-2.6,57,PampusArgenteus,Pampus argenteus,Mid-trophic species,12,2.81094139259259
SSP1-2.6,58,PampusArgenteus,Pampus argenteus,Mid-trophic species,12,2.81004204320988
SSP1-2.6,59,PampusArgenteus,Pampus argenteus,Mid-trophic species,12,2.80844203580247
SSP1-2.6,60,PampusArgenteus,Pampus argenteus,Mid-trophic species,12,2.81518508518519
SSP1-2.6,61,PampusArgenteus,Pampus argenteus,Mid-trophic species,12,2.81470904197531
SSP1-2.6,62,PampusArgenteus,Pampus argenteus,Mid-trophic species,12,2.81284241358025
SSP1-2.6,63,PampusArgenteus,Pampus argenteus,Mid-trophic species,12,2.82344289259259
SSP1-2.6,64,PampusArgenteus,Pampus argenteus,Mid-trophic species,12,2.81388805185185
SSP1-2.6,65,PampusArgenteus,Pampus argenteus,Mid-trophic species,12,2.81266774814815
SSP1-2.6,66,PampusArgenteus,Pampus argenteus,Mid-trophic species,12,2.81661611604938
SSP1-2.6,67,PampusArgenteus,Pampus argenteus,Mid-trophic species,12,2.81386024567901
SSP1-2.6,68,PampusArgenteus,Pampus argenteus,Mid-trophic species,12,2.81779492592593
SSP1-2.6,69,PampusArgenteus,Pampus argenteus,Mid-trophic species,12,2.81278282839506
SSP1-2.6,70,PampusArgenteus,Pampus argenteus,Mid-trophic species,12,2.82189503333333
SSP1-2.6,71,PampusArgenteus,Pampus argenteus,Mid-trophic species,12,2.81929225061728
SSP1-2.6,72,PampusArgenteus,Pampus argenteus,Mid-trophic species,12,2.81423057160494
SSP1-2.6,73,PampusArgenteus,Pampus argenteus,Mid-trophic species,12,2.81847967530864
SSP1-2.6,74,PampusArgenteus,Pampus argenteus,Mid-trophic species,12,2.81916825802469
SSP1-2.6,75,PampusArgenteus,Pampus argenteus,Mid-trophic species,12,2.8056892691358
SSP1-2.6,76,PampusArgenteus,Pampus argenteus,Mid-trophic species,12,2.82481002469136
SSP1-2.6,77,PampusArgenteus,Pampus argenteus,Mid-trophic species,12,2.81299827283951
SSP1-2.6,78,PampusArgenteus,Pampus argenteus,Mid-trophic species,12,2.81041018888889
SSP1-2.6,79,PampusArgenteus,Pampus argenteus,Mid-trophic species,12,2.81916295555556
SSP1-2.6,80,PampusArgenteus,Pampus argenteus,Mid-trophic species,12,2.82428921728395
SSP1-2.6,81,PampusArgenteus,Pampus argenteus,Mid-trophic species,12,2.82145881481482
SSP1-2.6,82,PampusArgenteus,Pampus argenteus,Mid-trophic species,12,2.80761750123457
SSP1-2.6,83,PampusArgenteus,Pampus argenteus,Mid-trophic species,12,2.81737973580247
SSP1-2.6,84,PampusArgenteus,Pampus argenteus,Mid-trophic species,12,2.8311045037037
SSP1-2.6,85,PampusArgenteus,Pampus argenteus,Mid-trophic species,12,2.82121738888889
SSP1-2.6,86,PampusArgenteus,Pampus argenteus,Mid-trophic species,12,2.82383504320988
SSP1-2.6,87,PampusArgenteus,Pampus argenteus,Mid-trophic species,12,2.81764108518519
SSP1-2.6,88,PampusArgenteus,Pampus argenteus,Mid-trophic species,12,2.82795608765432
SSP1-2.6,89,PampusArgenteus,Pampus argenteus,Mid-trophic species,12,2.81535431851852
SSP1-2.6,90,PampusArgenteus,Pampus argenteus,Mid-trophic species,12,2.79950605061728
SSP1-2.6,91,PampusArgenteus,Pampus argenteus,Mid-trophic species,12,2.81522296419753
SSP1-2.6,92,PampusArgenteus,Pampus argenteus,Mid-trophic species,12,2.82258297160494
SSP1-2.6,93,PampusArgenteus,Pampus argenteus,Mid-trophic species,12,2.81038085679012
SSP1-2.6,94,PampusArgenteus,Pampus argenteus,Mid-trophic species,12,2.81862314074074
SSP1-2.6,95,PampusArgenteus,Pampus argenteus,Mid-trophic species,12,2.81235744938272
SSP1-2.6,96,PampusArgenteus,Pampus argenteus,Mid-trophic species,12,2.81494408765432
SSP1-2.6,97,PampusArgenteus,Pampus argenteus,Mid-trophic species,12,2.82531186419753
SSP1-2.6,98,PampusArgenteus,Pampus argenteus,Mid-trophic species,12,2.81606287407407
SSP1-2.6,99,PampusArgenteus,Pampus argenteus,Mid-trophic species,12,2.81321500123457
SSP1-2.6,100,PampusArgenteus,Pampus argenteus,Mid-trophic species,12,2.80443068024691
SSP1-2.6,1,LarimichthysPolyactis,Larimichthys polyactis,Mid-trophic species,13,2.58832627283951
SSP1-2.6,2,LarimichthysPolyactis,Larimichthys polyactis,Mid-trophic species,13,2.59765745679012
SSP1-2.6,3,LarimichthysPolyactis,Larimichthys polyactis,Mid-trophic species,13,2.60634308395062
SSP1-2.6,4,LarimichthysPolyactis,Larimichthys polyactis,Mid-trophic species,13,2.59985363950617
SSP1-2.6,5,LarimichthysPolyactis,Larimichthys polyactis,Mid-trophic species,13,2.59960814691358
SSP1-2.6,6,LarimichthysPolyactis,Larimichthys polyactis,Mid-trophic species,13,2.5960475962963
SSP1-2.6,7,LarimichthysPolyactis,Larimichthys polyactis,Mid-trophic species,13,2.59394642839506
SSP1-2.6,8,LarimichthysPolyactis,Larimichthys polyactis,Mid-trophic species,13,2.59435597530864
SSP1-2.6,9,LarimichthysPolyactis,Larimichthys polyactis,Mid-trophic species,13,2.60064185185185
SSP1-2.6,10,LarimichthysPolyactis,Larimichthys polyactis,Mid-trophic species,13,2.60365424814815
SSP1-2.6,11,LarimichthysPolyactis,Larimichthys polyactis,Mid-trophic species,13,2.59948342469136
SSP1-2.6,12,LarimichthysPolyactis,Larimichthys polyactis,Mid-trophic species,13,2.59565445802469
SSP1-2.6,13,LarimichthysPolyactis,Larimichthys polyactis,Mid-trophic species,13,2.59585989012346
SSP1-2.6,14,LarimichthysPolyactis,Larimichthys polyactis,Mid-trophic species,13,2.59818850740741
SSP1-2.6,15,LarimichthysPolyactis,Larimichthys polyactis,Mid-trophic species,13,2.59204646666667
SSP1-2.6,16,LarimichthysPolyactis,Larimichthys polyactis,Mid-trophic species,13,2.6018080308642
SSP1-2.6,17,LarimichthysPolyactis,Larimichthys polyactis,Mid-trophic species,13,2.60270854814815
SSP1-2.6,18,LarimichthysPolyactis,Larimichthys polyactis,Mid-trophic species,13,2.5992783962963
SSP1-2.6,19,LarimichthysPolyactis,Larimichthys polyactis,Mid-trophic species,13,2.60584001234568
SSP1-2.6,20,LarimichthysPolyactis,Larimichthys polyactis,Mid-trophic species,13,2.59529337160494
SSP1-2.6,21,LarimichthysPolyactis,Larimichthys polyactis,Mid-trophic species,13,2.59592572469136
SSP1-2.6,22,LarimichthysPolyactis,Larimichthys polyactis,Mid-trophic species,13,2.59790275555556
SSP1-2.6,23,LarimichthysPolyactis,Larimichthys polyactis,Mid-trophic species,13,2.60234657777778
SSP1-2.6,24,LarimichthysPolyactis,Larimichthys polyactis,Mid-trophic species,13,2.59146199012346
SSP1-2.6,25,LarimichthysPolyactis,Larimichthys polyactis,Mid-trophic species,13,2.60304539506173
SSP1-2.6,26,LarimichthysPolyactis,Larimichthys polyactis,Mid-trophic species,13,2.59684793209877
SSP1-2.6,27,LarimichthysPolyactis,Larimichthys polyactis,Mid-trophic species,13,2.60056815061728
SSP1-2.6,28,LarimichthysPolyactis,Larimichthys polyactis,Mid-trophic species,13,2.59735342469136
SSP1-2.6,29,LarimichthysPolyactis,Larimichthys polyactis,Mid-trophic species,13,2.60297476666667
SSP1-2.6,30,LarimichthysPolyactis,Larimichthys polyactis,Mid-trophic species,13,2.59884378518519
SSP1-2.6,31,LarimichthysPolyactis,Larimichthys polyactis,Mid-trophic species,13,2.60631465802469
SSP1-2.6,32,LarimichthysPolyactis,Larimichthys polyactis,Mid-trophic species,13,2.59526715802469
SSP1-2.6,33,LarimichthysPolyactis,Larimichthys polyactis,Mid-trophic species,13,2.6041592962963
SSP1-2.6,34,LarimichthysPolyactis,Larimichthys polyactis,Mid-trophic species,13,2.60089549876543
SSP1-2.6,35,LarimichthysPolyactis,Larimichthys polyactis,Mid-trophic species,13,2.59410361975309
SSP1-2.6,36,LarimichthysPolyactis,Larimichthys polyactis,Mid-trophic species,13,2.59480365308642
SSP1-2.6,37,LarimichthysPolyactis,Larimichthys polyactis,Mid-trophic species,13,2.59333131481481
SSP1-2.6,38,LarimichthysPolyactis,Larimichthys polyactis,Mid-trophic species,13,2.59186458888889
SSP1-2.6,39,LarimichthysPolyactis,Larimichthys polyactis,Mid-trophic species,13,2.59772034320988
SSP1-2.6,40,LarimichthysPolyactis,Larimichthys polyactis,Mid-trophic species,13,2.58765312469136
SSP1-2.6,41,LarimichthysPolyactis,Larimichthys polyactis,Mid-trophic species,13,2.60040420493827
SSP1-2.6,42,LarimichthysPolyactis,Larimichthys polyactis,Mid-trophic species,13,2.59944898518519
SSP1-2.6,43,LarimichthysPolyactis,Larimichthys polyactis,Mid-trophic species,13,2.59826181234568
SSP1-2.6,44,LarimichthysPolyactis,Larimichthys polyactis,Mid-trophic species,13,2.60358653827161
SSP1-2.6,45,LarimichthysPolyactis,Larimichthys polyactis,Mid-trophic species,13,2.59754338765432
SSP1-2.6,46,LarimichthysPolyactis,Larimichthys polyactis,Mid-trophic species,13,2.59529860987654
SSP1-2.6,47,LarimichthysPolyactis,Larimichthys polyactis,Mid-trophic species,13,2.60447382716049
SSP1-2.6,48,LarimichthysPolyactis,Larimichthys polyactis,Mid-trophic species,13,2.59624536049383
SSP1-2.6,49,LarimichthysPolyactis,Larimichthys polyactis,Mid-trophic species,13,2.59795744074074
SSP1-2.6,50,LarimichthysPolyactis,Larimichthys polyactis,Mid-trophic species,13,2.59660771234568
SSP1-2.6,51,LarimichthysPolyactis,Larimichthys polyactis,Mid-trophic species,13,2.59591963703704
SSP1-2.6,52,LarimichthysPolyactis,Larimichthys polyactis,Mid-trophic species,13,2.59742830246914
SSP1-2.6,53,LarimichthysPolyactis,Larimichthys polyactis,Mid-trophic species,13,2.60398454197531
SSP1-2.6,54,LarimichthysPolyactis,Larimichthys polyactis,Mid-trophic species,13,2.59767492222222
SSP1-2.6,55,LarimichthysPolyactis,Larimichthys polyactis,Mid-trophic species,13,2.59838818765432
SSP1-2.6,56,LarimichthysPolyactis,Larimichthys polyactis,Mid-trophic species,13,2.60562982098765
SSP1-2.6,57,LarimichthysPolyactis,Larimichthys polyactis,Mid-trophic species,13,2.59307065925926
SSP1-2.6,58,LarimichthysPolyactis,Larimichthys polyactis,Mid-trophic species,13,2.59494174074074
SSP1-2.6,59,LarimichthysPolyactis,Larimichthys polyactis,Mid-trophic species,13,2.60163934567901
SSP1-2.6,60,LarimichthysPolyactis,Larimichthys polyactis,Mid-trophic species,13,2.60537662962963
SSP1-2.6,61,LarimichthysPolyactis,Larimichthys polyactis,Mid-trophic species,13,2.59967612222222
SSP1-2.6,62,LarimichthysPolyactis,Larimichthys polyactis,Mid-trophic species,13,2.5924428
SSP1-2.6,63,LarimichthysPolyactis,Larimichthys polyactis,Mid-trophic species,13,2.5922522654321
SSP1-2.6,64,LarimichthysPolyactis,Larimichthys polyactis,Mid-trophic species,13,2.60055476790123
SSP1-2.6,65,LarimichthysPolyactis,Larimichthys polyactis,Mid-trophic species,13,2.59651289259259
SSP1-2.6,66,LarimichthysPolyactis,Larimichthys polyactis,Mid-trophic species,13,2.60237869135802
SSP1-2.6,67,LarimichthysPolyactis,Larimichthys polyactis,Mid-trophic species,13,2.59981059012346
SSP1-2.6,68,LarimichthysPolyactis,Larimichthys polyactis,Mid-trophic species,13,2.59044023950617
SSP1-2.6,69,LarimichthysPolyactis,Larimichthys polyactis,Mid-trophic species,13,2.60051200123457
SSP1-2.6,70,LarimichthysPolyactis,Larimichthys polyactis,Mid-trophic species,13,2.59640975308642
SSP1-2.6,71,LarimichthysPolyactis,Larimichthys polyactis,Mid-trophic species,13,2.60510609382716
SSP1-2.6,72,LarimichthysPolyactis,Larimichthys polyactis,Mid-trophic species,13,2.60266678148148
SSP1-2.6,73,LarimichthysPolyactis,Larimichthys polyactis,Mid-trophic species,13,2.5991305691358
SSP1-2.6,74,LarimichthysPolyactis,Larimichthys polyactis,Mid-trophic species,13,2.59437514567901
SSP1-2.6,75,LarimichthysPolyactis,Larimichthys polyactis,Mid-trophic species,13,2.59971460617284
SSP1-2.6,76,LarimichthysPolyactis,Larimichthys polyactis,Mid-trophic species,13,2.60142847777778
SSP1-2.6,77,LarimichthysPolyactis,Larimichthys polyactis,Mid-trophic species,13,2.59830955679012
SSP1-2.6,78,LarimichthysPolyactis,Larimichthys polyactis,Mid-trophic species,13,2.60824443703704
SSP1-2.6,79,LarimichthysPolyactis,Larimichthys polyactis,Mid-trophic species,13,2.60378010493827
SSP1-2.6,80,LarimichthysPolyactis,Larimichthys polyactis,Mid-trophic species,13,2.59530201851852
SSP1-2.6,81,LarimichthysPolyactis,Larimichthys polyactis,Mid-trophic species,13,2.59958766419753
SSP1-2.6,82,LarimichthysPolyactis,Larimichthys polyactis,Mid-trophic species,13,2.60027059506173
SSP1-2.6,83,LarimichthysPolyactis,Larimichthys polyactis,Mid-trophic species,13,2.59977636666667
SSP1-2.6,84,LarimichthysPolyactis,Larimichthys polyactis,Mid-trophic species,13,2.59901120493827
SSP1-2.6,85,LarimichthysPolyactis,Larimichthys polyactis,Mid-trophic species,13,2.60854652222222
SSP1-2.6,86,LarimichthysPolyactis,Larimichthys polyactis,Mid-trophic species,13,2.6051723617284
SSP1-2.6,87,LarimichthysPolyactis,Larimichthys polyactis,Mid-trophic species,13,2.60218390987654
SSP1-2.6,88,LarimichthysPolyactis,Larimichthys polyactis,Mid-trophic species,13,2.59961670493827
SSP1-2.6,89,LarimichthysPolyactis,Larimichthys polyactis,Mid-trophic species,13,2.59999971234568
SSP1-2.6,90,LarimichthysPolyactis,Larimichthys polyactis,Mid-trophic species,13,2.59625389506173
SSP1-2.6,91,LarimichthysPolyactis,Larimichthys polyactis,Mid-trophic species,13,2.59564787777778
SSP1-2.6,92,LarimichthysPolyactis,Larimichthys polyactis,Mid-trophic species,13,2.60262814444444
SSP1-2.6,93,LarimichthysPolyactis,Larimichthys polyactis,Mid-trophic species,13,2.59907047160494
SSP1-2.6,94,LarimichthysPolyactis,Larimichthys polyactis,Mid-trophic species,13,2.59310163827161
SSP1-2.6,95,LarimichthysPolyactis,Larimichthys polyactis,Mid-trophic species,13,2.60417294938272
SSP1-2.6,96,LarimichthysPolyactis,Larimichthys polyactis,Mid-trophic species,13,2.59871021851852
SSP1-2.6,97,LarimichthysPolyactis,Larimichthys polyactis,Mid-trophic species,13,2.59977482592593
SSP1-2.6,98,LarimichthysPolyactis,Larimichthys polyactis,Mid-trophic species,13,2.59723301975309
SSP1-2.6,99,LarimichthysPolyactis,Larimichthys polyactis,Mid-trophic species,13,2.60481711728395
SSP1-2.6,100,LarimichthysPolyactis,Larimichthys polyactis,Mid-trophic species,13,2.60333173333333
SSP1-2.6,1,TrachurusJaponicus,Trachurus japonicus,Mid-trophic species,14,2.67809049753086
SSP1-2.6,2,TrachurusJaponicus,Trachurus japonicus,Mid-trophic species,14,2.68757747654321
SSP1-2.6,3,TrachurusJaponicus,Trachurus japonicus,Mid-trophic species,14,2.67996016049383
SSP1-2.6,4,TrachurusJaponicus,Trachurus japonicus,Mid-trophic species,14,2.67100589382716
SSP1-2.6,5,TrachurusJaponicus,Trachurus japonicus,Mid-trophic species,14,2.68264465555556
SSP1-2.6,6,TrachurusJaponicus,Trachurus japonicus,Mid-trophic species,14,2.69281308148148
SSP1-2.6,7,TrachurusJaponicus,Trachurus japonicus,Mid-trophic species,14,2.67218493580247
SSP1-2.6,8,TrachurusJaponicus,Trachurus japonicus,Mid-trophic species,14,2.68462028765432
SSP1-2.6,9,TrachurusJaponicus,Trachurus japonicus,Mid-trophic species,14,2.67690679753086
SSP1-2.6,10,TrachurusJaponicus,Trachurus japonicus,Mid-trophic species,14,2.67398962962963
SSP1-2.6,11,TrachurusJaponicus,Trachurus japonicus,Mid-trophic species,14,2.69937736049383
SSP1-2.6,12,TrachurusJaponicus,Trachurus japonicus,Mid-trophic species,14,2.67363522345679
SSP1-2.6,13,TrachurusJaponicus,Trachurus japonicus,Mid-trophic species,14,2.6809770037037
SSP1-2.6,14,TrachurusJaponicus,Trachurus japonicus,Mid-trophic species,14,2.6856965691358
SSP1-2.6,15,TrachurusJaponicus,Trachurus japonicus,Mid-trophic species,14,2.68525568271605
SSP1-2.6,16,TrachurusJaponicus,Trachurus japonicus,Mid-trophic species,14,2.67680207160494
SSP1-2.6,17,TrachurusJaponicus,Trachurus japonicus,Mid-trophic species,14,2.68590735432099
SSP1-2.6,18,TrachurusJaponicus,Trachurus japonicus,Mid-trophic species,14,2.68505785185185
SSP1-2.6,19,TrachurusJaponicus,Trachurus japonicus,Mid-trophic species,14,2.6914002654321
SSP1-2.6,20,TrachurusJaponicus,Trachurus japonicus,Mid-trophic species,14,2.68824319753086
SSP1-2.6,21,TrachurusJaponicus,Trachurus japonicus,Mid-trophic species,14,2.68950859382716
SSP1-2.6,22,TrachurusJaponicus,Trachurus japonicus,Mid-trophic species,14,2.67167807654321
SSP1-2.6,23,TrachurusJaponicus,Trachurus japonicus,Mid-trophic species,14,2.67960680864198
SSP1-2.6,24,TrachurusJaponicus,Trachurus japonicus,Mid-trophic species,14,2.67065685555556
SSP1-2.6,25,TrachurusJaponicus,Trachurus japonicus,Mid-trophic species,14,2.68494004444444
SSP1-2.6,26,TrachurusJaponicus,Trachurus japonicus,Mid-trophic species,14,2.69500965185185
SSP1-2.6,27,TrachurusJaponicus,Trachurus japonicus,Mid-trophic species,14,2.69173984814815
SSP1-2.6,28,TrachurusJaponicus,Trachurus japonicus,Mid-trophic species,14,2.68111833209877
SSP1-2.6,29,TrachurusJaponicus,Trachurus japonicus,Mid-trophic species,14,2.67801104814815
SSP1-2.6,30,TrachurusJaponicus,Trachurus japonicus,Mid-trophic species,14,2.68588599135803
SSP1-2.6,31,TrachurusJaponicus,Trachurus japonicus,Mid-trophic species,14,2.6736354
SSP1-2.6,32,TrachurusJaponicus,Trachurus japonicus,Mid-trophic species,14,2.69167257283951
SSP1-2.6,33,TrachurusJaponicus,Trachurus japonicus,Mid-trophic species,14,2.67727758271605
SSP1-2.6,34,TrachurusJaponicus,Trachurus japonicus,Mid-trophic species,14,2.68551724691358
SSP1-2.6,35,TrachurusJaponicus,Trachurus japonicus,Mid-trophic species,14,2.68729579012346
SSP1-2.6,36,TrachurusJaponicus,Trachurus japonicus,Mid-trophic species,14,2.68234052716049
SSP1-2.6,37,TrachurusJaponicus,Trachurus japonicus,Mid-trophic species,14,2.67946677901235
SSP1-2.6,38,TrachurusJaponicus,Trachurus japonicus,Mid-trophic species,14,2.68823474197531
SSP1-2.6,39,TrachurusJaponicus,Trachurus japonicus,Mid-trophic species,14,2.67492172098765
SSP1-2.6,40,TrachurusJaponicus,Trachurus japonicus,Mid-trophic species,14,2.68151686790123
SSP1-2.6,41,TrachurusJaponicus,Trachurus japonicus,Mid-trophic species,14,2.68445006049383
SSP1-2.6,42,TrachurusJaponicus,Trachurus japonicus,Mid-trophic species,14,2.68341492716049
SSP1-2.6,43,TrachurusJaponicus,Trachurus japonicus,Mid-trophic species,14,2.66622146049383
SSP1-2.6,44,TrachurusJaponicus,Trachurus japonicus,Mid-trophic species,14,2.66923370740741
SSP1-2.6,45,TrachurusJaponicus,Trachurus japonicus,Mid-trophic species,14,2.68211538765432
SSP1-2.6,46,TrachurusJaponicus,Trachurus japonicus,Mid-trophic species,14,2.67526665679012
SSP1-2.6,47,TrachurusJaponicus,Trachurus japonicus,Mid-trophic species,14,2.67985731481482
SSP1-2.6,48,TrachurusJaponicus,Trachurus japonicus,Mid-trophic species,14,2.68436485555556
SSP1-2.6,49,TrachurusJaponicus,Trachurus japonicus,Mid-trophic species,14,2.68845492716049
SSP1-2.6,50,TrachurusJaponicus,Trachurus japonicus,Mid-trophic species,14,2.69125903580247
SSP1-2.6,51,TrachurusJaponicus,Trachurus japonicus,Mid-trophic species,14,2.67326717530864
SSP1-2.6,52,TrachurusJaponicus,Trachurus japonicus,Mid-trophic species,14,2.67588673950617
SSP1-2.6,53,TrachurusJaponicus,Trachurus japonicus,Mid-trophic species,14,2.6807656308642
SSP1-2.6,54,TrachurusJaponicus,Trachurus japonicus,Mid-trophic species,14,2.67302794938272
SSP1-2.6,55,TrachurusJaponicus,Trachurus japonicus,Mid-trophic species,14,2.67871811234568
SSP1-2.6,56,TrachurusJaponicus,Trachurus japonicus,Mid-trophic species,14,2.67328887160494
SSP1-2.6,57,TrachurusJaponicus,Trachurus japonicus,Mid-trophic species,14,2.66579272469136
SSP1-2.6,58,TrachurusJaponicus,Trachurus japonicus,Mid-trophic species,14,2.67784370246914
SSP1-2.6,59,TrachurusJaponicus,Trachurus japonicus,Mid-trophic species,14,2.68518401234568
SSP1-2.6,60,TrachurusJaponicus,Trachurus japonicus,Mid-trophic species,14,2.68996211358025
SSP1-2.6,61,TrachurusJaponicus,Trachurus japonicus,Mid-trophic species,14,2.68522852839506
SSP1-2.6,62,TrachurusJaponicus,Trachurus japonicus,Mid-trophic species,14,2.6722125617284
SSP1-2.6,63,TrachurusJaponicus,Trachurus japonicus,Mid-trophic species,14,2.69967663209877
SSP1-2.6,64,TrachurusJaponicus,Trachurus japonicus,Mid-trophic species,14,2.68223626419753
SSP1-2.6,65,TrachurusJaponicus,Trachurus japonicus,Mid-trophic species,14,2.67400780246914
SSP1-2.6,66,TrachurusJaponicus,Trachurus japonicus,Mid-trophic species,14,2.67696497407407
SSP1-2.6,67,TrachurusJaponicus,Trachurus japonicus,Mid-trophic species,14,2.68667235679012
SSP1-2.6,68,TrachurusJaponicus,Trachurus japonicus,Mid-trophic species,14,2.67813234320988
SSP1-2.6,69,TrachurusJaponicus,Trachurus japonicus,Mid-trophic species,14,2.67685908395062
SSP1-2.6,70,TrachurusJaponicus,Trachurus japonicus,Mid-trophic species,14,2.68957568765432
SSP1-2.6,71,TrachurusJaponicus,Trachurus japonicus,Mid-trophic species,14,2.69373348888889
SSP1-2.6,72,TrachurusJaponicus,Trachurus japonicus,Mid-trophic species,14,2.67651695679012
SSP1-2.6,73,TrachurusJaponicus,Trachurus japonicus,Mid-trophic species,14,2.66916564567901
SSP1-2.6,74,TrachurusJaponicus,Trachurus japonicus,Mid-trophic species,14,2.67804361234568
SSP1-2.6,75,TrachurusJaponicus,Trachurus japonicus,Mid-trophic species,14,2.68810161358025
SSP1-2.6,76,TrachurusJaponicus,Trachurus japonicus,Mid-trophic species,14,2.68156828395062
SSP1-2.6,77,TrachurusJaponicus,Trachurus japonicus,Mid-trophic species,14,2.68411441234568
SSP1-2.6,78,TrachurusJaponicus,Trachurus japonicus,Mid-trophic species,14,2.68027322222222
SSP1-2.6,79,TrachurusJaponicus,Trachurus japonicus,Mid-trophic species,14,2.6759455308642
SSP1-2.6,80,TrachurusJaponicus,Trachurus japonicus,Mid-trophic species,14,2.67736215185185
SSP1-2.6,81,TrachurusJaponicus,Trachurus japonicus,Mid-trophic species,14,2.67576562469136
SSP1-2.6,82,TrachurusJaponicus,Trachurus japonicus,Mid-trophic species,14,2.67757055802469
SSP1-2.6,83,TrachurusJaponicus,Trachurus japonicus,Mid-trophic species,14,2.67889892222222
SSP1-2.6,84,TrachurusJaponicus,Trachurus japonicus,Mid-trophic species,14,2.6808602691358
SSP1-2.6,85,TrachurusJaponicus,Trachurus japonicus,Mid-trophic species,14,2.67673336666667
SSP1-2.6,86,TrachurusJaponicus,Trachurus japonicus,Mid-trophic species,14,2.68625833703704
SSP1-2.6,87,TrachurusJaponicus,Trachurus japonicus,Mid-trophic species,14,2.68295144567901
SSP1-2.6,88,TrachurusJaponicus,Trachurus japonicus,Mid-trophic species,14,2.67265810493827
SSP1-2.6,89,TrachurusJaponicus,Trachurus japonicus,Mid-trophic species,14,2.68280035308642
SSP1-2.6,90,TrachurusJaponicus,Trachurus japonicus,Mid-trophic species,14,2.68011806296296
SSP1-2.6,91,TrachurusJaponicus,Trachurus japonicus,Mid-trophic species,14,2.6709519962963
SSP1-2.6,92,TrachurusJaponicus,Trachurus japonicus,Mid-trophic species,14,2.6956158654321
SSP1-2.6,93,TrachurusJaponicus,Trachurus japonicus,Mid-trophic species,14,2.68370859876543
SSP1-2.6,94,TrachurusJaponicus,Trachurus japonicus,Mid-trophic species,14,2.6812741654321
SSP1-2.6,95,TrachurusJaponicus,Trachurus japonicus,Mid-trophic species,14,2.67551970740741
SSP1-2.6,96,TrachurusJaponicus,Trachurus japonicus,Mid-trophic species,14,2.68031907160494
SSP1-2.6,97,TrachurusJaponicus,Trachurus japonicus,Mid-trophic species,14,2.69075079382716
SSP1-2.6,98,TrachurusJaponicus,Trachurus japonicus,Mid-trophic species,14,2.67021687283951
SSP1-2.6,99,TrachurusJaponicus,Trachurus japonicus,Mid-trophic species,14,2.68468471358025
SSP1-2.6,100,TrachurusJaponicus,Trachurus japonicus,Mid-trophic species,14,2.6856272691358
SSP5-8.5,1,EngraulisJaponicus,Engraulis japonicus,Prey,1,2.32377466790123
SSP5-8.5,2,EngraulisJaponicus,Engraulis japonicus,Prey,1,2.32439278271605
SSP5-8.5,3,EngraulisJaponicus,Engraulis japonicus,Prey,1,2.32077992469136
SSP5-8.5,4,EngraulisJaponicus,Engraulis japonicus,Prey,1,2.32408721728395
SSP5-8.5,5,EngraulisJaponicus,Engraulis japonicus,Prey,1,2.32849151851852
SSP5-8.5,6,EngraulisJaponicus,Engraulis japonicus,Prey,1,2.32740610123457
SSP5-8.5,7,EngraulisJaponicus,Engraulis japonicus,Prey,1,2.32390321604938
SSP5-8.5,8,EngraulisJaponicus,Engraulis japonicus,Prey,1,2.31997499753086
SSP5-8.5,9,EngraulisJaponicus,Engraulis japonicus,Prey,1,2.32652374444444
SSP5-8.5,10,EngraulisJaponicus,Engraulis japonicus,Prey,1,2.32376227901235
SSP5-8.5,11,EngraulisJaponicus,Engraulis japonicus,Prey,1,2.32829155555556
SSP5-8.5,12,EngraulisJaponicus,Engraulis japonicus,Prey,1,2.32591857037037
SSP5-8.5,13,EngraulisJaponicus,Engraulis japonicus,Prey,1,2.32476173827161
SSP5-8.5,14,EngraulisJaponicus,Engraulis japonicus,Prey,1,2.32452641234568
SSP5-8.5,15,EngraulisJaponicus,Engraulis japonicus,Prey,1,2.32381768395062
SSP5-8.5,16,EngraulisJaponicus,Engraulis japonicus,Prey,1,2.32206944320988
SSP5-8.5,17,EngraulisJaponicus,Engraulis japonicus,Prey,1,2.32293754320988
SSP5-8.5,18,EngraulisJaponicus,Engraulis japonicus,Prey,1,2.32188195555556
SSP5-8.5,19,EngraulisJaponicus,Engraulis japonicus,Prey,1,2.32639456666667
SSP5-8.5,20,EngraulisJaponicus,Engraulis japonicus,Prey,1,2.32663924567901
SSP5-8.5,21,EngraulisJaponicus,Engraulis japonicus,Prey,1,2.32392088395062
SSP5-8.5,22,EngraulisJaponicus,Engraulis japonicus,Prey,1,2.32472601111111
SSP5-8.5,23,EngraulisJaponicus,Engraulis japonicus,Prey,1,2.32127200987654
SSP5-8.5,24,EngraulisJaponicus,Engraulis japonicus,Prey,1,2.32616178148148
SSP5-8.5,25,EngraulisJaponicus,Engraulis japonicus,Prey,1,2.32292452222222
SSP5-8.5,26,EngraulisJaponicus,Engraulis japonicus,Prey,1,2.32501108271605
SSP5-8.5,27,EngraulisJaponicus,Engraulis japonicus,Prey,1,2.32593140246914
SSP5-8.5,28,EngraulisJaponicus,Engraulis japonicus,Prey,1,2.32864087407407
SSP5-8.5,29,EngraulisJaponicus,Engraulis japonicus,Prey,1,2.32663622839506
SSP5-8.5,30,EngraulisJaponicus,Engraulis japonicus,Prey,1,2.32868693703704
SSP5-8.5,31,EngraulisJaponicus,Engraulis japonicus,Prey,1,2.32753415679012
SSP5-8.5,32,EngraulisJaponicus,Engraulis japonicus,Prey,1,2.32523036666667
SSP5-8.5,33,EngraulisJaponicus,Engraulis japonicus,Prey,1,2.32741122098765
SSP5-8.5,34,EngraulisJaponicus,Engraulis japonicus,Prey,1,2.32592406419753
SSP5-8.5,35,EngraulisJaponicus,Engraulis japonicus,Prey,1,2.32091565061728
SSP5-8.5,36,EngraulisJaponicus,Engraulis japonicus,Prey,1,2.32341237530864
SSP5-8.5,37,EngraulisJaponicus,Engraulis japonicus,Prey,1,2.32445497283951
SSP5-8.5,38,EngraulisJaponicus,Engraulis japonicus,Prey,1,2.32428450617284
SSP5-8.5,39,EngraulisJaponicus,Engraulis japonicus,Prey,1,2.32112822469136
SSP5-8.5,40,EngraulisJaponicus,Engraulis japonicus,Prey,1,2.32027737777778
SSP5-8.5,41,EngraulisJaponicus,Engraulis japonicus,Prey,1,2.32209556790123
SSP5-8.5,42,EngraulisJaponicus,Engraulis japonicus,Prey,1,2.32651553333333
SSP5-8.5,43,EngraulisJaponicus,Engraulis japonicus,Prey,1,2.32348843827161
SSP5-8.5,44,EngraulisJaponicus,Engraulis japonicus,Prey,1,2.32851143827161
SSP5-8.5,45,EngraulisJaponicus,Engraulis japonicus,Prey,1,2.3239869
SSP5-8.5,46,EngraulisJaponicus,Engraulis japonicus,Prey,1,2.32562530617284
SSP5-8.5,47,EngraulisJaponicus,Engraulis japonicus,Prey,1,2.32870818888889
SSP5-8.5,48,EngraulisJaponicus,Engraulis japonicus,Prey,1,2.32305858395062
SSP5-8.5,49,EngraulisJaponicus,Engraulis japonicus,Prey,1,2.32837424567901
SSP5-8.5,50,EngraulisJaponicus,Engraulis japonicus,Prey,1,2.32257095308642
SSP5-8.5,51,EngraulisJaponicus,Engraulis japonicus,Prey,1,2.32874803827161
SSP5-8.5,52,EngraulisJaponicus,Engraulis japonicus,Prey,1,2.32506301234568
SSP5-8.5,53,EngraulisJaponicus,Engraulis japonicus,Prey,1,2.32677354197531
SSP5-8.5,54,EngraulisJaponicus,Engraulis japonicus,Prey,1,2.32271888641975
SSP5-8.5,55,EngraulisJaponicus,Engraulis japonicus,Prey,1,2.3239922654321
SSP5-8.5,56,EngraulisJaponicus,Engraulis japonicus,Prey,1,2.3264841654321
SSP5-8.5,57,EngraulisJaponicus,Engraulis japonicus,Prey,1,2.32577234444444
SSP5-8.5,58,EngraulisJaponicus,Engraulis japonicus,Prey,1,2.32497093580247
SSP5-8.5,59,EngraulisJaponicus,Engraulis japonicus,Prey,1,2.32557021234568
SSP5-8.5,60,EngraulisJaponicus,Engraulis japonicus,Prey,1,2.32350504814815
SSP5-8.5,61,EngraulisJaponicus,Engraulis japonicus,Prey,1,2.32048687037037
SSP5-8.5,62,EngraulisJaponicus,Engraulis japonicus,Prey,1,2.32599231604938
SSP5-8.5,63,EngraulisJaponicus,Engraulis japonicus,Prey,1,2.32846083333333
SSP5-8.5,64,EngraulisJaponicus,Engraulis japonicus,Prey,1,2.32244192222222
SSP5-8.5,65,EngraulisJaponicus,Engraulis japonicus,Prey,1,2.32603675061728
SSP5-8.5,66,EngraulisJaponicus,Engraulis japonicus,Prey,1,2.32259575185185
SSP5-8.5,67,EngraulisJaponicus,Engraulis japonicus,Prey,1,2.32949589753086
SSP5-8.5,68,EngraulisJaponicus,Engraulis japonicus,Prey,1,2.32571336666667
SSP5-8.5,69,EngraulisJaponicus,Engraulis japonicus,Prey,1,2.32630497530864
SSP5-8.5,70,EngraulisJaponicus,Engraulis japonicus,Prey,1,2.32659687901235
SSP5-8.5,71,EngraulisJaponicus,Engraulis japonicus,Prey,1,2.32608376419753
SSP5-8.5,72,EngraulisJaponicus,Engraulis japonicus,Prey,1,2.32668483827161
SSP5-8.5,73,EngraulisJaponicus,Engraulis japonicus,Prey,1,2.32866640123457
SSP5-8.5,74,EngraulisJaponicus,Engraulis japonicus,Prey,1,2.32406312098765
SSP5-8.5,75,EngraulisJaponicus,Engraulis japonicus,Prey,1,2.322783
SSP5-8.5,76,EngraulisJaponicus,Engraulis japonicus,Prey,1,2.32452747654321
SSP5-8.5,77,EngraulisJaponicus,Engraulis japonicus,Prey,1,2.32525560493827
SSP5-8.5,78,EngraulisJaponicus,Engraulis japonicus,Prey,1,2.32756880864198
SSP5-8.5,79,EngraulisJaponicus,Engraulis japonicus,Prey,1,2.32781856790123
SSP5-8.5,80,EngraulisJaponicus,Engraulis japonicus,Prey,1,2.32283399876543
SSP5-8.5,81,EngraulisJaponicus,Engraulis japonicus,Prey,1,2.32640463209877
SSP5-8.5,82,EngraulisJaponicus,Engraulis japonicus,Prey,1,2.32643940617284
SSP5-8.5,83,EngraulisJaponicus,Engraulis japonicus,Prey,1,2.32471854691358
SSP5-8.5,84,EngraulisJaponicus,Engraulis japonicus,Prey,1,2.32177727407407
SSP5-8.5,85,EngraulisJaponicus,Engraulis japonicus,Prey,1,2.32500652716049
SSP5-8.5,86,EngraulisJaponicus,Engraulis japonicus,Prey,1,2.32371682098765
SSP5-8.5,87,EngraulisJaponicus,Engraulis japonicus,Prey,1,2.32489403950617
SSP5-8.5,88,EngraulisJaponicus,Engraulis japonicus,Prey,1,2.32717622592593
SSP5-8.5,89,EngraulisJaponicus,Engraulis japonicus,Prey,1,2.3265940962963
SSP5-8.5,90,EngraulisJaponicus,Engraulis japonicus,Prey,1,2.32328418888889
SSP5-8.5,91,EngraulisJaponicus,Engraulis japonicus,Prey,1,2.32443732469136
SSP5-8.5,92,EngraulisJaponicus,Engraulis japonicus,Prey,1,2.3240293617284
SSP5-8.5,93,EngraulisJaponicus,Engraulis japonicus,Prey,1,2.32473714444444
SSP5-8.5,94,EngraulisJaponicus,Engraulis japonicus,Prey,1,2.32314411358025
SSP5-8.5,95,EngraulisJaponicus,Engraulis japonicus,Prey,1,2.32828288024691
SSP5-8.5,96,EngraulisJaponicus,Engraulis japonicus,Prey,1,2.31976362716049
SSP5-8.5,97,EngraulisJaponicus,Engraulis japonicus,Prey,1,2.32382054444444
SSP5-8.5,98,EngraulisJaponicus,Engraulis japonicus,Prey,1,2.32543224444444
SSP5-8.5,99,EngraulisJaponicus,Engraulis japonicus,Prey,1,2.33102181604938
SSP5-8.5,100,EngraulisJaponicus,Engraulis japonicus,Prey,1,2.32892576790123
SSP5-8.5,1,ScomberomorusNiphonius,Scomberomorus niphonius,Predator,2,3.06955122839506
SSP5-8.5,2,ScomberomorusNiphonius,Scomberomorus niphonius,Predator,2,3.07463651234568
SSP5-8.5,3,ScomberomorusNiphonius,Scomberomorus niphonius,Predator,2,3.07750511234568
SSP5-8.5,4,ScomberomorusNiphonius,Scomberomorus niphonius,Predator,2,3.07577509753086
SSP5-8.5,5,ScomberomorusNiphonius,Scomberomorus niphonius,Predator,2,3.0757217308642
SSP5-8.5,6,ScomberomorusNiphonius,Scomberomorus niphonius,Predator,2,3.07754051851852
SSP5-8.5,7,ScomberomorusNiphonius,Scomberomorus niphonius,Predator,2,3.07434498271605
SSP5-8.5,8,ScomberomorusNiphonius,Scomberomorus niphonius,Predator,2,3.07775516419753
SSP5-8.5,9,ScomberomorusNiphonius,Scomberomorus niphonius,Predator,2,3.07344637654321
SSP5-8.5,10,ScomberomorusNiphonius,Scomberomorus niphonius,Predator,2,3.07912430493827
SSP5-8.5,11,ScomberomorusNiphonius,Scomberomorus niphonius,Predator,2,3.0813079962963
SSP5-8.5,12,ScomberomorusNiphonius,Scomberomorus niphonius,Predator,2,3.07312210246914
SSP5-8.5,13,ScomberomorusNiphonius,Scomberomorus niphonius,Predator,2,3.0709175962963
SSP5-8.5,14,ScomberomorusNiphonius,Scomberomorus niphonius,Predator,2,3.07732637777778
SSP5-8.5,15,ScomberomorusNiphonius,Scomberomorus niphonius,Predator,2,3.0750567617284
SSP5-8.5,16,ScomberomorusNiphonius,Scomberomorus niphonius,Predator,2,3.07293122962963
SSP5-8.5,17,ScomberomorusNiphonius,Scomberomorus niphonius,Predator,2,3.07465678024691
SSP5-8.5,18,ScomberomorusNiphonius,Scomberomorus niphonius,Predator,2,3.07588056666667
SSP5-8.5,19,ScomberomorusNiphonius,Scomberomorus niphonius,Predator,2,3.07788109506173
SSP5-8.5,20,ScomberomorusNiphonius,Scomberomorus niphonius,Predator,2,3.07671637777778
SSP5-8.5,21,ScomberomorusNiphonius,Scomberomorus niphonius,Predator,2,3.0754898962963
SSP5-8.5,22,ScomberomorusNiphonius,Scomberomorus niphonius,Predator,2,3.07764107037037
SSP5-8.5,23,ScomberomorusNiphonius,Scomberomorus niphonius,Predator,2,3.07864751604938
SSP5-8.5,24,ScomberomorusNiphonius,Scomberomorus niphonius,Predator,2,3.07388617901235
SSP5-8.5,25,ScomberomorusNiphonius,Scomberomorus niphonius,Predator,2,3.07560230864198
SSP5-8.5,26,ScomberomorusNiphonius,Scomberomorus niphonius,Predator,2,3.07658530864198
SSP5-8.5,27,ScomberomorusNiphonius,Scomberomorus niphonius,Predator,2,3.07997461975309
SSP5-8.5,28,ScomberomorusNiphonius,Scomberomorus niphonius,Predator,2,3.0740841962963
SSP5-8.5,29,ScomberomorusNiphonius,Scomberomorus niphonius,Predator,2,3.0797416345679
SSP5-8.5,30,ScomberomorusNiphonius,Scomberomorus niphonius,Predator,2,3.07447803827161
SSP5-8.5,31,ScomberomorusNiphonius,Scomberomorus niphonius,Predator,2,3.07054377283951
SSP5-8.5,32,ScomberomorusNiphonius,Scomberomorus niphonius,Predator,2,3.07581610123457
SSP5-8.5,33,ScomberomorusNiphonius,Scomberomorus niphonius,Predator,2,3.07116308148148
SSP5-8.5,34,ScomberomorusNiphonius,Scomberomorus niphonius,Predator,2,3.07711848395062
SSP5-8.5,35,ScomberomorusNiphonius,Scomberomorus niphonius,Predator,2,3.07516725802469
SSP5-8.5,36,ScomberomorusNiphonius,Scomberomorus niphonius,Predator,2,3.07592096419753
SSP5-8.5,37,ScomberomorusNiphonius,Scomberomorus niphonius,Predator,2,3.07841628271605
SSP5-8.5,38,ScomberomorusNiphonius,Scomberomorus niphonius,Predator,2,3.07358111234568
SSP5-8.5,39,ScomberomorusNiphonius,Scomberomorus niphonius,Predator,2,3.07630033209877
SSP5-8.5,40,ScomberomorusNiphonius,Scomberomorus niphonius,Predator,2,3.07412154691358
SSP5-8.5,41,ScomberomorusNiphonius,Scomberomorus niphonius,Predator,2,3.06908997037037
SSP5-8.5,42,ScomberomorusNiphonius,Scomberomorus niphonius,Predator,2,3.07827619382716
SSP5-8.5,43,ScomberomorusNiphonius,Scomberomorus niphonius,Predator,2,3.07576052839506
SSP5-8.5,44,ScomberomorusNiphonius,Scomberomorus niphonius,Predator,2,3.08058010864198
SSP5-8.5,45,ScomberomorusNiphonius,Scomberomorus niphonius,Predator,2,3.07692543950617
SSP5-8.5,46,ScomberomorusNiphonius,Scomberomorus niphonius,Predator,2,3.07567464444444
SSP5-8.5,47,ScomberomorusNiphonius,Scomberomorus niphonius,Predator,2,3.07396404074074
SSP5-8.5,48,ScomberomorusNiphonius,Scomberomorus niphonius,Predator,2,3.07501710123457
SSP5-8.5,49,ScomberomorusNiphonius,Scomberomorus niphonius,Predator,2,3.07510771851852
SSP5-8.5,50,ScomberomorusNiphonius,Scomberomorus niphonius,Predator,2,3.0769856617284
SSP5-8.5,51,ScomberomorusNiphonius,Scomberomorus niphonius,Predator,2,3.07470439135803
SSP5-8.5,52,ScomberomorusNiphonius,Scomberomorus niphonius,Predator,2,3.07728207160494
SSP5-8.5,53,ScomberomorusNiphonius,Scomberomorus niphonius,Predator,2,3.07965539135802
SSP5-8.5,54,ScomberomorusNiphonius,Scomberomorus niphonius,Predator,2,3.07281600617284
SSP5-8.5,55,ScomberomorusNiphonius,Scomberomorus niphonius,Predator,2,3.07575872345679
SSP5-8.5,56,ScomberomorusNiphonius,Scomberomorus niphonius,Predator,2,3.06973451851852
SSP5-8.5,57,ScomberomorusNiphonius,Scomberomorus niphonius,Predator,2,3.0745359345679
SSP5-8.5,58,ScomberomorusNiphonius,Scomberomorus niphonius,Predator,2,3.07404964938272
SSP5-8.5,59,ScomberomorusNiphonius,Scomberomorus niphonius,Predator,2,3.07518773333333
SSP5-8.5,60,ScomberomorusNiphonius,Scomberomorus niphonius,Predator,2,3.0753772308642
SSP5-8.5,61,ScomberomorusNiphonius,Scomberomorus niphonius,Predator,2,3.07835256790123
SSP5-8.5,62,ScomberomorusNiphonius,Scomberomorus niphonius,Predator,2,3.0765500617284
SSP5-8.5,63,ScomberomorusNiphonius,Scomberomorus niphonius,Predator,2,3.07940873580247
SSP5-8.5,64,ScomberomorusNiphonius,Scomberomorus niphonius,Predator,2,3.07649041728395
SSP5-8.5,65,ScomberomorusNiphonius,Scomberomorus niphonius,Predator,2,3.07711893950617
SSP5-8.5,66,ScomberomorusNiphonius,Scomberomorus niphonius,Predator,2,3.07417592839506
SSP5-8.5,67,ScomberomorusNiphonius,Scomberomorus niphonius,Predator,2,3.07354348765432
SSP5-8.5,68,ScomberomorusNiphonius,Scomberomorus niphonius,Predator,2,3.07388304197531
SSP5-8.5,69,ScomberomorusNiphonius,Scomberomorus niphonius,Predator,2,3.07683451851852
SSP5-8.5,70,ScomberomorusNiphonius,Scomberomorus niphonius,Predator,2,3.07188856419753
SSP5-8.5,71,ScomberomorusNiphonius,Scomberomorus niphonius,Predator,2,3.07316080246914
SSP5-8.5,72,ScomberomorusNiphonius,Scomberomorus niphonius,Predator,2,3.07696808148148
SSP5-8.5,73,ScomberomorusNiphonius,Scomberomorus niphonius,Predator,2,3.07247085555556
SSP5-8.5,74,ScomberomorusNiphonius,Scomberomorus niphonius,Predator,2,3.07680892222222
SSP5-8.5,75,ScomberomorusNiphonius,Scomberomorus niphonius,Predator,2,3.07876699506173
SSP5-8.5,76,ScomberomorusNiphonius,Scomberomorus niphonius,Predator,2,3.0747771691358
SSP5-8.5,77,ScomberomorusNiphonius,Scomberomorus niphonius,Predator,2,3.07455567037037
SSP5-8.5,78,ScomberomorusNiphonius,Scomberomorus niphonius,Predator,2,3.07742519876543
SSP5-8.5,79,ScomberomorusNiphonius,Scomberomorus niphonius,Predator,2,3.07559282962963
SSP5-8.5,80,ScomberomorusNiphonius,Scomberomorus niphonius,Predator,2,3.07829077901235
SSP5-8.5,81,ScomberomorusNiphonius,Scomberomorus niphonius,Predator,2,3.07157521604938
SSP5-8.5,82,ScomberomorusNiphonius,Scomberomorus niphonius,Predator,2,3.0764146617284
SSP5-8.5,83,ScomberomorusNiphonius,Scomberomorus niphonius,Predator,2,3.07944843580247
SSP5-8.5,84,ScomberomorusNiphonius,Scomberomorus niphonius,Predator,2,3.0731990962963
SSP5-8.5,85,ScomberomorusNiphonius,Scomberomorus niphonius,Predator,2,3.07306381604938
SSP5-8.5,86,ScomberomorusNiphonius,Scomberomorus niphonius,Predator,2,3.07102170740741
SSP5-8.5,87,ScomberomorusNiphonius,Scomberomorus niphonius,Predator,2,3.08056504814815
SSP5-8.5,88,ScomberomorusNiphonius,Scomberomorus niphonius,Predator,2,3.07646670493827
SSP5-8.5,89,ScomberomorusNiphonius,Scomberomorus niphonius,Predator,2,3.07496217160494
SSP5-8.5,90,ScomberomorusNiphonius,Scomberomorus niphonius,Predator,2,3.07147280864198
SSP5-8.5,91,ScomberomorusNiphonius,Scomberomorus niphonius,Predator,2,3.07338849876543
SSP5-8.5,92,ScomberomorusNiphonius,Scomberomorus niphonius,Predator,2,3.07647778024691
SSP5-8.5,93,ScomberomorusNiphonius,Scomberomorus niphonius,Predator,2,3.0789613962963
SSP5-8.5,94,ScomberomorusNiphonius,Scomberomorus niphonius,Predator,2,3.07866236419753
SSP5-8.5,95,ScomberomorusNiphonius,Scomberomorus niphonius,Predator,2,3.07322521604938
SSP5-8.5,96,ScomberomorusNiphonius,Scomberomorus niphonius,Predator,2,3.07095099259259
SSP5-8.5,97,ScomberomorusNiphonius,Scomberomorus niphonius,Predator,2,3.0770891617284
SSP5-8.5,98,ScomberomorusNiphonius,Scomberomorus niphonius,Predator,2,3.07683964444444
SSP5-8.5,99,ScomberomorusNiphonius,Scomberomorus niphonius,Predator,2,3.07818410493827
SSP5-8.5,100,ScomberomorusNiphonius,Scomberomorus niphonius,Predator,2,3.07687279876543
SSP5-8.5,1,TrichiurusJaponicus,Trichiurus japonicus,Predator,3,2.78109843580247
SSP5-8.5,2,TrichiurusJaponicus,Trichiurus japonicus,Predator,3,2.78273513950617
SSP5-8.5,3,TrichiurusJaponicus,Trichiurus japonicus,Predator,3,2.78357098888889
SSP5-8.5,4,TrichiurusJaponicus,Trichiurus japonicus,Predator,3,2.78142973950617
SSP5-8.5,5,TrichiurusJaponicus,Trichiurus japonicus,Predator,3,2.78288765925926
SSP5-8.5,6,TrichiurusJaponicus,Trichiurus japonicus,Predator,3,2.78446068395062
SSP5-8.5,7,TrichiurusJaponicus,Trichiurus japonicus,Predator,3,2.78029408888889
SSP5-8.5,8,TrichiurusJaponicus,Trichiurus japonicus,Predator,3,2.78447190740741
SSP5-8.5,9,TrichiurusJaponicus,Trichiurus japonicus,Predator,3,2.77959326419753
SSP5-8.5,10,TrichiurusJaponicus,Trichiurus japonicus,Predator,3,2.77508201728395
SSP5-8.5,11,TrichiurusJaponicus,Trichiurus japonicus,Predator,3,2.78584845925926
SSP5-8.5,12,TrichiurusJaponicus,Trichiurus japonicus,Predator,3,2.78092638641975
SSP5-8.5,13,TrichiurusJaponicus,Trichiurus japonicus,Predator,3,2.77790528271605
SSP5-8.5,14,TrichiurusJaponicus,Trichiurus japonicus,Predator,3,2.78370604320988
SSP5-8.5,15,TrichiurusJaponicus,Trichiurus japonicus,Predator,3,2.77976713827161
SSP5-8.5,16,TrichiurusJaponicus,Trichiurus japonicus,Predator,3,2.7808562308642
SSP5-8.5,17,TrichiurusJaponicus,Trichiurus japonicus,Predator,3,2.78659769382716
SSP5-8.5,18,TrichiurusJaponicus,Trichiurus japonicus,Predator,3,2.78228346666667
SSP5-8.5,19,TrichiurusJaponicus,Trichiurus japonicus,Predator,3,2.78232938765432
SSP5-8.5,20,TrichiurusJaponicus,Trichiurus japonicus,Predator,3,2.77642441111111
SSP5-8.5,21,TrichiurusJaponicus,Trichiurus japonicus,Predator,3,2.78614147160494
SSP5-8.5,22,TrichiurusJaponicus,Trichiurus japonicus,Predator,3,2.77807466790123
SSP5-8.5,23,TrichiurusJaponicus,Trichiurus japonicus,Predator,3,2.78044085555556
SSP5-8.5,24,TrichiurusJaponicus,Trichiurus japonicus,Predator,3,2.77607860246914
SSP5-8.5,25,TrichiurusJaponicus,Trichiurus japonicus,Predator,3,2.78406111604938
SSP5-8.5,26,TrichiurusJaponicus,Trichiurus japonicus,Predator,3,2.7851837037037
SSP5-8.5,27,TrichiurusJaponicus,Trichiurus japonicus,Predator,3,2.77979889506173
SSP5-8.5,28,TrichiurusJaponicus,Trichiurus japonicus,Predator,3,2.77930530987654
SSP5-8.5,29,TrichiurusJaponicus,Trichiurus japonicus,Predator,3,2.77989017407407
SSP5-8.5,30,TrichiurusJaponicus,Trichiurus japonicus,Predator,3,2.7842660691358
SSP5-8.5,31,TrichiurusJaponicus,Trichiurus japonicus,Predator,3,2.78281681234568
SSP5-8.5,32,TrichiurusJaponicus,Trichiurus japonicus,Predator,3,2.78398062839506
SSP5-8.5,33,TrichiurusJaponicus,Trichiurus japonicus,Predator,3,2.77555980864198
SSP5-8.5,34,TrichiurusJaponicus,Trichiurus japonicus,Predator,3,2.77803186790123
SSP5-8.5,35,TrichiurusJaponicus,Trichiurus japonicus,Predator,3,2.77781807777778
SSP5-8.5,36,TrichiurusJaponicus,Trichiurus japonicus,Predator,3,2.77625426296296
SSP5-8.5,37,TrichiurusJaponicus,Trichiurus japonicus,Predator,3,2.7836537962963
SSP5-8.5,38,TrichiurusJaponicus,Trichiurus japonicus,Predator,3,2.7788075
SSP5-8.5,39,TrichiurusJaponicus,Trichiurus japonicus,Predator,3,2.78156914567901
SSP5-8.5,40,TrichiurusJaponicus,Trichiurus japonicus,Predator,3,2.78377385185185
SSP5-8.5,41,TrichiurusJaponicus,Trichiurus japonicus,Predator,3,2.78590213703704
SSP5-8.5,42,TrichiurusJaponicus,Trichiurus japonicus,Predator,3,2.7877177345679
SSP5-8.5,43,TrichiurusJaponicus,Trichiurus japonicus,Predator,3,2.78464800864198
SSP5-8.5,44,TrichiurusJaponicus,Trichiurus japonicus,Predator,3,2.78461574814815
SSP5-8.5,45,TrichiurusJaponicus,Trichiurus japonicus,Predator,3,2.78073135679012
SSP5-8.5,46,TrichiurusJaponicus,Trichiurus japonicus,Predator,3,2.77893225679012
SSP5-8.5,47,TrichiurusJaponicus,Trichiurus japonicus,Predator,3,2.77441898641975
SSP5-8.5,48,TrichiurusJaponicus,Trichiurus japonicus,Predator,3,2.7857148654321
SSP5-8.5,49,TrichiurusJaponicus,Trichiurus japonicus,Predator,3,2.78129291111111
SSP5-8.5,50,TrichiurusJaponicus,Trichiurus japonicus,Predator,3,2.78172627407407
SSP5-8.5,51,TrichiurusJaponicus,Trichiurus japonicus,Predator,3,2.78150333209877
SSP5-8.5,52,TrichiurusJaponicus,Trichiurus japonicus,Predator,3,2.78130657407407
SSP5-8.5,53,TrichiurusJaponicus,Trichiurus japonicus,Predator,3,2.78165705308642
SSP5-8.5,54,TrichiurusJaponicus,Trichiurus japonicus,Predator,3,2.78138613580247
SSP5-8.5,55,TrichiurusJaponicus,Trichiurus japonicus,Predator,3,2.77722321604938
SSP5-8.5,56,TrichiurusJaponicus,Trichiurus japonicus,Predator,3,2.78266286790123
SSP5-8.5,57,TrichiurusJaponicus,Trichiurus japonicus,Predator,3,2.78155029382716
SSP5-8.5,58,TrichiurusJaponicus,Trichiurus japonicus,Predator,3,2.78247481234568
SSP5-8.5,59,TrichiurusJaponicus,Trichiurus japonicus,Predator,3,2.78308750493827
SSP5-8.5,60,TrichiurusJaponicus,Trichiurus japonicus,Predator,3,2.78060477530864
SSP5-8.5,61,TrichiurusJaponicus,Trichiurus japonicus,Predator,3,2.77796403209877
SSP5-8.5,62,TrichiurusJaponicus,Trichiurus japonicus,Predator,3,2.78311167037037
SSP5-8.5,63,TrichiurusJaponicus,Trichiurus japonicus,Predator,3,2.77890021358025
SSP5-8.5,64,TrichiurusJaponicus,Trichiurus japonicus,Predator,3,2.78113788888889
SSP5-8.5,65,TrichiurusJaponicus,Trichiurus japonicus,Predator,3,2.78147175679012
SSP5-8.5,66,TrichiurusJaponicus,Trichiurus japonicus,Predator,3,2.78127676296296
SSP5-8.5,67,TrichiurusJaponicus,Trichiurus japonicus,Predator,3,2.78209694691358
SSP5-8.5,68,TrichiurusJaponicus,Trichiurus japonicus,Predator,3,2.77848571728395
SSP5-8.5,69,TrichiurusJaponicus,Trichiurus japonicus,Predator,3,2.77654034938272
SSP5-8.5,70,TrichiurusJaponicus,Trichiurus japonicus,Predator,3,2.78443587654321
SSP5-8.5,71,TrichiurusJaponicus,Trichiurus japonicus,Predator,3,2.78040468148148
SSP5-8.5,72,TrichiurusJaponicus,Trichiurus japonicus,Predator,3,2.78236204320988
SSP5-8.5,73,TrichiurusJaponicus,Trichiurus japonicus,Predator,3,2.77781598518519
SSP5-8.5,74,TrichiurusJaponicus,Trichiurus japonicus,Predator,3,2.78474790987654
SSP5-8.5,75,TrichiurusJaponicus,Trichiurus japonicus,Predator,3,2.78007173703704
SSP5-8.5,76,TrichiurusJaponicus,Trichiurus japonicus,Predator,3,2.77653070740741
SSP5-8.5,77,TrichiurusJaponicus,Trichiurus japonicus,Predator,3,2.78761075308642
SSP5-8.5,78,TrichiurusJaponicus,Trichiurus japonicus,Predator,3,2.78177333703704
SSP5-8.5,79,TrichiurusJaponicus,Trichiurus japonicus,Predator,3,2.77948594320988
SSP5-8.5,80,TrichiurusJaponicus,Trichiurus japonicus,Predator,3,2.77717545802469
SSP5-8.5,81,TrichiurusJaponicus,Trichiurus japonicus,Predator,3,2.77953574320988
SSP5-8.5,82,TrichiurusJaponicus,Trichiurus japonicus,Predator,3,2.77819775308642
SSP5-8.5,83,TrichiurusJaponicus,Trichiurus japonicus,Predator,3,2.77777654444444
SSP5-8.5,84,TrichiurusJaponicus,Trichiurus japonicus,Predator,3,2.7827008691358
SSP5-8.5,85,TrichiurusJaponicus,Trichiurus japonicus,Predator,3,2.78037569259259
SSP5-8.5,86,TrichiurusJaponicus,Trichiurus japonicus,Predator,3,2.77592405308642
SSP5-8.5,87,TrichiurusJaponicus,Trichiurus japonicus,Predator,3,2.77515576790123
SSP5-8.5,88,TrichiurusJaponicus,Trichiurus japonicus,Predator,3,2.78443415432099
SSP5-8.5,89,TrichiurusJaponicus,Trichiurus japonicus,Predator,3,2.77649322716049
SSP5-8.5,90,TrichiurusJaponicus,Trichiurus japonicus,Predator,3,2.77908058148148
SSP5-8.5,91,TrichiurusJaponicus,Trichiurus japonicus,Predator,3,2.78148023580247
SSP5-8.5,92,TrichiurusJaponicus,Trichiurus japonicus,Predator,3,2.77559338271605
SSP5-8.5,93,TrichiurusJaponicus,Trichiurus japonicus,Predator,3,2.78208655185185
SSP5-8.5,94,TrichiurusJaponicus,Trichiurus japonicus,Predator,3,2.78495082345679
SSP5-8.5,95,TrichiurusJaponicus,Trichiurus japonicus,Predator,3,2.78085659135803
SSP5-8.5,96,TrichiurusJaponicus,Trichiurus japonicus,Predator,3,2.78236826296296
SSP5-8.5,97,TrichiurusJaponicus,Trichiurus japonicus,Predator,3,2.78085142222222
SSP5-8.5,98,TrichiurusJaponicus,Trichiurus japonicus,Predator,3,2.77640452222222
SSP5-8.5,99,TrichiurusJaponicus,Trichiurus japonicus,Predator,3,2.78266597654321
SSP5-8.5,100,TrichiurusJaponicus,Trichiurus japonicus,Predator,3,2.78221482716049
SSP5-8.5,1,MuraenesoxCinereus,Muraenesox cinereus,Predator,4,3.11267780987654
SSP5-8.5,2,MuraenesoxCinereus,Muraenesox cinereus,Predator,4,3.11403913703704
SSP5-8.5,3,MuraenesoxCinereus,Muraenesox cinereus,Predator,4,3.11587692839506
SSP5-8.5,4,MuraenesoxCinereus,Muraenesox cinereus,Predator,4,3.1127981308642
SSP5-8.5,5,MuraenesoxCinereus,Muraenesox cinereus,Predator,4,3.11213759506173
SSP5-8.5,6,MuraenesoxCinereus,Muraenesox cinereus,Predator,4,3.11297628395062
SSP5-8.5,7,MuraenesoxCinereus,Muraenesox cinereus,Predator,4,3.11169375679012
SSP5-8.5,8,MuraenesoxCinereus,Muraenesox cinereus,Predator,4,3.11470748148148
SSP5-8.5,9,MuraenesoxCinereus,Muraenesox cinereus,Predator,4,3.11145962098765
SSP5-8.5,10,MuraenesoxCinereus,Muraenesox cinereus,Predator,4,3.11462882345679
SSP5-8.5,11,MuraenesoxCinereus,Muraenesox cinereus,Predator,4,3.11252690246914
SSP5-8.5,12,MuraenesoxCinereus,Muraenesox cinereus,Predator,4,3.11112771234568
SSP5-8.5,13,MuraenesoxCinereus,Muraenesox cinereus,Predator,4,3.11098238765432
SSP5-8.5,14,MuraenesoxCinereus,Muraenesox cinereus,Predator,4,3.11420104197531
SSP5-8.5,15,MuraenesoxCinereus,Muraenesox cinereus,Predator,4,3.11324540617284
SSP5-8.5,16,MuraenesoxCinereus,Muraenesox cinereus,Predator,4,3.11551143827161
SSP5-8.5,17,MuraenesoxCinereus,Muraenesox cinereus,Predator,4,3.11508550246914
SSP5-8.5,18,MuraenesoxCinereus,Muraenesox cinereus,Predator,4,3.11137445185185
SSP5-8.5,19,MuraenesoxCinereus,Muraenesox cinereus,Predator,4,3.11526462962963
SSP5-8.5,20,MuraenesoxCinereus,Muraenesox cinereus,Predator,4,3.11317835061728
SSP5-8.5,21,MuraenesoxCinereus,Muraenesox cinereus,Predator,4,3.11580497037037
SSP5-8.5,22,MuraenesoxCinereus,Muraenesox cinereus,Predator,4,3.10991744074074
SSP5-8.5,23,MuraenesoxCinereus,Muraenesox cinereus,Predator,4,3.11344743209877
SSP5-8.5,24,MuraenesoxCinereus,Muraenesox cinereus,Predator,4,3.10783265432099
SSP5-8.5,25,MuraenesoxCinereus,Muraenesox cinereus,Predator,4,3.11271629012346
SSP5-8.5,26,MuraenesoxCinereus,Muraenesox cinereus,Predator,4,3.11329529876543
SSP5-8.5,27,MuraenesoxCinereus,Muraenesox cinereus,Predator,4,3.11376620123457
SSP5-8.5,28,MuraenesoxCinereus,Muraenesox cinereus,Predator,4,3.10882788641975
SSP5-8.5,29,MuraenesoxCinereus,Muraenesox cinereus,Predator,4,3.11465318765432
SSP5-8.5,30,MuraenesoxCinereus,Muraenesox cinereus,Predator,4,3.11466890617284
SSP5-8.5,31,MuraenesoxCinereus,Muraenesox cinereus,Predator,4,3.10989207777778
SSP5-8.5,32,MuraenesoxCinereus,Muraenesox cinereus,Predator,4,3.11200362592593
SSP5-8.5,33,MuraenesoxCinereus,Muraenesox cinereus,Predator,4,3.11068837777778
SSP5-8.5,34,MuraenesoxCinereus,Muraenesox cinereus,Predator,4,3.11139430246914
SSP5-8.5,35,MuraenesoxCinereus,Muraenesox cinereus,Predator,4,3.10782252345679
SSP5-8.5,36,MuraenesoxCinereus,Muraenesox cinereus,Predator,4,3.10828381604938
SSP5-8.5,37,MuraenesoxCinereus,Muraenesox cinereus,Predator,4,3.11596285061728
SSP5-8.5,38,MuraenesoxCinereus,Muraenesox cinereus,Predator,4,3.11335549876543
SSP5-8.5,39,MuraenesoxCinereus,Muraenesox cinereus,Predator,4,3.10949738641975
SSP5-8.5,40,MuraenesoxCinereus,Muraenesox cinereus,Predator,4,3.11438068395062
SSP5-8.5,41,MuraenesoxCinereus,Muraenesox cinereus,Predator,4,3.11229123703704
SSP5-8.5,42,MuraenesoxCinereus,Muraenesox cinereus,Predator,4,3.11467282592593
SSP5-8.5,43,MuraenesoxCinereus,Muraenesox cinereus,Predator,4,3.11378980987654
SSP5-8.5,44,MuraenesoxCinereus,Muraenesox cinereus,Predator,4,3.11222707901235
SSP5-8.5,45,MuraenesoxCinereus,Muraenesox cinereus,Predator,4,3.11204687407407
SSP5-8.5,46,MuraenesoxCinereus,Muraenesox cinereus,Predator,4,3.1124001345679
SSP5-8.5,47,MuraenesoxCinereus,Muraenesox cinereus,Predator,4,3.11344243580247
SSP5-8.5,48,MuraenesoxCinereus,Muraenesox cinereus,Predator,4,3.11422210740741
SSP5-8.5,49,MuraenesoxCinereus,Muraenesox cinereus,Predator,4,3.11685079135803
SSP5-8.5,50,MuraenesoxCinereus,Muraenesox cinereus,Predator,4,3.11231565308642
SSP5-8.5,51,MuraenesoxCinereus,Muraenesox cinereus,Predator,4,3.11638761481481
SSP5-8.5,52,MuraenesoxCinereus,Muraenesox cinereus,Predator,4,3.11261749259259
SSP5-8.5,53,MuraenesoxCinereus,Muraenesox cinereus,Predator,4,3.11782475185185
SSP5-8.5,54,MuraenesoxCinereus,Muraenesox cinereus,Predator,4,3.10759505061728
SSP5-8.5,55,MuraenesoxCinereus,Muraenesox cinereus,Predator,4,3.11454465679012
SSP5-8.5,56,MuraenesoxCinereus,Muraenesox cinereus,Predator,4,3.11042447530864
SSP5-8.5,57,MuraenesoxCinereus,Muraenesox cinereus,Predator,4,3.11244311111111
SSP5-8.5,58,MuraenesoxCinereus,Muraenesox cinereus,Predator,4,3.10483567283951
SSP5-8.5,59,MuraenesoxCinereus,Muraenesox cinereus,Predator,4,3.11176145061728
SSP5-8.5,60,MuraenesoxCinereus,Muraenesox cinereus,Predator,4,3.11072678395062
SSP5-8.5,61,MuraenesoxCinereus,Muraenesox cinereus,Predator,4,3.10922596790123
SSP5-8.5,62,MuraenesoxCinereus,Muraenesox cinereus,Predator,4,3.11203224444444
SSP5-8.5,63,MuraenesoxCinereus,Muraenesox cinereus,Predator,4,3.11764588888889
SSP5-8.5,64,MuraenesoxCinereus,Muraenesox cinereus,Predator,4,3.11326721111111
SSP5-8.5,65,MuraenesoxCinereus,Muraenesox cinereus,Predator,4,3.11349874074074
SSP5-8.5,66,MuraenesoxCinereus,Muraenesox cinereus,Predator,4,3.11186083827161
SSP5-8.5,67,MuraenesoxCinereus,Muraenesox cinereus,Predator,4,3.10888227530864
SSP5-8.5,68,MuraenesoxCinereus,Muraenesox cinereus,Predator,4,3.11392695679012
SSP5-8.5,69,MuraenesoxCinereus,Muraenesox cinereus,Predator,4,3.11332082592593
SSP5-8.5,70,MuraenesoxCinereus,Muraenesox cinereus,Predator,4,3.11248394938272
SSP5-8.5,71,MuraenesoxCinereus,Muraenesox cinereus,Predator,4,3.10895331604938
SSP5-8.5,72,MuraenesoxCinereus,Muraenesox cinereus,Predator,4,3.11342705061728
SSP5-8.5,73,MuraenesoxCinereus,Muraenesox cinereus,Predator,4,3.10938306049383
SSP5-8.5,74,MuraenesoxCinereus,Muraenesox cinereus,Predator,4,3.11052338148148
SSP5-8.5,75,MuraenesoxCinereus,Muraenesox cinereus,Predator,4,3.11351213209877
SSP5-8.5,76,MuraenesoxCinereus,Muraenesox cinereus,Predator,4,3.11189728148148
SSP5-8.5,77,MuraenesoxCinereus,Muraenesox cinereus,Predator,4,3.11377791481482
SSP5-8.5,78,MuraenesoxCinereus,Muraenesox cinereus,Predator,4,3.11350101604938
SSP5-8.5,79,MuraenesoxCinereus,Muraenesox cinereus,Predator,4,3.11289115308642
SSP5-8.5,80,MuraenesoxCinereus,Muraenesox cinereus,Predator,4,3.11200567283951
SSP5-8.5,81,MuraenesoxCinereus,Muraenesox cinereus,Predator,4,3.11556407654321
SSP5-8.5,82,MuraenesoxCinereus,Muraenesox cinereus,Predator,4,3.11436595925926
SSP5-8.5,83,MuraenesoxCinereus,Muraenesox cinereus,Predator,4,3.11601013703704
SSP5-8.5,84,MuraenesoxCinereus,Muraenesox cinereus,Predator,4,3.11297541358025
SSP5-8.5,85,MuraenesoxCinereus,Muraenesox cinereus,Predator,4,3.11415009259259
SSP5-8.5,86,MuraenesoxCinereus,Muraenesox cinereus,Predator,4,3.11344483950617
SSP5-8.5,87,MuraenesoxCinereus,Muraenesox cinereus,Predator,4,3.11375709506173
SSP5-8.5,88,MuraenesoxCinereus,Muraenesox cinereus,Predator,4,3.11657383209877
SSP5-8.5,89,MuraenesoxCinereus,Muraenesox cinereus,Predator,4,3.1053727654321
SSP5-8.5,90,MuraenesoxCinereus,Muraenesox cinereus,Predator,4,3.1118260308642
SSP5-8.5,91,MuraenesoxCinereus,Muraenesox cinereus,Predator,4,3.11438125679012
SSP5-8.5,92,MuraenesoxCinereus,Muraenesox cinereus,Predator,4,3.10956048148148
SSP5-8.5,93,MuraenesoxCinereus,Muraenesox cinereus,Predator,4,3.1140528617284
SSP5-8.5,94,MuraenesoxCinereus,Muraenesox cinereus,Predator,4,3.11764077283951
SSP5-8.5,95,MuraenesoxCinereus,Muraenesox cinereus,Predator,4,3.11508046666667
SSP5-8.5,96,MuraenesoxCinereus,Muraenesox cinereus,Predator,4,3.10785703703704
SSP5-8.5,97,MuraenesoxCinereus,Muraenesox cinereus,Predator,4,3.10952856790123
SSP5-8.5,98,MuraenesoxCinereus,Muraenesox cinereus,Predator,4,3.11622949259259
SSP5-8.5,99,MuraenesoxCinereus,Muraenesox cinereus,Predator,4,3.11351431728395
SSP5-8.5,100,MuraenesoxCinereus,Muraenesox cinereus,Predator,4,3.11050229135802
SSP5-8.5,1,MiichthysMiiuy,Miichthys miiuy,Predator,5,2.99892078024691
SSP5-8.5,2,MiichthysMiiuy,Miichthys miiuy,Predator,5,3.00592861481482
SSP5-8.5,3,MiichthysMiiuy,Miichthys miiuy,Predator,5,3.01230385432099
SSP5-8.5,4,MiichthysMiiuy,Miichthys miiuy,Predator,5,3.01154950493827
SSP5-8.5,5,MiichthysMiiuy,Miichthys miiuy,Predator,5,3.00982930123457
SSP5-8.5,6,MiichthysMiiuy,Miichthys miiuy,Predator,5,3.01555486790123
SSP5-8.5,7,MiichthysMiiuy,Miichthys miiuy,Predator,5,3.0105335
SSP5-8.5,8,MiichthysMiiuy,Miichthys miiuy,Predator,5,3.00932164320988
SSP5-8.5,9,MiichthysMiiuy,Miichthys miiuy,Predator,5,3.01446150123457
SSP5-8.5,10,MiichthysMiiuy,Miichthys miiuy,Predator,5,3.01572908148148
SSP5-8.5,11,MiichthysMiiuy,Miichthys miiuy,Predator,5,3.01962102098765
SSP5-8.5,12,MiichthysMiiuy,Miichthys miiuy,Predator,5,3.00913271234568
SSP5-8.5,13,MiichthysMiiuy,Miichthys miiuy,Predator,5,3.00758507777778
SSP5-8.5,14,MiichthysMiiuy,Miichthys miiuy,Predator,5,3.01337671851852
SSP5-8.5,15,MiichthysMiiuy,Miichthys miiuy,Predator,5,3.0091974654321
SSP5-8.5,16,MiichthysMiiuy,Miichthys miiuy,Predator,5,3.00883075061728
SSP5-8.5,17,MiichthysMiiuy,Miichthys miiuy,Predator,5,3.00636032098765
SSP5-8.5,18,MiichthysMiiuy,Miichthys miiuy,Predator,5,3.01348248888889
SSP5-8.5,19,MiichthysMiiuy,Miichthys miiuy,Predator,5,3.01058824074074
SSP5-8.5,20,MiichthysMiiuy,Miichthys miiuy,Predator,5,3.01442328148148
SSP5-8.5,21,MiichthysMiiuy,Miichthys miiuy,Predator,5,3.01335840987654
SSP5-8.5,22,MiichthysMiiuy,Miichthys miiuy,Predator,5,3.00759689259259
SSP5-8.5,23,MiichthysMiiuy,Miichthys miiuy,Predator,5,3.01818748271605
SSP5-8.5,24,MiichthysMiiuy,Miichthys miiuy,Predator,5,3.00812735802469
SSP5-8.5,25,MiichthysMiiuy,Miichthys miiuy,Predator,5,3.01666284197531
SSP5-8.5,26,MiichthysMiiuy,Miichthys miiuy,Predator,5,3.00719048888889
SSP5-8.5,27,MiichthysMiiuy,Miichthys miiuy,Predator,5,3.01746972469136
SSP5-8.5,28,MiichthysMiiuy,Miichthys miiuy,Predator,5,3.0120565962963
SSP5-8.5,29,MiichthysMiiuy,Miichthys miiuy,Predator,5,3.02021882592593
SSP5-8.5,30,MiichthysMiiuy,Miichthys miiuy,Predator,5,3.01699365555556
SSP5-8.5,31,MiichthysMiiuy,Miichthys miiuy,Predator,5,3.00906871975309
SSP5-8.5,32,MiichthysMiiuy,Miichthys miiuy,Predator,5,3.02439205679012
SSP5-8.5,33,MiichthysMiiuy,Miichthys miiuy,Predator,5,3.00644867901235
SSP5-8.5,34,MiichthysMiiuy,Miichthys miiuy,Predator,5,3.00791208765432
SSP5-8.5,35,MiichthysMiiuy,Miichthys miiuy,Predator,5,3.00827651111111
SSP5-8.5,36,MiichthysMiiuy,Miichthys miiuy,Predator,5,3.01082051728395
SSP5-8.5,37,MiichthysMiiuy,Miichthys miiuy,Predator,5,3.00936660246914
SSP5-8.5,38,MiichthysMiiuy,Miichthys miiuy,Predator,5,3.01255475925926
SSP5-8.5,39,MiichthysMiiuy,Miichthys miiuy,Predator,5,3.01037098765432
SSP5-8.5,40,MiichthysMiiuy,Miichthys miiuy,Predator,5,3.00739178518519
SSP5-8.5,41,MiichthysMiiuy,Miichthys miiuy,Predator,5,3.00311176419753
SSP5-8.5,42,MiichthysMiiuy,Miichthys miiuy,Predator,5,3.00775487901235
SSP5-8.5,43,MiichthysMiiuy,Miichthys miiuy,Predator,5,3.01432254938272
SSP5-8.5,44,MiichthysMiiuy,Miichthys miiuy,Predator,5,3.00726460987654
SSP5-8.5,45,MiichthysMiiuy,Miichthys miiuy,Predator,5,3.01807170493827
SSP5-8.5,46,MiichthysMiiuy,Miichthys miiuy,Predator,5,3.00976160493827
SSP5-8.5,47,MiichthysMiiuy,Miichthys miiuy,Predator,5,3.01931559753086
SSP5-8.5,48,MiichthysMiiuy,Miichthys miiuy,Predator,5,3.00477528518519
SSP5-8.5,49,MiichthysMiiuy,Miichthys miiuy,Predator,5,3.01403409012346
SSP5-8.5,50,MiichthysMiiuy,Miichthys miiuy,Predator,5,3.01195301728395
SSP5-8.5,51,MiichthysMiiuy,Miichthys miiuy,Predator,5,3.01531924567901
SSP5-8.5,52,MiichthysMiiuy,Miichthys miiuy,Predator,5,3.00088117160494
SSP5-8.5,53,MiichthysMiiuy,Miichthys miiuy,Predator,5,3.01338184074074
SSP5-8.5,54,MiichthysMiiuy,Miichthys miiuy,Predator,5,3.00913049135803
SSP5-8.5,55,MiichthysMiiuy,Miichthys miiuy,Predator,5,3.00664579753086
SSP5-8.5,56,MiichthysMiiuy,Miichthys miiuy,Predator,5,3.01214322345679
SSP5-8.5,57,MiichthysMiiuy,Miichthys miiuy,Predator,5,3.00768485185185
SSP5-8.5,58,MiichthysMiiuy,Miichthys miiuy,Predator,5,3.00933710493827
SSP5-8.5,59,MiichthysMiiuy,Miichthys miiuy,Predator,5,3.01827573209877
SSP5-8.5,60,MiichthysMiiuy,Miichthys miiuy,Predator,5,3.01318281975309
SSP5-8.5,61,MiichthysMiiuy,Miichthys miiuy,Predator,5,3.01682604691358
SSP5-8.5,62,MiichthysMiiuy,Miichthys miiuy,Predator,5,3.00577037901235
SSP5-8.5,63,MiichthysMiiuy,Miichthys miiuy,Predator,5,3.00875389382716
SSP5-8.5,64,MiichthysMiiuy,Miichthys miiuy,Predator,5,3.01924026666667
SSP5-8.5,65,MiichthysMiiuy,Miichthys miiuy,Predator,5,3.01212710246914
SSP5-8.5,66,MiichthysMiiuy,Miichthys miiuy,Predator,5,3.0128083654321
SSP5-8.5,67,MiichthysMiiuy,Miichthys miiuy,Predator,5,3.00924932345679
SSP5-8.5,68,MiichthysMiiuy,Miichthys miiuy,Predator,5,3.01180452716049
SSP5-8.5,69,MiichthysMiiuy,Miichthys miiuy,Predator,5,3.01830143703704
SSP5-8.5,70,MiichthysMiiuy,Miichthys miiuy,Predator,5,3.01404478765432
SSP5-8.5,71,MiichthysMiiuy,Miichthys miiuy,Predator,5,3.01095814814815
SSP5-8.5,72,MiichthysMiiuy,Miichthys miiuy,Predator,5,3.01284459012346
SSP5-8.5,73,MiichthysMiiuy,Miichthys miiuy,Predator,5,3.0149829037037
SSP5-8.5,74,MiichthysMiiuy,Miichthys miiuy,Predator,5,3.01413927901235
SSP5-8.5,75,MiichthysMiiuy,Miichthys miiuy,Predator,5,3.00457347530864
SSP5-8.5,76,MiichthysMiiuy,Miichthys miiuy,Predator,5,3.00419917654321
SSP5-8.5,77,MiichthysMiiuy,Miichthys miiuy,Predator,5,3.0092692037037
SSP5-8.5,78,MiichthysMiiuy,Miichthys miiuy,Predator,5,3.00825849506173
SSP5-8.5,79,MiichthysMiiuy,Miichthys miiuy,Predator,5,3.01161742839506
SSP5-8.5,80,MiichthysMiiuy,Miichthys miiuy,Predator,5,3.00772398888889
SSP5-8.5,81,MiichthysMiiuy,Miichthys miiuy,Predator,5,3.01784414444444
SSP5-8.5,82,MiichthysMiiuy,Miichthys miiuy,Predator,5,3.01131678271605
SSP5-8.5,83,MiichthysMiiuy,Miichthys miiuy,Predator,5,3.01076117037037
SSP5-8.5,84,MiichthysMiiuy,Miichthys miiuy,Predator,5,3.00315571604938
SSP5-8.5,85,MiichthysMiiuy,Miichthys miiuy,Predator,5,3.01047887160494
SSP5-8.5,86,MiichthysMiiuy,Miichthys miiuy,Predator,5,3.0139192
SSP5-8.5,87,MiichthysMiiuy,Miichthys miiuy,Predator,5,3.01219021481481
SSP5-8.5,88,MiichthysMiiuy,Miichthys miiuy,Predator,5,3.00849316296296
SSP5-8.5,89,MiichthysMiiuy,Miichthys miiuy,Predator,5,3.00791180123457
SSP5-8.5,90,MiichthysMiiuy,Miichthys miiuy,Predator,5,3.0050731962963
SSP5-8.5,91,MiichthysMiiuy,Miichthys miiuy,Predator,5,3.01156687654321
SSP5-8.5,92,MiichthysMiiuy,Miichthys miiuy,Predator,5,3.01003094938272
SSP5-8.5,93,MiichthysMiiuy,Miichthys miiuy,Predator,5,3.00315462222222
SSP5-8.5,94,MiichthysMiiuy,Miichthys miiuy,Predator,5,3.01840751111111
SSP5-8.5,95,MiichthysMiiuy,Miichthys miiuy,Predator,5,3.01817733333333
SSP5-8.5,96,MiichthysMiiuy,Miichthys miiuy,Predator,5,3.01599152839506
SSP5-8.5,97,MiichthysMiiuy,Miichthys miiuy,Predator,5,3.0048752345679
SSP5-8.5,98,MiichthysMiiuy,Miichthys miiuy,Predator,5,3.00879995432099
SSP5-8.5,99,MiichthysMiiuy,Miichthys miiuy,Predator,5,3.01410783580247
SSP5-8.5,100,MiichthysMiiuy,Miichthys miiuy,Predator,5,3.00633924567901
SSP5-8.5,1,TodarodesPacificus,Todarodes pacificus,Invertebrate,6,2.42737982469136
SSP5-8.5,2,TodarodesPacificus,Todarodes pacificus,Invertebrate,6,2.43192894691358
SSP5-8.5,3,TodarodesPacificus,Todarodes pacificus,Invertebrate,6,2.42626915802469
SSP5-8.5,4,TodarodesPacificus,Todarodes pacificus,Invertebrate,6,2.42363712469136
SSP5-8.5,5,TodarodesPacificus,Todarodes pacificus,Invertebrate,6,2.42511719382716
SSP5-8.5,6,TodarodesPacificus,Todarodes pacificus,Invertebrate,6,2.42646110493827
SSP5-8.5,7,TodarodesPacificus,Todarodes pacificus,Invertebrate,6,2.42474255308642
SSP5-8.5,8,TodarodesPacificus,Todarodes pacificus,Invertebrate,6,2.42696597901235
SSP5-8.5,9,TodarodesPacificus,Todarodes pacificus,Invertebrate,6,2.42259541975309
SSP5-8.5,10,TodarodesPacificus,Todarodes pacificus,Invertebrate,6,2.42661283950617
SSP5-8.5,11,TodarodesPacificus,Todarodes pacificus,Invertebrate,6,2.42776155802469
SSP5-8.5,12,TodarodesPacificus,Todarodes pacificus,Invertebrate,6,2.42199802469136
SSP5-8.5,13,TodarodesPacificus,Todarodes pacificus,Invertebrate,6,2.4270752345679
SSP5-8.5,14,TodarodesPacificus,Todarodes pacificus,Invertebrate,6,2.42581248024691
SSP5-8.5,15,TodarodesPacificus,Todarodes pacificus,Invertebrate,6,2.42218027654321
SSP5-8.5,16,TodarodesPacificus,Todarodes pacificus,Invertebrate,6,2.42410674444444
SSP5-8.5,17,TodarodesPacificus,Todarodes pacificus,Invertebrate,6,2.42709956049383
SSP5-8.5,18,TodarodesPacificus,Todarodes pacificus,Invertebrate,6,2.43086370246914
SSP5-8.5,19,TodarodesPacificus,Todarodes pacificus,Invertebrate,6,2.42757182098765
SSP5-8.5,20,TodarodesPacificus,Todarodes pacificus,Invertebrate,6,2.42430851481481
SSP5-8.5,21,TodarodesPacificus,Todarodes pacificus,Invertebrate,6,2.42792925308642
SSP5-8.5,22,TodarodesPacificus,Todarodes pacificus,Invertebrate,6,2.42322273827161
SSP5-8.5,23,TodarodesPacificus,Todarodes pacificus,Invertebrate,6,2.42464748518519
SSP5-8.5,24,TodarodesPacificus,Todarodes pacificus,Invertebrate,6,2.42608805555556
SSP5-8.5,25,TodarodesPacificus,Todarodes pacificus,Invertebrate,6,2.42136165432099
SSP5-8.5,26,TodarodesPacificus,Todarodes pacificus,Invertebrate,6,2.43005697407407
SSP5-8.5,27,TodarodesPacificus,Todarodes pacificus,Invertebrate,6,2.42660017037037
SSP5-8.5,28,TodarodesPacificus,Todarodes pacificus,Invertebrate,6,2.4245560617284
SSP5-8.5,29,TodarodesPacificus,Todarodes pacificus,Invertebrate,6,2.42599825061728
SSP5-8.5,30,TodarodesPacificus,Todarodes pacificus,Invertebrate,6,2.42436773580247
SSP5-8.5,31,TodarodesPacificus,Todarodes pacificus,Invertebrate,6,2.42453861358025
SSP5-8.5,32,TodarodesPacificus,Todarodes pacificus,Invertebrate,6,2.42600643950617
SSP5-8.5,33,TodarodesPacificus,Todarodes pacificus,Invertebrate,6,2.42599553333333
SSP5-8.5,34,TodarodesPacificus,Todarodes pacificus,Invertebrate,6,2.42373533580247
SSP5-8.5,35,TodarodesPacificus,Todarodes pacificus,Invertebrate,6,2.42159874814815
SSP5-8.5,36,TodarodesPacificus,Todarodes pacificus,Invertebrate,6,2.42907291234568
SSP5-8.5,37,TodarodesPacificus,Todarodes pacificus,Invertebrate,6,2.42438257160494
SSP5-8.5,38,TodarodesPacificus,Todarodes pacificus,Invertebrate,6,2.41665686666667
SSP5-8.5,39,TodarodesPacificus,Todarodes pacificus,Invertebrate,6,2.42789090617284
SSP5-8.5,40,TodarodesPacificus,Todarodes pacificus,Invertebrate,6,2.42411437160494
SSP5-8.5,41,TodarodesPacificus,Todarodes pacificus,Invertebrate,6,2.42654588641975
SSP5-8.5,42,TodarodesPacificus,Todarodes pacificus,Invertebrate,6,2.42369520123457
SSP5-8.5,43,TodarodesPacificus,Todarodes pacificus,Invertebrate,6,2.42520595308642
SSP5-8.5,44,TodarodesPacificus,Todarodes pacificus,Invertebrate,6,2.42659213950617
SSP5-8.5,45,TodarodesPacificus,Todarodes pacificus,Invertebrate,6,2.43058560864198
SSP5-8.5,46,TodarodesPacificus,Todarodes pacificus,Invertebrate,6,2.42243764814815
SSP5-8.5,47,TodarodesPacificus,Todarodes pacificus,Invertebrate,6,2.42064182469136
SSP5-8.5,48,TodarodesPacificus,Todarodes pacificus,Invertebrate,6,2.42318112345679
SSP5-8.5,49,TodarodesPacificus,Todarodes pacificus,Invertebrate,6,2.42598994197531
SSP5-8.5,50,TodarodesPacificus,Todarodes pacificus,Invertebrate,6,2.42288274938272
SSP5-8.5,51,TodarodesPacificus,Todarodes pacificus,Invertebrate,6,2.42792768641975
SSP5-8.5,52,TodarodesPacificus,Todarodes pacificus,Invertebrate,6,2.42596244444444
SSP5-8.5,53,TodarodesPacificus,Todarodes pacificus,Invertebrate,6,2.42645914814815
SSP5-8.5,54,TodarodesPacificus,Todarodes pacificus,Invertebrate,6,2.42854110987654
SSP5-8.5,55,TodarodesPacificus,Todarodes pacificus,Invertebrate,6,2.42005313333333
SSP5-8.5,56,TodarodesPacificus,Todarodes pacificus,Invertebrate,6,2.42466062345679
SSP5-8.5,57,TodarodesPacificus,Todarodes pacificus,Invertebrate,6,2.4223481617284
SSP5-8.5,58,TodarodesPacificus,Todarodes pacificus,Invertebrate,6,2.42966709876543
SSP5-8.5,59,TodarodesPacificus,Todarodes pacificus,Invertebrate,6,2.42697284691358
SSP5-8.5,60,TodarodesPacificus,Todarodes pacificus,Invertebrate,6,2.42923390246914
SSP5-8.5,61,TodarodesPacificus,Todarodes pacificus,Invertebrate,6,2.42640449012346
SSP5-8.5,62,TodarodesPacificus,Todarodes pacificus,Invertebrate,6,2.42545634320988
SSP5-8.5,63,TodarodesPacificus,Todarodes pacificus,Invertebrate,6,2.42513061358025
SSP5-8.5,64,TodarodesPacificus,Todarodes pacificus,Invertebrate,6,2.42110390246914
SSP5-8.5,65,TodarodesPacificus,Todarodes pacificus,Invertebrate,6,2.42278361851852
SSP5-8.5,66,TodarodesPacificus,Todarodes pacificus,Invertebrate,6,2.42093559876543
SSP5-8.5,67,TodarodesPacificus,Todarodes pacificus,Invertebrate,6,2.42056094074074
SSP5-8.5,68,TodarodesPacificus,Todarodes pacificus,Invertebrate,6,2.4289885654321
SSP5-8.5,69,TodarodesPacificus,Todarodes pacificus,Invertebrate,6,2.42703374814815
SSP5-8.5,70,TodarodesPacificus,Todarodes pacificus,Invertebrate,6,2.42626623333333
SSP5-8.5,71,TodarodesPacificus,Todarodes pacificus,Invertebrate,6,2.42992800740741
SSP5-8.5,72,TodarodesPacificus,Todarodes pacificus,Invertebrate,6,2.42231867777778
SSP5-8.5,73,TodarodesPacificus,Todarodes pacificus,Invertebrate,6,2.42950491358025
SSP5-8.5,74,TodarodesPacificus,Todarodes pacificus,Invertebrate,6,2.42487763580247
SSP5-8.5,75,TodarodesPacificus,Todarodes pacificus,Invertebrate,6,2.42346877407407
SSP5-8.5,76,TodarodesPacificus,Todarodes pacificus,Invertebrate,6,2.42193458024691
SSP5-8.5,77,TodarodesPacificus,Todarodes pacificus,Invertebrate,6,2.42682337901235
SSP5-8.5,78,TodarodesPacificus,Todarodes pacificus,Invertebrate,6,2.42427671111111
SSP5-8.5,79,TodarodesPacificus,Todarodes pacificus,Invertebrate,6,2.43409808518519
SSP5-8.5,80,TodarodesPacificus,Todarodes pacificus,Invertebrate,6,2.41973900246914
SSP5-8.5,81,TodarodesPacificus,Todarodes pacificus,Invertebrate,6,2.42661760987654
SSP5-8.5,82,TodarodesPacificus,Todarodes pacificus,Invertebrate,6,2.42590587283951
SSP5-8.5,83,TodarodesPacificus,Todarodes pacificus,Invertebrate,6,2.42658967901235
SSP5-8.5,84,TodarodesPacificus,Todarodes pacificus,Invertebrate,6,2.42562208395062
SSP5-8.5,85,TodarodesPacificus,Todarodes pacificus,Invertebrate,6,2.42806810740741
SSP5-8.5,86,TodarodesPacificus,Todarodes pacificus,Invertebrate,6,2.42545126419753
SSP5-8.5,87,TodarodesPacificus,Todarodes pacificus,Invertebrate,6,2.42723614938272
SSP5-8.5,88,TodarodesPacificus,Todarodes pacificus,Invertebrate,6,2.42826637777778
SSP5-8.5,89,TodarodesPacificus,Todarodes pacificus,Invertebrate,6,2.42121612839506
SSP5-8.5,90,TodarodesPacificus,Todarodes pacificus,Invertebrate,6,2.42166376049383
SSP5-8.5,91,TodarodesPacificus,Todarodes pacificus,Invertebrate,6,2.42324105679012
SSP5-8.5,92,TodarodesPacificus,Todarodes pacificus,Invertebrate,6,2.42532094320988
SSP5-8.5,93,TodarodesPacificus,Todarodes pacificus,Invertebrate,6,2.4267693691358
SSP5-8.5,94,TodarodesPacificus,Todarodes pacificus,Invertebrate,6,2.42906157901235
SSP5-8.5,95,TodarodesPacificus,Todarodes pacificus,Invertebrate,6,2.42387512098765
SSP5-8.5,96,TodarodesPacificus,Todarodes pacificus,Invertebrate,6,2.42305461111111
SSP5-8.5,97,TodarodesPacificus,Todarodes pacificus,Invertebrate,6,2.42637082716049
SSP5-8.5,98,TodarodesPacificus,Todarodes pacificus,Invertebrate,6,2.42142891234568
SSP5-8.5,99,TodarodesPacificus,Todarodes pacificus,Invertebrate,6,2.42406458641975
SSP5-8.5,100,TodarodesPacificus,Todarodes pacificus,Invertebrate,6,2.42022880987654
SSP5-8.5,1,TrachysalambriaCurvirostris,Trachysalambria curvirostris,Invertebrate,7,2.26725824814815
SSP5-8.5,2,TrachysalambriaCurvirostris,Trachysalambria curvirostris,Invertebrate,7,2.28003892716049
SSP5-8.5,3,TrachysalambriaCurvirostris,Trachysalambria curvirostris,Invertebrate,7,2.28040717407407
SSP5-8.5,4,TrachysalambriaCurvirostris,Trachysalambria curvirostris,Invertebrate,7,2.27149698024691
SSP5-8.5,5,TrachysalambriaCurvirostris,Trachysalambria curvirostris,Invertebrate,7,2.27277109259259
SSP5-8.5,6,TrachysalambriaCurvirostris,Trachysalambria curvirostris,Invertebrate,7,2.27867411481481
SSP5-8.5,7,TrachysalambriaCurvirostris,Trachysalambria curvirostris,Invertebrate,7,2.2799459691358
SSP5-8.5,8,TrachysalambriaCurvirostris,Trachysalambria curvirostris,Invertebrate,7,2.27471533333333
SSP5-8.5,9,TrachysalambriaCurvirostris,Trachysalambria curvirostris,Invertebrate,7,2.2709093345679
SSP5-8.5,10,TrachysalambriaCurvirostris,Trachysalambria curvirostris,Invertebrate,7,2.28137669382716
SSP5-8.5,11,TrachysalambriaCurvirostris,Trachysalambria curvirostris,Invertebrate,7,2.27981448518519
SSP5-8.5,12,TrachysalambriaCurvirostris,Trachysalambria curvirostris,Invertebrate,7,2.28048001111111
SSP5-8.5,13,TrachysalambriaCurvirostris,Trachysalambria curvirostris,Invertebrate,7,2.26922861234568
SSP5-8.5,14,TrachysalambriaCurvirostris,Trachysalambria curvirostris,Invertebrate,7,2.27893959382716
SSP5-8.5,15,TrachysalambriaCurvirostris,Trachysalambria curvirostris,Invertebrate,7,2.27739597654321
SSP5-8.5,16,TrachysalambriaCurvirostris,Trachysalambria curvirostris,Invertebrate,7,2.27283235432099
SSP5-8.5,17,TrachysalambriaCurvirostris,Trachysalambria curvirostris,Invertebrate,7,2.27656325555556
SSP5-8.5,18,TrachysalambriaCurvirostris,Trachysalambria curvirostris,Invertebrate,7,2.27740292592593
SSP5-8.5,19,TrachysalambriaCurvirostris,Trachysalambria curvirostris,Invertebrate,7,2.27128288518519
SSP5-8.5,20,TrachysalambriaCurvirostris,Trachysalambria curvirostris,Invertebrate,7,2.27515020123457
SSP5-8.5,21,TrachysalambriaCurvirostris,Trachysalambria curvirostris,Invertebrate,7,2.27717158518519
SSP5-8.5,22,TrachysalambriaCurvirostris,Trachysalambria curvirostris,Invertebrate,7,2.27907534444444
SSP5-8.5,23,TrachysalambriaCurvirostris,Trachysalambria curvirostris,Invertebrate,7,2.26707966666667
SSP5-8.5,24,TrachysalambriaCurvirostris,Trachysalambria curvirostris,Invertebrate,7,2.2739420308642
SSP5-8.5,25,TrachysalambriaCurvirostris,Trachysalambria curvirostris,Invertebrate,7,2.27080354691358
SSP5-8.5,26,TrachysalambriaCurvirostris,Trachysalambria curvirostris,Invertebrate,7,2.2754762654321
SSP5-8.5,27,TrachysalambriaCurvirostris,Trachysalambria curvirostris,Invertebrate,7,2.27170567407407
SSP5-8.5,28,TrachysalambriaCurvirostris,Trachysalambria curvirostris,Invertebrate,7,2.28006337407407
SSP5-8.5,29,TrachysalambriaCurvirostris,Trachysalambria curvirostris,Invertebrate,7,2.28138965555556
SSP5-8.5,30,TrachysalambriaCurvirostris,Trachysalambria curvirostris,Invertebrate,7,2.27600785802469
SSP5-8.5,31,TrachysalambriaCurvirostris,Trachysalambria curvirostris,Invertebrate,7,2.27397070987654
SSP5-8.5,32,TrachysalambriaCurvirostris,Trachysalambria curvirostris,Invertebrate,7,2.27208578024691
SSP5-8.5,33,TrachysalambriaCurvirostris,Trachysalambria curvirostris,Invertebrate,7,2.27361208518519
SSP5-8.5,34,TrachysalambriaCurvirostris,Trachysalambria curvirostris,Invertebrate,7,2.27432777777778
SSP5-8.5,35,TrachysalambriaCurvirostris,Trachysalambria curvirostris,Invertebrate,7,2.28348922839506
SSP5-8.5,36,TrachysalambriaCurvirostris,Trachysalambria curvirostris,Invertebrate,7,2.28129712839506
SSP5-8.5,37,TrachysalambriaCurvirostris,Trachysalambria curvirostris,Invertebrate,7,2.27435232345679
SSP5-8.5,38,TrachysalambriaCurvirostris,Trachysalambria curvirostris,Invertebrate,7,2.27179806790123
SSP5-8.5,39,TrachysalambriaCurvirostris,Trachysalambria curvirostris,Invertebrate,7,2.26951932345679
SSP5-8.5,40,TrachysalambriaCurvirostris,Trachysalambria curvirostris,Invertebrate,7,2.28325916790123
SSP5-8.5,41,TrachysalambriaCurvirostris,Trachysalambria curvirostris,Invertebrate,7,2.27416774938272
SSP5-8.5,42,TrachysalambriaCurvirostris,Trachysalambria curvirostris,Invertebrate,7,2.27560707037037
SSP5-8.5,43,TrachysalambriaCurvirostris,Trachysalambria curvirostris,Invertebrate,7,2.27253819876543
SSP5-8.5,44,TrachysalambriaCurvirostris,Trachysalambria curvirostris,Invertebrate,7,2.27549732098765
SSP5-8.5,45,TrachysalambriaCurvirostris,Trachysalambria curvirostris,Invertebrate,7,2.27927002592593
SSP5-8.5,46,TrachysalambriaCurvirostris,Trachysalambria curvirostris,Invertebrate,7,2.27255471728395
SSP5-8.5,47,TrachysalambriaCurvirostris,Trachysalambria curvirostris,Invertebrate,7,2.27107371358025
SSP5-8.5,48,TrachysalambriaCurvirostris,Trachysalambria curvirostris,Invertebrate,7,2.27240897654321
SSP5-8.5,49,TrachysalambriaCurvirostris,Trachysalambria curvirostris,Invertebrate,7,2.26944626419753
SSP5-8.5,50,TrachysalambriaCurvirostris,Trachysalambria curvirostris,Invertebrate,7,2.28581444567901
SSP5-8.5,51,TrachysalambriaCurvirostris,Trachysalambria curvirostris,Invertebrate,7,2.27111150123457
SSP5-8.5,52,TrachysalambriaCurvirostris,Trachysalambria curvirostris,Invertebrate,7,2.26981411111111
SSP5-8.5,53,TrachysalambriaCurvirostris,Trachysalambria curvirostris,Invertebrate,7,2.27115122962963
SSP5-8.5,54,TrachysalambriaCurvirostris,Trachysalambria curvirostris,Invertebrate,7,2.27275183703704
SSP5-8.5,55,TrachysalambriaCurvirostris,Trachysalambria curvirostris,Invertebrate,7,2.27282029135802
SSP5-8.5,56,TrachysalambriaCurvirostris,Trachysalambria curvirostris,Invertebrate,7,2.2754566617284
SSP5-8.5,57,TrachysalambriaCurvirostris,Trachysalambria curvirostris,Invertebrate,7,2.26892613580247
SSP5-8.5,58,TrachysalambriaCurvirostris,Trachysalambria curvirostris,Invertebrate,7,2.26945848888889
SSP5-8.5,59,TrachysalambriaCurvirostris,Trachysalambria curvirostris,Invertebrate,7,2.27614621604938
SSP5-8.5,60,TrachysalambriaCurvirostris,Trachysalambria curvirostris,Invertebrate,7,2.27587739259259
SSP5-8.5,61,TrachysalambriaCurvirostris,Trachysalambria curvirostris,Invertebrate,7,2.27178168395062
SSP5-8.5,62,TrachysalambriaCurvirostris,Trachysalambria curvirostris,Invertebrate,7,2.28030599382716
SSP5-8.5,63,TrachysalambriaCurvirostris,Trachysalambria curvirostris,Invertebrate,7,2.27982360123457
SSP5-8.5,64,TrachysalambriaCurvirostris,Trachysalambria curvirostris,Invertebrate,7,2.28094613827161
SSP5-8.5,65,TrachysalambriaCurvirostris,Trachysalambria curvirostris,Invertebrate,7,2.27636273703704
SSP5-8.5,66,TrachysalambriaCurvirostris,Trachysalambria curvirostris,Invertebrate,7,2.28584914320988
SSP5-8.5,67,TrachysalambriaCurvirostris,Trachysalambria curvirostris,Invertebrate,7,2.27765466049383
SSP5-8.5,68,TrachysalambriaCurvirostris,Trachysalambria curvirostris,Invertebrate,7,2.27333322592593
SSP5-8.5,69,TrachysalambriaCurvirostris,Trachysalambria curvirostris,Invertebrate,7,2.27670261851852
SSP5-8.5,70,TrachysalambriaCurvirostris,Trachysalambria curvirostris,Invertebrate,7,2.27161154567901
SSP5-8.5,71,TrachysalambriaCurvirostris,Trachysalambria curvirostris,Invertebrate,7,2.27020271111111
SSP5-8.5,72,TrachysalambriaCurvirostris,Trachysalambria curvirostris,Invertebrate,7,2.26776736296296
SSP5-8.5,73,TrachysalambriaCurvirostris,Trachysalambria curvirostris,Invertebrate,7,2.27847468888889
SSP5-8.5,74,TrachysalambriaCurvirostris,Trachysalambria curvirostris,Invertebrate,7,2.27180188024691
SSP5-8.5,75,TrachysalambriaCurvirostris,Trachysalambria curvirostris,Invertebrate,7,2.27416524444444
SSP5-8.5,76,TrachysalambriaCurvirostris,Trachysalambria curvirostris,Invertebrate,7,2.27876005061728
SSP5-8.5,77,TrachysalambriaCurvirostris,Trachysalambria curvirostris,Invertebrate,7,2.27859480864198
SSP5-8.5,78,TrachysalambriaCurvirostris,Trachysalambria curvirostris,Invertebrate,7,2.26988338518519
SSP5-8.5,79,TrachysalambriaCurvirostris,Trachysalambria curvirostris,Invertebrate,7,2.27925361604938
SSP5-8.5,80,TrachysalambriaCurvirostris,Trachysalambria curvirostris,Invertebrate,7,2.27683139382716
SSP5-8.5,81,TrachysalambriaCurvirostris,Trachysalambria curvirostris,Invertebrate,7,2.27197494814815
SSP5-8.5,82,TrachysalambriaCurvirostris,Trachysalambria curvirostris,Invertebrate,7,2.27981248641975
SSP5-8.5,83,TrachysalambriaCurvirostris,Trachysalambria curvirostris,Invertebrate,7,2.27906152469136
SSP5-8.5,84,TrachysalambriaCurvirostris,Trachysalambria curvirostris,Invertebrate,7,2.27272653827161
SSP5-8.5,85,TrachysalambriaCurvirostris,Trachysalambria curvirostris,Invertebrate,7,2.27210611358025
SSP5-8.5,86,TrachysalambriaCurvirostris,Trachysalambria curvirostris,Invertebrate,7,2.27498166049383
SSP5-8.5,87,TrachysalambriaCurvirostris,Trachysalambria curvirostris,Invertebrate,7,2.27947190740741
SSP5-8.5,88,TrachysalambriaCurvirostris,Trachysalambria curvirostris,Invertebrate,7,2.27337055555556
SSP5-8.5,89,TrachysalambriaCurvirostris,Trachysalambria curvirostris,Invertebrate,7,2.27656430864198
SSP5-8.5,90,TrachysalambriaCurvirostris,Trachysalambria curvirostris,Invertebrate,7,2.26736345679012
SSP5-8.5,91,TrachysalambriaCurvirostris,Trachysalambria curvirostris,Invertebrate,7,2.28183675308642
SSP5-8.5,92,TrachysalambriaCurvirostris,Trachysalambria curvirostris,Invertebrate,7,2.27892074814815
SSP5-8.5,93,TrachysalambriaCurvirostris,Trachysalambria curvirostris,Invertebrate,7,2.27326803209877
SSP5-8.5,94,TrachysalambriaCurvirostris,Trachysalambria curvirostris,Invertebrate,7,2.27772909259259
SSP5-8.5,95,TrachysalambriaCurvirostris,Trachysalambria curvirostris,Invertebrate,7,2.26944254814815
SSP5-8.5,96,TrachysalambriaCurvirostris,Trachysalambria curvirostris,Invertebrate,7,2.27559222469136
SSP5-8.5,97,TrachysalambriaCurvirostris,Trachysalambria curvirostris,Invertebrate,7,2.28257082222222
SSP5-8.5,98,TrachysalambriaCurvirostris,Trachysalambria curvirostris,Invertebrate,7,2.27352218765432
SSP5-8.5,99,TrachysalambriaCurvirostris,Trachysalambria curvirostris,Invertebrate,7,2.27327404197531
SSP5-8.5,100,TrachysalambriaCurvirostris,Trachysalambria curvirostris,Invertebrate,7,2.28390367654321
SSP5-8.5,1,PortunusTrituberculatus,Portunus trituberculatus,Invertebrate,8,2.15479067901235
SSP5-8.5,2,PortunusTrituberculatus,Portunus trituberculatus,Invertebrate,8,2.15445168024691
SSP5-8.5,3,PortunusTrituberculatus,Portunus trituberculatus,Invertebrate,8,2.15192228271605
SSP5-8.5,4,PortunusTrituberculatus,Portunus trituberculatus,Invertebrate,8,2.15448090740741
SSP5-8.5,5,PortunusTrituberculatus,Portunus trituberculatus,Invertebrate,8,2.15229309259259
SSP5-8.5,6,PortunusTrituberculatus,Portunus trituberculatus,Invertebrate,8,2.15433312592593
SSP5-8.5,7,PortunusTrituberculatus,Portunus trituberculatus,Invertebrate,8,2.1528351654321
SSP5-8.5,8,PortunusTrituberculatus,Portunus trituberculatus,Invertebrate,8,2.15438142098765
SSP5-8.5,9,PortunusTrituberculatus,Portunus trituberculatus,Invertebrate,8,2.15369802345679
SSP5-8.5,10,PortunusTrituberculatus,Portunus trituberculatus,Invertebrate,8,2.15100627037037
SSP5-8.5,11,PortunusTrituberculatus,Portunus trituberculatus,Invertebrate,8,2.1518919037037
SSP5-8.5,12,PortunusTrituberculatus,Portunus trituberculatus,Invertebrate,8,2.15409487407407
SSP5-8.5,13,PortunusTrituberculatus,Portunus trituberculatus,Invertebrate,8,2.15395033209877
SSP5-8.5,14,PortunusTrituberculatus,Portunus trituberculatus,Invertebrate,8,2.15340930987654
SSP5-8.5,15,PortunusTrituberculatus,Portunus trituberculatus,Invertebrate,8,2.15670014691358
SSP5-8.5,16,PortunusTrituberculatus,Portunus trituberculatus,Invertebrate,8,2.15580129506173
SSP5-8.5,17,PortunusTrituberculatus,Portunus trituberculatus,Invertebrate,8,2.14811244444444
SSP5-8.5,18,PortunusTrituberculatus,Portunus trituberculatus,Invertebrate,8,2.14897340987654
SSP5-8.5,19,PortunusTrituberculatus,Portunus trituberculatus,Invertebrate,8,2.15184895802469
SSP5-8.5,20,PortunusTrituberculatus,Portunus trituberculatus,Invertebrate,8,2.15489576790123
SSP5-8.5,21,PortunusTrituberculatus,Portunus trituberculatus,Invertebrate,8,2.15223680617284
SSP5-8.5,22,PortunusTrituberculatus,Portunus trituberculatus,Invertebrate,8,2.15396247037037
SSP5-8.5,23,PortunusTrituberculatus,Portunus trituberculatus,Invertebrate,8,2.14736495555556
SSP5-8.5,24,PortunusTrituberculatus,Portunus trituberculatus,Invertebrate,8,2.15357721728395
SSP5-8.5,25,PortunusTrituberculatus,Portunus trituberculatus,Invertebrate,8,2.15643638888889
SSP5-8.5,26,PortunusTrituberculatus,Portunus trituberculatus,Invertebrate,8,2.15728238888889
SSP5-8.5,27,PortunusTrituberculatus,Portunus trituberculatus,Invertebrate,8,2.15426412716049
SSP5-8.5,28,PortunusTrituberculatus,Portunus trituberculatus,Invertebrate,8,2.1521817654321
SSP5-8.5,29,PortunusTrituberculatus,Portunus trituberculatus,Invertebrate,8,2.15338441604938
SSP5-8.5,30,PortunusTrituberculatus,Portunus trituberculatus,Invertebrate,8,2.15350478888889
SSP5-8.5,31,PortunusTrituberculatus,Portunus trituberculatus,Invertebrate,8,2.15413331111111
SSP5-8.5,32,PortunusTrituberculatus,Portunus trituberculatus,Invertebrate,8,2.15407272469136
SSP5-8.5,33,PortunusTrituberculatus,Portunus trituberculatus,Invertebrate,8,2.15121615432099
SSP5-8.5,34,PortunusTrituberculatus,Portunus trituberculatus,Invertebrate,8,2.15409352345679
SSP5-8.5,35,PortunusTrituberculatus,Portunus trituberculatus,Invertebrate,8,2.15438639506173
SSP5-8.5,36,PortunusTrituberculatus,Portunus trituberculatus,Invertebrate,8,2.15176724444444
SSP5-8.5,37,PortunusTrituberculatus,Portunus trituberculatus,Invertebrate,8,2.15142066790123
SSP5-8.5,38,PortunusTrituberculatus,Portunus trituberculatus,Invertebrate,8,2.15363585679012
SSP5-8.5,39,PortunusTrituberculatus,Portunus trituberculatus,Invertebrate,8,2.15391950740741
SSP5-8.5,40,PortunusTrituberculatus,Portunus trituberculatus,Invertebrate,8,2.15707917407407
SSP5-8.5,41,PortunusTrituberculatus,Portunus trituberculatus,Invertebrate,8,2.15358841851852
SSP5-8.5,42,PortunusTrituberculatus,Portunus trituberculatus,Invertebrate,8,2.15444238518519
SSP5-8.5,43,PortunusTrituberculatus,Portunus trituberculatus,Invertebrate,8,2.15212357654321
SSP5-8.5,44,PortunusTrituberculatus,Portunus trituberculatus,Invertebrate,8,2.15576447530864
SSP5-8.5,45,PortunusTrituberculatus,Portunus trituberculatus,Invertebrate,8,2.15155954691358
SSP5-8.5,46,PortunusTrituberculatus,Portunus trituberculatus,Invertebrate,8,2.15372239382716
SSP5-8.5,47,PortunusTrituberculatus,Portunus trituberculatus,Invertebrate,8,2.15217680123457
SSP5-8.5,48,PortunusTrituberculatus,Portunus trituberculatus,Invertebrate,8,2.15387097407407
SSP5-8.5,49,PortunusTrituberculatus,Portunus trituberculatus,Invertebrate,8,2.15565541481481
SSP5-8.5,50,PortunusTrituberculatus,Portunus trituberculatus,Invertebrate,8,2.15385806296296
SSP5-8.5,51,PortunusTrituberculatus,Portunus trituberculatus,Invertebrate,8,2.15113191851852
SSP5-8.5,52,PortunusTrituberculatus,Portunus trituberculatus,Invertebrate,8,2.1521007
SSP5-8.5,53,PortunusTrituberculatus,Portunus trituberculatus,Invertebrate,8,2.15547509135802
SSP5-8.5,54,PortunusTrituberculatus,Portunus trituberculatus,Invertebrate,8,2.15299717407407
SSP5-8.5,55,PortunusTrituberculatus,Portunus trituberculatus,Invertebrate,8,2.15287546049383
SSP5-8.5,56,PortunusTrituberculatus,Portunus trituberculatus,Invertebrate,8,2.15392078024691
SSP5-8.5,57,PortunusTrituberculatus,Portunus trituberculatus,Invertebrate,8,2.15184266296296
SSP5-8.5,58,PortunusTrituberculatus,Portunus trituberculatus,Invertebrate,8,2.15472479135802
SSP5-8.5,59,PortunusTrituberculatus,Portunus trituberculatus,Invertebrate,8,2.15250681728395
SSP5-8.5,60,PortunusTrituberculatus,Portunus trituberculatus,Invertebrate,8,2.15213149012346
SSP5-8.5,61,PortunusTrituberculatus,Portunus trituberculatus,Invertebrate,8,2.1516678308642
SSP5-8.5,62,PortunusTrituberculatus,Portunus trituberculatus,Invertebrate,8,2.14993238024691
SSP5-8.5,63,PortunusTrituberculatus,Portunus trituberculatus,Invertebrate,8,2.15779105925926
SSP5-8.5,64,PortunusTrituberculatus,Portunus trituberculatus,Invertebrate,8,2.15126543209877
SSP5-8.5,65,PortunusTrituberculatus,Portunus trituberculatus,Invertebrate,8,2.15611919135803
SSP5-8.5,66,PortunusTrituberculatus,Portunus trituberculatus,Invertebrate,8,2.1518944037037
SSP5-8.5,67,PortunusTrituberculatus,Portunus trituberculatus,Invertebrate,8,2.15407345555556
SSP5-8.5,68,PortunusTrituberculatus,Portunus trituberculatus,Invertebrate,8,2.15219938148148
SSP5-8.5,69,PortunusTrituberculatus,Portunus trituberculatus,Invertebrate,8,2.15192321851852
SSP5-8.5,70,PortunusTrituberculatus,Portunus trituberculatus,Invertebrate,8,2.15317087037037
SSP5-8.5,71,PortunusTrituberculatus,Portunus trituberculatus,Invertebrate,8,2.15447326419753
SSP5-8.5,72,PortunusTrituberculatus,Portunus trituberculatus,Invertebrate,8,2.15510300864198
SSP5-8.5,73,PortunusTrituberculatus,Portunus trituberculatus,Invertebrate,8,2.15825293950617
SSP5-8.5,74,PortunusTrituberculatus,Portunus trituberculatus,Invertebrate,8,2.14953871728395
SSP5-8.5,75,PortunusTrituberculatus,Portunus trituberculatus,Invertebrate,8,2.15036457901235
SSP5-8.5,76,PortunusTrituberculatus,Portunus trituberculatus,Invertebrate,8,2.1554695037037
SSP5-8.5,77,PortunusTrituberculatus,Portunus trituberculatus,Invertebrate,8,2.1519547345679
SSP5-8.5,78,PortunusTrituberculatus,Portunus trituberculatus,Invertebrate,8,2.15344830987654
SSP5-8.5,79,PortunusTrituberculatus,Portunus trituberculatus,Invertebrate,8,2.15578863950617
SSP5-8.5,80,PortunusTrituberculatus,Portunus trituberculatus,Invertebrate,8,2.1522998308642
SSP5-8.5,81,PortunusTrituberculatus,Portunus trituberculatus,Invertebrate,8,2.15192011728395
SSP5-8.5,82,PortunusTrituberculatus,Portunus trituberculatus,Invertebrate,8,2.15230135679012
SSP5-8.5,83,PortunusTrituberculatus,Portunus trituberculatus,Invertebrate,8,2.15304760617284
SSP5-8.5,84,PortunusTrituberculatus,Portunus trituberculatus,Invertebrate,8,2.15177883580247
SSP5-8.5,85,PortunusTrituberculatus,Portunus trituberculatus,Invertebrate,8,2.15229650246914
SSP5-8.5,86,PortunusTrituberculatus,Portunus trituberculatus,Invertebrate,8,2.15389701234568
SSP5-8.5,87,PortunusTrituberculatus,Portunus trituberculatus,Invertebrate,8,2.15430588765432
SSP5-8.5,88,PortunusTrituberculatus,Portunus trituberculatus,Invertebrate,8,2.15327155925926
SSP5-8.5,89,PortunusTrituberculatus,Portunus trituberculatus,Invertebrate,8,2.15285312345679
SSP5-8.5,90,PortunusTrituberculatus,Portunus trituberculatus,Invertebrate,8,2.15678576049383
SSP5-8.5,91,PortunusTrituberculatus,Portunus trituberculatus,Invertebrate,8,2.14942634197531
SSP5-8.5,92,PortunusTrituberculatus,Portunus trituberculatus,Invertebrate,8,2.15120198271605
SSP5-8.5,93,PortunusTrituberculatus,Portunus trituberculatus,Invertebrate,8,2.15167724320988
SSP5-8.5,94,PortunusTrituberculatus,Portunus trituberculatus,Invertebrate,8,2.15410660246914
SSP5-8.5,95,PortunusTrituberculatus,Portunus trituberculatus,Invertebrate,8,2.15389818765432
SSP5-8.5,96,PortunusTrituberculatus,Portunus trituberculatus,Invertebrate,8,2.1575545962963
SSP5-8.5,97,PortunusTrituberculatus,Portunus trituberculatus,Invertebrate,8,2.15235682222222
SSP5-8.5,98,PortunusTrituberculatus,Portunus trituberculatus,Invertebrate,8,2.15292571481481
SSP5-8.5,99,PortunusTrituberculatus,Portunus trituberculatus,Invertebrate,8,2.15543136666667
SSP5-8.5,100,PortunusTrituberculatus,Portunus trituberculatus,Invertebrate,8,2.15072525185185
SSP5-8.5,1,ScomberJaponicus,Scomber japonicus,Mid-trophic species,9,2.53463558641975
SSP5-8.5,2,ScomberJaponicus,Scomber japonicus,Mid-trophic species,9,2.54115806666667
SSP5-8.5,3,ScomberJaponicus,Scomber japonicus,Mid-trophic species,9,2.54017428765432
SSP5-8.5,4,ScomberJaponicus,Scomber japonicus,Mid-trophic species,9,2.5392820691358
SSP5-8.5,5,ScomberJaponicus,Scomber japonicus,Mid-trophic species,9,2.53987134320988
SSP5-8.5,6,ScomberJaponicus,Scomber japonicus,Mid-trophic species,9,2.53649594197531
SSP5-8.5,7,ScomberJaponicus,Scomber japonicus,Mid-trophic species,9,2.53752885061728
SSP5-8.5,8,ScomberJaponicus,Scomber japonicus,Mid-trophic species,9,2.53801785432099
SSP5-8.5,9,ScomberJaponicus,Scomber japonicus,Mid-trophic species,9,2.53956534938272
SSP5-8.5,10,ScomberJaponicus,Scomber japonicus,Mid-trophic species,9,2.53568058888889
SSP5-8.5,11,ScomberJaponicus,Scomber japonicus,Mid-trophic species,9,2.53705421358025
SSP5-8.5,12,ScomberJaponicus,Scomber japonicus,Mid-trophic species,9,2.53444125802469
SSP5-8.5,13,ScomberJaponicus,Scomber japonicus,Mid-trophic species,9,2.53824949876543
SSP5-8.5,14,ScomberJaponicus,Scomber japonicus,Mid-trophic species,9,2.53896072962963
SSP5-8.5,15,ScomberJaponicus,Scomber japonicus,Mid-trophic species,9,2.53467423950617
SSP5-8.5,16,ScomberJaponicus,Scomber japonicus,Mid-trophic species,9,2.53746641481481
SSP5-8.5,17,ScomberJaponicus,Scomber japonicus,Mid-trophic species,9,2.53819117654321
SSP5-8.5,18,ScomberJaponicus,Scomber japonicus,Mid-trophic species,9,2.53686034320988
SSP5-8.5,19,ScomberJaponicus,Scomber japonicus,Mid-trophic species,9,2.54128117160494
SSP5-8.5,20,ScomberJaponicus,Scomber japonicus,Mid-trophic species,9,2.53628556419753
SSP5-8.5,21,ScomberJaponicus,Scomber japonicus,Mid-trophic species,9,2.53811388765432
SSP5-8.5,22,ScomberJaponicus,Scomber japonicus,Mid-trophic species,9,2.53807708518519
SSP5-8.5,23,ScomberJaponicus,Scomber japonicus,Mid-trophic species,9,2.53564876296296
SSP5-8.5,24,ScomberJaponicus,Scomber japonicus,Mid-trophic species,9,2.53615310493827
SSP5-8.5,25,ScomberJaponicus,Scomber japonicus,Mid-trophic species,9,2.53548834938272
SSP5-8.5,26,ScomberJaponicus,Scomber japonicus,Mid-trophic species,9,2.54000102962963
SSP5-8.5,27,ScomberJaponicus,Scomber japonicus,Mid-trophic species,9,2.53734342098765
SSP5-8.5,28,ScomberJaponicus,Scomber japonicus,Mid-trophic species,9,2.54036137283951
SSP5-8.5,29,ScomberJaponicus,Scomber japonicus,Mid-trophic species,9,2.53575394197531
SSP5-8.5,30,ScomberJaponicus,Scomber japonicus,Mid-trophic species,9,2.53937509382716
SSP5-8.5,31,ScomberJaponicus,Scomber japonicus,Mid-trophic species,9,2.53597741358025
SSP5-8.5,32,ScomberJaponicus,Scomber japonicus,Mid-trophic species,9,2.53874685802469
SSP5-8.5,33,ScomberJaponicus,Scomber japonicus,Mid-trophic species,9,2.53614798395062
SSP5-8.5,34,ScomberJaponicus,Scomber japonicus,Mid-trophic species,9,2.53599876419753
SSP5-8.5,35,ScomberJaponicus,Scomber japonicus,Mid-trophic species,9,2.53557231728395
SSP5-8.5,36,ScomberJaponicus,Scomber japonicus,Mid-trophic species,9,2.53710647654321
SSP5-8.5,37,ScomberJaponicus,Scomber japonicus,Mid-trophic species,9,2.53866125061728
SSP5-8.5,38,ScomberJaponicus,Scomber japonicus,Mid-trophic species,9,2.53869008271605
SSP5-8.5,39,ScomberJaponicus,Scomber japonicus,Mid-trophic species,9,2.54002701111111
SSP5-8.5,40,ScomberJaponicus,Scomber japonicus,Mid-trophic species,9,2.53872689753086
SSP5-8.5,41,ScomberJaponicus,Scomber japonicus,Mid-trophic species,9,2.53937052469136
SSP5-8.5,42,ScomberJaponicus,Scomber japonicus,Mid-trophic species,9,2.53762610493827
SSP5-8.5,43,ScomberJaponicus,Scomber japonicus,Mid-trophic species,9,2.53820139382716
SSP5-8.5,44,ScomberJaponicus,Scomber japonicus,Mid-trophic species,9,2.53769962098765
SSP5-8.5,45,ScomberJaponicus,Scomber japonicus,Mid-trophic species,9,2.53715522716049
SSP5-8.5,46,ScomberJaponicus,Scomber japonicus,Mid-trophic species,9,2.53494211851852
SSP5-8.5,47,ScomberJaponicus,Scomber japonicus,Mid-trophic species,9,2.53760351111111
SSP5-8.5,48,ScomberJaponicus,Scomber japonicus,Mid-trophic species,9,2.54108157160494
SSP5-8.5,49,ScomberJaponicus,Scomber japonicus,Mid-trophic species,9,2.53684838395062
SSP5-8.5,50,ScomberJaponicus,Scomber japonicus,Mid-trophic species,9,2.53611598518519
SSP5-8.5,51,ScomberJaponicus,Scomber japonicus,Mid-trophic species,9,2.53874335679012
SSP5-8.5,52,ScomberJaponicus,Scomber japonicus,Mid-trophic species,9,2.53752619753086
SSP5-8.5,53,ScomberJaponicus,Scomber japonicus,Mid-trophic species,9,2.53925572716049
SSP5-8.5,54,ScomberJaponicus,Scomber japonicus,Mid-trophic species,9,2.53676792592593
SSP5-8.5,55,ScomberJaponicus,Scomber japonicus,Mid-trophic species,9,2.53756641111111
SSP5-8.5,56,ScomberJaponicus,Scomber japonicus,Mid-trophic species,9,2.53717559382716
SSP5-8.5,57,ScomberJaponicus,Scomber japonicus,Mid-trophic species,9,2.53570007283951
SSP5-8.5,58,ScomberJaponicus,Scomber japonicus,Mid-trophic species,9,2.53819080987654
SSP5-8.5,59,ScomberJaponicus,Scomber japonicus,Mid-trophic species,9,2.53541011728395
SSP5-8.5,60,ScomberJaponicus,Scomber japonicus,Mid-trophic species,9,2.53720177530864
SSP5-8.5,61,ScomberJaponicus,Scomber japonicus,Mid-trophic species,9,2.5382206617284
SSP5-8.5,62,ScomberJaponicus,Scomber japonicus,Mid-trophic species,9,2.5365609617284
SSP5-8.5,63,ScomberJaponicus,Scomber japonicus,Mid-trophic species,9,2.5372714654321
SSP5-8.5,64,ScomberJaponicus,Scomber japonicus,Mid-trophic species,9,2.53673977654321
SSP5-8.5,65,ScomberJaponicus,Scomber japonicus,Mid-trophic species,9,2.54117087901235
SSP5-8.5,66,ScomberJaponicus,Scomber japonicus,Mid-trophic species,9,2.53902015185185
SSP5-8.5,67,ScomberJaponicus,Scomber japonicus,Mid-trophic species,9,2.53758879506173
SSP5-8.5,68,ScomberJaponicus,Scomber japonicus,Mid-trophic species,9,2.53870199382716
SSP5-8.5,69,ScomberJaponicus,Scomber japonicus,Mid-trophic species,9,2.53773498765432
SSP5-8.5,70,ScomberJaponicus,Scomber japonicus,Mid-trophic species,9,2.53663708765432
SSP5-8.5,71,ScomberJaponicus,Scomber japonicus,Mid-trophic species,9,2.53886765555556
SSP5-8.5,72,ScomberJaponicus,Scomber japonicus,Mid-trophic species,9,2.5371505962963
SSP5-8.5,73,ScomberJaponicus,Scomber japonicus,Mid-trophic species,9,2.53880854567901
SSP5-8.5,74,ScomberJaponicus,Scomber japonicus,Mid-trophic species,9,2.53826322962963
SSP5-8.5,75,ScomberJaponicus,Scomber japonicus,Mid-trophic species,9,2.53909903333333
SSP5-8.5,76,ScomberJaponicus,Scomber japonicus,Mid-trophic species,9,2.53459543580247
SSP5-8.5,77,ScomberJaponicus,Scomber japonicus,Mid-trophic species,9,2.54057321728395
SSP5-8.5,78,ScomberJaponicus,Scomber japonicus,Mid-trophic species,9,2.5390422037037
SSP5-8.5,79,ScomberJaponicus,Scomber japonicus,Mid-trophic species,9,2.53753782098765
SSP5-8.5,80,ScomberJaponicus,Scomber japonicus,Mid-trophic species,9,2.53708192962963
SSP5-8.5,81,ScomberJaponicus,Scomber japonicus,Mid-trophic species,9,2.53531358395062
SSP5-8.5,82,ScomberJaponicus,Scomber japonicus,Mid-trophic species,9,2.5361307382716
SSP5-8.5,83,ScomberJaponicus,Scomber japonicus,Mid-trophic species,9,2.53443182345679
SSP5-8.5,84,ScomberJaponicus,Scomber japonicus,Mid-trophic species,9,2.53964137901235
SSP5-8.5,85,ScomberJaponicus,Scomber japonicus,Mid-trophic species,9,2.53875661851852
SSP5-8.5,86,ScomberJaponicus,Scomber japonicus,Mid-trophic species,9,2.53870471111111
SSP5-8.5,87,ScomberJaponicus,Scomber japonicus,Mid-trophic species,9,2.53717299382716
SSP5-8.5,88,ScomberJaponicus,Scomber japonicus,Mid-trophic species,9,2.53802258641975
SSP5-8.5,89,ScomberJaponicus,Scomber japonicus,Mid-trophic species,9,2.53719779506173
SSP5-8.5,90,ScomberJaponicus,Scomber japonicus,Mid-trophic species,9,2.53685809382716
SSP5-8.5,91,ScomberJaponicus,Scomber japonicus,Mid-trophic species,9,2.53761388888889
SSP5-8.5,92,ScomberJaponicus,Scomber japonicus,Mid-trophic species,9,2.53592784814815
SSP5-8.5,93,ScomberJaponicus,Scomber japonicus,Mid-trophic species,9,2.53948283333333
SSP5-8.5,94,ScomberJaponicus,Scomber japonicus,Mid-trophic species,9,2.54190289259259
SSP5-8.5,95,ScomberJaponicus,Scomber japonicus,Mid-trophic species,9,2.5408702037037
SSP5-8.5,96,ScomberJaponicus,Scomber japonicus,Mid-trophic species,9,2.53717176049383
SSP5-8.5,97,ScomberJaponicus,Scomber japonicus,Mid-trophic species,9,2.5370628308642
SSP5-8.5,98,ScomberJaponicus,Scomber japonicus,Mid-trophic species,9,2.53759179012346
SSP5-8.5,99,ScomberJaponicus,Scomber japonicus,Mid-trophic species,9,2.53713674814815
SSP5-8.5,100,ScomberJaponicus,Scomber japonicus,Mid-trophic species,9,2.54031087530864
SSP5-8.5,1,DecapterusMaruadsi,Decapterus maruadsi,Mid-trophic species,10,2.72275690740741
SSP5-8.5,2,DecapterusMaruadsi,Decapterus maruadsi,Mid-trophic species,10,2.72581220123457
SSP5-8.5,3,DecapterusMaruadsi,Decapterus maruadsi,Mid-trophic species,10,2.72560706419753
SSP5-8.5,4,DecapterusMaruadsi,Decapterus maruadsi,Mid-trophic species,10,2.72294592222222
SSP5-8.5,5,DecapterusMaruadsi,Decapterus maruadsi,Mid-trophic species,10,2.72725229506173
SSP5-8.5,6,DecapterusMaruadsi,Decapterus maruadsi,Mid-trophic species,10,2.72199871481482
SSP5-8.5,7,DecapterusMaruadsi,Decapterus maruadsi,Mid-trophic species,10,2.72780560987654
SSP5-8.5,8,DecapterusMaruadsi,Decapterus maruadsi,Mid-trophic species,10,2.72293753333333
SSP5-8.5,9,DecapterusMaruadsi,Decapterus maruadsi,Mid-trophic species,10,2.71849678641975
SSP5-8.5,10,DecapterusMaruadsi,Decapterus maruadsi,Mid-trophic species,10,2.72064181234568
SSP5-8.5,11,DecapterusMaruadsi,Decapterus maruadsi,Mid-trophic species,10,2.71590173209877
SSP5-8.5,12,DecapterusMaruadsi,Decapterus maruadsi,Mid-trophic species,10,2.72058694691358
SSP5-8.5,13,DecapterusMaruadsi,Decapterus maruadsi,Mid-trophic species,10,2.72715290246914
SSP5-8.5,14,DecapterusMaruadsi,Decapterus maruadsi,Mid-trophic species,10,2.7226263
SSP5-8.5,15,DecapterusMaruadsi,Decapterus maruadsi,Mid-trophic species,10,2.72297302716049
SSP5-8.5,16,DecapterusMaruadsi,Decapterus maruadsi,Mid-trophic species,10,2.71773327777778
SSP5-8.5,17,DecapterusMaruadsi,Decapterus maruadsi,Mid-trophic species,10,2.7186661037037
SSP5-8.5,18,DecapterusMaruadsi,Decapterus maruadsi,Mid-trophic species,10,2.72170617654321
SSP5-8.5,19,DecapterusMaruadsi,Decapterus maruadsi,Mid-trophic species,10,2.72074045679012
SSP5-8.5,20,DecapterusMaruadsi,Decapterus maruadsi,Mid-trophic species,10,2.7236339962963
SSP5-8.5,21,DecapterusMaruadsi,Decapterus maruadsi,Mid-trophic species,10,2.7206057617284
SSP5-8.5,22,DecapterusMaruadsi,Decapterus maruadsi,Mid-trophic species,10,2.72356099506173
SSP5-8.5,23,DecapterusMaruadsi,Decapterus maruadsi,Mid-trophic species,10,2.72499759876543
SSP5-8.5,24,DecapterusMaruadsi,Decapterus maruadsi,Mid-trophic species,10,2.71796401604938
SSP5-8.5,25,DecapterusMaruadsi,Decapterus maruadsi,Mid-trophic species,10,2.73268174691358
SSP5-8.5,26,DecapterusMaruadsi,Decapterus maruadsi,Mid-trophic species,10,2.73137775432099
SSP5-8.5,27,DecapterusMaruadsi,Decapterus maruadsi,Mid-trophic species,10,2.72461242592593
SSP5-8.5,28,DecapterusMaruadsi,Decapterus maruadsi,Mid-trophic species,10,2.72295415555556
SSP5-8.5,29,DecapterusMaruadsi,Decapterus maruadsi,Mid-trophic species,10,2.72270158641975
SSP5-8.5,30,DecapterusMaruadsi,Decapterus maruadsi,Mid-trophic species,10,2.71767021358025
SSP5-8.5,31,DecapterusMaruadsi,Decapterus maruadsi,Mid-trophic species,10,2.72284471481481
SSP5-8.5,32,DecapterusMaruadsi,Decapterus maruadsi,Mid-trophic species,10,2.71195598024691
SSP5-8.5,33,DecapterusMaruadsi,Decapterus maruadsi,Mid-trophic species,10,2.73128925061728
SSP5-8.5,34,DecapterusMaruadsi,Decapterus maruadsi,Mid-trophic species,10,2.72251718271605
SSP5-8.5,35,DecapterusMaruadsi,Decapterus maruadsi,Mid-trophic species,10,2.7224326691358
SSP5-8.5,36,DecapterusMaruadsi,Decapterus maruadsi,Mid-trophic species,10,2.71951203950617
SSP5-8.5,37,DecapterusMaruadsi,Decapterus maruadsi,Mid-trophic species,10,2.71935249135802
SSP5-8.5,38,DecapterusMaruadsi,Decapterus maruadsi,Mid-trophic species,10,2.71592292716049
SSP5-8.5,39,DecapterusMaruadsi,Decapterus maruadsi,Mid-trophic species,10,2.72699518518519
SSP5-8.5,40,DecapterusMaruadsi,Decapterus maruadsi,Mid-trophic species,10,2.72649551728395
SSP5-8.5,41,DecapterusMaruadsi,Decapterus maruadsi,Mid-trophic species,10,2.72370526049383
SSP5-8.5,42,DecapterusMaruadsi,Decapterus maruadsi,Mid-trophic species,10,2.72859855555556
SSP5-8.5,43,DecapterusMaruadsi,Decapterus maruadsi,Mid-trophic species,10,2.71806525185185
SSP5-8.5,44,DecapterusMaruadsi,Decapterus maruadsi,Mid-trophic species,10,2.7295186
SSP5-8.5,45,DecapterusMaruadsi,Decapterus maruadsi,Mid-trophic species,10,2.72977902345679
SSP5-8.5,46,DecapterusMaruadsi,Decapterus maruadsi,Mid-trophic species,10,2.73167766049383
SSP5-8.5,47,DecapterusMaruadsi,Decapterus maruadsi,Mid-trophic species,10,2.72024938765432
SSP5-8.5,48,DecapterusMaruadsi,Decapterus maruadsi,Mid-trophic species,10,2.72701114320988
SSP5-8.5,49,DecapterusMaruadsi,Decapterus maruadsi,Mid-trophic species,10,2.71536300123457
SSP5-8.5,50,DecapterusMaruadsi,Decapterus maruadsi,Mid-trophic species,10,2.72477827901235
SSP5-8.5,51,DecapterusMaruadsi,Decapterus maruadsi,Mid-trophic species,10,2.71773307901235
SSP5-8.5,52,DecapterusMaruadsi,Decapterus maruadsi,Mid-trophic species,10,2.72120673333333
SSP5-8.5,53,DecapterusMaruadsi,Decapterus maruadsi,Mid-trophic species,10,2.71636615555556
SSP5-8.5,54,DecapterusMaruadsi,Decapterus maruadsi,Mid-trophic species,10,2.71834184444444
SSP5-8.5,55,DecapterusMaruadsi,Decapterus maruadsi,Mid-trophic species,10,2.7279272345679
SSP5-8.5,56,DecapterusMaruadsi,Decapterus maruadsi,Mid-trophic species,10,2.71587988518519
SSP5-8.5,57,DecapterusMaruadsi,Decapterus maruadsi,Mid-trophic species,10,2.7201425691358
SSP5-8.5,58,DecapterusMaruadsi,Decapterus maruadsi,Mid-trophic species,10,2.7357243654321
SSP5-8.5,59,DecapterusMaruadsi,Decapterus maruadsi,Mid-trophic species,10,2.71917914074074
SSP5-8.5,60,DecapterusMaruadsi,Decapterus maruadsi,Mid-trophic species,10,2.71484321728395
SSP5-8.5,61,DecapterusMaruadsi,Decapterus maruadsi,Mid-trophic species,10,2.71931302222222
SSP5-8.5,62,DecapterusMaruadsi,Decapterus maruadsi,Mid-trophic species,10,2.72391897037037
SSP5-8.5,63,DecapterusMaruadsi,Decapterus maruadsi,Mid-trophic species,10,2.7229731691358
SSP5-8.5,64,DecapterusMaruadsi,Decapterus maruadsi,Mid-trophic species,10,2.71497234691358
SSP5-8.5,65,DecapterusMaruadsi,Decapterus maruadsi,Mid-trophic species,10,2.72868538641975
SSP5-8.5,66,DecapterusMaruadsi,Decapterus maruadsi,Mid-trophic species,10,2.71948275185185
SSP5-8.5,67,DecapterusMaruadsi,Decapterus maruadsi,Mid-trophic species,10,2.72621347530864
SSP5-8.5,68,DecapterusMaruadsi,Decapterus maruadsi,Mid-trophic species,10,2.72340129753086
SSP5-8.5,69,DecapterusMaruadsi,Decapterus maruadsi,Mid-trophic species,10,2.72521694074074
SSP5-8.5,70,DecapterusMaruadsi,Decapterus maruadsi,Mid-trophic species,10,2.71803158395062
SSP5-8.5,71,DecapterusMaruadsi,Decapterus maruadsi,Mid-trophic species,10,2.72400557777778
SSP5-8.5,72,DecapterusMaruadsi,Decapterus maruadsi,Mid-trophic species,10,2.72370983333333
SSP5-8.5,73,DecapterusMaruadsi,Decapterus maruadsi,Mid-trophic species,10,2.72831482962963
SSP5-8.5,74,DecapterusMaruadsi,Decapterus maruadsi,Mid-trophic species,10,2.72229760864198
SSP5-8.5,75,DecapterusMaruadsi,Decapterus maruadsi,Mid-trophic species,10,2.71752473827161
SSP5-8.5,76,DecapterusMaruadsi,Decapterus maruadsi,Mid-trophic species,10,2.72604963580247
SSP5-8.5,77,DecapterusMaruadsi,Decapterus maruadsi,Mid-trophic species,10,2.73825863333333
SSP5-8.5,78,DecapterusMaruadsi,Decapterus maruadsi,Mid-trophic species,10,2.72280312345679
SSP5-8.5,79,DecapterusMaruadsi,Decapterus maruadsi,Mid-trophic species,10,2.73170769876543
SSP5-8.5,80,DecapterusMaruadsi,Decapterus maruadsi,Mid-trophic species,10,2.72631271851852
SSP5-8.5,81,DecapterusMaruadsi,Decapterus maruadsi,Mid-trophic species,10,2.7262005691358
SSP5-8.5,82,DecapterusMaruadsi,Decapterus maruadsi,Mid-trophic species,10,2.73036869259259
SSP5-8.5,83,DecapterusMaruadsi,Decapterus maruadsi,Mid-trophic species,10,2.72938743950617
SSP5-8.5,84,DecapterusMaruadsi,Decapterus maruadsi,Mid-trophic species,10,2.72719878641975
SSP5-8.5,85,DecapterusMaruadsi,Decapterus maruadsi,Mid-trophic species,10,2.72966186419753
SSP5-8.5,86,DecapterusMaruadsi,Decapterus maruadsi,Mid-trophic species,10,2.71442893333333
SSP5-8.5,87,DecapterusMaruadsi,Decapterus maruadsi,Mid-trophic species,10,2.71494613703704
SSP5-8.5,88,DecapterusMaruadsi,Decapterus maruadsi,Mid-trophic species,10,2.72731231111111
SSP5-8.5,89,DecapterusMaruadsi,Decapterus maruadsi,Mid-trophic species,10,2.7242960345679
SSP5-8.5,90,DecapterusMaruadsi,Decapterus maruadsi,Mid-trophic species,10,2.73309065061728
SSP5-8.5,91,DecapterusMaruadsi,Decapterus maruadsi,Mid-trophic species,10,2.71899517777778
SSP5-8.5,92,DecapterusMaruadsi,Decapterus maruadsi,Mid-trophic species,10,2.72564554320988
SSP5-8.5,93,DecapterusMaruadsi,Decapterus maruadsi,Mid-trophic species,10,2.72034514938272
SSP5-8.5,94,DecapterusMaruadsi,Decapterus maruadsi,Mid-trophic species,10,2.72434011728395
SSP5-8.5,95,DecapterusMaruadsi,Decapterus maruadsi,Mid-trophic species,10,2.72736197530864
SSP5-8.5,96,DecapterusMaruadsi,Decapterus maruadsi,Mid-trophic species,10,2.72415668518519
SSP5-8.5,97,DecapterusMaruadsi,Decapterus maruadsi,Mid-trophic species,10,2.71540981481482
SSP5-8.5,98,DecapterusMaruadsi,Decapterus maruadsi,Mid-trophic species,10,2.72408734691358
SSP5-8.5,99,DecapterusMaruadsi,Decapterus maruadsi,Mid-trophic species,10,2.7257221
SSP5-8.5,100,DecapterusMaruadsi,Decapterus maruadsi,Mid-trophic species,10,2.71881480740741
SSP5-8.5,1,PennahiaArgentata,Pennahia argentata,Mid-trophic species,11,2.89901439876543
SSP5-8.5,2,PennahiaArgentata,Pennahia argentata,Mid-trophic species,11,2.91013941851852
SSP5-8.5,3,PennahiaArgentata,Pennahia argentata,Mid-trophic species,11,2.90389631604938
SSP5-8.5,4,PennahiaArgentata,Pennahia argentata,Mid-trophic species,11,2.89636392716049
SSP5-8.5,5,PennahiaArgentata,Pennahia argentata,Mid-trophic species,11,2.90487359259259
SSP5-8.5,6,PennahiaArgentata,Pennahia argentata,Mid-trophic species,11,2.91154908765432
SSP5-8.5,7,PennahiaArgentata,Pennahia argentata,Mid-trophic species,11,2.9061475617284
SSP5-8.5,8,PennahiaArgentata,Pennahia argentata,Mid-trophic species,11,2.90278547283951
SSP5-8.5,9,PennahiaArgentata,Pennahia argentata,Mid-trophic species,11,2.89010404444444
SSP5-8.5,10,PennahiaArgentata,Pennahia argentata,Mid-trophic species,11,2.89500277654321
SSP5-8.5,11,PennahiaArgentata,Pennahia argentata,Mid-trophic species,11,2.89427529753086
SSP5-8.5,12,PennahiaArgentata,Pennahia argentata,Mid-trophic species,11,2.89853999012346
SSP5-8.5,13,PennahiaArgentata,Pennahia argentata,Mid-trophic species,11,2.90320866419753
SSP5-8.5,14,PennahiaArgentata,Pennahia argentata,Mid-trophic species,11,2.90422705308642
SSP5-8.5,15,PennahiaArgentata,Pennahia argentata,Mid-trophic species,11,2.9099848617284
SSP5-8.5,16,PennahiaArgentata,Pennahia argentata,Mid-trophic species,11,2.90109791111111
SSP5-8.5,17,PennahiaArgentata,Pennahia argentata,Mid-trophic species,11,2.9015686654321
SSP5-8.5,18,PennahiaArgentata,Pennahia argentata,Mid-trophic species,11,2.89468422469136
SSP5-8.5,19,PennahiaArgentata,Pennahia argentata,Mid-trophic species,11,2.89614112592593
SSP5-8.5,20,PennahiaArgentata,Pennahia argentata,Mid-trophic species,11,2.89722040740741
SSP5-8.5,21,PennahiaArgentata,Pennahia argentata,Mid-trophic species,11,2.89379865802469
SSP5-8.5,22,PennahiaArgentata,Pennahia argentata,Mid-trophic species,11,2.90006201481482
SSP5-8.5,23,PennahiaArgentata,Pennahia argentata,Mid-trophic species,11,2.90182148765432
SSP5-8.5,24,PennahiaArgentata,Pennahia argentata,Mid-trophic species,11,2.90246305802469
SSP5-8.5,25,PennahiaArgentata,Pennahia argentata,Mid-trophic species,11,2.90378263333333
SSP5-8.5,26,PennahiaArgentata,Pennahia argentata,Mid-trophic species,11,2.90404994938272
SSP5-8.5,27,PennahiaArgentata,Pennahia argentata,Mid-trophic species,11,2.90439782592593
SSP5-8.5,28,PennahiaArgentata,Pennahia argentata,Mid-trophic species,11,2.90682234567901
SSP5-8.5,29,PennahiaArgentata,Pennahia argentata,Mid-trophic species,11,2.89929264567901
SSP5-8.5,30,PennahiaArgentata,Pennahia argentata,Mid-trophic species,11,2.89639732345679
SSP5-8.5,31,PennahiaArgentata,Pennahia argentata,Mid-trophic species,11,2.90487367777778
SSP5-8.5,32,PennahiaArgentata,Pennahia argentata,Mid-trophic species,11,2.90634491234568
SSP5-8.5,33,PennahiaArgentata,Pennahia argentata,Mid-trophic species,11,2.90452147160494
SSP5-8.5,34,PennahiaArgentata,Pennahia argentata,Mid-trophic species,11,2.90427521851852
SSP5-8.5,35,PennahiaArgentata,Pennahia argentata,Mid-trophic species,11,2.89930459506173
SSP5-8.5,36,PennahiaArgentata,Pennahia argentata,Mid-trophic species,11,2.89558276296296
SSP5-8.5,37,PennahiaArgentata,Pennahia argentata,Mid-trophic species,11,2.90547049382716
SSP5-8.5,38,PennahiaArgentata,Pennahia argentata,Mid-trophic species,11,2.89396054814815
SSP5-8.5,39,PennahiaArgentata,Pennahia argentata,Mid-trophic species,11,2.90308421851852
SSP5-8.5,40,PennahiaArgentata,Pennahia argentata,Mid-trophic species,11,2.90385088641975
SSP5-8.5,41,PennahiaArgentata,Pennahia argentata,Mid-trophic species,11,2.89879812469136
SSP5-8.5,42,PennahiaArgentata,Pennahia argentata,Mid-trophic species,11,2.89965489012346
SSP5-8.5,43,PennahiaArgentata,Pennahia argentata,Mid-trophic species,11,2.90561997530864
SSP5-8.5,44,PennahiaArgentata,Pennahia argentata,Mid-trophic species,11,2.90494184320988
SSP5-8.5,45,PennahiaArgentata,Pennahia argentata,Mid-trophic species,11,2.9016270308642
SSP5-8.5,46,PennahiaArgentata,Pennahia argentata,Mid-trophic species,11,2.89340197654321
SSP5-8.5,47,PennahiaArgentata,Pennahia argentata,Mid-trophic species,11,2.89754625802469
SSP5-8.5,48,PennahiaArgentata,Pennahia argentata,Mid-trophic species,11,2.90996959259259
SSP5-8.5,49,PennahiaArgentata,Pennahia argentata,Mid-trophic species,11,2.90350201728395
SSP5-8.5,50,PennahiaArgentata,Pennahia argentata,Mid-trophic species,11,2.90148042962963
SSP5-8.5,51,PennahiaArgentata,Pennahia argentata,Mid-trophic species,11,2.90529324320988
SSP5-8.5,52,PennahiaArgentata,Pennahia argentata,Mid-trophic species,11,2.89337178641975
SSP5-8.5,53,PennahiaArgentata,Pennahia argentata,Mid-trophic species,11,2.89960361851852
SSP5-8.5,54,PennahiaArgentata,Pennahia argentata,Mid-trophic species,11,2.89802879382716
SSP5-8.5,55,PennahiaArgentata,Pennahia argentata,Mid-trophic species,11,2.89825758271605
SSP5-8.5,56,PennahiaArgentata,Pennahia argentata,Mid-trophic species,11,2.89667373950617
SSP5-8.5,57,PennahiaArgentata,Pennahia argentata,Mid-trophic species,11,2.90167695802469
SSP5-8.5,58,PennahiaArgentata,Pennahia argentata,Mid-trophic species,11,2.90362269876543
SSP5-8.5,59,PennahiaArgentata,Pennahia argentata,Mid-trophic species,11,2.90075819753086
SSP5-8.5,60,PennahiaArgentata,Pennahia argentata,Mid-trophic species,11,2.90362348395062
SSP5-8.5,61,PennahiaArgentata,Pennahia argentata,Mid-trophic species,11,2.90123368888889
SSP5-8.5,62,PennahiaArgentata,Pennahia argentata,Mid-trophic species,11,2.89858076666667
SSP5-8.5,63,PennahiaArgentata,Pennahia argentata,Mid-trophic species,11,2.89795871358025
SSP5-8.5,64,PennahiaArgentata,Pennahia argentata,Mid-trophic species,11,2.9029923654321
SSP5-8.5,65,PennahiaArgentata,Pennahia argentata,Mid-trophic species,11,2.90357260740741
SSP5-8.5,66,PennahiaArgentata,Pennahia argentata,Mid-trophic species,11,2.89904565432099
SSP5-8.5,67,PennahiaArgentata,Pennahia argentata,Mid-trophic species,11,2.89942946296296
SSP5-8.5,68,PennahiaArgentata,Pennahia argentata,Mid-trophic species,11,2.91047665185185
SSP5-8.5,69,PennahiaArgentata,Pennahia argentata,Mid-trophic species,11,2.8974216962963
SSP5-8.5,70,PennahiaArgentata,Pennahia argentata,Mid-trophic species,11,2.90020654567901
SSP5-8.5,71,PennahiaArgentata,Pennahia argentata,Mid-trophic species,11,2.8997971345679
SSP5-8.5,72,PennahiaArgentata,Pennahia argentata,Mid-trophic species,11,2.90477407407407
SSP5-8.5,73,PennahiaArgentata,Pennahia argentata,Mid-trophic species,11,2.89862153950617
SSP5-8.5,74,PennahiaArgentata,Pennahia argentata,Mid-trophic species,11,2.89539496790123
SSP5-8.5,75,PennahiaArgentata,Pennahia argentata,Mid-trophic species,11,2.89793039876543
SSP5-8.5,76,PennahiaArgentata,Pennahia argentata,Mid-trophic species,11,2.89839459753086
SSP5-8.5,77,PennahiaArgentata,Pennahia argentata,Mid-trophic species,11,2.90613327407407
SSP5-8.5,78,PennahiaArgentata,Pennahia argentata,Mid-trophic species,11,2.90236549382716
SSP5-8.5,79,PennahiaArgentata,Pennahia argentata,Mid-trophic species,11,2.90829558765432
SSP5-8.5,80,PennahiaArgentata,Pennahia argentata,Mid-trophic species,11,2.89292727777778
SSP5-8.5,81,PennahiaArgentata,Pennahia argentata,Mid-trophic species,11,2.89764527530864
SSP5-8.5,82,PennahiaArgentata,Pennahia argentata,Mid-trophic species,11,2.90053122592593
SSP5-8.5,83,PennahiaArgentata,Pennahia argentata,Mid-trophic species,11,2.9049385691358
SSP5-8.5,84,PennahiaArgentata,Pennahia argentata,Mid-trophic species,11,2.90149430246914
SSP5-8.5,85,PennahiaArgentata,Pennahia argentata,Mid-trophic species,11,2.90665871358025
SSP5-8.5,86,PennahiaArgentata,Pennahia argentata,Mid-trophic species,11,2.89717768395062
SSP5-8.5,87,PennahiaArgentata,Pennahia argentata,Mid-trophic species,11,2.90234510740741
SSP5-8.5,88,PennahiaArgentata,Pennahia argentata,Mid-trophic species,11,2.8974275654321
SSP5-8.5,89,PennahiaArgentata,Pennahia argentata,Mid-trophic species,11,2.89823451604938
SSP5-8.5,90,PennahiaArgentata,Pennahia argentata,Mid-trophic species,11,2.89888559382716
SSP5-8.5,91,PennahiaArgentata,Pennahia argentata,Mid-trophic species,11,2.90415865555556
SSP5-8.5,92,PennahiaArgentata,Pennahia argentata,Mid-trophic species,11,2.90466512839506
SSP5-8.5,93,PennahiaArgentata,Pennahia argentata,Mid-trophic species,11,2.8986194037037
SSP5-8.5,94,PennahiaArgentata,Pennahia argentata,Mid-trophic species,11,2.89610935185185
SSP5-8.5,95,PennahiaArgentata,Pennahia argentata,Mid-trophic species,11,2.89785275432099
SSP5-8.5,96,PennahiaArgentata,Pennahia argentata,Mid-trophic species,11,2.88876746296296
SSP5-8.5,97,PennahiaArgentata,Pennahia argentata,Mid-trophic species,11,2.8964766691358
SSP5-8.5,98,PennahiaArgentata,Pennahia argentata,Mid-trophic species,11,2.89607491234568
SSP5-8.5,99,PennahiaArgentata,Pennahia argentata,Mid-trophic species,11,2.89428825432099
SSP5-8.5,100,PennahiaArgentata,Pennahia argentata,Mid-trophic species,11,2.89785262962963
SSP5-8.5,1,PampusArgenteus,Pampus argenteus,Mid-trophic species,12,2.81902371975309
SSP5-8.5,2,PampusArgenteus,Pampus argenteus,Mid-trophic species,12,2.81190442345679
SSP5-8.5,3,PampusArgenteus,Pampus argenteus,Mid-trophic species,12,2.82352450617284
SSP5-8.5,4,PampusArgenteus,Pampus argenteus,Mid-trophic species,12,2.81694533827161
SSP5-8.5,5,PampusArgenteus,Pampus argenteus,Mid-trophic species,12,2.81909469012346
SSP5-8.5,6,PampusArgenteus,Pampus argenteus,Mid-trophic species,12,2.82314935061728
SSP5-8.5,7,PampusArgenteus,Pampus argenteus,Mid-trophic species,12,2.8189531654321
SSP5-8.5,8,PampusArgenteus,Pampus argenteus,Mid-trophic species,12,2.80718278641975
SSP5-8.5,9,PampusArgenteus,Pampus argenteus,Mid-trophic species,12,2.81576550123457
SSP5-8.5,10,PampusArgenteus,Pampus argenteus,Mid-trophic species,12,2.81020473703704
SSP5-8.5,11,PampusArgenteus,Pampus argenteus,Mid-trophic species,12,2.82426397901235
SSP5-8.5,12,PampusArgenteus,Pampus argenteus,Mid-trophic species,12,2.81601152839506
SSP5-8.5,13,PampusArgenteus,Pampus argenteus,Mid-trophic species,12,2.81700671481482
SSP5-8.5,14,PampusArgenteus,Pampus argenteus,Mid-trophic species,12,2.81494708765432
SSP5-8.5,15,PampusArgenteus,Pampus argenteus,Mid-trophic species,12,2.81371562222222
SSP5-8.5,16,PampusArgenteus,Pampus argenteus,Mid-trophic species,12,2.82837697654321
SSP5-8.5,17,PampusArgenteus,Pampus argenteus,Mid-trophic species,12,2.82723644197531
SSP5-8.5,18,PampusArgenteus,Pampus argenteus,Mid-trophic species,12,2.82117931975309
SSP5-8.5,19,PampusArgenteus,Pampus argenteus,Mid-trophic species,12,2.8206289037037
SSP5-8.5,20,PampusArgenteus,Pampus argenteus,Mid-trophic species,12,2.82373590493827
SSP5-8.5,21,PampusArgenteus,Pampus argenteus,Mid-trophic species,12,2.82411083209877
SSP5-8.5,22,PampusArgenteus,Pampus argenteus,Mid-trophic species,12,2.81949469506173
SSP5-8.5,23,PampusArgenteus,Pampus argenteus,Mid-trophic species,12,2.81914744938272
SSP5-8.5,24,PampusArgenteus,Pampus argenteus,Mid-trophic species,12,2.81245802098765
SSP5-8.5,25,PampusArgenteus,Pampus argenteus,Mid-trophic species,12,2.82905166296296
SSP5-8.5,26,PampusArgenteus,Pampus argenteus,Mid-trophic species,12,2.82753407901235
SSP5-8.5,27,PampusArgenteus,Pampus argenteus,Mid-trophic species,12,2.81776451358025
SSP5-8.5,28,PampusArgenteus,Pampus argenteus,Mid-trophic species,12,2.8215984654321
SSP5-8.5,29,PampusArgenteus,Pampus argenteus,Mid-trophic species,12,2.82219006296296
SSP5-8.5,30,PampusArgenteus,Pampus argenteus,Mid-trophic species,12,2.82256298518519
SSP5-8.5,31,PampusArgenteus,Pampus argenteus,Mid-trophic species,12,2.81626994938272
SSP5-8.5,32,PampusArgenteus,Pampus argenteus,Mid-trophic species,12,2.81479071234568
SSP5-8.5,33,PampusArgenteus,Pampus argenteus,Mid-trophic species,12,2.81825603827161
SSP5-8.5,34,PampusArgenteus,Pampus argenteus,Mid-trophic species,12,2.81442317530864
SSP5-8.5,35,PampusArgenteus,Pampus argenteus,Mid-trophic species,12,2.82087179506173
SSP5-8.5,36,PampusArgenteus,Pampus argenteus,Mid-trophic species,12,2.81860735802469
SSP5-8.5,37,PampusArgenteus,Pampus argenteus,Mid-trophic species,12,2.82902290617284
SSP5-8.5,38,PampusArgenteus,Pampus argenteus,Mid-trophic species,12,2.83202167777778
SSP5-8.5,39,PampusArgenteus,Pampus argenteus,Mid-trophic species,12,2.82830834444444
SSP5-8.5,40,PampusArgenteus,Pampus argenteus,Mid-trophic species,12,2.81330733950617
SSP5-8.5,41,PampusArgenteus,Pampus argenteus,Mid-trophic species,12,2.82073187407407
SSP5-8.5,42,PampusArgenteus,Pampus argenteus,Mid-trophic species,12,2.81863874691358
SSP5-8.5,43,PampusArgenteus,Pampus argenteus,Mid-trophic species,12,2.82216839876543
SSP5-8.5,44,PampusArgenteus,Pampus argenteus,Mid-trophic species,12,2.81848472345679
SSP5-8.5,45,PampusArgenteus,Pampus argenteus,Mid-trophic species,12,2.81994557654321
SSP5-8.5,46,PampusArgenteus,Pampus argenteus,Mid-trophic species,12,2.81356012716049
SSP5-8.5,47,PampusArgenteus,Pampus argenteus,Mid-trophic species,12,2.81164907037037
SSP5-8.5,48,PampusArgenteus,Pampus argenteus,Mid-trophic species,12,2.81452638765432
SSP5-8.5,49,PampusArgenteus,Pampus argenteus,Mid-trophic species,12,2.82288250740741
SSP5-8.5,50,PampusArgenteus,Pampus argenteus,Mid-trophic species,12,2.82344542592593
SSP5-8.5,51,PampusArgenteus,Pampus argenteus,Mid-trophic species,12,2.82384056296296
SSP5-8.5,52,PampusArgenteus,Pampus argenteus,Mid-trophic species,12,2.82035145925926
SSP5-8.5,53,PampusArgenteus,Pampus argenteus,Mid-trophic species,12,2.82557490493827
SSP5-8.5,54,PampusArgenteus,Pampus argenteus,Mid-trophic species,12,2.80607313333333
SSP5-8.5,55,PampusArgenteus,Pampus argenteus,Mid-trophic species,12,2.82109590740741
SSP5-8.5,56,PampusArgenteus,Pampus argenteus,Mid-trophic species,12,2.80645262716049
SSP5-8.5,57,PampusArgenteus,Pampus argenteus,Mid-trophic species,12,2.81636176049383
SSP5-8.5,58,PampusArgenteus,Pampus argenteus,Mid-trophic species,12,2.8280170037037
SSP5-8.5,59,PampusArgenteus,Pampus argenteus,Mid-trophic species,12,2.81845862469136
SSP5-8.5,60,PampusArgenteus,Pampus argenteus,Mid-trophic species,12,2.81174311111111
SSP5-8.5,61,PampusArgenteus,Pampus argenteus,Mid-trophic species,12,2.81713541975309
SSP5-8.5,62,PampusArgenteus,Pampus argenteus,Mid-trophic species,12,2.82079243950617
SSP5-8.5,63,PampusArgenteus,Pampus argenteus,Mid-trophic species,12,2.82422959753086
SSP5-8.5,64,PampusArgenteus,Pampus argenteus,Mid-trophic species,12,2.82295029382716
SSP5-8.5,65,PampusArgenteus,Pampus argenteus,Mid-trophic species,12,2.82355247530864
SSP5-8.5,66,PampusArgenteus,Pampus argenteus,Mid-trophic species,12,2.8232681691358
SSP5-8.5,67,PampusArgenteus,Pampus argenteus,Mid-trophic species,12,2.82171144197531
SSP5-8.5,68,PampusArgenteus,Pampus argenteus,Mid-trophic species,12,2.81590634567901
SSP5-8.5,69,PampusArgenteus,Pampus argenteus,Mid-trophic species,12,2.8211010308642
SSP5-8.5,70,PampusArgenteus,Pampus argenteus,Mid-trophic species,12,2.81237234197531
SSP5-8.5,71,PampusArgenteus,Pampus argenteus,Mid-trophic species,12,2.81318055802469
SSP5-8.5,72,PampusArgenteus,Pampus argenteus,Mid-trophic species,12,2.8289769
SSP5-8.5,73,PampusArgenteus,Pampus argenteus,Mid-trophic species,12,2.82394067901235
SSP5-8.5,74,PampusArgenteus,Pampus argenteus,Mid-trophic species,12,2.81761732716049
SSP5-8.5,75,PampusArgenteus,Pampus argenteus,Mid-trophic species,12,2.81591822222222
SSP5-8.5,76,PampusArgenteus,Pampus argenteus,Mid-trophic species,12,2.81123231111111
SSP5-8.5,77,PampusArgenteus,Pampus argenteus,Mid-trophic species,12,2.81922879259259
SSP5-8.5,78,PampusArgenteus,Pampus argenteus,Mid-trophic species,12,2.81516933580247
SSP5-8.5,79,PampusArgenteus,Pampus argenteus,Mid-trophic species,12,2.82894406296296
SSP5-8.5,80,PampusArgenteus,Pampus argenteus,Mid-trophic species,12,2.80537727777778
SSP5-8.5,81,PampusArgenteus,Pampus argenteus,Mid-trophic species,12,2.80756809259259
SSP5-8.5,82,PampusArgenteus,Pampus argenteus,Mid-trophic species,12,2.82168461851852
SSP5-8.5,83,PampusArgenteus,Pampus argenteus,Mid-trophic species,12,2.81454192592593
SSP5-8.5,84,PampusArgenteus,Pampus argenteus,Mid-trophic species,12,2.82904680617284
SSP5-8.5,85,PampusArgenteus,Pampus argenteus,Mid-trophic species,12,2.80536107530864
SSP5-8.5,86,PampusArgenteus,Pampus argenteus,Mid-trophic species,12,2.81756697283951
SSP5-8.5,87,PampusArgenteus,Pampus argenteus,Mid-trophic species,12,2.81582608765432
SSP5-8.5,88,PampusArgenteus,Pampus argenteus,Mid-trophic species,12,2.81807314444444
SSP5-8.5,89,PampusArgenteus,Pampus argenteus,Mid-trophic species,12,2.82033814938272
SSP5-8.5,90,PampusArgenteus,Pampus argenteus,Mid-trophic species,12,2.8194129037037
SSP5-8.5,91,PampusArgenteus,Pampus argenteus,Mid-trophic species,12,2.82294431851852
SSP5-8.5,92,PampusArgenteus,Pampus argenteus,Mid-trophic species,12,2.82676092345679
SSP5-8.5,93,PampusArgenteus,Pampus argenteus,Mid-trophic species,12,2.8118724037037
SSP5-8.5,94,PampusArgenteus,Pampus argenteus,Mid-trophic species,12,2.82006408518519
SSP5-8.5,95,PampusArgenteus,Pampus argenteus,Mid-trophic species,12,2.82755670740741
SSP5-8.5,96,PampusArgenteus,Pampus argenteus,Mid-trophic species,12,2.81348055061728
SSP5-8.5,97,PampusArgenteus,Pampus argenteus,Mid-trophic species,12,2.82069035061728
SSP5-8.5,98,PampusArgenteus,Pampus argenteus,Mid-trophic species,12,2.82147454938272
SSP5-8.5,99,PampusArgenteus,Pampus argenteus,Mid-trophic species,12,2.82253199876543
SSP5-8.5,100,PampusArgenteus,Pampus argenteus,Mid-trophic species,12,2.81888922962963
SSP5-8.5,1,LarimichthysPolyactis,Larimichthys polyactis,Mid-trophic species,13,2.6031482037037
SSP5-8.5,2,LarimichthysPolyactis,Larimichthys polyactis,Mid-trophic species,13,2.60396462345679
SSP5-8.5,3,LarimichthysPolyactis,Larimichthys polyactis,Mid-trophic species,13,2.61438431111111
SSP5-8.5,4,LarimichthysPolyactis,Larimichthys polyactis,Mid-trophic species,13,2.60682031604938
SSP5-8.5,5,LarimichthysPolyactis,Larimichthys polyactis,Mid-trophic species,13,2.60897957654321
SSP5-8.5,6,LarimichthysPolyactis,Larimichthys polyactis,Mid-trophic species,13,2.60993550123457
SSP5-8.5,7,LarimichthysPolyactis,Larimichthys polyactis,Mid-trophic species,13,2.6073509617284
SSP5-8.5,8,LarimichthysPolyactis,Larimichthys polyactis,Mid-trophic species,13,2.60871538765432
SSP5-8.5,9,LarimichthysPolyactis,Larimichthys polyactis,Mid-trophic species,13,2.60160975185185
SSP5-8.5,10,LarimichthysPolyactis,Larimichthys polyactis,Mid-trophic species,13,2.60345509876543
SSP5-8.5,11,LarimichthysPolyactis,Larimichthys polyactis,Mid-trophic species,13,2.61504458765432
SSP5-8.5,12,LarimichthysPolyactis,Larimichthys polyactis,Mid-trophic species,13,2.6005888308642
SSP5-8.5,13,LarimichthysPolyactis,Larimichthys polyactis,Mid-trophic species,13,2.60143352716049
SSP5-8.5,14,LarimichthysPolyactis,Larimichthys polyactis,Mid-trophic species,13,2.6072737037037
SSP5-8.5,15,LarimichthysPolyactis,Larimichthys polyactis,Mid-trophic species,13,2.59846405432099
SSP5-8.5,16,LarimichthysPolyactis,Larimichthys polyactis,Mid-trophic species,13,2.6036660345679
SSP5-8.5,17,LarimichthysPolyactis,Larimichthys polyactis,Mid-trophic species,13,2.60439978641975
SSP5-8.5,18,LarimichthysPolyactis,Larimichthys polyactis,Mid-trophic species,13,2.59323876666667
SSP5-8.5,19,LarimichthysPolyactis,Larimichthys polyactis,Mid-trophic species,13,2.60777160246914
SSP5-8.5,20,LarimichthysPolyactis,Larimichthys polyactis,Mid-trophic species,13,2.6051587345679
SSP5-8.5,21,LarimichthysPolyactis,Larimichthys polyactis,Mid-trophic species,13,2.6041315308642
SSP5-8.5,22,LarimichthysPolyactis,Larimichthys polyactis,Mid-trophic species,13,2.59972651111111
SSP5-8.5,23,LarimichthysPolyactis,Larimichthys polyactis,Mid-trophic species,13,2.60406618518519
SSP5-8.5,24,LarimichthysPolyactis,Larimichthys polyactis,Mid-trophic species,13,2.61095403580247
SSP5-8.5,25,LarimichthysPolyactis,Larimichthys polyactis,Mid-trophic species,13,2.60196404938272
SSP5-8.5,26,LarimichthysPolyactis,Larimichthys polyactis,Mid-trophic species,13,2.60660265679012
SSP5-8.5,27,LarimichthysPolyactis,Larimichthys polyactis,Mid-trophic species,13,2.60578900123457
SSP5-8.5,28,LarimichthysPolyactis,Larimichthys polyactis,Mid-trophic species,13,2.61060129876543
SSP5-8.5,29,LarimichthysPolyactis,Larimichthys polyactis,Mid-trophic species,13,2.60902841728395
SSP5-8.5,30,LarimichthysPolyactis,Larimichthys polyactis,Mid-trophic species,13,2.60486245185185
SSP5-8.5,31,LarimichthysPolyactis,Larimichthys polyactis,Mid-trophic species,13,2.60748040246914
SSP5-8.5,32,LarimichthysPolyactis,Larimichthys polyactis,Mid-trophic species,13,2.59307969382716
SSP5-8.5,33,LarimichthysPolyactis,Larimichthys polyactis,Mid-trophic species,13,2.59913245679012
SSP5-8.5,34,LarimichthysPolyactis,Larimichthys polyactis,Mid-trophic species,13,2.60260551604938
SSP5-8.5,35,LarimichthysPolyactis,Larimichthys polyactis,Mid-trophic species,13,2.60182418518519
SSP5-8.5,36,LarimichthysPolyactis,Larimichthys polyactis,Mid-trophic species,13,2.60508317160494
SSP5-8.5,37,LarimichthysPolyactis,Larimichthys polyactis,Mid-trophic species,13,2.60376936049383
SSP5-8.5,38,LarimichthysPolyactis,Larimichthys polyactis,Mid-trophic species,13,2.61242762716049
SSP5-8.5,39,LarimichthysPolyactis,Larimichthys polyactis,Mid-trophic species,13,2.60522850617284
SSP5-8.5,40,LarimichthysPolyactis,Larimichthys polyactis,Mid-trophic species,13,2.59837795925926
SSP5-8.5,41,LarimichthysPolyactis,Larimichthys polyactis,Mid-trophic species,13,2.60570050617284
SSP5-8.5,42,LarimichthysPolyactis,Larimichthys polyactis,Mid-trophic species,13,2.60572803333333
SSP5-8.5,43,LarimichthysPolyactis,Larimichthys polyactis,Mid-trophic species,13,2.60577171728395
SSP5-8.5,44,LarimichthysPolyactis,Larimichthys polyactis,Mid-trophic species,13,2.61022538271605
SSP5-8.5,45,LarimichthysPolyactis,Larimichthys polyactis,Mid-trophic species,13,2.61110501604938
SSP5-8.5,46,LarimichthysPolyactis,Larimichthys polyactis,Mid-trophic species,13,2.60424061728395
SSP5-8.5,47,LarimichthysPolyactis,Larimichthys polyactis,Mid-trophic species,13,2.60523484320988
SSP5-8.5,48,LarimichthysPolyactis,Larimichthys polyactis,Mid-trophic species,13,2.60997638641975
SSP5-8.5,49,LarimichthysPolyactis,Larimichthys polyactis,Mid-trophic species,13,2.61009020617284
SSP5-8.5,50,LarimichthysPolyactis,Larimichthys polyactis,Mid-trophic species,13,2.60653684691358
SSP5-8.5,51,LarimichthysPolyactis,Larimichthys polyactis,Mid-trophic species,13,2.59692407530864
SSP5-8.5,52,LarimichthysPolyactis,Larimichthys polyactis,Mid-trophic species,13,2.60776527777778
SSP5-8.5,53,LarimichthysPolyactis,Larimichthys polyactis,Mid-trophic species,13,2.60499135432099
SSP5-8.5,54,LarimichthysPolyactis,Larimichthys polyactis,Mid-trophic species,13,2.59870254814815
SSP5-8.5,55,LarimichthysPolyactis,Larimichthys polyactis,Mid-trophic species,13,2.60504636049383
SSP5-8.5,56,LarimichthysPolyactis,Larimichthys polyactis,Mid-trophic species,13,2.6083959654321
SSP5-8.5,57,LarimichthysPolyactis,Larimichthys polyactis,Mid-trophic species,13,2.61009704444444
SSP5-8.5,58,LarimichthysPolyactis,Larimichthys polyactis,Mid-trophic species,13,2.61167670246914
SSP5-8.5,59,LarimichthysPolyactis,Larimichthys polyactis,Mid-trophic species,13,2.60851623209877
SSP5-8.5,60,LarimichthysPolyactis,Larimichthys polyactis,Mid-trophic species,13,2.61441028518519
SSP5-8.5,61,LarimichthysPolyactis,Larimichthys polyactis,Mid-trophic species,13,2.59939505679012
SSP5-8.5,62,LarimichthysPolyactis,Larimichthys polyactis,Mid-trophic species,13,2.60413332098765
SSP5-8.5,63,LarimichthysPolyactis,Larimichthys polyactis,Mid-trophic species,13,2.60112591728395
SSP5-8.5,64,LarimichthysPolyactis,Larimichthys polyactis,Mid-trophic species,13,2.60916770246914
SSP5-8.5,65,LarimichthysPolyactis,Larimichthys polyactis,Mid-trophic species,13,2.61002913580247
SSP5-8.5,66,LarimichthysPolyactis,Larimichthys polyactis,Mid-trophic species,13,2.59983563703704
SSP5-8.5,67,LarimichthysPolyactis,Larimichthys polyactis,Mid-trophic species,13,2.60597970493827
SSP5-8.5,68,LarimichthysPolyactis,Larimichthys polyactis,Mid-trophic species,13,2.60415829876543
SSP5-8.5,69,LarimichthysPolyactis,Larimichthys polyactis,Mid-trophic species,13,2.60047904938272
SSP5-8.5,70,LarimichthysPolyactis,Larimichthys polyactis,Mid-trophic species,13,2.60631280864198
SSP5-8.5,71,LarimichthysPolyactis,Larimichthys polyactis,Mid-trophic species,13,2.60655120493827
SSP5-8.5,72,LarimichthysPolyactis,Larimichthys polyactis,Mid-trophic species,13,2.59854430493827
SSP5-8.5,73,LarimichthysPolyactis,Larimichthys polyactis,Mid-trophic species,13,2.60360863827161
SSP5-8.5,74,LarimichthysPolyactis,Larimichthys polyactis,Mid-trophic species,13,2.60227710123457
SSP5-8.5,75,LarimichthysPolyactis,Larimichthys polyactis,Mid-trophic species,13,2.60390762839506
SSP5-8.5,76,LarimichthysPolyactis,Larimichthys polyactis,Mid-trophic species,13,2.6029194654321
SSP5-8.5,77,LarimichthysPolyactis,Larimichthys polyactis,Mid-trophic species,13,2.60396948395062
SSP5-8.5,78,LarimichthysPolyactis,Larimichthys polyactis,Mid-trophic species,13,2.60287370864198
SSP5-8.5,79,LarimichthysPolyactis,Larimichthys polyactis,Mid-trophic species,13,2.60767444320988
SSP5-8.5,80,LarimichthysPolyactis,Larimichthys polyactis,Mid-trophic species,13,2.59796562469136
SSP5-8.5,81,LarimichthysPolyactis,Larimichthys polyactis,Mid-trophic species,13,2.59873700987654
SSP5-8.5,82,LarimichthysPolyactis,Larimichthys polyactis,Mid-trophic species,13,2.60522287037037
SSP5-8.5,83,LarimichthysPolyactis,Larimichthys polyactis,Mid-trophic species,13,2.60833020123457
SSP5-8.5,84,LarimichthysPolyactis,Larimichthys polyactis,Mid-trophic species,13,2.5995685
SSP5-8.5,85,LarimichthysPolyactis,Larimichthys polyactis,Mid-trophic species,13,2.60052461111111
SSP5-8.5,86,LarimichthysPolyactis,Larimichthys polyactis,Mid-trophic species,13,2.60995915432099
SSP5-8.5,87,LarimichthysPolyactis,Larimichthys polyactis,Mid-trophic species,13,2.60405821851852
SSP5-8.5,88,LarimichthysPolyactis,Larimichthys polyactis,Mid-trophic species,13,2.60082728518519
SSP5-8.5,89,LarimichthysPolyactis,Larimichthys polyactis,Mid-trophic species,13,2.60187522222222
SSP5-8.5,90,LarimichthysPolyactis,Larimichthys polyactis,Mid-trophic species,13,2.60629829506173
SSP5-8.5,91,LarimichthysPolyactis,Larimichthys polyactis,Mid-trophic species,13,2.61049185432099
SSP5-8.5,92,LarimichthysPolyactis,Larimichthys polyactis,Mid-trophic species,13,2.6000932654321
SSP5-8.5,93,LarimichthysPolyactis,Larimichthys polyactis,Mid-trophic species,13,2.60610475925926
SSP5-8.5,94,LarimichthysPolyactis,Larimichthys polyactis,Mid-trophic species,13,2.60248890864198
SSP5-8.5,95,LarimichthysPolyactis,Larimichthys polyactis,Mid-trophic species,13,2.61188910246914
SSP5-8.5,96,LarimichthysPolyactis,Larimichthys polyactis,Mid-trophic species,13,2.60308402469136
SSP5-8.5,97,LarimichthysPolyactis,Larimichthys polyactis,Mid-trophic species,13,2.60840885802469
SSP5-8.5,98,LarimichthysPolyactis,Larimichthys polyactis,Mid-trophic species,13,2.60613443580247
SSP5-8.5,99,LarimichthysPolyactis,Larimichthys polyactis,Mid-trophic species,13,2.6029955654321
SSP5-8.5,100,LarimichthysPolyactis,Larimichthys polyactis,Mid-trophic species,13,2.60177435432099
SSP5-8.5,1,TrachurusJaponicus,Trachurus japonicus,Mid-trophic species,14,2.68444925185185
SSP5-8.5,2,TrachurusJaponicus,Trachurus japonicus,Mid-trophic species,14,2.67156378148148
SSP5-8.5,3,TrachurusJaponicus,Trachurus japonicus,Mid-trophic species,14,2.67807896049383
SSP5-8.5,4,TrachurusJaponicus,Trachurus japonicus,Mid-trophic species,14,2.67947974444444
SSP5-8.5,5,TrachurusJaponicus,Trachurus japonicus,Mid-trophic species,14,2.67660030987654
SSP5-8.5,6,TrachurusJaponicus,Trachurus japonicus,Mid-trophic species,14,2.6864492691358
SSP5-8.5,7,TrachurusJaponicus,Trachurus japonicus,Mid-trophic species,14,2.68111381358025
SSP5-8.5,8,TrachurusJaponicus,Trachurus japonicus,Mid-trophic species,14,2.68896332592593
SSP5-8.5,9,TrachurusJaponicus,Trachurus japonicus,Mid-trophic species,14,2.67936995679012
SSP5-8.5,10,TrachurusJaponicus,Trachurus japonicus,Mid-trophic species,14,2.68036819012346
SSP5-8.5,11,TrachurusJaponicus,Trachurus japonicus,Mid-trophic species,14,2.66493035925926
SSP5-8.5,12,TrachurusJaponicus,Trachurus japonicus,Mid-trophic species,14,2.69312799382716
SSP5-8.5,13,TrachurusJaponicus,Trachurus japonicus,Mid-trophic species,14,2.67841384320988
SSP5-8.5,14,TrachurusJaponicus,Trachurus japonicus,Mid-trophic species,14,2.69405940617284
SSP5-8.5,15,TrachurusJaponicus,Trachurus japonicus,Mid-trophic species,14,2.67967967530864
SSP5-8.5,16,TrachurusJaponicus,Trachurus japonicus,Mid-trophic species,14,2.66423136790123
SSP5-8.5,17,TrachurusJaponicus,Trachurus japonicus,Mid-trophic species,14,2.68813631358025
SSP5-8.5,18,TrachurusJaponicus,Trachurus japonicus,Mid-trophic species,14,2.6774264308642
SSP5-8.5,19,TrachurusJaponicus,Trachurus japonicus,Mid-trophic species,14,2.67492956790123
SSP5-8.5,20,TrachurusJaponicus,Trachurus japonicus,Mid-trophic species,14,2.68248338641975
SSP5-8.5,21,TrachurusJaponicus,Trachurus japonicus,Mid-trophic species,14,2.67675885802469
SSP5-8.5,22,TrachurusJaponicus,Trachurus japonicus,Mid-trophic species,14,2.67082874567901
SSP5-8.5,23,TrachurusJaponicus,Trachurus japonicus,Mid-trophic species,14,2.66767677037037
SSP5-8.5,24,TrachurusJaponicus,Trachurus japonicus,Mid-trophic species,14,2.68736682098765
SSP5-8.5,25,TrachurusJaponicus,Trachurus japonicus,Mid-trophic species,14,2.67769844444444
SSP5-8.5,26,TrachurusJaponicus,Trachurus japonicus,Mid-trophic species,14,2.68619628395062
SSP5-8.5,27,TrachurusJaponicus,Trachurus japonicus,Mid-trophic species,14,2.67783051234568
SSP5-8.5,28,TrachurusJaponicus,Trachurus japonicus,Mid-trophic species,14,2.67364645555556
SSP5-8.5,29,TrachurusJaponicus,Trachurus japonicus,Mid-trophic species,14,2.67475557160494
SSP5-8.5,30,TrachurusJaponicus,Trachurus japonicus,Mid-trophic species,14,2.68132145061728
SSP5-8.5,31,TrachurusJaponicus,Trachurus japonicus,Mid-trophic species,14,2.67715016049383
SSP5-8.5,32,TrachurusJaponicus,Trachurus japonicus,Mid-trophic species,14,2.67362049506173
SSP5-8.5,33,TrachurusJaponicus,Trachurus japonicus,Mid-trophic species,14,2.67178361358025
SSP5-8.5,34,TrachurusJaponicus,Trachurus japonicus,Mid-trophic species,14,2.68273867407407
SSP5-8.5,35,TrachurusJaponicus,Trachurus japonicus,Mid-trophic species,14,2.67831769506173
SSP5-8.5,36,TrachurusJaponicus,Trachurus japonicus,Mid-trophic species,14,2.67568629135802
SSP5-8.5,37,TrachurusJaponicus,Trachurus japonicus,Mid-trophic species,14,2.67679305061728
SSP5-8.5,38,TrachurusJaponicus,Trachurus japonicus,Mid-trophic species,14,2.67162770493827
SSP5-8.5,39,TrachurusJaponicus,Trachurus japonicus,Mid-trophic species,14,2.68422585555556
SSP5-8.5,40,TrachurusJaponicus,Trachurus japonicus,Mid-trophic species,14,2.67025019382716
SSP5-8.5,41,TrachurusJaponicus,Trachurus japonicus,Mid-trophic species,14,2.66422442469136
SSP5-8.5,42,TrachurusJaponicus,Trachurus japonicus,Mid-trophic species,14,2.67191999506173
SSP5-8.5,43,TrachurusJaponicus,Trachurus japonicus,Mid-trophic species,14,2.66465057407407
SSP5-8.5,44,TrachurusJaponicus,Trachurus japonicus,Mid-trophic species,14,2.6759282308642
SSP5-8.5,45,TrachurusJaponicus,Trachurus japonicus,Mid-trophic species,14,2.66955478518519
SSP5-8.5,46,TrachurusJaponicus,Trachurus japonicus,Mid-trophic species,14,2.67443440864198
SSP5-8.5,47,TrachurusJaponicus,Trachurus japonicus,Mid-trophic species,14,2.68780584691358
SSP5-8.5,48,TrachurusJaponicus,Trachurus japonicus,Mid-trophic species,14,2.67902579135802
SSP5-8.5,49,TrachurusJaponicus,Trachurus japonicus,Mid-trophic species,14,2.67775606790123
SSP5-8.5,50,TrachurusJaponicus,Trachurus japonicus,Mid-trophic species,14,2.6750086037037
SSP5-8.5,51,TrachurusJaponicus,Trachurus japonicus,Mid-trophic species,14,2.68100408271605
SSP5-8.5,52,TrachurusJaponicus,Trachurus japonicus,Mid-trophic species,14,2.67578418395062
SSP5-8.5,53,TrachurusJaponicus,Trachurus japonicus,Mid-trophic species,14,2.6801196962963
SSP5-8.5,54,TrachurusJaponicus,Trachurus japonicus,Mid-trophic species,14,2.67488080864198
SSP5-8.5,55,TrachurusJaponicus,Trachurus japonicus,Mid-trophic species,14,2.67579891358025
SSP5-8.5,56,TrachurusJaponicus,Trachurus japonicus,Mid-trophic species,14,2.67202528395062
SSP5-8.5,57,TrachurusJaponicus,Trachurus japonicus,Mid-trophic species,14,2.68091317777778
SSP5-8.5,58,TrachurusJaponicus,Trachurus japonicus,Mid-trophic species,14,2.67293833209877
SSP5-8.5,59,TrachurusJaponicus,Trachurus japonicus,Mid-trophic species,14,2.68517806419753
SSP5-8.5,60,TrachurusJaponicus,Trachurus japonicus,Mid-trophic species,14,2.67517455802469
SSP5-8.5,61,TrachurusJaponicus,Trachurus japonicus,Mid-trophic species,14,2.67443509753086
SSP5-8.5,62,TrachurusJaponicus,Trachurus japonicus,Mid-trophic species,14,2.6842509037037
SSP5-8.5,63,TrachurusJaponicus,Trachurus japonicus,Mid-trophic species,14,2.67148008765432
SSP5-8.5,64,TrachurusJaponicus,Trachurus japonicus,Mid-trophic species,14,2.68726336296296
SSP5-8.5,65,TrachurusJaponicus,Trachurus japonicus,Mid-trophic species,14,2.68284662592593
SSP5-8.5,66,TrachurusJaponicus,Trachurus japonicus,Mid-trophic species,14,2.68867712716049
SSP5-8.5,67,TrachurusJaponicus,Trachurus japonicus,Mid-trophic species,14,2.67495851975309
SSP5-8.5,68,TrachurusJaponicus,Trachurus japonicus,Mid-trophic species,14,2.68416489876543
SSP5-8.5,69,TrachurusJaponicus,Trachurus japonicus,Mid-trophic species,14,2.67545353333333
SSP5-8.5,70,TrachurusJaponicus,Trachurus japonicus,Mid-trophic species,14,2.68295598148148
SSP5-8.5,71,TrachurusJaponicus,Trachurus japonicus,Mid-trophic species,14,2.67578877283951
SSP5-8.5,72,TrachurusJaponicus,Trachurus japonicus,Mid-trophic species,14,2.67514155555556
SSP5-8.5,73,TrachurusJaponicus,Trachurus japonicus,Mid-trophic species,14,2.66802977407407
SSP5-8.5,74,TrachurusJaponicus,Trachurus japonicus,Mid-trophic species,14,2.67972272839506
SSP5-8.5,75,TrachurusJaponicus,Trachurus japonicus,Mid-trophic species,14,2.67662980987654
SSP5-8.5,76,TrachurusJaponicus,Trachurus japonicus,Mid-trophic species,14,2.68253872345679
SSP5-8.5,77,TrachurusJaponicus,Trachurus japonicus,Mid-trophic species,14,2.67484934320988
SSP5-8.5,78,TrachurusJaponicus,Trachurus japonicus,Mid-trophic species,14,2.6925053037037
SSP5-8.5,79,TrachurusJaponicus,Trachurus japonicus,Mid-trophic species,14,2.69396893580247
SSP5-8.5,80,TrachurusJaponicus,Trachurus japonicus,Mid-trophic species,14,2.68289658148148
SSP5-8.5,81,TrachurusJaponicus,Trachurus japonicus,Mid-trophic species,14,2.67769502098765
SSP5-8.5,82,TrachurusJaponicus,Trachurus japonicus,Mid-trophic species,14,2.67533624074074
SSP5-8.5,83,TrachurusJaponicus,Trachurus japonicus,Mid-trophic species,14,2.67127003950617
SSP5-8.5,84,TrachurusJaponicus,Trachurus japonicus,Mid-trophic species,14,2.67351298518519
SSP5-8.5,85,TrachurusJaponicus,Trachurus japonicus,Mid-trophic species,14,2.68032789753086
SSP5-8.5,86,TrachurusJaponicus,Trachurus japonicus,Mid-trophic species,14,2.69392870864198
SSP5-8.5,87,TrachurusJaponicus,Trachurus japonicus,Mid-trophic species,14,2.67423387901235
SSP5-8.5,88,TrachurusJaponicus,Trachurus japonicus,Mid-trophic species,14,2.67358995308642
SSP5-8.5,89,TrachurusJaponicus,Trachurus japonicus,Mid-trophic species,14,2.68035057160494
SSP5-8.5,90,TrachurusJaponicus,Trachurus japonicus,Mid-trophic species,14,2.68204454938272
SSP5-8.5,91,TrachurusJaponicus,Trachurus japonicus,Mid-trophic species,14,2.66879372716049
SSP5-8.5,92,TrachurusJaponicus,Trachurus japonicus,Mid-trophic species,14,2.69374949876543
SSP5-8.5,93,TrachurusJaponicus,Trachurus japonicus,Mid-trophic species,14,2.67045685555556
SSP5-8.5,94,TrachurusJaponicus,Trachurus japonicus,Mid-trophic species,14,2.67647895679012
SSP5-8.5,95,TrachurusJaponicus,Trachurus japonicus,Mid-trophic species,14,2.67856514320988
SSP5-8.5,96,TrachurusJaponicus,Trachurus japonicus,Mid-trophic species,14,2.68083765555556
SSP5-8.5,97,TrachurusJaponicus,Trachurus japonicus,Mid-trophic species,14,2.69190629259259
SSP5-8.5,98,TrachurusJaponicus,Trachurus japonicus,Mid-trophic species,14,2.68735720987654
SSP5-8.5,99,TrachurusJaponicus,Trachurus japonicus,Mid-trophic species,14,2.68685133827161
SSP5-8.5,100,TrachurusJaponicus,Trachurus japonicus,Mid-trophic species,14,2.65951914320988
