run,species,scenario,tl_future,latin,group,species_order,tl_base,response_tl
1,DecapterusMaruadsi,SSP1-2.6,2.72629189506173,Decapterus maruadsi,Mid-trophic species,10,2.70354036333333,0.0227515317283999
1,DecapterusMaruadsi,SSP5-8.5,2.72275690740741,Decapterus maruadsi,Mid-trophic species,10,2.70354036333333,0.0192165440740801
1,EngraulisJaponicus,SSP1-2.6,2.32705258395062,Engraulis japonicus,Prey,1,2.32749518333333,-0.000442599382710185
1,EngraulisJaponicus,SSP5-8.5,2.32377466790123,Engraulis japonicus,Prey,1,2.32749518333333,-0.00372051543210006
1,LarimichthysPolyactis,SSP1-2.6,2.58832627283951,Larimichthys polyactis,Mid-trophic species,13,2.60634763333333,-0.0180213604938202
1,LarimichthysPolyactis,SSP5-8.5,2.6031482037037,Larimichthys polyactis,Mid-trophic species,13,2.60634763333333,-0.00319942962963005
1,MiichthysMiiuy,SSP1-2.6,3.01307753333333,Miichthys miiuy,Predator,5,3.00220581,0.01087172333333
1,MiichthysMiiuy,SSP5-8.5,2.99892078024691,Miichthys miiuy,Predator,5,3.00220581,-0.0032850297530902
1,MuraenesoxCinereus,SSP1-2.6,3.1140391962963,Muraenesox cinereus,Predator,4,3.10841316666667,0.00562602962963021
1,MuraenesoxCinereus,SSP5-8.5,3.11267780987654,Muraenesox cinereus,Predator,4,3.10841316666667,0.0042646432098703
1,PampusArgenteus,SSP1-2.6,2.81295968641975,Pampus argenteus,Mid-trophic species,12,2.82008635,-0.00712666358024983
1,PampusArgenteus,SSP5-8.5,2.81902371975309,Pampus argenteus,Mid-trophic species,12,2.82008635,-0.00106263024690989
1,PennahiaArgentata,SSP1-2.6,2.89255026296296,Pennahia argentata,Mid-trophic species,11,2.88714232,0.00540794296295966
1,PennahiaArgentata,SSP5-8.5,2.89901439876543,Pennahia argentata,Mid-trophic species,11,2.88714232,0.0118720787654301
1,PortunusTrituberculatus,SSP1-2.6,2.15320270987654,Portunus trituberculatus,Invertebrate,8,2.13543704,0.0177656698765403
1,PortunusTrituberculatus,SSP5-8.5,2.15479067901235,Portunus trituberculatus,Invertebrate,8,2.13543704,0.0193536390123503
1,ScomberJaponicus,SSP1-2.6,2.53687773580247,Scomber japonicus,Mid-trophic species,9,2.53805791333333,-0.00118017753085997
1,ScomberJaponicus,SSP5-8.5,2.53463558641975,Scomber japonicus,Mid-trophic species,9,2.53805791333333,-0.00342232691358024
1,ScomberomorusNiphonius,SSP1-2.6,3.08668852469136,Scomberomorus niphonius,Predator,2,3.09056775666667,-0.00387923197531004
1,ScomberomorusNiphonius,SSP5-8.5,3.06955122839506,Scomberomorus niphonius,Predator,2,3.09056775666667,-0.0210165282716099
1,TodarodesPacificus,SSP1-2.6,2.42375241975309,Todarodes pacificus,Invertebrate,6,2.42397870333333,-0.000226283580240239
1,TodarodesPacificus,SSP5-8.5,2.42737982469136,Todarodes pacificus,Invertebrate,6,2.42397870333333,0.00340112135802961
1,TrachurusJaponicus,SSP1-2.6,2.67809049753086,Trachurus japonicus,Mid-trophic species,14,2.67681683,0.00127366753086022
1,TrachurusJaponicus,SSP5-8.5,2.68444925185185,Trachurus japonicus,Mid-trophic species,14,2.67681683,0.00763242185184998
1,TrachysalambriaCurvirostris,SSP1-2.6,2.2710747,Trachysalambria curvirostris,Invertebrate,7,2.27370209,-0.00262739000000023
1,TrachysalambriaCurvirostris,SSP5-8.5,2.26725824814815,Trachysalambria curvirostris,Invertebrate,7,2.27370209,-0.00644384185184999
1,TrichiurusJaponicus,SSP1-2.6,2.78037803580247,Trichiurus japonicus,Predator,3,2.78897464333333,-0.00859660753085967
1,TrichiurusJaponicus,SSP5-8.5,2.78109843580247,Trichiurus japonicus,Predator,3,2.78897464333333,-0.0078762075308596
2,DecapterusMaruadsi,SSP1-2.6,2.72539643209877,Decapterus maruadsi,Mid-trophic species,10,2.70890575,0.01649068209877
2,DecapterusMaruadsi,SSP5-8.5,2.72581220123457,Decapterus maruadsi,Mid-trophic species,10,2.70890575,0.0169064512345698
2,EngraulisJaponicus,SSP1-2.6,2.3241646962963,Engraulis japonicus,Prey,1,2.33347561,-0.00931091370369996
2,EngraulisJaponicus,SSP5-8.5,2.32439278271605,Engraulis japonicus,Prey,1,2.33347561,-0.0090828272839496
2,LarimichthysPolyactis,SSP1-2.6,2.59765745679012,Larimichthys polyactis,Mid-trophic species,13,2.60506704,-0.00740958320987994
2,LarimichthysPolyactis,SSP5-8.5,2.60396462345679,Larimichthys polyactis,Mid-trophic species,13,2.60506704,-0.00110241654320964
2,MiichthysMiiuy,SSP1-2.6,3.00866523950617,Miichthys miiuy,Predator,5,3.01962162333333,-0.01095638382716
2,MiichthysMiiuy,SSP5-8.5,3.00592861481482,Miichthys miiuy,Predator,5,3.01962162333333,-0.0136930085185103
2,MuraenesoxCinereus,SSP1-2.6,3.10668275555556,Muraenesox cinereus,Predator,4,3.12125116,-0.0145684044444399
2,MuraenesoxCinereus,SSP5-8.5,3.11403913703704,Muraenesox cinereus,Predator,4,3.12125116,-0.00721202296295997
2,PampusArgenteus,SSP1-2.6,2.81040759012346,Pampus argenteus,Mid-trophic species,12,2.83001952333333,-0.0196119332098701
2,PampusArgenteus,SSP5-8.5,2.81190442345679,Pampus argenteus,Mid-trophic species,12,2.83001952333333,-0.0181150998765403
2,PennahiaArgentata,SSP1-2.6,2.88981076296296,Pennahia argentata,Mid-trophic species,11,2.90027054333333,-0.0104597803703697
2,PennahiaArgentata,SSP5-8.5,2.91013941851852,Pennahia argentata,Mid-trophic species,11,2.90027054333333,0.00986887518519008
2,PortunusTrituberculatus,SSP1-2.6,2.14971190493827,Portunus trituberculatus,Invertebrate,8,2.14567494666667,0.0040369582716
2,PortunusTrituberculatus,SSP5-8.5,2.15445168024691,Portunus trituberculatus,Invertebrate,8,2.14567494666667,0.00877673358023978
2,ScomberJaponicus,SSP1-2.6,2.53627157283951,Scomber japonicus,Mid-trophic species,9,2.53708523,-0.000813657160489978
2,ScomberJaponicus,SSP5-8.5,2.54115806666667,Scomber japonicus,Mid-trophic species,9,2.53708523,0.00407283666667002
2,ScomberomorusNiphonius,SSP1-2.6,3.0754344,Scomberomorus niphonius,Predator,2,3.08600794666667,-0.0105735466666701
2,ScomberomorusNiphonius,SSP5-8.5,3.07463651234568,Scomberomorus niphonius,Predator,2,3.08600794666667,-0.0113714343209899
2,TodarodesPacificus,SSP1-2.6,2.42755425555556,Todarodes pacificus,Invertebrate,6,2.43250478333333,-0.00495052777776994
2,TodarodesPacificus,SSP5-8.5,2.43192894691358,Todarodes pacificus,Invertebrate,6,2.43250478333333,-0.000575836419749898
2,TrachurusJaponicus,SSP1-2.6,2.68757747654321,Trachurus japonicus,Mid-trophic species,14,2.68478745333333,0.00279002320987987
2,TrachurusJaponicus,SSP5-8.5,2.67156378148148,Trachurus japonicus,Mid-trophic species,14,2.68478745333333,-0.0132236718518501
2,TrachysalambriaCurvirostris,SSP1-2.6,2.2759616617284,Trachysalambria curvirostris,Invertebrate,7,2.27338496333333,0.00257669839507013
2,TrachysalambriaCurvirostris,SSP5-8.5,2.28003892716049,Trachysalambria curvirostris,Invertebrate,7,2.27338496333333,0.00665396382715988
2,TrichiurusJaponicus,SSP1-2.6,2.78409955679012,Trichiurus japonicus,Predator,3,2.78503295,-0.000933393209880062
2,TrichiurusJaponicus,SSP5-8.5,2.78273513950617,Trichiurus japonicus,Predator,3,2.78503295,-0.00229781049383027
3,DecapterusMaruadsi,SSP1-2.6,2.72268938148148,Decapterus maruadsi,Mid-trophic species,10,2.70801136,0.0146780214814801
3,DecapterusMaruadsi,SSP5-8.5,2.72560706419753,Decapterus maruadsi,Mid-trophic species,10,2.70801136,0.0175957041975301
3,EngraulisJaponicus,SSP1-2.6,2.32796379506173,Engraulis japonicus,Prey,1,2.32897034666667,-0.00100655160494023
3,EngraulisJaponicus,SSP5-8.5,2.32077992469136,Engraulis japonicus,Prey,1,2.32897034666667,-0.00819042197531017
3,LarimichthysPolyactis,SSP1-2.6,2.60634308395062,Larimichthys polyactis,Mid-trophic species,13,2.59151494,0.0148281439506199
3,LarimichthysPolyactis,SSP5-8.5,2.61438431111111,Larimichthys polyactis,Mid-trophic species,13,2.59151494,0.0228693711111099
3,MiichthysMiiuy,SSP1-2.6,3.01546612716049,Miichthys miiuy,Predator,5,3.01338845,0.00207767716049023
3,MiichthysMiiuy,SSP5-8.5,3.01230385432099,Miichthys miiuy,Predator,5,3.01338845,-0.00108459567900976
3,MuraenesoxCinereus,SSP1-2.6,3.11220683333333,Muraenesox cinereus,Predator,4,3.12117033,-0.00896349666667007
3,MuraenesoxCinereus,SSP5-8.5,3.11587692839506,Muraenesox cinereus,Predator,4,3.12117033,-0.00529340160493996
3,PampusArgenteus,SSP1-2.6,2.82005685308642,Pampus argenteus,Mid-trophic species,12,2.83811499,-0.0180581369135799
3,PampusArgenteus,SSP5-8.5,2.82352450617284,Pampus argenteus,Mid-trophic species,12,2.83811499,-0.0145904838271598
3,PennahiaArgentata,SSP1-2.6,2.89775075185185,Pennahia argentata,Mid-trophic species,11,2.89754393333333,0.000206818518520002
3,PennahiaArgentata,SSP5-8.5,2.90389631604938,Pennahia argentata,Mid-trophic species,11,2.89754393333333,0.0063523827160501
3,PortunusTrituberculatus,SSP1-2.6,2.15332227037037,Portunus trituberculatus,Invertebrate,8,2.14604427666667,0.00727799370369997
3,PortunusTrituberculatus,SSP5-8.5,2.15192228271605,Portunus trituberculatus,Invertebrate,8,2.14604427666667,0.00587800604938016
3,ScomberJaponicus,SSP1-2.6,2.53901016790123,Scomber japonicus,Mid-trophic species,9,2.53944506,-0.00043489209876979
3,ScomberJaponicus,SSP5-8.5,2.54017428765432,Scomber japonicus,Mid-trophic species,9,2.53944506,0.000729227654320042
3,ScomberomorusNiphonius,SSP1-2.6,3.07910718888889,Scomberomorus niphonius,Predator,2,3.09044139333333,-0.0113342044444402
3,ScomberomorusNiphonius,SSP5-8.5,3.07750511234568,Scomberomorus niphonius,Predator,2,3.09044139333333,-0.0129362809876503
3,TodarodesPacificus,SSP1-2.6,2.42637477530864,Todarodes pacificus,Invertebrate,6,2.43551098333333,-0.00913620802469017
3,TodarodesPacificus,SSP5-8.5,2.42626915802469,Todarodes pacificus,Invertebrate,6,2.43551098333333,-0.00924182530864037
3,TrachurusJaponicus,SSP1-2.6,2.67996016049383,Trachurus japonicus,Mid-trophic species,14,2.67645471,0.00350545049383033
3,TrachurusJaponicus,SSP5-8.5,2.67807896049383,Trachurus japonicus,Mid-trophic species,14,2.67645471,0.00162425049383019
3,TrachysalambriaCurvirostris,SSP1-2.6,2.27186330123457,Trachysalambria curvirostris,Invertebrate,7,2.28196793,-0.0101046287654301
3,TrachysalambriaCurvirostris,SSP5-8.5,2.28040717407407,Trachysalambria curvirostris,Invertebrate,7,2.28196793,-0.00156075592592986
3,TrichiurusJaponicus,SSP1-2.6,2.77848484320988,Trichiurus japonicus,Predator,3,2.79084622,-0.0123613767901203
3,TrichiurusJaponicus,SSP5-8.5,2.78357098888889,Trichiurus japonicus,Predator,3,2.79084622,-0.00727523111111017
4,DecapterusMaruadsi,SSP1-2.6,2.70985328395062,Decapterus maruadsi,Mid-trophic species,10,2.71523956333333,-0.00538627938270997
4,DecapterusMaruadsi,SSP5-8.5,2.72294592222222,Decapterus maruadsi,Mid-trophic species,10,2.71523956333333,0.00770635888888993
4,EngraulisJaponicus,SSP1-2.6,2.33098234814815,Engraulis japonicus,Prey,1,2.32917078333333,0.00181156481481981
4,EngraulisJaponicus,SSP5-8.5,2.32408721728395,Engraulis japonicus,Prey,1,2.32917078333333,-0.00508356604938021
4,LarimichthysPolyactis,SSP1-2.6,2.59985363950617,Larimichthys polyactis,Mid-trophic species,13,2.61589470666667,-0.0160410671604998
4,LarimichthysPolyactis,SSP5-8.5,2.60682031604938,Larimichthys polyactis,Mid-trophic species,13,2.61589470666667,-0.0090743906172901
4,MiichthysMiiuy,SSP1-2.6,3.01101698518519,Miichthys miiuy,Predator,5,3.01611273333333,-0.00509574814814018
4,MiichthysMiiuy,SSP5-8.5,3.01154950493827,Miichthys miiuy,Predator,5,3.01611273333333,-0.00456322839506029
4,MuraenesoxCinereus,SSP1-2.6,3.1108062037037,Muraenesox cinereus,Predator,4,3.11472524666667,-0.0039190429629703
4,MuraenesoxCinereus,SSP5-8.5,3.1127981308642,Muraenesox cinereus,Predator,4,3.11472524666667,-0.00192711580247007
4,PampusArgenteus,SSP1-2.6,2.81614105432099,Pampus argenteus,Mid-trophic species,12,2.82944261,-0.0133015556790101
4,PampusArgenteus,SSP5-8.5,2.81694533827161,Pampus argenteus,Mid-trophic species,12,2.82944261,-0.0124972717283902
4,PennahiaArgentata,SSP1-2.6,2.88589174074074,Pennahia argentata,Mid-trophic species,11,2.88090930333333,0.00498243740740989
4,PennahiaArgentata,SSP5-8.5,2.89636392716049,Pennahia argentata,Mid-trophic species,11,2.88090930333333,0.0154546238271602
4,PortunusTrituberculatus,SSP1-2.6,2.1494920345679,Portunus trituberculatus,Invertebrate,8,2.13785454333333,0.0116374912345703
4,PortunusTrituberculatus,SSP5-8.5,2.15448090740741,Portunus trituberculatus,Invertebrate,8,2.13785454333333,0.0166263640740802
4,ScomberJaponicus,SSP1-2.6,2.53832124567901,Scomber japonicus,Mid-trophic species,9,2.53692088333333,0.00140036234567997
4,ScomberJaponicus,SSP5-8.5,2.5392820691358,Scomber japonicus,Mid-trophic species,9,2.53692088333333,0.00236118580246991
4,ScomberomorusNiphonius,SSP1-2.6,3.08702370493827,Scomberomorus niphonius,Predator,2,3.08761304,-0.00058933506173009
4,ScomberomorusNiphonius,SSP5-8.5,3.07577509753086,Scomberomorus niphonius,Predator,2,3.08761304,-0.0118379424691399
4,TodarodesPacificus,SSP1-2.6,2.42379430246914,Todarodes pacificus,Invertebrate,6,2.43204101,-0.00824670753085988
4,TodarodesPacificus,SSP5-8.5,2.42363712469136,Todarodes pacificus,Invertebrate,6,2.43204101,-0.00840388530863967
4,TrachurusJaponicus,SSP1-2.6,2.67100589382716,Trachurus japonicus,Mid-trophic species,14,2.66668286666667,0.00432302716048971
4,TrachurusJaponicus,SSP5-8.5,2.67947974444444,Trachurus japonicus,Mid-trophic species,14,2.66668286666667,0.0127968777777698
4,TrachysalambriaCurvirostris,SSP1-2.6,2.27321384444444,Trachysalambria curvirostris,Invertebrate,7,2.27267312666667,0.00054071777776965
4,TrachysalambriaCurvirostris,SSP5-8.5,2.27149698024691,Trachysalambria curvirostris,Invertebrate,7,2.27267312666667,-0.00117614641976038
4,TrichiurusJaponicus,SSP1-2.6,2.78768150123457,Trichiurus japonicus,Predator,3,2.78916273333333,-0.00148123209876028
4,TrichiurusJaponicus,SSP5-8.5,2.78142973950617,Trichiurus japonicus,Predator,3,2.78916273333333,-0.00773299382716042
5,DecapterusMaruadsi,SSP1-2.6,2.72124417530864,Decapterus maruadsi,Mid-trophic species,10,2.71346104333333,0.00778313197531011
5,DecapterusMaruadsi,SSP5-8.5,2.72725229506173,Decapterus maruadsi,Mid-trophic species,10,2.71346104333333,0.0137912517284002
5,EngraulisJaponicus,SSP1-2.6,2.32568157777778,Engraulis japonicus,Prey,1,2.34277879,-0.0170972122222199
5,EngraulisJaponicus,SSP5-8.5,2.32849151851852,Engraulis japonicus,Prey,1,2.34277879,-0.0142872714814799
5,LarimichthysPolyactis,SSP1-2.6,2.59960814691358,Larimichthys polyactis,Mid-trophic species,13,2.60977737,-0.0101692230864203
5,LarimichthysPolyactis,SSP5-8.5,2.60897957654321,Larimichthys polyactis,Mid-trophic species,13,2.60977737,-0.000797793456789986
5,MiichthysMiiuy,SSP1-2.6,3.00422738888889,Miichthys miiuy,Predator,5,3.03305685,-0.0288294611111097
5,MiichthysMiiuy,SSP5-8.5,3.00982930123457,Miichthys miiuy,Predator,5,3.03305685,-0.0232275487654299
5,MuraenesoxCinereus,SSP1-2.6,3.10920051975309,Muraenesox cinereus,Predator,4,3.11379896666667,-0.00459844691358002
5,MuraenesoxCinereus,SSP5-8.5,3.11213759506173,Muraenesox cinereus,Predator,4,3.11379896666667,-0.00166137160494007
5,PampusArgenteus,SSP1-2.6,2.81349278271605,Pampus argenteus,Mid-trophic species,12,2.81998976666667,-0.00649698395061993
5,PampusArgenteus,SSP5-8.5,2.81909469012346,Pampus argenteus,Mid-trophic species,12,2.81998976666667,-0.000895076543209861
5,PennahiaArgentata,SSP1-2.6,2.88454271481481,Pennahia argentata,Mid-trophic species,11,2.90258793666667,-0.0180452218518599
5,PennahiaArgentata,SSP5-8.5,2.90487359259259,Pennahia argentata,Mid-trophic species,11,2.90258793666667,0.00228565592591989
5,PortunusTrituberculatus,SSP1-2.6,2.15321507037037,Portunus trituberculatus,Invertebrate,8,2.14275878666667,0.0104562837036997
5,PortunusTrituberculatus,SSP5-8.5,2.15229309259259,Portunus trituberculatus,Invertebrate,8,2.14275878666667,0.00953430592591964
5,ScomberJaponicus,SSP1-2.6,2.5380653345679,Scomber japonicus,Mid-trophic species,9,2.53825240333333,-0.000187068765429732
5,ScomberJaponicus,SSP5-8.5,2.53987134320988,Scomber japonicus,Mid-trophic species,9,2.53825240333333,0.00161893987655004
5,ScomberomorusNiphonius,SSP1-2.6,3.07796405308642,Scomberomorus niphonius,Predator,2,3.0873032,-0.00933914691358018
5,ScomberomorusNiphonius,SSP5-8.5,3.0757217308642,Scomberomorus niphonius,Predator,2,3.0873032,-0.0115814691358001
5,TodarodesPacificus,SSP1-2.6,2.42459460740741,Todarodes pacificus,Invertebrate,6,2.44032332333333,-0.0157287159259201
5,TodarodesPacificus,SSP5-8.5,2.42511719382716,Todarodes pacificus,Invertebrate,6,2.44032332333333,-0.0152061295061703
5,TrachurusJaponicus,SSP1-2.6,2.68264465555556,Trachurus japonicus,Mid-trophic species,14,2.67454759333333,0.00809706222222983
5,TrachurusJaponicus,SSP5-8.5,2.67660030987654,Trachurus japonicus,Mid-trophic species,14,2.67454759333333,0.00205271654321004
5,TrachysalambriaCurvirostris,SSP1-2.6,2.26883638024691,Trachysalambria curvirostris,Invertebrate,7,2.26415960666667,0.00467677358023977
5,TrachysalambriaCurvirostris,SSP5-8.5,2.27277109259259,Trachysalambria curvirostris,Invertebrate,7,2.26415960666667,0.00861148592592009
5,TrichiurusJaponicus,SSP1-2.6,2.78812989135803,Trichiurus japonicus,Predator,3,2.77923071333333,0.00889917802470031
5,TrichiurusJaponicus,SSP5-8.5,2.78288765925926,Trichiurus japonicus,Predator,3,2.77923071333333,0.00365694592593036
6,DecapterusMaruadsi,SSP1-2.6,2.71987664074074,Decapterus maruadsi,Mid-trophic species,10,2.71887873333333,0.000997907407410015
6,DecapterusMaruadsi,SSP5-8.5,2.72199871481482,Decapterus maruadsi,Mid-trophic species,10,2.71887873333333,0.00311998148148973
6,EngraulisJaponicus,SSP1-2.6,2.32897116049383,Engraulis japonicus,Prey,1,2.32869032333333,0.000280837160500091
6,EngraulisJaponicus,SSP5-8.5,2.32740610123457,Engraulis japonicus,Prey,1,2.32869032333333,-0.00128422209875989
6,LarimichthysPolyactis,SSP1-2.6,2.5960475962963,Larimichthys polyactis,Mid-trophic species,13,2.58218401,0.0138635862962997
6,LarimichthysPolyactis,SSP5-8.5,2.60993550123457,Larimichthys polyactis,Mid-trophic species,13,2.58218401,0.0277514912345698
6,MiichthysMiiuy,SSP1-2.6,3.00866952098765,Miichthys miiuy,Predator,5,3.02867659,-0.0200070690123497
6,MiichthysMiiuy,SSP5-8.5,3.01555486790123,Miichthys miiuy,Predator,5,3.02867659,-0.0131217220987701
6,MuraenesoxCinereus,SSP1-2.6,3.10817077407407,Muraenesox cinereus,Predator,4,3.11585016666667,-0.00767939259259975
6,MuraenesoxCinereus,SSP5-8.5,3.11297628395062,Muraenesox cinereus,Predator,4,3.11585016666667,-0.00287388271604971
6,PampusArgenteus,SSP1-2.6,2.80886209135802,Pampus argenteus,Mid-trophic species,12,2.83869304333333,-0.0298309519753102
6,PampusArgenteus,SSP5-8.5,2.82314935061728,Pampus argenteus,Mid-trophic species,12,2.83869304333333,-0.0155436927160499
6,PennahiaArgentata,SSP1-2.6,2.88421565061728,Pennahia argentata,Mid-trophic species,11,2.90215795666667,-0.0179423060493904
6,PennahiaArgentata,SSP5-8.5,2.91154908765432,Pennahia argentata,Mid-trophic species,11,2.90215795666667,0.00939113098764999
6,PortunusTrituberculatus,SSP1-2.6,2.15212127530864,Portunus trituberculatus,Invertebrate,8,2.13900618666667,0.0131150886419702
6,PortunusTrituberculatus,SSP5-8.5,2.15433312592593,Portunus trituberculatus,Invertebrate,8,2.13900618666667,0.0153269392592601
6,ScomberJaponicus,SSP1-2.6,2.53616025925926,Scomber japonicus,Mid-trophic species,9,2.53582553333333,0.000334725925930091
6,ScomberJaponicus,SSP5-8.5,2.53649594197531,Scomber japonicus,Mid-trophic species,9,2.53582553333333,0.000670408641980202
6,ScomberomorusNiphonius,SSP1-2.6,3.08791890617284,Scomberomorus niphonius,Predator,2,3.09280513333333,-0.00488622716048992
6,ScomberomorusNiphonius,SSP5-8.5,3.07754051851852,Scomberomorus niphonius,Predator,2,3.09280513333333,-0.0152646148148099
6,TodarodesPacificus,SSP1-2.6,2.4253324691358,Todarodes pacificus,Invertebrate,6,2.43817228666667,-0.0128398175308702
6,TodarodesPacificus,SSP5-8.5,2.42646110493827,Todarodes pacificus,Invertebrate,6,2.43817228666667,-0.0117111817284004
6,TrachurusJaponicus,SSP1-2.6,2.69281308148148,Trachurus japonicus,Mid-trophic species,14,2.67743489333333,0.0153781881481501
6,TrachurusJaponicus,SSP5-8.5,2.6864492691358,Trachurus japonicus,Mid-trophic species,14,2.67743489333333,0.00901437580247011
6,TrachysalambriaCurvirostris,SSP1-2.6,2.27187718765432,Trachysalambria curvirostris,Invertebrate,7,2.27521807,-0.0033408823456802
6,TrachysalambriaCurvirostris,SSP5-8.5,2.27867411481481,Trachysalambria curvirostris,Invertebrate,7,2.27521807,0.00345604481480999
6,TrichiurusJaponicus,SSP1-2.6,2.78659683580247,Trichiurus japonicus,Predator,3,2.78505767333333,0.0015391624691401
6,TrichiurusJaponicus,SSP5-8.5,2.78446068395062,Trichiurus japonicus,Predator,3,2.78505767333333,-0.000596989382710245
7,DecapterusMaruadsi,SSP1-2.6,2.72233709876543,Decapterus maruadsi,Mid-trophic species,10,2.69151229,0.0308248087654301
7,DecapterusMaruadsi,SSP5-8.5,2.72780560987654,Decapterus maruadsi,Mid-trophic species,10,2.69151229,0.0362933198765401
7,EngraulisJaponicus,SSP1-2.6,2.31910845061728,Engraulis japonicus,Prey,1,2.33645711333333,-0.0173486627160502
7,EngraulisJaponicus,SSP5-8.5,2.32390321604938,Engraulis japonicus,Prey,1,2.33645711333333,-0.0125538972839498
7,LarimichthysPolyactis,SSP1-2.6,2.59394642839506,Larimichthys polyactis,Mid-trophic species,13,2.61746318666667,-0.0235167582716098
7,LarimichthysPolyactis,SSP5-8.5,2.6073509617284,Larimichthys polyactis,Mid-trophic species,13,2.61746318666667,-0.0101122249382701
7,MiichthysMiiuy,SSP1-2.6,3.00295830123457,Miichthys miiuy,Predator,5,3.03349077,-0.0305324687654296
7,MiichthysMiiuy,SSP5-8.5,3.0105335,Miichthys miiuy,Predator,5,3.03349077,-0.0229572699999996
7,MuraenesoxCinereus,SSP1-2.6,3.10515467654321,Muraenesox cinereus,Predator,4,3.11384373666667,-0.00868906012345994
7,MuraenesoxCinereus,SSP5-8.5,3.11169375679012,Muraenesox cinereus,Predator,4,3.11384373666667,-0.00214997987654986
7,PampusArgenteus,SSP1-2.6,2.81951424197531,Pampus argenteus,Mid-trophic species,12,2.82249397,-0.00297972802469015
7,PampusArgenteus,SSP5-8.5,2.8189531654321,Pampus argenteus,Mid-trophic species,12,2.82249397,-0.00354080456789996
7,PennahiaArgentata,SSP1-2.6,2.89307183209877,Pennahia argentata,Mid-trophic species,11,2.89120377,0.00186806209876966
7,PennahiaArgentata,SSP5-8.5,2.9061475617284,Pennahia argentata,Mid-trophic species,11,2.89120377,0.0149437917283999
7,PortunusTrituberculatus,SSP1-2.6,2.15205990740741,Portunus trituberculatus,Invertebrate,8,2.14250054333333,0.00955936407408009
7,PortunusTrituberculatus,SSP5-8.5,2.1528351654321,Portunus trituberculatus,Invertebrate,8,2.14250054333333,0.0103346220987701
7,ScomberJaponicus,SSP1-2.6,2.5379095654321,Scomber japonicus,Mid-trophic species,9,2.54254434333333,-0.00463477790123035
7,ScomberJaponicus,SSP5-8.5,2.53752885061728,Scomber japonicus,Mid-trophic species,9,2.54254434333333,-0.00501549271604995
7,ScomberomorusNiphonius,SSP1-2.6,3.07891211851852,Scomberomorus niphonius,Predator,2,3.10158205333333,-0.0226699348148096
7,ScomberomorusNiphonius,SSP5-8.5,3.07434498271605,Scomberomorus niphonius,Predator,2,3.10158205333333,-0.02723707061728
7,TodarodesPacificus,SSP1-2.6,2.42780625185185,Todarodes pacificus,Invertebrate,6,2.43101503333333,-0.00320878148147985
7,TodarodesPacificus,SSP5-8.5,2.42474255308642,Todarodes pacificus,Invertebrate,6,2.43101503333333,-0.00627248024690985
7,TrachurusJaponicus,SSP1-2.6,2.67218493580247,Trachurus japonicus,Mid-trophic species,14,2.67258137333333,-0.000396437530860272
7,TrachurusJaponicus,SSP5-8.5,2.68111381358025,Trachurus japonicus,Mid-trophic species,14,2.67258137333333,0.00853244024692001
7,TrachysalambriaCurvirostris,SSP1-2.6,2.27247893827161,Trachysalambria curvirostris,Invertebrate,7,2.27037641,0.00210252827161028
7,TrachysalambriaCurvirostris,SSP5-8.5,2.2799459691358,Trachysalambria curvirostris,Invertebrate,7,2.27037641,0.00956955913580027
7,TrichiurusJaponicus,SSP1-2.6,2.78061557407407,Trichiurus japonicus,Predator,3,2.78535148666667,-0.00473591259259987
7,TrichiurusJaponicus,SSP5-8.5,2.78029408888889,Trichiurus japonicus,Predator,3,2.78535148666667,-0.00505739777777992
8,DecapterusMaruadsi,SSP1-2.6,2.72716451111111,Decapterus maruadsi,Mid-trophic species,10,2.70708842,0.0200760911111102
8,DecapterusMaruadsi,SSP5-8.5,2.72293753333333,Decapterus maruadsi,Mid-trophic species,10,2.70708842,0.0158491133333301
8,EngraulisJaponicus,SSP1-2.6,2.32520509135802,Engraulis japonicus,Prey,1,2.33109403333333,-0.00588894197531031
8,EngraulisJaponicus,SSP5-8.5,2.31997499753086,Engraulis japonicus,Prey,1,2.33109403333333,-0.0111190358024702
8,LarimichthysPolyactis,SSP1-2.6,2.59435597530864,Larimichthys polyactis,Mid-trophic species,13,2.60928536666667,-0.0149293913580304
8,LarimichthysPolyactis,SSP5-8.5,2.60871538765432,Larimichthys polyactis,Mid-trophic species,13,2.60928536666667,-0.000569979012350341
8,MiichthysMiiuy,SSP1-2.6,3.01240031851852,Miichthys miiuy,Predator,5,3.01864682,-0.00624650148147987
8,MiichthysMiiuy,SSP5-8.5,3.00932164320988,Miichthys miiuy,Predator,5,3.01864682,-0.0093251767901199
8,MuraenesoxCinereus,SSP1-2.6,3.11104527407407,Muraenesox cinereus,Predator,4,3.11323268666667,-0.00218741259260025
8,MuraenesoxCinereus,SSP5-8.5,3.11470748148148,Muraenesox cinereus,Predator,4,3.11323268666667,0.00147479481480994
8,PampusArgenteus,SSP1-2.6,2.82211360987654,Pampus argenteus,Mid-trophic species,12,2.82278070333333,-0.00066709345679028
8,PampusArgenteus,SSP5-8.5,2.80718278641975,Pampus argenteus,Mid-trophic species,12,2.82278070333333,-0.0155979169135803
8,PennahiaArgentata,SSP1-2.6,2.88882055802469,Pennahia argentata,Mid-trophic species,11,2.88029839333333,0.0085221646913598
8,PennahiaArgentata,SSP5-8.5,2.90278547283951,Pennahia argentata,Mid-trophic species,11,2.88029839333333,0.0224870795061798
8,PortunusTrituberculatus,SSP1-2.6,2.15478582839506,Portunus trituberculatus,Invertebrate,8,2.13856544333333,0.0162203850617302
8,PortunusTrituberculatus,SSP5-8.5,2.15438142098765,Portunus trituberculatus,Invertebrate,8,2.13856544333333,0.0158159776543201
8,ScomberJaponicus,SSP1-2.6,2.54045985802469,Scomber japonicus,Mid-trophic species,9,2.53490016,0.00555969802469036
8,ScomberJaponicus,SSP5-8.5,2.53801785432099,Scomber japonicus,Mid-trophic species,9,2.53490016,0.00311769432099007
8,ScomberomorusNiphonius,SSP1-2.6,3.08687296666667,Scomberomorus niphonius,Predator,2,3.09672401,-0.00985104333333009
8,ScomberomorusNiphonius,SSP5-8.5,3.07775516419753,Scomberomorus niphonius,Predator,2,3.09672401,-0.0189688458024699
8,TodarodesPacificus,SSP1-2.6,2.42917972345679,Todarodes pacificus,Invertebrate,6,2.43173753666667,-0.0025578132098798
8,TodarodesPacificus,SSP5-8.5,2.42696597901235,Todarodes pacificus,Invertebrate,6,2.43173753666667,-0.00477155765431991
8,TrachurusJaponicus,SSP1-2.6,2.68462028765432,Trachurus japonicus,Mid-trophic species,14,2.67970962333333,0.00491066432098997
8,TrachurusJaponicus,SSP5-8.5,2.68896332592593,Trachurus japonicus,Mid-trophic species,14,2.67970962333333,0.00925370259259983
8,TrachysalambriaCurvirostris,SSP1-2.6,2.27062197654321,Trachysalambria curvirostris,Invertebrate,7,2.27467961,-0.00405763345679011
8,TrachysalambriaCurvirostris,SSP5-8.5,2.27471533333333,Trachysalambria curvirostris,Invertebrate,7,2.27467961,3.57233333296847e-05
8,TrichiurusJaponicus,SSP1-2.6,2.78152468148148,Trichiurus japonicus,Predator,3,2.78171061,-0.000185928518520395
8,TrichiurusJaponicus,SSP5-8.5,2.78447190740741,Trichiurus japonicus,Predator,3,2.78171061,0.00276129740740982
9,DecapterusMaruadsi,SSP1-2.6,2.7331147308642,Decapterus maruadsi,Mid-trophic species,10,2.71841829666667,0.0146964341975298
9,DecapterusMaruadsi,SSP5-8.5,2.71849678641975,Decapterus maruadsi,Mid-trophic species,10,2.71841829666667,7.84897530796691e-05
9,EngraulisJaponicus,SSP1-2.6,2.3313138691358,Engraulis japonicus,Prey,1,2.33364341666667,-0.00232954753087
9,EngraulisJaponicus,SSP5-8.5,2.32652374444444,Engraulis japonicus,Prey,1,2.33364341666667,-0.00711967222222976
9,LarimichthysPolyactis,SSP1-2.6,2.60064185185185,Larimichthys polyactis,Mid-trophic species,13,2.61489582666667,-0.01425397481482
9,LarimichthysPolyactis,SSP5-8.5,2.60160975185185,Larimichthys polyactis,Mid-trophic species,13,2.61489582666667,-0.01328607481482
9,MiichthysMiiuy,SSP1-2.6,3.0206698654321,Miichthys miiuy,Predator,5,3.0292274,-0.00855753456789987
9,MiichthysMiiuy,SSP5-8.5,3.01446150123457,Miichthys miiuy,Predator,5,3.0292274,-0.0147658987654298
9,MuraenesoxCinereus,SSP1-2.6,3.11244069259259,Muraenesox cinereus,Predator,4,3.11267107666667,-0.00023038407408027
9,MuraenesoxCinereus,SSP5-8.5,3.11145962098765,Muraenesox cinereus,Predator,4,3.11267107666667,-0.00121145567901992
9,PampusArgenteus,SSP1-2.6,2.82088294814815,Pampus argenteus,Mid-trophic species,12,2.82485473666667,-0.0039717885185202
9,PampusArgenteus,SSP5-8.5,2.81576550123457,Pampus argenteus,Mid-trophic species,12,2.82485473666667,-0.00908923543209994
9,PennahiaArgentata,SSP1-2.6,2.88704279135802,Pennahia argentata,Mid-trophic species,11,2.89936039666667,-0.0123176053086498
9,PennahiaArgentata,SSP5-8.5,2.89010404444444,Pennahia argentata,Mid-trophic species,11,2.89936039666667,-0.00925635222222976
9,PortunusTrituberculatus,SSP1-2.6,2.1544153308642,Portunus trituberculatus,Invertebrate,8,2.14259945,0.0118158808641997
9,PortunusTrituberculatus,SSP5-8.5,2.15369802345679,Portunus trituberculatus,Invertebrate,8,2.14259945,0.0110985734567901
9,ScomberJaponicus,SSP1-2.6,2.53909290864198,Scomber japonicus,Mid-trophic species,9,2.53549833666667,0.00359457197530988
9,ScomberJaponicus,SSP5-8.5,2.53956534938272,Scomber japonicus,Mid-trophic species,9,2.53549833666667,0.00406701271605003
9,ScomberomorusNiphonius,SSP1-2.6,3.08890053333333,Scomberomorus niphonius,Predator,2,3.09337509,-0.00447455666666974
9,ScomberomorusNiphonius,SSP5-8.5,3.07344637654321,Scomberomorus niphonius,Predator,2,3.09337509,-0.0199287134567898
9,TodarodesPacificus,SSP1-2.6,2.42885780493827,Todarodes pacificus,Invertebrate,6,2.43966730333333,-0.01080949839506
9,TodarodesPacificus,SSP5-8.5,2.42259541975309,Todarodes pacificus,Invertebrate,6,2.43966730333333,-0.0170718835802401
9,TrachurusJaponicus,SSP1-2.6,2.67690679753086,Trachurus japonicus,Mid-trophic species,14,2.66377285,0.0131339475308598
9,TrachurusJaponicus,SSP5-8.5,2.67936995679012,Trachurus japonicus,Mid-trophic species,14,2.66377285,0.0155971067901199
9,TrachysalambriaCurvirostris,SSP1-2.6,2.27900337160494,Trachysalambria curvirostris,Invertebrate,7,2.28477069,-0.00576731839506017
9,TrachysalambriaCurvirostris,SSP5-8.5,2.2709093345679,Trachysalambria curvirostris,Invertebrate,7,2.28477069,-0.0138613554321001
9,TrichiurusJaponicus,SSP1-2.6,2.78941431728395,Trichiurus japonicus,Predator,3,2.78582725333333,0.00358706395061992
9,TrichiurusJaponicus,SSP5-8.5,2.77959326419753,Trichiurus japonicus,Predator,3,2.78582725333333,-0.00623398913580031
10,DecapterusMaruadsi,SSP1-2.6,2.72934270246914,Decapterus maruadsi,Mid-trophic species,10,2.70039093,0.0289517724691399
10,DecapterusMaruadsi,SSP5-8.5,2.72064181234568,Decapterus maruadsi,Mid-trophic species,10,2.70039093,0.02025088234568
10,EngraulisJaponicus,SSP1-2.6,2.32821308148148,Engraulis japonicus,Prey,1,2.33292626,-0.00471317851851971
10,EngraulisJaponicus,SSP5-8.5,2.32376227901235,Engraulis japonicus,Prey,1,2.33292626,-0.00916398098764981
10,LarimichthysPolyactis,SSP1-2.6,2.60365424814815,Larimichthys polyactis,Mid-trophic species,13,2.60381621,-0.000161961851850023
10,LarimichthysPolyactis,SSP5-8.5,2.60345509876543,Larimichthys polyactis,Mid-trophic species,13,2.60381621,-0.000361111234570277
10,MiichthysMiiuy,SSP1-2.6,3.01900251358025,Miichthys miiuy,Predator,5,3.02278774333333,-0.00378522975308027
10,MiichthysMiiuy,SSP5-8.5,3.01572908148148,Miichthys miiuy,Predator,5,3.02278774333333,-0.00705866185185
10,MuraenesoxCinereus,SSP1-2.6,3.10966544814815,Muraenesox cinereus,Predator,4,3.10999357333333,-0.000328125185180106
10,MuraenesoxCinereus,SSP5-8.5,3.11462882345679,Muraenesox cinereus,Predator,4,3.10999357333333,0.00463525012346011
10,PampusArgenteus,SSP1-2.6,2.81380037160494,Pampus argenteus,Mid-trophic species,12,2.81085475666667,0.00294561493826961
10,PampusArgenteus,SSP5-8.5,2.81020473703704,Pampus argenteus,Mid-trophic species,12,2.81085475666667,-0.000650019629630183
10,PennahiaArgentata,SSP1-2.6,2.89373544567901,Pennahia argentata,Mid-trophic species,11,2.89146244333333,0.00227300234568029
10,PennahiaArgentata,SSP5-8.5,2.89500277654321,Pennahia argentata,Mid-trophic species,11,2.89146244333333,0.00354033320988023
10,PortunusTrituberculatus,SSP1-2.6,2.1515183617284,Portunus trituberculatus,Invertebrate,8,2.1412768,0.0102415617284
10,PortunusTrituberculatus,SSP5-8.5,2.15100627037037,Portunus trituberculatus,Invertebrate,8,2.1412768,0.00972947037036986
10,ScomberJaponicus,SSP1-2.6,2.5406871654321,Scomber japonicus,Mid-trophic species,9,2.53506226,0.00562490543210004
10,ScomberJaponicus,SSP5-8.5,2.53568058888889,Scomber japonicus,Mid-trophic species,9,2.53506226,0.000618328888889685
10,ScomberomorusNiphonius,SSP1-2.6,3.07730243580247,Scomberomorus niphonius,Predator,2,3.08799325333333,-0.0106908175308598
10,ScomberomorusNiphonius,SSP5-8.5,3.07912430493827,Scomberomorus niphonius,Predator,2,3.08799325333333,-0.00886894839505992
10,TodarodesPacificus,SSP1-2.6,2.42762904938272,Todarodes pacificus,Invertebrate,6,2.43471998,-0.00709093061727995
10,TodarodesPacificus,SSP5-8.5,2.42661283950617,Todarodes pacificus,Invertebrate,6,2.43471998,-0.00810714049383021
10,TrachurusJaponicus,SSP1-2.6,2.67398962962963,Trachurus japonicus,Mid-trophic species,14,2.66687978666667,0.00710984296296013
10,TrachurusJaponicus,SSP5-8.5,2.68036819012346,Trachurus japonicus,Mid-trophic species,14,2.66687978666667,0.0134884034567904
10,TrachysalambriaCurvirostris,SSP1-2.6,2.26590576790123,Trachysalambria curvirostris,Invertebrate,7,2.27869788666667,-0.0127921187654398
10,TrachysalambriaCurvirostris,SSP5-8.5,2.28137669382716,Trachysalambria curvirostris,Invertebrate,7,2.27869788666667,0.00267880716048996
10,TrichiurusJaponicus,SSP1-2.6,2.78154257283951,Trichiurus japonicus,Predator,3,2.78251028666667,-0.00096771382716021
10,TrichiurusJaponicus,SSP5-8.5,2.77508201728395,Trichiurus japonicus,Predator,3,2.78251028666667,-0.00742826938272012
11,DecapterusMaruadsi,SSP1-2.6,2.71955018271605,Decapterus maruadsi,Mid-trophic species,10,2.72201987333333,-0.00246969061727986
11,DecapterusMaruadsi,SSP5-8.5,2.71590173209877,Decapterus maruadsi,Mid-trophic species,10,2.72201987333333,-0.00611814123455989
11,EngraulisJaponicus,SSP1-2.6,2.32422577160494,Engraulis japonicus,Prey,1,2.33344172,-0.00921594839506001
11,EngraulisJaponicus,SSP5-8.5,2.32829155555556,Engraulis japonicus,Prey,1,2.33344172,-0.00515016444444028
11,LarimichthysPolyactis,SSP1-2.6,2.59948342469136,Larimichthys polyactis,Mid-trophic species,13,2.59665321,0.00283021469136013
11,LarimichthysPolyactis,SSP5-8.5,2.61504458765432,Larimichthys polyactis,Mid-trophic species,13,2.59665321,0.0183913776543201
11,MiichthysMiiuy,SSP1-2.6,3.01166018765432,Miichthys miiuy,Predator,5,3.02417243,-0.01251224234568
11,MiichthysMiiuy,SSP5-8.5,3.01962102098765,Miichthys miiuy,Predator,5,3.02417243,-0.00455140901234996
11,MuraenesoxCinereus,SSP1-2.6,3.10851410864198,Muraenesox cinereus,Predator,4,3.11663392,-0.00811981135802009
11,MuraenesoxCinereus,SSP5-8.5,3.11252690246914,Muraenesox cinereus,Predator,4,3.11663392,-0.00410701753085974
11,PampusArgenteus,SSP1-2.6,2.8135984962963,Pampus argenteus,Mid-trophic species,12,2.81265292,0.000945576296299766
11,PampusArgenteus,SSP5-8.5,2.82426397901235,Pampus argenteus,Mid-trophic species,12,2.81265292,0.0116110590123499
11,PennahiaArgentata,SSP1-2.6,2.8920512037037,Pennahia argentata,Mid-trophic species,11,2.89535440666667,-0.00330320296296982
11,PennahiaArgentata,SSP5-8.5,2.89427529753086,Pennahia argentata,Mid-trophic species,11,2.89535440666667,-0.00107910913581
11,PortunusTrituberculatus,SSP1-2.6,2.15113094444444,Portunus trituberculatus,Invertebrate,8,2.14439433,0.00673661444444029
11,PortunusTrituberculatus,SSP5-8.5,2.1518919037037,Portunus trituberculatus,Invertebrate,8,2.14439433,0.00749757370369997
11,ScomberJaponicus,SSP1-2.6,2.53887257283951,Scomber japonicus,Mid-trophic species,9,2.53942277666667,-0.00055020382716009
11,ScomberJaponicus,SSP5-8.5,2.53705421358025,Scomber japonicus,Mid-trophic species,9,2.53942277666667,-0.00236856308642031
11,ScomberomorusNiphonius,SSP1-2.6,3.08505744197531,Scomberomorus niphonius,Predator,2,3.09298168,-0.00792423802468978
11,ScomberomorusNiphonius,SSP5-8.5,3.0813079962963,Scomberomorus niphonius,Predator,2,3.09298168,-0.0116736837036999
11,TodarodesPacificus,SSP1-2.6,2.42541836790123,Todarodes pacificus,Invertebrate,6,2.43603743666667,-0.0106190687654402
11,TodarodesPacificus,SSP5-8.5,2.42776155802469,Todarodes pacificus,Invertebrate,6,2.43603743666667,-0.00827587864198032
11,TrachurusJaponicus,SSP1-2.6,2.69937736049383,Trachurus japonicus,Mid-trophic species,14,2.68960953333333,0.00976782716050018
11,TrachurusJaponicus,SSP5-8.5,2.66493035925926,Trachurus japonicus,Mid-trophic species,14,2.68960953333333,-0.0246791740740697
11,TrachysalambriaCurvirostris,SSP1-2.6,2.27510096049383,Trachysalambria curvirostris,Invertebrate,7,2.27807555333333,-0.00297459283950019
11,TrachysalambriaCurvirostris,SSP5-8.5,2.27981448518519,Trachysalambria curvirostris,Invertebrate,7,2.27807555333333,0.00173893185185969
11,TrichiurusJaponicus,SSP1-2.6,2.78279998395062,Trichiurus japonicus,Predator,3,2.77902304,0.00377694395061967
11,TrichiurusJaponicus,SSP5-8.5,2.78584845925926,Trichiurus japonicus,Predator,3,2.77902304,0.00682541925925984
12,DecapterusMaruadsi,SSP1-2.6,2.7245117691358,Decapterus maruadsi,Mid-trophic species,10,2.7024531,0.0220586691358
12,DecapterusMaruadsi,SSP5-8.5,2.72058694691358,Decapterus maruadsi,Mid-trophic species,10,2.7024531,0.0181338469135799
12,EngraulisJaponicus,SSP1-2.6,2.32528696419753,Engraulis japonicus,Prey,1,2.33124006,-0.00595309580246983
12,EngraulisJaponicus,SSP5-8.5,2.32591857037037,Engraulis japonicus,Prey,1,2.33124006,-0.00532148962962964
12,LarimichthysPolyactis,SSP1-2.6,2.59565445802469,Larimichthys polyactis,Mid-trophic species,13,2.59828008,-0.00262562197531002
12,LarimichthysPolyactis,SSP5-8.5,2.6005888308642,Larimichthys polyactis,Mid-trophic species,13,2.59828008,0.0023087508641999
12,MiichthysMiiuy,SSP1-2.6,2.99964644567901,Miichthys miiuy,Predator,5,3.02955437666667,-0.02990793098766
12,MiichthysMiiuy,SSP5-8.5,3.00913271234568,Miichthys miiuy,Predator,5,3.02955437666667,-0.02042166432099
12,MuraenesoxCinereus,SSP1-2.6,3.11279407901235,Muraenesox cinereus,Predator,4,3.11464521666667,-0.00185113765431977
12,MuraenesoxCinereus,SSP5-8.5,3.11112771234568,Muraenesox cinereus,Predator,4,3.11464521666667,-0.00351750432098985
12,PampusArgenteus,SSP1-2.6,2.80913031728395,Pampus argenteus,Mid-trophic species,12,2.82167768,-0.0125473627160502
12,PampusArgenteus,SSP5-8.5,2.81601152839506,Pampus argenteus,Mid-trophic species,12,2.82167768,-0.00566615160493988
12,PennahiaArgentata,SSP1-2.6,2.88926876790123,Pennahia argentata,Mid-trophic species,11,2.89673602333333,-0.00746725543210003
12,PennahiaArgentata,SSP5-8.5,2.89853999012346,Pennahia argentata,Mid-trophic species,11,2.89673602333333,0.00180396679012995
12,PortunusTrituberculatus,SSP1-2.6,2.15217522345679,Portunus trituberculatus,Invertebrate,8,2.14294728666667,0.00922793679012024
12,PortunusTrituberculatus,SSP5-8.5,2.15409487407407,Portunus trituberculatus,Invertebrate,8,2.14294728666667,0.0111475874074003
12,ScomberJaponicus,SSP1-2.6,2.53764697777778,Scomber japonicus,Mid-trophic species,9,2.53922137333333,-0.00157439555554983
12,ScomberJaponicus,SSP5-8.5,2.53444125802469,Scomber japonicus,Mid-trophic species,9,2.53922137333333,-0.0047801153086402
12,ScomberomorusNiphonius,SSP1-2.6,3.0795331654321,Scomberomorus niphonius,Predator,2,3.08954858,-0.0100154145679001
12,ScomberomorusNiphonius,SSP5-8.5,3.07312210246914,Scomberomorus niphonius,Predator,2,3.08954858,-0.0164264775308602
12,TodarodesPacificus,SSP1-2.6,2.43058135555556,Todarodes pacificus,Invertebrate,6,2.43037458666667,0.000206768888890263
12,TodarodesPacificus,SSP5-8.5,2.42199802469136,Todarodes pacificus,Invertebrate,6,2.43037458666667,-0.00837656197531
12,TrachurusJaponicus,SSP1-2.6,2.67363522345679,Trachurus japonicus,Mid-trophic species,14,2.67117123,0.00246399345678983
12,TrachurusJaponicus,SSP5-8.5,2.69312799382716,Trachurus japonicus,Mid-trophic species,14,2.67117123,0.0219567638271601
12,TrachysalambriaCurvirostris,SSP1-2.6,2.27597662222222,Trachysalambria curvirostris,Invertebrate,7,2.26977355666667,0.00620306555555006
12,TrachysalambriaCurvirostris,SSP5-8.5,2.28048001111111,Trachysalambria curvirostris,Invertebrate,7,2.26977355666667,0.0107064544444402
12,TrichiurusJaponicus,SSP1-2.6,2.78518324567901,Trichiurus japonicus,Predator,3,2.79002464,-0.00484139432098996
12,TrichiurusJaponicus,SSP5-8.5,2.78092638641975,Trichiurus japonicus,Predator,3,2.79002464,-0.00909825358024996
13,DecapterusMaruadsi,SSP1-2.6,2.71433525061728,Decapterus maruadsi,Mid-trophic species,10,2.71550963333333,-0.00117438271605019
13,DecapterusMaruadsi,SSP5-8.5,2.72715290246914,Decapterus maruadsi,Mid-trophic species,10,2.71550963333333,0.0116432691358099
13,EngraulisJaponicus,SSP1-2.6,2.32891041728395,Engraulis japonicus,Prey,1,2.33652750666667,-0.0076170893827201
13,EngraulisJaponicus,SSP5-8.5,2.32476173827161,Engraulis japonicus,Prey,1,2.33652750666667,-0.0117657683950601
13,LarimichthysPolyactis,SSP1-2.6,2.59585989012346,Larimichthys polyactis,Mid-trophic species,13,2.61597370333333,-0.0201138132098699
13,LarimichthysPolyactis,SSP5-8.5,2.60143352716049,Larimichthys polyactis,Mid-trophic species,13,2.61597370333333,-0.0145401761728401
13,MiichthysMiiuy,SSP1-2.6,3.00289294320988,Miichthys miiuy,Predator,5,3.01947858333333,-0.0165856401234499
13,MiichthysMiiuy,SSP5-8.5,3.00758507777778,Miichthys miiuy,Predator,5,3.01947858333333,-0.01189350555555
13,MuraenesoxCinereus,SSP1-2.6,3.10939675925926,Muraenesox cinereus,Predator,4,3.11354293666667,-0.00414617740740963
13,MuraenesoxCinereus,SSP5-8.5,3.11098238765432,Muraenesox cinereus,Predator,4,3.11354293666667,-0.0025605490123497
13,PampusArgenteus,SSP1-2.6,2.81733315432099,Pampus argenteus,Mid-trophic species,12,2.83434402,-0.0170108656790102
13,PampusArgenteus,SSP5-8.5,2.81700671481482,Pampus argenteus,Mid-trophic species,12,2.83434402,-0.0173373051851802
13,PennahiaArgentata,SSP1-2.6,2.88739394074074,Pennahia argentata,Mid-trophic species,11,2.89500186333333,-0.00760792259259002
13,PennahiaArgentata,SSP5-8.5,2.90320866419753,Pennahia argentata,Mid-trophic species,11,2.89500186333333,0.00820680086420023
13,PortunusTrituberculatus,SSP1-2.6,2.14972023209877,Portunus trituberculatus,Invertebrate,8,2.13921410333333,0.01050612876544
13,PortunusTrituberculatus,SSP5-8.5,2.15395033209877,Portunus trituberculatus,Invertebrate,8,2.13921410333333,0.01473622876544
13,ScomberJaponicus,SSP1-2.6,2.53678843580247,Scomber japonicus,Mid-trophic species,9,2.5374114,-0.000622964197529718
13,ScomberJaponicus,SSP5-8.5,2.53824949876543,Scomber japonicus,Mid-trophic species,9,2.5374114,0.000838098765429951
13,ScomberomorusNiphonius,SSP1-2.6,3.08968370123457,Scomberomorus niphonius,Predator,2,3.0906109,-0.000927198765430237
13,ScomberomorusNiphonius,SSP5-8.5,3.0709175962963,Scomberomorus niphonius,Predator,2,3.0906109,-0.0196933037037002
13,TodarodesPacificus,SSP1-2.6,2.42171982716049,Todarodes pacificus,Invertebrate,6,2.43369715666667,-0.01197732950618
13,TodarodesPacificus,SSP5-8.5,2.4270752345679,Todarodes pacificus,Invertebrate,6,2.43369715666667,-0.00662192209876977
13,TrachurusJaponicus,SSP1-2.6,2.6809770037037,Trachurus japonicus,Mid-trophic species,14,2.68613237,-0.0051553662963002
13,TrachurusJaponicus,SSP5-8.5,2.67841384320988,Trachurus japonicus,Mid-trophic species,14,2.68613237,-0.00771852679012008
13,TrachysalambriaCurvirostris,SSP1-2.6,2.27941801604938,Trachysalambria curvirostris,Invertebrate,7,2.26560721333333,0.0138108027160504
13,TrachysalambriaCurvirostris,SSP5-8.5,2.26922861234568,Trachysalambria curvirostris,Invertebrate,7,2.26560721333333,0.00362139901235015
13,TrichiurusJaponicus,SSP1-2.6,2.78183419259259,Trichiurus japonicus,Predator,3,2.78599556,-0.00416136740741013
13,TrichiurusJaponicus,SSP5-8.5,2.77790528271605,Trichiurus japonicus,Predator,3,2.78599556,-0.00809027728394973
14,DecapterusMaruadsi,SSP1-2.6,2.72218648641975,Decapterus maruadsi,Mid-trophic species,10,2.72641315333333,-0.00422666691357998
14,DecapterusMaruadsi,SSP5-8.5,2.7226263,Decapterus maruadsi,Mid-trophic species,10,2.72641315333333,-0.00378685333333006
14,EngraulisJaponicus,SSP1-2.6,2.32763399135802,Engraulis japonicus,Prey,1,2.33260880666667,-0.00497481530864974
14,EngraulisJaponicus,SSP5-8.5,2.32452641234568,Engraulis japonicus,Prey,1,2.33260880666667,-0.00808239432099001
14,LarimichthysPolyactis,SSP1-2.6,2.59818850740741,Larimichthys polyactis,Mid-trophic species,13,2.60341043,-0.00522192259259002
14,LarimichthysPolyactis,SSP5-8.5,2.6072737037037,Larimichthys polyactis,Mid-trophic species,13,2.60341043,0.0038632737037001
14,MiichthysMiiuy,SSP1-2.6,3.00525203827161,Miichthys miiuy,Predator,5,3.03221225666667,-0.0269602183950601
14,MiichthysMiiuy,SSP5-8.5,3.01337671851852,Miichthys miiuy,Predator,5,3.03221225666667,-0.0188355381481502
14,MuraenesoxCinereus,SSP1-2.6,3.10952652716049,Muraenesox cinereus,Predator,4,3.11297639,-0.00344986283950988
14,MuraenesoxCinereus,SSP5-8.5,3.11420104197531,Muraenesox cinereus,Predator,4,3.11297639,0.00122465197530985
14,PampusArgenteus,SSP1-2.6,2.81499771481482,Pampus argenteus,Mid-trophic species,12,2.81505298666667,-5.52718518496143e-05
14,PampusArgenteus,SSP5-8.5,2.81494708765432,Pampus argenteus,Mid-trophic species,12,2.81505298666667,-0.000105899012349919
14,PennahiaArgentata,SSP1-2.6,2.88917058641975,Pennahia argentata,Mid-trophic species,11,2.88588924666667,0.0032813397530802
14,PennahiaArgentata,SSP5-8.5,2.90422705308642,Pennahia argentata,Mid-trophic species,11,2.88588924666667,0.0183378064197499
14,PortunusTrituberculatus,SSP1-2.6,2.15105734691358,Portunus trituberculatus,Invertebrate,8,2.13913983,0.0119175169135799
14,PortunusTrituberculatus,SSP5-8.5,2.15340930987654,Portunus trituberculatus,Invertebrate,8,2.13913983,0.0142694798765399
14,ScomberJaponicus,SSP1-2.6,2.53737013950617,Scomber japonicus,Mid-trophic species,9,2.54180816666667,-0.00443802716050001
14,ScomberJaponicus,SSP5-8.5,2.53896072962963,Scomber japonicus,Mid-trophic species,9,2.54180816666667,-0.00284743703703994
14,ScomberomorusNiphonius,SSP1-2.6,3.08183704938272,Scomberomorus niphonius,Predator,2,3.10044045666667,-0.0186034072839503
14,ScomberomorusNiphonius,SSP5-8.5,3.07732637777778,Scomberomorus niphonius,Predator,2,3.10044045666667,-0.0231140788888902
14,TodarodesPacificus,SSP1-2.6,2.4226870617284,Todarodes pacificus,Invertebrate,6,2.43322991666667,-0.01054285493827
14,TodarodesPacificus,SSP5-8.5,2.42581248024691,Todarodes pacificus,Invertebrate,6,2.43322991666667,-0.00741743641976012
14,TrachurusJaponicus,SSP1-2.6,2.6856965691358,Trachurus japonicus,Mid-trophic species,14,2.67809711333333,0.0075994558024699
14,TrachurusJaponicus,SSP5-8.5,2.69405940617284,Trachurus japonicus,Mid-trophic species,14,2.67809711333333,0.01596229283951
14,TrachysalambriaCurvirostris,SSP1-2.6,2.27458368765432,Trachysalambria curvirostris,Invertebrate,7,2.26570002,0.00888366765431981
14,TrachysalambriaCurvirostris,SSP5-8.5,2.27893959382716,Trachysalambria curvirostris,Invertebrate,7,2.26570002,0.01323957382716
14,TrichiurusJaponicus,SSP1-2.6,2.7799130345679,Trichiurus japonicus,Predator,3,2.78643211333333,-0.00651907876542968
14,TrichiurusJaponicus,SSP5-8.5,2.78370604320988,Trichiurus japonicus,Predator,3,2.78643211333333,-0.00272607012344972
15,DecapterusMaruadsi,SSP1-2.6,2.72505369506173,Decapterus maruadsi,Mid-trophic species,10,2.71134642,0.01370727506173
15,DecapterusMaruadsi,SSP5-8.5,2.72297302716049,Decapterus maruadsi,Mid-trophic species,10,2.71134642,0.01162660716049
15,EngraulisJaponicus,SSP1-2.6,2.32534649259259,Engraulis japonicus,Prey,1,2.33169751666667,-0.00635102407408006
15,EngraulisJaponicus,SSP5-8.5,2.32381768395062,Engraulis japonicus,Prey,1,2.33169751666667,-0.00787983271604986
15,LarimichthysPolyactis,SSP1-2.6,2.59204646666667,Larimichthys polyactis,Mid-trophic species,13,2.60190425666667,-0.00985778999999987
15,LarimichthysPolyactis,SSP5-8.5,2.59846405432099,Larimichthys polyactis,Mid-trophic species,13,2.60190425666667,-0.0034402023456801
15,MiichthysMiiuy,SSP1-2.6,3.0041669345679,Miichthys miiuy,Predator,5,3.02839940666667,-0.0242324720987699
15,MiichthysMiiuy,SSP5-8.5,3.0091974654321,Miichthys miiuy,Predator,5,3.02839940666667,-0.0192019412345701
15,MuraenesoxCinereus,SSP1-2.6,3.10757158641975,Muraenesox cinereus,Predator,4,3.12088003,-0.0133084435802497
15,MuraenesoxCinereus,SSP5-8.5,3.11324540617284,Muraenesox cinereus,Predator,4,3.12088003,-0.00763462382716007
15,PampusArgenteus,SSP1-2.6,2.81911270246914,Pampus argenteus,Mid-trophic species,12,2.84635719,-0.0272444875308602
15,PampusArgenteus,SSP5-8.5,2.81371562222222,Pampus argenteus,Mid-trophic species,12,2.84635719,-0.0326415677777798
15,PennahiaArgentata,SSP1-2.6,2.88243442222222,Pennahia argentata,Mid-trophic species,11,2.88923579,-0.00680136777778007
15,PennahiaArgentata,SSP5-8.5,2.9099848617284,Pennahia argentata,Mid-trophic species,11,2.88923579,0.0207490717284
15,PortunusTrituberculatus,SSP1-2.6,2.15004804814815,Portunus trituberculatus,Invertebrate,8,2.13869373,0.0113543181481499
15,PortunusTrituberculatus,SSP5-8.5,2.15670014691358,Portunus trituberculatus,Invertebrate,8,2.13869373,0.0180064169135798
15,ScomberJaponicus,SSP1-2.6,2.53877790493827,Scomber japonicus,Mid-trophic species,9,2.54088385333333,-0.00210594839505962
15,ScomberJaponicus,SSP5-8.5,2.53467423950617,Scomber japonicus,Mid-trophic species,9,2.54088385333333,-0.0062096138271599
15,ScomberomorusNiphonius,SSP1-2.6,3.07846782962963,Scomberomorus niphonius,Predator,2,3.09295061,-0.0144827803703698
15,ScomberomorusNiphonius,SSP5-8.5,3.0750567617284,Scomberomorus niphonius,Predator,2,3.09295061,-0.0178938482716
15,TodarodesPacificus,SSP1-2.6,2.42540599382716,Todarodes pacificus,Invertebrate,6,2.43179198666667,-0.00638599283951002
15,TodarodesPacificus,SSP5-8.5,2.42218027654321,Todarodes pacificus,Invertebrate,6,2.43179198666667,-0.00961171012346007
15,TrachurusJaponicus,SSP1-2.6,2.68525568271605,Trachurus japonicus,Mid-trophic species,14,2.69847085333333,-0.0132151706172801
15,TrachurusJaponicus,SSP5-8.5,2.67967967530864,Trachurus japonicus,Mid-trophic species,14,2.69847085333333,-0.0187911780246903
15,TrachysalambriaCurvirostris,SSP1-2.6,2.27861341728395,Trachysalambria curvirostris,Invertebrate,7,2.27754868,0.00106473728394985
15,TrachysalambriaCurvirostris,SSP5-8.5,2.27739597654321,Trachysalambria curvirostris,Invertebrate,7,2.27754868,-0.000152703456790082
15,TrichiurusJaponicus,SSP1-2.6,2.77926521975309,Trichiurus japonicus,Predator,3,2.78819271,-0.00892749024691009
15,TrichiurusJaponicus,SSP5-8.5,2.77976713827161,Trichiurus japonicus,Predator,3,2.78819271,-0.00842557172839031
16,DecapterusMaruadsi,SSP1-2.6,2.7326096962963,Decapterus maruadsi,Mid-trophic species,10,2.72119325333333,0.01141644296297
16,DecapterusMaruadsi,SSP5-8.5,2.71773327777778,Decapterus maruadsi,Mid-trophic species,10,2.72119325333333,-0.00345997555555
16,EngraulisJaponicus,SSP1-2.6,2.32393916049383,Engraulis japonicus,Prey,1,2.3324418,-0.00850263950616981
16,EngraulisJaponicus,SSP5-8.5,2.32206944320988,Engraulis japonicus,Prey,1,2.3324418,-0.0103723567901199
16,LarimichthysPolyactis,SSP1-2.6,2.6018080308642,Larimichthys polyactis,Mid-trophic species,13,2.61170220666667,-0.00989417580246998
16,LarimichthysPolyactis,SSP5-8.5,2.6036660345679,Larimichthys polyactis,Mid-trophic species,13,2.61170220666667,-0.00803617209877006
16,MiichthysMiiuy,SSP1-2.6,3.01418314691358,Miichthys miiuy,Predator,5,3.02156767333333,-0.00738452641975007
16,MiichthysMiiuy,SSP5-8.5,3.00883075061728,Miichthys miiuy,Predator,5,3.02156767333333,-0.0127369227160501
16,MuraenesoxCinereus,SSP1-2.6,3.10965923209877,Muraenesox cinereus,Predator,4,3.11690511666667,-0.00724588456789999
16,MuraenesoxCinereus,SSP5-8.5,3.11551143827161,Muraenesox cinereus,Predator,4,3.11690511666667,-0.00139367839506033
16,PampusArgenteus,SSP1-2.6,2.81294314320988,Pampus argenteus,Mid-trophic species,12,2.81658126666667,-0.00363812345678971
16,PampusArgenteus,SSP5-8.5,2.82837697654321,Pampus argenteus,Mid-trophic species,12,2.81658126666667,0.01179570987654
16,PennahiaArgentata,SSP1-2.6,2.88998009012346,Pennahia argentata,Mid-trophic species,11,2.88709944666667,0.00288064345678984
16,PennahiaArgentata,SSP5-8.5,2.90109791111111,Pennahia argentata,Mid-trophic species,11,2.88709944666667,0.0139984644444402
16,PortunusTrituberculatus,SSP1-2.6,2.15063470123457,Portunus trituberculatus,Invertebrate,8,2.13992257666667,0.0107121245679003
16,PortunusTrituberculatus,SSP5-8.5,2.15580129506173,Portunus trituberculatus,Invertebrate,8,2.13992257666667,0.0158787183950602
16,ScomberJaponicus,SSP1-2.6,2.53912294938272,Scomber japonicus,Mid-trophic species,9,2.53500402333333,0.00411892604938968
16,ScomberJaponicus,SSP5-8.5,2.53746641481481,Scomber japonicus,Mid-trophic species,9,2.53500402333333,0.00246239148147964
16,ScomberomorusNiphonius,SSP1-2.6,3.08393360246914,Scomberomorus niphonius,Predator,2,3.09879766666667,-0.0148640641975302
16,ScomberomorusNiphonius,SSP5-8.5,3.07293122962963,Scomberomorus niphonius,Predator,2,3.09879766666667,-0.0258664370370401
16,TodarodesPacificus,SSP1-2.6,2.42826716419753,Todarodes pacificus,Invertebrate,6,2.43580759333333,-0.00754042913579989
16,TodarodesPacificus,SSP5-8.5,2.42410674444444,Todarodes pacificus,Invertebrate,6,2.43580759333333,-0.0117008488888901
16,TrachurusJaponicus,SSP1-2.6,2.67680207160494,Trachurus japonicus,Mid-trophic species,14,2.66775171666667,0.00905035493827011
16,TrachurusJaponicus,SSP5-8.5,2.66423136790123,Trachurus japonicus,Mid-trophic species,14,2.66775171666667,-0.00352034876544005
16,TrachysalambriaCurvirostris,SSP1-2.6,2.27744822962963,Trachysalambria curvirostris,Invertebrate,7,2.26926448333333,0.00818374629630014
16,TrachysalambriaCurvirostris,SSP5-8.5,2.27283235432099,Trachysalambria curvirostris,Invertebrate,7,2.26926448333333,0.00356787098766009
16,TrichiurusJaponicus,SSP1-2.6,2.78489534567901,Trichiurus japonicus,Predator,3,2.77802417,0.00687117567900986
16,TrichiurusJaponicus,SSP5-8.5,2.7808562308642,Trichiurus japonicus,Predator,3,2.77802417,0.00283206086420007
17,DecapterusMaruadsi,SSP1-2.6,2.72079434814815,Decapterus maruadsi,Mid-trophic species,10,2.71651547,0.00427887814814998
17,DecapterusMaruadsi,SSP5-8.5,2.7186661037037,Decapterus maruadsi,Mid-trophic species,10,2.71651547,0.00215063370370006
17,EngraulisJaponicus,SSP1-2.6,2.32608829259259,Engraulis japonicus,Prey,1,2.33267065666667,-0.00658236407408008
17,EngraulisJaponicus,SSP5-8.5,2.32293754320988,Engraulis japonicus,Prey,1,2.33267065666667,-0.00973311345678995
17,LarimichthysPolyactis,SSP1-2.6,2.60270854814815,Larimichthys polyactis,Mid-trophic species,13,2.60654725,-0.00383870185185042
17,LarimichthysPolyactis,SSP5-8.5,2.60439978641975,Larimichthys polyactis,Mid-trophic species,13,2.60654725,-0.00214746358025009
17,MiichthysMiiuy,SSP1-2.6,3.01269892222222,Miichthys miiuy,Predator,5,3.0258252,-0.0131262777777801
17,MiichthysMiiuy,SSP5-8.5,3.00636032098765,Miichthys miiuy,Predator,5,3.0258252,-0.0194648790123497
17,MuraenesoxCinereus,SSP1-2.6,3.11448076790123,Muraenesox cinereus,Predator,4,3.11652040333333,-0.00203963543209973
17,MuraenesoxCinereus,SSP5-8.5,3.11508550246914,Muraenesox cinereus,Predator,4,3.11652040333333,-0.00143490086418963
17,PampusArgenteus,SSP1-2.6,2.81799384691358,Pampus argenteus,Mid-trophic species,12,2.83375177,-0.01575792308642
17,PampusArgenteus,SSP5-8.5,2.82723644197531,Pampus argenteus,Mid-trophic species,12,2.83375177,-0.0065153280246899
17,PennahiaArgentata,SSP1-2.6,2.89052836296296,Pennahia argentata,Mid-trophic species,11,2.89495183,-0.00442346703704022
17,PennahiaArgentata,SSP5-8.5,2.9015686654321,Pennahia argentata,Mid-trophic species,11,2.89495183,0.00661683543209968
17,PortunusTrituberculatus,SSP1-2.6,2.15238775555556,Portunus trituberculatus,Invertebrate,8,2.14228211,0.0101056455555599
17,PortunusTrituberculatus,SSP5-8.5,2.14811244444444,Portunus trituberculatus,Invertebrate,8,2.14228211,0.00583033444444014
17,ScomberJaponicus,SSP1-2.6,2.54043558641975,Scomber japonicus,Mid-trophic species,9,2.53868722,0.00174836641975018
17,ScomberJaponicus,SSP5-8.5,2.53819117654321,Scomber japonicus,Mid-trophic species,9,2.53868722,-0.000496043456789774
17,ScomberomorusNiphonius,SSP1-2.6,3.08826676790123,Scomberomorus niphonius,Predator,2,3.09426873333333,-0.00600196543209997
17,ScomberomorusNiphonius,SSP5-8.5,3.07465678024691,Scomberomorus niphonius,Predator,2,3.09426873333333,-0.0196119530864203
17,TodarodesPacificus,SSP1-2.6,2.42386793950617,Todarodes pacificus,Invertebrate,6,2.43235214,-0.0084842004938297
17,TodarodesPacificus,SSP5-8.5,2.42709956049383,Todarodes pacificus,Invertebrate,6,2.43235214,-0.00525257950616975
17,TrachurusJaponicus,SSP1-2.6,2.68590735432099,Trachurus japonicus,Mid-trophic species,14,2.67194213,0.01396522432099
17,TrachurusJaponicus,SSP5-8.5,2.68813631358025,Trachurus japonicus,Mid-trophic species,14,2.67194213,0.0161941835802497
17,TrachysalambriaCurvirostris,SSP1-2.6,2.2665594345679,Trachysalambria curvirostris,Invertebrate,7,2.2762424,-0.00968296543210023
17,TrachysalambriaCurvirostris,SSP5-8.5,2.27656325555556,Trachysalambria curvirostris,Invertebrate,7,2.2762424,0.000320855555560051
17,TrichiurusJaponicus,SSP1-2.6,2.7896943617284,Trichiurus japonicus,Predator,3,2.78412614333333,0.00556821839506982
17,TrichiurusJaponicus,SSP5-8.5,2.78659769382716,Trichiurus japonicus,Predator,3,2.78412614333333,0.00247155049382997
18,DecapterusMaruadsi,SSP1-2.6,2.72427709259259,Decapterus maruadsi,Mid-trophic species,10,2.71229148666667,0.0119856059259198
18,DecapterusMaruadsi,SSP5-8.5,2.72170617654321,Decapterus maruadsi,Mid-trophic species,10,2.71229148666667,0.00941468987653993
18,EngraulisJaponicus,SSP1-2.6,2.32658737283951,Engraulis japonicus,Prey,1,2.33616886666667,-0.00958149382715989
18,EngraulisJaponicus,SSP5-8.5,2.32188195555556,Engraulis japonicus,Prey,1,2.33616886666667,-0.0142869111111099
18,LarimichthysPolyactis,SSP1-2.6,2.5992783962963,Larimichthys polyactis,Mid-trophic species,13,2.61688055,-0.0176021537036997
18,LarimichthysPolyactis,SSP5-8.5,2.59323876666667,Larimichthys polyactis,Mid-trophic species,13,2.61688055,-0.0236417833333298
18,MiichthysMiiuy,SSP1-2.6,3.01162359012346,Miichthys miiuy,Predator,5,3.02069808,-0.0090744898765398
18,MiichthysMiiuy,SSP5-8.5,3.01348248888889,Miichthys miiuy,Predator,5,3.02069808,-0.00721559111110981
18,MuraenesoxCinereus,SSP1-2.6,3.11123192345679,Muraenesox cinereus,Predator,4,3.10759302,0.00363890345678986
18,MuraenesoxCinereus,SSP5-8.5,3.11137445185185,Muraenesox cinereus,Predator,4,3.10759302,0.00378143185184987
18,PampusArgenteus,SSP1-2.6,2.81349662592593,Pampus argenteus,Mid-trophic species,12,2.85081222333333,-0.0373155974074
18,PampusArgenteus,SSP5-8.5,2.82117931975309,Pampus argenteus,Mid-trophic species,12,2.85081222333333,-0.0296329035802398
18,PennahiaArgentata,SSP1-2.6,2.87982511358025,Pennahia argentata,Mid-trophic species,11,2.88482272333333,-0.00499760975307995
18,PennahiaArgentata,SSP5-8.5,2.89468422469136,Pennahia argentata,Mid-trophic species,11,2.88482272333333,0.0098615013580301
18,PortunusTrituberculatus,SSP1-2.6,2.15601844444444,Portunus trituberculatus,Invertebrate,8,2.14200846666667,0.01400997777777
18,PortunusTrituberculatus,SSP5-8.5,2.14897340987654,Portunus trituberculatus,Invertebrate,8,2.14200846666667,0.00696494320987018
18,ScomberJaponicus,SSP1-2.6,2.54088911358025,Scomber japonicus,Mid-trophic species,9,2.53623723666667,0.00465187691357993
18,ScomberJaponicus,SSP5-8.5,2.53686034320988,Scomber japonicus,Mid-trophic species,9,2.53623723666667,0.00062310654320985
18,ScomberomorusNiphonius,SSP1-2.6,3.08593714691358,Scomberomorus niphonius,Predator,2,3.09037484333333,-0.00443769641975011
18,ScomberomorusNiphonius,SSP5-8.5,3.07588056666667,Scomberomorus niphonius,Predator,2,3.09037484333333,-0.0144942766666598
18,TodarodesPacificus,SSP1-2.6,2.42885271975309,Todarodes pacificus,Invertebrate,6,2.43345441333333,-0.00460169358023999
18,TodarodesPacificus,SSP5-8.5,2.43086370246914,Todarodes pacificus,Invertebrate,6,2.43345441333333,-0.00259071086418983
18,TrachurusJaponicus,SSP1-2.6,2.68505785185185,Trachurus japonicus,Mid-trophic species,14,2.67084319333333,0.0142146585185201
18,TrachurusJaponicus,SSP5-8.5,2.6774264308642,Trachurus japonicus,Mid-trophic species,14,2.67084319333333,0.00658323753087009
18,TrachysalambriaCurvirostris,SSP1-2.6,2.27535986049383,Trachysalambria curvirostris,Invertebrate,7,2.26911359666667,0.00624626382716009
18,TrachysalambriaCurvirostris,SSP5-8.5,2.27740292592593,Trachysalambria curvirostris,Invertebrate,7,2.26911359666667,0.00828932925926029
18,TrichiurusJaponicus,SSP1-2.6,2.78562391234568,Trichiurus japonicus,Predator,3,2.78350145,0.00212246234567992
18,TrichiurusJaponicus,SSP5-8.5,2.78228346666667,Trichiurus japonicus,Predator,3,2.78350145,-0.00121798333333034
19,DecapterusMaruadsi,SSP1-2.6,2.72799899012346,Decapterus maruadsi,Mid-trophic species,10,2.72535990666667,0.0026390834567902
19,DecapterusMaruadsi,SSP5-8.5,2.72074045679012,Decapterus maruadsi,Mid-trophic species,10,2.72535990666667,-0.00461944987654972
19,EngraulisJaponicus,SSP1-2.6,2.32675546790123,Engraulis japonicus,Prey,1,2.33557980333333,-0.00882433543210004
19,EngraulisJaponicus,SSP5-8.5,2.32639456666667,Engraulis japonicus,Prey,1,2.33557980333333,-0.00918523666666005
19,LarimichthysPolyactis,SSP1-2.6,2.60584001234568,Larimichthys polyactis,Mid-trophic species,13,2.61821386,-0.0123738476543198
19,LarimichthysPolyactis,SSP5-8.5,2.60777160246914,Larimichthys polyactis,Mid-trophic species,13,2.61821386,-0.01044225753086
19,MiichthysMiiuy,SSP1-2.6,3.01472311851852,Miichthys miiuy,Predator,5,3.01651987666667,-0.00179675814815017
19,MiichthysMiiuy,SSP5-8.5,3.01058824074074,Miichthys miiuy,Predator,5,3.01651987666667,-0.00593163592593005
19,MuraenesoxCinereus,SSP1-2.6,3.10920953827161,Muraenesox cinereus,Predator,4,3.11541502,-0.00620548172839008
19,MuraenesoxCinereus,SSP5-8.5,3.11526462962963,Muraenesox cinereus,Predator,4,3.11541502,-0.000150390370369902
19,PampusArgenteus,SSP1-2.6,2.81652652962963,Pampus argenteus,Mid-trophic species,12,2.83045803,-0.0139315003703699
19,PampusArgenteus,SSP5-8.5,2.8206289037037,Pampus argenteus,Mid-trophic species,12,2.83045803,-0.00982912629629995
19,PennahiaArgentata,SSP1-2.6,2.88820670864198,Pennahia argentata,Mid-trophic species,11,2.88681770666667,0.00138900197531022
19,PennahiaArgentata,SSP5-8.5,2.89614112592593,Pennahia argentata,Mid-trophic species,11,2.88681770666667,0.00932341925926039
19,PortunusTrituberculatus,SSP1-2.6,2.15432786666667,Portunus trituberculatus,Invertebrate,8,2.14205515,0.0122727166666698
19,PortunusTrituberculatus,SSP5-8.5,2.15184895802469,Portunus trituberculatus,Invertebrate,8,2.14205515,0.00979380802468999
19,ScomberJaponicus,SSP1-2.6,2.53821280493827,Scomber japonicus,Mid-trophic species,9,2.54230313666667,-0.00409033172840001
19,ScomberJaponicus,SSP5-8.5,2.54128117160494,Scomber japonicus,Mid-trophic species,9,2.54230313666667,-0.0010219650617298
19,ScomberomorusNiphonius,SSP1-2.6,3.08450735555556,Scomberomorus niphonius,Predator,2,3.10149348666667,-0.0169861311111101
19,ScomberomorusNiphonius,SSP5-8.5,3.07788109506173,Scomberomorus niphonius,Predator,2,3.10149348666667,-0.02361239160494
19,TodarodesPacificus,SSP1-2.6,2.42855367777778,Todarodes pacificus,Invertebrate,6,2.43585682666667,-0.00730314888888994
19,TodarodesPacificus,SSP5-8.5,2.42757182098765,Todarodes pacificus,Invertebrate,6,2.43585682666667,-0.00828500567902024
19,TrachurusJaponicus,SSP1-2.6,2.6914002654321,Trachurus japonicus,Mid-trophic species,14,2.65363124333333,0.0377690220987703
19,TrachurusJaponicus,SSP5-8.5,2.67492956790123,Trachurus japonicus,Mid-trophic species,14,2.65363124333333,0.0212983245679004
19,TrachysalambriaCurvirostris,SSP1-2.6,2.27052311604938,Trachysalambria curvirostris,Invertebrate,7,2.28336474666667,-0.0128416306172898
19,TrachysalambriaCurvirostris,SSP5-8.5,2.27128288518519,Trachysalambria curvirostris,Invertebrate,7,2.28336474666667,-0.0120818614814802
19,TrichiurusJaponicus,SSP1-2.6,2.78291174814815,Trichiurus japonicus,Predator,3,2.78358099,-0.000669241851849911
19,TrichiurusJaponicus,SSP5-8.5,2.78232938765432,Trichiurus japonicus,Predator,3,2.78358099,-0.00125160234567989
20,DecapterusMaruadsi,SSP1-2.6,2.72900181851852,Decapterus maruadsi,Mid-trophic species,10,2.72184939,0.00715242851851983
20,DecapterusMaruadsi,SSP5-8.5,2.7236339962963,Decapterus maruadsi,Mid-trophic species,10,2.72184939,0.00178460629630006
20,EngraulisJaponicus,SSP1-2.6,2.32316737037037,Engraulis japonicus,Prey,1,2.33692436333333,-0.0137569929629597
20,EngraulisJaponicus,SSP5-8.5,2.32663924567901,Engraulis japonicus,Prey,1,2.33692436333333,-0.0102851176543197
20,LarimichthysPolyactis,SSP1-2.6,2.59529337160494,Larimichthys polyactis,Mid-trophic species,13,2.60248772666667,-0.00719435506172994
20,LarimichthysPolyactis,SSP5-8.5,2.6051587345679,Larimichthys polyactis,Mid-trophic species,13,2.60248772666667,0.0026710079012302
20,MiichthysMiiuy,SSP1-2.6,3.00969456049383,Miichthys miiuy,Predator,5,3.01889391333333,-0.00919935283950002
20,MiichthysMiiuy,SSP5-8.5,3.01442328148148,Miichthys miiuy,Predator,5,3.01889391333333,-0.00447063185184993
20,MuraenesoxCinereus,SSP1-2.6,3.10720165185185,Muraenesox cinereus,Predator,4,3.11041958666667,-0.00321793481482002
20,MuraenesoxCinereus,SSP5-8.5,3.11317835061728,Muraenesox cinereus,Predator,4,3.11041958666667,0.00275876395060992
20,PampusArgenteus,SSP1-2.6,2.81337119506173,Pampus argenteus,Mid-trophic species,12,2.82432780666667,-0.0109566116049402
20,PampusArgenteus,SSP5-8.5,2.82373590493827,Pampus argenteus,Mid-trophic species,12,2.82432780666667,-0.000591901728399957
20,PennahiaArgentata,SSP1-2.6,2.89026999012346,Pennahia argentata,Mid-trophic species,11,2.89249352666667,-0.00222353654320973
20,PennahiaArgentata,SSP5-8.5,2.89722040740741,Pennahia argentata,Mid-trophic species,11,2.89249352666667,0.00472688074074013
20,PortunusTrituberculatus,SSP1-2.6,2.15153012839506,Portunus trituberculatus,Invertebrate,8,2.13954285,0.0119872783950599
20,PortunusTrituberculatus,SSP5-8.5,2.15489576790123,Portunus trituberculatus,Invertebrate,8,2.13954285,0.0153529179012297
20,ScomberJaponicus,SSP1-2.6,2.53887534814815,Scomber japonicus,Mid-trophic species,9,2.53693735,0.00193799814814977
20,ScomberJaponicus,SSP5-8.5,2.53628556419753,Scomber japonicus,Mid-trophic species,9,2.53693735,-0.000651785802470162
20,ScomberomorusNiphonius,SSP1-2.6,3.07961598765432,Scomberomorus niphonius,Predator,2,3.08175659,-0.00214060234567981
20,ScomberomorusNiphonius,SSP5-8.5,3.07671637777778,Scomberomorus niphonius,Predator,2,3.08175659,-0.00504021222221995
20,TodarodesPacificus,SSP1-2.6,2.42790512716049,Todarodes pacificus,Invertebrate,6,2.43568399,-0.00777886283950968
20,TodarodesPacificus,SSP5-8.5,2.42430851481481,Todarodes pacificus,Invertebrate,6,2.43568399,-0.01137547518519
20,TrachurusJaponicus,SSP1-2.6,2.68824319753086,Trachurus japonicus,Mid-trophic species,14,2.67820433,0.0100388675308603
20,TrachurusJaponicus,SSP5-8.5,2.68248338641975,Trachurus japonicus,Mid-trophic species,14,2.67820433,0.00427905641975013
20,TrachysalambriaCurvirostris,SSP1-2.6,2.27609003950617,Trachysalambria curvirostris,Invertebrate,7,2.27385537666667,0.0022346628394998
20,TrachysalambriaCurvirostris,SSP5-8.5,2.27515020123457,Trachysalambria curvirostris,Invertebrate,7,2.27385537666667,0.00129482456789987
20,TrichiurusJaponicus,SSP1-2.6,2.78303606790123,Trichiurus japonicus,Predator,3,2.78405887333333,-0.00102280543209998
20,TrichiurusJaponicus,SSP5-8.5,2.77642441111111,Trichiurus japonicus,Predator,3,2.78405887333333,-0.00763446222221997
21,DecapterusMaruadsi,SSP1-2.6,2.72225685432099,Decapterus maruadsi,Mid-trophic species,10,2.70787820333333,0.01437865098766
21,DecapterusMaruadsi,SSP5-8.5,2.7206057617284,Decapterus maruadsi,Mid-trophic species,10,2.70787820333333,0.0127275583950697
21,EngraulisJaponicus,SSP1-2.6,2.32428829753086,Engraulis japonicus,Prey,1,2.33147572333333,-0.00718742580246978
21,EngraulisJaponicus,SSP5-8.5,2.32392088395062,Engraulis japonicus,Prey,1,2.33147572333333,-0.00755483938270984
21,LarimichthysPolyactis,SSP1-2.6,2.59592572469136,Larimichthys polyactis,Mid-trophic species,13,2.61042643666667,-0.0145007119753098
21,LarimichthysPolyactis,SSP5-8.5,2.6041315308642,Larimichthys polyactis,Mid-trophic species,13,2.61042643666667,-0.00629490580246994
21,MiichthysMiiuy,SSP1-2.6,3.0095308654321,Miichthys miiuy,Predator,5,3.03079597,-0.0212651045678998
21,MiichthysMiiuy,SSP5-8.5,3.01335840987654,Miichthys miiuy,Predator,5,3.03079597,-0.0174375601234598
21,MuraenesoxCinereus,SSP1-2.6,3.11116531851852,Muraenesox cinereus,Predator,4,3.11548089333333,-0.0043155748148096
21,MuraenesoxCinereus,SSP5-8.5,3.11580497037037,Muraenesox cinereus,Predator,4,3.11548089333333,0.000324077037040293
21,PampusArgenteus,SSP1-2.6,2.8193041308642,Pampus argenteus,Mid-trophic species,12,2.82546598,-0.00616184913579998
21,PampusArgenteus,SSP5-8.5,2.82411083209877,Pampus argenteus,Mid-trophic species,12,2.82546598,-0.00135514790123015
21,PennahiaArgentata,SSP1-2.6,2.8893380308642,Pennahia argentata,Mid-trophic species,11,2.88451535666667,0.00482267419753013
21,PennahiaArgentata,SSP5-8.5,2.89379865802469,Pennahia argentata,Mid-trophic species,11,2.88451535666667,0.00928330135802025
21,PortunusTrituberculatus,SSP1-2.6,2.15171231358025,Portunus trituberculatus,Invertebrate,8,2.14186723333333,0.0098450802469201
21,PortunusTrituberculatus,SSP5-8.5,2.15223680617284,Portunus trituberculatus,Invertebrate,8,2.14186723333333,0.0103695728395099
21,ScomberJaponicus,SSP1-2.6,2.54207347777778,Scomber japonicus,Mid-trophic species,9,2.54415519666667,-0.00208171888889019
21,ScomberJaponicus,SSP5-8.5,2.53811388765432,Scomber japonicus,Mid-trophic species,9,2.54415519666667,-0.00604130901235012
21,ScomberomorusNiphonius,SSP1-2.6,3.08691401111111,Scomberomorus niphonius,Predator,2,3.09951773666667,-0.01260372555556
21,ScomberomorusNiphonius,SSP5-8.5,3.0754898962963,Scomberomorus niphonius,Predator,2,3.09951773666667,-0.02402784037037
21,TodarodesPacificus,SSP1-2.6,2.42226955308642,Todarodes pacificus,Invertebrate,6,2.42914247,-0.00687291691358016
21,TodarodesPacificus,SSP5-8.5,2.42792925308642,Todarodes pacificus,Invertebrate,6,2.42914247,-0.0012132169135799
21,TrachurusJaponicus,SSP1-2.6,2.68950859382716,Trachurus japonicus,Mid-trophic species,14,2.67492316333333,0.0145854304938298
21,TrachurusJaponicus,SSP5-8.5,2.67675885802469,Trachurus japonicus,Mid-trophic species,14,2.67492316333333,0.0018356946913598
21,TrachysalambriaCurvirostris,SSP1-2.6,2.27375189259259,Trachysalambria curvirostris,Invertebrate,7,2.27915667333333,-0.00540478074074002
21,TrachysalambriaCurvirostris,SSP5-8.5,2.27717158518519,Trachysalambria curvirostris,Invertebrate,7,2.27915667333333,-0.0019850881481398
21,TrichiurusJaponicus,SSP1-2.6,2.78157,Trichiurus japonicus,Predator,3,2.78309306666667,-0.00152306666667013
21,TrichiurusJaponicus,SSP5-8.5,2.78614147160494,Trichiurus japonicus,Predator,3,2.78309306666667,0.00304840493827019
22,DecapterusMaruadsi,SSP1-2.6,2.72994252592593,Decapterus maruadsi,Mid-trophic species,10,2.69605859,0.03388393592593
22,DecapterusMaruadsi,SSP5-8.5,2.72356099506173,Decapterus maruadsi,Mid-trophic species,10,2.69605859,0.0275024050617301
22,EngraulisJaponicus,SSP1-2.6,2.32677164691358,Engraulis japonicus,Prey,1,2.32750515333333,-0.000733506419750007
22,EngraulisJaponicus,SSP5-8.5,2.32472601111111,Engraulis japonicus,Prey,1,2.32750515333333,-0.00277914222222009
22,LarimichthysPolyactis,SSP1-2.6,2.59790275555556,Larimichthys polyactis,Mid-trophic species,13,2.60937252333333,-0.0114697677777702
22,LarimichthysPolyactis,SSP5-8.5,2.59972651111111,Larimichthys polyactis,Mid-trophic species,13,2.60937252333333,-0.00964601222222017
22,MiichthysMiiuy,SSP1-2.6,3.00672295925926,Miichthys miiuy,Predator,5,3.02021152333333,-0.0134885640740703
22,MiichthysMiiuy,SSP5-8.5,3.00759689259259,Miichthys miiuy,Predator,5,3.02021152333333,-0.0126146307407402
22,MuraenesoxCinereus,SSP1-2.6,3.11081725925926,Muraenesox cinereus,Predator,4,3.1087766,0.00204065925925967
22,MuraenesoxCinereus,SSP5-8.5,3.10991744074074,Muraenesox cinereus,Predator,4,3.1087766,0.00114084074074006
22,PampusArgenteus,SSP1-2.6,2.82148035555556,Pampus argenteus,Mid-trophic species,12,2.81647666,0.00500369555555968
22,PampusArgenteus,SSP5-8.5,2.81949469506173,Pampus argenteus,Mid-trophic species,12,2.81647666,0.00301803506172993
22,PennahiaArgentata,SSP1-2.6,2.89085190493827,Pennahia argentata,Mid-trophic species,11,2.8813758,0.00947610493827034
22,PennahiaArgentata,SSP5-8.5,2.90006201481482,Pennahia argentata,Mid-trophic species,11,2.8813758,0.0186862148148204
22,PortunusTrituberculatus,SSP1-2.6,2.15562021728395,Portunus trituberculatus,Invertebrate,8,2.13263454666667,0.0229856706172797
22,PortunusTrituberculatus,SSP5-8.5,2.15396247037037,Portunus trituberculatus,Invertebrate,8,2.13263454666667,0.0213279237037001
22,ScomberJaponicus,SSP1-2.6,2.53630669753086,Scomber japonicus,Mid-trophic species,9,2.53529329,0.0010134075308601
22,ScomberJaponicus,SSP5-8.5,2.53807708518519,Scomber japonicus,Mid-trophic species,9,2.53529329,0.00278379518519012
22,ScomberomorusNiphonius,SSP1-2.6,3.08049477407407,Scomberomorus niphonius,Predator,2,3.09134455333333,-0.0108497792592601
22,ScomberomorusNiphonius,SSP5-8.5,3.07764107037037,Scomberomorus niphonius,Predator,2,3.09134455333333,-0.0137034829629603
22,TodarodesPacificus,SSP1-2.6,2.4213586345679,Todarodes pacificus,Invertebrate,6,2.41936630666667,0.00199232790123016
22,TodarodesPacificus,SSP5-8.5,2.42322273827161,Todarodes pacificus,Invertebrate,6,2.41936630666667,0.00385643160494009
22,TrachurusJaponicus,SSP1-2.6,2.67167807654321,Trachurus japonicus,Mid-trophic species,14,2.67632966666667,-0.00465159012345984
22,TrachurusJaponicus,SSP5-8.5,2.67082874567901,Trachurus japonicus,Mid-trophic species,14,2.67632966666667,-0.00550092098765997
22,TrachysalambriaCurvirostris,SSP1-2.6,2.26919722222222,Trachysalambria curvirostris,Invertebrate,7,2.28158975333333,-0.0123925311111099
22,TrachysalambriaCurvirostris,SSP5-8.5,2.27907534444444,Trachysalambria curvirostris,Invertebrate,7,2.28158975333333,-0.00251440888888999
22,TrichiurusJaponicus,SSP1-2.6,2.7812859037037,Trichiurus japonicus,Predator,3,2.78171646666667,-0.000430562962970171
22,TrichiurusJaponicus,SSP5-8.5,2.77807466790123,Trichiurus japonicus,Predator,3,2.78171646666667,-0.00364179876544002
23,DecapterusMaruadsi,SSP1-2.6,2.7143183037037,Decapterus maruadsi,Mid-trophic species,10,2.70126235,0.0130559537037001
23,DecapterusMaruadsi,SSP5-8.5,2.72499759876543,Decapterus maruadsi,Mid-trophic species,10,2.70126235,0.0237352487654299
23,EngraulisJaponicus,SSP1-2.6,2.32972165802469,Engraulis japonicus,Prey,1,2.33658341333333,-0.00686175530863986
23,EngraulisJaponicus,SSP5-8.5,2.32127200987654,Engraulis japonicus,Prey,1,2.33658341333333,-0.0153114034567898
23,LarimichthysPolyactis,SSP1-2.6,2.60234657777778,Larimichthys polyactis,Mid-trophic species,13,2.61944702333333,-0.0171004455555499
23,LarimichthysPolyactis,SSP5-8.5,2.60406618518519,Larimichthys polyactis,Mid-trophic species,13,2.61944702333333,-0.0153808381481402
23,MiichthysMiiuy,SSP1-2.6,3.00640718148148,Miichthys miiuy,Predator,5,3.02447865666667,-0.0180714751851903
23,MiichthysMiiuy,SSP5-8.5,3.01818748271605,Miichthys miiuy,Predator,5,3.02447865666667,-0.00629117395062018
23,MuraenesoxCinereus,SSP1-2.6,3.11395078148148,Muraenesox cinereus,Predator,4,3.11024834666667,0.00370243481481003
23,MuraenesoxCinereus,SSP5-8.5,3.11344743209877,Muraenesox cinereus,Predator,4,3.11024834666667,0.00319908543210001
23,PampusArgenteus,SSP1-2.6,2.81002664814815,Pampus argenteus,Mid-trophic species,12,2.81671942333333,-0.00669277518518019
23,PampusArgenteus,SSP5-8.5,2.81914744938272,Pampus argenteus,Mid-trophic species,12,2.81671942333333,0.00242802604938985
23,PennahiaArgentata,SSP1-2.6,2.9011463691358,Pennahia argentata,Mid-trophic species,11,2.89038493666667,0.0107614324691299
23,PennahiaArgentata,SSP5-8.5,2.90182148765432,Pennahia argentata,Mid-trophic species,11,2.89038493666667,0.01143655098765
23,PortunusTrituberculatus,SSP1-2.6,2.15123675308642,Portunus trituberculatus,Invertebrate,8,2.14335852,0.00787823308641977
23,PortunusTrituberculatus,SSP5-8.5,2.14736495555556,Portunus trituberculatus,Invertebrate,8,2.14335852,0.00400643555556002
23,ScomberJaponicus,SSP1-2.6,2.53994896666667,Scomber japonicus,Mid-trophic species,9,2.54180252666667,-0.00185355999999981
23,ScomberJaponicus,SSP5-8.5,2.53564876296296,Scomber japonicus,Mid-trophic species,9,2.54180252666667,-0.0061537637037099
23,ScomberomorusNiphonius,SSP1-2.6,3.08202739753086,Scomberomorus niphonius,Predator,2,3.09064853,-0.00862113246914031
23,ScomberomorusNiphonius,SSP5-8.5,3.07864751604938,Scomberomorus niphonius,Predator,2,3.09064853,-0.0120010139506204
23,TodarodesPacificus,SSP1-2.6,2.42956859382716,Todarodes pacificus,Invertebrate,6,2.43333611,-0.00376751617283988
23,TodarodesPacificus,SSP5-8.5,2.42464748518519,Todarodes pacificus,Invertebrate,6,2.43333611,-0.00868862481480992
23,TrachurusJaponicus,SSP1-2.6,2.67960680864198,Trachurus japonicus,Mid-trophic species,14,2.65635808666667,0.0232487219753104
23,TrachurusJaponicus,SSP5-8.5,2.66767677037037,Trachurus japonicus,Mid-trophic species,14,2.65635808666667,0.0113186837037
23,TrachysalambriaCurvirostris,SSP1-2.6,2.26997034814815,Trachysalambria curvirostris,Invertebrate,7,2.27454496666667,-0.00457461851851981
23,TrachysalambriaCurvirostris,SSP5-8.5,2.26707966666667,Trachysalambria curvirostris,Invertebrate,7,2.27454496666667,-0.00746529999999979
23,TrichiurusJaponicus,SSP1-2.6,2.78640170987654,Trichiurus japonicus,Predator,3,2.78764016333333,-0.00123845345679019
23,TrichiurusJaponicus,SSP5-8.5,2.78044085555556,Trichiurus japonicus,Predator,3,2.78764016333333,-0.00719930777776989
24,DecapterusMaruadsi,SSP1-2.6,2.71936437283951,Decapterus maruadsi,Mid-trophic species,10,2.71210092,0.00726345283950991
24,DecapterusMaruadsi,SSP5-8.5,2.71796401604938,Decapterus maruadsi,Mid-trophic species,10,2.71210092,0.00586309604937974
24,EngraulisJaponicus,SSP1-2.6,2.32446955679012,Engraulis japonicus,Prey,1,2.32797258666667,-0.00350302987654993
24,EngraulisJaponicus,SSP5-8.5,2.32616178148148,Engraulis japonicus,Prey,1,2.32797258666667,-0.00181080518518995
24,LarimichthysPolyactis,SSP1-2.6,2.59146199012346,Larimichthys polyactis,Mid-trophic species,13,2.59567291333333,-0.00421092320986993
24,LarimichthysPolyactis,SSP5-8.5,2.61095403580247,Larimichthys polyactis,Mid-trophic species,13,2.59567291333333,0.01528112246914
24,MiichthysMiiuy,SSP1-2.6,3.01089848641975,Miichthys miiuy,Predator,5,3.00432775333333,0.00657073308641998
24,MiichthysMiiuy,SSP5-8.5,3.00812735802469,Miichthys miiuy,Predator,5,3.00432775333333,0.00379960469135998
24,MuraenesoxCinereus,SSP1-2.6,3.11228201111111,Muraenesox cinereus,Predator,4,3.10732911333333,0.00495289777777996
24,MuraenesoxCinereus,SSP5-8.5,3.10783265432099,Muraenesox cinereus,Predator,4,3.10732911333333,0.000503540987660145
24,PampusArgenteus,SSP1-2.6,2.81355336049383,Pampus argenteus,Mid-trophic species,12,2.80458195333333,0.00897140716050027
24,PampusArgenteus,SSP5-8.5,2.81245802098765,Pampus argenteus,Mid-trophic species,12,2.80458195333333,0.00787606765432036
24,PennahiaArgentata,SSP1-2.6,2.89423511481481,Pennahia argentata,Mid-trophic species,11,2.88529513333333,0.00893998148148034
24,PennahiaArgentata,SSP5-8.5,2.90246305802469,Pennahia argentata,Mid-trophic species,11,2.88529513333333,0.0171679246913601
24,PortunusTrituberculatus,SSP1-2.6,2.15093167407407,Portunus trituberculatus,Invertebrate,8,2.13551926,0.0154124140740697
24,PortunusTrituberculatus,SSP5-8.5,2.15357721728395,Portunus trituberculatus,Invertebrate,8,2.13551926,0.0180579572839497
24,ScomberJaponicus,SSP1-2.6,2.5352590962963,Scomber japonicus,Mid-trophic species,9,2.53595208,-0.000692983703699746
24,ScomberJaponicus,SSP5-8.5,2.53615310493827,Scomber japonicus,Mid-trophic species,9,2.53595208,0.000201024938270233
24,ScomberomorusNiphonius,SSP1-2.6,3.08110683703704,Scomberomorus niphonius,Predator,2,3.09010872666667,-0.00900188962963
24,ScomberomorusNiphonius,SSP5-8.5,3.07388617901235,Scomberomorus niphonius,Predator,2,3.09010872666667,-0.0162225476543196
24,TodarodesPacificus,SSP1-2.6,2.4259527617284,Todarodes pacificus,Invertebrate,6,2.42933666,-0.00338389827160013
24,TodarodesPacificus,SSP5-8.5,2.42608805555556,Todarodes pacificus,Invertebrate,6,2.42933666,-0.00324860444443997
24,TrachurusJaponicus,SSP1-2.6,2.67065685555556,Trachurus japonicus,Mid-trophic species,14,2.69081364666667,-0.02015679111111
24,TrachurusJaponicus,SSP5-8.5,2.68736682098765,Trachurus japonicus,Mid-trophic species,14,2.69081364666667,-0.0034468256790201
24,TrachysalambriaCurvirostris,SSP1-2.6,2.27616682345679,Trachysalambria curvirostris,Invertebrate,7,2.27219107,0.00397575345678991
24,TrachysalambriaCurvirostris,SSP5-8.5,2.2739420308642,Trachysalambria curvirostris,Invertebrate,7,2.27219107,0.00175096086420012
24,TrichiurusJaponicus,SSP1-2.6,2.78627695432099,Trichiurus japonicus,Predator,3,2.78059567,0.00568128432099035
24,TrichiurusJaponicus,SSP5-8.5,2.77607860246914,Trichiurus japonicus,Predator,3,2.78059567,-0.0045170675308599
25,DecapterusMaruadsi,SSP1-2.6,2.72652885308642,Decapterus maruadsi,Mid-trophic species,10,2.72302546666667,0.00350338641974979
25,DecapterusMaruadsi,SSP5-8.5,2.73268174691358,Decapterus maruadsi,Mid-trophic species,10,2.72302546666667,0.00965628024690979
25,EngraulisJaponicus,SSP1-2.6,2.32905449876543,Engraulis japonicus,Prey,1,2.33233328,-0.00327878123456982
25,EngraulisJaponicus,SSP5-8.5,2.32292452222222,Engraulis japonicus,Prey,1,2.33233328,-0.00940875777777972
25,LarimichthysPolyactis,SSP1-2.6,2.60304539506173,Larimichthys polyactis,Mid-trophic species,13,2.60673889333333,-0.00369349827160015
25,LarimichthysPolyactis,SSP5-8.5,2.60196404938272,Larimichthys polyactis,Mid-trophic species,13,2.60673889333333,-0.00477484395061012
25,MiichthysMiiuy,SSP1-2.6,3.00750915802469,Miichthys miiuy,Predator,5,3.03052847666667,-0.02301931864198
25,MiichthysMiiuy,SSP5-8.5,3.01666284197531,Miichthys miiuy,Predator,5,3.03052847666667,-0.0138656346913599
25,MuraenesoxCinereus,SSP1-2.6,3.10943732345679,Muraenesox cinereus,Predator,4,3.11265458,-0.00321725654321003
25,MuraenesoxCinereus,SSP5-8.5,3.11271629012346,Muraenesox cinereus,Predator,4,3.11265458,6.17101234601236e-05
25,PampusArgenteus,SSP1-2.6,2.80641451975309,Pampus argenteus,Mid-trophic species,12,2.82765896,-0.0212444402469099
25,PampusArgenteus,SSP5-8.5,2.82905166296296,Pampus argenteus,Mid-trophic species,12,2.82765896,0.0013927029629599
25,PennahiaArgentata,SSP1-2.6,2.88565195802469,Pennahia argentata,Mid-trophic species,11,2.90001161333333,-0.01435965530864
25,PennahiaArgentata,SSP5-8.5,2.90378263333333,Pennahia argentata,Mid-trophic species,11,2.90001161333333,0.00377101999999985
25,PortunusTrituberculatus,SSP1-2.6,2.14927298024691,Portunus trituberculatus,Invertebrate,8,2.13841655666667,0.0108564235802402
25,PortunusTrituberculatus,SSP5-8.5,2.15643638888889,Portunus trituberculatus,Invertebrate,8,2.13841655666667,0.0180198322222203
25,ScomberJaponicus,SSP1-2.6,2.53909594197531,Scomber japonicus,Mid-trophic species,9,2.54105085333333,-0.00195491135802017
25,ScomberJaponicus,SSP5-8.5,2.53548834938272,Scomber japonicus,Mid-trophic species,9,2.54105085333333,-0.00556250395060998
25,ScomberomorusNiphonius,SSP1-2.6,3.0804003,Scomberomorus niphonius,Predator,2,3.09094396333333,-0.0105436633333302
25,ScomberomorusNiphonius,SSP5-8.5,3.07560230864198,Scomberomorus niphonius,Predator,2,3.09094396333333,-0.0153416546913503
25,TodarodesPacificus,SSP1-2.6,2.42380549876543,Todarodes pacificus,Invertebrate,6,2.42533574333333,-0.00153024456789996
25,TodarodesPacificus,SSP5-8.5,2.42136165432099,Todarodes pacificus,Invertebrate,6,2.42533574333333,-0.00397408901234009
25,TrachurusJaponicus,SSP1-2.6,2.68494004444444,Trachurus japonicus,Mid-trophic species,14,2.67113337,0.0138066744444396
25,TrachurusJaponicus,SSP5-8.5,2.67769844444444,Trachurus japonicus,Mid-trophic species,14,2.67113337,0.00656507444443966
25,TrachysalambriaCurvirostris,SSP1-2.6,2.28350155308642,Trachysalambria curvirostris,Invertebrate,7,2.27141218666667,0.0120893664197501
25,TrachysalambriaCurvirostris,SSP5-8.5,2.27080354691358,Trachysalambria curvirostris,Invertebrate,7,2.27141218666667,-0.000608639753089779
25,TrichiurusJaponicus,SSP1-2.6,2.78692603209877,Trichiurus japonicus,Predator,3,2.78355733333333,0.00336869876544021
25,TrichiurusJaponicus,SSP5-8.5,2.78406111604938,Trichiurus japonicus,Predator,3,2.78355733333333,0.000503782716049894
26,DecapterusMaruadsi,SSP1-2.6,2.73021890246914,Decapterus maruadsi,Mid-trophic species,10,2.72123428666667,0.00898461580247023
26,DecapterusMaruadsi,SSP5-8.5,2.73137775432099,Decapterus maruadsi,Mid-trophic species,10,2.72123428666667,0.0101434676543199
26,EngraulisJaponicus,SSP1-2.6,2.32588663580247,Engraulis japonicus,Prey,1,2.33856710666667,-0.0126804708642001
26,EngraulisJaponicus,SSP5-8.5,2.32501108271605,Engraulis japonicus,Prey,1,2.33856710666667,-0.0135560239506201
26,LarimichthysPolyactis,SSP1-2.6,2.59684793209877,Larimichthys polyactis,Mid-trophic species,13,2.600954,-0.00410606790123014
26,LarimichthysPolyactis,SSP5-8.5,2.60660265679012,Larimichthys polyactis,Mid-trophic species,13,2.600954,0.00564865679011994
26,MiichthysMiiuy,SSP1-2.6,3.01432415925926,Miichthys miiuy,Predator,5,3.03978030333333,-0.0254561440740702
26,MiichthysMiiuy,SSP5-8.5,3.00719048888889,Miichthys miiuy,Predator,5,3.03978030333333,-0.0325898144444401
26,MuraenesoxCinereus,SSP1-2.6,3.11523638518519,Muraenesox cinereus,Predator,4,3.10892641,0.00630997518518983
26,MuraenesoxCinereus,SSP5-8.5,3.11329529876543,Muraenesox cinereus,Predator,4,3.10892641,0.00436888876543007
26,PampusArgenteus,SSP1-2.6,2.83156562839506,Pampus argenteus,Mid-trophic species,12,2.82303440333333,0.00853122506172976
26,PampusArgenteus,SSP5-8.5,2.82753407901235,Pampus argenteus,Mid-trophic species,12,2.82303440333333,0.00449967567901988
26,PennahiaArgentata,SSP1-2.6,2.89148679012346,Pennahia argentata,Mid-trophic species,11,2.89742915,-0.00594235987653979
26,PennahiaArgentata,SSP5-8.5,2.90404994938272,Pennahia argentata,Mid-trophic species,11,2.89742915,0.00662079938272031
26,PortunusTrituberculatus,SSP1-2.6,2.15208589135802,Portunus trituberculatus,Invertebrate,8,2.14022042333333,0.0118654680246899
26,PortunusTrituberculatus,SSP5-8.5,2.15728238888889,Portunus trituberculatus,Invertebrate,8,2.14022042333333,0.0170619655555599
26,ScomberJaponicus,SSP1-2.6,2.54005305802469,Scomber japonicus,Mid-trophic species,9,2.53514381666667,0.00490924135801985
26,ScomberJaponicus,SSP5-8.5,2.54000102962963,Scomber japonicus,Mid-trophic species,9,2.53514381666667,0.00485721296296005
26,ScomberomorusNiphonius,SSP1-2.6,3.08794932469136,Scomberomorus niphonius,Predator,2,3.09157570666667,-0.00362638197530973
26,ScomberomorusNiphonius,SSP5-8.5,3.07658530864198,Scomberomorus niphonius,Predator,2,3.09157570666667,-0.0149903980246897
26,TodarodesPacificus,SSP1-2.6,2.42490010493827,Todarodes pacificus,Invertebrate,6,2.42969504333333,-0.00479493839505985
26,TodarodesPacificus,SSP5-8.5,2.43005697407407,Todarodes pacificus,Invertebrate,6,2.42969504333333,0.000361930740739869
26,TrachurusJaponicus,SSP1-2.6,2.69500965185185,Trachurus japonicus,Mid-trophic species,14,2.65313650666667,0.0418731451851802
26,TrachurusJaponicus,SSP5-8.5,2.68619628395062,Trachurus japonicus,Mid-trophic species,14,2.65313650666667,0.0330597772839503
26,TrachysalambriaCurvirostris,SSP1-2.6,2.26603224814815,Trachysalambria curvirostris,Invertebrate,7,2.28368618,-0.01765393185185
26,TrachysalambriaCurvirostris,SSP5-8.5,2.2754762654321,Trachysalambria curvirostris,Invertebrate,7,2.28368618,-0.00820991456789999
26,TrichiurusJaponicus,SSP1-2.6,2.78765486790123,Trichiurus japonicus,Predator,3,2.77826082333333,0.00939404456789994
26,TrichiurusJaponicus,SSP5-8.5,2.7851837037037,Trichiurus japonicus,Predator,3,2.77826082333333,0.00692288037037026
27,DecapterusMaruadsi,SSP1-2.6,2.7175145345679,Decapterus maruadsi,Mid-trophic species,10,2.71127397666667,0.00624055790123013
27,DecapterusMaruadsi,SSP5-8.5,2.72461242592593,Decapterus maruadsi,Mid-trophic species,10,2.71127397666667,0.0133384492592601
27,EngraulisJaponicus,SSP1-2.6,2.32538754691358,Engraulis japonicus,Prey,1,2.33440732,-0.0090197730864201
27,EngraulisJaponicus,SSP5-8.5,2.32593140246914,Engraulis japonicus,Prey,1,2.33440732,-0.00847591753085997
27,LarimichthysPolyactis,SSP1-2.6,2.60056815061728,Larimichthys polyactis,Mid-trophic species,13,2.60496132666667,-0.00439317604939005
27,LarimichthysPolyactis,SSP5-8.5,2.60578900123457,Larimichthys polyactis,Mid-trophic species,13,2.60496132666667,0.000827674567899894
27,MiichthysMiiuy,SSP1-2.6,3.01296654444444,Miichthys miiuy,Predator,5,3.02873341,-0.0157668655555603
27,MiichthysMiiuy,SSP5-8.5,3.01746972469136,Miichthys miiuy,Predator,5,3.02873341,-0.0112636853086401
27,MuraenesoxCinereus,SSP1-2.6,3.11064359012346,Muraenesox cinereus,Predator,4,3.11654728666667,-0.00590369654321021
27,MuraenesoxCinereus,SSP5-8.5,3.11376620123457,Muraenesox cinereus,Predator,4,3.11654728666667,-0.00278108543210021
27,PampusArgenteus,SSP1-2.6,2.81263584814815,Pampus argenteus,Mid-trophic species,12,2.82335489666667,-0.0107190485185198
27,PampusArgenteus,SSP5-8.5,2.81776451358025,Pampus argenteus,Mid-trophic species,12,2.82335489666667,-0.00559038308642013
27,PennahiaArgentata,SSP1-2.6,2.8867669654321,Pennahia argentata,Mid-trophic species,11,2.89448919666667,-0.00772223123456994
27,PennahiaArgentata,SSP5-8.5,2.90439782592593,Pennahia argentata,Mid-trophic species,11,2.89448919666667,0.00990862925926006
27,PortunusTrituberculatus,SSP1-2.6,2.15682855185185,Portunus trituberculatus,Invertebrate,8,2.14295404,0.0138745118518502
27,PortunusTrituberculatus,SSP5-8.5,2.15426412716049,Portunus trituberculatus,Invertebrate,8,2.14295404,0.0113100871604903
27,ScomberJaponicus,SSP1-2.6,2.53872792098765,Scomber japonicus,Mid-trophic species,9,2.53587212333333,0.00285579765431976
27,ScomberJaponicus,SSP5-8.5,2.53734342098765,Scomber japonicus,Mid-trophic species,9,2.53587212333333,0.00147129765431986
27,ScomberomorusNiphonius,SSP1-2.6,3.08144668765432,Scomberomorus niphonius,Predator,2,3.09201043333333,-0.01056374567901
27,ScomberomorusNiphonius,SSP5-8.5,3.07997461975309,Scomberomorus niphonius,Predator,2,3.09201043333333,-0.0120358135802396
27,TodarodesPacificus,SSP1-2.6,2.42227547407407,Todarodes pacificus,Invertebrate,6,2.42259356666667,-0.00031809259259985
27,TodarodesPacificus,SSP5-8.5,2.42660017037037,Todarodes pacificus,Invertebrate,6,2.42259356666667,0.00400660370369987
27,TrachurusJaponicus,SSP1-2.6,2.69173984814815,Trachurus japonicus,Mid-trophic species,14,2.66446063333333,0.0272792148148202
27,TrachurusJaponicus,SSP5-8.5,2.67783051234568,Trachurus japonicus,Mid-trophic species,14,2.66446063333333,0.01336987901235
27,TrachysalambriaCurvirostris,SSP1-2.6,2.27224857283951,Trachysalambria curvirostris,Invertebrate,7,2.26562142666667,0.00662714617283999
27,TrachysalambriaCurvirostris,SSP5-8.5,2.27170567407407,Trachysalambria curvirostris,Invertebrate,7,2.26562142666667,0.00608424740740032
27,TrichiurusJaponicus,SSP1-2.6,2.78670605061728,Trichiurus japonicus,Predator,3,2.78244919666667,0.00425685395061004
27,TrichiurusJaponicus,SSP5-8.5,2.77979889506173,Trichiurus japonicus,Predator,3,2.78244919666667,-0.00265030160493973
28,DecapterusMaruadsi,SSP1-2.6,2.71606634567901,Decapterus maruadsi,Mid-trophic species,10,2.71042667,0.00563967567901003
28,DecapterusMaruadsi,SSP5-8.5,2.72295415555556,Decapterus maruadsi,Mid-trophic species,10,2.71042667,0.0125274855555602
28,EngraulisJaponicus,SSP1-2.6,2.3279124617284,Engraulis japonicus,Prey,1,2.33756622,-0.00965375827159987
28,EngraulisJaponicus,SSP5-8.5,2.32864087407407,Engraulis japonicus,Prey,1,2.33756622,-0.00892534592592975
28,LarimichthysPolyactis,SSP1-2.6,2.59735342469136,Larimichthys polyactis,Mid-trophic species,13,2.60733103,-0.00997760530864022
28,LarimichthysPolyactis,SSP5-8.5,2.61060129876543,Larimichthys polyactis,Mid-trophic species,13,2.60733103,0.00327026876543002
28,MiichthysMiiuy,SSP1-2.6,3.00495898024691,Miichthys miiuy,Predator,5,3.01919657,-0.01423758975309
28,MiichthysMiiuy,SSP5-8.5,3.0120565962963,Miichthys miiuy,Predator,5,3.01919657,-0.0071399737036999
28,MuraenesoxCinereus,SSP1-2.6,3.11083045679012,Muraenesox cinereus,Predator,4,3.11732664333333,-0.00649618654321005
28,MuraenesoxCinereus,SSP5-8.5,3.10882788641975,Muraenesox cinereus,Predator,4,3.11732664333333,-0.00849875691358015
28,PampusArgenteus,SSP1-2.6,2.81904142962963,Pampus argenteus,Mid-trophic species,12,2.82225185333333,-0.00321042370369984
28,PampusArgenteus,SSP5-8.5,2.8215984654321,Pampus argenteus,Mid-trophic species,12,2.82225185333333,-0.00065338790123004
28,PennahiaArgentata,SSP1-2.6,2.89467394444444,Pennahia argentata,Mid-trophic species,11,2.89916437,-0.00449042555555979
28,PennahiaArgentata,SSP5-8.5,2.90682234567901,Pennahia argentata,Mid-trophic species,11,2.89916437,0.00765797567901005
28,PortunusTrituberculatus,SSP1-2.6,2.15358676419753,Portunus trituberculatus,Invertebrate,8,2.14086282666667,0.0127239375308599
28,PortunusTrituberculatus,SSP5-8.5,2.1521817654321,Portunus trituberculatus,Invertebrate,8,2.14086282666667,0.01131893876543
28,ScomberJaponicus,SSP1-2.6,2.53997909012346,Scomber japonicus,Mid-trophic species,9,2.54249985333333,-0.00252076320987005
28,ScomberJaponicus,SSP5-8.5,2.54036137283951,Scomber japonicus,Mid-trophic species,9,2.54249985333333,-0.00213848049382026
28,ScomberomorusNiphonius,SSP1-2.6,3.08266208271605,Scomberomorus niphonius,Predator,2,3.08607957666667,-0.00341749395062019
28,ScomberomorusNiphonius,SSP5-8.5,3.0740841962963,Scomberomorus niphonius,Predator,2,3.08607957666667,-0.0119953803703701
28,TodarodesPacificus,SSP1-2.6,2.42978891234568,Todarodes pacificus,Invertebrate,6,2.42994982,-0.000160907654319864
28,TodarodesPacificus,SSP5-8.5,2.4245560617284,Todarodes pacificus,Invertebrate,6,2.42994982,-0.00539375827159994
28,TrachurusJaponicus,SSP1-2.6,2.68111833209877,Trachurus japonicus,Mid-trophic species,14,2.65483853666667,0.0262797954320999
28,TrachurusJaponicus,SSP5-8.5,2.67364645555556,Trachurus japonicus,Mid-trophic species,14,2.65483853666667,0.0188079188888901
28,TrachysalambriaCurvirostris,SSP1-2.6,2.26885878395062,Trachysalambria curvirostris,Invertebrate,7,2.27341519,-0.00455640604938035
28,TrachysalambriaCurvirostris,SSP5-8.5,2.28006337407407,Trachysalambria curvirostris,Invertebrate,7,2.27341519,0.00664818407406997
28,TrichiurusJaponicus,SSP1-2.6,2.78278958148148,Trichiurus japonicus,Predator,3,2.77950862666667,0.00328095481481006
28,TrichiurusJaponicus,SSP5-8.5,2.77930530987654,Trichiurus japonicus,Predator,3,2.77950862666667,-0.000203316790130081
29,DecapterusMaruadsi,SSP1-2.6,2.71987244197531,Decapterus maruadsi,Mid-trophic species,10,2.72393668333333,-0.00406424135801986
29,DecapterusMaruadsi,SSP5-8.5,2.72270158641975,Decapterus maruadsi,Mid-trophic species,10,2.72393668333333,-0.00123509691358015
29,EngraulisJaponicus,SSP1-2.6,2.32456396049383,Engraulis japonicus,Prey,1,2.33265377,-0.00808980950616967
29,EngraulisJaponicus,SSP5-8.5,2.32663622839506,Engraulis japonicus,Prey,1,2.33265377,-0.00601754160493995
29,LarimichthysPolyactis,SSP1-2.6,2.60297476666667,Larimichthys polyactis,Mid-trophic species,13,2.61571222333333,-0.01273745666666
29,LarimichthysPolyactis,SSP5-8.5,2.60902841728395,Larimichthys polyactis,Mid-trophic species,13,2.61571222333333,-0.0066838060493799
29,MiichthysMiiuy,SSP1-2.6,3.01194110246914,Miichthys miiuy,Predator,5,3.01406299,-0.00212188753086018
29,MiichthysMiiuy,SSP5-8.5,3.02021882592593,Miichthys miiuy,Predator,5,3.01406299,0.00615583592592994
29,MuraenesoxCinereus,SSP1-2.6,3.11230618641975,Muraenesox cinereus,Predator,4,3.11015352,0.0021526664197502
29,MuraenesoxCinereus,SSP5-8.5,3.11465318765432,Muraenesox cinereus,Predator,4,3.11015352,0.00449966765432031
29,PampusArgenteus,SSP1-2.6,2.81741866419753,Pampus argenteus,Mid-trophic species,12,2.84220811666667,-0.0247894524691401
29,PampusArgenteus,SSP5-8.5,2.82219006296296,Pampus argenteus,Mid-trophic species,12,2.84220811666667,-0.0200180537037098
29,PennahiaArgentata,SSP1-2.6,2.88470424691358,Pennahia argentata,Mid-trophic species,11,2.87533562333333,0.00936862358024992
29,PennahiaArgentata,SSP5-8.5,2.89929264567901,Pennahia argentata,Mid-trophic species,11,2.87533562333333,0.0239570223456798
29,PortunusTrituberculatus,SSP1-2.6,2.15348092345679,Portunus trituberculatus,Invertebrate,8,2.14140982,0.0120711034567904
29,PortunusTrituberculatus,SSP5-8.5,2.15338441604938,Portunus trituberculatus,Invertebrate,8,2.14140982,0.01197459604938
29,ScomberJaponicus,SSP1-2.6,2.53690011358025,Scomber japonicus,Mid-trophic species,9,2.53912825,-0.00222813641975028
29,ScomberJaponicus,SSP5-8.5,2.53575394197531,Scomber japonicus,Mid-trophic species,9,2.53912825,-0.00337430802469019
29,ScomberomorusNiphonius,SSP1-2.6,3.08442285061728,Scomberomorus niphonius,Predator,2,3.09249622333333,-0.00807337271605002
29,ScomberomorusNiphonius,SSP5-8.5,3.0797416345679,Scomberomorus niphonius,Predator,2,3.09249622333333,-0.0127545887654303
29,TodarodesPacificus,SSP1-2.6,2.42301548888889,Todarodes pacificus,Invertebrate,6,2.43388786666667,-0.0108723777777797
29,TodarodesPacificus,SSP5-8.5,2.42599825061728,Todarodes pacificus,Invertebrate,6,2.43388786666667,-0.00788961604938976
29,TrachurusJaponicus,SSP1-2.6,2.67801104814815,Trachurus japonicus,Mid-trophic species,14,2.66558045,0.0124305981481498
29,TrachurusJaponicus,SSP5-8.5,2.67475557160494,Trachurus japonicus,Mid-trophic species,14,2.66558045,0.00917512160493983
29,TrachysalambriaCurvirostris,SSP1-2.6,2.27737419135802,Trachysalambria curvirostris,Invertebrate,7,2.27924526333333,-0.00187107197531011
29,TrachysalambriaCurvirostris,SSP5-8.5,2.28138965555556,Trachysalambria curvirostris,Invertebrate,7,2.27924526333333,0.00214439222222973
29,TrichiurusJaponicus,SSP1-2.6,2.78594024074074,Trichiurus japonicus,Predator,3,2.79326165333333,-0.00732141259259
29,TrichiurusJaponicus,SSP5-8.5,2.77989017407407,Trichiurus japonicus,Predator,3,2.79326165333333,-0.0133714792592601
30,DecapterusMaruadsi,SSP1-2.6,2.73063377037037,Decapterus maruadsi,Mid-trophic species,10,2.70903503666667,0.0215987337037
30,DecapterusMaruadsi,SSP5-8.5,2.71767021358025,Decapterus maruadsi,Mid-trophic species,10,2.70903503666667,0.00863517691358018
30,EngraulisJaponicus,SSP1-2.6,2.32814953703704,Engraulis japonicus,Prey,1,2.3274071,0.000742437037040133
30,EngraulisJaponicus,SSP5-8.5,2.32868693703704,Engraulis japonicus,Prey,1,2.3274071,0.00127983703704038
30,LarimichthysPolyactis,SSP1-2.6,2.59884378518519,Larimichthys polyactis,Mid-trophic species,13,2.60946134666667,-0.0106175614814799
30,LarimichthysPolyactis,SSP5-8.5,2.60486245185185,Larimichthys polyactis,Mid-trophic species,13,2.60946134666667,-0.00459889481482012
30,MiichthysMiiuy,SSP1-2.6,3.01156714074074,Miichthys miiuy,Predator,5,3.03314024333333,-0.02157310259259
30,MiichthysMiiuy,SSP5-8.5,3.01699365555556,Miichthys miiuy,Predator,5,3.03314024333333,-0.01614658777777
30,MuraenesoxCinereus,SSP1-2.6,3.11274272592593,Muraenesox cinereus,Predator,4,3.11543493333333,-0.00269220740740028
30,MuraenesoxCinereus,SSP5-8.5,3.11466890617284,Muraenesox cinereus,Predator,4,3.11543493333333,-0.000766027160490346
30,PampusArgenteus,SSP1-2.6,2.82255802345679,Pampus argenteus,Mid-trophic species,12,2.82086441,0.0016936134567902
30,PampusArgenteus,SSP5-8.5,2.82256298518519,Pampus argenteus,Mid-trophic species,12,2.82086441,0.0016985751851899
30,PennahiaArgentata,SSP1-2.6,2.88800300123457,Pennahia argentata,Mid-trophic species,11,2.89284176,-0.00483875876542994
30,PennahiaArgentata,SSP5-8.5,2.89639732345679,Pennahia argentata,Mid-trophic species,11,2.89284176,0.00355556345679009
30,PortunusTrituberculatus,SSP1-2.6,2.15180488024691,Portunus trituberculatus,Invertebrate,8,2.1461196,0.00568528024690984
30,PortunusTrituberculatus,SSP5-8.5,2.15350478888889,Portunus trituberculatus,Invertebrate,8,2.1461196,0.00738518888889006
30,ScomberJaponicus,SSP1-2.6,2.53873395679012,Scomber japonicus,Mid-trophic species,9,2.53931237666667,-0.00057841987654994
30,ScomberJaponicus,SSP5-8.5,2.53937509382716,Scomber japonicus,Mid-trophic species,9,2.53931237666667,6.27171604898891e-05
30,ScomberomorusNiphonius,SSP1-2.6,3.08706097407407,Scomberomorus niphonius,Predator,2,3.09889568666667,-0.0118347125925999
30,ScomberomorusNiphonius,SSP5-8.5,3.07447803827161,Scomberomorus niphonius,Predator,2,3.09889568666667,-0.02441764839506
30,TodarodesPacificus,SSP1-2.6,2.42929648641975,Todarodes pacificus,Invertebrate,6,2.43404215333333,-0.00474566691357969
30,TodarodesPacificus,SSP5-8.5,2.42436773580247,Todarodes pacificus,Invertebrate,6,2.43404215333333,-0.00967441753086007
30,TrachurusJaponicus,SSP1-2.6,2.68588599135803,Trachurus japonicus,Mid-trophic species,14,2.67325291,0.0126330813580302
30,TrachurusJaponicus,SSP5-8.5,2.68132145061728,Trachurus japonicus,Mid-trophic species,14,2.67325291,0.00806854061728002
30,TrachysalambriaCurvirostris,SSP1-2.6,2.27532084691358,Trachysalambria curvirostris,Invertebrate,7,2.29054872666667,-0.0152278797530903
30,TrachysalambriaCurvirostris,SSP5-8.5,2.27600785802469,Trachysalambria curvirostris,Invertebrate,7,2.29054872666667,-0.0145408686419803
30,TrichiurusJaponicus,SSP1-2.6,2.7877543308642,Trichiurus japonicus,Predator,3,2.78936988666667,-0.00161555580246997
30,TrichiurusJaponicus,SSP5-8.5,2.7842660691358,Trichiurus japonicus,Predator,3,2.78936988666667,-0.00510381753087019
31,DecapterusMaruadsi,SSP1-2.6,2.72407622345679,Decapterus maruadsi,Mid-trophic species,10,2.70626791333333,0.0178083101234603
31,DecapterusMaruadsi,SSP5-8.5,2.72284471481481,Decapterus maruadsi,Mid-trophic species,10,2.70626791333333,0.01657680148148
31,EngraulisJaponicus,SSP1-2.6,2.32266263580247,Engraulis japonicus,Prey,1,2.33141169666667,-0.0087490608641998
31,EngraulisJaponicus,SSP5-8.5,2.32753415679012,Engraulis japonicus,Prey,1,2.33141169666667,-0.00387753987654982
31,LarimichthysPolyactis,SSP1-2.6,2.60631465802469,Larimichthys polyactis,Mid-trophic species,13,2.60330743333333,0.00300722469135994
31,LarimichthysPolyactis,SSP5-8.5,2.60748040246914,Larimichthys polyactis,Mid-trophic species,13,2.60330743333333,0.00417296913580989
31,MiichthysMiiuy,SSP1-2.6,3.01299297654321,Miichthys miiuy,Predator,5,3.02664872666667,-0.0136557501234602
31,MiichthysMiiuy,SSP5-8.5,3.00906871975309,Miichthys miiuy,Predator,5,3.02664872666667,-0.0175800069135801
31,MuraenesoxCinereus,SSP1-2.6,3.10929472098765,Muraenesox cinereus,Predator,4,3.10766215333333,0.00163256765431985
31,MuraenesoxCinereus,SSP5-8.5,3.10989207777778,Muraenesox cinereus,Predator,4,3.10766215333333,0.00222992444445014
31,PampusArgenteus,SSP1-2.6,2.80829221604938,Pampus argenteus,Mid-trophic species,12,2.83612304,-0.02783082395062
31,PampusArgenteus,SSP5-8.5,2.81626994938272,Pampus argenteus,Mid-trophic species,12,2.83612304,-0.0198530906172798
31,PennahiaArgentata,SSP1-2.6,2.89076924567901,Pennahia argentata,Mid-trophic species,11,2.88502317666667,0.00574606901234009
31,PennahiaArgentata,SSP5-8.5,2.90487367777778,Pennahia argentata,Mid-trophic species,11,2.88502317666667,0.0198505011111099
31,PortunusTrituberculatus,SSP1-2.6,2.15460367530864,Portunus trituberculatus,Invertebrate,8,2.14034047333333,0.0142632019753099
31,PortunusTrituberculatus,SSP5-8.5,2.15413331111111,Portunus trituberculatus,Invertebrate,8,2.14034047333333,0.0137928377777801
31,ScomberJaponicus,SSP1-2.6,2.53788513580247,Scomber japonicus,Mid-trophic species,9,2.53468460333333,0.00320053246913998
31,ScomberJaponicus,SSP5-8.5,2.53597741358025,Scomber japonicus,Mid-trophic species,9,2.53468460333333,0.00129281024692007
31,ScomberomorusNiphonius,SSP1-2.6,3.07953409753086,Scomberomorus niphonius,Predator,2,3.09157112666667,-0.0120370291358101
31,ScomberomorusNiphonius,SSP5-8.5,3.07054377283951,Scomberomorus niphonius,Predator,2,3.09157112666667,-0.0210273538271601
31,TodarodesPacificus,SSP1-2.6,2.42428697654321,Todarodes pacificus,Invertebrate,6,2.42875453,-0.00446755345679017
31,TodarodesPacificus,SSP5-8.5,2.42453861358025,Todarodes pacificus,Invertebrate,6,2.42875453,-0.00421591641975017
31,TrachurusJaponicus,SSP1-2.6,2.6736354,Trachurus japonicus,Mid-trophic species,14,2.66825335,0.00538205000000014
31,TrachurusJaponicus,SSP5-8.5,2.67715016049383,Trachurus japonicus,Mid-trophic species,14,2.66825335,0.00889681049382984
31,TrachysalambriaCurvirostris,SSP1-2.6,2.2700892037037,Trachysalambria curvirostris,Invertebrate,7,2.28068618,-0.0105969762962999
31,TrachysalambriaCurvirostris,SSP5-8.5,2.27397070987654,Trachysalambria curvirostris,Invertebrate,7,2.28068618,-0.00671547012345997
31,TrichiurusJaponicus,SSP1-2.6,2.78255435432099,Trichiurus japonicus,Predator,3,2.7851569,-0.00260254567900997
31,TrichiurusJaponicus,SSP5-8.5,2.78281681234568,Trichiurus japonicus,Predator,3,2.7851569,-0.00234008765432003
32,DecapterusMaruadsi,SSP1-2.6,2.7230659345679,Decapterus maruadsi,Mid-trophic species,10,2.72561076,-0.00254482543209988
32,DecapterusMaruadsi,SSP5-8.5,2.71195598024691,Decapterus maruadsi,Mid-trophic species,10,2.72561076,-0.0136547797530899
32,EngraulisJaponicus,SSP1-2.6,2.32518804320988,Engraulis japonicus,Prey,1,2.33406928666667,-0.00888124345678998
32,EngraulisJaponicus,SSP5-8.5,2.32523036666667,Engraulis japonicus,Prey,1,2.33406928666667,-0.00883892000000008
32,LarimichthysPolyactis,SSP1-2.6,2.59526715802469,Larimichthys polyactis,Mid-trophic species,13,2.60718877333333,-0.0119216153086401
32,LarimichthysPolyactis,SSP5-8.5,2.59307969382716,Larimichthys polyactis,Mid-trophic species,13,2.60718877333333,-0.01410907950617
32,MiichthysMiiuy,SSP1-2.6,3.0172029691358,Miichthys miiuy,Predator,5,3.01320845333333,0.00399451580247012
32,MiichthysMiiuy,SSP5-8.5,3.02439205679012,Miichthys miiuy,Predator,5,3.01320845333333,0.0111836034567898
32,MuraenesoxCinereus,SSP1-2.6,3.11050308765432,Muraenesox cinereus,Predator,4,3.11803514333333,-0.00753205567901016
32,MuraenesoxCinereus,SSP5-8.5,3.11200362592593,Muraenesox cinereus,Predator,4,3.11803514333333,-0.00603151740740016
32,PampusArgenteus,SSP1-2.6,2.8100516,Pampus argenteus,Mid-trophic species,12,2.82730823333333,-0.0172566333333299
32,PampusArgenteus,SSP5-8.5,2.81479071234568,Pampus argenteus,Mid-trophic species,12,2.82730823333333,-0.0125175209876498
32,PennahiaArgentata,SSP1-2.6,2.88883233703704,Pennahia argentata,Mid-trophic species,11,2.88938499333333,-0.000552656296290088
32,PennahiaArgentata,SSP5-8.5,2.90634491234568,Pennahia argentata,Mid-trophic species,11,2.88938499333333,0.0169599190123502
32,PortunusTrituberculatus,SSP1-2.6,2.15360893333333,Portunus trituberculatus,Invertebrate,8,2.14569394,0.00791499333332979
32,PortunusTrituberculatus,SSP5-8.5,2.15407272469136,Portunus trituberculatus,Invertebrate,8,2.14569394,0.00837878469135989
32,ScomberJaponicus,SSP1-2.6,2.53933769259259,Scomber japonicus,Mid-trophic species,9,2.54083248333333,-0.00149479074073966
32,ScomberJaponicus,SSP5-8.5,2.53874685802469,Scomber japonicus,Mid-trophic species,9,2.54083248333333,-0.00208562530863965
32,ScomberomorusNiphonius,SSP1-2.6,3.07954544074074,Scomberomorus niphonius,Predator,2,3.09740536,-0.0178599192592603
32,ScomberomorusNiphonius,SSP5-8.5,3.07581610123457,Scomberomorus niphonius,Predator,2,3.09740536,-0.0215892587654301
32,TodarodesPacificus,SSP1-2.6,2.42772289876543,Todarodes pacificus,Invertebrate,6,2.43151077666667,-0.00378787790124013
32,TodarodesPacificus,SSP5-8.5,2.42600643950617,Todarodes pacificus,Invertebrate,6,2.43151077666667,-0.00550433716050014
32,TrachurusJaponicus,SSP1-2.6,2.69167257283951,Trachurus japonicus,Mid-trophic species,14,2.65168347333333,0.03998909950618
32,TrachurusJaponicus,SSP5-8.5,2.67362049506173,Trachurus japonicus,Mid-trophic species,14,2.65168347333333,0.0219370217283998
32,TrachysalambriaCurvirostris,SSP1-2.6,2.27291184938272,Trachysalambria curvirostris,Invertebrate,7,2.27132564666667,0.00158620271604981
32,TrachysalambriaCurvirostris,SSP5-8.5,2.27208578024691,Trachysalambria curvirostris,Invertebrate,7,2.27132564666667,0.000760133580239852
32,TrichiurusJaponicus,SSP1-2.6,2.78522182592593,Trichiurus japonicus,Predator,3,2.78604777333333,-0.000825947407400385
32,TrichiurusJaponicus,SSP5-8.5,2.78398062839506,Trichiurus japonicus,Predator,3,2.78604777333333,-0.00206714493827009
33,DecapterusMaruadsi,SSP1-2.6,2.73029843580247,Decapterus maruadsi,Mid-trophic species,10,2.70672763,0.02357080580247
33,DecapterusMaruadsi,SSP5-8.5,2.73128925061728,Decapterus maruadsi,Mid-trophic species,10,2.70672763,0.0245616206172801
33,EngraulisJaponicus,SSP1-2.6,2.32534569506173,Engraulis japonicus,Prey,1,2.34032545333333,-0.0149797582716
33,EngraulisJaponicus,SSP5-8.5,2.32741122098765,Engraulis japonicus,Prey,1,2.34032545333333,-0.0129142323456799
33,LarimichthysPolyactis,SSP1-2.6,2.6041592962963,Larimichthys polyactis,Mid-trophic species,13,2.61090544,-0.00674614370369975
33,LarimichthysPolyactis,SSP5-8.5,2.59913245679012,Larimichthys polyactis,Mid-trophic species,13,2.61090544,-0.0117729832098799
33,MiichthysMiiuy,SSP1-2.6,3.00849163209877,Miichthys miiuy,Predator,5,3.02501268666667,-0.0165210545679
33,MiichthysMiiuy,SSP5-8.5,3.00644867901235,Miichthys miiuy,Predator,5,3.02501268666667,-0.0185640076543199
33,MuraenesoxCinereus,SSP1-2.6,3.111082,Muraenesox cinereus,Predator,4,3.11212547666667,-0.00104347666666982
33,MuraenesoxCinereus,SSP5-8.5,3.11068837777778,Muraenesox cinereus,Predator,4,3.11212547666667,-0.0014370988888901
33,PampusArgenteus,SSP1-2.6,2.82100034938272,Pampus argenteus,Mid-trophic species,12,2.83202097,-0.01102062061728
33,PampusArgenteus,SSP5-8.5,2.81825603827161,Pampus argenteus,Mid-trophic species,12,2.83202097,-0.0137649317283897
33,PennahiaArgentata,SSP1-2.6,2.88911688641975,Pennahia argentata,Mid-trophic species,11,2.88108994,0.00802694641975021
33,PennahiaArgentata,SSP5-8.5,2.90452147160494,Pennahia argentata,Mid-trophic species,11,2.88108994,0.0234315316049401
33,PortunusTrituberculatus,SSP1-2.6,2.14548359382716,Portunus trituberculatus,Invertebrate,8,2.14159422666667,0.00388936716049004
33,PortunusTrituberculatus,SSP5-8.5,2.15121615432099,Portunus trituberculatus,Invertebrate,8,2.14159422666667,0.00962192765432013
33,ScomberJaponicus,SSP1-2.6,2.53897779259259,Scomber japonicus,Mid-trophic species,9,2.53965588666667,-0.00067809407408026
33,ScomberJaponicus,SSP5-8.5,2.53614798395062,Scomber japonicus,Mid-trophic species,9,2.53965588666667,-0.00350790271605028
33,ScomberomorusNiphonius,SSP1-2.6,3.07956097283951,Scomberomorus niphonius,Predator,2,3.09999892666667,-0.0204379538271597
33,ScomberomorusNiphonius,SSP5-8.5,3.07116308148148,Scomberomorus niphonius,Predator,2,3.09999892666667,-0.0288358451851898
33,TodarodesPacificus,SSP1-2.6,2.4285291345679,Todarodes pacificus,Invertebrate,6,2.43176426,-0.00323512543209992
33,TodarodesPacificus,SSP5-8.5,2.42599553333333,Todarodes pacificus,Invertebrate,6,2.43176426,-0.00576872666667017
33,TrachurusJaponicus,SSP1-2.6,2.67727758271605,Trachurus japonicus,Mid-trophic species,14,2.67931296333333,-0.0020353806172797
33,TrachurusJaponicus,SSP5-8.5,2.67178361358025,Trachurus japonicus,Mid-trophic species,14,2.67931296333333,-0.00752934975307973
33,TrachysalambriaCurvirostris,SSP1-2.6,2.27404519506173,Trachysalambria curvirostris,Invertebrate,7,2.27581441333333,-0.00176921827159982
33,TrachysalambriaCurvirostris,SSP5-8.5,2.27361208518519,Trachysalambria curvirostris,Invertebrate,7,2.27581441333333,-0.00220232814813981
33,TrichiurusJaponicus,SSP1-2.6,2.77856126296296,Trichiurus japonicus,Predator,3,2.78485496,-0.00629369703703997
33,TrichiurusJaponicus,SSP5-8.5,2.77555980864198,Trichiurus japonicus,Predator,3,2.78485496,-0.00929515135802017
34,DecapterusMaruadsi,SSP1-2.6,2.71942371234568,Decapterus maruadsi,Mid-trophic species,10,2.72309443,-0.00367071765432003
34,DecapterusMaruadsi,SSP5-8.5,2.72251718271605,Decapterus maruadsi,Mid-trophic species,10,2.72309443,-0.000577247283950033
34,EngraulisJaponicus,SSP1-2.6,2.32637149382716,Engraulis japonicus,Prey,1,2.34021191333333,-0.0138404195061699
34,EngraulisJaponicus,SSP5-8.5,2.32592406419753,Engraulis japonicus,Prey,1,2.34021191333333,-0.0142878491357998
34,LarimichthysPolyactis,SSP1-2.6,2.60089549876543,Larimichthys polyactis,Mid-trophic species,13,2.61121611333333,-0.0103206145679002
34,LarimichthysPolyactis,SSP5-8.5,2.60260551604938,Larimichthys polyactis,Mid-trophic species,13,2.61121611333333,-0.00861059728394986
34,MiichthysMiiuy,SSP1-2.6,3.01166585555556,Miichthys miiuy,Predator,5,3.02958522333333,-0.01791936777777
34,MiichthysMiiuy,SSP5-8.5,3.00791208765432,Miichthys miiuy,Predator,5,3.02958522333333,-0.0216731356790101
34,MuraenesoxCinereus,SSP1-2.6,3.10935517407407,Muraenesox cinereus,Predator,4,3.12258785666667,-0.0132326825925997
34,MuraenesoxCinereus,SSP5-8.5,3.11139430246914,Muraenesox cinereus,Predator,4,3.12258785666667,-0.0111935541975297
34,PampusArgenteus,SSP1-2.6,2.81647979259259,Pampus argenteus,Mid-trophic species,12,2.84218194333333,-0.0257021507407402
34,PampusArgenteus,SSP5-8.5,2.81442317530864,Pampus argenteus,Mid-trophic species,12,2.84218194333333,-0.02775876802469
34,PennahiaArgentata,SSP1-2.6,2.88831566666667,Pennahia argentata,Mid-trophic species,11,2.88501460333333,0.0033010633333399
34,PennahiaArgentata,SSP5-8.5,2.90427521851852,Pennahia argentata,Mid-trophic species,11,2.88501460333333,0.01926061518519
34,PortunusTrituberculatus,SSP1-2.6,2.15305368024691,Portunus trituberculatus,Invertebrate,8,2.14349580666667,0.00955787358023974
34,PortunusTrituberculatus,SSP5-8.5,2.15409352345679,Portunus trituberculatus,Invertebrate,8,2.14349580666667,0.0105977167901199
34,ScomberJaponicus,SSP1-2.6,2.53753612839506,Scomber japonicus,Mid-trophic species,9,2.53874211666667,-0.00120598827161
34,ScomberJaponicus,SSP5-8.5,2.53599876419753,Scomber japonicus,Mid-trophic species,9,2.53874211666667,-0.00274335246914026
34,ScomberomorusNiphonius,SSP1-2.6,3.08175026790123,Scomberomorus niphonius,Predator,2,3.10489271,-0.02314244209877
34,ScomberomorusNiphonius,SSP5-8.5,3.07711848395062,Scomberomorus niphonius,Predator,2,3.10489271,-0.0277742260493801
34,TodarodesPacificus,SSP1-2.6,2.42470930493827,Todarodes pacificus,Invertebrate,6,2.43930561,-0.0145963050617297
34,TodarodesPacificus,SSP5-8.5,2.42373533580247,Todarodes pacificus,Invertebrate,6,2.43930561,-0.0155702741975299
34,TrachurusJaponicus,SSP1-2.6,2.68551724691358,Trachurus japonicus,Mid-trophic species,14,2.66670354333333,0.0188137035802503
34,TrachurusJaponicus,SSP5-8.5,2.68273867407407,Trachurus japonicus,Mid-trophic species,14,2.66670354333333,0.01603513074074
34,TrachysalambriaCurvirostris,SSP1-2.6,2.27676151358025,Trachysalambria curvirostris,Invertebrate,7,2.25668222,0.0200792935802498
34,TrachysalambriaCurvirostris,SSP5-8.5,2.27432777777778,Trachysalambria curvirostris,Invertebrate,7,2.25668222,0.0176455577777799
34,TrichiurusJaponicus,SSP1-2.6,2.78484925061728,Trichiurus japonicus,Predator,3,2.77848145666667,0.00636779395061016
34,TrichiurusJaponicus,SSP5-8.5,2.77803186790123,Trichiurus japonicus,Predator,3,2.77848145666667,-0.000449588765440101
35,DecapterusMaruadsi,SSP1-2.6,2.72344963580247,Decapterus maruadsi,Mid-trophic species,10,2.72095364666667,0.00249598913579963
35,DecapterusMaruadsi,SSP5-8.5,2.7224326691358,Decapterus maruadsi,Mid-trophic species,10,2.72095364666667,0.0014790224691299
35,EngraulisJaponicus,SSP1-2.6,2.32296234320988,Engraulis japonicus,Prey,1,2.34254041666667,-0.0195780734567901
35,EngraulisJaponicus,SSP5-8.5,2.32091565061728,Engraulis japonicus,Prey,1,2.34254041666667,-0.0216247660493902
35,LarimichthysPolyactis,SSP1-2.6,2.59410361975309,Larimichthys polyactis,Mid-trophic species,13,2.60454998333333,-0.0104463635802401
35,LarimichthysPolyactis,SSP5-8.5,2.60182418518519,Larimichthys polyactis,Mid-trophic species,13,2.60454998333333,-0.00272579814813989
35,MiichthysMiiuy,SSP1-2.6,3.0158766345679,Miichthys miiuy,Predator,5,3.02935111666667,-0.0134744820987698
35,MiichthysMiiuy,SSP5-8.5,3.00827651111111,Miichthys miiuy,Predator,5,3.02935111666667,-0.02107460555556
35,MuraenesoxCinereus,SSP1-2.6,3.11690428518519,Muraenesox cinereus,Predator,4,3.10955397666667,0.00735030851851981
35,MuraenesoxCinereus,SSP5-8.5,3.10782252345679,Muraenesox cinereus,Predator,4,3.10955397666667,-0.00173145320988022
35,PampusArgenteus,SSP1-2.6,2.81076852345679,Pampus argenteus,Mid-trophic species,12,2.82215254666667,-0.0113840232098803
35,PampusArgenteus,SSP5-8.5,2.82087179506173,Pampus argenteus,Mid-trophic species,12,2.82215254666667,-0.00128075160494001
35,PennahiaArgentata,SSP1-2.6,2.88982058888889,Pennahia argentata,Mid-trophic species,11,2.91384571333333,-0.0240251244444401
35,PennahiaArgentata,SSP5-8.5,2.89930459506173,Pennahia argentata,Mid-trophic species,11,2.91384571333333,-0.0145411182716
35,PortunusTrituberculatus,SSP1-2.6,2.15147135185185,Portunus trituberculatus,Invertebrate,8,2.14117835666667,0.0102929951851798
35,PortunusTrituberculatus,SSP5-8.5,2.15438639506173,Portunus trituberculatus,Invertebrate,8,2.14117835666667,0.0132080383950601
35,ScomberJaponicus,SSP1-2.6,2.53848285432099,Scomber japonicus,Mid-trophic species,9,2.53948505333333,-0.00100219901234011
35,ScomberJaponicus,SSP5-8.5,2.53557231728395,Scomber japonicus,Mid-trophic species,9,2.53948505333333,-0.00391273604938025
35,ScomberomorusNiphonius,SSP1-2.6,3.0841502691358,Scomberomorus niphonius,Predator,2,3.10080773333333,-0.0166574641975301
35,ScomberomorusNiphonius,SSP5-8.5,3.07516725802469,Scomberomorus niphonius,Predator,2,3.10080773333333,-0.0256404753086401
35,TodarodesPacificus,SSP1-2.6,2.42559013827161,Todarodes pacificus,Invertebrate,6,2.43395470333333,-0.00836456506172034
35,TodarodesPacificus,SSP5-8.5,2.42159874814815,Todarodes pacificus,Invertebrate,6,2.43395470333333,-0.0123559551851802
35,TrachurusJaponicus,SSP1-2.6,2.68729579012346,Trachurus japonicus,Mid-trophic species,14,2.66503023,0.02226556012346
35,TrachurusJaponicus,SSP5-8.5,2.67831769506173,Trachurus japonicus,Mid-trophic species,14,2.66503023,0.0132874650617296
35,TrachysalambriaCurvirostris,SSP1-2.6,2.27593062098765,Trachysalambria curvirostris,Invertebrate,7,2.27620037666667,-0.000269755679020101
35,TrachysalambriaCurvirostris,SSP5-8.5,2.28348922839506,Trachysalambria curvirostris,Invertebrate,7,2.27620037666667,0.00728885172839
35,TrichiurusJaponicus,SSP1-2.6,2.78344205925926,Trichiurus japonicus,Predator,3,2.78600824666667,-0.00256618740740988
35,TrichiurusJaponicus,SSP5-8.5,2.77781807777778,Trichiurus japonicus,Predator,3,2.78600824666667,-0.0081901688888899
36,DecapterusMaruadsi,SSP1-2.6,2.72293306419753,Decapterus maruadsi,Mid-trophic species,10,2.71060730333333,0.0123257608641998
36,DecapterusMaruadsi,SSP5-8.5,2.71951203950617,Decapterus maruadsi,Mid-trophic species,10,2.71060730333333,0.00890473617283982
36,EngraulisJaponicus,SSP1-2.6,2.32578004938272,Engraulis japonicus,Prey,1,2.33299236666667,-0.00721231728394978
36,EngraulisJaponicus,SSP5-8.5,2.32341237530864,Engraulis japonicus,Prey,1,2.33299236666667,-0.00957999135802989
36,LarimichthysPolyactis,SSP1-2.6,2.59480365308642,Larimichthys polyactis,Mid-trophic species,13,2.60252273333333,-0.00771908024691026
36,LarimichthysPolyactis,SSP5-8.5,2.60508317160494,Larimichthys polyactis,Mid-trophic species,13,2.60252273333333,0.00256043827161001
36,MiichthysMiiuy,SSP1-2.6,3.00392771111111,Miichthys miiuy,Predator,5,3.02672837,-0.0228006588888898
36,MiichthysMiiuy,SSP5-8.5,3.01082051728395,Miichthys miiuy,Predator,5,3.02672837,-0.0159078527160497
36,MuraenesoxCinereus,SSP1-2.6,3.10745839753086,Muraenesox cinereus,Predator,4,3.11561527333333,-0.00815687580247015
36,MuraenesoxCinereus,SSP5-8.5,3.10828381604938,Muraenesox cinereus,Predator,4,3.11561527333333,-0.00733145728395002
36,PampusArgenteus,SSP1-2.6,2.82213888765432,Pampus argenteus,Mid-trophic species,12,2.82250556333333,-0.00036667567900972
36,PampusArgenteus,SSP5-8.5,2.81860735802469,Pampus argenteus,Mid-trophic species,12,2.82250556333333,-0.00389820530863982
36,PennahiaArgentata,SSP1-2.6,2.90088133209877,Pennahia argentata,Mid-trophic species,11,2.89809903,0.00278230209876984
36,PennahiaArgentata,SSP5-8.5,2.89558276296296,Pennahia argentata,Mid-trophic species,11,2.89809903,-0.00251626703704
36,PortunusTrituberculatus,SSP1-2.6,2.15152759012346,Portunus trituberculatus,Invertebrate,8,2.14630610666667,0.00522148345678986
36,PortunusTrituberculatus,SSP5-8.5,2.15176724444444,Portunus trituberculatus,Invertebrate,8,2.14630610666667,0.00546113777776958
36,ScomberJaponicus,SSP1-2.6,2.53851586049383,Scomber japonicus,Mid-trophic species,9,2.53926625333333,-0.000750392839500069
36,ScomberJaponicus,SSP5-8.5,2.53710647654321,Scomber japonicus,Mid-trophic species,9,2.53926625333333,-0.00215977679012003
36,ScomberomorusNiphonius,SSP1-2.6,3.08600108271605,Scomberomorus niphonius,Predator,2,3.09547545,-0.0094743672839499
36,ScomberomorusNiphonius,SSP5-8.5,3.07592096419753,Scomberomorus niphonius,Predator,2,3.09547545,-0.0195544858024701
36,TodarodesPacificus,SSP1-2.6,2.4204840691358,Todarodes pacificus,Invertebrate,6,2.43133657,-0.0108525008642002
36,TodarodesPacificus,SSP5-8.5,2.42907291234568,Todarodes pacificus,Invertebrate,6,2.43133657,-0.00226365765432002
36,TrachurusJaponicus,SSP1-2.6,2.68234052716049,Trachurus japonicus,Mid-trophic species,14,2.67056630666667,0.01177422049382
36,TrachurusJaponicus,SSP5-8.5,2.67568629135802,Trachurus japonicus,Mid-trophic species,14,2.67056630666667,0.00511998469135033
36,TrachysalambriaCurvirostris,SSP1-2.6,2.27773714938272,Trachysalambria curvirostris,Invertebrate,7,2.26451089333333,0.0132262560493901
36,TrachysalambriaCurvirostris,SSP5-8.5,2.28129712839506,Trachysalambria curvirostris,Invertebrate,7,2.26451089333333,0.0167862350617298
36,TrichiurusJaponicus,SSP1-2.6,2.78258329012346,Trichiurus japonicus,Predator,3,2.77965698,0.00292631012346023
36,TrichiurusJaponicus,SSP5-8.5,2.77625426296296,Trichiurus japonicus,Predator,3,2.77965698,-0.00340271703703987
37,DecapterusMaruadsi,SSP1-2.6,2.73344046666667,Decapterus maruadsi,Mid-trophic species,10,2.70478038,0.0286600866666702
37,DecapterusMaruadsi,SSP5-8.5,2.71935249135802,Decapterus maruadsi,Mid-trophic species,10,2.70478038,0.0145721113580199
37,EngraulisJaponicus,SSP1-2.6,2.31891530123457,Engraulis japonicus,Prey,1,2.33409331333333,-0.0151780120987604
37,EngraulisJaponicus,SSP5-8.5,2.32445497283951,Engraulis japonicus,Prey,1,2.33409331333333,-0.00963834049382006
37,LarimichthysPolyactis,SSP1-2.6,2.59333131481481,Larimichthys polyactis,Mid-trophic species,13,2.60927256333333,-0.0159412485185202
37,LarimichthysPolyactis,SSP5-8.5,2.60376936049383,Larimichthys polyactis,Mid-trophic species,13,2.60927256333333,-0.0055032028394999
37,MiichthysMiiuy,SSP1-2.6,3.00629308641975,Miichthys miiuy,Predator,5,3.02073978,-0.0144466935802501
37,MiichthysMiiuy,SSP5-8.5,3.00936660246914,Miichthys miiuy,Predator,5,3.02073978,-0.0113731775308601
37,MuraenesoxCinereus,SSP1-2.6,3.10756565061728,Muraenesox cinereus,Predator,4,3.11693151,-0.00936585938271994
37,MuraenesoxCinereus,SSP5-8.5,3.11596285061728,Muraenesox cinereus,Predator,4,3.11693151,-0.000968659382720283
37,PampusArgenteus,SSP1-2.6,2.81889674197531,Pampus argenteus,Mid-trophic species,12,2.82309786333333,-0.00420112135801976
37,PampusArgenteus,SSP5-8.5,2.82902290617284,Pampus argenteus,Mid-trophic species,12,2.82309786333333,0.00592504283951012
37,PennahiaArgentata,SSP1-2.6,2.89322595925926,Pennahia argentata,Mid-trophic species,11,2.89810908333333,-0.00488312407406966
37,PennahiaArgentata,SSP5-8.5,2.90547049382716,Pennahia argentata,Mid-trophic species,11,2.89810908333333,0.00736141049382999
37,PortunusTrituberculatus,SSP1-2.6,2.15342688395062,Portunus trituberculatus,Invertebrate,8,2.13937149333333,0.01405539061729
37,PortunusTrituberculatus,SSP5-8.5,2.15142066790123,Portunus trituberculatus,Invertebrate,8,2.13937149333333,0.0120491745679003
37,ScomberJaponicus,SSP1-2.6,2.53590482345679,Scomber japonicus,Mid-trophic species,9,2.53749240333333,-0.00158757987654035
37,ScomberJaponicus,SSP5-8.5,2.53866125061728,Scomber japonicus,Mid-trophic species,9,2.53749240333333,0.00116884728394995
37,ScomberomorusNiphonius,SSP1-2.6,3.07505951234568,Scomberomorus niphonius,Predator,2,3.09581219,-0.0207526776543201
37,ScomberomorusNiphonius,SSP5-8.5,3.07841628271605,Scomberomorus niphonius,Predator,2,3.09581219,-0.0173959072839502
37,TodarodesPacificus,SSP1-2.6,2.42267882222222,Todarodes pacificus,Invertebrate,6,2.42589916666667,-0.00322034444445007
37,TodarodesPacificus,SSP5-8.5,2.42438257160494,Todarodes pacificus,Invertebrate,6,2.42589916666667,-0.00151659506173019
37,TrachurusJaponicus,SSP1-2.6,2.67946677901235,Trachurus japonicus,Mid-trophic species,14,2.68210024333333,-0.00263346432098022
37,TrachurusJaponicus,SSP5-8.5,2.67679305061728,Trachurus japonicus,Mid-trophic species,14,2.68210024333333,-0.00530719271604996
37,TrachysalambriaCurvirostris,SSP1-2.6,2.26676846666667,Trachysalambria curvirostris,Invertebrate,7,2.27681449333333,-0.01004602666666
37,TrachysalambriaCurvirostris,SSP5-8.5,2.27435232345679,Trachysalambria curvirostris,Invertebrate,7,2.27681449333333,-0.00246216987653991
37,TrichiurusJaponicus,SSP1-2.6,2.7785495962963,Trichiurus japonicus,Predator,3,2.78356182,-0.00501222370370025
37,TrichiurusJaponicus,SSP5-8.5,2.7836537962963,Trichiurus japonicus,Predator,3,2.78356182,9.19762963000892e-05
38,DecapterusMaruadsi,SSP1-2.6,2.71532619753086,Decapterus maruadsi,Mid-trophic species,10,2.7011961,0.0141300975308596
38,DecapterusMaruadsi,SSP5-8.5,2.71592292716049,Decapterus maruadsi,Mid-trophic species,10,2.7011961,0.0147268271604899
38,EngraulisJaponicus,SSP1-2.6,2.32505790740741,Engraulis japonicus,Prey,1,2.34117781666667,-0.0161199092592601
38,EngraulisJaponicus,SSP5-8.5,2.32428450617284,Engraulis japonicus,Prey,1,2.34117781666667,-0.0168933104938298
38,LarimichthysPolyactis,SSP1-2.6,2.59186458888889,Larimichthys polyactis,Mid-trophic species,13,2.60629635333333,-0.0144317644444403
38,LarimichthysPolyactis,SSP5-8.5,2.61242762716049,Larimichthys polyactis,Mid-trophic species,13,2.60629635333333,0.00613127382715994
38,MiichthysMiiuy,SSP1-2.6,3.01132951604938,Miichthys miiuy,Predator,5,3.02756871,-0.0162391939506201
38,MiichthysMiiuy,SSP5-8.5,3.01255475925926,Miichthys miiuy,Predator,5,3.02756871,-0.0150139507407401
38,MuraenesoxCinereus,SSP1-2.6,3.10614512469136,Muraenesox cinereus,Predator,4,3.10901785333333,-0.00287272864196986
38,MuraenesoxCinereus,SSP5-8.5,3.11335549876543,Muraenesox cinereus,Predator,4,3.10901785333333,0.00433764543210025
38,PampusArgenteus,SSP1-2.6,2.80884210123457,Pampus argenteus,Mid-trophic species,12,2.81455065666667,-0.00570855543210014
38,PampusArgenteus,SSP5-8.5,2.83202167777778,Pampus argenteus,Mid-trophic species,12,2.81455065666667,0.0174710211111098
38,PennahiaArgentata,SSP1-2.6,2.88679728518519,Pennahia argentata,Mid-trophic species,11,2.88907457333333,-0.00227728814813988
38,PennahiaArgentata,SSP5-8.5,2.89396054814815,Pennahia argentata,Mid-trophic species,11,2.88907457333333,0.00488597481481978
38,PortunusTrituberculatus,SSP1-2.6,2.15174847901235,Portunus trituberculatus,Invertebrate,8,2.14825246666667,0.00349601234567976
38,PortunusTrituberculatus,SSP5-8.5,2.15363585679012,Portunus trituberculatus,Invertebrate,8,2.14825246666667,0.00538339012345013
38,ScomberJaponicus,SSP1-2.6,2.53776601481481,Scomber japonicus,Mid-trophic species,9,2.54311056333333,-0.0053445485185204
38,ScomberJaponicus,SSP5-8.5,2.53869008271605,Scomber japonicus,Mid-trophic species,9,2.54311056333333,-0.00442048061728029
38,ScomberomorusNiphonius,SSP1-2.6,3.08102509012346,Scomberomorus niphonius,Predator,2,3.09085220666667,-0.00982711654320978
38,ScomberomorusNiphonius,SSP5-8.5,3.07358111234568,Scomberomorus niphonius,Predator,2,3.09085220666667,-0.0172710943209897
38,TodarodesPacificus,SSP1-2.6,2.42426436666667,Todarodes pacificus,Invertebrate,6,2.42258426666667,0.00168009999999974
38,TodarodesPacificus,SSP5-8.5,2.41665686666667,Todarodes pacificus,Invertebrate,6,2.42258426666667,-0.00592740000000003
38,TrachurusJaponicus,SSP1-2.6,2.68823474197531,Trachurus japonicus,Mid-trophic species,14,2.67590273333333,0.0123320086419803
38,TrachurusJaponicus,SSP5-8.5,2.67162770493827,Trachurus japonicus,Mid-trophic species,14,2.67590273333333,-0.00427502839505989
38,TrachysalambriaCurvirostris,SSP1-2.6,2.27114399259259,Trachysalambria curvirostris,Invertebrate,7,2.29128315333333,-0.0201391607407402
38,TrachysalambriaCurvirostris,SSP5-8.5,2.27179806790123,Trachysalambria curvirostris,Invertebrate,7,2.29128315333333,-0.0194850854321
38,TrichiurusJaponicus,SSP1-2.6,2.78199672839506,Trichiurus japonicus,Predator,3,2.79191527333333,-0.00991854493826994
38,TrichiurusJaponicus,SSP5-8.5,2.7788075,Trichiurus japonicus,Predator,3,2.79191527333333,-0.01310777333333
39,DecapterusMaruadsi,SSP1-2.6,2.72657048518519,Decapterus maruadsi,Mid-trophic species,10,2.71814868,0.00842180518518987
39,DecapterusMaruadsi,SSP5-8.5,2.72699518518519,Decapterus maruadsi,Mid-trophic species,10,2.71814868,0.00884650518518981
39,EngraulisJaponicus,SSP1-2.6,2.32209402592593,Engraulis japonicus,Prey,1,2.33612385,-0.0140298240740697
39,EngraulisJaponicus,SSP5-8.5,2.32112822469136,Engraulis japonicus,Prey,1,2.33612385,-0.0149956253086398
39,LarimichthysPolyactis,SSP1-2.6,2.59772034320988,Larimichthys polyactis,Mid-trophic species,13,2.60776594333333,-0.0100456001234499
39,LarimichthysPolyactis,SSP5-8.5,2.60522850617284,Larimichthys polyactis,Mid-trophic species,13,2.60776594333333,-0.00253743716048982
39,MiichthysMiiuy,SSP1-2.6,3.01090595925926,Miichthys miiuy,Predator,5,3.03382486666667,-0.0229189074074099
39,MiichthysMiiuy,SSP5-8.5,3.01037098765432,Miichthys miiuy,Predator,5,3.03382486666667,-0.02345387901235
39,MuraenesoxCinereus,SSP1-2.6,3.11316185185185,Muraenesox cinereus,Predator,4,3.11409253333333,-0.000930681481480011
39,MuraenesoxCinereus,SSP5-8.5,3.10949738641975,Muraenesox cinereus,Predator,4,3.11409253333333,-0.00459514691357965
39,PampusArgenteus,SSP1-2.6,2.80955352716049,Pampus argenteus,Mid-trophic species,12,2.82689043,-0.0173369028395101
39,PampusArgenteus,SSP5-8.5,2.82830834444444,Pampus argenteus,Mid-trophic species,12,2.82689043,0.00141791444443973
39,PennahiaArgentata,SSP1-2.6,2.89871051481481,Pennahia argentata,Mid-trophic species,11,2.89492657,0.00378394481480981
39,PennahiaArgentata,SSP5-8.5,2.90308421851852,Pennahia argentata,Mid-trophic species,11,2.89492657,0.00815764851851997
39,PortunusTrituberculatus,SSP1-2.6,2.15397847283951,Portunus trituberculatus,Invertebrate,8,2.14004964333333,0.0139288295061801
39,PortunusTrituberculatus,SSP5-8.5,2.15391950740741,Portunus trituberculatus,Invertebrate,8,2.14004964333333,0.01386986407408
39,ScomberJaponicus,SSP1-2.6,2.53939398395062,Scomber japonicus,Mid-trophic species,9,2.53796162333333,0.00143236061729013
39,ScomberJaponicus,SSP5-8.5,2.54002701111111,Scomber japonicus,Mid-trophic species,9,2.53796162333333,0.00206538777778009
39,ScomberomorusNiphonius,SSP1-2.6,3.08578140987654,Scomberomorus niphonius,Predator,2,3.10369944,-0.0179180301234601
39,ScomberomorusNiphonius,SSP5-8.5,3.07630033209877,Scomberomorus niphonius,Predator,2,3.10369944,-0.0273991079012301
39,TodarodesPacificus,SSP1-2.6,2.42650236790123,Todarodes pacificus,Invertebrate,6,2.42952521333333,-0.00302284543209996
39,TodarodesPacificus,SSP5-8.5,2.42789090617284,Todarodes pacificus,Invertebrate,6,2.42952521333333,-0.00163430716049007
39,TrachurusJaponicus,SSP1-2.6,2.67492172098765,Trachurus japonicus,Mid-trophic species,14,2.67987947,-0.00495774901235002
39,TrachurusJaponicus,SSP5-8.5,2.68422585555556,Trachurus japonicus,Mid-trophic species,14,2.67987947,0.00434638555555988
39,TrachysalambriaCurvirostris,SSP1-2.6,2.27456269012346,Trachysalambria curvirostris,Invertebrate,7,2.27219905666667,0.00236363345679003
39,TrachysalambriaCurvirostris,SSP5-8.5,2.26951932345679,Trachysalambria curvirostris,Invertebrate,7,2.27219905666667,-0.00267973320988002
39,TrichiurusJaponicus,SSP1-2.6,2.78272824320988,Trichiurus japonicus,Predator,3,2.78934877666667,-0.00662053345679015
39,TrichiurusJaponicus,SSP5-8.5,2.78156914567901,Trichiurus japonicus,Predator,3,2.78934877666667,-0.0077796309876601
40,DecapterusMaruadsi,SSP1-2.6,2.72430870246914,Decapterus maruadsi,Mid-trophic species,10,2.71483174,0.00947696246913976
40,DecapterusMaruadsi,SSP5-8.5,2.72649551728395,Decapterus maruadsi,Mid-trophic species,10,2.71483174,0.0116637772839496
40,EngraulisJaponicus,SSP1-2.6,2.32582570246914,Engraulis japonicus,Prey,1,2.32730762666667,-0.00148192419752968
40,EngraulisJaponicus,SSP5-8.5,2.32027737777778,Engraulis japonicus,Prey,1,2.32730762666667,-0.00703024888888981
40,LarimichthysPolyactis,SSP1-2.6,2.58765312469136,Larimichthys polyactis,Mid-trophic species,13,2.60473186,-0.0170787353086399
40,LarimichthysPolyactis,SSP5-8.5,2.59837795925926,Larimichthys polyactis,Mid-trophic species,13,2.60473186,-0.0063539007407396
40,MiichthysMiiuy,SSP1-2.6,3.00379635432099,Miichthys miiuy,Predator,5,3.03282696333333,-0.0290306090123402
40,MiichthysMiiuy,SSP5-8.5,3.00739178518519,Miichthys miiuy,Predator,5,3.03282696333333,-0.0254351781481401
40,MuraenesoxCinereus,SSP1-2.6,3.11095817160494,Muraenesox cinereus,Predator,4,3.11362025666667,-0.00266208506173005
40,MuraenesoxCinereus,SSP5-8.5,3.11438068395062,Muraenesox cinereus,Predator,4,3.11362025666667,0.00076042728394965
40,PampusArgenteus,SSP1-2.6,2.80698963703704,Pampus argenteus,Mid-trophic species,12,2.82520791333333,-0.0182182762962899
40,PampusArgenteus,SSP5-8.5,2.81330733950617,Pampus argenteus,Mid-trophic species,12,2.82520791333333,-0.0119005738271603
40,PennahiaArgentata,SSP1-2.6,2.88517272345679,Pennahia argentata,Mid-trophic species,11,2.88116078,0.00401194345678979
40,PennahiaArgentata,SSP5-8.5,2.90385088641975,Pennahia argentata,Mid-trophic species,11,2.88116078,0.0226901064197498
40,PortunusTrituberculatus,SSP1-2.6,2.14963751851852,Portunus trituberculatus,Invertebrate,8,2.13907767666667,0.0105598418518498
40,PortunusTrituberculatus,SSP5-8.5,2.15707917407407,Portunus trituberculatus,Invertebrate,8,2.13907767666667,0.0180014974073996
40,ScomberJaponicus,SSP1-2.6,2.53603767407407,Scomber japonicus,Mid-trophic species,9,2.53777798666667,-0.00174031259259966
40,ScomberJaponicus,SSP5-8.5,2.53872689753086,Scomber japonicus,Mid-trophic species,9,2.53777798666667,0.000948910864190022
40,ScomberomorusNiphonius,SSP1-2.6,3.07927644938272,Scomberomorus niphonius,Predator,2,3.09682466333333,-0.0175482139506098
40,ScomberomorusNiphonius,SSP5-8.5,3.07412154691358,Scomberomorus niphonius,Predator,2,3.09682466333333,-0.0227031164197498
40,TodarodesPacificus,SSP1-2.6,2.42487129753086,Todarodes pacificus,Invertebrate,6,2.43178026666667,-0.00690896913580996
40,TodarodesPacificus,SSP5-8.5,2.42411437160494,Todarodes pacificus,Invertebrate,6,2.43178026666667,-0.00766589506172988
40,TrachurusJaponicus,SSP1-2.6,2.68151686790123,Trachurus japonicus,Mid-trophic species,14,2.67712131333333,0.00439555456789975
40,TrachurusJaponicus,SSP5-8.5,2.67025019382716,Trachurus japonicus,Mid-trophic species,14,2.67712131333333,-0.00687111950617014
40,TrachysalambriaCurvirostris,SSP1-2.6,2.28250322469136,Trachysalambria curvirostris,Invertebrate,7,2.27086729666667,0.01163592802469
40,TrachysalambriaCurvirostris,SSP5-8.5,2.28325916790123,Trachysalambria curvirostris,Invertebrate,7,2.27086729666667,0.0123918712345601
40,TrichiurusJaponicus,SSP1-2.6,2.78324796666667,Trichiurus japonicus,Predator,3,2.78713961333333,-0.00389164666666009
40,TrichiurusJaponicus,SSP5-8.5,2.78377385185185,Trichiurus japonicus,Predator,3,2.78713961333333,-0.00336576148148016
41,DecapterusMaruadsi,SSP1-2.6,2.71948134938272,Decapterus maruadsi,Mid-trophic species,10,2.71594043666667,0.00354091271604995
41,DecapterusMaruadsi,SSP5-8.5,2.72370526049383,Decapterus maruadsi,Mid-trophic species,10,2.71594043666667,0.00776482382715971
41,EngraulisJaponicus,SSP1-2.6,2.32829183333333,Engraulis japonicus,Prey,1,2.33376345333333,-0.00547161999999979
41,EngraulisJaponicus,SSP5-8.5,2.32209556790123,Engraulis japonicus,Prey,1,2.33376345333333,-0.0116678854320997
41,LarimichthysPolyactis,SSP1-2.6,2.60040420493827,Larimichthys polyactis,Mid-trophic species,13,2.6174934,-0.0170891950617298
41,LarimichthysPolyactis,SSP5-8.5,2.60570050617284,Larimichthys polyactis,Mid-trophic species,13,2.6174934,-0.0117928938271596
41,MiichthysMiiuy,SSP1-2.6,3.01859688888889,Miichthys miiuy,Predator,5,3.01800609,0.000590798888890021
41,MiichthysMiiuy,SSP5-8.5,3.00311176419753,Miichthys miiuy,Predator,5,3.01800609,-0.0148943258024703
41,MuraenesoxCinereus,SSP1-2.6,3.11297940864198,Muraenesox cinereus,Predator,4,3.11242885666667,0.000550551975309954
41,MuraenesoxCinereus,SSP5-8.5,3.11229123703704,Muraenesox cinereus,Predator,4,3.11242885666667,-0.000137619629629882
41,PampusArgenteus,SSP1-2.6,2.81953560740741,Pampus argenteus,Mid-trophic species,12,2.84779213333333,-0.02825652592592
41,PampusArgenteus,SSP5-8.5,2.82073187407407,Pampus argenteus,Mid-trophic species,12,2.84779213333333,-0.0270602592592599
41,PennahiaArgentata,SSP1-2.6,2.88744788518519,Pennahia argentata,Mid-trophic species,11,2.89826395333333,-0.0108160681481402
41,PennahiaArgentata,SSP5-8.5,2.89879812469136,Pennahia argentata,Mid-trophic species,11,2.89826395333333,0.000534171358030022
41,PortunusTrituberculatus,SSP1-2.6,2.15362149382716,Portunus trituberculatus,Invertebrate,8,2.14407756,0.0095439338271599
41,PortunusTrituberculatus,SSP5-8.5,2.15358841851852,Portunus trituberculatus,Invertebrate,8,2.14407756,0.00951085851851996
41,ScomberJaponicus,SSP1-2.6,2.53935301975309,Scomber japonicus,Mid-trophic species,9,2.54069252333333,-0.00133950358023993
41,ScomberJaponicus,SSP5-8.5,2.53937052469136,Scomber japonicus,Mid-trophic species,9,2.54069252333333,-0.00132199864196991
41,ScomberomorusNiphonius,SSP1-2.6,3.08697017283951,Scomberomorus niphonius,Predator,2,3.09196226,-0.00499208716049004
41,ScomberomorusNiphonius,SSP5-8.5,3.06908997037037,Scomberomorus niphonius,Predator,2,3.09196226,-0.0228722896296301
41,TodarodesPacificus,SSP1-2.6,2.42538264691358,Todarodes pacificus,Invertebrate,6,2.43463202666667,-0.00924937975308993
41,TodarodesPacificus,SSP5-8.5,2.42654588641975,Todarodes pacificus,Invertebrate,6,2.43463202666667,-0.00808614024691989
41,TrachurusJaponicus,SSP1-2.6,2.68445006049383,Trachurus japonicus,Mid-trophic species,14,2.67441792666667,0.0100321338271598
41,TrachurusJaponicus,SSP5-8.5,2.66422442469136,Trachurus japonicus,Mid-trophic species,14,2.67441792666667,-0.0101935019753103
41,TrachysalambriaCurvirostris,SSP1-2.6,2.26977533580247,Trachysalambria curvirostris,Invertebrate,7,2.26567131333333,0.00410402246913977
41,TrachysalambriaCurvirostris,SSP5-8.5,2.27416774938272,Trachysalambria curvirostris,Invertebrate,7,2.26567131333333,0.00849643604938999
41,TrichiurusJaponicus,SSP1-2.6,2.78604835185185,Trichiurus japonicus,Predator,3,2.77890918666667,0.00713916518517976
41,TrichiurusJaponicus,SSP5-8.5,2.78590213703704,Trichiurus japonicus,Predator,3,2.77890918666667,0.00699295037036984
42,DecapterusMaruadsi,SSP1-2.6,2.72496503703704,Decapterus maruadsi,Mid-trophic species,10,2.71731960666667,0.00764543037037013
42,DecapterusMaruadsi,SSP5-8.5,2.72859855555556,Decapterus maruadsi,Mid-trophic species,10,2.71731960666667,0.01127894888889
42,EngraulisJaponicus,SSP1-2.6,2.32300889753086,Engraulis japonicus,Prey,1,2.33719371666667,-0.01418481913581
42,EngraulisJaponicus,SSP5-8.5,2.32651553333333,Engraulis japonicus,Prey,1,2.33719371666667,-0.01067818333334
42,LarimichthysPolyactis,SSP1-2.6,2.59944898518519,Larimichthys polyactis,Mid-trophic species,13,2.62245657,-0.0230075848148101
42,LarimichthysPolyactis,SSP5-8.5,2.60572803333333,Larimichthys polyactis,Mid-trophic species,13,2.62245657,-0.0167285366666703
42,MiichthysMiiuy,SSP1-2.6,3.01370470987654,Miichthys miiuy,Predator,5,3.02833256666667,-0.0146278567901299
42,MiichthysMiiuy,SSP5-8.5,3.00775487901235,Miichthys miiuy,Predator,5,3.02833256666667,-0.02057768765432
42,MuraenesoxCinereus,SSP1-2.6,3.1114688654321,Muraenesox cinereus,Predator,4,3.10583349666667,0.00563536876543003
42,MuraenesoxCinereus,SSP5-8.5,3.11467282592593,Muraenesox cinereus,Predator,4,3.10583349666667,0.0088393292592599
42,PampusArgenteus,SSP1-2.6,2.81214697654321,Pampus argenteus,Mid-trophic species,12,2.82783401333333,-0.0156870367901201
42,PampusArgenteus,SSP5-8.5,2.81863874691358,Pampus argenteus,Mid-trophic species,12,2.82783401333333,-0.00919526641975033
42,PennahiaArgentata,SSP1-2.6,2.88402740246914,Pennahia argentata,Mid-trophic species,11,2.89368789,-0.00966048753085991
42,PennahiaArgentata,SSP5-8.5,2.89965489012346,Pennahia argentata,Mid-trophic species,11,2.89368789,0.00596700012345997
42,PortunusTrituberculatus,SSP1-2.6,2.14963881358025,Portunus trituberculatus,Invertebrate,8,2.14339627,0.00624254358025
42,PortunusTrituberculatus,SSP5-8.5,2.15444238518519,Portunus trituberculatus,Invertebrate,8,2.14339627,0.0110461151851897
42,ScomberJaponicus,SSP1-2.6,2.53867535185185,Scomber japonicus,Mid-trophic species,9,2.53958686666667,-0.000911514814819991
42,ScomberJaponicus,SSP5-8.5,2.53762610493827,Scomber japonicus,Mid-trophic species,9,2.53958686666667,-0.00196076172839987
42,ScomberomorusNiphonius,SSP1-2.6,3.07605190740741,Scomberomorus niphonius,Predator,2,3.08693634666667,-0.01088443925926
42,ScomberomorusNiphonius,SSP5-8.5,3.07827619382716,Scomberomorus niphonius,Predator,2,3.08693634666667,-0.00866015283951027
42,TodarodesPacificus,SSP1-2.6,2.42000440740741,Todarodes pacificus,Invertebrate,6,2.43646391,-0.01645950259259
42,TodarodesPacificus,SSP5-8.5,2.42369520123457,Todarodes pacificus,Invertebrate,6,2.43646391,-0.0127687087654302
42,TrachurusJaponicus,SSP1-2.6,2.68341492716049,Trachurus japonicus,Mid-trophic species,14,2.67681896333333,0.00659596382716021
42,TrachurusJaponicus,SSP5-8.5,2.67191999506173,Trachurus japonicus,Mid-trophic species,14,2.67681896333333,-0.00489896827160008
42,TrachysalambriaCurvirostris,SSP1-2.6,2.26724310740741,Trachysalambria curvirostris,Invertebrate,7,2.2937409,-0.0264977925925898
42,TrachysalambriaCurvirostris,SSP5-8.5,2.27560707037037,Trachysalambria curvirostris,Invertebrate,7,2.2937409,-0.0181338296296301
42,TrichiurusJaponicus,SSP1-2.6,2.78321615185185,Trichiurus japonicus,Predator,3,2.76995924666667,0.0132569051851803
42,TrichiurusJaponicus,SSP5-8.5,2.7877177345679,Trichiurus japonicus,Predator,3,2.76995924666667,0.0177584879012302
43,DecapterusMaruadsi,SSP1-2.6,2.72166411851852,Decapterus maruadsi,Mid-trophic species,10,2.70081137,0.0208527485185201
43,DecapterusMaruadsi,SSP5-8.5,2.71806525185185,Decapterus maruadsi,Mid-trophic species,10,2.70081137,0.0172538818518504
43,EngraulisJaponicus,SSP1-2.6,2.32327304567901,Engraulis japonicus,Prey,1,2.33726543666667,-0.01399239098766
43,EngraulisJaponicus,SSP5-8.5,2.32348843827161,Engraulis japonicus,Prey,1,2.33726543666667,-0.01377699839506
43,LarimichthysPolyactis,SSP1-2.6,2.59826181234568,Larimichthys polyactis,Mid-trophic species,13,2.61733831666667,-0.01907650432099
43,LarimichthysPolyactis,SSP5-8.5,2.60577171728395,Larimichthys polyactis,Mid-trophic species,13,2.61733831666667,-0.0115665993827201
43,MiichthysMiiuy,SSP1-2.6,3.01208500987654,Miichthys miiuy,Predator,5,3.02435027333333,-0.0122652634567899
43,MiichthysMiiuy,SSP5-8.5,3.01432254938272,Miichthys miiuy,Predator,5,3.02435027333333,-0.0100277239506097
43,MuraenesoxCinereus,SSP1-2.6,3.11062852716049,Muraenesox cinereus,Predator,4,3.11290256,-0.00227403283951011
43,MuraenesoxCinereus,SSP5-8.5,3.11378980987654,Muraenesox cinereus,Predator,4,3.11290256,0.000887249876539986
43,PampusArgenteus,SSP1-2.6,2.81632973703704,Pampus argenteus,Mid-trophic species,12,2.83949279333333,-0.0231630562962901
43,PampusArgenteus,SSP5-8.5,2.82216839876543,Pampus argenteus,Mid-trophic species,12,2.83949279333333,-0.0173243945679
43,PennahiaArgentata,SSP1-2.6,2.88250609259259,Pennahia argentata,Mid-trophic species,11,2.88897055333333,-0.00646446074074003
43,PennahiaArgentata,SSP5-8.5,2.90561997530864,Pennahia argentata,Mid-trophic species,11,2.88897055333333,0.0166494219753099
43,PortunusTrituberculatus,SSP1-2.6,2.15314792222222,Portunus trituberculatus,Invertebrate,8,2.13811364,0.0150342822222203
43,PortunusTrituberculatus,SSP5-8.5,2.15212357654321,Portunus trituberculatus,Invertebrate,8,2.13811364,0.0140099365432103
43,ScomberJaponicus,SSP1-2.6,2.53677989135803,Scomber japonicus,Mid-trophic species,9,2.54118290333333,-0.0044030119752998
43,ScomberJaponicus,SSP5-8.5,2.53820139382716,Scomber japonicus,Mid-trophic species,9,2.54118290333333,-0.00298150950616982
43,ScomberomorusNiphonius,SSP1-2.6,3.08309956296296,Scomberomorus niphonius,Predator,2,3.09659831,-0.01349874703704
43,ScomberomorusNiphonius,SSP5-8.5,3.07576052839506,Scomberomorus niphonius,Predator,2,3.09659831,-0.0208377816049401
43,TodarodesPacificus,SSP1-2.6,2.42438310123457,Todarodes pacificus,Invertebrate,6,2.43690327333333,-0.01252017209876
43,TodarodesPacificus,SSP5-8.5,2.42520595308642,Todarodes pacificus,Invertebrate,6,2.43690327333333,-0.0116973202469097
43,TrachurusJaponicus,SSP1-2.6,2.66622146049383,Trachurus japonicus,Mid-trophic species,14,2.66955877333333,-0.00333731283950023
43,TrachurusJaponicus,SSP5-8.5,2.66465057407407,Trachurus japonicus,Mid-trophic species,14,2.66955877333333,-0.00490819925926012
43,TrachysalambriaCurvirostris,SSP1-2.6,2.27581291111111,Trachysalambria curvirostris,Invertebrate,7,2.26799741666667,0.00781549444443996
43,TrachysalambriaCurvirostris,SSP5-8.5,2.27253819876543,Trachysalambria curvirostris,Invertebrate,7,2.26799741666667,0.00454078209875997
43,TrichiurusJaponicus,SSP1-2.6,2.7797479691358,Trichiurus japonicus,Predator,3,2.78133683,-0.00158886086419985
43,TrichiurusJaponicus,SSP5-8.5,2.78464800864198,Trichiurus japonicus,Predator,3,2.78133683,0.00331117864197994
44,DecapterusMaruadsi,SSP1-2.6,2.72469069876543,Decapterus maruadsi,Mid-trophic species,10,2.71580289,0.00888780876542983
44,DecapterusMaruadsi,SSP5-8.5,2.7295186,Decapterus maruadsi,Mid-trophic species,10,2.71580289,0.01371571
44,EngraulisJaponicus,SSP1-2.6,2.32495875555556,Engraulis japonicus,Prey,1,2.33669804333333,-0.01173928777777
44,EngraulisJaponicus,SSP5-8.5,2.32851143827161,Engraulis japonicus,Prey,1,2.33669804333333,-0.00818660506172009
44,LarimichthysPolyactis,SSP1-2.6,2.60358653827161,Larimichthys polyactis,Mid-trophic species,13,2.60929021,-0.00570367172839026
44,LarimichthysPolyactis,SSP5-8.5,2.61022538271605,Larimichthys polyactis,Mid-trophic species,13,2.60929021,0.000935172716050037
44,MiichthysMiiuy,SSP1-2.6,3.01666581358025,Miichthys miiuy,Predator,5,3.02983408333333,-0.0131682697530802
44,MiichthysMiiuy,SSP5-8.5,3.00726460987654,Miichthys miiuy,Predator,5,3.02983408333333,-0.0225694734567901
44,MuraenesoxCinereus,SSP1-2.6,3.10938390740741,Muraenesox cinereus,Predator,4,3.11130442,-0.0019205125925903
44,MuraenesoxCinereus,SSP5-8.5,3.11222707901235,Muraenesox cinereus,Predator,4,3.11130442,0.000922659012349669
44,PampusArgenteus,SSP1-2.6,2.81595998148148,Pampus argenteus,Mid-trophic species,12,2.82542768,-0.00946769851852025
44,PampusArgenteus,SSP5-8.5,2.81848472345679,Pampus argenteus,Mid-trophic species,12,2.82542768,-0.00694295654321042
44,PennahiaArgentata,SSP1-2.6,2.89617858888889,Pennahia argentata,Mid-trophic species,11,2.89504892,0.00112966888889021
44,PennahiaArgentata,SSP5-8.5,2.90494184320988,Pennahia argentata,Mid-trophic species,11,2.89504892,0.00989292320988033
44,PortunusTrituberculatus,SSP1-2.6,2.14926059382716,Portunus trituberculatus,Invertebrate,8,2.13931794,0.00994265382715964
44,PortunusTrituberculatus,SSP5-8.5,2.15576447530864,Portunus trituberculatus,Invertebrate,8,2.13931794,0.0164465353086398
44,ScomberJaponicus,SSP1-2.6,2.53543204320988,Scomber japonicus,Mid-trophic species,9,2.53791766666667,-0.00248562345679026
44,ScomberJaponicus,SSP5-8.5,2.53769962098765,Scomber japonicus,Mid-trophic species,9,2.53791766666667,-0.000218045679019951
44,ScomberomorusNiphonius,SSP1-2.6,3.08176862345679,Scomberomorus niphonius,Predator,2,3.08920716666667,-0.0074385432098798
44,ScomberomorusNiphonius,SSP5-8.5,3.08058010864198,Scomberomorus niphonius,Predator,2,3.08920716666667,-0.00862705802468966
44,TodarodesPacificus,SSP1-2.6,2.42194923703704,Todarodes pacificus,Invertebrate,6,2.43683324333333,-0.0148840062962901
44,TodarodesPacificus,SSP5-8.5,2.42659213950617,Todarodes pacificus,Invertebrate,6,2.43683324333333,-0.0102411038271599
44,TrachurusJaponicus,SSP1-2.6,2.66923370740741,Trachurus japonicus,Mid-trophic species,14,2.67827652,-0.00904281259258966
44,TrachurusJaponicus,SSP5-8.5,2.6759282308642,Trachurus japonicus,Mid-trophic species,14,2.67827652,-0.00234828913579976
44,TrachysalambriaCurvirostris,SSP1-2.6,2.26990662962963,Trachysalambria curvirostris,Invertebrate,7,2.26357492666667,0.00633170296296015
44,TrachysalambriaCurvirostris,SSP5-8.5,2.27549732098765,Trachysalambria curvirostris,Invertebrate,7,2.26357492666667,0.0119223943209801
44,TrichiurusJaponicus,SSP1-2.6,2.78870990740741,Trichiurus japonicus,Predator,3,2.77990443333333,0.00880547407408017
44,TrichiurusJaponicus,SSP5-8.5,2.78461574814815,Trichiurus japonicus,Predator,3,2.77990443333333,0.00471131481482034
45,DecapterusMaruadsi,SSP1-2.6,2.72700181851852,Decapterus maruadsi,Mid-trophic species,10,2.72660991666667,0.000391901851850118
45,DecapterusMaruadsi,SSP5-8.5,2.72977902345679,Decapterus maruadsi,Mid-trophic species,10,2.72660991666667,0.00316910679012006
45,EngraulisJaponicus,SSP1-2.6,2.32640336790123,Engraulis japonicus,Prey,1,2.33945139333333,-0.0130480254320999
45,EngraulisJaponicus,SSP5-8.5,2.3239869,Engraulis japonicus,Prey,1,2.33945139333333,-0.0154644933333299
45,LarimichthysPolyactis,SSP1-2.6,2.59754338765432,Larimichthys polyactis,Mid-trophic species,13,2.61261712333333,-0.0150737356790098
45,LarimichthysPolyactis,SSP5-8.5,2.61110501604938,Larimichthys polyactis,Mid-trophic species,13,2.61261712333333,-0.00151210728395013
45,MiichthysMiiuy,SSP1-2.6,3.01720368148148,Miichthys miiuy,Predator,5,3.02880843333333,-0.0116047518518498
45,MiichthysMiiuy,SSP5-8.5,3.01807170493827,Miichthys miiuy,Predator,5,3.02880843333333,-0.0107367283950599
45,MuraenesoxCinereus,SSP1-2.6,3.11036308395062,Muraenesox cinereus,Predator,4,3.11988396666667,-0.00952088271605023
45,MuraenesoxCinereus,SSP5-8.5,3.11204687407407,Muraenesox cinereus,Predator,4,3.11988396666667,-0.00783709259260013
45,PampusArgenteus,SSP1-2.6,2.81930101975309,Pampus argenteus,Mid-trophic species,12,2.82217664,-0.00287562024690979
45,PampusArgenteus,SSP5-8.5,2.81994557654321,Pampus argenteus,Mid-trophic species,12,2.82217664,-0.00223106345678969
45,PennahiaArgentata,SSP1-2.6,2.88383012098765,Pennahia argentata,Mid-trophic species,11,2.89506296666667,-0.0112328456790203
45,PennahiaArgentata,SSP5-8.5,2.9016270308642,Pennahia argentata,Mid-trophic species,11,2.89506296666667,0.00656406419752997
45,PortunusTrituberculatus,SSP1-2.6,2.15099184320988,Portunus trituberculatus,Invertebrate,8,2.13891116333333,0.0120806798765498
45,PortunusTrituberculatus,SSP5-8.5,2.15155954691358,Portunus trituberculatus,Invertebrate,8,2.13891116333333,0.0126483835802498
45,ScomberJaponicus,SSP1-2.6,2.53702195802469,Scomber japonicus,Mid-trophic species,9,2.53653374333333,0.000488214691360067
45,ScomberJaponicus,SSP5-8.5,2.53715522716049,Scomber japonicus,Mid-trophic species,9,2.53653374333333,0.000621483827159874
45,ScomberomorusNiphonius,SSP1-2.6,3.08224792222222,Scomberomorus niphonius,Predator,2,3.09314927,-0.01090134777778
45,ScomberomorusNiphonius,SSP5-8.5,3.07692543950617,Scomberomorus niphonius,Predator,2,3.09314927,-0.0162238304938303
45,TodarodesPacificus,SSP1-2.6,2.425875,Todarodes pacificus,Invertebrate,6,2.44224953666667,-0.0163745366666701
45,TodarodesPacificus,SSP5-8.5,2.43058560864198,Todarodes pacificus,Invertebrate,6,2.44224953666667,-0.01166392802469
45,TrachurusJaponicus,SSP1-2.6,2.68211538765432,Trachurus japonicus,Mid-trophic species,14,2.67070939666667,0.0114059909876496
45,TrachurusJaponicus,SSP5-8.5,2.66955478518519,Trachurus japonicus,Mid-trophic species,14,2.67070939666667,-0.00115461148148022
45,TrachysalambriaCurvirostris,SSP1-2.6,2.26970651111111,Trachysalambria curvirostris,Invertebrate,7,2.27895687333333,-0.00925036222221998
45,TrachysalambriaCurvirostris,SSP5-8.5,2.27927002592593,Trachysalambria curvirostris,Invertebrate,7,2.27895687333333,0.000313152592600119
45,TrichiurusJaponicus,SSP1-2.6,2.78485664814815,Trichiurus japonicus,Predator,3,2.78178638666667,0.00307026148147971
45,TrichiurusJaponicus,SSP5-8.5,2.78073135679012,Trichiurus japonicus,Predator,3,2.78178638666667,-0.00105502987655015
46,DecapterusMaruadsi,SSP1-2.6,2.72826450864198,Decapterus maruadsi,Mid-trophic species,10,2.73504753,-0.00678302135802023
46,DecapterusMaruadsi,SSP5-8.5,2.73167766049383,Decapterus maruadsi,Mid-trophic species,10,2.73504753,-0.00336986950616991
46,EngraulisJaponicus,SSP1-2.6,2.32603941851852,Engraulis japonicus,Prey,1,2.33413829666667,-0.00809887814815014
46,EngraulisJaponicus,SSP5-8.5,2.32562530617284,Engraulis japonicus,Prey,1,2.33413829666667,-0.00851299049383014
46,LarimichthysPolyactis,SSP1-2.6,2.59529860987654,Larimichthys polyactis,Mid-trophic species,13,2.61064688666667,-0.0153482767901298
46,LarimichthysPolyactis,SSP5-8.5,2.60424061728395,Larimichthys polyactis,Mid-trophic species,13,2.61064688666667,-0.00640626938271982
46,MiichthysMiiuy,SSP1-2.6,3.00871848271605,Miichthys miiuy,Predator,5,3.02622095,-0.0175024672839501
46,MiichthysMiiuy,SSP5-8.5,3.00976160493827,Miichthys miiuy,Predator,5,3.02622095,-0.0164593450617301
46,MuraenesoxCinereus,SSP1-2.6,3.10725499259259,Muraenesox cinereus,Predator,4,3.11881967,-0.0115646774074101
46,MuraenesoxCinereus,SSP5-8.5,3.1124001345679,Muraenesox cinereus,Predator,4,3.11881967,-0.00641953543210017
46,PampusArgenteus,SSP1-2.6,2.80979866790123,Pampus argenteus,Mid-trophic species,12,2.824823,-0.0150243320987697
46,PampusArgenteus,SSP5-8.5,2.81356012716049,Pampus argenteus,Mid-trophic species,12,2.824823,-0.0112628728395099
46,PennahiaArgentata,SSP1-2.6,2.88220439012346,Pennahia argentata,Mid-trophic species,11,2.90870478333333,-0.02650039320987
46,PennahiaArgentata,SSP5-8.5,2.89340197654321,Pennahia argentata,Mid-trophic species,11,2.90870478333333,-0.0153028067901198
46,PortunusTrituberculatus,SSP1-2.6,2.15143149135802,Portunus trituberculatus,Invertebrate,8,2.14865451,0.00277698135802007
46,PortunusTrituberculatus,SSP5-8.5,2.15372239382716,Portunus trituberculatus,Invertebrate,8,2.14865451,0.00506788382715984
46,ScomberJaponicus,SSP1-2.6,2.53570784444444,Scomber japonicus,Mid-trophic species,9,2.53838245666667,-0.00267461222223009
46,ScomberJaponicus,SSP5-8.5,2.53494211851852,Scomber japonicus,Mid-trophic species,9,2.53838245666667,-0.00344033814815026
46,ScomberomorusNiphonius,SSP1-2.6,3.07898014691358,Scomberomorus niphonius,Predator,2,3.09816190666667,-0.0191817597530899
46,ScomberomorusNiphonius,SSP5-8.5,3.07567464444444,Scomberomorus niphonius,Predator,2,3.09816190666667,-0.0224872622222301
46,TodarodesPacificus,SSP1-2.6,2.42446505185185,Todarodes pacificus,Invertebrate,6,2.43309906333333,-0.00863401148148002
46,TodarodesPacificus,SSP5-8.5,2.42243764814815,Todarodes pacificus,Invertebrate,6,2.43309906333333,-0.0106614151851798
46,TrachurusJaponicus,SSP1-2.6,2.67526665679012,Trachurus japonicus,Mid-trophic species,14,2.67519265,7.40067901201513e-05
46,TrachurusJaponicus,SSP5-8.5,2.67443440864198,Trachurus japonicus,Mid-trophic species,14,2.67519265,-0.000758241358020051
46,TrachysalambriaCurvirostris,SSP1-2.6,2.27211463333333,Trachysalambria curvirostris,Invertebrate,7,2.27704905666667,-0.00493442333333993
46,TrachysalambriaCurvirostris,SSP5-8.5,2.27255471728395,Trachysalambria curvirostris,Invertebrate,7,2.27704905666667,-0.00449433938271993
46,TrichiurusJaponicus,SSP1-2.6,2.77854840246914,Trichiurus japonicus,Predator,3,2.78105533666667,-0.0025069341975299
46,TrichiurusJaponicus,SSP5-8.5,2.77893225679012,Trichiurus japonicus,Predator,3,2.78105533666667,-0.00212307987654992
47,DecapterusMaruadsi,SSP1-2.6,2.72206315308642,Decapterus maruadsi,Mid-trophic species,10,2.71796141,0.00410174308641986
47,DecapterusMaruadsi,SSP5-8.5,2.72024938765432,Decapterus maruadsi,Mid-trophic species,10,2.71796141,0.00228797765432009
47,EngraulisJaponicus,SSP1-2.6,2.32628701111111,Engraulis japonicus,Prey,1,2.33380745666667,-0.00752044555555997
47,EngraulisJaponicus,SSP5-8.5,2.32870818888889,Engraulis japonicus,Prey,1,2.33380745666667,-0.00509926777777991
47,LarimichthysPolyactis,SSP1-2.6,2.60447382716049,Larimichthys polyactis,Mid-trophic species,13,2.61111096666667,-0.00663713950617995
47,LarimichthysPolyactis,SSP5-8.5,2.60523484320988,Larimichthys polyactis,Mid-trophic species,13,2.61111096666667,-0.0058761234567899
47,MiichthysMiiuy,SSP1-2.6,3.01429409012346,Miichthys miiuy,Predator,5,3.0265166,-0.0122225098765401
47,MiichthysMiiuy,SSP5-8.5,3.01931559753086,Miichthys miiuy,Predator,5,3.0265166,-0.00720100246913979
47,MuraenesoxCinereus,SSP1-2.6,3.10992714074074,Muraenesox cinereus,Predator,4,3.10573622,0.00419092074074001
47,MuraenesoxCinereus,SSP5-8.5,3.11344243580247,Muraenesox cinereus,Predator,4,3.10573622,0.00770621580247033
47,PampusArgenteus,SSP1-2.6,2.80984987037037,Pampus argenteus,Mid-trophic species,12,2.84515409333333,-0.0353042229629601
47,PampusArgenteus,SSP5-8.5,2.81164907037037,Pampus argenteus,Mid-trophic species,12,2.84515409333333,-0.0335050229629599
47,PennahiaArgentata,SSP1-2.6,2.88788091975309,Pennahia argentata,Mid-trophic species,11,2.88457046333333,0.00331045641976013
47,PennahiaArgentata,SSP5-8.5,2.89754625802469,Pennahia argentata,Mid-trophic species,11,2.88457046333333,0.0129757946913598
47,PortunusTrituberculatus,SSP1-2.6,2.15519336666667,Portunus trituberculatus,Invertebrate,8,2.14079677333333,0.0143965933333399
47,PortunusTrituberculatus,SSP5-8.5,2.15217680123457,Portunus trituberculatus,Invertebrate,8,2.14079677333333,0.0113800279012399
47,ScomberJaponicus,SSP1-2.6,2.53702934444444,Scomber japonicus,Mid-trophic species,9,2.53864261666667,-0.00161327222222996
47,ScomberJaponicus,SSP5-8.5,2.53760351111111,Scomber japonicus,Mid-trophic species,9,2.53864261666667,-0.00103910555555986
47,ScomberomorusNiphonius,SSP1-2.6,3.07999164074074,Scomberomorus niphonius,Predator,2,3.09218113666667,-0.0121894959259299
47,ScomberomorusNiphonius,SSP5-8.5,3.07396404074074,Scomberomorus niphonius,Predator,2,3.09218113666667,-0.0182170959259302
47,TodarodesPacificus,SSP1-2.6,2.4266866037037,Todarodes pacificus,Invertebrate,6,2.42813515,-0.00144854629630009
47,TodarodesPacificus,SSP5-8.5,2.42064182469136,Todarodes pacificus,Invertebrate,6,2.42813515,-0.00749332530864022
47,TrachurusJaponicus,SSP1-2.6,2.67985731481482,Trachurus japonicus,Mid-trophic species,14,2.68469952333333,-0.00484220851851003
47,TrachurusJaponicus,SSP5-8.5,2.68780584691358,Trachurus japonicus,Mid-trophic species,14,2.68469952333333,0.00310632358024998
47,TrachysalambriaCurvirostris,SSP1-2.6,2.27266939876543,Trachysalambria curvirostris,Invertebrate,7,2.25689335333333,0.0157760454321001
47,TrachysalambriaCurvirostris,SSP5-8.5,2.27107371358025,Trachysalambria curvirostris,Invertebrate,7,2.25689335333333,0.0141803602469199
47,TrichiurusJaponicus,SSP1-2.6,2.78826590493827,Trichiurus japonicus,Predator,3,2.77557250333333,0.01269340160494
47,TrichiurusJaponicus,SSP5-8.5,2.77441898641975,Trichiurus japonicus,Predator,3,2.77557250333333,-0.0011535169135799
48,DecapterusMaruadsi,SSP1-2.6,2.7215576654321,Decapterus maruadsi,Mid-trophic species,10,2.72045997333333,0.00109769209876998
48,DecapterusMaruadsi,SSP5-8.5,2.72701114320988,Decapterus maruadsi,Mid-trophic species,10,2.72045997333333,0.00655116987655013
48,EngraulisJaponicus,SSP1-2.6,2.32133105432099,Engraulis japonicus,Prey,1,2.34154040333333,-0.0202093490123398
48,EngraulisJaponicus,SSP5-8.5,2.32305858395062,Engraulis japonicus,Prey,1,2.34154040333333,-0.0184818193827101
48,LarimichthysPolyactis,SSP1-2.6,2.59624536049383,Larimichthys polyactis,Mid-trophic species,13,2.62067552666667,-0.0244301661728401
48,LarimichthysPolyactis,SSP5-8.5,2.60997638641975,Larimichthys polyactis,Mid-trophic species,13,2.62067552666667,-0.0106991402469201
48,MiichthysMiiuy,SSP1-2.6,3.00954258518519,Miichthys miiuy,Predator,5,3.02618428666667,-0.0166417014814804
48,MiichthysMiiuy,SSP5-8.5,3.00477528518519,Miichthys miiuy,Predator,5,3.02618428666667,-0.0214090014814801
48,MuraenesoxCinereus,SSP1-2.6,3.11447010987654,Muraenesox cinereus,Predator,4,3.11692674333333,-0.0024566334567897
48,MuraenesoxCinereus,SSP5-8.5,3.11422210740741,Muraenesox cinereus,Predator,4,3.11692674333333,-0.00270463592591996
48,PampusArgenteus,SSP1-2.6,2.8242980962963,Pampus argenteus,Mid-trophic species,12,2.82554085,-0.00124275370369986
48,PampusArgenteus,SSP5-8.5,2.81452638765432,Pampus argenteus,Mid-trophic species,12,2.82554085,-0.0110144623456798
48,PennahiaArgentata,SSP1-2.6,2.89863310740741,Pennahia argentata,Mid-trophic species,11,2.90289379,-0.00426068259258994
48,PennahiaArgentata,SSP5-8.5,2.90996959259259,Pennahia argentata,Mid-trophic species,11,2.90289379,0.00707580259259011
48,PortunusTrituberculatus,SSP1-2.6,2.15503064691358,Portunus trituberculatus,Invertebrate,8,2.13591646666667,0.0191141802469099
48,PortunusTrituberculatus,SSP5-8.5,2.15387097407407,Portunus trituberculatus,Invertebrate,8,2.13591646666667,0.0179545074073997
48,ScomberJaponicus,SSP1-2.6,2.53861347160494,Scomber japonicus,Mid-trophic species,9,2.54189840333333,-0.00328493172838984
48,ScomberJaponicus,SSP5-8.5,2.54108157160494,Scomber japonicus,Mid-trophic species,9,2.54189840333333,-0.000816831728390088
48,ScomberomorusNiphonius,SSP1-2.6,3.08748997530864,Scomberomorus niphonius,Predator,2,3.09556255666667,-0.00807258135803002
48,ScomberomorusNiphonius,SSP5-8.5,3.07501710123457,Scomberomorus niphonius,Predator,2,3.09556255666667,-0.0205454554320998
48,TodarodesPacificus,SSP1-2.6,2.42837788518519,Todarodes pacificus,Invertebrate,6,2.42282314333333,0.00555474185186
48,TodarodesPacificus,SSP5-8.5,2.42318112345679,Todarodes pacificus,Invertebrate,6,2.42282314333333,0.000357980123460333
48,TrachurusJaponicus,SSP1-2.6,2.68436485555556,Trachurus japonicus,Mid-trophic species,14,2.67734780333333,0.00701705222223037
48,TrachurusJaponicus,SSP5-8.5,2.67902579135802,Trachurus japonicus,Mid-trophic species,14,2.67734780333333,0.00167798802469044
48,TrachysalambriaCurvirostris,SSP1-2.6,2.27841755925926,Trachysalambria curvirostris,Invertebrate,7,2.28555984,-0.00714228074073997
48,TrachysalambriaCurvirostris,SSP5-8.5,2.27240897654321,Trachysalambria curvirostris,Invertebrate,7,2.28555984,-0.0131508634567901
48,TrichiurusJaponicus,SSP1-2.6,2.79008028888889,Trichiurus japonicus,Predator,3,2.78975437333333,0.000325915555559941
48,TrichiurusJaponicus,SSP5-8.5,2.7857148654321,Trichiurus japonicus,Predator,3,2.78975437333333,-0.00403950790123009
49,DecapterusMaruadsi,SSP1-2.6,2.72246459876543,Decapterus maruadsi,Mid-trophic species,10,2.71300815333333,0.00945644543210022
49,DecapterusMaruadsi,SSP5-8.5,2.71536300123457,Decapterus maruadsi,Mid-trophic species,10,2.71300815333333,0.0023548479012403
49,EngraulisJaponicus,SSP1-2.6,2.3275793037037,Engraulis japonicus,Prey,1,2.33768685,-0.0101075462962998
49,EngraulisJaponicus,SSP5-8.5,2.32837424567901,Engraulis japonicus,Prey,1,2.33768685,-0.00931260432098968
49,LarimichthysPolyactis,SSP1-2.6,2.59795744074074,Larimichthys polyactis,Mid-trophic species,13,2.61142412,-0.0134666792592602
49,LarimichthysPolyactis,SSP5-8.5,2.61009020617284,Larimichthys polyactis,Mid-trophic species,13,2.61142412,-0.00133391382715997
49,MiichthysMiiuy,SSP1-2.6,3.01457505679012,Miichthys miiuy,Predator,5,3.01537516,-0.00080010320988011
49,MiichthysMiiuy,SSP5-8.5,3.01403409012346,Miichthys miiuy,Predator,5,3.01537516,-0.00134106987654015
49,MuraenesoxCinereus,SSP1-2.6,3.1152394308642,Muraenesox cinereus,Predator,4,3.11686759666667,-0.00162816580246972
49,MuraenesoxCinereus,SSP5-8.5,3.11685079135803,Muraenesox cinereus,Predator,4,3.11686759666667,-1.6805308639789e-05
49,PampusArgenteus,SSP1-2.6,2.81827922345679,Pampus argenteus,Mid-trophic species,12,2.84117986,-0.0229006365432101
49,PampusArgenteus,SSP5-8.5,2.82288250740741,Pampus argenteus,Mid-trophic species,12,2.84117986,-0.0182973525925898
49,PennahiaArgentata,SSP1-2.6,2.88830080617284,Pennahia argentata,Mid-trophic species,11,2.88554332666667,0.00275747950617022
49,PennahiaArgentata,SSP5-8.5,2.90350201728395,Pennahia argentata,Mid-trophic species,11,2.88554332666667,0.01795869061728
49,PortunusTrituberculatus,SSP1-2.6,2.15353030864198,Portunus trituberculatus,Invertebrate,8,2.14165265333333,0.0118776553086497
49,PortunusTrituberculatus,SSP5-8.5,2.15565541481481,Portunus trituberculatus,Invertebrate,8,2.14165265333333,0.0140027614814797
49,ScomberJaponicus,SSP1-2.6,2.53952740617284,Scomber japonicus,Mid-trophic species,9,2.53800694,0.00152046617284007
49,ScomberJaponicus,SSP5-8.5,2.53684838395062,Scomber japonicus,Mid-trophic species,9,2.53800694,-0.00115855604937964
49,ScomberomorusNiphonius,SSP1-2.6,3.08224230246914,Scomberomorus niphonius,Predator,2,3.09022867,-0.00798636753086024
49,ScomberomorusNiphonius,SSP5-8.5,3.07510771851852,Scomberomorus niphonius,Predator,2,3.09022867,-0.0151209514814803
49,TodarodesPacificus,SSP1-2.6,2.42887132716049,Todarodes pacificus,Invertebrate,6,2.43235503666667,-0.00348370950618016
49,TodarodesPacificus,SSP5-8.5,2.42598994197531,Todarodes pacificus,Invertebrate,6,2.43235503666667,-0.00636509469135982
49,TrachurusJaponicus,SSP1-2.6,2.68845492716049,Trachurus japonicus,Mid-trophic species,14,2.67272692333333,0.0157280038271597
49,TrachurusJaponicus,SSP5-8.5,2.67775606790123,Trachurus japonicus,Mid-trophic species,14,2.67272692333333,0.00502914456789982
49,TrachysalambriaCurvirostris,SSP1-2.6,2.27715562592593,Trachysalambria curvirostris,Invertebrate,7,2.26389228666667,0.0132633392592596
49,TrachysalambriaCurvirostris,SSP5-8.5,2.26944626419753,Trachysalambria curvirostris,Invertebrate,7,2.26389228666667,0.00555397753085973
49,TrichiurusJaponicus,SSP1-2.6,2.78214901728395,Trichiurus japonicus,Predator,3,2.78082619333333,0.00132282395061978
49,TrichiurusJaponicus,SSP5-8.5,2.78129291111111,Trichiurus japonicus,Predator,3,2.78082619333333,0.000466717777780179
50,DecapterusMaruadsi,SSP1-2.6,2.73544698395062,Decapterus maruadsi,Mid-trophic species,10,2.72703791,0.00840907395062018
50,DecapterusMaruadsi,SSP5-8.5,2.72477827901235,Decapterus maruadsi,Mid-trophic species,10,2.72703791,-0.00225963098765014
50,EngraulisJaponicus,SSP1-2.6,2.32624507777778,Engraulis japonicus,Prey,1,2.33614895,-0.00990387222222022
50,EngraulisJaponicus,SSP5-8.5,2.32257095308642,Engraulis japonicus,Prey,1,2.33614895,-0.0135779969135803
50,LarimichthysPolyactis,SSP1-2.6,2.59660771234568,Larimichthys polyactis,Mid-trophic species,13,2.60888441333333,-0.0122767009876501
50,LarimichthysPolyactis,SSP5-8.5,2.60653684691358,Larimichthys polyactis,Mid-trophic species,13,2.60888441333333,-0.00234756641975009
50,MiichthysMiiuy,SSP1-2.6,3.00800086666667,Miichthys miiuy,Predator,5,3.02513186333333,-0.0171309966666602
50,MiichthysMiiuy,SSP5-8.5,3.01195301728395,Miichthys miiuy,Predator,5,3.02513186333333,-0.0131788460493802
50,MuraenesoxCinereus,SSP1-2.6,3.11015858148148,Muraenesox cinereus,Predator,4,3.12091469333333,-0.0107561118518498
50,MuraenesoxCinereus,SSP5-8.5,3.11231565308642,Muraenesox cinereus,Predator,4,3.12091469333333,-0.00859904024690961
50,PampusArgenteus,SSP1-2.6,2.81468024197531,Pampus argenteus,Mid-trophic species,12,2.83299005666667,-0.0183098146913601
50,PampusArgenteus,SSP5-8.5,2.82344542592593,Pampus argenteus,Mid-trophic species,12,2.83299005666667,-0.00954463074074008
50,PennahiaArgentata,SSP1-2.6,2.88689716790123,Pennahia argentata,Mid-trophic species,11,2.89184886333333,-0.00495169543210006
50,PennahiaArgentata,SSP5-8.5,2.90148042962963,Pennahia argentata,Mid-trophic species,11,2.89184886333333,0.0096315662962998
50,PortunusTrituberculatus,SSP1-2.6,2.15280937283951,Portunus trituberculatus,Invertebrate,8,2.14399641333333,0.00881295950618011
50,PortunusTrituberculatus,SSP5-8.5,2.15385806296296,Portunus trituberculatus,Invertebrate,8,2.14399641333333,0.00986164962962999
50,ScomberJaponicus,SSP1-2.6,2.5394309,Scomber japonicus,Mid-trophic species,9,2.53855308333333,0.000877816666670306
50,ScomberJaponicus,SSP5-8.5,2.53611598518519,Scomber japonicus,Mid-trophic species,9,2.53855308333333,-0.00243709814813986
50,ScomberomorusNiphonius,SSP1-2.6,3.08441876790123,Scomberomorus niphonius,Predator,2,3.09485773333333,-0.0104389654320998
50,ScomberomorusNiphonius,SSP5-8.5,3.0769856617284,Scomberomorus niphonius,Predator,2,3.09485773333333,-0.0178720716049297
50,TodarodesPacificus,SSP1-2.6,2.42525605555556,Todarodes pacificus,Invertebrate,6,2.43332271,-0.00806665444444032
50,TodarodesPacificus,SSP5-8.5,2.42288274938272,Todarodes pacificus,Invertebrate,6,2.43332271,-0.0104399606172803
50,TrachurusJaponicus,SSP1-2.6,2.69125903580247,Trachurus japonicus,Mid-trophic species,14,2.6721638,0.0190952358024701
50,TrachurusJaponicus,SSP5-8.5,2.6750086037037,Trachurus japonicus,Mid-trophic species,14,2.6721638,0.00284480370370011
50,TrachysalambriaCurvirostris,SSP1-2.6,2.27677961358025,Trachysalambria curvirostris,Invertebrate,7,2.28545633333333,-0.00867671975308015
50,TrachysalambriaCurvirostris,SSP5-8.5,2.28581444567901,Trachysalambria curvirostris,Invertebrate,7,2.28545633333333,0.000358112345679729
50,TrichiurusJaponicus,SSP1-2.6,2.7833686308642,Trichiurus japonicus,Predator,3,2.78573138,-0.00236274913580026
50,TrichiurusJaponicus,SSP5-8.5,2.78172627407407,Trichiurus japonicus,Predator,3,2.78573138,-0.00400510592593006
51,DecapterusMaruadsi,SSP1-2.6,2.7200319962963,Decapterus maruadsi,Mid-trophic species,10,2.7281172,-0.00808520370369958
51,DecapterusMaruadsi,SSP5-8.5,2.71773307901235,Decapterus maruadsi,Mid-trophic species,10,2.7281172,-0.0103841209876498
51,EngraulisJaponicus,SSP1-2.6,2.32465534320988,Engraulis japonicus,Prey,1,2.33873566,-0.0140803167901202
51,EngraulisJaponicus,SSP5-8.5,2.32874803827161,Engraulis japonicus,Prey,1,2.33873566,-0.00998762172839029
51,LarimichthysPolyactis,SSP1-2.6,2.59591963703704,Larimichthys polyactis,Mid-trophic species,13,2.61631284666667,-0.02039320962963
51,LarimichthysPolyactis,SSP5-8.5,2.59692407530864,Larimichthys polyactis,Mid-trophic species,13,2.61631284666667,-0.0193887713580301
51,MiichthysMiiuy,SSP1-2.6,3.00627967037037,Miichthys miiuy,Predator,5,3.03700862666667,-0.0307289562962998
51,MiichthysMiiuy,SSP5-8.5,3.01531924567901,Miichthys miiuy,Predator,5,3.03700862666667,-0.0216893809876599
51,MuraenesoxCinereus,SSP1-2.6,3.10562125308642,Muraenesox cinereus,Predator,4,3.11934322,-0.0137219669135802
51,MuraenesoxCinereus,SSP5-8.5,3.11638761481481,Muraenesox cinereus,Predator,4,3.11934322,-0.00295560518519
51,PampusArgenteus,SSP1-2.6,2.81636410123457,Pampus argenteus,Mid-trophic species,12,2.83644162666667,-0.0200775254320997
51,PampusArgenteus,SSP5-8.5,2.82384056296296,Pampus argenteus,Mid-trophic species,12,2.83644162666667,-0.0126010637037099
51,PennahiaArgentata,SSP1-2.6,2.88835175308642,Pennahia argentata,Mid-trophic species,11,2.89766833333333,-0.00931658024691018
51,PennahiaArgentata,SSP5-8.5,2.90529324320988,Pennahia argentata,Mid-trophic species,11,2.89766833333333,0.00762490987654996
51,PortunusTrituberculatus,SSP1-2.6,2.15168521481482,Portunus trituberculatus,Invertebrate,8,2.14477995666667,0.00690525814814968
51,PortunusTrituberculatus,SSP5-8.5,2.15113191851852,Portunus trituberculatus,Invertebrate,8,2.14477995666667,0.00635196185184972
51,ScomberJaponicus,SSP1-2.6,2.54012141481482,Scomber japonicus,Mid-trophic species,9,2.53759851666667,0.00252289814814999
51,ScomberJaponicus,SSP5-8.5,2.53874335679012,Scomber japonicus,Mid-trophic species,9,2.53759851666667,0.00114484012344995
51,ScomberomorusNiphonius,SSP1-2.6,3.08029188641975,Scomberomorus niphonius,Predator,2,3.10704107333333,-0.0267491869135799
51,ScomberomorusNiphonius,SSP5-8.5,3.07470439135803,Scomberomorus niphonius,Predator,2,3.10704107333333,-0.0323366819752997
51,TodarodesPacificus,SSP1-2.6,2.42060994320988,Todarodes pacificus,Invertebrate,6,2.43490401333333,-0.0142940701234497
51,TodarodesPacificus,SSP5-8.5,2.42792768641975,Todarodes pacificus,Invertebrate,6,2.43490401333333,-0.00697632691358008
51,TrachurusJaponicus,SSP1-2.6,2.67326717530864,Trachurus japonicus,Mid-trophic species,14,2.68906457,-0.0157973946913601
51,TrachurusJaponicus,SSP5-8.5,2.68100408271605,Trachurus japonicus,Mid-trophic species,14,2.68906457,-0.00806048728395004
51,TrachysalambriaCurvirostris,SSP1-2.6,2.2800966345679,Trachysalambria curvirostris,Invertebrate,7,2.27631947333333,0.00377716123457006
51,TrachysalambriaCurvirostris,SSP5-8.5,2.27111150123457,Trachysalambria curvirostris,Invertebrate,7,2.27631947333333,-0.00520797209875967
51,TrichiurusJaponicus,SSP1-2.6,2.78017690864198,Trichiurus japonicus,Predator,3,2.78966222,-0.00948531135802
51,TrichiurusJaponicus,SSP5-8.5,2.78150333209877,Trichiurus japonicus,Predator,3,2.78966222,-0.00815888790122976
52,DecapterusMaruadsi,SSP1-2.6,2.72263435432099,Decapterus maruadsi,Mid-trophic species,10,2.70998388666667,0.01265046765432
52,DecapterusMaruadsi,SSP5-8.5,2.72120673333333,Decapterus maruadsi,Mid-trophic species,10,2.70998388666667,0.01122284666666
52,EngraulisJaponicus,SSP1-2.6,2.32940953333333,Engraulis japonicus,Prey,1,2.33294828,-0.00353874666667009
52,EngraulisJaponicus,SSP5-8.5,2.32506301234568,Engraulis japonicus,Prey,1,2.33294828,-0.00788526765431996
52,LarimichthysPolyactis,SSP1-2.6,2.59742830246914,Larimichthys polyactis,Mid-trophic species,13,2.61159335666667,-0.0141650541975302
52,LarimichthysPolyactis,SSP5-8.5,2.60776527777778,Larimichthys polyactis,Mid-trophic species,13,2.61159335666667,-0.00382807888889003
52,MiichthysMiiuy,SSP1-2.6,3.01315212716049,Miichthys miiuy,Predator,5,3.02598614666667,-0.01283401950618
52,MiichthysMiiuy,SSP5-8.5,3.00088117160494,Miichthys miiuy,Predator,5,3.02598614666667,-0.0251049750617298
52,MuraenesoxCinereus,SSP1-2.6,3.10850071234568,Muraenesox cinereus,Predator,4,3.11403746333333,-0.00553675098765005
52,MuraenesoxCinereus,SSP5-8.5,3.11261749259259,Muraenesox cinereus,Predator,4,3.11403746333333,-0.00141997074074007
52,PampusArgenteus,SSP1-2.6,2.81129856049383,Pampus argenteus,Mid-trophic species,12,2.83215776,-0.02085919950617
52,PampusArgenteus,SSP5-8.5,2.82035145925926,Pampus argenteus,Mid-trophic species,12,2.83215776,-0.0118063007407399
52,PennahiaArgentata,SSP1-2.6,2.8846144654321,Pennahia argentata,Mid-trophic species,11,2.88966734666667,-0.00505288123456982
52,PennahiaArgentata,SSP5-8.5,2.89337178641975,Pennahia argentata,Mid-trophic species,11,2.88966734666667,0.0037044397530801
52,PortunusTrituberculatus,SSP1-2.6,2.15447007407407,Portunus trituberculatus,Invertebrate,8,2.14649965666667,0.00797041740740001
52,PortunusTrituberculatus,SSP5-8.5,2.1521007,Portunus trituberculatus,Invertebrate,8,2.14649965666667,0.00560104333333023
52,ScomberJaponicus,SSP1-2.6,2.53756341975309,Scomber japonicus,Mid-trophic species,9,2.53916458,-0.00160116024690993
52,ScomberJaponicus,SSP5-8.5,2.53752619753086,Scomber japonicus,Mid-trophic species,9,2.53916458,-0.00163838246914017
52,ScomberomorusNiphonius,SSP1-2.6,3.08582712839506,Scomberomorus niphonius,Predator,2,3.09604170333333,-0.0102145749382698
52,ScomberomorusNiphonius,SSP5-8.5,3.07728207160494,Scomberomorus niphonius,Predator,2,3.09604170333333,-0.0187596317283898
52,TodarodesPacificus,SSP1-2.6,2.42775288641975,Todarodes pacificus,Invertebrate,6,2.43902885,-0.0112759635802502
52,TodarodesPacificus,SSP5-8.5,2.42596244444444,Todarodes pacificus,Invertebrate,6,2.43902885,-0.01306640555556
52,TrachurusJaponicus,SSP1-2.6,2.67588673950617,Trachurus japonicus,Mid-trophic species,14,2.68782632666667,-0.0119395871605001
52,TrachurusJaponicus,SSP5-8.5,2.67578418395062,Trachurus japonicus,Mid-trophic species,14,2.68782632666667,-0.0120421427160502
52,TrachysalambriaCurvirostris,SSP1-2.6,2.27535362222222,Trachysalambria curvirostris,Invertebrate,7,2.27804212666667,-0.00268850444445024
52,TrachysalambriaCurvirostris,SSP5-8.5,2.26981411111111,Trachysalambria curvirostris,Invertebrate,7,2.27804212666667,-0.0082280155555603
52,TrichiurusJaponicus,SSP1-2.6,2.78217229012346,Trichiurus japonicus,Predator,3,2.77756004,0.00461225012346
52,TrichiurusJaponicus,SSP5-8.5,2.78130657407407,Trichiurus japonicus,Predator,3,2.77756004,0.00374653407406989
53,DecapterusMaruadsi,SSP1-2.6,2.72927874691358,Decapterus maruadsi,Mid-trophic species,10,2.69773746666667,0.0315412802469104
53,DecapterusMaruadsi,SSP5-8.5,2.71636615555556,Decapterus maruadsi,Mid-trophic species,10,2.69773746666667,0.01862868888889
53,EngraulisJaponicus,SSP1-2.6,2.33379942469136,Engraulis japonicus,Prey,1,2.33163245333333,0.0021669713580299
53,EngraulisJaponicus,SSP5-8.5,2.32677354197531,Engraulis japonicus,Prey,1,2.33163245333333,-0.00485891135801975
53,LarimichthysPolyactis,SSP1-2.6,2.60398454197531,Larimichthys polyactis,Mid-trophic species,13,2.60874658333333,-0.00476204135802005
53,LarimichthysPolyactis,SSP5-8.5,2.60499135432099,Larimichthys polyactis,Mid-trophic species,13,2.60874658333333,-0.00375522901234016
53,MiichthysMiiuy,SSP1-2.6,3.00569481851852,Miichthys miiuy,Predator,5,3.01225971333333,-0.00656489481480982
53,MiichthysMiiuy,SSP5-8.5,3.01338184074074,Miichthys miiuy,Predator,5,3.01225971333333,0.00112212740741002
53,MuraenesoxCinereus,SSP1-2.6,3.10795342592593,Muraenesox cinereus,Predator,4,3.11228882666667,-0.00433540074074035
53,MuraenesoxCinereus,SSP5-8.5,3.11782475185185,Muraenesox cinereus,Predator,4,3.11228882666667,0.00553592518517965
53,PampusArgenteus,SSP1-2.6,2.81878668641975,Pampus argenteus,Mid-trophic species,12,2.82557826,-0.00679157358024973
53,PampusArgenteus,SSP5-8.5,2.82557490493827,Pampus argenteus,Mid-trophic species,12,2.82557826,-3.35506172977063e-06
53,PennahiaArgentata,SSP1-2.6,2.89249370493827,Pennahia argentata,Mid-trophic species,11,2.89550884666667,-0.00301514172840012
53,PennahiaArgentata,SSP5-8.5,2.89960361851852,Pennahia argentata,Mid-trophic species,11,2.89550884666667,0.00409477185184981
53,PortunusTrituberculatus,SSP1-2.6,2.15080892592593,Portunus trituberculatus,Invertebrate,8,2.13852646333333,0.0122824625926001
53,PortunusTrituberculatus,SSP5-8.5,2.15547509135802,Portunus trituberculatus,Invertebrate,8,2.13852646333333,0.0169486280246898
53,ScomberJaponicus,SSP1-2.6,2.54013677901235,Scomber japonicus,Mid-trophic species,9,2.5374914,0.00264537901235018
53,ScomberJaponicus,SSP5-8.5,2.53925572716049,Scomber japonicus,Mid-trophic species,9,2.5374914,0.00176432716048991
53,ScomberomorusNiphonius,SSP1-2.6,3.08231388395062,Scomberomorus niphonius,Predator,2,3.08972669666667,-0.00741281271604999
53,ScomberomorusNiphonius,SSP5-8.5,3.07965539135802,Scomberomorus niphonius,Predator,2,3.08972669666667,-0.0100713053086499
53,TodarodesPacificus,SSP1-2.6,2.42727915432099,Todarodes pacificus,Invertebrate,6,2.42940076,-0.00212160567900987
53,TodarodesPacificus,SSP5-8.5,2.42645914814815,Todarodes pacificus,Invertebrate,6,2.42940076,-0.00294161185184993
53,TrachurusJaponicus,SSP1-2.6,2.6807656308642,Trachurus japonicus,Mid-trophic species,14,2.67199074,0.00877489086420003
53,TrachurusJaponicus,SSP5-8.5,2.6801196962963,Trachurus japonicus,Mid-trophic species,14,2.67199074,0.00812895629630006
53,TrachysalambriaCurvirostris,SSP1-2.6,2.26850931358025,Trachysalambria curvirostris,Invertebrate,7,2.27206727666667,-0.00355796308641976
53,TrachysalambriaCurvirostris,SSP5-8.5,2.27115122962963,Trachysalambria curvirostris,Invertebrate,7,2.27206727666667,-0.000916047037039736
53,TrichiurusJaponicus,SSP1-2.6,2.78684429382716,Trichiurus japonicus,Predator,3,2.77922760666667,0.00761668716048991
53,TrichiurusJaponicus,SSP5-8.5,2.78165705308642,Trichiurus japonicus,Predator,3,2.77922760666667,0.00242944641975029
54,DecapterusMaruadsi,SSP1-2.6,2.71696404320988,Decapterus maruadsi,Mid-trophic species,10,2.71636243,0.000601613209879837
54,DecapterusMaruadsi,SSP5-8.5,2.71834184444444,Decapterus maruadsi,Mid-trophic species,10,2.71636243,0.00197941444443961
54,EngraulisJaponicus,SSP1-2.6,2.32379599259259,Engraulis japonicus,Prey,1,2.33616451,-0.0123685174074102
54,EngraulisJaponicus,SSP5-8.5,2.32271888641975,Engraulis japonicus,Prey,1,2.33616451,-0.01344562358025
54,LarimichthysPolyactis,SSP1-2.6,2.59767492222222,Larimichthys polyactis,Mid-trophic species,13,2.61720544666667,-0.0195305244444501
54,LarimichthysPolyactis,SSP5-8.5,2.59870254814815,Larimichthys polyactis,Mid-trophic species,13,2.61720544666667,-0.0185028985185203
54,MiichthysMiiuy,SSP1-2.6,3.00393627530864,Miichthys miiuy,Predator,5,3.02542463333333,-0.0214883580246901
54,MiichthysMiiuy,SSP5-8.5,3.00913049135803,Miichthys miiuy,Predator,5,3.02542463333333,-0.0162941419752998
54,MuraenesoxCinereus,SSP1-2.6,3.10968627777778,Muraenesox cinereus,Predator,4,3.10999820333333,-0.000311925555550374
54,MuraenesoxCinereus,SSP5-8.5,3.10759505061728,Muraenesox cinereus,Predator,4,3.10999820333333,-0.00240315271605018
54,PampusArgenteus,SSP1-2.6,2.81805263950617,Pampus argenteus,Mid-trophic species,12,2.81886703666667,-0.000814397160500135
54,PampusArgenteus,SSP5-8.5,2.80607313333333,Pampus argenteus,Mid-trophic species,12,2.81886703666667,-0.01279390333334
54,PennahiaArgentata,SSP1-2.6,2.89271146419753,Pennahia argentata,Mid-trophic species,11,2.90111262666667,-0.00840116246914002
54,PennahiaArgentata,SSP5-8.5,2.89802879382716,Pennahia argentata,Mid-trophic species,11,2.90111262666667,-0.00308383283950997
54,PortunusTrituberculatus,SSP1-2.6,2.15367616049383,Portunus trituberculatus,Invertebrate,8,2.14133356666667,0.0123425938271602
54,PortunusTrituberculatus,SSP5-8.5,2.15299717407407,Portunus trituberculatus,Invertebrate,8,2.14133356666667,0.0116636074073999
54,ScomberJaponicus,SSP1-2.6,2.53777777530864,Scomber japonicus,Mid-trophic species,9,2.54066525666667,-0.00288748135802974
54,ScomberJaponicus,SSP5-8.5,2.53676792592593,Scomber japonicus,Mid-trophic species,9,2.54066525666667,-0.00389733074073995
54,ScomberomorusNiphonius,SSP1-2.6,3.08147163827161,Scomberomorus niphonius,Predator,2,3.09229220333333,-0.0108205650617204
54,ScomberomorusNiphonius,SSP5-8.5,3.07281600617284,Scomberomorus niphonius,Predator,2,3.09229220333333,-0.0194761971604902
54,TodarodesPacificus,SSP1-2.6,2.42917577407407,Todarodes pacificus,Invertebrate,6,2.42314328333333,0.00603249074073986
54,TodarodesPacificus,SSP5-8.5,2.42854110987654,Todarodes pacificus,Invertebrate,6,2.42314328333333,0.00539782654320975
54,TrachurusJaponicus,SSP1-2.6,2.67302794938272,Trachurus japonicus,Mid-trophic species,14,2.66314658666667,0.00988136271604967
54,TrachurusJaponicus,SSP5-8.5,2.67488080864198,Trachurus japonicus,Mid-trophic species,14,2.66314658666667,0.0117342219753098
54,TrachysalambriaCurvirostris,SSP1-2.6,2.26729717283951,Trachysalambria curvirostris,Invertebrate,7,2.27522916,-0.00793198716048993
54,TrachysalambriaCurvirostris,SSP5-8.5,2.27275183703704,Trachysalambria curvirostris,Invertebrate,7,2.27522916,-0.00247732296295977
54,TrichiurusJaponicus,SSP1-2.6,2.78075949876543,Trichiurus japonicus,Predator,3,2.78889036666667,-0.00813086790123974
54,TrichiurusJaponicus,SSP5-8.5,2.78138613580247,Trichiurus japonicus,Predator,3,2.78889036666667,-0.00750423086419971
55,DecapterusMaruadsi,SSP1-2.6,2.72782609506173,Decapterus maruadsi,Mid-trophic species,10,2.7396435,-0.0118174049382702
55,DecapterusMaruadsi,SSP5-8.5,2.7279272345679,Decapterus maruadsi,Mid-trophic species,10,2.7396435,-0.0117162654321001
55,EngraulisJaponicus,SSP1-2.6,2.32600761481482,Engraulis japonicus,Prey,1,2.33410170333333,-0.00809408851850968
55,EngraulisJaponicus,SSP5-8.5,2.3239922654321,Engraulis japonicus,Prey,1,2.33410170333333,-0.0101094379012299
55,LarimichthysPolyactis,SSP1-2.6,2.59838818765432,Larimichthys polyactis,Mid-trophic species,13,2.61711426,-0.0187260723456801
55,LarimichthysPolyactis,SSP5-8.5,2.60504636049383,Larimichthys polyactis,Mid-trophic species,13,2.61711426,-0.01206789950617
55,MiichthysMiiuy,SSP1-2.6,3.01188396296296,Miichthys miiuy,Predator,5,3.01357587333333,-0.00169191037036986
55,MiichthysMiiuy,SSP5-8.5,3.00664579753086,Miichthys miiuy,Predator,5,3.01357587333333,-0.00693007580247018
55,MuraenesoxCinereus,SSP1-2.6,3.10908526790123,Muraenesox cinereus,Predator,4,3.11331756,-0.00423229209877007
55,MuraenesoxCinereus,SSP5-8.5,3.11454465679012,Muraenesox cinereus,Predator,4,3.11331756,0.00122709679012001
55,PampusArgenteus,SSP1-2.6,2.81514062962963,Pampus argenteus,Mid-trophic species,12,2.82535397333333,-0.0102133437037
55,PampusArgenteus,SSP5-8.5,2.82109590740741,Pampus argenteus,Mid-trophic species,12,2.82535397333333,-0.00425806592592037
55,PennahiaArgentata,SSP1-2.6,2.88613570740741,Pennahia argentata,Mid-trophic species,11,2.89604955,-0.00991384259258998
55,PennahiaArgentata,SSP5-8.5,2.89825758271605,Pennahia argentata,Mid-trophic species,11,2.89604955,0.0022080327160503
55,PortunusTrituberculatus,SSP1-2.6,2.15224711358025,Portunus trituberculatus,Invertebrate,8,2.14018056,0.01206655358025
55,PortunusTrituberculatus,SSP5-8.5,2.15287546049383,Portunus trituberculatus,Invertebrate,8,2.14018056,0.0126949004938299
55,ScomberJaponicus,SSP1-2.6,2.53852769135803,Scomber japonicus,Mid-trophic species,9,2.54033695,-0.00180925864196979
55,ScomberJaponicus,SSP5-8.5,2.53756641111111,Scomber japonicus,Mid-trophic species,9,2.54033695,-0.0027705388888899
55,ScomberomorusNiphonius,SSP1-2.6,3.07987011111111,Scomberomorus niphonius,Predator,2,3.10031640333333,-0.0204462922222199
55,ScomberomorusNiphonius,SSP5-8.5,3.07575872345679,Scomberomorus niphonius,Predator,2,3.10031640333333,-0.0245576798765401
55,TodarodesPacificus,SSP1-2.6,2.42609130493827,Todarodes pacificus,Invertebrate,6,2.42892797333333,-0.00283666839506003
55,TodarodesPacificus,SSP5-8.5,2.42005313333333,Todarodes pacificus,Invertebrate,6,2.42892797333333,-0.00887484000000027
55,TrachurusJaponicus,SSP1-2.6,2.67871811234568,Trachurus japonicus,Mid-trophic species,14,2.67441907666667,0.00429903567901002
55,TrachurusJaponicus,SSP5-8.5,2.67579891358025,Trachurus japonicus,Mid-trophic species,14,2.67441907666667,0.00137983691358023
55,TrachysalambriaCurvirostris,SSP1-2.6,2.26950402469136,Trachysalambria curvirostris,Invertebrate,7,2.26991852666667,-0.0004145019753099
55,TrachysalambriaCurvirostris,SSP5-8.5,2.27282029135802,Trachysalambria curvirostris,Invertebrate,7,2.26991852666667,0.00290176469135028
55,TrichiurusJaponicus,SSP1-2.6,2.78239354814815,Trichiurus japonicus,Predator,3,2.78196375666667,0.000429791481479924
55,TrichiurusJaponicus,SSP5-8.5,2.77722321604938,Trichiurus japonicus,Predator,3,2.78196375666667,-0.00474054061729001
56,DecapterusMaruadsi,SSP1-2.6,2.72358674320988,Decapterus maruadsi,Mid-trophic species,10,2.72242380333333,0.00116293987654981
56,DecapterusMaruadsi,SSP5-8.5,2.71587988518519,Decapterus maruadsi,Mid-trophic species,10,2.72242380333333,-0.00654391814813993
56,EngraulisJaponicus,SSP1-2.6,2.32448961975309,Engraulis japonicus,Prey,1,2.33232894333333,-0.00783932358024009
56,EngraulisJaponicus,SSP5-8.5,2.3264841654321,Engraulis japonicus,Prey,1,2.33232894333333,-0.00584477790123028
56,LarimichthysPolyactis,SSP1-2.6,2.60562982098765,Larimichthys polyactis,Mid-trophic species,13,2.60498916333333,0.000640657654319643
56,LarimichthysPolyactis,SSP5-8.5,2.6083959654321,Larimichthys polyactis,Mid-trophic species,13,2.60498916333333,0.00340680209876965
56,MiichthysMiiuy,SSP1-2.6,3.01641127530864,Miichthys miiuy,Predator,5,3.02354064333333,-0.00712936802468978
56,MiichthysMiiuy,SSP5-8.5,3.01214322345679,Miichthys miiuy,Predator,5,3.02354064333333,-0.0113974198765399
56,MuraenesoxCinereus,SSP1-2.6,3.11239718148148,Muraenesox cinereus,Predator,4,3.11580793333333,-0.0034107518518498
56,MuraenesoxCinereus,SSP5-8.5,3.11042447530864,Muraenesox cinereus,Predator,4,3.11580793333333,-0.00538345802468987
56,PampusArgenteus,SSP1-2.6,2.8146879654321,Pampus argenteus,Mid-trophic species,12,2.83703356333333,-0.0223455979012299
56,PampusArgenteus,SSP5-8.5,2.80645262716049,Pampus argenteus,Mid-trophic species,12,2.83703356333333,-0.0305809361728402
56,PennahiaArgentata,SSP1-2.6,2.89321299506173,Pennahia argentata,Mid-trophic species,11,2.89371918666667,-0.000506191604940032
56,PennahiaArgentata,SSP5-8.5,2.89667373950617,Pennahia argentata,Mid-trophic species,11,2.89371918666667,0.00295455283949986
56,PortunusTrituberculatus,SSP1-2.6,2.15421763827161,Portunus trituberculatus,Invertebrate,8,2.13962664666667,0.01459099160494
56,PortunusTrituberculatus,SSP5-8.5,2.15392078024691,Portunus trituberculatus,Invertebrate,8,2.13962664666667,0.0142941335802402
56,ScomberJaponicus,SSP1-2.6,2.53529767654321,Scomber japonicus,Mid-trophic species,9,2.53604938666667,-0.000751710123460203
56,ScomberJaponicus,SSP5-8.5,2.53717559382716,Scomber japonicus,Mid-trophic species,9,2.53604938666667,0.00112620716048983
56,ScomberomorusNiphonius,SSP1-2.6,3.08576122592593,Scomberomorus niphonius,Predator,2,3.08978449666667,-0.00402327074073972
56,ScomberomorusNiphonius,SSP5-8.5,3.06973451851852,Scomberomorus niphonius,Predator,2,3.08978449666667,-0.0200499781481498
56,TodarodesPacificus,SSP1-2.6,2.42808715308642,Todarodes pacificus,Invertebrate,6,2.43561078,-0.00752362691358011
56,TodarodesPacificus,SSP5-8.5,2.42466062345679,Todarodes pacificus,Invertebrate,6,2.43561078,-0.0109501565432102
56,TrachurusJaponicus,SSP1-2.6,2.67328887160494,Trachurus japonicus,Mid-trophic species,14,2.65273970666667,0.0205491649382701
56,TrachurusJaponicus,SSP5-8.5,2.67202528395062,Trachurus japonicus,Mid-trophic species,14,2.65273970666667,0.01928557728395
56,TrachysalambriaCurvirostris,SSP1-2.6,2.27327789259259,Trachysalambria curvirostris,Invertebrate,7,2.27995582666667,-0.00667793407408013
56,TrachysalambriaCurvirostris,SSP5-8.5,2.2754566617284,Trachysalambria curvirostris,Invertebrate,7,2.27995582666667,-0.00449916493826974
56,TrichiurusJaponicus,SSP1-2.6,2.78217572716049,Trichiurus japonicus,Predator,3,2.78929850333333,-0.00712277617284007
56,TrichiurusJaponicus,SSP5-8.5,2.78266286790123,Trichiurus japonicus,Predator,3,2.78929850333333,-0.0066356354321
57,DecapterusMaruadsi,SSP1-2.6,2.71780803703704,Decapterus maruadsi,Mid-trophic species,10,2.71842698333333,-0.000618946296290002
57,DecapterusMaruadsi,SSP5-8.5,2.7201425691358,Decapterus maruadsi,Mid-trophic species,10,2.71842698333333,0.00171558580247
57,EngraulisJaponicus,SSP1-2.6,2.32774956666667,Engraulis japonicus,Prey,1,2.33372464333333,-0.00597507666665997
57,EngraulisJaponicus,SSP5-8.5,2.32577234444444,Engraulis japonicus,Prey,1,2.33372464333333,-0.00795229888889004
57,LarimichthysPolyactis,SSP1-2.6,2.59307065925926,Larimichthys polyactis,Mid-trophic species,13,2.58568938666667,0.00738127259258992
57,LarimichthysPolyactis,SSP5-8.5,2.61009704444444,Larimichthys polyactis,Mid-trophic species,13,2.58568938666667,0.0244076577777697
57,MiichthysMiiuy,SSP1-2.6,3.00697735802469,Miichthys miiuy,Predator,5,3.03104616,-0.0240688019753099
57,MiichthysMiiuy,SSP5-8.5,3.00768485185185,Miichthys miiuy,Predator,5,3.03104616,-0.0233613081481496
57,MuraenesoxCinereus,SSP1-2.6,3.10703147777778,Muraenesox cinereus,Predator,4,3.11572306666667,-0.00869158888888988
57,MuraenesoxCinereus,SSP5-8.5,3.11244311111111,Muraenesox cinereus,Predator,4,3.11572306666667,-0.00327995555556004
57,PampusArgenteus,SSP1-2.6,2.81094139259259,Pampus argenteus,Mid-trophic species,12,2.82216238333333,-0.0112209907407399
57,PampusArgenteus,SSP5-8.5,2.81636176049383,Pampus argenteus,Mid-trophic species,12,2.82216238333333,-0.00580062283950023
57,PennahiaArgentata,SSP1-2.6,2.88882005925926,Pennahia argentata,Mid-trophic species,11,2.89619015,-0.00737009074073969
57,PennahiaArgentata,SSP5-8.5,2.90167695802469,Pennahia argentata,Mid-trophic species,11,2.89619015,0.00548680802469015
57,PortunusTrituberculatus,SSP1-2.6,2.15319318024691,Portunus trituberculatus,Invertebrate,8,2.14075087666667,0.0124423035802401
57,PortunusTrituberculatus,SSP5-8.5,2.15184266296296,Portunus trituberculatus,Invertebrate,8,2.14075087666667,0.0110917862962898
57,ScomberJaponicus,SSP1-2.6,2.53965756666667,Scomber japonicus,Mid-trophic species,9,2.53747406333333,0.00218350333333994
57,ScomberJaponicus,SSP5-8.5,2.53570007283951,Scomber japonicus,Mid-trophic species,9,2.53747406333333,-0.00177399049382032
57,ScomberomorusNiphonius,SSP1-2.6,3.08142661851852,Scomberomorus niphonius,Predator,2,3.09312418,-0.0116975614814798
57,ScomberomorusNiphonius,SSP5-8.5,3.0745359345679,Scomberomorus niphonius,Predator,2,3.09312418,-0.0185882454320998
57,TodarodesPacificus,SSP1-2.6,2.42704811975309,Todarodes pacificus,Invertebrate,6,2.42832094666667,-0.00127282691357999
57,TodarodesPacificus,SSP5-8.5,2.4223481617284,Todarodes pacificus,Invertebrate,6,2.42832094666667,-0.00597278493827025
57,TrachurusJaponicus,SSP1-2.6,2.66579272469136,Trachurus japonicus,Mid-trophic species,14,2.67142732,-0.00563459530863986
57,TrachurusJaponicus,SSP5-8.5,2.68091317777778,Trachurus japonicus,Mid-trophic species,14,2.67142732,0.0094858577777801
57,TrachysalambriaCurvirostris,SSP1-2.6,2.27254312716049,Trachysalambria curvirostris,Invertebrate,7,2.27919735666667,-0.00665422950618
57,TrachysalambriaCurvirostris,SSP5-8.5,2.26892613580247,Trachysalambria curvirostris,Invertebrate,7,2.27919735666667,-0.0102712208641997
57,TrichiurusJaponicus,SSP1-2.6,2.78099262962963,Trichiurus japonicus,Predator,3,2.78748118333333,-0.00648855370369983
57,TrichiurusJaponicus,SSP5-8.5,2.78155029382716,Trichiurus japonicus,Predator,3,2.78748118333333,-0.00593088950616982
58,DecapterusMaruadsi,SSP1-2.6,2.71676133950617,Decapterus maruadsi,Mid-trophic species,10,2.72242055333333,-0.00565921382716006
58,DecapterusMaruadsi,SSP5-8.5,2.7357243654321,Decapterus maruadsi,Mid-trophic species,10,2.72242055333333,0.0133038120987701
58,EngraulisJaponicus,SSP1-2.6,2.32363367283951,Engraulis japonicus,Prey,1,2.33607728,-0.0124436071604901
58,EngraulisJaponicus,SSP5-8.5,2.32497093580247,Engraulis japonicus,Prey,1,2.33607728,-0.0111063441975299
58,LarimichthysPolyactis,SSP1-2.6,2.59494174074074,Larimichthys polyactis,Mid-trophic species,13,2.60023694666667,-0.00529520592593036
58,LarimichthysPolyactis,SSP5-8.5,2.61167670246914,Larimichthys polyactis,Mid-trophic species,13,2.60023694666667,0.0114397558024697
58,MiichthysMiiuy,SSP1-2.6,3.00706304567901,Miichthys miiuy,Predator,5,3.01003143333333,-0.00296838765431984
58,MiichthysMiiuy,SSP5-8.5,3.00933710493827,Miichthys miiuy,Predator,5,3.01003143333333,-0.000694328395059785
58,MuraenesoxCinereus,SSP1-2.6,3.10413710493827,Muraenesox cinereus,Predator,4,3.11799271666667,-0.0138556117283999
58,MuraenesoxCinereus,SSP5-8.5,3.10483567283951,Muraenesox cinereus,Predator,4,3.11799271666667,-0.0131570438271602
58,PampusArgenteus,SSP1-2.6,2.81004204320988,Pampus argenteus,Mid-trophic species,12,2.83088652666667,-0.02084448345679
58,PampusArgenteus,SSP5-8.5,2.8280170037037,Pampus argenteus,Mid-trophic species,12,2.83088652666667,-0.00286952296296983
58,PennahiaArgentata,SSP1-2.6,2.89825024444444,Pennahia argentata,Mid-trophic species,11,2.89082190333333,0.00742834111111002
58,PennahiaArgentata,SSP5-8.5,2.90362269876543,Pennahia argentata,Mid-trophic species,11,2.89082190333333,0.0128007954321001
58,PortunusTrituberculatus,SSP1-2.6,2.15222187530864,Portunus trituberculatus,Invertebrate,8,2.14007380333333,0.01214807197531
58,PortunusTrituberculatus,SSP5-8.5,2.15472479135802,Portunus trituberculatus,Invertebrate,8,2.14007380333333,0.0146509880246897
58,ScomberJaponicus,SSP1-2.6,2.53652899012346,Scomber japonicus,Mid-trophic species,9,2.54231740666667,-0.00578841654321005
58,ScomberJaponicus,SSP5-8.5,2.53819080987654,Scomber japonicus,Mid-trophic species,9,2.54231740666667,-0.00412659679012961
58,ScomberomorusNiphonius,SSP1-2.6,3.0814551,Scomberomorus niphonius,Predator,2,3.09765162333333,-0.0161965233333303
58,ScomberomorusNiphonius,SSP5-8.5,3.07404964938272,Scomberomorus niphonius,Predator,2,3.09765162333333,-0.0236019739506101
58,TodarodesPacificus,SSP1-2.6,2.42532302098765,Todarodes pacificus,Invertebrate,6,2.44182082333333,-0.0164978023456799
58,TodarodesPacificus,SSP5-8.5,2.42966709876543,Todarodes pacificus,Invertebrate,6,2.44182082333333,-0.0121537245679
58,TrachurusJaponicus,SSP1-2.6,2.67784370246914,Trachurus japonicus,Mid-trophic species,14,2.69420729666667,-0.01636359419753
58,TrachurusJaponicus,SSP5-8.5,2.67293833209877,Trachurus japonicus,Mid-trophic species,14,2.69420729666667,-0.0212689645678998
58,TrachysalambriaCurvirostris,SSP1-2.6,2.26867725185185,Trachysalambria curvirostris,Invertebrate,7,2.26188984333333,0.00678740851852
58,TrachysalambriaCurvirostris,SSP5-8.5,2.26945848888889,Trachysalambria curvirostris,Invertebrate,7,2.26188984333333,0.00756864555556014
58,TrichiurusJaponicus,SSP1-2.6,2.77746382716049,Trichiurus japonicus,Predator,3,2.78777327333333,-0.0103094461728399
58,TrichiurusJaponicus,SSP5-8.5,2.78247481234568,Trichiurus japonicus,Predator,3,2.78777327333333,-0.00529846098764963
59,DecapterusMaruadsi,SSP1-2.6,2.73123640864198,Decapterus maruadsi,Mid-trophic species,10,2.71619730333333,0.0150391053086496
59,DecapterusMaruadsi,SSP5-8.5,2.71917914074074,Decapterus maruadsi,Mid-trophic species,10,2.71619730333333,0.00298183740740976
59,EngraulisJaponicus,SSP1-2.6,2.3255954308642,Engraulis japonicus,Prey,1,2.33638058,-0.0107851491358
59,EngraulisJaponicus,SSP5-8.5,2.32557021234568,Engraulis japonicus,Prey,1,2.33638058,-0.0108103676543201
59,LarimichthysPolyactis,SSP1-2.6,2.60163934567901,Larimichthys polyactis,Mid-trophic species,13,2.60360058,-0.00196123432099027
59,LarimichthysPolyactis,SSP5-8.5,2.60851623209877,Larimichthys polyactis,Mid-trophic species,13,2.60360058,0.00491565209876965
59,MiichthysMiiuy,SSP1-2.6,3.00527404567901,Miichthys miiuy,Predator,5,3.02881309666667,-0.0235390509876603
59,MiichthysMiiuy,SSP5-8.5,3.01827573209877,Miichthys miiuy,Predator,5,3.02881309666667,-0.0105373645679001
59,MuraenesoxCinereus,SSP1-2.6,3.11367091728395,Muraenesox cinereus,Predator,4,3.10714133333333,0.00652958395061987
59,MuraenesoxCinereus,SSP5-8.5,3.11176145061728,Muraenesox cinereus,Predator,4,3.10714133333333,0.00462011728394973
59,PampusArgenteus,SSP1-2.6,2.80844203580247,Pampus argenteus,Mid-trophic species,12,2.82312359666667,-0.0146815608641999
59,PampusArgenteus,SSP5-8.5,2.81845862469136,Pampus argenteus,Mid-trophic species,12,2.82312359666667,-0.00466497197531002
59,PennahiaArgentata,SSP1-2.6,2.89715902962963,Pennahia argentata,Mid-trophic species,11,2.89660332,0.00055570962963003
59,PennahiaArgentata,SSP5-8.5,2.90075819753086,Pennahia argentata,Mid-trophic species,11,2.89660332,0.00415487753085975
59,PortunusTrituberculatus,SSP1-2.6,2.15046212839506,Portunus trituberculatus,Invertebrate,8,2.13776765666667,0.0126944717283899
59,PortunusTrituberculatus,SSP5-8.5,2.15250681728395,Portunus trituberculatus,Invertebrate,8,2.13776765666667,0.01473916061728
59,ScomberJaponicus,SSP1-2.6,2.5407556617284,Scomber japonicus,Mid-trophic species,9,2.53756916666667,0.00318649506172974
59,ScomberJaponicus,SSP5-8.5,2.53541011728395,Scomber japonicus,Mid-trophic species,9,2.53756916666667,-0.00215904938272038
59,ScomberomorusNiphonius,SSP1-2.6,3.08527755061728,Scomberomorus niphonius,Predator,2,3.09574094666667,-0.0104633960493903
59,ScomberomorusNiphonius,SSP5-8.5,3.07518773333333,Scomberomorus niphonius,Predator,2,3.09574094666667,-0.0205532133333399
59,TodarodesPacificus,SSP1-2.6,2.42510227777778,Todarodes pacificus,Invertebrate,6,2.43090664333333,-0.00580436555554975
59,TodarodesPacificus,SSP5-8.5,2.42697284691358,Todarodes pacificus,Invertebrate,6,2.43090664333333,-0.00393379641975011
59,TrachurusJaponicus,SSP1-2.6,2.68518401234568,Trachurus japonicus,Mid-trophic species,14,2.66433563666667,0.0208483756790101
59,TrachurusJaponicus,SSP5-8.5,2.68517806419753,Trachurus japonicus,Mid-trophic species,14,2.66433563666667,0.0208424275308601
59,TrachysalambriaCurvirostris,SSP1-2.6,2.27631072592593,Trachysalambria curvirostris,Invertebrate,7,2.26584774,0.0104629859259302
59,TrachysalambriaCurvirostris,SSP5-8.5,2.27614621604938,Trachysalambria curvirostris,Invertebrate,7,2.26584774,0.0102984760493801
59,TrichiurusJaponicus,SSP1-2.6,2.7828166617284,Trichiurus japonicus,Predator,3,2.7842116,-0.00139493827159987
59,TrichiurusJaponicus,SSP5-8.5,2.78308750493827,Trichiurus japonicus,Predator,3,2.7842116,-0.00112409506172995
60,DecapterusMaruadsi,SSP1-2.6,2.72433828024691,Decapterus maruadsi,Mid-trophic species,10,2.70945016333333,0.0148881169135802
60,DecapterusMaruadsi,SSP5-8.5,2.71484321728395,Decapterus maruadsi,Mid-trophic species,10,2.70945016333333,0.00539305395062018
60,EngraulisJaponicus,SSP1-2.6,2.32783813580247,Engraulis japonicus,Prey,1,2.33399975666667,-0.00616162086420014
60,EngraulisJaponicus,SSP5-8.5,2.32350504814815,Engraulis japonicus,Prey,1,2.33399975666667,-0.0104947085185203
60,LarimichthysPolyactis,SSP1-2.6,2.60537662962963,Larimichthys polyactis,Mid-trophic species,13,2.60526322,0.000113409629630024
60,LarimichthysPolyactis,SSP5-8.5,2.61441028518519,Larimichthys polyactis,Mid-trophic species,13,2.60526322,0.00914706518519015
60,MiichthysMiiuy,SSP1-2.6,3.00830788765432,Miichthys miiuy,Predator,5,3.02606589,-0.0177580023456798
60,MiichthysMiiuy,SSP5-8.5,3.01318281975309,Miichthys miiuy,Predator,5,3.02606589,-0.01288307024691
60,MuraenesoxCinereus,SSP1-2.6,3.10965048271605,Muraenesox cinereus,Predator,4,3.11829175666667,-0.00864127395061987
60,MuraenesoxCinereus,SSP5-8.5,3.11072678395062,Muraenesox cinereus,Predator,4,3.11829175666667,-0.00756497271604983
60,PampusArgenteus,SSP1-2.6,2.81518508518519,Pampus argenteus,Mid-trophic species,12,2.82961802,-0.0144329348148098
60,PampusArgenteus,SSP5-8.5,2.81174311111111,Pampus argenteus,Mid-trophic species,12,2.82961802,-0.0178749088888899
60,PennahiaArgentata,SSP1-2.6,2.89123650617284,Pennahia argentata,Mid-trophic species,11,2.88474061333333,0.00649589283950958
60,PennahiaArgentata,SSP5-8.5,2.90362348395062,Pennahia argentata,Mid-trophic species,11,2.88474061333333,0.0188828706172899
60,PortunusTrituberculatus,SSP1-2.6,2.14956764444444,Portunus trituberculatus,Invertebrate,8,2.14439099666667,0.00517664777776972
60,PortunusTrituberculatus,SSP5-8.5,2.15213149012346,Portunus trituberculatus,Invertebrate,8,2.14439099666667,0.00774049345678973
60,ScomberJaponicus,SSP1-2.6,2.54017487777778,Scomber japonicus,Mid-trophic species,9,2.54165533,-0.00148045222222004
60,ScomberJaponicus,SSP5-8.5,2.53720177530864,Scomber japonicus,Mid-trophic species,9,2.54165533,-0.00445355469136022
60,ScomberomorusNiphonius,SSP1-2.6,3.08418938888889,Scomberomorus niphonius,Predator,2,3.10127373666667,-0.01708434777778
60,ScomberomorusNiphonius,SSP5-8.5,3.0753772308642,Scomberomorus niphonius,Predator,2,3.10127373666667,-0.0258965058024701
60,TodarodesPacificus,SSP1-2.6,2.42994216296296,Todarodes pacificus,Invertebrate,6,2.42596097666667,0.00398118629628996
60,TodarodesPacificus,SSP5-8.5,2.42923390246914,Todarodes pacificus,Invertebrate,6,2.42596097666667,0.00327292580246974
60,TrachurusJaponicus,SSP1-2.6,2.68996211358025,Trachurus japonicus,Mid-trophic species,14,2.68232015,0.00764196358025027
60,TrachurusJaponicus,SSP5-8.5,2.67517455802469,Trachurus japonicus,Mid-trophic species,14,2.68232015,-0.00714559197530962
60,TrachysalambriaCurvirostris,SSP1-2.6,2.2737793382716,Trachysalambria curvirostris,Invertebrate,7,2.27806716666667,-0.00428782839507003
60,TrachysalambriaCurvirostris,SSP5-8.5,2.27587739259259,Trachysalambria curvirostris,Invertebrate,7,2.27806716666667,-0.00218977407407994
60,TrichiurusJaponicus,SSP1-2.6,2.78811515432099,Trichiurus japonicus,Predator,3,2.78697528333333,0.00113987098766
60,TrichiurusJaponicus,SSP5-8.5,2.78060477530864,Trichiurus japonicus,Predator,3,2.78697528333333,-0.0063705080246903
61,DecapterusMaruadsi,SSP1-2.6,2.71598663580247,Decapterus maruadsi,Mid-trophic species,10,2.71079148666667,0.00519514913579977
61,DecapterusMaruadsi,SSP5-8.5,2.71931302222222,Decapterus maruadsi,Mid-trophic species,10,2.71079148666667,0.00852153555555013
61,EngraulisJaponicus,SSP1-2.6,2.32434912592593,Engraulis japonicus,Prey,1,2.33406985,-0.00972072407407021
61,EngraulisJaponicus,SSP5-8.5,2.32048687037037,Engraulis japonicus,Prey,1,2.33406985,-0.0135829796296303
61,LarimichthysPolyactis,SSP1-2.6,2.59967612222222,Larimichthys polyactis,Mid-trophic species,13,2.61750468666667,-0.01782856444445
61,LarimichthysPolyactis,SSP5-8.5,2.59939505679012,Larimichthys polyactis,Mid-trophic species,13,2.61750468666667,-0.01810962987655
61,MiichthysMiiuy,SSP1-2.6,3.01551907160494,Miichthys miiuy,Predator,5,3.03654068666667,-0.0210216150617302
61,MiichthysMiiuy,SSP5-8.5,3.01682604691358,Miichthys miiuy,Predator,5,3.03654068666667,-0.0197146397530901
61,MuraenesoxCinereus,SSP1-2.6,3.11240629012346,Muraenesox cinereus,Predator,4,3.11657128333333,-0.00416499320987018
61,MuraenesoxCinereus,SSP5-8.5,3.10922596790123,Muraenesox cinereus,Predator,4,3.11657128333333,-0.00734531543209993
61,PampusArgenteus,SSP1-2.6,2.81470904197531,Pampus argenteus,Mid-trophic species,12,2.82581413666667,-0.0111050946913598
61,PampusArgenteus,SSP5-8.5,2.81713541975309,Pampus argenteus,Mid-trophic species,12,2.82581413666667,-0.0086787169135798
61,PennahiaArgentata,SSP1-2.6,2.88859495679012,Pennahia argentata,Mid-trophic species,11,2.89435712333333,-0.00576216654321016
61,PennahiaArgentata,SSP5-8.5,2.90123368888889,Pennahia argentata,Mid-trophic species,11,2.89435712333333,0.00687656555555982
61,PortunusTrituberculatus,SSP1-2.6,2.15110060987654,Portunus trituberculatus,Invertebrate,8,2.14398350333333,0.00711710654320985
61,PortunusTrituberculatus,SSP5-8.5,2.1516678308642,Portunus trituberculatus,Invertebrate,8,2.14398350333333,0.00768432753086978
61,ScomberJaponicus,SSP1-2.6,2.53430128765432,Scomber japonicus,Mid-trophic species,9,2.53483636,-0.000535072345679843
61,ScomberJaponicus,SSP5-8.5,2.5382206617284,Scomber japonicus,Mid-trophic species,9,2.53483636,0.0033843017284001
61,ScomberomorusNiphonius,SSP1-2.6,3.08653844320988,Scomberomorus niphonius,Predator,2,3.09373774333333,-0.00719930012345005
61,ScomberomorusNiphonius,SSP5-8.5,3.07835256790123,Scomberomorus niphonius,Predator,2,3.09373774333333,-0.0153851754321002
61,TodarodesPacificus,SSP1-2.6,2.42123866790123,Todarodes pacificus,Invertebrate,6,2.43298581,-0.0117471420987698
61,TodarodesPacificus,SSP5-8.5,2.42640449012346,Todarodes pacificus,Invertebrate,6,2.43298581,-0.00658131987654009
61,TrachurusJaponicus,SSP1-2.6,2.68522852839506,Trachurus japonicus,Mid-trophic species,14,2.66872696333333,0.0165015650617302
61,TrachurusJaponicus,SSP5-8.5,2.67443509753086,Trachurus japonicus,Mid-trophic species,14,2.66872696333333,0.00570813419753025
61,TrachysalambriaCurvirostris,SSP1-2.6,2.27672857160494,Trachysalambria curvirostris,Invertebrate,7,2.28208512,-0.00535654839505995
61,TrachysalambriaCurvirostris,SSP5-8.5,2.27178168395062,Trachysalambria curvirostris,Invertebrate,7,2.28208512,-0.0103034360493801
61,TrichiurusJaponicus,SSP1-2.6,2.78419027530864,Trichiurus japonicus,Predator,3,2.78520054666667,-0.00101027135802978
61,TrichiurusJaponicus,SSP5-8.5,2.77796403209877,Trichiurus japonicus,Predator,3,2.78520054666667,-0.00723651456789964
62,DecapterusMaruadsi,SSP1-2.6,2.71678050246914,Decapterus maruadsi,Mid-trophic species,10,2.70638684,0.0103936624691401
62,DecapterusMaruadsi,SSP5-8.5,2.72391897037037,Decapterus maruadsi,Mid-trophic species,10,2.70638684,0.0175321303703702
62,EngraulisJaponicus,SSP1-2.6,2.326416,Engraulis japonicus,Prey,1,2.33421328666667,-0.00779728666667001
62,EngraulisJaponicus,SSP5-8.5,2.32599231604938,Engraulis japonicus,Prey,1,2.33421328666667,-0.00822097061729021
62,LarimichthysPolyactis,SSP1-2.6,2.5924428,Larimichthys polyactis,Mid-trophic species,13,2.60997234333333,-0.01752954333333
62,LarimichthysPolyactis,SSP5-8.5,2.60413332098765,Larimichthys polyactis,Mid-trophic species,13,2.60997234333333,-0.00583902234568035
62,MiichthysMiiuy,SSP1-2.6,3.00416383703704,Miichthys miiuy,Predator,5,3.03108754333333,-0.0269237062962904
62,MiichthysMiiuy,SSP5-8.5,3.00577037901235,Miichthys miiuy,Predator,5,3.03108754333333,-0.0253171643209802
62,MuraenesoxCinereus,SSP1-2.6,3.10825200493827,Muraenesox cinereus,Predator,4,3.10514744,0.00310456493826994
62,MuraenesoxCinereus,SSP5-8.5,3.11203224444444,Muraenesox cinereus,Predator,4,3.10514744,0.00688480444443984
62,PampusArgenteus,SSP1-2.6,2.81284241358025,Pampus argenteus,Mid-trophic species,12,2.81108385333333,0.00175856024691967
62,PampusArgenteus,SSP5-8.5,2.82079243950617,Pampus argenteus,Mid-trophic species,12,2.81108385333333,0.00970858617283987
62,PennahiaArgentata,SSP1-2.6,2.8904153617284,Pennahia argentata,Mid-trophic species,11,2.888098,0.00231736172840025
62,PennahiaArgentata,SSP5-8.5,2.89858076666667,Pennahia argentata,Mid-trophic species,11,2.888098,0.0104827666666703
62,PortunusTrituberculatus,SSP1-2.6,2.15383587037037,Portunus trituberculatus,Invertebrate,8,2.14047426,0.01336161037037
62,PortunusTrituberculatus,SSP5-8.5,2.14993238024691,Portunus trituberculatus,Invertebrate,8,2.14047426,0.00945812024691017
62,ScomberJaponicus,SSP1-2.6,2.53602926790123,Scomber japonicus,Mid-trophic species,9,2.53702832,-0.000999052098769937
62,ScomberJaponicus,SSP5-8.5,2.5365609617284,Scomber japonicus,Mid-trophic species,9,2.53702832,-0.000467358271599938
62,ScomberomorusNiphonius,SSP1-2.6,3.08039573827161,Scomberomorus niphonius,Predator,2,3.08766751,-0.00727177172839033
62,ScomberomorusNiphonius,SSP5-8.5,3.0765500617284,Scomberomorus niphonius,Predator,2,3.08766751,-0.0111174482716003
62,TodarodesPacificus,SSP1-2.6,2.42315349753086,Todarodes pacificus,Invertebrate,6,2.42157804333333,0.00157545419753014
62,TodarodesPacificus,SSP5-8.5,2.42545634320988,Todarodes pacificus,Invertebrate,6,2.42157804333333,0.00387829987655008
62,TrachurusJaponicus,SSP1-2.6,2.6722125617284,Trachurus japonicus,Mid-trophic species,14,2.65906869666667,0.0131438650617297
62,TrachurusJaponicus,SSP5-8.5,2.6842509037037,Trachurus japonicus,Mid-trophic species,14,2.65906869666667,0.0251822070370298
62,TrachysalambriaCurvirostris,SSP1-2.6,2.2715674691358,Trachysalambria curvirostris,Invertebrate,7,2.27088730333333,0.00068016580246999
62,TrachysalambriaCurvirostris,SSP5-8.5,2.28030599382716,Trachysalambria curvirostris,Invertebrate,7,2.27088730333333,0.00941869049382982
62,TrichiurusJaponicus,SSP1-2.6,2.78275626419753,Trichiurus japonicus,Predator,3,2.78673277333333,-0.00397650913579994
62,TrichiurusJaponicus,SSP5-8.5,2.78311167037037,Trichiurus japonicus,Predator,3,2.78673277333333,-0.00362110296295981
63,DecapterusMaruadsi,SSP1-2.6,2.72160323209877,Decapterus maruadsi,Mid-trophic species,10,2.70978106333333,0.0118221687654398
63,DecapterusMaruadsi,SSP5-8.5,2.7229731691358,Decapterus maruadsi,Mid-trophic species,10,2.70978106333333,0.01319210580247
63,EngraulisJaponicus,SSP1-2.6,2.32889454444444,Engraulis japonicus,Prey,1,2.33788505333333,-0.00899050888888997
63,EngraulisJaponicus,SSP5-8.5,2.32846083333333,Engraulis japonicus,Prey,1,2.33788505333333,-0.00942422000000009
63,LarimichthysPolyactis,SSP1-2.6,2.5922522654321,Larimichthys polyactis,Mid-trophic species,13,2.60148286666667,-0.00923060123456976
63,LarimichthysPolyactis,SSP5-8.5,2.60112591728395,Larimichthys polyactis,Mid-trophic species,13,2.60148286666667,-0.000356949382720018
63,MiichthysMiiuy,SSP1-2.6,3.01089565432099,Miichthys miiuy,Predator,5,3.02259683333333,-0.01170117901234
63,MiichthysMiiuy,SSP5-8.5,3.00875389382716,Miichthys miiuy,Predator,5,3.02259683333333,-0.0138429395061701
63,MuraenesoxCinereus,SSP1-2.6,3.11117231358025,Muraenesox cinereus,Predator,4,3.10942565666667,0.00174665691358022
63,MuraenesoxCinereus,SSP5-8.5,3.11764588888889,Muraenesox cinereus,Predator,4,3.10942565666667,0.00822023222222024
63,PampusArgenteus,SSP1-2.6,2.82344289259259,Pampus argenteus,Mid-trophic species,12,2.83042971333333,-0.00698682074073975
63,PampusArgenteus,SSP5-8.5,2.82422959753086,Pampus argenteus,Mid-trophic species,12,2.83042971333333,-0.00620011580247004
63,PennahiaArgentata,SSP1-2.6,2.88966543209877,Pennahia argentata,Mid-trophic species,11,2.89007095666667,-0.000405524567899995
63,PennahiaArgentata,SSP5-8.5,2.89795871358025,Pennahia argentata,Mid-trophic species,11,2.89007095666667,0.00788775691358001
63,PortunusTrituberculatus,SSP1-2.6,2.15101947654321,Portunus trituberculatus,Invertebrate,8,2.13910340333333,0.0119160732098802
63,PortunusTrituberculatus,SSP5-8.5,2.15779105925926,Portunus trituberculatus,Invertebrate,8,2.13910340333333,0.0186876559259304
63,ScomberJaponicus,SSP1-2.6,2.54026236790123,Scomber japonicus,Mid-trophic species,9,2.54102988,-0.000767512098769796
63,ScomberJaponicus,SSP5-8.5,2.5372714654321,Scomber japonicus,Mid-trophic species,9,2.54102988,-0.00375841456789994
63,ScomberomorusNiphonius,SSP1-2.6,3.08126000864198,Scomberomorus niphonius,Predator,2,3.09176712,-0.0105071113580202
63,ScomberomorusNiphonius,SSP5-8.5,3.07940873580247,Scomberomorus niphonius,Predator,2,3.09176712,-0.0123583841975301
63,TodarodesPacificus,SSP1-2.6,2.42866081851852,Todarodes pacificus,Invertebrate,6,2.43191112,-0.0032503014814802
63,TodarodesPacificus,SSP5-8.5,2.42513061358025,Todarodes pacificus,Invertebrate,6,2.43191112,-0.00678050641975014
63,TrachurusJaponicus,SSP1-2.6,2.69967663209877,Trachurus japonicus,Mid-trophic species,14,2.68129868666667,0.0183779454320998
63,TrachurusJaponicus,SSP5-8.5,2.67148008765432,Trachurus japonicus,Mid-trophic species,14,2.68129868666667,-0.00981859901235005
63,TrachysalambriaCurvirostris,SSP1-2.6,2.27377572345679,Trachysalambria curvirostris,Invertebrate,7,2.28495696333333,-0.0111812398765401
63,TrachysalambriaCurvirostris,SSP5-8.5,2.27982360123457,Trachysalambria curvirostris,Invertebrate,7,2.28495696333333,-0.00513336209876014
63,TrichiurusJaponicus,SSP1-2.6,2.78197874074074,Trichiurus japonicus,Predator,3,2.78300625666667,-0.00102751592593009
63,TrichiurusJaponicus,SSP5-8.5,2.77890021358025,Trichiurus japonicus,Predator,3,2.78300625666667,-0.00410604308641993
64,DecapterusMaruadsi,SSP1-2.6,2.71945809135802,Decapterus maruadsi,Mid-trophic species,10,2.70696505666667,0.0124930346913503
64,DecapterusMaruadsi,SSP5-8.5,2.71497234691358,Decapterus maruadsi,Mid-trophic species,10,2.70696505666667,0.00800729024691016
64,EngraulisJaponicus,SSP1-2.6,2.32842617037037,Engraulis japonicus,Prey,1,2.33718292333333,-0.00875675296295997
64,EngraulisJaponicus,SSP5-8.5,2.32244192222222,Engraulis japonicus,Prey,1,2.33718292333333,-0.0147410011111102
64,LarimichthysPolyactis,SSP1-2.6,2.60055476790123,Larimichthys polyactis,Mid-trophic species,13,2.60030085333333,0.000253914567899916
64,LarimichthysPolyactis,SSP5-8.5,2.60916770246914,Larimichthys polyactis,Mid-trophic species,13,2.60030085333333,0.00886684913580993
64,MiichthysMiiuy,SSP1-2.6,3.00460396790123,Miichthys miiuy,Predator,5,3.01772900333333,-0.0131250354321
64,MiichthysMiiuy,SSP5-8.5,3.01924026666667,Miichthys miiuy,Predator,5,3.01772900333333,0.00151126333333984
64,MuraenesoxCinereus,SSP1-2.6,3.11109112345679,Muraenesox cinereus,Predator,4,3.12226050333333,-0.0111693798765398
64,MuraenesoxCinereus,SSP5-8.5,3.11326721111111,Muraenesox cinereus,Predator,4,3.12226050333333,-0.00899329222222001
64,PampusArgenteus,SSP1-2.6,2.81388805185185,Pampus argenteus,Mid-trophic species,12,2.81799858333333,-0.00411053148148
64,PampusArgenteus,SSP5-8.5,2.82295029382716,Pampus argenteus,Mid-trophic species,12,2.81799858333333,0.00495171049383014
64,PennahiaArgentata,SSP1-2.6,2.88920572345679,Pennahia argentata,Mid-trophic species,11,2.89142235666667,-0.00221663320987986
64,PennahiaArgentata,SSP5-8.5,2.9029923654321,Pennahia argentata,Mid-trophic species,11,2.89142235666667,0.01157000876543
64,PortunusTrituberculatus,SSP1-2.6,2.15338530246914,Portunus trituberculatus,Invertebrate,8,2.14488632,0.00849898246914016
64,PortunusTrituberculatus,SSP5-8.5,2.15126543209877,Portunus trituberculatus,Invertebrate,8,2.14488632,0.00637911209877018
64,ScomberJaponicus,SSP1-2.6,2.53796062345679,Scomber japonicus,Mid-trophic species,9,2.5369809,0.000979723456790094
64,ScomberJaponicus,SSP5-8.5,2.53673977654321,Scomber japonicus,Mid-trophic species,9,2.5369809,-0.00024112345679006
64,ScomberomorusNiphonius,SSP1-2.6,3.08113647654321,Scomberomorus niphonius,Predator,2,3.10015086,-0.0190143834567897
64,ScomberomorusNiphonius,SSP5-8.5,3.07649041728395,Scomberomorus niphonius,Predator,2,3.10015086,-0.0236604427160501
64,TodarodesPacificus,SSP1-2.6,2.42824898518519,Todarodes pacificus,Invertebrate,6,2.43131874666667,-0.00306976148148008
64,TodarodesPacificus,SSP5-8.5,2.42110390246914,Todarodes pacificus,Invertebrate,6,2.43131874666667,-0.01021484419753
64,TrachurusJaponicus,SSP1-2.6,2.68223626419753,Trachurus japonicus,Mid-trophic species,14,2.67180574,0.0104305241975302
64,TrachurusJaponicus,SSP5-8.5,2.68726336296296,Trachurus japonicus,Mid-trophic species,14,2.67180574,0.0154576229629599
64,TrachysalambriaCurvirostris,SSP1-2.6,2.28297424938272,Trachysalambria curvirostris,Invertebrate,7,2.27632896,0.00664528938272024
64,TrachysalambriaCurvirostris,SSP5-8.5,2.28094613827161,Trachysalambria curvirostris,Invertebrate,7,2.27632896,0.00461717827161001
64,TrichiurusJaponicus,SSP1-2.6,2.78271077160494,Trichiurus japonicus,Predator,3,2.78849327333333,-0.0057825017283899
64,TrichiurusJaponicus,SSP5-8.5,2.78113788888889,Trichiurus japonicus,Predator,3,2.78849327333333,-0.00735538444444028
65,DecapterusMaruadsi,SSP1-2.6,2.71195134938272,Decapterus maruadsi,Mid-trophic species,10,2.72060652666667,-0.00865517728394982
65,DecapterusMaruadsi,SSP5-8.5,2.72868538641975,Decapterus maruadsi,Mid-trophic species,10,2.72060652666667,0.00807885975308009
65,EngraulisJaponicus,SSP1-2.6,2.3222350037037,Engraulis japonicus,Prey,1,2.33974743666667,-0.0175124329629699
65,EngraulisJaponicus,SSP5-8.5,2.32603675061728,Engraulis japonicus,Prey,1,2.33974743666667,-0.0137106860493899
65,LarimichthysPolyactis,SSP1-2.6,2.59651289259259,Larimichthys polyactis,Mid-trophic species,13,2.59921061666667,-0.00269772407407976
65,LarimichthysPolyactis,SSP5-8.5,2.61002913580247,Larimichthys polyactis,Mid-trophic species,13,2.59921061666667,0.0108185191358001
65,MiichthysMiiuy,SSP1-2.6,3.01145070123457,Miichthys miiuy,Predator,5,3.02967570666667,-0.0182250054321003
65,MiichthysMiiuy,SSP5-8.5,3.01212710246914,Miichthys miiuy,Predator,5,3.02967570666667,-0.0175486041975303
65,MuraenesoxCinereus,SSP1-2.6,3.10931702839506,Muraenesox cinereus,Predator,4,3.11856017666667,-0.00924314827161021
65,MuraenesoxCinereus,SSP5-8.5,3.11349874074074,Muraenesox cinereus,Predator,4,3.11856017666667,-0.00506143592593
65,PampusArgenteus,SSP1-2.6,2.81266774814815,Pampus argenteus,Mid-trophic species,12,2.83214578666667,-0.0194780385185203
65,PampusArgenteus,SSP5-8.5,2.82355247530864,Pampus argenteus,Mid-trophic species,12,2.83214578666667,-0.00859331135803032
65,PennahiaArgentata,SSP1-2.6,2.88453566049383,Pennahia argentata,Mid-trophic species,11,2.89313020666667,-0.00859454617284028
65,PennahiaArgentata,SSP5-8.5,2.90357260740741,Pennahia argentata,Mid-trophic species,11,2.89313020666667,0.01044240074074
65,PortunusTrituberculatus,SSP1-2.6,2.15468979135802,Portunus trituberculatus,Invertebrate,8,2.14655096,0.00813883135801996
65,PortunusTrituberculatus,SSP5-8.5,2.15611919135803,Portunus trituberculatus,Invertebrate,8,2.14655096,0.00956823135803031
65,ScomberJaponicus,SSP1-2.6,2.53931788518519,Scomber japonicus,Mid-trophic species,9,2.54130913666667,-0.00199125148147994
65,ScomberJaponicus,SSP5-8.5,2.54117087901235,Scomber japonicus,Mid-trophic species,9,2.54130913666667,-0.000138257654319851
65,ScomberomorusNiphonius,SSP1-2.6,3.07900393580247,Scomberomorus niphonius,Predator,2,3.09051579,-0.0115118541975301
65,ScomberomorusNiphonius,SSP5-8.5,3.07711893950617,Scomberomorus niphonius,Predator,2,3.09051579,-0.0133968504938298
65,TodarodesPacificus,SSP1-2.6,2.43079210617284,Todarodes pacificus,Invertebrate,6,2.42572446666667,0.00506763950617017
65,TodarodesPacificus,SSP5-8.5,2.42278361851852,Todarodes pacificus,Invertebrate,6,2.42572446666667,-0.0029408481481501
65,TrachurusJaponicus,SSP1-2.6,2.67400780246914,Trachurus japonicus,Mid-trophic species,14,2.65405749,0.01995031246914
65,TrachurusJaponicus,SSP5-8.5,2.68284662592593,Trachurus japonicus,Mid-trophic species,14,2.65405749,0.0287891359259298
65,TrachysalambriaCurvirostris,SSP1-2.6,2.27833917777778,Trachysalambria curvirostris,Invertebrate,7,2.26931981333333,0.00901936444445006
65,TrachysalambriaCurvirostris,SSP5-8.5,2.27636273703704,Trachysalambria curvirostris,Invertebrate,7,2.26931981333333,0.00704292370371018
65,TrichiurusJaponicus,SSP1-2.6,2.78315367037037,Trichiurus japonicus,Predator,3,2.78392351666667,-0.00076984629630017
65,TrichiurusJaponicus,SSP5-8.5,2.78147175679012,Trichiurus japonicus,Predator,3,2.78392351666667,-0.00245175987654989
66,DecapterusMaruadsi,SSP1-2.6,2.72387847901235,Decapterus maruadsi,Mid-trophic species,10,2.71845132,0.00542715901235003
66,DecapterusMaruadsi,SSP5-8.5,2.71948275185185,Decapterus maruadsi,Mid-trophic species,10,2.71845132,0.00103143185185006
66,EngraulisJaponicus,SSP1-2.6,2.32760023827161,Engraulis japonicus,Prey,1,2.33766273666667,-0.0100624983950599
66,EngraulisJaponicus,SSP5-8.5,2.32259575185185,Engraulis japonicus,Prey,1,2.33766273666667,-0.0150669848148199
66,LarimichthysPolyactis,SSP1-2.6,2.60237869135802,Larimichthys polyactis,Mid-trophic species,13,2.60988473,-0.00750603864198007
66,LarimichthysPolyactis,SSP5-8.5,2.59983563703704,Larimichthys polyactis,Mid-trophic species,13,2.60988473,-0.01004909296296
66,MiichthysMiiuy,SSP1-2.6,3.00565730617284,Miichthys miiuy,Predator,5,3.02443768666667,-0.0187803804938298
66,MiichthysMiiuy,SSP5-8.5,3.0128083654321,Miichthys miiuy,Predator,5,3.02443768666667,-0.0116293212345702
66,MuraenesoxCinereus,SSP1-2.6,3.10677799382716,Muraenesox cinereus,Predator,4,3.10945858,-0.00268058617284028
66,MuraenesoxCinereus,SSP5-8.5,3.11186083827161,Muraenesox cinereus,Predator,4,3.10945858,0.00240225827160989
66,PampusArgenteus,SSP1-2.6,2.81661611604938,Pampus argenteus,Mid-trophic species,12,2.83991525,-0.0232991339506197
66,PampusArgenteus,SSP5-8.5,2.8232681691358,Pampus argenteus,Mid-trophic species,12,2.83991525,-0.0166470808641996
66,PennahiaArgentata,SSP1-2.6,2.88941114320988,Pennahia argentata,Mid-trophic species,11,2.88942119,-1.00467901202883e-05
66,PennahiaArgentata,SSP5-8.5,2.89904565432099,Pennahia argentata,Mid-trophic species,11,2.88942119,0.00962446432098973
66,PortunusTrituberculatus,SSP1-2.6,2.14981623703704,Portunus trituberculatus,Invertebrate,8,2.14405855,0.00575768703704016
66,PortunusTrituberculatus,SSP5-8.5,2.1518944037037,Portunus trituberculatus,Invertebrate,8,2.14405855,0.00783585370370021
66,ScomberJaponicus,SSP1-2.6,2.53551940123457,Scomber japonicus,Mid-trophic species,9,2.53838530333333,-0.00286590209876003
66,ScomberJaponicus,SSP5-8.5,2.53902015185185,Scomber japonicus,Mid-trophic species,9,2.53838530333333,0.000634848518520137
66,ScomberomorusNiphonius,SSP1-2.6,3.08420964320988,Scomberomorus niphonius,Predator,2,3.08874103666667,-0.00453139345678988
66,ScomberomorusNiphonius,SSP5-8.5,3.07417592839506,Scomberomorus niphonius,Predator,2,3.08874103666667,-0.0145651082716101
66,TodarodesPacificus,SSP1-2.6,2.42933861851852,Todarodes pacificus,Invertebrate,6,2.43204894333333,-0.00271032481481015
66,TodarodesPacificus,SSP5-8.5,2.42093559876543,Todarodes pacificus,Invertebrate,6,2.43204894333333,-0.0111133445678999
66,TrachurusJaponicus,SSP1-2.6,2.67696497407407,Trachurus japonicus,Mid-trophic species,14,2.67952008666667,-0.00255511259259977
66,TrachurusJaponicus,SSP5-8.5,2.68867712716049,Trachurus japonicus,Mid-trophic species,14,2.67952008666667,0.00915704049381993
66,TrachysalambriaCurvirostris,SSP1-2.6,2.26902094320988,Trachysalambria curvirostris,Invertebrate,7,2.27828328333333,-0.0092623401234504
66,TrachysalambriaCurvirostris,SSP5-8.5,2.28584914320988,Trachysalambria curvirostris,Invertebrate,7,2.27828328333333,0.00756585987655001
66,TrichiurusJaponicus,SSP1-2.6,2.78529280493827,Trichiurus japonicus,Predator,3,2.78648485333333,-0.00119204839506004
66,TrichiurusJaponicus,SSP5-8.5,2.78127676296296,Trichiurus japonicus,Predator,3,2.78648485333333,-0.00520809037036996
67,DecapterusMaruadsi,SSP1-2.6,2.71702495308642,Decapterus maruadsi,Mid-trophic species,10,2.71033484666667,0.00669010641974976
67,DecapterusMaruadsi,SSP5-8.5,2.72621347530864,Decapterus maruadsi,Mid-trophic species,10,2.71033484666667,0.0158786286419699
67,EngraulisJaponicus,SSP1-2.6,2.32380323950617,Engraulis japonicus,Prey,1,2.33185266333333,-0.00804942382716023
67,EngraulisJaponicus,SSP5-8.5,2.32949589753086,Engraulis japonicus,Prey,1,2.33185266333333,-0.00235676580247013
67,LarimichthysPolyactis,SSP1-2.6,2.59981059012346,Larimichthys polyactis,Mid-trophic species,13,2.61491165666667,-0.0151010665432101
67,LarimichthysPolyactis,SSP5-8.5,2.60597970493827,Larimichthys polyactis,Mid-trophic species,13,2.61491165666667,-0.00893195172840011
67,MiichthysMiiuy,SSP1-2.6,3.01176679382716,Miichthys miiuy,Predator,5,3.0304552,-0.0186884061728398
67,MiichthysMiiuy,SSP5-8.5,3.00924932345679,Miichthys miiuy,Predator,5,3.0304552,-0.0212058765432102
67,MuraenesoxCinereus,SSP1-2.6,3.11147810617284,Muraenesox cinereus,Predator,4,3.11353501333333,-0.00205690716049034
67,MuraenesoxCinereus,SSP5-8.5,3.10888227530864,Muraenesox cinereus,Predator,4,3.11353501333333,-0.00465273802469035
67,PampusArgenteus,SSP1-2.6,2.81386024567901,Pampus argenteus,Mid-trophic species,12,2.83667023333333,-0.0228099876543197
67,PampusArgenteus,SSP5-8.5,2.82171144197531,Pampus argenteus,Mid-trophic species,12,2.83667023333333,-0.0149587913580196
67,PennahiaArgentata,SSP1-2.6,2.89027625679012,Pennahia argentata,Mid-trophic species,11,2.90102276666667,-0.01074650987655
67,PennahiaArgentata,SSP5-8.5,2.89942946296296,Pennahia argentata,Mid-trophic species,11,2.90102276666667,-0.00159330370370991
67,PortunusTrituberculatus,SSP1-2.6,2.15301015802469,Portunus trituberculatus,Invertebrate,8,2.14380730666667,0.00920285135801979
67,PortunusTrituberculatus,SSP5-8.5,2.15407345555556,Portunus trituberculatus,Invertebrate,8,2.14380730666667,0.0102661488888898
67,ScomberJaponicus,SSP1-2.6,2.53706067283951,Scomber japonicus,Mid-trophic species,9,2.53936882666667,-0.00230815382715965
67,ScomberJaponicus,SSP5-8.5,2.53758879506173,Scomber japonicus,Mid-trophic species,9,2.53936882666667,-0.00178003160493967
67,ScomberomorusNiphonius,SSP1-2.6,3.08177684938272,Scomberomorus niphonius,Predator,2,3.10627312666667,-0.0244962772839501
67,ScomberomorusNiphonius,SSP5-8.5,3.07354348765432,Scomberomorus niphonius,Predator,2,3.10627312666667,-0.0327296390123499
67,TodarodesPacificus,SSP1-2.6,2.42805329382716,Todarodes pacificus,Invertebrate,6,2.43934411666667,-0.0112908228395097
67,TodarodesPacificus,SSP5-8.5,2.42056094074074,Todarodes pacificus,Invertebrate,6,2.43934411666667,-0.0187831759259298
67,TrachurusJaponicus,SSP1-2.6,2.68667235679012,Trachurus japonicus,Mid-trophic species,14,2.66274759666667,0.02392476012345
67,TrachurusJaponicus,SSP5-8.5,2.67495851975309,Trachurus japonicus,Mid-trophic species,14,2.66274759666667,0.0122109230864202
67,TrachysalambriaCurvirostris,SSP1-2.6,2.27511193209877,Trachysalambria curvirostris,Invertebrate,7,2.28196363333333,-0.00685170123455992
67,TrachysalambriaCurvirostris,SSP5-8.5,2.27765466049383,Trachysalambria curvirostris,Invertebrate,7,2.28196363333333,-0.00430897283950005
67,TrichiurusJaponicus,SSP1-2.6,2.7813141345679,Trichiurus japonicus,Predator,3,2.78946119333333,-0.00814705876542998
67,TrichiurusJaponicus,SSP5-8.5,2.78209694691358,Trichiurus japonicus,Predator,3,2.78946119333333,-0.00736424641974987
68,DecapterusMaruadsi,SSP1-2.6,2.72610468641975,Decapterus maruadsi,Mid-trophic species,10,2.72149127,0.00461341641974977
68,DecapterusMaruadsi,SSP5-8.5,2.72340129753086,Decapterus maruadsi,Mid-trophic species,10,2.72149127,0.00191002753085989
68,EngraulisJaponicus,SSP1-2.6,2.33048102345679,Engraulis japonicus,Prey,1,2.33311248333333,-0.00263145987654001
68,EngraulisJaponicus,SSP5-8.5,2.32571336666667,Engraulis japonicus,Prey,1,2.33311248333333,-0.00739911666666027
68,LarimichthysPolyactis,SSP1-2.6,2.59044023950617,Larimichthys polyactis,Mid-trophic species,13,2.60667751,-0.0162372704938298
68,LarimichthysPolyactis,SSP5-8.5,2.60415829876543,Larimichthys polyactis,Mid-trophic species,13,2.60667751,-0.00251921123456977
68,MiichthysMiiuy,SSP1-2.6,3.01590520617284,Miichthys miiuy,Predator,5,3.02548859,-0.00958338382715995
68,MiichthysMiiuy,SSP5-8.5,3.01180452716049,Miichthys miiuy,Predator,5,3.02548859,-0.0136840628395101
68,MuraenesoxCinereus,SSP1-2.6,3.11182547283951,Muraenesox cinereus,Predator,4,3.12147005333333,-0.00964458049382033
68,MuraenesoxCinereus,SSP5-8.5,3.11392695679012,Muraenesox cinereus,Predator,4,3.12147005333333,-0.00754309654320995
68,PampusArgenteus,SSP1-2.6,2.81779492592593,Pampus argenteus,Mid-trophic species,12,2.82907689333333,-0.0112819674074003
68,PampusArgenteus,SSP5-8.5,2.81590634567901,Pampus argenteus,Mid-trophic species,12,2.82907689333333,-0.0131705476543202
68,PennahiaArgentata,SSP1-2.6,2.89178581975309,Pennahia argentata,Mid-trophic species,11,2.90120624,-0.00942042024691014
68,PennahiaArgentata,SSP5-8.5,2.91047665185185,Pennahia argentata,Mid-trophic species,11,2.90120624,0.00927041185184985
68,PortunusTrituberculatus,SSP1-2.6,2.15088448024691,Portunus trituberculatus,Invertebrate,8,2.14512727333333,0.00575720691357962
68,PortunusTrituberculatus,SSP5-8.5,2.15219938148148,Portunus trituberculatus,Invertebrate,8,2.14512727333333,0.00707210814814996
68,ScomberJaponicus,SSP1-2.6,2.5410818617284,Scomber japonicus,Mid-trophic species,9,2.53856239,0.00251947172839984
68,ScomberJaponicus,SSP5-8.5,2.53870199382716,Scomber japonicus,Mid-trophic species,9,2.53856239,0.000139603827160162
68,ScomberomorusNiphonius,SSP1-2.6,3.08568589135802,Scomberomorus niphonius,Predator,2,3.10132673,-0.0156408386419797
68,ScomberomorusNiphonius,SSP5-8.5,3.07388304197531,Scomberomorus niphonius,Predator,2,3.10132673,-0.02744368802469
68,TodarodesPacificus,SSP1-2.6,2.42484408395062,Todarodes pacificus,Invertebrate,6,2.43819754,-0.01335345604938
68,TodarodesPacificus,SSP5-8.5,2.4289885654321,Todarodes pacificus,Invertebrate,6,2.43819754,-0.00920897456789982
68,TrachurusJaponicus,SSP1-2.6,2.67813234320988,Trachurus japonicus,Mid-trophic species,14,2.69578371333333,-0.01765137012345
68,TrachurusJaponicus,SSP5-8.5,2.68416489876543,Trachurus japonicus,Mid-trophic species,14,2.69578371333333,-0.0116188145678997
68,TrachysalambriaCurvirostris,SSP1-2.6,2.27370048024691,Trachysalambria curvirostris,Invertebrate,7,2.27654548666667,-0.00284500641976004
68,TrachysalambriaCurvirostris,SSP5-8.5,2.27333322592593,Trachysalambria curvirostris,Invertebrate,7,2.27654548666667,-0.0032122607407401
68,TrichiurusJaponicus,SSP1-2.6,2.78410914567901,Trichiurus japonicus,Predator,3,2.78315982333333,0.000949322345680237
68,TrichiurusJaponicus,SSP5-8.5,2.77848571728395,Trichiurus japonicus,Predator,3,2.78315982333333,-0.00467410604938001
69,DecapterusMaruadsi,SSP1-2.6,2.72621245185185,Decapterus maruadsi,Mid-trophic species,10,2.71078843333333,0.0154240185185199
69,DecapterusMaruadsi,SSP5-8.5,2.72521694074074,Decapterus maruadsi,Mid-trophic species,10,2.71078843333333,0.01442850740741
69,EngraulisJaponicus,SSP1-2.6,2.33072809259259,Engraulis japonicus,Prey,1,2.33271733333333,-0.00198924074073981
69,EngraulisJaponicus,SSP5-8.5,2.32630497530864,Engraulis japonicus,Prey,1,2.33271733333333,-0.00641235802468998
69,LarimichthysPolyactis,SSP1-2.6,2.60051200123457,Larimichthys polyactis,Mid-trophic species,13,2.6083509,-0.00783889876543009
69,LarimichthysPolyactis,SSP5-8.5,2.60047904938272,Larimichthys polyactis,Mid-trophic species,13,2.6083509,-0.00787185061727991
69,MiichthysMiiuy,SSP1-2.6,3.00737924444444,Miichthys miiuy,Predator,5,3.02263575333333,-0.0152565088888901
69,MiichthysMiiuy,SSP5-8.5,3.01830143703704,Miichthys miiuy,Predator,5,3.02263575333333,-0.00433431629629011
69,MuraenesoxCinereus,SSP1-2.6,3.11060347777778,Muraenesox cinereus,Predator,4,3.10961589666667,0.000987581111109748
69,MuraenesoxCinereus,SSP5-8.5,3.11332082592593,Muraenesox cinereus,Predator,4,3.10961589666667,0.00370492925926014
69,PampusArgenteus,SSP1-2.6,2.81278282839506,Pampus argenteus,Mid-trophic species,12,2.82537263666667,-0.0125898082716098
69,PampusArgenteus,SSP5-8.5,2.8211010308642,Pampus argenteus,Mid-trophic species,12,2.82537263666667,-0.00427160580246966
69,PennahiaArgentata,SSP1-2.6,2.89691689753086,Pennahia argentata,Mid-trophic species,11,2.88894509666667,0.00797180086419003
69,PennahiaArgentata,SSP5-8.5,2.8974216962963,Pennahia argentata,Mid-trophic species,11,2.88894509666667,0.00847659962963032
69,PortunusTrituberculatus,SSP1-2.6,2.1522883691358,Portunus trituberculatus,Invertebrate,8,2.14721595666667,0.00507241246913015
69,PortunusTrituberculatus,SSP5-8.5,2.15192321851852,Portunus trituberculatus,Invertebrate,8,2.14721595666667,0.00470726185185022
69,ScomberJaponicus,SSP1-2.6,2.53792186419753,Scomber japonicus,Mid-trophic species,9,2.53911532333333,-0.00119345913580027
69,ScomberJaponicus,SSP5-8.5,2.53773498765432,Scomber japonicus,Mid-trophic species,9,2.53911532333333,-0.00138033567901008
69,ScomberomorusNiphonius,SSP1-2.6,3.0868040308642,Scomberomorus niphonius,Predator,2,3.09677168333333,-0.0099676524691299
69,ScomberomorusNiphonius,SSP5-8.5,3.07683451851852,Scomberomorus niphonius,Predator,2,3.09677168333333,-0.0199371648148099
69,TodarodesPacificus,SSP1-2.6,2.42364695802469,Todarodes pacificus,Invertebrate,6,2.41765504333333,0.00599191469135985
69,TodarodesPacificus,SSP5-8.5,2.42703374814815,Todarodes pacificus,Invertebrate,6,2.41765504333333,0.00937870481481973
69,TrachurusJaponicus,SSP1-2.6,2.67685908395062,Trachurus japonicus,Mid-trophic species,14,2.68336769333333,-0.00650860938270981
69,TrachurusJaponicus,SSP5-8.5,2.67545353333333,Trachurus japonicus,Mid-trophic species,14,2.68336769333333,-0.00791415999999989
69,TrachysalambriaCurvirostris,SSP1-2.6,2.27731060864198,Trachysalambria curvirostris,Invertebrate,7,2.26552593,0.01178467864198
69,TrachysalambriaCurvirostris,SSP5-8.5,2.27670261851852,Trachysalambria curvirostris,Invertebrate,7,2.26552593,0.0111766885185203
69,TrichiurusJaponicus,SSP1-2.6,2.78605062098765,Trichiurus japonicus,Predator,3,2.78877871666667,-0.0027280956790201
69,TrichiurusJaponicus,SSP5-8.5,2.77654034938272,Trichiurus japonicus,Predator,3,2.78877871666667,-0.0122383672839503
70,DecapterusMaruadsi,SSP1-2.6,2.73693179135802,Decapterus maruadsi,Mid-trophic species,10,2.71454026333333,0.0223915280246896
70,DecapterusMaruadsi,SSP5-8.5,2.71803158395062,Decapterus maruadsi,Mid-trophic species,10,2.71454026333333,0.00349132061728996
70,EngraulisJaponicus,SSP1-2.6,2.32519127283951,Engraulis japonicus,Prey,1,2.34004607,-0.0148547971604902
70,EngraulisJaponicus,SSP5-8.5,2.32659687901235,Engraulis japonicus,Prey,1,2.34004607,-0.0134491909876502
70,LarimichthysPolyactis,SSP1-2.6,2.59640975308642,Larimichthys polyactis,Mid-trophic species,13,2.60625763333333,-0.00984788024691019
70,LarimichthysPolyactis,SSP5-8.5,2.60631280864198,Larimichthys polyactis,Mid-trophic species,13,2.60625763333333,5.51753086499573e-05
70,MiichthysMiiuy,SSP1-2.6,3.01670294814815,Miichthys miiuy,Predator,5,3.03572532,-0.0190223718518499
70,MiichthysMiiuy,SSP5-8.5,3.01404478765432,Miichthys miiuy,Predator,5,3.03572532,-0.0216805323456799
70,MuraenesoxCinereus,SSP1-2.6,3.10799152839506,Muraenesox cinereus,Predator,4,3.11629399666667,-0.00830246827160996
70,MuraenesoxCinereus,SSP5-8.5,3.11248394938272,Muraenesox cinereus,Predator,4,3.11629399666667,-0.00381004728394974
70,PampusArgenteus,SSP1-2.6,2.82189503333333,Pampus argenteus,Mid-trophic species,12,2.83042445,-0.00852941666667029
70,PampusArgenteus,SSP5-8.5,2.81237234197531,Pampus argenteus,Mid-trophic species,12,2.83042445,-0.01805210802469
70,PennahiaArgentata,SSP1-2.6,2.89510332345679,Pennahia argentata,Mid-trophic species,11,2.89338388,0.00171944345678998
70,PennahiaArgentata,SSP5-8.5,2.90020654567901,Pennahia argentata,Mid-trophic species,11,2.89338388,0.0068226656790098
70,PortunusTrituberculatus,SSP1-2.6,2.15308058395062,Portunus trituberculatus,Invertebrate,8,2.14423645666667,0.0088441272839499
70,PortunusTrituberculatus,SSP5-8.5,2.15317087037037,Portunus trituberculatus,Invertebrate,8,2.14423645666667,0.00893441370369974
70,ScomberJaponicus,SSP1-2.6,2.5391507691358,Scomber japonicus,Mid-trophic species,9,2.54056088333333,-0.00141011419753001
70,ScomberJaponicus,SSP5-8.5,2.53663708765432,Scomber japonicus,Mid-trophic species,9,2.54056088333333,-0.00392379567901013
70,ScomberomorusNiphonius,SSP1-2.6,3.08386709506173,Scomberomorus niphonius,Predator,2,3.09971769333333,-0.0158505982715997
70,ScomberomorusNiphonius,SSP5-8.5,3.07188856419753,Scomberomorus niphonius,Predator,2,3.09971769333333,-0.0278291291357999
70,TodarodesPacificus,SSP1-2.6,2.42439008641975,Todarodes pacificus,Invertebrate,6,2.43585899333333,-0.01146890691358
70,TodarodesPacificus,SSP5-8.5,2.42626623333333,Todarodes pacificus,Invertebrate,6,2.43585899333333,-0.00959275999999987
70,TrachurusJaponicus,SSP1-2.6,2.68957568765432,Trachurus japonicus,Mid-trophic species,14,2.69080946,-0.0012337723456799
70,TrachurusJaponicus,SSP5-8.5,2.68295598148148,Trachurus japonicus,Mid-trophic species,14,2.69080946,-0.00785347851852025
70,TrachysalambriaCurvirostris,SSP1-2.6,2.27412423703704,Trachysalambria curvirostris,Invertebrate,7,2.28184007,-0.00771583296296008
70,TrachysalambriaCurvirostris,SSP5-8.5,2.27161154567901,Trachysalambria curvirostris,Invertebrate,7,2.28184007,-0.0102285243209899
70,TrichiurusJaponicus,SSP1-2.6,2.7786012308642,Trichiurus japonicus,Predator,3,2.78844372,-0.00984248913580021
70,TrichiurusJaponicus,SSP5-8.5,2.78443587654321,Trichiurus japonicus,Predator,3,2.78844372,-0.00400784345679028
71,DecapterusMaruadsi,SSP1-2.6,2.71568897530864,Decapterus maruadsi,Mid-trophic species,10,2.71710266,-0.00141368469135994
71,DecapterusMaruadsi,SSP5-8.5,2.72400557777778,Decapterus maruadsi,Mid-trophic species,10,2.71710266,0.00690291777777974
71,EngraulisJaponicus,SSP1-2.6,2.33021444567901,Engraulis japonicus,Prey,1,2.34650184333333,-0.0162873976543199
71,EngraulisJaponicus,SSP5-8.5,2.32608376419753,Engraulis japonicus,Prey,1,2.34650184333333,-0.0204180791358
71,LarimichthysPolyactis,SSP1-2.6,2.60510609382716,Larimichthys polyactis,Mid-trophic species,13,2.61401597666667,-0.00890988283951
71,LarimichthysPolyactis,SSP5-8.5,2.60655120493827,Larimichthys polyactis,Mid-trophic species,13,2.61401597666667,-0.00746477172839999
71,MiichthysMiiuy,SSP1-2.6,3.01076897407407,Miichthys miiuy,Predator,5,3.03813951666667,-0.0273705425926001
71,MiichthysMiiuy,SSP5-8.5,3.01095814814815,Miichthys miiuy,Predator,5,3.03813951666667,-0.0271813685185198
71,MuraenesoxCinereus,SSP1-2.6,3.11490036666667,Muraenesox cinereus,Predator,4,3.12544246666667,-0.0105420999999999
71,MuraenesoxCinereus,SSP5-8.5,3.10895331604938,Muraenesox cinereus,Predator,4,3.12544246666667,-0.0164891506172897
71,PampusArgenteus,SSP1-2.6,2.81929225061728,Pampus argenteus,Mid-trophic species,12,2.82015910333333,-0.000866852716050026
71,PampusArgenteus,SSP5-8.5,2.81318055802469,Pampus argenteus,Mid-trophic species,12,2.82015910333333,-0.00697854530864017
71,PennahiaArgentata,SSP1-2.6,2.89461084938272,Pennahia argentata,Mid-trophic species,11,2.88122249666667,0.0133883527160497
71,PennahiaArgentata,SSP5-8.5,2.8997971345679,Pennahia argentata,Mid-trophic species,11,2.88122249666667,0.0185746379012297
71,PortunusTrituberculatus,SSP1-2.6,2.15373112962963,Portunus trituberculatus,Invertebrate,8,2.14036445666667,0.01336667296296
71,PortunusTrituberculatus,SSP5-8.5,2.15447326419753,Portunus trituberculatus,Invertebrate,8,2.14036445666667,0.0141088075308597
71,ScomberJaponicus,SSP1-2.6,2.53940435802469,Scomber japonicus,Mid-trophic species,9,2.53966016333333,-0.000255805308639889
71,ScomberJaponicus,SSP5-8.5,2.53886765555556,Scomber japonicus,Mid-trophic species,9,2.53966016333333,-0.000792507777770179
71,ScomberomorusNiphonius,SSP1-2.6,3.08658998765432,Scomberomorus niphonius,Predator,2,3.09568752666667,-0.00909753901235
71,ScomberomorusNiphonius,SSP5-8.5,3.07316080246914,Scomberomorus niphonius,Predator,2,3.09568752666667,-0.02252672419753
71,TodarodesPacificus,SSP1-2.6,2.43071777407407,Todarodes pacificus,Invertebrate,6,2.43374857666667,-0.0030308025925998
71,TodarodesPacificus,SSP5-8.5,2.42992800740741,Todarodes pacificus,Invertebrate,6,2.43374857666667,-0.00382056925925989
71,TrachurusJaponicus,SSP1-2.6,2.69373348888889,Trachurus japonicus,Mid-trophic species,14,2.68376911,0.00996437888889012
71,TrachurusJaponicus,SSP5-8.5,2.67578877283951,Trachurus japonicus,Mid-trophic species,14,2.68376911,-0.00798033716049007
71,TrachysalambriaCurvirostris,SSP1-2.6,2.27921044197531,Trachysalambria curvirostris,Invertebrate,7,2.28831537333333,-0.00910493135801982
71,TrachysalambriaCurvirostris,SSP5-8.5,2.27020271111111,Trachysalambria curvirostris,Invertebrate,7,2.28831537333333,-0.0181126622222201
71,TrichiurusJaponicus,SSP1-2.6,2.79053195555556,Trichiurus japonicus,Predator,3,2.79006000333333,0.000471952222230065
71,TrichiurusJaponicus,SSP5-8.5,2.78040468148148,Trichiurus japonicus,Predator,3,2.79006000333333,-0.00965532185185003
72,DecapterusMaruadsi,SSP1-2.6,2.72444480987654,Decapterus maruadsi,Mid-trophic species,10,2.71311780666667,0.0113270032098702
72,DecapterusMaruadsi,SSP5-8.5,2.72370983333333,Decapterus maruadsi,Mid-trophic species,10,2.71311780666667,0.0105920266666599
72,EngraulisJaponicus,SSP1-2.6,2.32914057530864,Engraulis japonicus,Prey,1,2.33092407666667,-0.00178350135802985
72,EngraulisJaponicus,SSP5-8.5,2.32668483827161,Engraulis japonicus,Prey,1,2.33092407666667,-0.0042392383950598
72,LarimichthysPolyactis,SSP1-2.6,2.60266678148148,Larimichthys polyactis,Mid-trophic species,13,2.59839366,0.00427312148147996
72,LarimichthysPolyactis,SSP5-8.5,2.59854430493827,Larimichthys polyactis,Mid-trophic species,13,2.59839366,0.000150644938269995
72,MiichthysMiiuy,SSP1-2.6,3.01088037160494,Miichthys miiuy,Predator,5,3.01956098666667,-0.00868061506173001
72,MiichthysMiiuy,SSP5-8.5,3.01284459012346,Miichthys miiuy,Predator,5,3.01956098666667,-0.00671639654320977
72,MuraenesoxCinereus,SSP1-2.6,3.11274034567901,Muraenesox cinereus,Predator,4,3.11380575333333,-0.00106540765432017
72,MuraenesoxCinereus,SSP5-8.5,3.11342705061728,Muraenesox cinereus,Predator,4,3.11380575333333,-0.000378702716050228
72,PampusArgenteus,SSP1-2.6,2.81423057160494,Pampus argenteus,Mid-trophic species,12,2.82521668666667,-0.0109861150617299
72,PampusArgenteus,SSP5-8.5,2.8289769,Pampus argenteus,Mid-trophic species,12,2.82521668666667,0.00376021333332988
72,PennahiaArgentata,SSP1-2.6,2.88948108641975,Pennahia argentata,Mid-trophic species,11,2.89100314666667,-0.00152206024691992
72,PennahiaArgentata,SSP5-8.5,2.90477407407407,Pennahia argentata,Mid-trophic species,11,2.89100314666667,0.0137709274074003
72,PortunusTrituberculatus,SSP1-2.6,2.1526706308642,Portunus trituberculatus,Invertebrate,8,2.14278046333333,0.00989016753087002
72,PortunusTrituberculatus,SSP5-8.5,2.15510300864198,Portunus trituberculatus,Invertebrate,8,2.14278046333333,0.01232254530865
72,ScomberJaponicus,SSP1-2.6,2.5356284,Scomber japonicus,Mid-trophic species,9,2.53796288666667,-0.00233448666667035
72,ScomberJaponicus,SSP5-8.5,2.5371505962963,Scomber japonicus,Mid-trophic species,9,2.53796288666667,-0.000812290370370228
72,ScomberomorusNiphonius,SSP1-2.6,3.08440380617284,Scomberomorus niphonius,Predator,2,3.09288243333333,-0.00847862716048997
72,ScomberomorusNiphonius,SSP5-8.5,3.07696808148148,Scomberomorus niphonius,Predator,2,3.09288243333333,-0.0159143518518499
72,TodarodesPacificus,SSP1-2.6,2.42291790123457,Todarodes pacificus,Invertebrate,6,2.42013568,0.00278222123457006
72,TodarodesPacificus,SSP5-8.5,2.42231867777778,Todarodes pacificus,Invertebrate,6,2.42013568,0.00218299777777986
72,TrachurusJaponicus,SSP1-2.6,2.67651695679012,Trachurus japonicus,Mid-trophic species,14,2.67841796333333,-0.00190100654321013
72,TrachurusJaponicus,SSP5-8.5,2.67514155555556,Trachurus japonicus,Mid-trophic species,14,2.67841796333333,-0.00327640777776983
72,TrachysalambriaCurvirostris,SSP1-2.6,2.27049073580247,Trachysalambria curvirostris,Invertebrate,7,2.26305085666667,0.00743987913580035
72,TrachysalambriaCurvirostris,SSP5-8.5,2.26776736296296,Trachysalambria curvirostris,Invertebrate,7,2.26305085666667,0.00471650629629039
72,TrichiurusJaponicus,SSP1-2.6,2.78432195061728,Trichiurus japonicus,Predator,3,2.78074566333333,0.00357628728394976
72,TrichiurusJaponicus,SSP5-8.5,2.78236204320988,Trichiurus japonicus,Predator,3,2.78074566333333,0.00161637987655006
73,DecapterusMaruadsi,SSP1-2.6,2.71895385185185,Decapterus maruadsi,Mid-trophic species,10,2.70049240333333,0.0184614485185199
73,DecapterusMaruadsi,SSP5-8.5,2.72831482962963,Decapterus maruadsi,Mid-trophic species,10,2.70049240333333,0.0278224262963001
73,EngraulisJaponicus,SSP1-2.6,2.32451436049383,Engraulis japonicus,Prey,1,2.32470350666667,-0.000189146172839827
73,EngraulisJaponicus,SSP5-8.5,2.32866640123457,Engraulis japonicus,Prey,1,2.32470350666667,0.00396289456790022
73,LarimichthysPolyactis,SSP1-2.6,2.5991305691358,Larimichthys polyactis,Mid-trophic species,13,2.61079275,-0.0116621808641999
73,LarimichthysPolyactis,SSP5-8.5,2.60360863827161,Larimichthys polyactis,Mid-trophic species,13,2.61079275,-0.00718411172838973
73,MiichthysMiiuy,SSP1-2.6,3.01413989753086,Miichthys miiuy,Predator,5,3.03153246333333,-0.0173925658024698
73,MiichthysMiiuy,SSP5-8.5,3.0149829037037,Miichthys miiuy,Predator,5,3.03153246333333,-0.0165495596296297
73,MuraenesoxCinereus,SSP1-2.6,3.11059227654321,Muraenesox cinereus,Predator,4,3.10495020666667,0.00564206987654004
73,MuraenesoxCinereus,SSP5-8.5,3.10938306049383,Muraenesox cinereus,Predator,4,3.10495020666667,0.00443285382716008
73,PampusArgenteus,SSP1-2.6,2.81847967530864,Pampus argenteus,Mid-trophic species,12,2.81179277666667,0.00668689864196992
73,PampusArgenteus,SSP5-8.5,2.82394067901235,Pampus argenteus,Mid-trophic species,12,2.81179277666667,0.0121479023456796
73,PennahiaArgentata,SSP1-2.6,2.89022177901235,Pennahia argentata,Mid-trophic species,11,2.88628983333333,0.00393194567902011
73,PennahiaArgentata,SSP5-8.5,2.89862153950617,Pennahia argentata,Mid-trophic species,11,2.88628983333333,0.0123317061728399
73,PortunusTrituberculatus,SSP1-2.6,2.1538258617284,Portunus trituberculatus,Invertebrate,8,2.13832233333333,0.0155035283950702
73,PortunusTrituberculatus,SSP5-8.5,2.15825293950617,Portunus trituberculatus,Invertebrate,8,2.13832233333333,0.0199306061728399
73,ScomberJaponicus,SSP1-2.6,2.53819180864198,Scomber japonicus,Mid-trophic species,9,2.53573209666667,0.00245971197530981
73,ScomberJaponicus,SSP5-8.5,2.53880854567901,Scomber japonicus,Mid-trophic species,9,2.53573209666667,0.00307644901233983
73,ScomberomorusNiphonius,SSP1-2.6,3.08038474444444,Scomberomorus niphonius,Predator,2,3.08661475333333,-0.00623000888889003
73,ScomberomorusNiphonius,SSP5-8.5,3.07247085555556,Scomberomorus niphonius,Predator,2,3.08661475333333,-0.0141438977777697
73,TodarodesPacificus,SSP1-2.6,2.42065958395062,Todarodes pacificus,Invertebrate,6,2.42840975,-0.00775016604938017
73,TodarodesPacificus,SSP5-8.5,2.42950491358025,Todarodes pacificus,Invertebrate,6,2.42840975,0.00109516358024964
73,TrachurusJaponicus,SSP1-2.6,2.66916564567901,Trachurus japonicus,Mid-trophic species,14,2.6755196,-0.00635395432099006
73,TrachurusJaponicus,SSP5-8.5,2.66802977407407,Trachurus japonicus,Mid-trophic species,14,2.6755196,-0.00748982592592995
73,TrachysalambriaCurvirostris,SSP1-2.6,2.27358137530864,Trachysalambria curvirostris,Invertebrate,7,2.26477930333333,0.00880207197530991
73,TrachysalambriaCurvirostris,SSP5-8.5,2.27847468888889,Trachysalambria curvirostris,Invertebrate,7,2.26477930333333,0.0136953855555602
73,TrichiurusJaponicus,SSP1-2.6,2.78064872962963,Trichiurus japonicus,Predator,3,2.78753848333333,-0.00688975370370004
73,TrichiurusJaponicus,SSP5-8.5,2.77781598518519,Trichiurus japonicus,Predator,3,2.78753848333333,-0.00972249814814008
74,DecapterusMaruadsi,SSP1-2.6,2.72516425432099,Decapterus maruadsi,Mid-trophic species,10,2.71753548333333,0.00762877098765991
74,DecapterusMaruadsi,SSP5-8.5,2.72229760864198,Decapterus maruadsi,Mid-trophic species,10,2.71753548333333,0.00476212530865006
74,EngraulisJaponicus,SSP1-2.6,2.32392503580247,Engraulis japonicus,Prey,1,2.33169792666667,-0.0077728908642003
74,EngraulisJaponicus,SSP5-8.5,2.32406312098765,Engraulis japonicus,Prey,1,2.33169792666667,-0.00763480567902031
74,LarimichthysPolyactis,SSP1-2.6,2.59437514567901,Larimichthys polyactis,Mid-trophic species,13,2.59587969,-0.00150454432098979
74,LarimichthysPolyactis,SSP5-8.5,2.60227710123457,Larimichthys polyactis,Mid-trophic species,13,2.59587969,0.00639741123457016
74,MiichthysMiiuy,SSP1-2.6,3.00509968271605,Miichthys miiuy,Predator,5,3.03635157,-0.03125188728395
74,MiichthysMiiuy,SSP5-8.5,3.01413927901235,Miichthys miiuy,Predator,5,3.03635157,-0.0222122909876501
74,MuraenesoxCinereus,SSP1-2.6,3.1113773654321,Muraenesox cinereus,Predator,4,3.11412767,-0.0027503045678996
74,MuraenesoxCinereus,SSP5-8.5,3.11052338148148,Muraenesox cinereus,Predator,4,3.11412767,-0.0036042885185199
74,PampusArgenteus,SSP1-2.6,2.81916825802469,Pampus argenteus,Mid-trophic species,12,2.86554108333333,-0.04637282530864
74,PampusArgenteus,SSP5-8.5,2.81761732716049,Pampus argenteus,Mid-trophic species,12,2.86554108333333,-0.0479237561728398
74,PennahiaArgentata,SSP1-2.6,2.8840026,Pennahia argentata,Mid-trophic species,11,2.88619928333333,-0.00219668333333001
74,PennahiaArgentata,SSP5-8.5,2.89539496790123,Pennahia argentata,Mid-trophic species,11,2.88619928333333,0.00919568456789976
74,PortunusTrituberculatus,SSP1-2.6,2.15360793950617,Portunus trituberculatus,Invertebrate,8,2.14116895,0.0124389895061698
74,PortunusTrituberculatus,SSP5-8.5,2.14953871728395,Portunus trituberculatus,Invertebrate,8,2.14116895,0.00836976728395023
74,ScomberJaponicus,SSP1-2.6,2.5376774382716,Scomber japonicus,Mid-trophic species,9,2.54162118666667,-0.00394374839506995
74,ScomberJaponicus,SSP5-8.5,2.53826322962963,Scomber japonicus,Mid-trophic species,9,2.54162118666667,-0.00335795703703967
74,ScomberomorusNiphonius,SSP1-2.6,3.08653007901235,Scomberomorus niphonius,Predator,2,3.09034049666667,-0.00381041765431966
74,ScomberomorusNiphonius,SSP5-8.5,3.07680892222222,Scomberomorus niphonius,Predator,2,3.09034049666667,-0.0135315744444497
74,TodarodesPacificus,SSP1-2.6,2.42918011481481,Todarodes pacificus,Invertebrate,6,2.42914224666667,3.78681481403298e-05
74,TodarodesPacificus,SSP5-8.5,2.42487763580247,Todarodes pacificus,Invertebrate,6,2.42914224666667,-0.00426461086419971
74,TrachurusJaponicus,SSP1-2.6,2.67804361234568,Trachurus japonicus,Mid-trophic species,14,2.6692365,0.00880711234568032
74,TrachurusJaponicus,SSP5-8.5,2.67972272839506,Trachurus japonicus,Mid-trophic species,14,2.6692365,0.0104862283950604
74,TrachysalambriaCurvirostris,SSP1-2.6,2.27508298888889,Trachysalambria curvirostris,Invertebrate,7,2.27744029666667,-0.00235730777777965
74,TrachysalambriaCurvirostris,SSP5-8.5,2.27180188024691,Trachysalambria curvirostris,Invertebrate,7,2.27744029666667,-0.00563841641975982
74,TrichiurusJaponicus,SSP1-2.6,2.78395834691358,Trichiurus japonicus,Predator,3,2.78649849666667,-0.00254014975309014
74,TrichiurusJaponicus,SSP5-8.5,2.78474790987654,Trichiurus japonicus,Predator,3,2.78649849666667,-0.00175058679012974
75,DecapterusMaruadsi,SSP1-2.6,2.71265972345679,Decapterus maruadsi,Mid-trophic species,10,2.72073986333333,-0.00808013987654022
75,DecapterusMaruadsi,SSP5-8.5,2.71752473827161,Decapterus maruadsi,Mid-trophic species,10,2.72073986333333,-0.00321512506172006
75,EngraulisJaponicus,SSP1-2.6,2.32494277777778,Engraulis japonicus,Prey,1,2.33033204,-0.00538926222222003
75,EngraulisJaponicus,SSP5-8.5,2.322783,Engraulis japonicus,Prey,1,2.33033204,-0.00754904000000023
75,LarimichthysPolyactis,SSP1-2.6,2.59971460617284,Larimichthys polyactis,Mid-trophic species,13,2.60582692,-0.00611231382716015
75,LarimichthysPolyactis,SSP5-8.5,2.60390762839506,Larimichthys polyactis,Mid-trophic species,13,2.60582692,-0.0019192916049402
75,MiichthysMiiuy,SSP1-2.6,3.01097945925926,Miichthys miiuy,Predator,5,3.02891983333333,-0.0179403740740702
75,MiichthysMiiuy,SSP5-8.5,3.00457347530864,Miichthys miiuy,Predator,5,3.02891983333333,-0.0243463580246899
75,MuraenesoxCinereus,SSP1-2.6,3.10921323703704,Muraenesox cinereus,Predator,4,3.11991191,-0.0106986729629601
75,MuraenesoxCinereus,SSP5-8.5,3.11351213209877,Muraenesox cinereus,Predator,4,3.11991191,-0.0063997779012297
75,PampusArgenteus,SSP1-2.6,2.8056892691358,Pampus argenteus,Mid-trophic species,12,2.83537734,-0.0296880708642
75,PampusArgenteus,SSP5-8.5,2.81591822222222,Pampus argenteus,Mid-trophic species,12,2.83537734,-0.0194591177777799
75,PennahiaArgentata,SSP1-2.6,2.88602925925926,Pennahia argentata,Mid-trophic species,11,2.90074553333333,-0.0147162740740701
75,PennahiaArgentata,SSP5-8.5,2.89793039876543,Pennahia argentata,Mid-trophic species,11,2.90074553333333,-0.00281513456789995
75,PortunusTrituberculatus,SSP1-2.6,2.15293081111111,Portunus trituberculatus,Invertebrate,8,2.14015102,0.0127797911111101
75,PortunusTrituberculatus,SSP5-8.5,2.15036457901235,Portunus trituberculatus,Invertebrate,8,2.14015102,0.01021355901235
75,ScomberJaponicus,SSP1-2.6,2.53736153950617,Scomber japonicus,Mid-trophic species,9,2.53759293333333,-0.000231393827159643
75,ScomberJaponicus,SSP5-8.5,2.53909903333333,Scomber japonicus,Mid-trophic species,9,2.53759293333333,0.00150610000000029
75,ScomberomorusNiphonius,SSP1-2.6,3.08043765432099,Scomberomorus niphonius,Predator,2,3.10141623333333,-0.0209785790123398
75,ScomberomorusNiphonius,SSP5-8.5,3.07876699506173,Scomberomorus niphonius,Predator,2,3.10141623333333,-0.0226492382716001
75,TodarodesPacificus,SSP1-2.6,2.41884282716049,Todarodes pacificus,Invertebrate,6,2.43037082666667,-0.0115279995061801
75,TodarodesPacificus,SSP5-8.5,2.42346877407407,Todarodes pacificus,Invertebrate,6,2.43037082666667,-0.00690205259260024
75,TrachurusJaponicus,SSP1-2.6,2.68810161358025,Trachurus japonicus,Mid-trophic species,14,2.65785096333333,0.03025065024692
75,TrachurusJaponicus,SSP5-8.5,2.67662980987654,Trachurus japonicus,Mid-trophic species,14,2.65785096333333,0.0187788465432104
75,TrachysalambriaCurvirostris,SSP1-2.6,2.27987988148148,Trachysalambria curvirostris,Invertebrate,7,2.28235452,-0.00247463851852014
75,TrachysalambriaCurvirostris,SSP5-8.5,2.27416524444444,Trachysalambria curvirostris,Invertebrate,7,2.28235452,-0.00818927555556037
75,TrichiurusJaponicus,SSP1-2.6,2.78303914320988,Trichiurus japonicus,Predator,3,2.78940711,-0.00636796679011997
75,TrichiurusJaponicus,SSP5-8.5,2.78007173703704,Trichiurus japonicus,Predator,3,2.78940711,-0.00933537296296016
76,DecapterusMaruadsi,SSP1-2.6,2.72351517283951,Decapterus maruadsi,Mid-trophic species,10,2.71272288333333,0.0107922895061803
76,DecapterusMaruadsi,SSP5-8.5,2.72604963580247,Decapterus maruadsi,Mid-trophic species,10,2.71272288333333,0.0133267524691401
76,EngraulisJaponicus,SSP1-2.6,2.32470411111111,Engraulis japonicus,Prey,1,2.33307616666667,-0.00837205555555975
76,EngraulisJaponicus,SSP5-8.5,2.32452747654321,Engraulis japonicus,Prey,1,2.33307616666667,-0.00854869012345993
76,LarimichthysPolyactis,SSP1-2.6,2.60142847777778,Larimichthys polyactis,Mid-trophic species,13,2.60398466,-0.0025561822222202
76,LarimichthysPolyactis,SSP5-8.5,2.6029194654321,Larimichthys polyactis,Mid-trophic species,13,2.60398466,-0.00106519456790011
76,MiichthysMiiuy,SSP1-2.6,3.00435109876543,Miichthys miiuy,Predator,5,3.01540502666667,-0.0110539279012403
76,MiichthysMiiuy,SSP5-8.5,3.00419917654321,Miichthys miiuy,Predator,5,3.01540502666667,-0.01120585012346
76,MuraenesoxCinereus,SSP1-2.6,3.10869103209877,Muraenesox cinereus,Predator,4,3.10896123666667,-0.000270204567899945
76,MuraenesoxCinereus,SSP5-8.5,3.11189728148148,Muraenesox cinereus,Predator,4,3.10896123666667,0.00293604481480969
76,PampusArgenteus,SSP1-2.6,2.82481002469136,Pampus argenteus,Mid-trophic species,12,2.84161857,-0.0168085453086402
76,PampusArgenteus,SSP5-8.5,2.81123231111111,Pampus argenteus,Mid-trophic species,12,2.84161857,-0.0303862588888899
76,PennahiaArgentata,SSP1-2.6,2.88587213333333,Pennahia argentata,Mid-trophic species,11,2.8917073,-0.00583516666667006
76,PennahiaArgentata,SSP5-8.5,2.89839459753086,Pennahia argentata,Mid-trophic species,11,2.8917073,0.00668729753085984
76,PortunusTrituberculatus,SSP1-2.6,2.15087026666667,Portunus trituberculatus,Invertebrate,8,2.13965960666667,0.0112106599999997
76,PortunusTrituberculatus,SSP5-8.5,2.1554695037037,Portunus trituberculatus,Invertebrate,8,2.13965960666667,0.01580989703703
76,ScomberJaponicus,SSP1-2.6,2.5379329962963,Scomber japonicus,Mid-trophic species,9,2.53966802,-0.00173502370369993
76,ScomberJaponicus,SSP5-8.5,2.53459543580247,Scomber japonicus,Mid-trophic species,9,2.53966802,-0.00507258419753009
76,ScomberomorusNiphonius,SSP1-2.6,3.08441975802469,Scomberomorus niphonius,Predator,2,3.09312092,-0.0087011619753099
76,ScomberomorusNiphonius,SSP5-8.5,3.0747771691358,Scomberomorus niphonius,Predator,2,3.09312092,-0.0183437508641999
76,TodarodesPacificus,SSP1-2.6,2.42272815555556,Todarodes pacificus,Invertebrate,6,2.43544771666667,-0.0127195611111097
76,TodarodesPacificus,SSP5-8.5,2.42193458024691,Todarodes pacificus,Invertebrate,6,2.43544771666667,-0.01351313641976
76,TrachurusJaponicus,SSP1-2.6,2.68156828395062,Trachurus japonicus,Mid-trophic species,14,2.66755429,0.0140139939506199
76,TrachurusJaponicus,SSP5-8.5,2.68253872345679,Trachurus japonicus,Mid-trophic species,14,2.66755429,0.0149844334567901
76,TrachysalambriaCurvirostris,SSP1-2.6,2.27150474691358,Trachysalambria curvirostris,Invertebrate,7,2.26880709333333,0.00269765358024987
76,TrachysalambriaCurvirostris,SSP5-8.5,2.27876005061728,Trachysalambria curvirostris,Invertebrate,7,2.26880709333333,0.00995295728394963
76,TrichiurusJaponicus,SSP1-2.6,2.78265400987654,Trichiurus japonicus,Predator,3,2.77339333,0.00926067987653978
76,TrichiurusJaponicus,SSP5-8.5,2.77653070740741,Trichiurus japonicus,Predator,3,2.77339333,0.00313737740740994
77,DecapterusMaruadsi,SSP1-2.6,2.72438215925926,Decapterus maruadsi,Mid-trophic species,10,2.71826535666667,0.00611680259258973
77,DecapterusMaruadsi,SSP5-8.5,2.73825863333333,Decapterus maruadsi,Mid-trophic species,10,2.71826535666667,0.0199932766666597
77,EngraulisJaponicus,SSP1-2.6,2.3304190691358,Engraulis japonicus,Prey,1,2.34274558333333,-0.0123265141975297
77,EngraulisJaponicus,SSP5-8.5,2.32525560493827,Engraulis japonicus,Prey,1,2.34274558333333,-0.0174899783950599
77,LarimichthysPolyactis,SSP1-2.6,2.59830955679012,Larimichthys polyactis,Mid-trophic species,13,2.60460555,-0.00629599320987984
77,LarimichthysPolyactis,SSP5-8.5,2.60396948395062,Larimichthys polyactis,Mid-trophic species,13,2.60460555,-0.000636066049380268
77,MiichthysMiiuy,SSP1-2.6,3.00539798024691,Miichthys miiuy,Predator,5,3.03697043333333,-0.0315724530864197
77,MiichthysMiiuy,SSP5-8.5,3.0092692037037,Miichthys miiuy,Predator,5,3.03697043333333,-0.02770122962963
77,MuraenesoxCinereus,SSP1-2.6,3.11718803333333,Muraenesox cinereus,Predator,4,3.10427467333333,0.0129133599999998
77,MuraenesoxCinereus,SSP5-8.5,3.11377791481482,Muraenesox cinereus,Predator,4,3.10427467333333,0.00950324148148995
77,PampusArgenteus,SSP1-2.6,2.81299827283951,Pampus argenteus,Mid-trophic species,12,2.8293301,-0.01633182716049
77,PampusArgenteus,SSP5-8.5,2.81922879259259,Pampus argenteus,Mid-trophic species,12,2.8293301,-0.0101013074074099
77,PennahiaArgentata,SSP1-2.6,2.88637544320988,Pennahia argentata,Mid-trophic species,11,2.88720491666667,-0.000829473456789742
77,PennahiaArgentata,SSP5-8.5,2.90613327407407,Pennahia argentata,Mid-trophic species,11,2.88720491666667,0.0189283574074004
77,PortunusTrituberculatus,SSP1-2.6,2.15002877901235,Portunus trituberculatus,Invertebrate,8,2.14289992333333,0.00712885567901989
77,PortunusTrituberculatus,SSP5-8.5,2.1519547345679,Portunus trituberculatus,Invertebrate,8,2.14289992333333,0.00905481123457008
77,ScomberJaponicus,SSP1-2.6,2.53837125802469,Scomber japonicus,Mid-trophic species,9,2.53715296,0.00121829802469042
77,ScomberJaponicus,SSP5-8.5,2.54057321728395,Scomber japonicus,Mid-trophic species,9,2.53715296,0.00342025728395035
77,ScomberomorusNiphonius,SSP1-2.6,3.08322485802469,Scomberomorus niphonius,Predator,2,3.08756646333333,-0.00434160530864025
77,ScomberomorusNiphonius,SSP5-8.5,3.07455567037037,Scomberomorus niphonius,Predator,2,3.08756646333333,-0.0130107929629602
77,TodarodesPacificus,SSP1-2.6,2.42111549382716,Todarodes pacificus,Invertebrate,6,2.44041727,-0.0193017761728402
77,TodarodesPacificus,SSP5-8.5,2.42682337901235,Todarodes pacificus,Invertebrate,6,2.44041727,-0.0135938909876501
77,TrachurusJaponicus,SSP1-2.6,2.68411441234568,Trachurus japonicus,Mid-trophic species,14,2.67292570666667,0.0111887056790101
77,TrachurusJaponicus,SSP5-8.5,2.67484934320988,Trachurus japonicus,Mid-trophic species,14,2.67292570666667,0.00192363654321026
77,TrachysalambriaCurvirostris,SSP1-2.6,2.26877921481481,Trachysalambria curvirostris,Invertebrate,7,2.25739083,0.01138838481481
77,TrachysalambriaCurvirostris,SSP5-8.5,2.27859480864198,Trachysalambria curvirostris,Invertebrate,7,2.25739083,0.0212039786419802
77,TrichiurusJaponicus,SSP1-2.6,2.78780075802469,Trichiurus japonicus,Predator,3,2.78446310666667,0.00333765135802011
77,TrichiurusJaponicus,SSP5-8.5,2.78761075308642,Trichiurus japonicus,Predator,3,2.78446310666667,0.00314764641974996
78,DecapterusMaruadsi,SSP1-2.6,2.72264419876543,Decapterus maruadsi,Mid-trophic species,10,2.72841340666667,-0.00576920790123969
78,DecapterusMaruadsi,SSP5-8.5,2.72280312345679,Decapterus maruadsi,Mid-trophic species,10,2.72841340666667,-0.00561028320987989
78,EngraulisJaponicus,SSP1-2.6,2.32720683209877,Engraulis japonicus,Prey,1,2.33430386666667,-0.00709703456789956
78,EngraulisJaponicus,SSP5-8.5,2.32756880864198,Engraulis japonicus,Prey,1,2.33430386666667,-0.00673505802468988
78,LarimichthysPolyactis,SSP1-2.6,2.60824443703704,Larimichthys polyactis,Mid-trophic species,13,2.61842338333333,-0.01017894629629
78,LarimichthysPolyactis,SSP5-8.5,2.60287370864198,Larimichthys polyactis,Mid-trophic species,13,2.61842338333333,-0.0155496746913499
78,MiichthysMiiuy,SSP1-2.6,3.01117147901235,Miichthys miiuy,Predator,5,3.03345834333333,-0.0222868643209804
78,MiichthysMiiuy,SSP5-8.5,3.00825849506173,Miichthys miiuy,Predator,5,3.03345834333333,-0.0251998482716003
78,MuraenesoxCinereus,SSP1-2.6,3.11077449506173,Muraenesox cinereus,Predator,4,3.11124443,-0.000469934938270189
78,MuraenesoxCinereus,SSP5-8.5,3.11350101604938,Muraenesox cinereus,Predator,4,3.11124443,0.00225658604937973
78,PampusArgenteus,SSP1-2.6,2.81041018888889,Pampus argenteus,Mid-trophic species,12,2.83706885,-0.0266586611111102
78,PampusArgenteus,SSP5-8.5,2.81516933580247,Pampus argenteus,Mid-trophic species,12,2.83706885,-0.0218995141975302
78,PennahiaArgentata,SSP1-2.6,2.88807275925926,Pennahia argentata,Mid-trophic species,11,2.8901012,-0.00202844074074005
78,PennahiaArgentata,SSP5-8.5,2.90236549382716,Pennahia argentata,Mid-trophic species,11,2.8901012,0.01226429382716
78,PortunusTrituberculatus,SSP1-2.6,2.15196559753086,Portunus trituberculatus,Invertebrate,8,2.13643803333333,0.0155275641975301
78,PortunusTrituberculatus,SSP5-8.5,2.15344830987654,Portunus trituberculatus,Invertebrate,8,2.13643803333333,0.0170102765432101
78,ScomberJaponicus,SSP1-2.6,2.53647483333333,Scomber japonicus,Mid-trophic species,9,2.53993075333333,-0.00345591999999995
78,ScomberJaponicus,SSP5-8.5,2.5390422037037,Scomber japonicus,Mid-trophic species,9,2.53993075333333,-0.000888549629630031
78,ScomberomorusNiphonius,SSP1-2.6,3.08147154938272,Scomberomorus niphonius,Predator,2,3.09502461333333,-0.0135530639506101
78,ScomberomorusNiphonius,SSP5-8.5,3.07742519876543,Scomberomorus niphonius,Predator,2,3.09502461333333,-0.0175994145678997
78,TodarodesPacificus,SSP1-2.6,2.42700623703704,Todarodes pacificus,Invertebrate,6,2.43692163666667,-0.00991539962962973
78,TodarodesPacificus,SSP5-8.5,2.42427671111111,Todarodes pacificus,Invertebrate,6,2.43692163666667,-0.0126449255555601
78,TrachurusJaponicus,SSP1-2.6,2.68027322222222,Trachurus japonicus,Mid-trophic species,14,2.67272533,0.00754789222221985
78,TrachurusJaponicus,SSP5-8.5,2.6925053037037,Trachurus japonicus,Mid-trophic species,14,2.67272533,0.0197799737037001
78,TrachysalambriaCurvirostris,SSP1-2.6,2.26606710493827,Trachysalambria curvirostris,Invertebrate,7,2.27128065333333,-0.00521354839505994
78,TrachysalambriaCurvirostris,SSP5-8.5,2.26988338518519,Trachysalambria curvirostris,Invertebrate,7,2.27128065333333,-0.00139726814814001
78,TrichiurusJaponicus,SSP1-2.6,2.78643378765432,Trichiurus japonicus,Predator,3,2.79163755333333,-0.00520376567900982
78,TrichiurusJaponicus,SSP5-8.5,2.78177333703704,Trichiurus japonicus,Predator,3,2.79163755333333,-0.00986421629629008
79,DecapterusMaruadsi,SSP1-2.6,2.71998889753086,Decapterus maruadsi,Mid-trophic species,10,2.70926885333333,0.0107200441975301
79,DecapterusMaruadsi,SSP5-8.5,2.73170769876543,Decapterus maruadsi,Mid-trophic species,10,2.70926885333333,0.0224388454321001
79,EngraulisJaponicus,SSP1-2.6,2.32823740123457,Engraulis japonicus,Prey,1,2.33593742666667,-0.0077000254320998
79,EngraulisJaponicus,SSP5-8.5,2.32781856790123,Engraulis japonicus,Prey,1,2.33593742666667,-0.00811885876543972
79,LarimichthysPolyactis,SSP1-2.6,2.60378010493827,Larimichthys polyactis,Mid-trophic species,13,2.61714047666667,-0.0133603717284001
79,LarimichthysPolyactis,SSP5-8.5,2.60767444320988,Larimichthys polyactis,Mid-trophic species,13,2.61714047666667,-0.00946603345678998
79,MiichthysMiiuy,SSP1-2.6,3.00839477283951,Miichthys miiuy,Predator,5,3.01609235,-0.00769757716048991
79,MiichthysMiiuy,SSP5-8.5,3.01161742839506,Miichthys miiuy,Predator,5,3.01609235,-0.00447492160494001
79,MuraenesoxCinereus,SSP1-2.6,3.11255257530864,Muraenesox cinereus,Predator,4,3.12048712,-0.00793454469136012
79,MuraenesoxCinereus,SSP5-8.5,3.11289115308642,Muraenesox cinereus,Predator,4,3.12048712,-0.00759596691358011
79,PampusArgenteus,SSP1-2.6,2.81916295555556,Pampus argenteus,Mid-trophic species,12,2.81515575,0.00400720555555978
79,PampusArgenteus,SSP5-8.5,2.82894406296296,Pampus argenteus,Mid-trophic species,12,2.81515575,0.0137883129629599
79,PennahiaArgentata,SSP1-2.6,2.89644414938272,Pennahia argentata,Mid-trophic species,11,2.87778258666667,0.01866156271605
79,PennahiaArgentata,SSP5-8.5,2.90829558765432,Pennahia argentata,Mid-trophic species,11,2.87778258666667,0.03051300098765
79,PortunusTrituberculatus,SSP1-2.6,2.15428798888889,Portunus trituberculatus,Invertebrate,8,2.14419012666667,0.0100978622222199
79,PortunusTrituberculatus,SSP5-8.5,2.15578863950617,Portunus trituberculatus,Invertebrate,8,2.14419012666667,0.0115985128395
79,ScomberJaponicus,SSP1-2.6,2.53931427283951,Scomber japonicus,Mid-trophic species,9,2.53883034,0.000483932839510093
79,ScomberJaponicus,SSP5-8.5,2.53753782098765,Scomber japonicus,Mid-trophic species,9,2.53883034,-0.00129251901235028
79,ScomberomorusNiphonius,SSP1-2.6,3.08436590493827,Scomberomorus niphonius,Predator,2,3.09785716333333,-0.0134912583950597
79,ScomberomorusNiphonius,SSP5-8.5,3.07559282962963,Scomberomorus niphonius,Predator,2,3.09785716333333,-0.0222643337036996
79,TodarodesPacificus,SSP1-2.6,2.42087732222222,Todarodes pacificus,Invertebrate,6,2.44279353,-0.0219162077777799
79,TodarodesPacificus,SSP5-8.5,2.43409808518519,Todarodes pacificus,Invertebrate,6,2.44279353,-0.00869544481480977
79,TrachurusJaponicus,SSP1-2.6,2.6759455308642,Trachurus japonicus,Mid-trophic species,14,2.69958205333333,-0.02363652246913
79,TrachurusJaponicus,SSP5-8.5,2.69396893580247,Trachurus japonicus,Mid-trophic species,14,2.69958205333333,-0.00561311753086002
79,TrachysalambriaCurvirostris,SSP1-2.6,2.28058511111111,Trachysalambria curvirostris,Invertebrate,7,2.27585658,0.00472853111110982
79,TrachysalambriaCurvirostris,SSP5-8.5,2.27925361604938,Trachysalambria curvirostris,Invertebrate,7,2.27585658,0.00339703604938002
79,TrichiurusJaponicus,SSP1-2.6,2.78361284320988,Trichiurus japonicus,Predator,3,2.78810001,-0.00448716679012007
79,TrichiurusJaponicus,SSP5-8.5,2.77948594320988,Trichiurus japonicus,Predator,3,2.78810001,-0.00861406679011978
80,DecapterusMaruadsi,SSP1-2.6,2.72956240987654,Decapterus maruadsi,Mid-trophic species,10,2.71582414666667,0.0137382632098699
80,DecapterusMaruadsi,SSP5-8.5,2.72631271851852,Decapterus maruadsi,Mid-trophic species,10,2.71582414666667,0.0104885718518499
80,EngraulisJaponicus,SSP1-2.6,2.3265377308642,Engraulis japonicus,Prey,1,2.33642874666667,-0.00989101580247009
80,EngraulisJaponicus,SSP5-8.5,2.32283399876543,Engraulis japonicus,Prey,1,2.33642874666667,-0.0135947479012399
80,LarimichthysPolyactis,SSP1-2.6,2.59530201851852,Larimichthys polyactis,Mid-trophic species,13,2.60719357,-0.0118915514814804
80,LarimichthysPolyactis,SSP5-8.5,2.59796562469136,Larimichthys polyactis,Mid-trophic species,13,2.60719357,-0.00922794530864035
80,MiichthysMiiuy,SSP1-2.6,3.01650681358025,Miichthys miiuy,Predator,5,3.02286055333333,-0.00635373975307996
80,MiichthysMiiuy,SSP5-8.5,3.00772398888889,Miichthys miiuy,Predator,5,3.02286055333333,-0.0151365644444401
80,MuraenesoxCinereus,SSP1-2.6,3.1120135345679,Muraenesox cinereus,Predator,4,3.11073408,0.00127945456790002
80,MuraenesoxCinereus,SSP5-8.5,3.11200567283951,Muraenesox cinereus,Predator,4,3.11073408,0.00127159283950995
80,PampusArgenteus,SSP1-2.6,2.82428921728395,Pampus argenteus,Mid-trophic species,12,2.81968183333333,0.00460738395062021
80,PampusArgenteus,SSP5-8.5,2.80537727777778,Pampus argenteus,Mid-trophic species,12,2.81968183333333,-0.0143045555555501
80,PennahiaArgentata,SSP1-2.6,2.89310851111111,Pennahia argentata,Mid-trophic species,11,2.89461241,-0.00150389888889002
80,PennahiaArgentata,SSP5-8.5,2.89292727777778,Pennahia argentata,Mid-trophic species,11,2.89461241,-0.00168513222222
80,PortunusTrituberculatus,SSP1-2.6,2.15026108641975,Portunus trituberculatus,Invertebrate,8,2.13677834,0.0134827464197498
80,PortunusTrituberculatus,SSP5-8.5,2.1522998308642,Portunus trituberculatus,Invertebrate,8,2.13677834,0.0155214908641996
80,ScomberJaponicus,SSP1-2.6,2.53663676419753,Scomber japonicus,Mid-trophic species,9,2.54054679333333,-0.0039100291358003
80,ScomberJaponicus,SSP5-8.5,2.53708192962963,Scomber japonicus,Mid-trophic species,9,2.54054679333333,-0.00346486370370025
80,ScomberomorusNiphonius,SSP1-2.6,3.08181268271605,Scomberomorus niphonius,Predator,2,3.08913283666667,-0.0073201539506198
80,ScomberomorusNiphonius,SSP5-8.5,3.07829077901235,Scomberomorus niphonius,Predator,2,3.08913283666667,-0.0108420576543198
80,TodarodesPacificus,SSP1-2.6,2.42315842839506,Todarodes pacificus,Invertebrate,6,2.42632841,-0.0031699816049402
80,TodarodesPacificus,SSP5-8.5,2.41973900246914,Todarodes pacificus,Invertebrate,6,2.42632841,-0.00658940753086013
80,TrachurusJaponicus,SSP1-2.6,2.67736215185185,Trachurus japonicus,Mid-trophic species,14,2.665583,0.01177915185185
80,TrachurusJaponicus,SSP5-8.5,2.68289658148148,Trachurus japonicus,Mid-trophic species,14,2.665583,0.01731358148148
80,TrachysalambriaCurvirostris,SSP1-2.6,2.26348712962963,Trachysalambria curvirostris,Invertebrate,7,2.26263739666667,0.000849732962960204
80,TrachysalambriaCurvirostris,SSP5-8.5,2.27683139382716,Trachysalambria curvirostris,Invertebrate,7,2.26263739666667,0.0141939971604899
80,TrichiurusJaponicus,SSP1-2.6,2.78346761851852,Trichiurus japonicus,Predator,3,2.79654173,-0.0130741114814801
80,TrichiurusJaponicus,SSP5-8.5,2.77717545802469,Trichiurus japonicus,Predator,3,2.79654173,-0.01936627197531
81,DecapterusMaruadsi,SSP1-2.6,2.7190956962963,Decapterus maruadsi,Mid-trophic species,10,2.71590764,0.00318805629629981
81,DecapterusMaruadsi,SSP5-8.5,2.7262005691358,Decapterus maruadsi,Mid-trophic species,10,2.71590764,0.0102929291357996
81,EngraulisJaponicus,SSP1-2.6,2.3267309691358,Engraulis japonicus,Prey,1,2.33195711333333,-0.00522614419752987
81,EngraulisJaponicus,SSP5-8.5,2.32640463209877,Engraulis japonicus,Prey,1,2.33195711333333,-0.00555248123455998
81,LarimichthysPolyactis,SSP1-2.6,2.59958766419753,Larimichthys polyactis,Mid-trophic species,13,2.60478331,-0.00519564580247023
81,LarimichthysPolyactis,SSP5-8.5,2.59873700987654,Larimichthys polyactis,Mid-trophic species,13,2.60478331,-0.0060463001234603
81,MiichthysMiiuy,SSP1-2.6,3.00363112592593,Miichthys miiuy,Predator,5,3.02438371666667,-0.0207525907407398
81,MiichthysMiiuy,SSP5-8.5,3.01784414444444,Miichthys miiuy,Predator,5,3.02438371666667,-0.00653957222222967
81,MuraenesoxCinereus,SSP1-2.6,3.10929778024691,Muraenesox cinereus,Predator,4,3.10126199666667,0.00803578358023982
81,MuraenesoxCinereus,SSP5-8.5,3.11556407654321,Muraenesox cinereus,Predator,4,3.10126199666667,0.0143020798765399
81,PampusArgenteus,SSP1-2.6,2.82145881481482,Pampus argenteus,Mid-trophic species,12,2.81640089,0.0050579248148197
81,PampusArgenteus,SSP5-8.5,2.80756809259259,Pampus argenteus,Mid-trophic species,12,2.81640089,-0.00883279740741028
81,PennahiaArgentata,SSP1-2.6,2.88408900493827,Pennahia argentata,Mid-trophic species,11,2.88272934333333,0.00135966160494005
81,PennahiaArgentata,SSP5-8.5,2.89764527530864,Pennahia argentata,Mid-trophic species,11,2.88272934333333,0.01491593197531
81,PortunusTrituberculatus,SSP1-2.6,2.15135454197531,Portunus trituberculatus,Invertebrate,8,2.14036225,0.01099229197531
81,PortunusTrituberculatus,SSP5-8.5,2.15192011728395,Portunus trituberculatus,Invertebrate,8,2.14036225,0.0115578672839503
81,ScomberJaponicus,SSP1-2.6,2.53769481604938,Scomber japonicus,Mid-trophic species,9,2.54026547333333,-0.0025706572839499
81,ScomberJaponicus,SSP5-8.5,2.53531358395062,Scomber japonicus,Mid-trophic species,9,2.54026547333333,-0.0049518893827103
81,ScomberomorusNiphonius,SSP1-2.6,3.07960011851852,Scomberomorus niphonius,Predator,2,3.09083695666667,-0.0112368381481498
81,ScomberomorusNiphonius,SSP5-8.5,3.07157521604938,Scomberomorus niphonius,Predator,2,3.09083695666667,-0.0192617406172899
81,TodarodesPacificus,SSP1-2.6,2.42570946790123,Todarodes pacificus,Invertebrate,6,2.42605167,-0.000342202098770006
81,TodarodesPacificus,SSP5-8.5,2.42661760987654,Todarodes pacificus,Invertebrate,6,2.42605167,0.000565939876540078
81,TrachurusJaponicus,SSP1-2.6,2.67576562469136,Trachurus japonicus,Mid-trophic species,14,2.66909785333333,0.0066677713580301
81,TrachurusJaponicus,SSP5-8.5,2.67769502098765,Trachurus japonicus,Mid-trophic species,14,2.66909785333333,0.00859716765432017
81,TrachysalambriaCurvirostris,SSP1-2.6,2.27117522962963,Trachysalambria curvirostris,Invertebrate,7,2.26451190666667,0.00666332296296002
81,TrachysalambriaCurvirostris,SSP5-8.5,2.27197494814815,Trachysalambria curvirostris,Invertebrate,7,2.26451190666667,0.00746304148148003
81,TrichiurusJaponicus,SSP1-2.6,2.78343695925926,Trichiurus japonicus,Predator,3,2.78410474333333,-0.000667784074070088
81,TrichiurusJaponicus,SSP5-8.5,2.77953574320988,Trichiurus japonicus,Predator,3,2.78410474333333,-0.00456900012345018
82,DecapterusMaruadsi,SSP1-2.6,2.7218319308642,Decapterus maruadsi,Mid-trophic species,10,2.72510407333333,-0.00327214246913021
82,DecapterusMaruadsi,SSP5-8.5,2.73036869259259,Decapterus maruadsi,Mid-trophic species,10,2.72510407333333,0.00526461925925981
82,EngraulisJaponicus,SSP1-2.6,2.32172262469136,Engraulis japonicus,Prey,1,2.33180191333333,-0.0100792886419701
82,EngraulisJaponicus,SSP5-8.5,2.32643940617284,Engraulis japonicus,Prey,1,2.33180191333333,-0.00536250716048992
82,LarimichthysPolyactis,SSP1-2.6,2.60027059506173,Larimichthys polyactis,Mid-trophic species,13,2.60914069,-0.00887009493826962
82,LarimichthysPolyactis,SSP5-8.5,2.60522287037037,Larimichthys polyactis,Mid-trophic species,13,2.60914069,-0.00391781962962989
82,MiichthysMiiuy,SSP1-2.6,3.00830028395062,Miichthys miiuy,Predator,5,3.01626594666667,-0.00796566271605004
82,MiichthysMiiuy,SSP5-8.5,3.01131678271605,Miichthys miiuy,Predator,5,3.01626594666667,-0.00494916395062006
82,MuraenesoxCinereus,SSP1-2.6,3.10666878888889,Muraenesox cinereus,Predator,4,3.11152716,-0.00485837111110987
82,MuraenesoxCinereus,SSP5-8.5,3.11436595925926,Muraenesox cinereus,Predator,4,3.11152716,0.00283879925925978
82,PampusArgenteus,SSP1-2.6,2.80761750123457,Pampus argenteus,Mid-trophic species,12,2.83595578666667,-0.0283382854320999
82,PampusArgenteus,SSP5-8.5,2.82168461851852,Pampus argenteus,Mid-trophic species,12,2.83595578666667,-0.01427116814815
82,PennahiaArgentata,SSP1-2.6,2.88833711975309,Pennahia argentata,Mid-trophic species,11,2.89006241333333,-0.00172529358024009
82,PennahiaArgentata,SSP5-8.5,2.90053122592593,Pennahia argentata,Mid-trophic species,11,2.89006241333333,0.0104688125925998
82,PortunusTrituberculatus,SSP1-2.6,2.14847970740741,Portunus trituberculatus,Invertebrate,8,2.13973455,0.00874515740741
82,PortunusTrituberculatus,SSP5-8.5,2.15230135679012,Portunus trituberculatus,Invertebrate,8,2.13973455,0.0125668067901201
82,ScomberJaponicus,SSP1-2.6,2.53750099012346,Scomber japonicus,Mid-trophic species,9,2.54014035666667,-0.00263936654320984
82,ScomberJaponicus,SSP5-8.5,2.5361307382716,Scomber japonicus,Mid-trophic species,9,2.54014035666667,-0.00400961839507019
82,ScomberomorusNiphonius,SSP1-2.6,3.08049328641975,Scomberomorus niphonius,Predator,2,3.09446288333333,-0.0139695969135802
82,ScomberomorusNiphonius,SSP5-8.5,3.0764146617284,Scomberomorus niphonius,Predator,2,3.09446288333333,-0.0180482216049302
82,TodarodesPacificus,SSP1-2.6,2.42180671111111,Todarodes pacificus,Invertebrate,6,2.43346877,-0.01166205888889
82,TodarodesPacificus,SSP5-8.5,2.42590587283951,Todarodes pacificus,Invertebrate,6,2.43346877,-0.00756289716048997
82,TrachurusJaponicus,SSP1-2.6,2.67757055802469,Trachurus japonicus,Mid-trophic species,14,2.67484193666667,0.00272862135801999
82,TrachurusJaponicus,SSP5-8.5,2.67533624074074,Trachurus japonicus,Mid-trophic species,14,2.67484193666667,0.00049430407407014
82,TrachysalambriaCurvirostris,SSP1-2.6,2.2753482617284,Trachysalambria curvirostris,Invertebrate,7,2.28009746333333,-0.00474920160492998
82,TrachysalambriaCurvirostris,SSP5-8.5,2.27981248641975,Trachysalambria curvirostris,Invertebrate,7,2.28009746333333,-0.000284976913579982
82,TrichiurusJaponicus,SSP1-2.6,2.78232286666667,Trichiurus japonicus,Predator,3,2.78950013,-0.0071772633333298
82,TrichiurusJaponicus,SSP5-8.5,2.77819775308642,Trichiurus japonicus,Predator,3,2.78950013,-0.01130237691358
83,DecapterusMaruadsi,SSP1-2.6,2.72271611358025,Decapterus maruadsi,Mid-trophic species,10,2.71827272666667,0.00444338691357959
83,DecapterusMaruadsi,SSP5-8.5,2.72938743950617,Decapterus maruadsi,Mid-trophic species,10,2.71827272666667,0.0111147128394999
83,EngraulisJaponicus,SSP1-2.6,2.32581264691358,Engraulis japonicus,Prey,1,2.34060004333333,-0.01478739641975
83,EngraulisJaponicus,SSP5-8.5,2.32471854691358,Engraulis japonicus,Prey,1,2.34060004333333,-0.01588149641975
83,LarimichthysPolyactis,SSP1-2.6,2.59977636666667,Larimichthys polyactis,Mid-trophic species,13,2.62063398333333,-0.0208576166666603
83,LarimichthysPolyactis,SSP5-8.5,2.60833020123457,Larimichthys polyactis,Mid-trophic species,13,2.62063398333333,-0.0123037820987602
83,MiichthysMiiuy,SSP1-2.6,3.01034037777778,Miichthys miiuy,Predator,5,3.02436302666667,-0.0140226488888899
83,MiichthysMiiuy,SSP5-8.5,3.01076117037037,Miichthys miiuy,Predator,5,3.02436302666667,-0.0136018562963001
83,MuraenesoxCinereus,SSP1-2.6,3.11157629753086,Muraenesox cinereus,Predator,4,3.10945347333333,0.00212282419752974
83,MuraenesoxCinereus,SSP5-8.5,3.11601013703704,Muraenesox cinereus,Predator,4,3.10945347333333,0.00655666370371
83,PampusArgenteus,SSP1-2.6,2.81737973580247,Pampus argenteus,Mid-trophic species,12,2.83652629333333,-0.0191465575308603
83,PampusArgenteus,SSP5-8.5,2.81454192592593,Pampus argenteus,Mid-trophic species,12,2.83652629333333,-0.0219843674074003
83,PennahiaArgentata,SSP1-2.6,2.8940350654321,Pennahia argentata,Mid-trophic species,11,2.88914672333333,0.00488834209876998
83,PennahiaArgentata,SSP5-8.5,2.9049385691358,Pennahia argentata,Mid-trophic species,11,2.88914672333333,0.01579184580247
83,PortunusTrituberculatus,SSP1-2.6,2.15223520864198,Portunus trituberculatus,Invertebrate,8,2.1359361,0.0162991086419799
83,PortunusTrituberculatus,SSP5-8.5,2.15304760617284,Portunus trituberculatus,Invertebrate,8,2.1359361,0.01711150617284
83,ScomberJaponicus,SSP1-2.6,2.54058019259259,Scomber japonicus,Mid-trophic species,9,2.53745544333333,0.0031247492592601
83,ScomberJaponicus,SSP5-8.5,2.53443182345679,Scomber japonicus,Mid-trophic species,9,2.53745544333333,-0.0030236198765401
83,ScomberomorusNiphonius,SSP1-2.6,3.08148459876543,Scomberomorus niphonius,Predator,2,3.08628123666667,-0.00479663790124008
83,ScomberomorusNiphonius,SSP5-8.5,3.07944843580247,Scomberomorus niphonius,Predator,2,3.08628123666667,-0.00683280086420002
83,TodarodesPacificus,SSP1-2.6,2.42598478765432,Todarodes pacificus,Invertebrate,6,2.42176335666667,0.00422143098765027
83,TodarodesPacificus,SSP5-8.5,2.42658967901235,Todarodes pacificus,Invertebrate,6,2.42176335666667,0.00482632234567992
83,TrachurusJaponicus,SSP1-2.6,2.67889892222222,Trachurus japonicus,Mid-trophic species,14,2.68582684,-0.00692791777777968
83,TrachurusJaponicus,SSP5-8.5,2.67127003950617,Trachurus japonicus,Mid-trophic species,14,2.68582684,-0.0145568004938297
83,TrachysalambriaCurvirostris,SSP1-2.6,2.27260686049383,Trachysalambria curvirostris,Invertebrate,7,2.26025289333333,0.0123539671605002
83,TrachysalambriaCurvirostris,SSP5-8.5,2.27906152469136,Trachysalambria curvirostris,Invertebrate,7,2.26025289333333,0.0188086313580302
83,TrichiurusJaponicus,SSP1-2.6,2.77645085925926,Trichiurus japonicus,Predator,3,2.78421759666667,-0.00776673740740996
83,TrichiurusJaponicus,SSP5-8.5,2.77777654444444,Trichiurus japonicus,Predator,3,2.78421759666667,-0.00644105222222979
84,DecapterusMaruadsi,SSP1-2.6,2.72362730246914,Decapterus maruadsi,Mid-trophic species,10,2.71426054666667,0.00936675580246993
84,DecapterusMaruadsi,SSP5-8.5,2.72719878641975,Decapterus maruadsi,Mid-trophic species,10,2.71426054666667,0.0129382397530802
84,EngraulisJaponicus,SSP1-2.6,2.33010422716049,Engraulis japonicus,Prey,1,2.33896533,-0.00886110283951025
84,EngraulisJaponicus,SSP5-8.5,2.32177727407407,Engraulis japonicus,Prey,1,2.33896533,-0.0171880559259301
84,LarimichthysPolyactis,SSP1-2.6,2.59901120493827,Larimichthys polyactis,Mid-trophic species,13,2.60890891666667,-0.00989771172840026
84,LarimichthysPolyactis,SSP5-8.5,2.5995685,Larimichthys polyactis,Mid-trophic species,13,2.60890891666667,-0.00934041666666996
84,MiichthysMiiuy,SSP1-2.6,3.00873484320988,Miichthys miiuy,Predator,5,3.02299469666667,-0.0142598534567897
84,MiichthysMiiuy,SSP5-8.5,3.00315571604938,Miichthys miiuy,Predator,5,3.02299469666667,-0.0198389806172901
84,MuraenesoxCinereus,SSP1-2.6,3.11457430493827,Muraenesox cinereus,Predator,4,3.11183969333333,0.00273461160493982
84,MuraenesoxCinereus,SSP5-8.5,3.11297541358025,Muraenesox cinereus,Predator,4,3.11183969333333,0.00113572024691999
84,PampusArgenteus,SSP1-2.6,2.8311045037037,Pampus argenteus,Mid-trophic species,12,2.81804617666667,0.0130583270370299
84,PampusArgenteus,SSP5-8.5,2.82904680617284,Pampus argenteus,Mid-trophic species,12,2.81804617666667,0.01100062950617
84,PennahiaArgentata,SSP1-2.6,2.89639507037037,Pennahia argentata,Mid-trophic species,11,2.89170589333333,0.00468917703704008
84,PennahiaArgentata,SSP5-8.5,2.90149430246914,Pennahia argentata,Mid-trophic species,11,2.89170589333333,0.00978840913581003
84,PortunusTrituberculatus,SSP1-2.6,2.1483325654321,Portunus trituberculatus,Invertebrate,8,2.14410258,0.00422998543209996
84,PortunusTrituberculatus,SSP5-8.5,2.15177883580247,Portunus trituberculatus,Invertebrate,8,2.14410258,0.00767625580246989
84,ScomberJaponicus,SSP1-2.6,2.53772076666667,Scomber japonicus,Mid-trophic species,9,2.53995243666667,-0.00223167000000002
84,ScomberJaponicus,SSP5-8.5,2.53964137901235,Scomber japonicus,Mid-trophic species,9,2.53995243666667,-0.000311057654319935
84,ScomberomorusNiphonius,SSP1-2.6,3.08381310987654,Scomberomorus niphonius,Predator,2,3.08386195333333,-4.88434567897933e-05
84,ScomberomorusNiphonius,SSP5-8.5,3.0731990962963,Scomberomorus niphonius,Predator,2,3.08386195333333,-0.0106628570370297
84,TodarodesPacificus,SSP1-2.6,2.42447754691358,Todarodes pacificus,Invertebrate,6,2.43572067666667,-0.0112431297530899
84,TodarodesPacificus,SSP5-8.5,2.42562208395062,Todarodes pacificus,Invertebrate,6,2.43572067666667,-0.0100985927160502
84,TrachurusJaponicus,SSP1-2.6,2.6808602691358,Trachurus japonicus,Mid-trophic species,14,2.66940924,0.0114510291358001
84,TrachurusJaponicus,SSP5-8.5,2.67351298518519,Trachurus japonicus,Mid-trophic species,14,2.66940924,0.00410374518519019
84,TrachysalambriaCurvirostris,SSP1-2.6,2.28239896419753,Trachysalambria curvirostris,Invertebrate,7,2.27205823666667,0.0103407275308598
84,TrachysalambriaCurvirostris,SSP5-8.5,2.27272653827161,Trachysalambria curvirostris,Invertebrate,7,2.27205823666667,0.000668301604939803
84,TrichiurusJaponicus,SSP1-2.6,2.78142989259259,Trichiurus japonicus,Predator,3,2.78315376666667,-0.00172387407407992
84,TrichiurusJaponicus,SSP5-8.5,2.7827008691358,Trichiurus japonicus,Predator,3,2.78315376666667,-0.000452897530870189
85,DecapterusMaruadsi,SSP1-2.6,2.72485982839506,Decapterus maruadsi,Mid-trophic species,10,2.72665878,-0.00179895160494015
85,DecapterusMaruadsi,SSP5-8.5,2.72966186419753,Decapterus maruadsi,Mid-trophic species,10,2.72665878,0.00300308419752993
85,EngraulisJaponicus,SSP1-2.6,2.32463772839506,Engraulis japonicus,Prey,1,2.33139126666667,-0.00675353827161018
85,EngraulisJaponicus,SSP5-8.5,2.32500652716049,Engraulis japonicus,Prey,1,2.33139126666667,-0.00638473950618002
85,LarimichthysPolyactis,SSP1-2.6,2.60854652222222,Larimichthys polyactis,Mid-trophic species,13,2.59786291666667,0.0106836055555504
85,LarimichthysPolyactis,SSP5-8.5,2.60052461111111,Larimichthys polyactis,Mid-trophic species,13,2.59786291666667,0.00266169444444042
85,MiichthysMiiuy,SSP1-2.6,3.01682978148148,Miichthys miiuy,Predator,5,3.03722337,-0.02039358851852
85,MiichthysMiiuy,SSP5-8.5,3.01047887160494,Miichthys miiuy,Predator,5,3.03722337,-0.0267444983950598
85,MuraenesoxCinereus,SSP1-2.6,3.1122315037037,Muraenesox cinereus,Predator,4,3.11109486666667,0.00113663703703004
85,MuraenesoxCinereus,SSP5-8.5,3.11415009259259,Muraenesox cinereus,Predator,4,3.11109486666667,0.00305522592592
85,PampusArgenteus,SSP1-2.6,2.82121738888889,Pampus argenteus,Mid-trophic species,12,2.83830015,-0.01708276111111
85,PampusArgenteus,SSP5-8.5,2.80536107530864,Pampus argenteus,Mid-trophic species,12,2.83830015,-0.0329390746913596
85,PennahiaArgentata,SSP1-2.6,2.90022931975309,Pennahia argentata,Mid-trophic species,11,2.8834508,0.0167785197530903
85,PennahiaArgentata,SSP5-8.5,2.90665871358025,Pennahia argentata,Mid-trophic species,11,2.8834508,0.0232079135802503
85,PortunusTrituberculatus,SSP1-2.6,2.15645660123457,Portunus trituberculatus,Invertebrate,8,2.14150475333333,0.0149518479012403
85,PortunusTrituberculatus,SSP5-8.5,2.15229650246914,Portunus trituberculatus,Invertebrate,8,2.14150475333333,0.01079174913581
85,ScomberJaponicus,SSP1-2.6,2.53762094814815,Scomber japonicus,Mid-trophic species,9,2.53609626,0.00152468814815032
85,ScomberJaponicus,SSP5-8.5,2.53875661851852,Scomber japonicus,Mid-trophic species,9,2.53609626,0.00266035851852031
85,ScomberomorusNiphonius,SSP1-2.6,3.0847562308642,Scomberomorus niphonius,Predator,2,3.08609295333333,-0.00133672246913008
85,ScomberomorusNiphonius,SSP5-8.5,3.07306381604938,Scomberomorus niphonius,Predator,2,3.08609295333333,-0.0130291372839499
85,TodarodesPacificus,SSP1-2.6,2.42492808395062,Todarodes pacificus,Invertebrate,6,2.43206898666667,-0.00714090271604961
85,TodarodesPacificus,SSP5-8.5,2.42806810740741,Todarodes pacificus,Invertebrate,6,2.43206898666667,-0.00400087925925963
85,TrachurusJaponicus,SSP1-2.6,2.67673336666667,Trachurus japonicus,Mid-trophic species,14,2.69419697,-0.0174636033333302
85,TrachurusJaponicus,SSP5-8.5,2.68032789753086,Trachurus japonicus,Mid-trophic species,14,2.69419697,-0.0138690724691402
85,TrachysalambriaCurvirostris,SSP1-2.6,2.28111043703704,Trachysalambria curvirostris,Invertebrate,7,2.27032150333333,0.0107889337037097
85,TrachysalambriaCurvirostris,SSP5-8.5,2.27210611358025,Trachysalambria curvirostris,Invertebrate,7,2.27032150333333,0.00178461024691989
85,TrichiurusJaponicus,SSP1-2.6,2.78373605925926,Trichiurus japonicus,Predator,3,2.78414496333333,-0.000408904074070016
85,TrichiurusJaponicus,SSP5-8.5,2.78037569259259,Trichiurus japonicus,Predator,3,2.78414496333333,-0.00376927074073974
86,DecapterusMaruadsi,SSP1-2.6,2.73092618765432,Decapterus maruadsi,Mid-trophic species,10,2.71637110333333,0.0145550843209898
86,DecapterusMaruadsi,SSP5-8.5,2.71442893333333,Decapterus maruadsi,Mid-trophic species,10,2.71637110333333,-0.00194216999999997
86,EngraulisJaponicus,SSP1-2.6,2.32331730493827,Engraulis japonicus,Prey,1,2.34034957333333,-0.0170322683950599
86,EngraulisJaponicus,SSP5-8.5,2.32371682098765,Engraulis japonicus,Prey,1,2.34034957333333,-0.01663275234568
86,LarimichthysPolyactis,SSP1-2.6,2.6051723617284,Larimichthys polyactis,Mid-trophic species,13,2.60335640333333,0.00181595839507009
86,LarimichthysPolyactis,SSP5-8.5,2.60995915432099,Larimichthys polyactis,Mid-trophic species,13,2.60335640333333,0.00660275098766006
86,MiichthysMiiuy,SSP1-2.6,3.00336163827161,Miichthys miiuy,Predator,5,3.03636931333333,-0.0330076750617199
86,MiichthysMiiuy,SSP5-8.5,3.0139192,Miichthys miiuy,Predator,5,3.03636931333333,-0.0224501133333299
86,MuraenesoxCinereus,SSP1-2.6,3.11138848765432,Muraenesox cinereus,Predator,4,3.12470477,-0.0133162823456803
86,MuraenesoxCinereus,SSP5-8.5,3.11344483950617,Muraenesox cinereus,Predator,4,3.12470477,-0.0112599304938303
86,PampusArgenteus,SSP1-2.6,2.82383504320988,Pampus argenteus,Mid-trophic species,12,2.82031848333333,0.00351655987654986
86,PampusArgenteus,SSP5-8.5,2.81756697283951,Pampus argenteus,Mid-trophic species,12,2.82031848333333,-0.00275151049382005
86,PennahiaArgentata,SSP1-2.6,2.88910842716049,Pennahia argentata,Mid-trophic species,11,2.90975675,-0.0206483228395102
86,PennahiaArgentata,SSP5-8.5,2.89717768395062,Pennahia argentata,Mid-trophic species,11,2.90975675,-0.0125790660493803
86,PortunusTrituberculatus,SSP1-2.6,2.14943855308642,Portunus trituberculatus,Invertebrate,8,2.14193840666667,0.00750014641975039
86,PortunusTrituberculatus,SSP5-8.5,2.15389701234568,Portunus trituberculatus,Invertebrate,8,2.14193840666667,0.0119586056790104
86,ScomberJaponicus,SSP1-2.6,2.53590471358025,Scomber japonicus,Mid-trophic species,9,2.54022139666667,-0.00431668308642008
86,ScomberJaponicus,SSP5-8.5,2.53870471111111,Scomber japonicus,Mid-trophic species,9,2.54022139666667,-0.00151668555555995
86,ScomberomorusNiphonius,SSP1-2.6,3.08638798148148,Scomberomorus niphonius,Predator,2,3.10649285,-0.0201048685185201
86,ScomberomorusNiphonius,SSP5-8.5,3.07102170740741,Scomberomorus niphonius,Predator,2,3.10649285,-0.03547114259259
86,TodarodesPacificus,SSP1-2.6,2.42221676790123,Todarodes pacificus,Invertebrate,6,2.43340173333333,-0.0111849654321001
86,TodarodesPacificus,SSP5-8.5,2.42545126419753,Todarodes pacificus,Invertebrate,6,2.43340173333333,-0.00795046913580011
86,TrachurusJaponicus,SSP1-2.6,2.68625833703704,Trachurus japonicus,Mid-trophic species,14,2.68629343666667,-3.50996296298867e-05
86,TrachurusJaponicus,SSP5-8.5,2.69392870864198,Trachurus japonicus,Mid-trophic species,14,2.68629343666667,0.00763527197530989
86,TrachysalambriaCurvirostris,SSP1-2.6,2.27760284938272,Trachysalambria curvirostris,Invertebrate,7,2.27670858333333,0.000894266049390247
86,TrachysalambriaCurvirostris,SSP5-8.5,2.27498166049383,Trachysalambria curvirostris,Invertebrate,7,2.27670858333333,-0.0017269228394996
86,TrichiurusJaponicus,SSP1-2.6,2.7840667345679,Trichiurus japonicus,Predator,3,2.78580249666667,-0.00173576209876991
86,TrichiurusJaponicus,SSP5-8.5,2.77592405308642,Trichiurus japonicus,Predator,3,2.78580249666667,-0.00987844358024992
87,DecapterusMaruadsi,SSP1-2.6,2.71831374444444,Decapterus maruadsi,Mid-trophic species,10,2.71999218333333,-0.00167843888888974
87,DecapterusMaruadsi,SSP5-8.5,2.71494613703704,Decapterus maruadsi,Mid-trophic species,10,2.71999218333333,-0.00504604629629002
87,EngraulisJaponicus,SSP1-2.6,2.32244851111111,Engraulis japonicus,Prey,1,2.32953980666667,-0.00709129555555998
87,EngraulisJaponicus,SSP5-8.5,2.32489403950617,Engraulis japonicus,Prey,1,2.32953980666667,-0.00464576716050003
87,LarimichthysPolyactis,SSP1-2.6,2.60218390987654,Larimichthys polyactis,Mid-trophic species,13,2.61089774,-0.00871383012345994
87,LarimichthysPolyactis,SSP5-8.5,2.60405821851852,Larimichthys polyactis,Mid-trophic species,13,2.61089774,-0.00683952148148004
87,MiichthysMiiuy,SSP1-2.6,3.01138466419753,Miichthys miiuy,Predator,5,3.02874664666667,-0.01736198246914
87,MiichthysMiiuy,SSP5-8.5,3.01219021481481,Miichthys miiuy,Predator,5,3.02874664666667,-0.0165564318518601
87,MuraenesoxCinereus,SSP1-2.6,3.11038479135802,Muraenesox cinereus,Predator,4,3.11336739333333,-0.00298260197531031
87,MuraenesoxCinereus,SSP5-8.5,3.11375709506173,Muraenesox cinereus,Predator,4,3.11336739333333,0.000389701728400027
87,PampusArgenteus,SSP1-2.6,2.81764108518519,Pampus argenteus,Mid-trophic species,12,2.82258594,-0.00494485481481011
87,PampusArgenteus,SSP5-8.5,2.81582608765432,Pampus argenteus,Mid-trophic species,12,2.82258594,-0.00675985234568
87,PennahiaArgentata,SSP1-2.6,2.89537219012346,Pennahia argentata,Mid-trophic species,11,2.88840876666667,0.00696342345679035
87,PennahiaArgentata,SSP5-8.5,2.90234510740741,Pennahia argentata,Mid-trophic species,11,2.88840876666667,0.0139363407407402
87,PortunusTrituberculatus,SSP1-2.6,2.15200550987654,Portunus trituberculatus,Invertebrate,8,2.13802205333333,0.01398345654321
87,PortunusTrituberculatus,SSP5-8.5,2.15430588765432,Portunus trituberculatus,Invertebrate,8,2.13802205333333,0.0162838343209901
87,ScomberJaponicus,SSP1-2.6,2.53716704938272,Scomber japonicus,Mid-trophic species,9,2.53877661666667,-0.00160956728395023
87,ScomberJaponicus,SSP5-8.5,2.53717299382716,Scomber japonicus,Mid-trophic species,9,2.53877661666667,-0.00160362283950999
87,ScomberomorusNiphonius,SSP1-2.6,3.08791324197531,Scomberomorus niphonius,Predator,2,3.08269546333333,0.00521777864197981
87,ScomberomorusNiphonius,SSP5-8.5,3.08056504814815,Scomberomorus niphonius,Predator,2,3.08269546333333,-0.0021304151851802
87,TodarodesPacificus,SSP1-2.6,2.42253454814815,Todarodes pacificus,Invertebrate,6,2.42513837333333,-0.00260382518517988
87,TodarodesPacificus,SSP5-8.5,2.42723614938272,Todarodes pacificus,Invertebrate,6,2.42513837333333,0.0020977760493901
87,TrachurusJaponicus,SSP1-2.6,2.68295144567901,Trachurus japonicus,Mid-trophic species,14,2.67055360333333,0.0123978423456799
87,TrachurusJaponicus,SSP5-8.5,2.67423387901235,Trachurus japonicus,Mid-trophic species,14,2.67055360333333,0.00368027567902018
87,TrachysalambriaCurvirostris,SSP1-2.6,2.27018526049383,Trachysalambria curvirostris,Invertebrate,7,2.28701406666667,-0.0168288061728399
87,TrachysalambriaCurvirostris,SSP5-8.5,2.27947190740741,Trachysalambria curvirostris,Invertebrate,7,2.28701406666667,-0.00754215925925994
87,TrichiurusJaponicus,SSP1-2.6,2.78318925061728,Trichiurus japonicus,Predator,3,2.78800494,-0.00481568938272003
87,TrichiurusJaponicus,SSP5-8.5,2.77515576790123,Trichiurus japonicus,Predator,3,2.78800494,-0.01284917209877
88,DecapterusMaruadsi,SSP1-2.6,2.7222681308642,Decapterus maruadsi,Mid-trophic species,10,2.72243494333333,-0.000166812469129862
88,DecapterusMaruadsi,SSP5-8.5,2.72731231111111,Decapterus maruadsi,Mid-trophic species,10,2.72243494333333,0.00487736777778025
88,EngraulisJaponicus,SSP1-2.6,2.3304163654321,Engraulis japonicus,Prey,1,2.33726234,-0.00684597456789993
88,EngraulisJaponicus,SSP5-8.5,2.32717622592593,Engraulis japonicus,Prey,1,2.33726234,-0.01008611407407
88,LarimichthysPolyactis,SSP1-2.6,2.59961670493827,Larimichthys polyactis,Mid-trophic species,13,2.59946089333333,0.000155811604940048
88,LarimichthysPolyactis,SSP5-8.5,2.60082728518519,Larimichthys polyactis,Mid-trophic species,13,2.59946089333333,0.00136639185185983
88,MiichthysMiiuy,SSP1-2.6,3.00987572469136,Miichthys miiuy,Predator,5,3.02197629,-0.0121005653086401
88,MiichthysMiiuy,SSP5-8.5,3.00849316296296,Miichthys miiuy,Predator,5,3.02197629,-0.0134831270370399
88,MuraenesoxCinereus,SSP1-2.6,3.11427762469136,Muraenesox cinereus,Predator,4,3.11460582666667,-0.000328201975309916
88,MuraenesoxCinereus,SSP5-8.5,3.11657383209877,Muraenesox cinereus,Predator,4,3.11460582666667,0.0019680054321003
88,PampusArgenteus,SSP1-2.6,2.82795608765432,Pampus argenteus,Mid-trophic species,12,2.82054767666667,0.00740841098764999
88,PampusArgenteus,SSP5-8.5,2.81807314444444,Pampus argenteus,Mid-trophic species,12,2.82054767666667,-0.00247453222223015
88,PennahiaArgentata,SSP1-2.6,2.89121336790123,Pennahia argentata,Mid-trophic species,11,2.87860051333333,0.0126128545678998
88,PennahiaArgentata,SSP5-8.5,2.8974275654321,Pennahia argentata,Mid-trophic species,11,2.87860051333333,0.0188270520987697
88,PortunusTrituberculatus,SSP1-2.6,2.15665942098765,Portunus trituberculatus,Invertebrate,8,2.13983319333333,0.0168262276543198
88,PortunusTrituberculatus,SSP5-8.5,2.15327155925926,Portunus trituberculatus,Invertebrate,8,2.13983319333333,0.0134383659259298
88,ScomberJaponicus,SSP1-2.6,2.54003959382716,Scomber japonicus,Mid-trophic species,9,2.53619279666667,0.00384679716048986
88,ScomberJaponicus,SSP5-8.5,2.53802258641975,Scomber japonicus,Mid-trophic species,9,2.53619279666667,0.00182978975307968
88,ScomberomorusNiphonius,SSP1-2.6,3.08318123703704,Scomberomorus niphonius,Predator,2,3.09732119333333,-0.0141399562962898
88,ScomberomorusNiphonius,SSP5-8.5,3.07646670493827,Scomberomorus niphonius,Predator,2,3.09732119333333,-0.0208544883950599
88,TodarodesPacificus,SSP1-2.6,2.43040373333333,Todarodes pacificus,Invertebrate,6,2.43266258333333,-0.00225885000000003
88,TodarodesPacificus,SSP5-8.5,2.42826637777778,Todarodes pacificus,Invertebrate,6,2.43266258333333,-0.0043962055555502
88,TrachurusJaponicus,SSP1-2.6,2.67265810493827,Trachurus japonicus,Mid-trophic species,14,2.69210787333333,-0.0194497683950603
88,TrachurusJaponicus,SSP5-8.5,2.67358995308642,Trachurus japonicus,Mid-trophic species,14,2.69210787333333,-0.0185179202469103
88,TrachysalambriaCurvirostris,SSP1-2.6,2.27447457160494,Trachysalambria curvirostris,Invertebrate,7,2.27471868,-0.00024410839505995
88,TrachysalambriaCurvirostris,SSP5-8.5,2.27337055555556,Trachysalambria curvirostris,Invertebrate,7,2.27471868,-0.00134812444443977
88,TrichiurusJaponicus,SSP1-2.6,2.78295282098765,Trichiurus japonicus,Predator,3,2.78019357333333,0.00275924765432034
88,TrichiurusJaponicus,SSP5-8.5,2.78443415432099,Trichiurus japonicus,Predator,3,2.78019357333333,0.00424058098766
89,DecapterusMaruadsi,SSP1-2.6,2.71969829382716,Decapterus maruadsi,Mid-trophic species,10,2.71187704,0.00782125382716004
89,DecapterusMaruadsi,SSP5-8.5,2.7242960345679,Decapterus maruadsi,Mid-trophic species,10,2.71187704,0.0124189945678999
89,EngraulisJaponicus,SSP1-2.6,2.32836459012346,Engraulis japonicus,Prey,1,2.34067931666667,-0.01231472654321
89,EngraulisJaponicus,SSP5-8.5,2.3265940962963,Engraulis japonicus,Prey,1,2.34067931666667,-0.0140852203703701
89,LarimichthysPolyactis,SSP1-2.6,2.59999971234568,Larimichthys polyactis,Mid-trophic species,13,2.61745757666667,-0.0174578643209897
89,LarimichthysPolyactis,SSP5-8.5,2.60187522222222,Larimichthys polyactis,Mid-trophic species,13,2.61745757666667,-0.01558235444445
89,MiichthysMiiuy,SSP1-2.6,3.00959197901235,Miichthys miiuy,Predator,5,3.02207419,-0.0124822109876499
89,MiichthysMiiuy,SSP5-8.5,3.00791180123457,Miichthys miiuy,Predator,5,3.02207419,-0.0141623887654303
89,MuraenesoxCinereus,SSP1-2.6,3.11462319259259,Muraenesox cinereus,Predator,4,3.12283997,-0.00821677740741
89,MuraenesoxCinereus,SSP5-8.5,3.1053727654321,Muraenesox cinereus,Predator,4,3.12283997,-0.0174672045678999
89,PampusArgenteus,SSP1-2.6,2.81535431851852,Pampus argenteus,Mid-trophic species,12,2.84065444666667,-0.02530012814815
89,PampusArgenteus,SSP5-8.5,2.82033814938272,Pampus argenteus,Mid-trophic species,12,2.84065444666667,-0.0203162972839501
89,PennahiaArgentata,SSP1-2.6,2.88718553580247,Pennahia argentata,Mid-trophic species,11,2.88067231,0.00651322580247005
89,PennahiaArgentata,SSP5-8.5,2.89823451604938,Pennahia argentata,Mid-trophic species,11,2.88067231,0.0175622060493801
89,PortunusTrituberculatus,SSP1-2.6,2.15366920617284,Portunus trituberculatus,Invertebrate,8,2.14248102,0.01118818617284
89,PortunusTrituberculatus,SSP5-8.5,2.15285312345679,Portunus trituberculatus,Invertebrate,8,2.14248102,0.0103721034567901
89,ScomberJaponicus,SSP1-2.6,2.53995137777778,Scomber japonicus,Mid-trophic species,9,2.53735079333333,0.00260058444444988
89,ScomberJaponicus,SSP5-8.5,2.53719779506173,Scomber japonicus,Mid-trophic species,9,2.53735079333333,-0.00015299827159998
89,ScomberomorusNiphonius,SSP1-2.6,3.08506192592593,Scomberomorus niphonius,Predator,2,3.09190886333333,-0.00684693740739961
89,ScomberomorusNiphonius,SSP5-8.5,3.07496217160494,Scomberomorus niphonius,Predator,2,3.09190886333333,-0.01694669172839
89,TodarodesPacificus,SSP1-2.6,2.42839693580247,Todarodes pacificus,Invertebrate,6,2.43207763,-0.00368069419753025
89,TodarodesPacificus,SSP5-8.5,2.42121612839506,Todarodes pacificus,Invertebrate,6,2.43207763,-0.01086150160494
89,TrachurusJaponicus,SSP1-2.6,2.68280035308642,Trachurus japonicus,Mid-trophic species,14,2.67847190333333,0.00432844975308999
89,TrachurusJaponicus,SSP5-8.5,2.68035057160494,Trachurus japonicus,Mid-trophic species,14,2.67847190333333,0.0018786682716101
89,TrachysalambriaCurvirostris,SSP1-2.6,2.27297259259259,Trachysalambria curvirostris,Invertebrate,7,2.28248401,-0.00951141740741024
89,TrachysalambriaCurvirostris,SSP5-8.5,2.27656430864198,Trachysalambria curvirostris,Invertebrate,7,2.28248401,-0.00591970135802011
89,TrichiurusJaponicus,SSP1-2.6,2.78434823333333,Trichiurus japonicus,Predator,3,2.78920458666667,-0.00485635333334011
89,TrichiurusJaponicus,SSP5-8.5,2.77649322716049,Trichiurus japonicus,Predator,3,2.78920458666667,-0.0127113595061803
90,DecapterusMaruadsi,SSP1-2.6,2.71872438888889,Decapterus maruadsi,Mid-trophic species,10,2.71095739,0.00776699888888999
90,DecapterusMaruadsi,SSP5-8.5,2.73309065061728,Decapterus maruadsi,Mid-trophic species,10,2.71095739,0.0221332606172799
90,EngraulisJaponicus,SSP1-2.6,2.3324162691358,Engraulis japonicus,Prey,1,2.34094758666667,-0.00853131753086966
90,EngraulisJaponicus,SSP5-8.5,2.32328418888889,Engraulis japonicus,Prey,1,2.34094758666667,-0.0176633977777798
90,LarimichthysPolyactis,SSP1-2.6,2.59625389506173,Larimichthys polyactis,Mid-trophic species,13,2.61379561666667,-0.0175417216049398
90,LarimichthysPolyactis,SSP5-8.5,2.60629829506173,Larimichthys polyactis,Mid-trophic species,13,2.61379561666667,-0.00749732160493988
90,MiichthysMiiuy,SSP1-2.6,3.00279435802469,Miichthys miiuy,Predator,5,3.02272464666667,-0.0199302886419801
90,MiichthysMiiuy,SSP5-8.5,3.0050731962963,Miichthys miiuy,Predator,5,3.02272464666667,-0.0176514503703702
90,MuraenesoxCinereus,SSP1-2.6,3.10964533950617,Muraenesox cinereus,Predator,4,3.11017865333333,-0.000533313827160153
90,MuraenesoxCinereus,SSP5-8.5,3.1118260308642,Muraenesox cinereus,Predator,4,3.11017865333333,0.00164737753086985
90,PampusArgenteus,SSP1-2.6,2.79950605061728,Pampus argenteus,Mid-trophic species,12,2.83010513666667,-0.0305990860493899
90,PampusArgenteus,SSP5-8.5,2.8194129037037,Pampus argenteus,Mid-trophic species,12,2.83010513666667,-0.01069223296297
90,PennahiaArgentata,SSP1-2.6,2.88873434197531,Pennahia argentata,Mid-trophic species,11,2.9033163,-0.01458195802469
90,PennahiaArgentata,SSP5-8.5,2.89888559382716,Pennahia argentata,Mid-trophic species,11,2.9033163,-0.00443070617284036
90,PortunusTrituberculatus,SSP1-2.6,2.15052275555556,Portunus trituberculatus,Invertebrate,8,2.14095732,0.00956543555555989
90,PortunusTrituberculatus,SSP5-8.5,2.15678576049383,Portunus trituberculatus,Invertebrate,8,2.14095732,0.0158284404938298
90,ScomberJaponicus,SSP1-2.6,2.53885365432099,Scomber japonicus,Mid-trophic species,9,2.53987346,-0.00101980567901006
90,ScomberJaponicus,SSP5-8.5,2.53685809382716,Scomber japonicus,Mid-trophic species,9,2.53987346,-0.00301536617284004
90,ScomberomorusNiphonius,SSP1-2.6,3.07537838641975,Scomberomorus niphonius,Predator,2,3.09504989333333,-0.0196715069135798
90,ScomberomorusNiphonius,SSP5-8.5,3.07147280864198,Scomberomorus niphonius,Predator,2,3.09504989333333,-0.0235770846913499
90,TodarodesPacificus,SSP1-2.6,2.42217874691358,Todarodes pacificus,Invertebrate,6,2.42832005333333,-0.00614130641974997
90,TodarodesPacificus,SSP5-8.5,2.42166376049383,Todarodes pacificus,Invertebrate,6,2.42832005333333,-0.0066562928395002
90,TrachurusJaponicus,SSP1-2.6,2.68011806296296,Trachurus japonicus,Mid-trophic species,14,2.69658872333333,-0.0164706603703699
90,TrachurusJaponicus,SSP5-8.5,2.68204454938272,Trachurus japonicus,Mid-trophic species,14,2.69658872333333,-0.0145441739506098
90,TrachysalambriaCurvirostris,SSP1-2.6,2.26717907901235,Trachysalambria curvirostris,Invertebrate,7,2.27387518,-0.00669610098765006
90,TrachysalambriaCurvirostris,SSP5-8.5,2.26736345679012,Trachysalambria curvirostris,Invertebrate,7,2.27387518,-0.00651172320988014
90,TrichiurusJaponicus,SSP1-2.6,2.77912616049383,Trichiurus japonicus,Predator,3,2.78374729,-0.00462112950617
90,TrichiurusJaponicus,SSP5-8.5,2.77908058148148,Trichiurus japonicus,Predator,3,2.78374729,-0.00466670851852014
91,DecapterusMaruadsi,SSP1-2.6,2.72252022345679,Decapterus maruadsi,Mid-trophic species,10,2.72464843666667,-0.00212821320988033
91,DecapterusMaruadsi,SSP5-8.5,2.71899517777778,Decapterus maruadsi,Mid-trophic species,10,2.72464843666667,-0.00565325888889001
91,EngraulisJaponicus,SSP1-2.6,2.32139399382716,Engraulis japonicus,Prey,1,2.33431463,-0.01292063617284
91,EngraulisJaponicus,SSP5-8.5,2.32443732469136,Engraulis japonicus,Prey,1,2.33431463,-0.00987730530864006
91,LarimichthysPolyactis,SSP1-2.6,2.59564787777778,Larimichthys polyactis,Mid-trophic species,13,2.60377057333333,-0.00812269555555023
91,LarimichthysPolyactis,SSP5-8.5,2.61049185432099,Larimichthys polyactis,Mid-trophic species,13,2.60377057333333,0.00672128098766001
91,MiichthysMiiuy,SSP1-2.6,3.00711671234568,Miichthys miiuy,Predator,5,3.02051274333333,-0.01339603098765
91,MiichthysMiiuy,SSP5-8.5,3.01156687654321,Miichthys miiuy,Predator,5,3.02051274333333,-0.00894586679011988
91,MuraenesoxCinereus,SSP1-2.6,3.10855345185185,Muraenesox cinereus,Predator,4,3.11482841333333,-0.0062749614814801
91,MuraenesoxCinereus,SSP5-8.5,3.11438125679012,Muraenesox cinereus,Predator,4,3.11482841333333,-0.000447156543209815
91,PampusArgenteus,SSP1-2.6,2.81522296419753,Pampus argenteus,Mid-trophic species,12,2.81838702333333,-0.00316405913579976
91,PampusArgenteus,SSP5-8.5,2.82294431851852,Pampus argenteus,Mid-trophic species,12,2.81838702333333,0.00455729518519021
91,PennahiaArgentata,SSP1-2.6,2.88077576790123,Pennahia argentata,Mid-trophic species,11,2.89853183666667,-0.0177560687654399
91,PennahiaArgentata,SSP5-8.5,2.90415865555556,Pennahia argentata,Mid-trophic species,11,2.89853183666667,0.00562681888888994
91,PortunusTrituberculatus,SSP1-2.6,2.15186457283951,Portunus trituberculatus,Invertebrate,8,2.13296283333333,0.0189017395061799
91,PortunusTrituberculatus,SSP5-8.5,2.14942634197531,Portunus trituberculatus,Invertebrate,8,2.13296283333333,0.01646350864198
91,ScomberJaponicus,SSP1-2.6,2.53627756296296,Scomber japonicus,Mid-trophic species,9,2.54146053,-0.00518296703704024
91,ScomberJaponicus,SSP5-8.5,2.53761388888889,Scomber japonicus,Mid-trophic species,9,2.54146053,-0.00384664111111022
91,ScomberomorusNiphonius,SSP1-2.6,3.08168418271605,Scomberomorus niphonius,Predator,2,3.09744978666667,-0.0157656039506202
91,ScomberomorusNiphonius,SSP5-8.5,3.07338849876543,Scomberomorus niphonius,Predator,2,3.09744978666667,-0.0240612879012403
91,TodarodesPacificus,SSP1-2.6,2.42350579506173,Todarodes pacificus,Invertebrate,6,2.43990937,-0.0164035749382703
91,TodarodesPacificus,SSP5-8.5,2.42324105679012,Todarodes pacificus,Invertebrate,6,2.43990937,-0.0166683132098799
91,TrachurusJaponicus,SSP1-2.6,2.6709519962963,Trachurus japonicus,Mid-trophic species,14,2.66995741666667,0.00099457962963001
91,TrachurusJaponicus,SSP5-8.5,2.66879372716049,Trachurus japonicus,Mid-trophic species,14,2.66995741666667,-0.00116368950618018
91,TrachysalambriaCurvirostris,SSP1-2.6,2.26588420493827,Trachysalambria curvirostris,Invertebrate,7,2.27234833,-0.00646412506172966
91,TrachysalambriaCurvirostris,SSP5-8.5,2.28183675308642,Trachysalambria curvirostris,Invertebrate,7,2.27234833,0.00948842308642028
91,TrichiurusJaponicus,SSP1-2.6,2.78164164938272,Trichiurus japonicus,Predator,3,2.78295018666667,-0.00130853728395008
91,TrichiurusJaponicus,SSP5-8.5,2.78148023580247,Trichiurus japonicus,Predator,3,2.78295018666667,-0.00146995086419999
92,DecapterusMaruadsi,SSP1-2.6,2.72370332469136,Decapterus maruadsi,Mid-trophic species,10,2.70649702333333,0.0172063013580299
92,DecapterusMaruadsi,SSP5-8.5,2.72564554320988,Decapterus maruadsi,Mid-trophic species,10,2.70649702333333,0.0191485198765498
92,EngraulisJaponicus,SSP1-2.6,2.33081670493827,Engraulis japonicus,Prey,1,2.3376895,-0.00687279506173022
92,EngraulisJaponicus,SSP5-8.5,2.3240293617284,Engraulis japonicus,Prey,1,2.3376895,-0.0136601382716002
92,LarimichthysPolyactis,SSP1-2.6,2.60262814444444,Larimichthys polyactis,Mid-trophic species,13,2.59944750666667,0.00318063777777011
92,LarimichthysPolyactis,SSP5-8.5,2.6000932654321,Larimichthys polyactis,Mid-trophic species,13,2.59944750666667,0.000645758765430049
92,MiichthysMiiuy,SSP1-2.6,3.01498930246914,Miichthys miiuy,Predator,5,3.0388034,-0.0238140975308601
92,MiichthysMiiuy,SSP5-8.5,3.01003094938272,Miichthys miiuy,Predator,5,3.0388034,-0.02877245061728
92,MuraenesoxCinereus,SSP1-2.6,3.1129919037037,Muraenesox cinereus,Predator,4,3.10659741666667,0.00639448703703005
92,MuraenesoxCinereus,SSP5-8.5,3.10956048148148,Muraenesox cinereus,Predator,4,3.10659741666667,0.00296306481481023
92,PampusArgenteus,SSP1-2.6,2.82258297160494,Pampus argenteus,Mid-trophic species,12,2.82392721666667,-0.00134424506172959
92,PampusArgenteus,SSP5-8.5,2.82676092345679,Pampus argenteus,Mid-trophic species,12,2.82392721666667,0.00283370679012007
92,PennahiaArgentata,SSP1-2.6,2.90220059876543,Pennahia argentata,Mid-trophic species,11,2.88434031333333,0.0178602854320999
92,PennahiaArgentata,SSP5-8.5,2.90466512839506,Pennahia argentata,Mid-trophic species,11,2.88434031333333,0.0203248150617301
92,PortunusTrituberculatus,SSP1-2.6,2.15157857160494,Portunus trituberculatus,Invertebrate,8,2.14020151666667,0.0113770549382699
92,PortunusTrituberculatus,SSP5-8.5,2.15120198271605,Portunus trituberculatus,Invertebrate,8,2.14020151666667,0.0110004660493797
92,ScomberJaponicus,SSP1-2.6,2.53932691358025,Scomber japonicus,Mid-trophic species,9,2.53780010666667,0.00152680691358009
92,ScomberJaponicus,SSP5-8.5,2.53592784814815,Scomber japonicus,Mid-trophic species,9,2.53780010666667,-0.00187225851852002
92,ScomberomorusNiphonius,SSP1-2.6,3.08153470617284,Scomberomorus niphonius,Predator,2,3.09247904,-0.01094433382716
92,ScomberomorusNiphonius,SSP5-8.5,3.07647778024691,Scomberomorus niphonius,Predator,2,3.09247904,-0.0160012597530903
92,TodarodesPacificus,SSP1-2.6,2.42605969506173,Todarodes pacificus,Invertebrate,6,2.4348475,-0.00878780493827014
92,TodarodesPacificus,SSP5-8.5,2.42532094320988,Todarodes pacificus,Invertebrate,6,2.4348475,-0.00952655679011993
92,TrachurusJaponicus,SSP1-2.6,2.6956158654321,Trachurus japonicus,Mid-trophic species,14,2.67532861666667,0.0202872487654298
92,TrachurusJaponicus,SSP5-8.5,2.69374949876543,Trachurus japonicus,Mid-trophic species,14,2.67532861666667,0.0184208820987597
92,TrachysalambriaCurvirostris,SSP1-2.6,2.27542525432099,Trachysalambria curvirostris,Invertebrate,7,2.27432307666667,0.00110217765431964
92,TrachysalambriaCurvirostris,SSP5-8.5,2.27892074814815,Trachysalambria curvirostris,Invertebrate,7,2.27432307666667,0.00459767148147972
92,TrichiurusJaponicus,SSP1-2.6,2.78518529259259,Trichiurus japonicus,Predator,3,2.78608075666667,-0.000895464074079921
92,TrichiurusJaponicus,SSP5-8.5,2.77559338271605,Trichiurus japonicus,Predator,3,2.78608075666667,-0.0104873739506197
93,DecapterusMaruadsi,SSP1-2.6,2.73355175308642,Decapterus maruadsi,Mid-trophic species,10,2.70931545333333,0.0242362997530901
93,DecapterusMaruadsi,SSP5-8.5,2.72034514938272,Decapterus maruadsi,Mid-trophic species,10,2.70931545333333,0.0110296960493899
93,EngraulisJaponicus,SSP1-2.6,2.32304061111111,Engraulis japonicus,Prey,1,2.33084508333333,-0.00780447222222014
93,EngraulisJaponicus,SSP5-8.5,2.32473714444444,Engraulis japonicus,Prey,1,2.33084508333333,-0.00610793888889027
93,LarimichthysPolyactis,SSP1-2.6,2.59907047160494,Larimichthys polyactis,Mid-trophic species,13,2.59767249666667,0.00139797493826999
93,LarimichthysPolyactis,SSP5-8.5,2.60610475925926,Larimichthys polyactis,Mid-trophic species,13,2.59767249666667,0.00843226259258989
93,MiichthysMiiuy,SSP1-2.6,3.01012174938272,Miichthys miiuy,Predator,5,3.02033532666667,-0.0102135772839498
93,MiichthysMiiuy,SSP5-8.5,3.00315462222222,Miichthys miiuy,Predator,5,3.02033532666667,-0.0171807044444501
93,MuraenesoxCinereus,SSP1-2.6,3.10984212222222,Muraenesox cinereus,Predator,4,3.10847605666667,0.00136606555554986
93,MuraenesoxCinereus,SSP5-8.5,3.1140528617284,Muraenesox cinereus,Predator,4,3.10847605666667,0.00557680506172975
93,PampusArgenteus,SSP1-2.6,2.81038085679012,Pampus argenteus,Mid-trophic species,12,2.84527319666667,-0.0348923398765497
93,PampusArgenteus,SSP5-8.5,2.8118724037037,Pampus argenteus,Mid-trophic species,12,2.84527319666667,-0.0334007929629698
93,PennahiaArgentata,SSP1-2.6,2.88621011975309,Pennahia argentata,Mid-trophic species,11,2.90247119,-0.0162610702469101
93,PennahiaArgentata,SSP5-8.5,2.8986194037037,Pennahia argentata,Mid-trophic species,11,2.90247119,-0.00385178629630012
93,PortunusTrituberculatus,SSP1-2.6,2.15482290617284,Portunus trituberculatus,Invertebrate,8,2.14113309,0.0136898161728403
93,PortunusTrituberculatus,SSP5-8.5,2.15167724320988,Portunus trituberculatus,Invertebrate,8,2.14113309,0.0105441532098802
93,ScomberJaponicus,SSP1-2.6,2.54024502098765,Scomber japonicus,Mid-trophic species,9,2.54125104666667,-0.00100602567902008
93,ScomberJaponicus,SSP5-8.5,2.53948283333333,Scomber japonicus,Mid-trophic species,9,2.54125104666667,-0.0017682133333401
93,ScomberomorusNiphonius,SSP1-2.6,3.07828882962963,Scomberomorus niphonius,Predator,2,3.09971840666667,-0.0214295770370398
93,ScomberomorusNiphonius,SSP5-8.5,3.0789613962963,Scomberomorus niphonius,Predator,2,3.09971840666667,-0.02075701037037
93,TodarodesPacificus,SSP1-2.6,2.42646034567901,Todarodes pacificus,Invertebrate,6,2.42642917666667,3.11690123400155e-05
93,TodarodesPacificus,SSP5-8.5,2.4267693691358,Todarodes pacificus,Invertebrate,6,2.42642917666667,0.000340192469129974
93,TrachurusJaponicus,SSP1-2.6,2.68370859876543,Trachurus japonicus,Mid-trophic species,14,2.68141960666667,0.0022889920987601
93,TrachurusJaponicus,SSP5-8.5,2.67045685555556,Trachurus japonicus,Mid-trophic species,14,2.68141960666667,-0.0109627511111099
93,TrachysalambriaCurvirostris,SSP1-2.6,2.27798701234568,Trachysalambria curvirostris,Invertebrate,7,2.26847459,0.00951242234568017
93,TrachysalambriaCurvirostris,SSP5-8.5,2.27326803209877,Trachysalambria curvirostris,Invertebrate,7,2.26847459,0.00479344209877031
93,TrichiurusJaponicus,SSP1-2.6,2.78480836296296,Trichiurus japonicus,Predator,3,2.78763895333333,-0.00283059037036981
93,TrichiurusJaponicus,SSP5-8.5,2.78208655185185,Trichiurus japonicus,Predator,3,2.78763895333333,-0.00555240148147984
94,DecapterusMaruadsi,SSP1-2.6,2.72010612098765,Decapterus maruadsi,Mid-trophic species,10,2.70991026666667,0.0101958543209801
94,DecapterusMaruadsi,SSP5-8.5,2.72434011728395,Decapterus maruadsi,Mid-trophic species,10,2.70991026666667,0.01442985061728
94,EngraulisJaponicus,SSP1-2.6,2.32526117654321,Engraulis japonicus,Prey,1,2.32979809666667,-0.00453692012345996
94,EngraulisJaponicus,SSP5-8.5,2.32314411358025,Engraulis japonicus,Prey,1,2.32979809666667,-0.00665398308641985
94,LarimichthysPolyactis,SSP1-2.6,2.59310163827161,Larimichthys polyactis,Mid-trophic species,13,2.60849527,-0.01539363172839
94,LarimichthysPolyactis,SSP5-8.5,2.60248890864198,Larimichthys polyactis,Mid-trophic species,13,2.60849527,-0.00600636135802013
94,MiichthysMiiuy,SSP1-2.6,3.00756109506173,Miichthys miiuy,Predator,5,3.02683097666667,-0.0192698816049401
94,MiichthysMiiuy,SSP5-8.5,3.01840751111111,Miichthys miiuy,Predator,5,3.02683097666667,-0.00842346555555995
94,MuraenesoxCinereus,SSP1-2.6,3.10864674567901,Muraenesox cinereus,Predator,4,3.10943636333333,-0.000789617654320285
94,MuraenesoxCinereus,SSP5-8.5,3.11764077283951,Muraenesox cinereus,Predator,4,3.10943636333333,0.00820440950617973
94,PampusArgenteus,SSP1-2.6,2.81862314074074,Pampus argenteus,Mid-trophic species,12,2.83089384666667,-0.0122707059259302
94,PampusArgenteus,SSP5-8.5,2.82006408518519,Pampus argenteus,Mid-trophic species,12,2.83089384666667,-0.0108297614814803
94,PennahiaArgentata,SSP1-2.6,2.88842142592593,Pennahia argentata,Mid-trophic species,11,2.89030609666667,-0.00188467074073984
94,PennahiaArgentata,SSP5-8.5,2.89610935185185,Pennahia argentata,Mid-trophic species,11,2.89030609666667,0.00580325518517988
94,PortunusTrituberculatus,SSP1-2.6,2.1519956962963,Portunus trituberculatus,Invertebrate,8,2.13841309666667,0.0135825996296299
94,PortunusTrituberculatus,SSP5-8.5,2.15410660246914,Portunus trituberculatus,Invertebrate,8,2.13841309666667,0.0156935058024699
94,ScomberJaponicus,SSP1-2.6,2.53748957777778,Scomber japonicus,Mid-trophic species,9,2.53834607666667,-0.000856498888889945
94,ScomberJaponicus,SSP5-8.5,2.54190289259259,Scomber japonicus,Mid-trophic species,9,2.53834607666667,0.00355681592591983
94,ScomberomorusNiphonius,SSP1-2.6,3.07631209753086,Scomberomorus niphonius,Predator,2,3.07567271333333,0.000639384197529846
94,ScomberomorusNiphonius,SSP5-8.5,3.07866236419753,Scomberomorus niphonius,Predator,2,3.07567271333333,0.00298965086419978
94,TodarodesPacificus,SSP1-2.6,2.42487795925926,Todarodes pacificus,Invertebrate,6,2.43629356666667,-0.0114156074074101
94,TodarodesPacificus,SSP5-8.5,2.42906157901235,Todarodes pacificus,Invertebrate,6,2.43629356666667,-0.00723198765432009
94,TrachurusJaponicus,SSP1-2.6,2.6812741654321,Trachurus japonicus,Mid-trophic species,14,2.67461049666667,0.00666366876543023
94,TrachurusJaponicus,SSP5-8.5,2.67647895679012,Trachurus japonicus,Mid-trophic species,14,2.67461049666667,0.00186846012344999
94,TrachysalambriaCurvirostris,SSP1-2.6,2.26806455061728,Trachysalambria curvirostris,Invertebrate,7,2.27838181,-0.0103172593827199
94,TrachysalambriaCurvirostris,SSP5-8.5,2.27772909259259,Trachysalambria curvirostris,Invertebrate,7,2.27838181,-0.00065271740741002
94,TrichiurusJaponicus,SSP1-2.6,2.78166023950617,Trichiurus japonicus,Predator,3,2.77431734,0.00734289950616995
94,TrichiurusJaponicus,SSP5-8.5,2.78495082345679,Trichiurus japonicus,Predator,3,2.77431734,0.01063348345679
95,DecapterusMaruadsi,SSP1-2.6,2.72415420246914,Decapterus maruadsi,Mid-trophic species,10,2.72151135,0.00264285246913998
95,DecapterusMaruadsi,SSP5-8.5,2.72736197530864,Decapterus maruadsi,Mid-trophic species,10,2.72151135,0.00585062530864011
95,EngraulisJaponicus,SSP1-2.6,2.32717881111111,Engraulis japonicus,Prey,1,2.33384445666667,-0.00666564555556004
95,EngraulisJaponicus,SSP5-8.5,2.32828288024691,Engraulis japonicus,Prey,1,2.33384445666667,-0.00556157641975963
95,LarimichthysPolyactis,SSP1-2.6,2.60417294938272,Larimichthys polyactis,Mid-trophic species,13,2.61109143333333,-0.00691848395061001
95,LarimichthysPolyactis,SSP5-8.5,2.61188910246914,Larimichthys polyactis,Mid-trophic species,13,2.61109143333333,0.000797669135809809
95,MiichthysMiiuy,SSP1-2.6,3.01261128518519,Miichthys miiuy,Predator,5,3.02693371333333,-0.01432242814814
95,MiichthysMiiuy,SSP5-8.5,3.01817733333333,Miichthys miiuy,Predator,5,3.02693371333333,-0.0087563799999999
95,MuraenesoxCinereus,SSP1-2.6,3.11437563580247,Muraenesox cinereus,Predator,4,3.11026190333333,0.00411373246914026
95,MuraenesoxCinereus,SSP5-8.5,3.11508046666667,Muraenesox cinereus,Predator,4,3.11026190333333,0.00481856333334019
95,PampusArgenteus,SSP1-2.6,2.81235744938272,Pampus argenteus,Mid-trophic species,12,2.84088247,-0.02852502061728
95,PampusArgenteus,SSP5-8.5,2.82755670740741,Pampus argenteus,Mid-trophic species,12,2.84088247,-0.01332576259259
95,PennahiaArgentata,SSP1-2.6,2.89972754567901,Pennahia argentata,Mid-trophic species,11,2.89857673,0.0011508156790101
95,PennahiaArgentata,SSP5-8.5,2.89785275432099,Pennahia argentata,Mid-trophic species,11,2.89857673,-0.000723975679009836
95,PortunusTrituberculatus,SSP1-2.6,2.15346510987654,Portunus trituberculatus,Invertebrate,8,2.14351048333333,0.00995462654321022
95,PortunusTrituberculatus,SSP5-8.5,2.15389818765432,Portunus trituberculatus,Invertebrate,8,2.14351048333333,0.0103877043209901
95,ScomberJaponicus,SSP1-2.6,2.53982297530864,Scomber japonicus,Mid-trophic species,9,2.53735399,0.00246898530863993
95,ScomberJaponicus,SSP5-8.5,2.5408702037037,Scomber japonicus,Mid-trophic species,9,2.53735399,0.00351621370369992
95,ScomberomorusNiphonius,SSP1-2.6,3.08304738518519,Scomberomorus niphonius,Predator,2,3.08538000666667,-0.00233262148148006
95,ScomberomorusNiphonius,SSP5-8.5,3.07322521604938,Scomberomorus niphonius,Predator,2,3.08538000666667,-0.0121547906172901
95,TodarodesPacificus,SSP1-2.6,2.42377241851852,Todarodes pacificus,Invertebrate,6,2.44215477,-0.0183823514814803
95,TodarodesPacificus,SSP5-8.5,2.42387512098765,Todarodes pacificus,Invertebrate,6,2.44215477,-0.0182796490123502
95,TrachurusJaponicus,SSP1-2.6,2.67551970740741,Trachurus japonicus,Mid-trophic species,14,2.67793655666667,-0.00241684925926
95,TrachurusJaponicus,SSP5-8.5,2.67856514320988,Trachurus japonicus,Mid-trophic species,14,2.67793655666667,0.000628586543209853
95,TrachysalambriaCurvirostris,SSP1-2.6,2.27064796296296,Trachysalambria curvirostris,Invertebrate,7,2.28309472333333,-0.01244676037037
95,TrachysalambriaCurvirostris,SSP5-8.5,2.26944254814815,Trachysalambria curvirostris,Invertebrate,7,2.28309472333333,-0.0136521751851797
95,TrichiurusJaponicus,SSP1-2.6,2.78848210493827,Trichiurus japonicus,Predator,3,2.77869247,0.00978963493827001
95,TrichiurusJaponicus,SSP5-8.5,2.78085659135803,Trichiurus japonicus,Predator,3,2.77869247,0.0021641213580299
96,DecapterusMaruadsi,SSP1-2.6,2.7308455345679,Decapterus maruadsi,Mid-trophic species,10,2.71104284666667,0.0198026879012301
96,DecapterusMaruadsi,SSP5-8.5,2.72415668518519,Decapterus maruadsi,Mid-trophic species,10,2.71104284666667,0.0131138385185201
96,EngraulisJaponicus,SSP1-2.6,2.32553843333333,Engraulis japonicus,Prey,1,2.32849593666667,-0.00295750333334022
96,EngraulisJaponicus,SSP5-8.5,2.31976362716049,Engraulis japonicus,Prey,1,2.32849593666667,-0.00873230950618043
96,LarimichthysPolyactis,SSP1-2.6,2.59871021851852,Larimichthys polyactis,Mid-trophic species,13,2.58608985333333,0.0126203651851897
96,LarimichthysPolyactis,SSP5-8.5,2.60308402469136,Larimichthys polyactis,Mid-trophic species,13,2.58608985333333,0.0169941713580299
96,MiichthysMiiuy,SSP1-2.6,3.01625306790123,Miichthys miiuy,Predator,5,3.02700605,-0.01075298209877
96,MiichthysMiiuy,SSP5-8.5,3.01599152839506,Miichthys miiuy,Predator,5,3.02700605,-0.01101452160494
96,MuraenesoxCinereus,SSP1-2.6,3.10879979753086,Muraenesox cinereus,Predator,4,3.10881553333333,-1.57358024699406e-05
96,MuraenesoxCinereus,SSP5-8.5,3.10785703703704,Muraenesox cinereus,Predator,4,3.10881553333333,-0.000958496296289635
96,PampusArgenteus,SSP1-2.6,2.81494408765432,Pampus argenteus,Mid-trophic species,12,2.80522321333333,0.00972087432099
96,PampusArgenteus,SSP5-8.5,2.81348055061728,Pampus argenteus,Mid-trophic species,12,2.80522321333333,0.00825733728395006
96,PennahiaArgentata,SSP1-2.6,2.88970538518519,Pennahia argentata,Mid-trophic species,11,2.88809376666667,0.00161161851851999
96,PennahiaArgentata,SSP5-8.5,2.88876746296296,Pennahia argentata,Mid-trophic species,11,2.88809376666667,0.000673696296289883
96,PortunusTrituberculatus,SSP1-2.6,2.15228989753086,Portunus trituberculatus,Invertebrate,8,2.13944127666667,0.0128486208641898
96,PortunusTrituberculatus,SSP5-8.5,2.1575545962963,Portunus trituberculatus,Invertebrate,8,2.13944127666667,0.0181133196296299
96,ScomberJaponicus,SSP1-2.6,2.53892853209877,Scomber japonicus,Mid-trophic species,9,2.53324574,0.00568279209876987
96,ScomberJaponicus,SSP5-8.5,2.53717176049383,Scomber japonicus,Mid-trophic species,9,2.53324574,0.00392602049383006
96,ScomberomorusNiphonius,SSP1-2.6,3.08001563703704,Scomberomorus niphonius,Predator,2,3.09969574333333,-0.0196801062962901
96,ScomberomorusNiphonius,SSP5-8.5,3.07095099259259,Scomberomorus niphonius,Predator,2,3.09969574333333,-0.0287447507407399
96,TodarodesPacificus,SSP1-2.6,2.42616079876543,Todarodes pacificus,Invertebrate,6,2.42746236333333,-0.00130156456789976
96,TodarodesPacificus,SSP5-8.5,2.42305461111111,Todarodes pacificus,Invertebrate,6,2.42746236333333,-0.00440775222221967
96,TrachurusJaponicus,SSP1-2.6,2.68031907160494,Trachurus japonicus,Mid-trophic species,14,2.68645580333333,-0.00613673172839002
96,TrachurusJaponicus,SSP5-8.5,2.68083765555556,Trachurus japonicus,Mid-trophic species,14,2.68645580333333,-0.00561814777777014
96,TrachysalambriaCurvirostris,SSP1-2.6,2.28052712592593,Trachysalambria curvirostris,Invertebrate,7,2.27247773333333,0.00804939259259996
96,TrachysalambriaCurvirostris,SSP5-8.5,2.27559222469136,Trachysalambria curvirostris,Invertebrate,7,2.27247773333333,0.00311449135802988
96,TrichiurusJaponicus,SSP1-2.6,2.78525722592593,Trichiurus japonicus,Predator,3,2.78225756666667,0.00299965925926005
96,TrichiurusJaponicus,SSP5-8.5,2.78236826296296,Trichiurus japonicus,Predator,3,2.78225756666667,0.000110696296289792
97,DecapterusMaruadsi,SSP1-2.6,2.72538607283951,Decapterus maruadsi,Mid-trophic species,10,2.70625030666667,0.0191357661728397
97,DecapterusMaruadsi,SSP5-8.5,2.71540981481482,Decapterus maruadsi,Mid-trophic species,10,2.70625030666667,0.0091595081481497
97,EngraulisJaponicus,SSP1-2.6,2.3232806962963,Engraulis japonicus,Prey,1,2.33022979,-0.0069490937037
97,EngraulisJaponicus,SSP5-8.5,2.32382054444444,Engraulis japonicus,Prey,1,2.33022979,-0.00640924555556
97,LarimichthysPolyactis,SSP1-2.6,2.59977482592593,Larimichthys polyactis,Mid-trophic species,13,2.59579648666667,0.00397833925925983
97,LarimichthysPolyactis,SSP5-8.5,2.60840885802469,Larimichthys polyactis,Mid-trophic species,13,2.59579648666667,0.0126123713580197
97,MiichthysMiiuy,SSP1-2.6,3.00795303950617,Miichthys miiuy,Predator,5,3.03045913666667,-0.0225060971605
97,MiichthysMiiuy,SSP5-8.5,3.0048752345679,Miichthys miiuy,Predator,5,3.03045913666667,-0.02558390209877
97,MuraenesoxCinereus,SSP1-2.6,3.10881022345679,Muraenesox cinereus,Predator,4,3.11444639,-0.00563616654320986
97,MuraenesoxCinereus,SSP5-8.5,3.10952856790123,Muraenesox cinereus,Predator,4,3.11444639,-0.00491782209876979
97,PampusArgenteus,SSP1-2.6,2.82531186419753,Pampus argenteus,Mid-trophic species,12,2.83603016,-0.0107182958024699
97,PampusArgenteus,SSP5-8.5,2.82069035061728,Pampus argenteus,Mid-trophic species,12,2.83603016,-0.01533980938272
97,PennahiaArgentata,SSP1-2.6,2.88684528024691,Pennahia argentata,Mid-trophic species,11,2.88743924333333,-0.000593963086420235
97,PennahiaArgentata,SSP5-8.5,2.8964766691358,Pennahia argentata,Mid-trophic species,11,2.88743924333333,0.00903742580246991
97,PortunusTrituberculatus,SSP1-2.6,2.15332096296296,Portunus trituberculatus,Invertebrate,8,2.14429829333333,0.00902266962962983
97,PortunusTrituberculatus,SSP5-8.5,2.15235682222222,Portunus trituberculatus,Invertebrate,8,2.14429829333333,0.00805852888888969
97,ScomberJaponicus,SSP1-2.6,2.53863785185185,Scomber japonicus,Mid-trophic species,9,2.54145792,-0.00282006814815006
97,ScomberJaponicus,SSP5-8.5,2.5370628308642,Scomber japonicus,Mid-trophic species,9,2.54145792,-0.00439508913580022
97,ScomberomorusNiphonius,SSP1-2.6,3.08122124074074,Scomberomorus niphonius,Predator,2,3.09625187,-0.0150306292592601
97,ScomberomorusNiphonius,SSP5-8.5,3.0770891617284,Scomberomorus niphonius,Predator,2,3.09625187,-0.0191627082716002
97,TodarodesPacificus,SSP1-2.6,2.42617195679012,Todarodes pacificus,Invertebrate,6,2.425407,0.00076495679012023
97,TodarodesPacificus,SSP5-8.5,2.42637082716049,Todarodes pacificus,Invertebrate,6,2.425407,0.000963827160489927
97,TrachurusJaponicus,SSP1-2.6,2.69075079382716,Trachurus japonicus,Mid-trophic species,14,2.68310572,0.00764507382716007
97,TrachurusJaponicus,SSP5-8.5,2.69190629259259,Trachurus japonicus,Mid-trophic species,14,2.68310572,0.00880057259259015
97,TrachysalambriaCurvirostris,SSP1-2.6,2.26784443827161,Trachysalambria curvirostris,Invertebrate,7,2.28047692,-0.01263248172839
97,TrachysalambriaCurvirostris,SSP5-8.5,2.28257082222222,Trachysalambria curvirostris,Invertebrate,7,2.28047692,0.00209390222221995
97,TrichiurusJaponicus,SSP1-2.6,2.77628453950617,Trichiurus japonicus,Predator,3,2.79002295666667,-0.0137384171605
97,TrichiurusJaponicus,SSP5-8.5,2.78085142222222,Trichiurus japonicus,Predator,3,2.79002295666667,-0.00917153444444985
98,DecapterusMaruadsi,SSP1-2.6,2.72574087901235,Decapterus maruadsi,Mid-trophic species,10,2.70604795,0.0196929290123502
98,DecapterusMaruadsi,SSP5-8.5,2.72408734691358,Decapterus maruadsi,Mid-trophic species,10,2.70604795,0.0180393969135801
98,EngraulisJaponicus,SSP1-2.6,2.32720477037037,Engraulis japonicus,Prey,1,2.33059886,-0.00339408962962962
98,EngraulisJaponicus,SSP5-8.5,2.32543224444444,Engraulis japonicus,Prey,1,2.33059886,-0.00516661555555986
98,LarimichthysPolyactis,SSP1-2.6,2.59723301975309,Larimichthys polyactis,Mid-trophic species,13,2.60560423,-0.00837121024691001
98,LarimichthysPolyactis,SSP5-8.5,2.60613443580247,Larimichthys polyactis,Mid-trophic species,13,2.60560423,0.000530205802470096
98,MiichthysMiiuy,SSP1-2.6,3.00714811234568,Miichthys miiuy,Predator,5,3.02250597333333,-0.0153578609876504
98,MiichthysMiiuy,SSP5-8.5,3.00879995432099,Miichthys miiuy,Predator,5,3.02250597333333,-0.0137060190123401
98,MuraenesoxCinereus,SSP1-2.6,3.10539955061728,Muraenesox cinereus,Predator,4,3.11359402666667,-0.00819447604939017
98,MuraenesoxCinereus,SSP5-8.5,3.11622949259259,Muraenesox cinereus,Predator,4,3.11359402666667,0.00263546592591979
98,PampusArgenteus,SSP1-2.6,2.81606287407407,Pampus argenteus,Mid-trophic species,12,2.82397652,-0.00791364592592991
98,PampusArgenteus,SSP5-8.5,2.82147454938272,Pampus argenteus,Mid-trophic species,12,2.82397652,-0.00250197061727997
98,PennahiaArgentata,SSP1-2.6,2.89246422839506,Pennahia argentata,Mid-trophic species,11,2.89166659,0.000797638395060307
98,PennahiaArgentata,SSP5-8.5,2.89607491234568,Pennahia argentata,Mid-trophic species,11,2.89166659,0.00440832234568012
98,PortunusTrituberculatus,SSP1-2.6,2.15137759382716,Portunus trituberculatus,Invertebrate,8,2.14479133666667,0.00658625716048977
98,PortunusTrituberculatus,SSP5-8.5,2.15292571481481,Portunus trituberculatus,Invertebrate,8,2.14479133666667,0.00813437814814
98,ScomberJaponicus,SSP1-2.6,2.53855082962963,Scomber japonicus,Mid-trophic species,9,2.53755081333333,0.0010000162963002
98,ScomberJaponicus,SSP5-8.5,2.53759179012346,Scomber japonicus,Mid-trophic species,9,2.53755081333333,4.09767901299318e-05
98,ScomberomorusNiphonius,SSP1-2.6,3.07950387654321,Scomberomorus niphonius,Predator,2,3.08858646,-0.00908258345679025
98,ScomberomorusNiphonius,SSP5-8.5,3.07683964444444,Scomberomorus niphonius,Predator,2,3.08858646,-0.01174681555556
98,TodarodesPacificus,SSP1-2.6,2.42590212345679,Todarodes pacificus,Invertebrate,6,2.43619112666667,-0.0102890032098801
98,TodarodesPacificus,SSP5-8.5,2.42142891234568,Todarodes pacificus,Invertebrate,6,2.43619112666667,-0.01476221432099
98,TrachurusJaponicus,SSP1-2.6,2.67021687283951,Trachurus japonicus,Mid-trophic species,14,2.66703775,0.00317912283950994
98,TrachurusJaponicus,SSP5-8.5,2.68735720987654,Trachurus japonicus,Mid-trophic species,14,2.66703775,0.0203194598765402
98,TrachysalambriaCurvirostris,SSP1-2.6,2.26998769753086,Trachysalambria curvirostris,Invertebrate,7,2.28237643,-0.0123887324691396
98,TrachysalambriaCurvirostris,SSP5-8.5,2.27352218765432,Trachysalambria curvirostris,Invertebrate,7,2.28237643,-0.00885424234567989
98,TrichiurusJaponicus,SSP1-2.6,2.77575830246914,Trichiurus japonicus,Predator,3,2.78469451333333,-0.00893621086418994
98,TrichiurusJaponicus,SSP5-8.5,2.77640452222222,Trichiurus japonicus,Predator,3,2.78469451333333,-0.00828999111111006
99,DecapterusMaruadsi,SSP1-2.6,2.72184454444444,Decapterus maruadsi,Mid-trophic species,10,2.71436218,0.00748236444443995
99,DecapterusMaruadsi,SSP5-8.5,2.7257221,Decapterus maruadsi,Mid-trophic species,10,2.71436218,0.0113599199999999
99,EngraulisJaponicus,SSP1-2.6,2.32570682716049,Engraulis japonicus,Prey,1,2.33482506,-0.00911823283950985
99,EngraulisJaponicus,SSP5-8.5,2.33102181604938,Engraulis japonicus,Prey,1,2.33482506,-0.00380324395062015
99,LarimichthysPolyactis,SSP1-2.6,2.60481711728395,Larimichthys polyactis,Mid-trophic species,13,2.62675373666667,-0.02193661938272
99,LarimichthysPolyactis,SSP5-8.5,2.6029955654321,Larimichthys polyactis,Mid-trophic species,13,2.62675373666667,-0.0237581712345696
99,MiichthysMiiuy,SSP1-2.6,3.00580026419753,Miichthys miiuy,Predator,5,3.02841204666667,-0.0226117824691401
99,MiichthysMiiuy,SSP5-8.5,3.01410783580247,Miichthys miiuy,Predator,5,3.02841204666667,-0.0143042108642
99,MuraenesoxCinereus,SSP1-2.6,3.11187812345679,Muraenesox cinereus,Predator,4,3.11607064,-0.00419251654320973
99,MuraenesoxCinereus,SSP5-8.5,3.11351431728395,Muraenesox cinereus,Predator,4,3.11607064,-0.00255632271604966
99,PampusArgenteus,SSP1-2.6,2.81321500123457,Pampus argenteus,Mid-trophic species,12,2.83369763333333,-0.0204826320987603
99,PampusArgenteus,SSP5-8.5,2.82253199876543,Pampus argenteus,Mid-trophic species,12,2.83369763333333,-0.0111656345679001
99,PennahiaArgentata,SSP1-2.6,2.89136037160494,Pennahia argentata,Mid-trophic species,11,2.89304394666667,-0.00168357506173011
99,PennahiaArgentata,SSP5-8.5,2.89428825432099,Pennahia argentata,Mid-trophic species,11,2.89304394666667,0.00124430765432004
99,PortunusTrituberculatus,SSP1-2.6,2.15104572962963,Portunus trituberculatus,Invertebrate,8,2.14219205,0.00885367962963013
99,PortunusTrituberculatus,SSP5-8.5,2.15543136666667,Portunus trituberculatus,Invertebrate,8,2.14219205,0.0132393166666702
99,ScomberJaponicus,SSP1-2.6,2.53886842222222,Scomber japonicus,Mid-trophic species,9,2.53919807666667,-0.000329654444449989
99,ScomberJaponicus,SSP5-8.5,2.53713674814815,Scomber japonicus,Mid-trophic species,9,2.53919807666667,-0.00206132851852026
99,ScomberomorusNiphonius,SSP1-2.6,3.08702199382716,Scomberomorus niphonius,Predator,2,3.09514346666667,-0.00812147283950981
99,ScomberomorusNiphonius,SSP5-8.5,3.07818410493827,Scomberomorus niphonius,Predator,2,3.09514346666667,-0.0169593617284001
99,TodarodesPacificus,SSP1-2.6,2.4266146654321,Todarodes pacificus,Invertebrate,6,2.42850242666667,-0.00188776123457002
99,TodarodesPacificus,SSP5-8.5,2.42406458641975,Todarodes pacificus,Invertebrate,6,2.42850242666667,-0.00443784024691984
99,TrachurusJaponicus,SSP1-2.6,2.68468471358025,Trachurus japonicus,Mid-trophic species,14,2.66380892,0.0208757935802497
99,TrachurusJaponicus,SSP5-8.5,2.68685133827161,Trachurus japonicus,Mid-trophic species,14,2.66380892,0.02304241827161
99,TrachysalambriaCurvirostris,SSP1-2.6,2.27178575679012,Trachysalambria curvirostris,Invertebrate,7,2.26374702666667,0.00803873012344969
99,TrachysalambriaCurvirostris,SSP5-8.5,2.27327404197531,Trachysalambria curvirostris,Invertebrate,7,2.26374702666667,0.00952701530863997
99,TrichiurusJaponicus,SSP1-2.6,2.78693059382716,Trichiurus japonicus,Predator,3,2.78531865666667,0.00161193716048968
99,TrichiurusJaponicus,SSP5-8.5,2.78266597654321,Trichiurus japonicus,Predator,3,2.78531865666667,-0.00265268012346009
100,DecapterusMaruadsi,SSP1-2.6,2.72216718024691,Decapterus maruadsi,Mid-trophic species,10,2.72767127,-0.00550408975309003
100,DecapterusMaruadsi,SSP5-8.5,2.71881480740741,Decapterus maruadsi,Mid-trophic species,10,2.72767127,-0.00885646259259021
100,EngraulisJaponicus,SSP1-2.6,2.32919724814815,Engraulis japonicus,Prey,1,2.33526103333333,-0.00606378518517969
100,EngraulisJaponicus,SSP5-8.5,2.32892576790123,Engraulis japonicus,Prey,1,2.33526103333333,-0.00633526543209984
100,LarimichthysPolyactis,SSP1-2.6,2.60333173333333,Larimichthys polyactis,Mid-trophic species,13,2.61251351,-0.00918177666666997
100,LarimichthysPolyactis,SSP5-8.5,2.60177435432099,Larimichthys polyactis,Mid-trophic species,13,2.61251351,-0.0107391556790097
100,MiichthysMiiuy,SSP1-2.6,3.01091461111111,Miichthys miiuy,Predator,5,3.01735302666667,-0.00643841555556035
100,MiichthysMiiuy,SSP5-8.5,3.00633924567901,Miichthys miiuy,Predator,5,3.01735302666667,-0.01101378098766
100,MuraenesoxCinereus,SSP1-2.6,3.1116680037037,Muraenesox cinereus,Predator,4,3.10906922666667,0.00259877703702971
100,MuraenesoxCinereus,SSP5-8.5,3.11050229135802,Muraenesox cinereus,Predator,4,3.10906922666667,0.00143306469134963
100,PampusArgenteus,SSP1-2.6,2.80443068024691,Pampus argenteus,Mid-trophic species,12,2.84499323666667,-0.04056255641976
100,PampusArgenteus,SSP5-8.5,2.81888922962963,Pampus argenteus,Mid-trophic species,12,2.84499323666667,-0.02610400703704
100,PennahiaArgentata,SSP1-2.6,2.89397667160494,Pennahia argentata,Mid-trophic species,11,2.89756511666667,-0.00358844506172984
100,PennahiaArgentata,SSP5-8.5,2.89785262962963,Pennahia argentata,Mid-trophic species,11,2.89756511666667,0.000287512962960257
100,PortunusTrituberculatus,SSP1-2.6,2.15134685555556,Portunus trituberculatus,Invertebrate,8,2.14094058333333,0.0104062722222298
100,PortunusTrituberculatus,SSP5-8.5,2.15072525185185,Portunus trituberculatus,Invertebrate,8,2.14094058333333,0.00978466851851989
100,ScomberJaponicus,SSP1-2.6,2.5394034037037,Scomber japonicus,Mid-trophic species,9,2.53638618333333,0.00301722037036978
100,ScomberJaponicus,SSP5-8.5,2.54031087530864,Scomber japonicus,Mid-trophic species,9,2.53638618333333,0.00392469197530998
100,ScomberomorusNiphonius,SSP1-2.6,3.08077914320988,Scomberomorus niphonius,Predator,2,3.08227238666667,-0.00149324345678981
100,ScomberomorusNiphonius,SSP5-8.5,3.07687279876543,Scomberomorus niphonius,Predator,2,3.08227238666667,-0.00539958790123984
100,TodarodesPacificus,SSP1-2.6,2.42739581604938,Todarodes pacificus,Invertebrate,6,2.43075795,-0.00336213395062002
100,TodarodesPacificus,SSP5-8.5,2.42022880987654,Todarodes pacificus,Invertebrate,6,2.43075795,-0.01052914012346
100,TrachurusJaponicus,SSP1-2.6,2.6856272691358,Trachurus japonicus,Mid-trophic species,14,2.67483486333333,0.0107924058024702
100,TrachurusJaponicus,SSP5-8.5,2.65951914320988,Trachurus japonicus,Mid-trophic species,14,2.67483486333333,-0.01531572012345
100,TrachysalambriaCurvirostris,SSP1-2.6,2.26769138148148,Trachysalambria curvirostris,Invertebrate,7,2.26326043666667,0.00443094481480966
100,TrachysalambriaCurvirostris,SSP5-8.5,2.28390367654321,Trachysalambria curvirostris,Invertebrate,7,2.26326043666667,0.0206432398765397
100,TrichiurusJaponicus,SSP1-2.6,2.78705944197531,Trichiurus japonicus,Predator,3,2.77457897333333,0.0124804686419799
100,TrichiurusJaponicus,SSP5-8.5,2.78221482716049,Trichiurus japonicus,Predator,3,2.77457897333333,0.00763585382716014
