scenario,run,n_years,start_time,end_time,total_biomass,biomass_temporal_sd,biomass_stability,community_mean_tl,predator_biomass_proportion,total_yield,biomass_yield_ratio,mean_ingestion,mean_maintenance,mean_net_energy,mean_metabolic_burden,mean_species_length,mean_maturation_age,gonadal_allocation_bias,log_total_biomass,log_biomass_stability,predator_share_logit,log_biomass_yield_ratio,log_mean_ingestion,log_mean_maintenance,log_mean_net_energy,log_mean_metabolic_burden,log_mean_species_length,log_mean_maturation_age
Base,1,30,21,50,7616215.32091667,430823.894684916,17.6782565100917,2.61685701330663,0.331182944831756,1448522.30878333,5.25773636832195,49.0523681034161,0.482238730530606,37.2369781214006,0.0310057648813493,17.8620425731429,0.735839820523809,5.86680438136849,6.88173921365426,2.87233543866425,-0.702839636482044,0.720798806066001,3.89288846422244,-0.72931599599064,3.61730230307447,-3.47358212787164,2.88267793470656,-0.306742819097096
Base,2,30,21,50,7687912.70998333,323694.646229664,23.7505093134247,2.61743913276283,0.323083751869245,1476161.3568,5.20813437863269,49.2547450351145,0.466915585781689,37.9465966192606,0.0300596231942698,17.9163115035,0.753926156833333,5.69714516742303,6.8858084436267,3.16760397502649,-0.739635971640534,0.716682181233286,3.89700570886778,-0.76160679614948,3.63617981916819,-3.50457242985664,2.88571155508272,-0.282460851004455
Base,3,30,21,50,7634412.56980333,461045.686549065,16.5589068340429,2.6200514447265,0.333429904300606,1457100.84743233,5.23717437900463,48.2377521598759,0.46311552360348,37.1807614875416,0.0301830829686894,17.6879691606905,0.744715618976191,5.78437273185569,6.88277562587081,2.80692413434118,-0.692712642673187,0.719097034581008,3.87614195431576,-0.769778744995965,3.61579146319011,-3.50047367815293,2.87288470003771,-0.294752852971055
Base,4,30,21,50,7610730.39562333,282012.477598591,26.9872115603915,2.61853861053616,0.333165533133165,1450332.24431533,5.24677732575139,49.0857698157953,0.47412396338907,37.3167465026444,0.031063011131081,17.8200140918095,0.751823327761905,5.74262630454511,6.88142633765984,3.29536310788724,-0.693902376538118,0.719892633047296,3.89356917234218,-0.74628646534178,3.61944219379315,-3.47173752033653,2.88032221282852,-0.285253919121026
Base,5,30,21,50,7599806.01076667,391510.300338494,19.4115097462212,2.62164100388757,0.334661084438982,1444283.97760567,5.26171162575825,49.594092520678,0.462663871088549,37.5796678596504,0.0294350437881748,17.9459494477619,0.754022192642857,5.85536617197481,6.88080250681647,2.96586617603248,-0.687178226808623,0.721127042386363,3.90387172423194,-0.770754468917568,3.62646315572514,-3.5255693488803,2.8873644319635,-0.282333478193991
Base,6,30,21,50,7645317.54179667,401947.632331238,19.0206806231323,2.61585359997142,0.337884951985378,1450245.42332467,5.27011052488582,49.2445161386814,0.474154962136905,37.0600762017614,0.0310488136433603,17.9176811942143,0.744119942690476,5.76355514667339,6.88339552817687,2.94552684107911,-0.672733870579712,0.721819723342469,3.89679801398057,-0.746221086375717,3.61254027702783,-3.4721946792759,2.8857880015299,-0.295553043848861
Base,7,30,21,50,7637628.32685667,274920.987186375,27.7811759844983,2.61809747518139,0.337093782005148,1451238.32040567,5.26286045790086,49.0384224363395,0.474898023587982,36.6974420918068,0.030693715752635,17.8743722622857,0.740625119047619,5.76978908991107,6.88295852029513,3.3243586684856,-0.676272352672522,0.721221855070087,3.89260412219412,-0.744655185179284,3.60270705486059,-3.48369734395384,2.88336796976961,-0.300260693919253
Base,8,30,21,50,7472373.7163,305371.882305554,24.4697503250256,2.61574899791724,0.336640381006695,1422841.829022,5.2522024799723,49.274618041619,0.468281389023175,37.1632863036783,0.0304524521982235,17.8447199249048,0.755816122952381,5.75391474423055,6.87345858416264,3.1974376740934,-0.678302012987035,0.72034146041813,3.89740910144342,-0.758685905151492,3.61532134662519,-3.49158875610739,2.88170766194111,-0.279957155994225
Base,9,30,21,50,7411472.52959333,326937.548991974,22.6693830440849,2.62204184705382,0.338147414132906,1415394.97069533,5.23689935973583,49.2342601151236,0.473376128781304,37.5023997589689,0.029864402668613,17.7664663062619,0.738120988547619,5.89664768018172,6.86990450324826,3.12101524950795,-0.67156091429004,0.719074227914975,3.89658972496673,-0.747865008223694,3.62440492450137,-3.51108805404885,2.87731276511901,-0.303647526697107
Base,10,30,21,50,7612814.90774,357169.160813817,21.3143119366578,2.61546760141326,0.332429355898319,1454051.17082,5.23569306848617,49.4319059008804,0.477819487086224,36.9190860929712,0.0308111330858175,17.6573529426429,0.747326444595238,5.69337946303735,6.88154527081205,3.05937876898574,-0.697217844475945,0.718974179022744,3.90059608414949,-0.738522259894438,3.60872865561677,-3.47987919048968,2.87115229394361,-0.291253181819004
Base,11,30,21,50,7668600.72623667,331817.303164671,23.1109127013517,2.61029359220811,0.328448924963147,1466917.69866767,5.22886035030177,49.0835920790192,0.492774456729808,37.0740796091842,0.0319451407497926,17.7985441528333,0.749101909666667,5.70954530915707,6.88471612635924,3.14030491729058,-0.715208727910786,0.718407043072106,3.89352480540866,-0.707703701040843,3.61291806260956,-3.4437351989337,2.87911666478646,-0.288880243750189
Base,12,30,21,50,7551397.22759333,264226.900042413,28.5792144039128,2.61766520031662,0.329799858212042,1445806.782221,5.22298229283089,49.2751508714359,0.484923841862211,37.7306632747068,0.031424492916985,17.8275526969524,0.754651718523809,5.68815552411168,6.87802731614465,3.35267968450716,-0.709090406659484,0.717918553476498,3.89741991485928,-0.723763427462922,3.63047311332626,-3.46016766092925,2.88074516485214,-0.28149893613314
Base,13,30,21,50,7614311.97676,321059.417846469,23.7162081331661,2.62271375765268,0.335518722937429,1438815.99748433,5.29148418639784,49.0081014260414,0.485563487835794,36.6303397517486,0.0310853543280763,17.6854222678571,0.751693880738095,5.69531253626591,6.88163066693719,3.16615870187197,-0.683328940850829,0.72357750257532,3.8919856196696,-0.722445231858237,3.60087685197972,-3.47101849264231,2.87274069954837,-0.285426111395777
Base,14,30,21,50,7565188.43952667,354002.303243002,21.3704497688921,2.62501146606111,0.344505612646539,1436738.53091467,5.26531999068123,48.983893252101,0.477723580837891,36.4579629673974,0.0303915749321329,17.7554536577381,0.745412197095239,5.78404166482417,6.8788197502346,3.0620091158523,-0.643279358303755,0.721424769816699,3.89149153493314,-0.738722996526567,3.59615989734954,-3.49358984937082,2.8766927170536,-0.293817928916523
Base,15,30,21,50,7743559.35771333,361511.706418978,21.4199408213322,2.61761959551342,0.339807283102,1472273.58537567,5.25990636698347,49.6947505814439,0.473052311589909,37.77315347683,0.0303196722627681,17.8509934109048,0.755940056428571,5.69474158584034,6.88894063175406,3.06432230223951,-0.664153145193829,0.72097801322896,3.90589930542043,-0.748549301277912,3.63159862481526,-3.49595852754185,2.88205915994904,-0.279793196384655
Base,16,30,21,50,7627334.67105333,399352.720539862,19.0992430469545,2.61566298051332,0.341443940834903,1447227.97251667,5.26916510315698,49.1734604740124,0.459382339307619,37.1048986831373,0.0302591243066799,17.925338965619,0.745809338380952,5.76486885775564,6.88237280271531,2.94964870321775,-0.65686613931499,0.721741806898209,3.89535405669836,-0.777872432418594,3.61374900087363,-3.49795751001357,2.88621529652274,-0.293285290021959
Base,17,30,21,50,7659512.4183,342713.389379999,22.3496153218781,2.61729083117339,0.331467194596854,1461938.45602833,5.23889523823476,49.0619729022126,0.466337487970283,36.6988852913525,0.0304028871637857,17.8130566427619,0.739916887333334,5.72028945577153,6.88420112462197,3.10680910936238,-0.701556624254638,0.719239713983075,3.89308425209052,-0.762845683867304,3.60274638106661,-3.49321770258661,2.87993170766056,-0.301217413506072
Base,18,30,21,50,7540656.45402333,398313.73238507,18.9314498620735,2.61284069760735,0.329888854113948,1435988.34550667,5.25036392460764,49.5951007673067,0.480231092502415,37.67009137229,0.0305652324062278,17.8866669830476,0.750100944738095,5.78359674303036,6.87740915514698,2.94082455299479,-0.708687795995623,0.720189407210001,3.90389205399964,-0.733487848223194,3.62886644729936,-3.48789211185858,2.88405557401746,-0.287547488524477
Base,19,30,21,50,7667008.15822333,382989.109532359,20.0188672925582,2.61807327569382,0.341602283397755,1452984.4161,5.27608731756503,49.9808680714303,0.473258492520088,37.3274555141368,0.0297552563166201,18.0203904172381,0.740221693261905,5.81092660982525,6.88462592537564,2.99667519349314,-0.65616203494403,0.722311974369186,3.91164029363193,-0.748113543950519,3.61972912864614,-3.51474947968548,2.89150391771897,-0.300805552161633
Base,20,30,21,50,7437837.77779667,388160.868332528,19.1617403623099,2.6128223049281,0.331845112018367,1428517.40627667,5.20650595401741,49.1436739544989,0.473163351968288,36.9571905914973,0.0299639645938541,17.819172270381,0.739527531404762,5.74865523936628,6.87144670199068,2.95291560152358,-0.69985168490302,0.716546369374635,3.89474812934708,-0.748314597112329,3.6097602317496,-3.50775979952001,2.88027497149028,-0.301743767768022
Base,21,30,21,50,7664007.74663,334944.035154779,22.8814576234756,2.6167801367783,0.325500252100579,1467093.57997467,5.22448363666841,49.5111600193713,0.481273296567324,36.5781989922117,0.0306274517380266,17.8450237985714,0.741212434928571,5.70610648466256,6.88445593504713,3.13032687180211,-0.72860806573767,0.718043373285045,3.90219809910029,-0.731319986100212,3.59945240698334,-3.48585855656973,2.8817246905681,-0.299468007959675
Base,22,30,21,50,7625600.17003,332022.331578789,22.9671303546654,2.6166940502035,0.328982311772393,1444987.02487933,5.27811639402264,49.2982070685907,0.460869208929695,36.6709717778928,0.0291266048870051,17.6291541591191,0.738963597190476,5.69248762002259,6.88227403034994,3.13406407875577,-0.712791511908871,0.722478963133821,3.89788771261026,-0.774640987888505,3.60198548235639,-3.53610326519793,2.86955401789746,-0.302506618800034
Base,23,30,21,50,7560477.89504333,366776.916900054,20.6132871145311,2.61493405317592,0.329140907078959,1448512.36547,5.21947935145927,49.2365970352307,0.469925319275873,37.4575566890057,0.0298712178962959,17.8961830962381,0.741853722904762,5.83047503608266,6.87854924796425,3.02593587342862,-0.712073171203156,0.717627183832632,3.89663718916427,-0.755181492060922,3.62320847035605,-3.51085987435814,2.88458745526189,-0.298603194191561
Base,24,30,21,50,7459670.98889333,282463.578279244,26.4093198646613,2.6134504360611,0.33461928768476,1419506.346232,5.25529922730162,49.9093466930759,0.472933009089014,37.0532264472491,0.0301184083833145,17.9566630126429,0.743136252476191,5.68351444707851,6.87271967320201,3.27371697303011,-0.687365945664149,0.720597449016253,3.91020829369591,-0.748801530353607,3.61235543154701,-3.5026187199661,2.8879612445331,-0.296875869547522
Base,25,30,21,50,7704413.18868,308918.718423909,24.9399363948796,2.61721178948056,0.319372817076592,1465882.603586,5.25526612992573,49.4292207639343,0.469035569209263,36.5619293236786,0.0297781288035001,17.743977860381,0.744684987095238,5.76763067955265,6.88673956601053,3.21647038992304,-0.756655574966362,0.720594713862201,3.90054176275873,-0.757076672880127,3.599007516629,-3.51398108769974,2.87604618288299,-0.294793986136749
Base,26,30,21,50,7602815.7416,387406.324843399,19.6249138283256,2.6151571159324,0.331783311705644,1447827.21666,5.25117020958012,49.5507681329994,0.467992024452189,37.0801947089626,0.0304003843508959,17.8924931362381,0.749001464071429,5.94555258395628,6.88097446524987,2.97679987274549,-0.700130424364176,0.720256095583453,3.90299776283544,-0.759304024978531,3.61308299173464,-3.49330002752831,2.88438124701943,-0.289014340765321
Base,27,30,21,50,7579738.25557,322450.19991105,23.5066942357639,2.61643803784211,0.331968275438326,1438275.4829,5.27079953798995,48.6570457878259,0.469615126837778,37.2320387277884,0.0304882634604625,17.7489629914762,0.749578452571428,5.82985259269431,6.87965420878188,3.15728524168123,-0.699296255825661,0.721876499197253,3.88479662420587,-0.755841798811204,3.6171696467342,-3.49041347400005,2.87632709119931,-0.288244293706631
Base,28,30,21,50,7576971.51868333,339523.428978688,22.3164909163278,2.6157776137497,0.335551079222592,1443681.84297,5.24790501231568,49.4812319940114,0.476305036381962,37.1546012168619,0.0304831369759323,17.9477112571429,0.744176261738096,5.81267070169972,6.8794956547693,3.10532590814282,-0.683183813663136,0.71998596565867,3.90159344604236,-0.74169679726112,3.61508761859158,-3.49058163430162,2.88746260023878,-0.295477361269709
Base,29,30,21,50,7599320.74276,373858.802079589,20.3267134556918,2.61914223500694,0.334877611385377,1447521.819872,5.24904223385526,49.9732061404048,0.4650376447067,37.565748045734,0.0299327424449528,18.1681787169286,0.754960818595238,5.85144294676154,6.88077477506306,3.01193595474365,-0.686205940827188,0.720080067120684,3.91148698460274,-0.765636920313075,3.62609267899259,-3.50880233268327,2.899671641662,-0.281089426980098
Base,30,30,21,50,7590777.18229,318704.636165484,23.8175925948833,2.61490412841448,0.327521094096744,1449534.58168333,5.23628961449509,49.0344916682426,0.476150864818572,36.7116616782999,0.0303483606949673,17.6653410870476,0.757993163357143,5.64680854929314,6.88028624344496,3.17042449227397,-0.719418281840628,0.719023658982366,3.89252396207785,-0.742020532070348,3.6030944614884,-3.4950127762808,2.87160458926029,-0.277080912698193
Base,31,30,21,50,7608816.332892,278331.332176323,27.3372612181219,2.61309753400657,0.327193296612806,1442034.612234,5.27800958213233,49.2136272902165,0.473723733340817,37.2829960464588,0.0306647910067509,17.544372854119,0.741883420761905,5.69044212687958,6.88131710091298,3.30825065137386,-0.720906954632403,0.722470174338639,3.89617056259052,-0.747130968258063,3.61853735264129,-3.48464015529507,2.86473326340452,-0.298563163034731
Base,32,30,21,50,7736025.21715,374276.346165271,20.6692870025346,2.62221782259231,0.33904487490902,1469275.349816,5.26598503848267,49.7714620035386,0.467422668865589,36.6278733316233,0.0294432666380879,17.7800873030714,0.758171343404762,5.78235010436349,6.88851787674858,3.02864887878498,-0.667553475140837,0.721479620870762,3.9074417676357,-0.760521358127084,3.60080951700054,-3.52529003210279,2.8780791402577,-0.276845872176344
Base,33,30,21,50,7618233.55567667,308916.093274054,24.6611740907851,2.61959272064916,0.339881463265598,1454219.38267333,5.23915447678652,49.2565129151864,0.47393085605708,36.9664307107285,0.0295836049815398,17.893492961119,0.755139779071429,5.82776074255695,6.88185428289394,3.20523010774577,-0.663822500638935,0.719261203835788,3.89704160080762,-0.746693841224905,3.61001022272993,-3.5205349568623,2.88443712503148,-0.280852409026056
Base,34,30,21,50,7719483.54536667,385961.975672041,20.0006322693458,2.61416821007811,0.330508825463748,1474919.83723867,5.23401796033029,48.5445213141298,0.485855722415873,36.9958917220949,0.0329119597713139,17.9592535754286,0.747568927666667,5.7940713140286,6.88758824581499,2.99576388652159,-0.705884620567849,0.718835208571145,3.8824813421108,-0.721843566612562,3.61080687194146,-3.41391916838287,2.88810550162223,-0.290928767043155
Base,35,30,21,50,7895794.31641,342319.778060249,23.0655510503992,2.62080129477462,0.343748101048544,1489749.17622,5.2996113714182,48.9778291841764,0.476358873109433,36.9844686135199,0.0310367758500757,18.0759999053333,0.756974282047619,5.88611331073014,6.89739582653954,3.13834020791881,-0.646635582798857,0.724244023291949,3.89136773008811,-0.741583773713167,3.61049805731515,-3.47258245987148,2.89458508631189,-0.278425999638817
Base,36,30,21,50,7622414.95522,302240.420877138,25.219707321406,2.6158695558641,0.32687477655735,1454872.69339333,5.23934479388178,49.1960282392869,0.466577332917937,37.158563010609,0.0300022568960205,17.7264269556667,0.746047164666667,5.75225742965852,6.88209258755566,3.22762572544985,-0.722354228612032,0.719276979694937,3.89581289339591,-0.762331499833418,3.61519424286985,-3.50648267028226,2.87505657443405,-0.29296645736313
Base,37,30,21,50,7612370.05794,338202.192530148,22.5083403540071,2.61716084417584,0.333841788893129,1449062.75396667,5.25301157021719,49.4159178051299,0.468482289249173,37.0408467344129,0.0290934836246741,17.8042326217857,0.756383761547619,5.7619286957155,6.88151989235998,3.11388592292494,-0.690860001740021,0.720408357375723,3.90027259506718,-0.758256981114966,3.61202126951704,-3.53724106030442,2.87943621677179,-0.279206410503873
Base,38,30,21,50,7615057.09981333,278615.81746533,27.3317472392282,2.62257343203933,0.339491226100123,1455172.47099667,5.23328241799762,48.7495035545618,0.485484175868073,36.7839988656945,0.0305721173967517,17.7445082767381,0.75057504447619,5.73680922232598,6.88167316414493,3.30804892907935,-0.665562304526774,0.718774172398442,3.88669501389584,-0.722608585256555,3.6050629371839,-3.48766688159999,2.87607607518975,-0.286915640267724
Base,39,30,21,50,7800423.67733,380879.186650853,20.4800470876886,2.61931051635088,0.33665883985824,1467091.664922,5.31717360449565,49.6621663588956,0.476325931634739,37.260937455572,0.0303285320223536,17.8382622867619,0.739893105809523,5.78037589205797,6.89211819188657,3.01945109937221,-0.678219355238366,0.725680840160645,3.90524340294842,-0.741652928746486,3.61794552469516,-3.49566635863914,2.88134571695708,-0.301249554826812
Base,40,30,21,50,7497277.09051,327015.917634461,22.9263368729668,2.61658203881474,0.330155441620175,1426616.726182,5.25433055401393,49.1241838830505,0.477110771712505,37.204991291331,0.0315425197291106,17.9547504159762,0.734478036952381,5.89075023087968,6.87490356215406,3.13228633151171,-0.707482104279202,0.720517391112491,3.89435145698375,-0.740006589241656,3.61644292677665,-3.4564188106855,2.88785472705101,-0.308595185854244
Base,41,30,21,50,7654366.66805333,343393.56171636,22.290361618299,2.61276410615893,0.322012958917899,1465026.17893333,5.2249181521668,48.8935842738855,0.465324641303776,36.8618971739373,0.0308105605790602,17.7416728279524,0.747909694333333,5.76424324468417,6.88390926244794,3.10415437060844,-0.744536384488262,0.71807949165568,3.88964618693019,-0.765019963649,3.60717842063873,-3.47989777182762,2.8759162693891,-0.290473037796944
Base,42,30,21,50,7456272.50616667,353060.999678409,21.1189355747543,2.61063737867378,0.326954480191349,1426239.27710333,5.22735111582488,49.9601826362857,0.470581107697426,36.9856681901641,0.0293468487042111,17.7691328106667,0.746036230571428,5.69711682512723,6.87252177189981,3.05017005864538,-0.721992007617761,0.718281672193392,3.91122634090093,-0.753786948634053,3.61053049139452,-3.5285701080054,2.87746284022544,-0.292981113508053
Base,43,30,21,50,7493464.95008333,371787.933574915,20.1552128871697,2.62049420896991,0.332005612120405,1434648.66158667,5.22289232388181,49.7185580108674,0.462248679240545,37.1701672246517,0.0296027062768101,17.8882524644048,0.738278457309524,5.74933743472303,6.8746826802814,3.00346295901246,-0.699127899372763,0.717911072433586,3.906378264027,-0.771652265959559,3.61550648321354,-3.51988949356082,2.88414421049143,-0.303434212118937
Base,44,30,21,50,7596529.07608667,333571.97497866,22.7732832668951,2.6204980953109,0.333678674961476,1445620.62428,5.25490193858161,49.7475238699592,0.466045675514059,37.725636509272,0.0295636628147624,18.012497418619,0.743159222142857,5.66249531662894,6.88061520446192,3.12558806234207,-0.691593545321901,0.720564616095897,3.90696069090785,-0.763471633535168,3.63033987685809,-3.52120927938897,2.8910658180151,-0.296844960933373
Base,45,30,21,50,7579271.11032667,347687.92247253,21.7990635292357,2.61873801333267,0.332008273115555,1448257.31314667,5.23287390445036,48.989667208614,0.473920702437539,36.921098410626,0.0303177167649469,17.8451509204048,0.744644686690476,5.77132229031127,6.8796274420458,3.08186701149784,-0.699115900927657,0.718740269755679,3.89160940258013,-0.746715265717907,3.60878316029247,-3.49602302562968,2.88173181419999,-0.294848104986969
Base,46,30,21,50,7704838.08023333,368966.372568214,20.8822230237496,2.61470293484809,0.324491174200724,1472088.872277,5.23336623586796,49.3704306164117,0.473756203685601,37.1222962070667,0.0298567715148974,17.7498487498572,0.746394415857143,5.71280214696576,6.88676351630556,3.03889822400194,-0.733207885269379,0.718781128137528,3.89935167446104,-0.747062427820364,3.61421776503139,-3.51134361345007,2.87637699475031,-0.292501110911685
Base,47,30,21,50,7486721.42889667,271475.103914279,27.5779300604326,2.62034207060328,0.331572942757986,1419643.96455267,5.27520352895464,49.8693996902631,0.474261274112699,37.8002272552205,0.0304934138352395,17.7916661102857,0.731452180476191,5.66460164436051,6.87429167389954,3.31701581735254,-0.701079452608717,0.722239220329298,3.90940758199336,-0.745996897939931,3.63231511465034,-3.49024455851535,2.87873015160868,-0.312723432530028
Base,48,30,21,50,7612145.93234333,340473.184691099,22.3575490658673,2.62265046862998,0.346224158902953,1449263.44816467,5.25181369226192,48.9370907941088,0.479356117650492,37.2315692819883,0.0312044412516871,17.9991887717857,0.743784725619048,5.64831219558317,6.88150710554824,3.10716402984016,-0.635678118699365,0.720309311123126,3.89053561190986,-0.735311497152978,3.61715703800324,-3.46719484648671,2.89032668864643,-0.296003633304273
Base,49,30,21,50,7611879.37072333,311262.099448624,24.4548866829825,2.62004932730877,0.335255780059217,1443750.6796,5.2727495081198,49.24090474039,0.469039046135918,36.4627284085187,0.0308164371040698,18.010356929,0.747154044142857,5.90700819309768,6.88149189718667,3.19683006028533,-0.684508571943301,0.722037139845524,3.89672467524148,-0.757069259980134,3.59629059937768,-3.47970705914492,2.89094697737016,-0.291483898050424
Base,50,30,21,50,7747728.17135,484609.49407068,15.9875699220618,2.61300268309091,0.332345405480821,1478980.18528667,5.23687028563414,49.2604040738186,0.461715965786474,36.6945775296423,0.0298277706453126,18.0517300675238,0.750934722666667,5.91471668196577,6.88917437511449,2.77181154044109,-0.697596159681964,0.719071816801811,3.89712059553773,-0.772805369632876,3.60262899290833,-3.51231541857138,2.89324152880198,-0.28643655154619
Base,51,30,21,50,7845234.39577767,310604.827576345,25.2579280785626,2.6209422122709,0.341288449879798,1481105.19322367,5.29728296442977,49.6458471280857,0.476810508118701,37.0888421386978,0.0309941434721562,18.1866650952619,0.747382986880953,5.73793157257717,6.89460592373839,3.22914008974834,-0.65755771642072,0.724053172219753,3.90491474405406,-0.740636124634292,3.61331617340025,-3.4739570125977,2.90068863846287,-0.291177525260544
Base,52,30,21,50,7684243.29826667,339609.125880008,22.626727943058,2.6103579797285,0.331427353027778,1469514.86358667,5.22976169083006,49.3650985277823,0.472284529081395,36.0830224258275,0.0309910590085471,17.9557023778095,0.757772951928572,5.77172902665966,6.88560110702541,3.11913185984354,-0.701736422860075,0.718481899437923,3.89924366696504,-0.750173659166659,3.58582246180307,-3.4740565351769,2.88790774569931,-0.277371473923833
Base,53,30,21,50,7518926.76980667,286690.075866389,26.2266726432165,2.61733066933335,0.329316514508021,1443122.030258,5.21038005195821,49.1208809604314,0.486356987785521,37.3015956972626,0.0313247350867252,17.8166709311905,0.745005079523809,5.76853064967212,6.87615585505787,3.26677693273337,-0.711277981540373,0.716869402464303,3.89428421854026,-0.720812381957585,3.6190361058222,-3.46334723516393,2.88013458815879,-0.294364242473057
Base,54,30,21,50,7605521.23614333,507886.181771361,14.9748536367291,2.61754398276174,0.330090639904374,1451359.20782333,5.23841360866831,48.9538761043174,0.459512251875953,36.8678209396575,0.0296795260949403,17.7986819746905,0.739355209238095,5.83488464606454,6.88112898330994,2.70637237011262,-0.707775136670506,0.719199785969835,3.89087855081229,-0.777589674046859,3.60733910932396,-3.51729782796204,2.87912440819077,-0.301976811487732
Base,55,30,21,50,7665730.78039,380096.658723683,20.1678457425292,2.61426626105853,0.330692908387526,1462606.79623767,5.2409760961539,48.7624457377591,0.485311584010953,37.548121370474,0.0315504315023508,17.9164152317381,0.752611183833334,5.6643973794212,6.88455356281239,3.00408954123128,-0.705052810105848,0.719412178910353,3.88696046204588,-0.722964153062001,3.62562334687801,-3.45616801331029,2.88571734466378,-0.28420654067101
Base,56,30,21,50,7599867.05572,394641.557944862,19.257645077465,2.61927629850053,0.341572994697442,1443676.15653767,5.2628410222899,49.1467478363894,0.478544492924342,36.8083267793395,0.0311964728687383,17.8854103121429,0.744645860880952,5.75967949877234,6.88080599524498,2.95790812877314,-0.656292261626853,0.721220251228556,3.89481067627354,-0.737006088243984,3.60572409075713,-3.46745023963613,2.88398531413879,-0.294846528141567
Base,57,30,21,50,7720040.37101,324587.538459214,23.7841551393387,2.61606065338778,0.33130021053645,1465529.10845667,5.26662807336902,48.9630869298861,0.47430760820822,36.8867416708695,0.030759209045202,17.9698949397619,0.752234362761906,5.8321047463637,6.88761957143172,3.16901960851924,-0.702310269424023,0.721532649782048,3.89106668625502,-0.745899205307543,3.60785218216874,-3.48156584842036,2.88869785435444,-0.284707350976967
Base,58,30,21,50,7802021.43367333,402698.009638596,19.3743729716353,2.62429793240066,0.334076493377655,1488440.89990833,5.24255935706079,49.2909368233753,0.474518758987074,37.2126132906974,0.0305532819507084,17.9452917800476,0.755023601761905,5.85184355267429,6.89220713906899,2.96395121196142,-0.689804820178719,0.719543356313925,3.89774022689445,-0.745454127494277,3.61664777076312,-3.48828317030617,2.8873277841524,-0.28100626960992
Base,59,30,21,50,7636708.28078667,342588.417849532,22.2912039137902,2.62114454492262,0.33255280022279,1450164.58725333,5.26529069464512,49.2076106386456,0.47415895895305,36.8371212394885,0.0302428538103773,17.921787574381,0.755045786547619,5.82321637953833,6.8829062010433,3.10419215732505,-0.696661640536934,0.721422353412333,3.89604829931269,-0.74621265706543,3.60650606608326,-3.49849536008728,2.88601715560643,-0.280976887137979
Base,60,30,21,50,7586483.52014667,437747.747449102,17.3307197223871,2.61470695355447,0.328687461818487,1450025.03699667,5.23127660710087,48.792434020475,0.472718703163231,36.676232423144,0.0307993104783263,17.7111180596667,0.747754087190476,5.90656141301445,6.88004051875692,2.85248063329718,-0.714127473048191,0.718607684233431,3.88757526027504,-0.749254775299236,3.60212892736749,-3.48026297632053,2.8741925813473,-0.290681115501761
Base,61,30,21,50,7695002.45710467,367309.935107889,20.9496169899255,2.61797258289511,0.327247546358015,1466452.35543233,5.24599404562884,49.163840523114,0.463878697356021,37.4550553217438,0.0297211324293525,17.6829951961191,0.752552126952382,5.66279602334481,6.88620876284285,3.04212036409723,-0.720660529780976,0.719827793316476,3.89515840457386,-0.768132189046192,3.62314168941768,-3.51589695658283,2.87260345440618,-0.284285013060763
Base,62,30,21,50,7680991.40600333,272385.313949249,28.1989924296523,2.61804362189644,0.317355163037718,1464779.60373333,5.24549620627689,49.3427441479002,0.470783713853227,37.4434879817903,0.0303215990636853,17.7918024781429,0.749999250833333,5.68540082743301,6.88541727919407,3.3392862478608,-0.765953185031476,0.719786577268347,3.89879072665841,-0.75335649668962,3.62283280917688,-3.49589498003119,2.87873781628346,-0.287683071341169
Base,63,30,21,50,7450869.05464667,306292.750023528,24.3259726326344,2.61625874414705,0.33031856445538,1431470.99624667,5.20564471813109,48.6603883792784,0.473718442413322,37.2777829840859,0.0313785434744603,17.7571006771667,0.751324308666666,5.78167246528876,6.87220693095307,3.19154461217031,-0.706744594329832,0.716474524468492,3.88486531881301,-0.747142137124365,3.61839751873802,-3.46163094848234,2.87678547407773,-0.285917884657713
Base,64,30,21,50,7843618.69935,299051.325553756,26.2283361721467,2.61673858131445,0.344963746455385,1479217.41650333,5.30233070054074,48.7225394392817,0.481360808457007,36.7763827896371,0.0306711831383916,17.8550627896429,0.752555692047619,5.89363363084667,6.8945164732169,3.26684035961932,-0.641251254254867,0.724466810711514,3.88614174518124,-0.73113816854468,3.60485586713034,-3.48443172519339,2.88228709768223,-0.284280275732057
Base,65,30,21,50,7709096.81360333,312311.961829958,24.6839626904866,2.61437518138317,0.342310788484071,1453165.83946667,5.3065027705025,48.5340613812358,0.471302521483833,36.7514491375261,0.0305311337654523,17.6705860759048,0.747174939904762,5.91846945319102,6.88700349973125,3.20615374897196,-0.653013434154101,0.724808395309078,3.88226584796896,-0.752255095005586,3.60417765719505,-3.48900833681442,2.8719014536313,-0.291455931301295
Base,66,30,21,50,7550301.07588,329983.215222266,22.8808640184755,2.61915664561589,0.33555562669741,1442785.55784567,5.23417800606499,49.37983679233,0.468903532258289,37.2275710541634,0.0301191256988404,17.7438402593095,0.751216276952381,5.91546499151552,6.87796426990552,3.13030092884385,-0.68316341749395,0.718848488219264,3.89954217877447,-0.757358219841204,3.6170496441276,-3.50259490373468,2.87603842804886,-0.286061683388351
Base,67,30,21,50,7770924.43007333,309975.478343938,25.0694812105459,2.62178453834133,0.339950488864783,1471807.12797767,5.28040294857565,49.7200641794847,0.474606592151758,37.1249100932548,0.0299427467613161,17.8545544832619,0.744437473904762,5.72337278073269,6.89047268559616,3.2216512183201,-0.663514863057876,0.72266706489473,3.90640855745995,-0.745269045165943,3.61428817538942,-3.50846816200379,2.88225862880354,-0.29512641439465
Base,68,30,21,50,7638352.77095,340003.578695737,22.4655069815763,2.61948513342143,0.334348163574997,1460566.25612867,5.22983054170798,49.4666681691247,0.471735772131961,37.0060887909849,0.030171609661874,17.8439125773095,0.749367948190477,5.91317619700786,6.8829997120288,3.11198110988717,-0.688583909756774,0.718487616975603,3.90129907243831,-0.75133625495096,3.61108246102391,-3.50085387417261,2.88166241797748,-0.288525163499212
Base,69,30,21,50,7646498.32779667,313681.407155893,24.3766386956959,2.61915042306802,0.342238604703875,1456471.67476667,5.2503786904875,49.69341954886,0.469815454249864,36.8778744806584,0.0302478787767749,17.6510329923571,0.751947959190476,5.9195965698894,6.88346259788913,3.19362524316554,-0.653334076058294,0.720190628597931,3.90587252089301,-0.755415311917643,3.60761176363974,-3.49832922004585,2.87079430814586,-0.285088160631104
Base,70,30,21,50,7682298.57029667,343027.865517773,22.3955524974651,2.6187226856395,0.33233542592727,1467236.817386,5.23570721138444,49.0354029922522,0.474084915517846,36.6322553695285,0.0309363045685997,17.8087868653095,0.752875452238095,5.70419686588245,6.88549118188572,3.10886238992718,-0.697641134857447,0.718975352157667,3.89254254727186,-0.746368826669785,3.60092914654497,-3.47582487960666,2.87969197961438,-0.283855466936918
Base,71,30,21,50,7802092.70405667,307728.280320352,25.3538371446866,2.61794707435876,0.319238798770937,1480306.13328667,5.2711604536219,49.0853071338152,0.477780444763832,36.7243449055424,0.0308898466101685,17.8979737414286,0.754844429833334,5.69733730894003,6.89221110627071,3.23293008523672,-0.757272177442804,0.721906236298811,3.89355974630766,-0.738603972588447,3.60343988406674,-3.47732773774321,2.88468750763637,-0.281243604165872
Base,72,30,21,50,7537617.30566,267112.667747736,28.2188687238847,2.6144060431515,0.333148365894852,1444300.06777567,5.21999677530313,48.786722260458,0.467602695877036,37.2371351606154,0.0300545187797022,17.8715896880714,0.746614676547619,5.7443168187142,6.87723408399456,3.33999085787786,-0.693979649565926,0.717670234713279,3.88745819101063,-0.760136284052179,3.61730652035771,-3.5047422539417,2.88321228369666,-0.292206054849141
Base,73,30,21,50,7485713.58153333,288063.827644855,25.9863018648847,2.61646376695594,0.33340215506092,1437251.54947667,5.20799778206595,49.0249721818691,0.476418075896145,37.3951905790246,0.0305998854772758,17.6572517842857,0.754199183047619,5.68827498407286,6.8742332061154,3.25756954783596,-0.692837498767959,0.716670790606848,3.89232980465479,-0.741459499533675,3.62154210200782,-3.48675901260349,2.87114656496219,-0.282098777362367
Base,74,30,21,50,7678907.633912,277523.898602796,27.6693563061478,2.6123348577672,0.330742032414179,1461595.75560667,5.25347343927983,48.7833403149762,0.473191598618367,37.1846698251708,0.0307757630936194,17.9402134433095,0.739167342714286,5.94988110041591,6.88529944368956,3.32032553028819,-0.704830874321296,0.720446540875765,3.88738886758511,-0.748254901434571,3.61589657486805,-3.48102781132563,2.88704475418025,-0.302230938859102
Base,75,30,21,50,7739506.27940333,323818.855238109,23.9007276883625,2.61980403956216,0.338603503756611,1473935.31206333,5.25033331068917,48.9542351974864,0.466818769612438,36.8039519506617,0.0297947396713008,17.7761283570238,0.749488354880953,5.64423985551828,6.88871325694003,3.17390890568578,-0.669523685628128,0.720186874910372,3.89088588612219,-0.761814170268337,3.60560522937263,-3.51342342214975,2.87785645367587,-0.288364498743707
Base,76,30,21,50,7579218.92833667,413203.157607202,18.3425968287048,2.61459885810005,0.338146346486246,1440996.69563667,5.25957079345684,49.5308276781887,0.468806534397755,36.9849970393759,0.0296703330929826,17.9706724762143,0.750711669904762,5.85595695397451,6.87962445199201,2.90922605051833,-0.671565684753137,0.720950305058922,3.90259525710435,-0.757565102254711,3.61051234499051,-3.51760761815049,2.88874112225523,-0.286733629159999
Base,77,30,21,50,7626196.76425667,322652.530497036,23.6359428283695,2.62030095724108,0.329855345244186,1448584.062624,5.26412060462966,49.4287030883498,0.475171876580056,36.7585363565088,0.0292967837427554,17.8783852570238,0.745197036357143,5.87856687628367,6.88230800635707,3.16276855464354,-0.708839381088835,0.72132583070566,3.900531289636,-0.744078694966068,3.60437048049537,-3.5302775388561,2.88359245565732,-0.29410661723907
Base,78,30,21,50,7652978.65072667,438280.487065265,17.461372058727,2.62083089356871,0.341510122507443,1452681.40837667,5.26951817710237,49.4754682771231,0.468149385493798,37.1761422305215,0.0295466918485365,17.9406809334286,0.750530479333333,5.75823320727985,6.88383050179351,2.85999113029803,-0.656571829114396,0.721770906940817,3.901476956368,-0.758967834224827,3.61566721764478,-3.52178349237716,2.88707081206577,-0.286975016696847
Base,79,30,21,50,7669211.61074333,313307.722094692,24.4782080679947,2.61695917811962,0.335583970137931,1457353.546147,5.26224402473093,48.5286233943129,0.462680408233231,36.9671064249654,0.0300889900160579,17.8507345169524,0.754457118976191,5.75862845415969,6.88475072109344,3.19778325512807,-0.683036295605786,0.721170983646452,3.88215379693841,-0.77071872623227,3.61002850169407,-3.50359595433861,2.88204465678813,-0.281756836085564
Base,80,30,21,50,7619192.09377333,380638.252305788,20.0168849232011,2.62022760446879,0.335467489616884,1448381.45458,5.25957055390238,49.3549505962552,0.47766762939475,37.004487341876,0.0302979438440558,17.9371579499286,0.741712181833334,5.65142490560745,6.88190892306955,2.99657616353871,-0.683558751110545,0.720950285278376,3.89903807688171,-0.738840124343121,3.61103918480062,-3.49667542870156,2.8868744243445,-0.298794006168846
Base,81,30,21,50,7640460.98019667,314489.966360156,24.2947686650414,2.61460679545026,0.327052401332795,1453905.86919,5.2554569802966,48.820290181881,0.475276754412824,36.8055525777626,0.0307406259251961,17.7394822669286,0.749583281380953,5.74974194374372,6.88311956212492,3.19026104589615,-0.721547057523087,0.720610485424648,3.88814600886114,-0.743858003747684,3.60564871905814,-3.4821701791663,2.87579279195322,-0.288237851693851
Base,82,30,21,50,7626043.40467,262937.563404588,29.0032481701202,2.62047904641729,0.335610257101849,1455476.11422,5.24013032142294,49.3589177200607,0.489892734790952,36.8713144828441,0.0312621724330516,18.0094214954286,0.750319560690476,5.74502235029161,6.88229927279118,3.3674078295805,-0.682918401877592,0.71934208797057,3.8991184531019,-0.713568820431342,3.60743386343707,-3.46534646078446,2.89089503737427,-0.287256082277846
Base,83,30,21,50,7567373.63990667,397180.890097876,19.0527133318067,2.61569247365428,0.328296459560627,1453004.52724433,5.20763591437298,49.1762674963056,0.465746289812869,36.9018802591135,0.0304274581189814,17.9283411402381,0.755336929523809,5.89304567364047,6.87894517783483,2.94720952354606,-0.715900042832487,0.716640613443003,3.89541113916014,-0.76411423558076,3.60826250527982,-3.49240985063648,2.88638276466643,-0.280591365009451
Base,84,30,21,50,7554552.20537667,324875.962608398,23.2536508540733,2.61865823693728,0.326364153615761,1440968.78636833,5.24190862768764,49.5389414698316,0.466485854779428,37.1025075133374,0.0299132611339353,17.7482093986905,0.739315608238095,5.73448464545051,6.8782087267164,3.14646214568772,-0.724675884063024,0.719489446439481,3.9027590566515,-0.762527581170693,3.61368455529,-3.5094533807246,2.87628463188579,-0.302030374457314
Base,85,30,21,50,7668440.37921333,340236.614711655,22.5385512541388,2.61475898252987,0.335439117791077,1470650.75238667,5.21459565899585,49.3573897625278,0.477429167194695,37.6187296218131,0.0305996664714869,17.9366182768571,0.759046338333334,5.73955609935323,6.88470704536025,3.11522723210667,-0.683686022184332,0.717220638769283,3.89908749656449,-0.739339471018479,3.62750205461087,-3.48676616970782,2.88684433701452,-0.27569245162752
Base,86,30,21,50,7855723.86987,339189.150570002,23.1603040859903,2.62343762127402,0.337236250496493,1493738.99858167,5.26057894056293,49.3352590837325,0.467499787335555,36.6625524067906,0.0301795646899841,17.9069876313095,0.761103285547619,5.9333797085889,6.89518620951676,3.14243978241093,-0.675634866305253,0.721033542035112,3.8986390198152,-0.760356385150707,3.60175586374109,-3.50059024953758,2.8851910071362,-0.272986206877196
Base,87,30,21,50,7641075.36908667,397002.754058807,19.2469077127733,2.62202141365521,0.332189680598934,1457476.07485133,5.24252956958588,49.2928070584122,0.47854489441627,37.50947026066,0.031154397560844,17.9148664620476,0.747447457,5.63554994694527,6.88315448344418,2.95735040953259,-0.698298047345428,0.719540888707579,3.89777816895191,-0.737005249258757,3.6245934413777,-3.46879987000989,2.88563089675468,-0.291091267826665
Base,88,30,21,50,7535168.32080333,328585.603124475,22.93213168548,2.61471271443681,0.327911100102814,1445527.59213767,5.21268995006901,49.6650530149071,0.472534634365862,37.5735331131671,0.0302427003886114,17.7703255657143,0.750763594833334,5.8882532460658,6.87709295804144,3.13253905746293,-0.717648087911804,0.717061893931693,3.90530152711681,-0.749644234489461,3.6262998959726,-3.49850043309249,2.87752996308564,-0.286664463946543
Base,89,30,21,50,7706738.67025,329631.407755832,23.379867600355,2.61894611421409,0.328625983990617,1466204.77794733,5.25727931095887,49.6072585639094,0.490223723396497,37.7472146411158,0.0318395588797313,17.8872223219286,0.748395305761905,5.70375277887674,6.8868706326343,3.15187529308328,-0.714406105278251,0.720761051012298,3.90413716503824,-0.712893413717451,3.63091168863153,-3.44704577238172,2.88408662118017,-0.289823956967046
Base,90,30,21,50,7711161.40528,381539.29814302,20.2106609799064,2.61991733228433,0.34915789354291,1468976.176045,5.25009509635512,49.7769436164428,0.471692461644513,37.9176134096041,0.0303240176768551,17.8234461897857,0.739758807785714,5.74378725226763,6.88711979360457,3.00621023646737,-0.622742835865421,0.720167169967526,3.90755189723296,-0.751428070069331,3.63541573789573,-3.49581521785542,2.88051479222231,-0.301431081337127
Base,91,30,21,50,7605404.44739667,316767.290971422,24.0094374140504,2.62263409182804,0.331552302353074,1460153.78281,5.20875361809518,49.3680151629422,0.465367070180375,36.9722436786906,0.0290631803000199,17.9828332536667,0.750613976809524,5.75364949680141,6.88112231432618,3.17844697864046,-0.701172583105617,0.7167338151343,3.89930274815983,-0.764928786568331,3.61016746027907,-3.5382831877358,2.88941759469758,-0.28686377160523
Base,92,30,21,50,7526152.08325,438001.419351827,17.1829399420384,2.61966933180315,0.333875840483206,1437864.70920667,5.23290213756088,48.9954304965126,0.464275072157948,36.1163852518277,0.0298042906208613,17.7125008554762,0.739562485333333,5.78985342849056,6.87657298999354,2.84391702776199,-0.690706890080306,0.718742612913809,3.89172703858888,-0.767278074482327,3.58674664745633,-3.51310291526917,2.87427065331468,-0.301696503668904
Base,93,30,21,50,7788310.49220667,403574.745440903,19.298309867477,2.62303164647044,0.336957646453204,1483381.20876867,5.24969521943348,49.1528371660482,0.472961662365204,36.7594356764678,0.0292981388939971,17.9018797246429,0.758197680047619,5.87132952964543,6.89144325696768,2.9600175204429,-0.676881625541096,0.720134090384911,3.89493456956701,-0.748740945857122,3.60439494580457,-3.53023128395274,2.88490571988316,-0.276811135720439
Base,94,30,21,50,7587407.53872333,300772.204008914,25.2264253065701,2.61158118490152,0.315194021914064,1454815.299661,5.2149622440984,49.5987316002659,0.472412065125567,36.074679814612,0.030933519195731,17.8355354431667,0.742988956785715,5.72436459832826,6.88009341173842,3.22789206837264,-0.775947162675808,0.71725116851728,3.90396526082861,-0.749903654922483,3.58559122907272,-3.47591491939346,2.88119284040487,-0.297074097381947
Base,95,30,21,50,7549001.07355667,419483.031778036,17.9959628916555,2.61292142908033,0.331840786521302,1452691.92102533,5.19675360694219,49.3404792988045,0.469905522071632,37.3236971768057,0.0300916440460279,17.9628648069524,0.748150507785715,5.77449363228235,6.87788948713327,2.89014744894387,-0.699871193447649,0.71573212615861,3.8987448252576,-0.7552236213535,3.61962843797496,-3.50350775221136,2.888306560563,-0.290151107631139
Base,96,30,21,50,7519551.92984,407633.598089689,18.4468404103077,2.61645009149349,0.328503765097338,1440989.02433433,5.21912808116481,49.2389778106332,0.480091281752007,37.1067421294789,0.0308227396325806,17.7892717570952,0.750473161428571,5.71594761171718,6.87619196290606,2.91489310434749,-0.714960109609776,0.717597954885843,3.89668554177164,-0.733779022843603,3.61379868166014,-3.47950256165269,2.87859556531964,-0.287051389469348
Base,97,30,21,50,7652315.95231667,360608.05547456,21.220590711004,2.61148590984526,0.322451383377141,1472284.55308133,5.19823520922127,49.1413257189495,0.470480248897823,37.5590915549524,0.0304441409631736,17.6601913205,0.753777297500001,5.66050449900729,6.8837928930744,3.05497197026323,-0.742528933378387,0.715855926522403,3.89470034513672,-0.754001299801025,3.6259154675447,-3.49186171834288,2.87131302866753,-0.282658316007787
Base,98,30,21,50,7551945.08095333,324731.43950945,23.2559714339996,2.61263779955047,0.326760174348318,1452429.6858,5.19869895626104,49.5465141330323,0.475540412520782,37.3925210050876,0.0302227573905288,17.8131596571429,0.749912304095238,5.75423207024588,6.87805882303715,3.14656193492763,-0.722875129248472,0.715894669247384,3.90291190780749,-0.74330341107964,3.6214707112972,-3.49916008240429,2.87993749072661,-0.287799007161393
Base,99,30,21,50,7774441.407791,340837.889355269,22.8097921346045,2.62134100994573,0.334036044143336,1473776.84077667,5.27543662222147,49.6263896979348,0.484097792012472,37.1298744734866,0.0313672904806522,17.7989973311667,0.749750292428571,5.70012958464543,6.89066919483985,3.12718992334835,-0.689986644989552,0.722258409898483,3.90452274260386,-0.725468343062235,3.61442188745305,-3.46198963345692,2.87914212600172,-0.288015071318321
Base,100,30,21,50,7645646.43401667,412312.03899298,18.5433499654538,2.61620783892682,0.340846158685681,1462573.66563533,5.22605121602955,48.8081348638826,0.469116847156133,36.8391840980579,0.0303823293624864,17.7723016057143,0.756009584761905,5.78503462626236,6.88341421059304,2.92011123235131,-0.659525725929034,0.718173661558553,3.88789699699691,-0.756903400508484,3.60656206396645,-3.49389411054427,2.87764115576661,-0.279701224626484
SSP1-2.6,1,81,21,101,7455623.32773086,381284.720764786,19.5539525233959,2.63340928360261,0.328633588289708,1452902.63438395,5.13157998195862,48.892717867899,0.598382141228789,39.4440006681905,0.0392669258708764,18.4826217439065,0.74186795925926,5.66434844394528,6.87248395851703,2.9731774411065,-0.714371639332777,0.710251102304873,3.88962846653444,-0.513525696970443,3.67488196141031,-3.23737269532866,2.91683092541006,-0.29858400413096
SSP1-2.6,2,81,21,101,7363407.55986667,385782.103802975,19.0869599374347,2.63625377304031,0.335967180812373,1429917.53103617,5.150076373712,49.3405513594064,0.609430820377362,39.8247208480658,0.0401742417999122,18.3412546877425,0.741729699347442,5.64342253380276,6.86707883906187,2.94900537610044,-0.681318095703448,0.711813669514151,3.89874628573286,-0.495229838754751,3.68448784630678,-3.21452923997194,2.90915287712419,-0.29877038877698
SSP1-2.6,3,81,21,101,7331285.15752346,304489.480245387,24.0773019534704,2.63734291455632,0.338608937395802,1428587.77219938,5.13294945558312,48.9381799732263,0.596375901697359,39.5873934299906,0.0388825887357373,18.3527292925573,0.744167229770723,5.62751907745611,6.86518011214425,3.18126956904144,-0.669499423116395,0.710366987761753,3.89055786838198,-0.516884103183297,3.67851071984953,-3.24720871889714,2.90977829872981,-0.295489498209098
SSP1-2.6,4,81,21,101,7416496.35154691,323540.022040929,22.922964227927,2.63561030819762,0.331888318410552,1446118.93051765,5.1293875485003,49.0181560467898,0.588052537618482,39.8537963779261,0.0383049714888853,18.4152735306967,0.741445306772487,5.63293904479944,6.87019878741536,3.13213921280041,-0.699656825575536,0.710065513223814,3.8921907610479,-0.530938985383661,3.68521766739691,-3.26217558733199,2.91318040347646,-0.299153880377455
SSP1-2.6,5,81,21,101,7386589.47937654,365527.848008983,20.2080074599269,2.63624851427682,0.331702858361634,1435320.68577963,5.14639891145031,49.2142343807204,0.586835608987532,39.4914907393022,0.037945654717649,18.5109827896384,0.741829307107584,5.62765481789495,6.8684439631342,3.00607893476518,-0.700493334218637,0.711503446531754,3.89618289833557,-0.533010551208301,3.67608522437846,-3.27160028188985,2.91836422024012,-0.298636106608414
SSP1-2.6,6,81,21,101,7420459.37645679,347172.185501027,21.3740031210963,2.63403628710206,0.333480971785373,1444994.15982914,5.13591128312253,49.1334776152265,0.584906183600281,39.0845699421735,0.0384854790193,18.5432756496032,0.742171478677249,5.63752119583786,6.87043079186728,3.06217537612573,-0.692482881058446,0.710617513194926,3.89454062762067,-0.536303814524959,3.66572775846921,-3.25747427716413,2.92010722466123,-0.29817495917641
SSP1-2.6,7,81,21,101,7326232.10837284,341030.892221669,21.4826054632341,2.63376315912054,0.33954375105545,1428652.50452951,5.12813694474685,48.9754980714139,0.590934874151075,39.7213789399533,0.0385406043931361,18.4300375930688,0.743730128139329,5.66676799902892,6.86488067378644,3.06724355945581,-0.665328074687732,0.709959614317656,3.89132013369035,-0.526049463669936,3.6818895550888,-3.25604293388909,2.91398181145549,-0.296077040947371
SSP1-2.6,8,81,21,101,7369574.12651482,389029.246096287,18.9434964092412,2.63579011418136,0.333663620003525,1438517.75789593,5.12280247321569,48.6260756446017,0.598157420164286,39.5434729726889,0.0384862563115002,18.4937577355644,0.74069432468254,5.6129331006807,6.8674423915431,2.94146067522121,-0.691661258355834,0.70950761052278,3.88415992291968,-0.513901315252356,3.67740064829823,-3.25745408034262,2.91743325544622,-0.300167256092234
SSP1-2.6,9,81,21,101,7497554.61952963,367668.383157235,20.3921657748942,2.63436016159413,0.333390194873433,1458338.72636728,5.14088655412822,48.7972599162293,0.583762751445734,39.2347588684178,0.0385730733643172,18.5535300449118,0.745915763068783,5.65139803873778,6.87491963826937,3.01515079644908,-0.692891314539801,0.711038020233554,3.88767416202508,-0.53826062621922,3.66956305973203,-3.25520082716966,2.92066006986598,-0.29314260329247
SSP1-2.6,10,81,21,101,7429020.43187284,308643.29679303,24.0699231412584,2.63694060281754,0.331927383450003,1443099.74484481,5.14902694290636,48.9159739611111,0.603846348247048,39.505888198444,0.0397376223802903,18.4670867852293,0.736943724488537,5.6722179455263,6.87093155278098,3.18096305865562,-0.699480654593997,0.711725164331594,3.89010400900854,-0.504435503729486,3.67644972911254,-3.22545687303205,2.91599005492902,-0.30524374725427
SSP1-2.6,11,81,21,101,7398796.60530247,337546.22833633,21.9193579551134,2.63427474727099,0.334919237434286,1440639.81319975,5.13561447816528,49.0456261487252,0.595958238528504,39.7812085982631,0.0381886116705903,18.547621657866,0.739106241058202,5.5878614783634,6.86916108862606,3.08737017128193,-0.686019060274599,0.71059241453711,3.89275101075556,-0.517584683954822,3.6833946550222,-3.26521793162388,2.92034156831955,-0.302313605094622
SSP1-2.6,12,81,21,101,7435652.43632469,309095.393757559,24.0561735519,2.63397051778521,0.332833020053304,1449124.79954198,5.13158531069109,48.4652885994879,0.58542361963951,39.3535743076935,0.0379854959326876,18.4353351450088,0.745620701578483,5.59669852732294,6.87131908140728,3.18039166015555,-0.695399436396926,0.710251553284477,3.88084784272903,-0.535419557674434,3.6725868044789,-3.27055087809829,2.91426921134233,-0.293538251003595
SSP1-2.6,13,81,21,101,7357804.77377407,342478.363683146,21.4839988565857,2.63869671475191,0.337271804300391,1428324.64770704,5.1522234769459,49.1486070632674,0.599727788051185,39.4829116786093,0.0388452748772228,18.5458168351146,0.740664905202822,5.68635635621815,6.86674826041853,3.06730841882155,-0.675475798667681,0.711994692220455,3.89484850566802,-0.511279413294245,3.67586796257048,-3.24816883434729,2.92024425608181,-0.300206975667511
SSP1-2.6,14,81,21,101,7415523.41905432,341880.367864644,21.6904043521746,2.63527095101243,0.330243196026709,1436279.34629716,5.1632657785207,48.5876299683254,0.583717798024086,39.684132909187,0.0382105834250378,18.5424394939153,0.74366393882716,5.66768474859749,6.87014181079047,3.07686996699672,-0.707085326650527,0.712924480881839,3.88336897110814,-0.538337635505053,3.68095143297031,-3.26464274873024,2.9200621315204,-0.296166041318803
SSP1-2.6,15,81,21,101,7376420.72260741,333012.076139008,22.1506102965717,2.63299604140384,0.331462696965675,1438261.64882593,5.12920235392069,48.966286423622,0.590126764874889,39.6954347375878,0.038481215973736,18.5143753517725,0.744754979911816,5.681954204474,6.86784567923537,3.0978650490042,-0.701576920796489,0.710049832904243,3.89113202913689,-0.527417909440406,3.68123618706541,-3.25758505353484,2.91854747638206,-0.294700000721855
SSP1-2.6,16,81,21,101,7418031.85195432,300162.744921908,24.7133662569758,2.63384025371284,0.335561305146914,1444119.26830086,5.13750386202409,48.8299931433216,0.594020420245398,39.3921287346672,0.0383872327278438,18.4854450640035,0.742333647945327,5.65092207429729,6.8702886937942,3.20734424127543,-0.683137948910194,0.710752161357141,3.88834473765418,-0.520841582692881,3.6735660180376,-3.26003035571827,2.91698366913437,-0.29795647657798
SSP1-2.6,17,81,21,101,7541379.28071111,363036.468718463,20.773062572288,2.63523393987307,0.341012180887748,1460063.60257259,5.16588055084126,48.9435800128682,0.59277150509444,39.7400532290965,0.0389551753023755,18.5876268224691,0.744001613544974,5.64154143095183,6.87745078343213,3.03365707874115,-0.658786852711272,0.713144359887964,3.89066820639895,-0.522946274484796,3.6823595765565,-3.24534364508428,2.92249613476066,-0.295712075408153
SSP1-2.6,18,81,21,101,7382083.78765062,277155.872485813,26.6351339462543,2.63265893812026,0.332466489306281,1443814.50683617,5.11473616302748,48.7976087874832,0.59816146209418,39.2306854788395,0.0394951625506638,18.4879457838801,0.741543253553792,5.61929853785947,6.86817897018879,3.28223116931274,-0.697050521325139,0.708823236113371,3.88768131140206,-0.513894557973917,3.66945923340145,-3.23157708164657,2.91711894046454,-0.299021786598625
SSP1-2.6,19,81,21,101,7413424.18258025,405518.791409459,18.281333293615,2.63651031045258,0.33718679621711,1443013.49513111,5.13740749980936,48.6842023937184,0.604802836362636,39.3127283921299,0.0396497988139568,18.4562858886773,0.735300347848325,5.65283451756567,6.87001885036907,2.90588050065368,-0.675856138336349,0.710744015383585,3.88535459129803,-0.502852764374776,3.67154834410051,-3.22766940496316,2.91540501103525,-0.307476226710136
SSP1-2.6,20,81,21,101,7352611.55438642,316603.763534154,23.223386457291,2.63454528649359,0.341375187207144,1430777.44138728,5.13902409145417,49.0278413071433,0.585881647158512,39.6587270691248,0.0375251810816093,18.6255716358554,0.741960204585538,5.69200744694455,6.86644162237828,3.14515980789639,-0.65717191610485,0.710880653637904,3.89238832669354,-0.534637477109561,3.68031102648793,-3.28274307584842,2.92453545565265,-0.298459669887083
SSP1-2.6,21,81,21,101,7518784.30111963,324800.149092433,23.1489558183051,2.63668849286126,0.335048511483311,1456810.68680543,5.16119360003449,49.0726344787615,0.594250681279462,39.9419006095556,0.0393570552037979,18.5067323105027,0.746250068633157,5.6251082997914,6.87614762596445,3.14194967447416,-0.685438756656942,0.712750150069703,3.89330153683594,-0.520454026289884,3.68742591347428,-3.23508002657369,2.9181345745614,-0.292694522304599
SSP1-2.6,22,81,21,101,7389792.47820247,302662.015316377,24.4159891371827,2.63358860735635,0.340193432545893,1439879.42048111,5.1334344627448,49.2915335296788,0.60620218455013,39.3260967173649,0.0388078116584919,18.4472443435626,0.740071187636684,5.66011871940051,6.86863224261174,3.19523821019626,-0.662432337359629,0.710408021866035,3.89775233262281,-0.500541710686059,3.67188833710892,-3.24913372121293,2.91491500125902,-0.301008897901765
SSP1-2.6,23,81,21,101,7374803.07103827,377386.945739938,19.5417545685863,2.63944593201078,0.332248645809233,1439534.6661821,5.12260631725509,49.0273409620148,0.592182950084879,39.8740409707014,0.0387193760478738,18.4026565890829,0.741706382477955,5.57578581254895,6.86775042786332,2.97255343626747,-0.698032258212341,0.709490980741961,3.89237812131496,-0.523939654534785,3.68572550992428,-3.25141513116967,2.91249503403464,-0.298801825075146
SSP1-2.6,24,81,21,101,7347888.93662346,328158.974533668,22.3912478610869,2.63561874572165,0.339708473429151,1428761.50367741,5.14308221544306,48.8276544532672,0.598399040374348,39.3031432564347,0.039248896275633,18.5120052388889,0.737707491305115,5.63782707239583,6.8661625833202,3.10867016202266,-0.664593625707034,0.711223466850325,3.88829684196731,-0.51349745597565,3.67130449675666,-3.23783195551514,2.9184194534509,-0.304207886195475
SSP1-2.6,25,81,21,101,7392689.8229642,294137.128249479,25.1334806556414,2.63566934946748,0.332940244088893,1440321.84848383,5.13348191255667,49.0400675591455,0.599532212951915,39.6408372978537,0.0385567833151699,18.5049900514109,0.743404302645503,5.65661217261125,6.86880248477171,3.22420084795892,-0.694916604277519,0.710412036156346,3.89263766926048,-0.511605572927419,3.679859831788,-3.2556232329692,2.91804042822171,-0.296515233342484
SSP1-2.6,26,81,21,101,7460231.70326296,355134.788632263,21.0067612131008,2.63556628326992,0.342101281999591,1445440.43969062,5.16068087393197,48.9403573009413,0.59479921630186,39.5320861940873,0.0384854460487174,18.6118351460847,0.743435781569665,5.66065159561091,6.87275231619732,3.04484434843322,-0.653944156048654,0.712707004007852,3.89060235878357,-0.519531381979622,3.67711265087398,-3.25747513386639,2.9237976765439,-0.296472889953305
SSP1-2.6,27,81,21,101,7423626.46930037,363412.602603537,20.427542732741,2.63739531824002,0.337497472337641,1442546.9747558,5.1470944599121,49.2132902746788,0.589141279537122,40.093013975778,0.0378034990690741,18.532950004709,0.745814311287478,5.656497201956,6.87061611159405,3.01688412419675,-0.674466352277923,0.711562138532305,3.89616371455451,-0.529089260702476,3.69120210406744,-3.27535361267582,2.91955022917537,-0.293278622245504
SSP1-2.6,28,81,21,101,7423641.98084444,308804.589352924,24.039934109788,2.63686618203529,0.332255410541502,1440409.48767383,5.1543851503952,49.0082080945478,0.594329310193329,39.301937500155,0.0383873434878844,18.4844618573192,0.74268392399471,5.59718872682181,6.8706170190442,3.17971636880585,-0.698001767301733,0.712176867152757,3.89198779621566,-0.520321718974354,3.67127381791839,-3.26002747038705,2.91693047956662,-0.297484729896328
SSP1-2.6,29,81,21,101,7481530.2357716,345786.747123938,21.6362549981999,2.6408210541094,0.339340509999974,1446393.66079556,5.17329532025476,49.0264362546748,0.592845969026153,39.4351198533237,0.0383846357003967,18.5523266523369,0.74097399521164,5.60205337372559,6.873990435429,3.0743703797689,-0.666234505866964,0.71376727104318,3.89235966802604,-0.522820662416088,3.67465678610801,-3.26009801142344,2.92059520719025,-0.299789748483187
SSP1-2.6,30,81,21,101,7452754.91087654,389315.890802546,19.1432075775618,2.63740419423705,0.339370250867185,1450899.16157852,5.1364192814721,48.7697870113943,0.576089347618788,39.0326010359282,0.0372069233381348,18.5206409632804,0.744726062724868,5.62958954720493,6.87231683938347,2.95194795701858,-0.666101848618053,0.710660467591463,3.88711100250706,-0.551492512921976,3.66439722093792,-3.2912604237794,2.91888583786755,-0.294738829261627
SSP1-2.6,31,81,21,101,7369385.63830321,390121.745017342,18.8899637931631,2.63959354019037,0.335549858803421,1437412.02168791,5.12709443159688,49.2653917010169,0.588875291315609,39.8117335503091,0.0382302068699687,18.5127698600088,0.743224084717813,5.57057139461046,6.86743128365061,2.93863076479179,-0.683189287466245,0.709871316415193,3.89722184064138,-0.529540847263503,3.68416168166347,-3.26412932009388,2.91846075666573,-0.296757685229054
SSP1-2.6,32,81,21,101,7467958.30677901,365906.896813506,20.4094494304797,2.63873917527057,0.338040439108701,1451677.33333321,5.14440295041571,48.8439335445817,0.594920724075274,39.6753509205698,0.0384979813681929,18.5238447282363,0.741286374320988,5.5056653700657,6.87320188464041,3.01599800097921,-0.672038937144365,0.711334978634708,3.88863018540523,-0.519327119161603,3.68073011125224,-3.25714947105799,2.91905880638927,-0.299368258277563
SSP1-2.6,33,81,21,101,7463533.19588889,384659.850237496,19.4029431230755,2.63438181949258,0.336216051328626,1453117.71925494,5.13630865108124,49.0604077626812,0.586605161060741,39.5646163418373,0.0385895003817618,18.4093876597266,0.739928979223986,5.6427024212368,6.87294446878918,2.96542476193791,-0.680202754794861,0.710651113470806,3.89305235030581,-0.533403324215062,3.6779351921062,-3.2547750503482,2.91286073340592,-0.301201071411364
SSP1-2.6,34,81,21,101,7324723.63490617,308517.277850635,23.741696691789,2.637109261707,0.344183678249902,1420492.82727593,5.15732611785322,49.263431899127,0.594599916620849,39.8720819383251,0.0390393606636977,18.4049825707848,0.744629770908289,5.60820738780172,6.86479124321052,3.16723285637448,-0.644705289130797,0.712424594409636,3.89718205935061,-0.519866508645447,3.68567637819711,-3.24318489401351,2.91262141984791,-0.294868135925003
SSP1-2.6,35,81,21,101,7422690.73004321,330837.330350462,22.4360737108482,2.6361951525393,0.338835569667225,1445624.28329654,5.13467019814659,49.2231759770358,0.59129701084743,39.7602094049209,0.0389275029509242,18.5037295287654,0.741923160899471,5.60219904582095,6.87056136584249,3.11067009702348,-0.668487624396336,0.71051255392651,3.89636456902982,-0.525436831389795,3.68286664849787,-3.24605426144305,2.91797230791599,-0.298509597916383
SSP1-2.6,36,81,21,101,7371778.22088519,411081.62909147,17.9326384328522,2.63547952060636,0.335566993426984,1435535.76660111,5.13509003929707,49.0681060665105,0.601072255884631,39.6476157735768,0.0395620342650264,18.4530381371429,0.737489523509701,5.66695227702862,6.86757226104316,2.8866224286514,-0.683112436448947,0.710548062972644,3.89320925279103,-0.509040125575952,3.68003081445892,-3.22988535127907,2.91522902560997,-0.304503396279636
SSP1-2.6,37,81,21,101,7346909.68883827,313473.577399163,23.4370939643282,2.63227279927331,0.330213532876643,1432020.27892037,5.1305334017006,48.9342370215678,0.591768136204716,39.3853222721168,0.038826929854833,18.572068082619,0.742546703650794,5.60353751615167,6.86610470135516,3.1543199793919,-0.707219441276898,0.710162519375507,3.89047729508499,-0.524640382634011,3.67339321573237,-3.24864120468347,2.92165873602534,-0.297669509743649
SSP1-2.6,38,81,21,101,7399825.13930667,387581.653623404,19.0922998292813,2.63047332642591,0.332591096458137,1443125.84639148,5.1278360479848,49.0611135972721,0.591092350038465,39.5298082159923,0.0389979555578202,18.4625737779718,0.743830150987654,5.61783232262404,6.86922145730781,2.94928510346624,-0.696489109984393,0.709934131059556,3.89306673725337,-0.52578301314308,3.67705502569026,-3.2442460558209,2.91574564394819,-0.295942561894819
SSP1-2.6,39,81,21,101,7426445.35266173,330137.133357524,22.4950319194152,2.63580780193329,0.332384685572231,1450219.02199926,5.12167616353522,48.6108145405251,0.588700683185791,39.2281745266211,0.0381636186725616,18.4465839668254,0.739140844656085,5.66462109528345,6.87078098965233,3.11329448124813,-0.697419141416662,0.709412115164069,3.88384602756221,-0.529837402449545,3.66939522655202,-3.2658726079525,2.91487920249443,-0.302266788025644
SSP1-2.6,40,81,21,101,7415335.8742,318485.814050822,23.283096285779,2.63500950386103,0.337849320098557,1436083.88172926,5.16448151348837,48.7638169738411,0.59892786426162,39.1313571971381,0.0391011576148875,18.5149732132011,0.737119742839506,5.58807999738086,6.87013082697709,3.14772761598571,-0.672893145620907,0.713026727185012,3.88698858239098,-0.512614115060798,3.66692411993308,-3.24160320591022,2.9185797676025,-0.305004926666544
SSP1-2.6,41,81,21,101,7540136.1330679,417156.870193153,18.0750616178913,2.63646547000814,0.342516721911615,1459915.50316012,5.16534547160139,48.8355331111606,0.580386508515298,39.712173457381,0.0381581467869774,18.4450128882981,0.741997872001764,5.56413119510148,6.87737918689185,2.89453317705098,-0.652098851553234,0.713099373559921,3.88845818541937,-0.544061003391661,3.68165777689594,-3.2660159978639,2.9147940297905,-0.29840890374102
SSP1-2.6,42,81,21,101,7403063.96262963,397670.838743473,18.6160594174348,2.6382890920569,0.329185575127038,1440272.44802346,5.1393128563804,48.973450535132,0.592165094482994,39.443323018448,0.0394171791409643,18.4967343912081,0.741404339982364,5.63182193049224,6.86941150171195,2.92402461773506,-0.711870883821312,0.710905056226513,3.89127832545634,-0.523969807160896,3.67486478121682,-3.23355353890063,2.91759419710874,-0.2992091345163
SSP1-2.6,43,81,21,101,7308562.75714815,346280.750979609,21.1058880300815,2.63281704733732,0.338686025442868,1428947.78792346,5.11458139609746,48.5156435625229,0.598078010995205,39.6005793735244,0.0392845510962475,18.4261885408113,0.74048347515873,5.5403179755099,6.86383198051334,3.04955205511218,-0.669155226827818,0.708810094586909,3.881886293617,-0.514034080370542,3.67884374879796,-3.23692393926837,2.91377294295889,-0.30045196131163
SSP1-2.6,44,81,21,101,7400154.39572963,277887.938503115,26.6299949382174,2.63450966345432,0.336113622795769,1444387.88006037,5.12427293964626,48.8893803404632,0.599738332555388,39.7694384603575,0.0391622889267416,18.3881698434127,0.739649709805997,5.60933105760644,6.8692407808815,3.28203820974762,-0.680661750284035,0.709632253981577,3.88956020194413,-0.511261831298351,3.6830987394407,-3.24004101239619,2.91170751454548,-0.301578569983594
SSP1-2.6,45,81,21,101,7514875.11225506,284883.574505625,26.3787588501586,2.63508632648502,0.330333011574099,1464754.9873837,5.13108204419064,48.9884975806603,0.604038871293021,39.8142079703932,0.03964731100341,18.4794733150441,0.740887515917108,5.65002923651943,6.87592176755644,3.27255909728766,-0.706679285006111,0.710208958926365,3.89158552730229,-0.50411672667271,3.68422383276743,-3.22773215152614,2.91666056553922,-0.299906465590665
SSP1-2.6,46,81,21,101,7375447.22276296,390781.073239083,18.8736039891333,2.63296083963876,0.334584125806859,1437262.10286556,5.13203127011149,48.7734547671727,0.589997945443269,39.9055940024173,0.0376957065868716,18.479657827328,0.743813552839507,5.62605357550423,6.86778835963181,2.93776433155923,-0.687523874788483,0.71028929392181,3.88718620517027,-0.52763622438798,3.68651651463047,-3.27820907465076,2.91667055020489,-0.295964876576896
SSP1-2.6,47,81,21,101,7377779.84223827,339321.122433451,21.7427662307855,2.63779498718928,0.336954903888644,1433611.20007951,5.14653494315455,49.1132348599757,0.59438986938545,39.5787923397651,0.0385419485251367,18.5375002110229,0.738840750458554,5.6988760830045,6.86792569145359,3.07928111512502,-0.676893901096248,0.711514925828008,3.89412854756166,-0.520219829153421,3.6782934278283,-3.25600805875977,2.91979571884762,-0.302672874546135
SSP1-2.6,48,81,21,101,7443237.46560247,332260.632761251,22.401803679676,2.63803369288572,0.334786420427224,1446754.00121494,5.14492358648416,49.0550827728785,0.591256281497569,39.5917036384439,0.0387994599141063,18.4958997435891,0.742350729550265,5.69371046901808,6.871761874743,3.10914147703343,-0.686615383841446,0.711378928910947,3.89294380496239,-0.525505715135062,3.67861959223169,-3.24934895218932,2.91754907203783,-0.2979334661588
SSP1-2.6,49,81,21,101,7519990.79355679,329327.345073276,22.8343953396386,2.63754139630581,0.337273575454054,1458083.61338864,5.15775779441204,49.4536059978097,0.597608275638834,39.7695966477487,0.0393236746266816,18.5724051719224,0.744331336049382,5.61097797724917,6.87621730890149,3.12826796674351,-0.675467874745574,0.712460944040752,3.90103497750932,-0.514819797135528,3.68310271704468,-3.23592853367806,2.9216768861981,-0.295268999132925
SSP1-2.6,50,81,21,101,7458079.40284198,386505.362978339,19.2961860745512,2.6346195694153,0.340704450851705,1450965.74281247,5.14034628258868,48.9178146509156,0.585529665788692,39.5757742768279,0.0384024585192867,18.468199586799,0.740622674153439,5.63141837583655,6.87262700278937,2.95990746366532,-0.660156526795996,0.710992376495629,3.89014163792654,-0.535238429783525,3.67821717037235,-3.25963379749814,2.91605031175545,-0.300263995047114
SSP1-2.6,51,81,21,101,7370988.87652716,356369.245369425,20.683571807343,2.63461409609508,0.335666723658811,1433130.09420259,5.14301981119885,48.8505549915571,0.597417478293748,39.4916935640274,0.0386881042317684,18.5510867512875,0.743263592089947,5.63509954115198,6.86752575581153,3.02933975268283,-0.682665171917848,0.711218197250852,3.88876573956155,-0.515139116357026,3.67609036027484,-3.25222311039064,2.92052837231248,-0.296704529898189
SSP1-2.6,52,81,21,101,7447464.81507407,322041.105708813,23.1258205336309,2.63551031332575,0.338820174360281,1446835.13623988,5.14793342763129,49.035213462555,0.584923617830776,39.7563968006725,0.0381714705620805,18.5532021763492,0.745657963024691,5.61559830177634,6.8720084601039,3.14094976530439,-0.668556346221691,0.711632922032015,3.892538682104,-0.536274008085639,3.68277075395625,-3.26566688632106,2.92064239821758,-0.293488278524138
SSP1-2.6,53,81,21,101,7455159.9600321,371077.346824017,20.0905822568784,2.63765790699064,0.334923595038935,1454462.92112889,5.12653944899978,48.8192272022013,0.602825750866495,39.4568247922865,0.0399445860270949,18.6567414452998,0.738852953165785,5.64900487069877,6.87245696623489,3.00025116082988,-0.685999497432781,0.70982430364245,3.88812423530657,-0.506127094385589,3.67520703086641,-3.22026213467437,2.92620755237255,-0.302656358664391
SSP1-2.6,54,81,21,101,7372960.31838148,325267.558309575,22.6673706922971,2.63788658237447,0.338741508658168,1430729.96913667,5.15370173459252,48.7514129841119,0.592537153946548,38.9368343920169,0.0388865547115722,18.6196328493827,0.738195874179894,5.61196035078135,6.8676418965161,3.12092647597993,-0.668907519250786,0.712119280577149,3.88673418131329,-0.523341700856077,3.66194070213554,-3.2471067253387,2.92421655357625,-0.303546077429365
SSP1-2.6,55,81,21,101,7410128.90651062,371367.086849827,19.9536500915255,2.63530121129743,0.347035658726313,1442451.66486185,5.13729509951109,49.094781913669,0.586197196919552,39.7442401252973,0.0382128504084669,18.4733591554938,0.743896678624339,5.60813428721299,6.86982576302647,2.9934120885816,-0.632094982674108,0.710734513438623,3.89375275448223,-0.534099032498505,3.68246492809271,-3.26458342181137,2.91632964857306,-0.295853126609516
SSP1-2.6,56,81,21,101,7399530.84829136,371513.877625196,19.9172394194017,2.63738360113698,0.342446982320075,1439587.88290556,5.14022394077958,48.9510370396693,0.595893603136756,39.4167184040244,0.0393389994792633,18.399565474612,0.739798450176367,5.66311643403481,6.86920418507459,2.99158565918952,-0.652408546481358,0.710982040031514,3.89082055444504,-0.517693146079982,3.67419005127874,-3.2355388990019,2.91232704882587,-0.301377494508435
SSP1-2.6,57,81,21,101,7284587.3497358,317852.9551773,22.9181048377305,2.63589296360755,0.337766624247589,1419802.55258926,5.13168426168913,48.8990482268771,0.59201368463102,39.5746394331088,0.038380558074945,18.4751885511993,0.739884601622575,5.60747187524796,6.86240495530868,3.13192720246497,-0.673262828961259,0.710259927589005,3.88975793262836,-0.524225528434523,3.67818849474917,-3.26020424773329,2.91642867253046,-0.30126104869769
SSP1-2.6,58,81,21,101,7353381.17565062,335426.923292425,21.9224536404907,2.62901495382568,0.332438626499326,1436842.2756384,5.11916525093784,49.0993572795476,0.593197974459041,39.7929788457027,0.0382198496062954,18.4141167898942,0.744268276816579,5.66059512207761,6.86648707898562,3.0875113919692,-0.697176070265408,0.709199149165808,3.89384594468522,-0.522227083324594,3.68369048581616,-3.26440027512555,2.91311758729662,-0.295353722025899
SSP1-2.6,59,81,21,101,7494429.21009296,300047.312773154,24.9774915190093,2.63532672747577,0.340820147231812,1456522.54372531,5.1462972886299,48.7829444099774,0.597797078619232,39.7893038414406,0.0393770380913349,18.4921504815961,0.740447393165785,5.63017819924929,6.87473856175446,3.21797508007976,-0.659641504301117,0.711494870697146,3.88738075197427,-0.514503916030771,3.68359812846876,-3.23457242212612,2.91734634375219,-0.300500690112851
SSP1-2.6,60,81,21,101,7430005.23487654,321219.907442953,23.1305876837539,2.6381968047971,0.338169293712575,1443093.22892284,5.14916785870052,49.1065222569206,0.60151844765267,39.796334387355,0.0392691047906966,18.5740515185626,0.744128913765432,5.56775084381292,6.87098911974674,3.1411558837785,-0.671463153486554,0.711737049706264,3.89399186216836,-0.508298074623452,3.68377480722863,-3.23731720691647,2.92176552704237,-0.295540987968668
SSP1-2.6,61,81,21,101,7431094.75377284,335360.227956499,22.1585451532337,2.63860442176062,0.337543970348627,1442577.93754778,5.1524345526018,49.2297970793987,0.588120026264928,39.3141958026079,0.0386784854360903,18.5857673998589,0.739130037548501,5.64571215967876,6.87105279902294,3.09822320779402,-0.674258400979212,0.712012483978778,3.8964990718725,-0.530824225613551,3.67158567000364,-3.2524717654178,2.92239609425316,-0.302281409307459
SSP1-2.6,62,81,21,101,7375657.40108519,406934.663233246,18.1249179966211,2.63803025880133,0.343414843212587,1431459.71853123,5.15290800403504,48.9242755615267,0.591577468661309,39.623171431624,0.0387596089564435,18.4640747104938,0.736161473271605,5.63428584921953,6.86780073555726,2.89728767640615,-0.648113226845698,0.712052388978329,3.89027370604991,-0.524962634297893,3.67941408429666,-3.25037658085351,2.91582693659641,-0.30630579128432
SSP1-2.6,63,81,21,101,7418413.6157,349009.378324536,21.2556282908873,2.63519186368358,0.334150354639314,1443436.25165383,5.13959738417795,49.1931904417955,0.598918810078055,39.3602865585672,0.0391139496488043,18.5429028161023,0.74545345063492,5.66010445021067,6.87031104387644,3.05662172104865,-0.689472832062362,0.710929099408049,3.89575520826475,-0.512629232494037,3.67275735260895,-3.24127610710595,2.92008711832964,-0.293762587189715
SSP1-2.6,64,81,21,101,7415628.7059284,327159.701381157,22.6666935891619,2.63508528156723,0.339423536912984,1440495.90174679,5.14757867552314,49.1133085220167,0.589915760043239,39.8472325885509,0.0385019165501499,18.5172467068695,0.74524820026455,5.65285497503706,6.87014797693428,3.12089660426443,-0.665864183732962,0.711602993091807,3.89413004740148,-0.527775531864078,3.68505295711713,-3.25704725840403,2.91870255223039,-0.294037961368771
SSP1-2.6,65,81,21,101,7368189.73825926,363476.387171601,20.2714399017636,2.63757029205896,0.337192061946142,1433992.76968642,5.13903140751056,48.7937363571752,0.596030919817809,39.4014085876917,0.03883494607724,18.3806553760847,0.747270671869489,5.6170495570421,6.86736080085031,3.00921299404178,-0.675832577259822,0.710881271911062,3.88760195128453,-0.51746273437351,3.67380156662148,-3.24843476562082,2.91129877331495,-0.291327814273678
SSP1-2.6,66,81,21,101,7427445.21608395,391781.606338782,18.9581264048963,2.63718349489936,0.3321948576683,1446263.66763889,5.1356334143825,49.1407516448949,0.582842476234442,39.059794666073,0.0379811786276693,18.6001785501058,0.739713992645503,5.63484109159147,6.8708394571852,2.94223267363687,-0.698274710453209,0.710594015879952,3.89468866296496,-0.539838324279106,3.66509366854974,-3.27066454122881,2.92317118014114,-0.301491663917911
SSP1-2.6,67,81,21,101,7396021.2392679,307248.42642499,24.0717953394418,2.63573099989302,0.328924085221876,1441467.58039284,5.13168665216489,49.0164685596865,0.586723262118606,39.610454789503,0.0375369879134828,18.5126333495238,0.737677489144621,5.56443676104285,6.86899814965907,3.18104083727439,-0.713055287216904,0.710260129894941,3.89215633469884,-0.533202014750583,3.67909309325191,-3.2824284877642,2.91845338278331,-0.304248556475972
SSP1-2.6,68,81,21,101,7499895.93464074,354843.607167868,21.1357786448516,2.63686408468551,0.341500751107535,1458927.17577605,5.14093594999041,49.0138295030115,0.59390287710522,39.6408934200518,0.0390795770038473,18.4802550450706,0.738733345784832,5.66280515017448,6.87505523734839,3.05096727482825,-0.656613502103776,0.711042193102783,3.89210249304523,-0.521039479545015,3.67986124755422,-3.24215527571856,2.91670286725849,-0.302818254292821
SSP1-2.6,69,81,21,101,7437348.88446173,389070.299900305,19.1156942238137,2.63456252712375,0.336540000234812,1446338.59704926,5.14302287223205,49.2027151329236,0.597051118970123,40.1265932984226,0.0391544501468051,18.4213764672311,0.745959848156967,5.63291933706247,6.87141815462755,2.95050968476321,-0.678751551794811,0.711218455735066,3.89594880760412,-0.515752542839651,3.69203928903373,-3.24024119386583,2.91351175481218,-0.293083503072767
SSP1-2.6,70,81,21,101,7438708.30769012,459825.561639432,16.1772396496807,2.63216648691012,0.334890759060203,1450385.56610802,5.12793379648702,49.3724527610837,0.595110335341539,39.7612180412191,0.0387567373989363,18.4871013950794,0.735631255767196,5.61026415862132,6.87149752915545,2.78360529446053,-0.686146912966802,0.709942409645323,3.89939263224156,-0.51900845307912,3.68289201615865,-3.25045066993649,2.91707326702446,-0.307026296987176
SSP1-2.6,71,81,21,101,7469747.13198148,342700.464656157,21.796723093084,2.64044136863665,0.33748510307603,1456585.71290753,5.12884014323795,48.9128426961422,0.593133419811967,39.7073671237618,0.0387668321838318,18.434937796843,0.739379895238096,5.60667434930568,6.8733059002031,3.08175964166533,-0.674521673226102,0.710019163095473,3.89003999382208,-0.522335914039938,3.68153674034524,-3.2501902385604,2.91424765749235,-0.301943423492914
SSP1-2.6,72,81,21,101,7521604.62983827,320294.532235046,23.4834000360599,2.63647883596888,0.336030500870192,1460663.75134864,5.14978346664387,48.8415991083835,0.587741735462904,39.6042554594455,0.0383700503855208,18.4534860875397,0.742401597477955,5.63181345166526,6.87631050116929,3.15629379010093,-0.68103428113326,0.71178896861037,3.8885823904834,-0.531467652974466,3.67893657358401,-3.2604780615753,2.91525330047227,-0.297864945737199
SSP1-2.6,73,81,21,101,7462640.05707161,368907.844555809,20.2290088627883,2.63335619864318,0.33018100234093,1449028.04156963,5.14997718723133,48.7198240328912,0.595036852180659,39.5733108489642,0.0391345417804693,18.4361021018959,0.742524654982363,5.62980191801531,6.8728924949505,3.00711765654337,-0.707366527103517,0.711805305258377,3.88608601159075,-0.519131938916408,3.67815492258109,-3.24074978048254,2.91431081302344,-0.297699203493116
SSP1-2.6,74,81,21,101,7504917.49490494,356715.246814664,21.0389591191324,2.63709271993546,0.337517509079379,1454389.26265494,5.16063380413512,48.9192896386653,0.594875193972268,39.1867076231847,0.0392825378082028,18.4945362198236,0.739769551737213,5.6196524519867,6.87534592220161,3.04637591512163,-0.674376740991423,0.712703042854903,3.89017178983589,-0.519403653468601,3.66833759804669,-3.23697518943109,2.917475348994,-0.301416557855465
SSP1-2.6,75,81,21,101,7311950.68907161,317423.997338937,23.0352800997087,2.63399274299552,0.338616602493991,1425378.65954827,5.12999530425159,49.161180079514,0.590410187057512,39.6023650029843,0.0390609974119889,18.461506092769,0.740093550123457,5.61224389773201,6.86403325390516,3.1370269580582,-0.669465196924204,0.710116967579934,3.89510428928185,-0.526937751343525,3.67888883877471,-3.24263081847845,2.91568781257057,-0.300978681688389
SSP1-2.6,76,81,21,101,7424692.65194765,305166.450358063,24.3299767822969,2.63470778021965,0.3422885482416,1440598.25038173,5.15411348074451,48.982995795057,0.58555327483243,39.8081133407687,0.0384478931918691,18.4807960988624,0.743987100776015,5.62802171731732,6.87067848057163,3.19170920251207,-0.653112222332797,0.712153976403202,3.89147321329299,-0.535198109763613,3.68407074429837,-3.25845137798114,2.91673214422844,-0.295731581965991
SSP1-2.6,77,81,21,101,7499705.86068765,369282.716392508,20.3088461164705,2.63225230755059,0.329461055109708,1451580.71650469,5.16673938220055,48.8268271573234,0.612720246819308,39.5677510661904,0.0400929765062132,18.3939814901235,0.73791093882716,5.66074107971357,6.875044230647,3.01105656041214,-0.710623631334723,0.713216555656995,3.88827989863956,-0.489846814555271,3.67801441946809,-3.21655410948107,2.91202351818031,-0.303932140759961
SSP1-2.6,78,81,21,101,7452123.69896914,356993.341466331,20.8746854167081,2.63535760288426,0.333473562366953,1449533.8513642,5.14124083140399,48.5794439514014,0.601567172782636,39.2465844596515,0.040257313292024,18.4703073335891,0.741929372671958,5.67361531067019,6.8722800552062,3.03853720076508,-0.692516216247358,0.711067948021884,3.88320047746903,-0.508217074353538,3.66986442030568,-3.21246359492616,2.9161644336823,-0.298501225423368
SSP1-2.6,79,81,21,101,7417865.63130864,352250.58602975,21.058490533447,2.63530185268529,0.332445886271518,1446315.63116012,5.12917031005462,48.3401983799965,0.606701497941316,39.5532449497698,0.0394872665030353,18.4262521172134,0.741958151622575,5.57281849807926,6.87027896216734,3.04730382956192,-0.697143357449199,0.710047119710899,3.87826347911459,-0.499718375038555,3.67764773761842,-3.23177702605824,2.91377639328137,-0.298462436835757
SSP1-2.6,80,81,21,101,7482387.83675185,331854.137292744,22.5472187804948,2.6359603556567,0.336044611750744,1451666.82176099,5.15547153922222,48.977820729346,0.592749126869577,39.7223171617135,0.0389036872494464,18.5615676781041,0.738272750511464,5.69176405537313,6.87404021535589,3.11561172266571,-0.680971036630396,0.712268393677077,3.89136755746243,-0.522984027054027,3.68191317488008,-3.24666624494632,2.92109318920614,-0.303441942020927
SSP1-2.6,81,81,21,101,7349686.41292716,288304.473665777,25.4927935022175,2.63568488122939,0.336103917691959,1426681.51836173,5.15161598210411,48.8212432958629,0.592656547603145,39.1270754170386,0.0394090128750736,18.429655668642,0.739957474797179,5.67359013698401,6.86626880955485,3.23839580446711,-0.680705243689025,0.711943481861651,3.88816553157751,-0.523140225507625,3.66681469325634,-3.23376073566381,2.91396108830817,-0.301162560925483
SSP1-2.6,82,81,21,101,7350255.70697531,391955.740569427,18.7527696272466,2.6371496281573,0.333817393065953,1429129.43539284,5.1429154242529,48.9640515737004,0.585240825153704,39.6219708530074,0.0389726119965579,18.4932728439065,0.740819438474427,5.64450708177126,6.86630244795449,2.93134145496102,-0.690969701424962,0.711209382364589,3.89108638751106,-0.535731849532454,3.67938378392538,-3.2448961360486,2.91740703589573,-0.299998356153137
SSP1-2.6,83,81,21,101,7380600.16192222,341701.397204902,21.5995609684219,2.63366019223957,0.337783327548446,1437762.22310864,5.13378435605396,48.8056745251193,0.585835548969724,39.2786152491107,0.0378723480918681,18.4759144531041,0.738329859276896,5.63916777853511,6.86809167841022,3.07267298894753,-0.673188154990699,0.710437622235165,3.8878465873514,-0.534716161947446,3.67068022953264,-3.27353403498035,2.9164679623944,-0.303364590450393
SSP1-2.6,84,81,21,101,7420733.5256037,367158.314660616,20.2112637227434,2.6364474398743,0.336453259985758,1444641.83792148,5.1374745112303,49.159137976558,0.58788527545669,39.8902079318293,0.0383779836789187,18.525549165,0.74187088776896,5.57791777095945,6.87044683659664,3.00624005903725,-0.679140056975402,0.710749680205879,3.89506274948628,-0.531223459887431,3.6861308785342,-3.26027132550648,2.91915081527717,-0.298580056657716
SSP1-2.6,85,81,21,101,7434584.11690124,327442.965527618,22.7049742996362,2.63816908972603,0.336331437218167,1440580.32592037,5.1609440344294,49.2068060416411,0.600504542415063,39.6223864478991,0.0392915793780927,18.4529028734744,0.739896492451499,5.64842588970643,6.87125667954438,3.12258403262398,-0.679685778358816,0.712729149581427,3.89603194811067,-0.509985073102594,3.67939427287137,-3.23674504825347,2.91522169542601,-0.301244977632893
SSP1-2.6,86,81,21,101,7399814.34358642,339381.47776814,21.8038249825816,2.63536235136428,0.339204629788501,1438626.8193,5.14473391620215,48.737252277255,0.595169742982447,39.7038646633734,0.0389652212702771,18.5649091649118,0.737479897389771,5.60724863157515,6.86922082370835,3.08208541232069,-0.666840662878466,0.711362918124029,3.88644367150031,-0.518908631798331,3.68144852963973,-3.24508579300962,2.92127319480327,-0.304516448916245
SSP1-2.6,87,81,21,101,7428452.57142963,331725.524495766,22.393370491225,2.63379634410073,0.342315465752644,1450130.30353704,5.12326745038255,49.1908661051328,0.590409803341185,39.7990935273872,0.0387974393416033,18.453816812134,0.740652531410935,5.68648551148393,6.8708983548533,3.10876495484296,-0.652992658745181,0.709547027981263,3.89570795799383,-0.52693840125855,3.68384413633723,-3.2494010308812,2.91527122237761,-0.300223682136471
SSP1-2.6,88,81,21,101,7425377.11131111,392893.845195214,18.899194278856,2.63552193479835,0.33873762199391,1444209.35797889,5.14123938407594,49.3399291402555,0.588781118333757,40.0892000863223,0.0378135025176703,18.5598568681746,0.735967443668431,5.6504371217389,6.87071851498623,2.93911929040852,-0.668924870812229,0.711067825762162,3.89873367494808,-0.529700780128949,3.69110697350754,-3.27508903067853,2.92100101548428,-0.306569395377774
SSP1-2.6,89,81,21,101,7412105.16465679,329596.173005797,22.4884442591099,2.63715731286332,0.340223992234831,1444597.21188543,5.1308242456413,49.1363671546523,0.597720513952402,39.8627666025575,0.0382317173376268,18.3978719380512,0.745129201481482,5.66493199266414,6.8699415725608,3.11300158879463,-0.662296193856347,0.710187138324172,3.89459943588344,-0.51463200225453,3.68544272036793,-3.2640898110788,2.91223500238562,-0.294197650831562
SSP1-2.6,90,81,21,101,7334504.69812099,329928.717664406,22.2305737737612,2.63627004378365,0.329839711258705,1428885.99444852,5.1323195094959,48.7205796647768,0.592909518856849,39.5246560776123,0.0380430487390205,18.4781617349647,0.739942325502645,5.63684333299185,6.86537079109874,3.10146853842849,-0.708910107699521,0.710313685288949,3.88610152121216,-0.522713473655156,3.676924681669,-3.26903689890601,2.91658958804956,-0.301183034331224
SSP1-2.6,91,81,21,101,7307461.56548519,345064.561996635,21.1770850162134,2.63464636025995,0.334885843290029,1419272.4780779,5.14872398560302,48.8800437360939,0.579012307943953,39.5870490365359,0.0371363254168617,18.4416782071781,0.740409247283951,5.62982018347192,6.86376653980893,3.05291970162755,-0.68616898269614,0.711699610657584,3.88936920962754,-0.546431544391631,3.67850202023779,-3.29315966664749,2.91461322305343,-0.300552208782249
SSP1-2.6,92,81,21,101,7444764.42899259,374736.553569997,19.8666619470897,2.6321990839543,0.336166528956472,1455182.63262716,5.11620515999374,48.6985466782894,0.598186108715479,39.5535463321394,0.0395680867818266,18.4302270621869,0.745054459320987,5.6772217981244,6.87185096013961,2.98904304784057,-0.680424662323006,0.708947951378686,3.88564918730833,-0.513853354862207,3.6776553572517,-3.2297323749729,2.91399209185472,-0.29429796351452
SSP1-2.6,93,81,21,101,7418395.8241642,377422.109365508,19.6554352277756,2.64041964040902,0.338700589867591,1442563.20184469,5.1422165873112,49.205387623462,0.604959766489989,39.9692277242161,0.0391564915444298,18.510952697425,0.743671309268077,5.61430650861463,6.8703100023094,2.97835390199044,-0.669090201312569,0.711150364934836,3.89600312204499,-0.502593324832069,3.68810985115093,-3.24018905817238,2.91836259459775,-0.296156130384564
SSP1-2.6,94,81,21,101,7390957.44977037,397529.299640525,18.5922332176617,2.63394753851252,0.332747820907337,1437373.08778667,5.14139585643685,49.1054339322596,0.600049673337213,39.384293154169,0.0395198451830417,18.4496148381658,0.736540714523809,5.61545971514462,6.86870070202375,2.92274392457005,-0.695783145545239,0.711081043207171,3.89396969939504,-0.510742838297447,3.67336708591207,-3.2309523235433,2.91504349428846,-0.305790763516005
SSP1-2.6,95,81,21,101,7384436.89544444,356357.636811562,20.7219830098639,2.63708949712732,0.34353510607729,1436606.08147111,5.14087957999469,48.9697486320368,0.600541683374192,39.7851806352532,0.0397786413994698,18.4506583546914,0.74271386627866,5.56179998548116,6.86831738353081,3.0311951179211,-0.647579910170797,0.711037431068683,3.8912027325999,-0.509923225426221,3.68349449710455,-3.22442515899348,2.91510005303101,-0.297444414387378
SSP1-2.6,96,81,21,101,7552603.1793979,397884.805154422,18.981883905988,2.63388034414985,0.32997902108783,1464744.46626716,5.15629736704289,48.905148060966,0.597025474598388,40.0308414675149,0.0391700100255947,18.5434924654409,0.744091002442681,5.68917120775545,6.87809666707171,2.94348504568433,-0.708279943725427,0.712337955450532,3.88988266825993,-0.515795495480842,3.68965019370573,-3.23984387535358,2.92011891701669,-0.295591936517799
SSP1-2.6,97,81,21,101,7433848.88518025,320421.348507435,23.200229696954,2.63567537542003,0.335225333503937,1440918.44289716,5.15977533439124,49.114764017247,0.589321549956017,39.8336583662678,0.0383115125260797,18.504959414127,0.742622386084656,5.65444803316897,6.87121372853811,3.14416217935403,-0.684645192828611,0.712630792100402,3.89415968241707,-0.528783319071072,3.68471224249279,-3.26200483981481,2.91803877259751,-0.297567592144568
SSP1-2.6,98,81,21,101,7388114.22576667,388393.200540065,19.0222542915103,2.63288781285976,0.338547203938329,1440123.47177815,5.13049420632669,48.6519039898493,0.593866984989611,39.6088367071541,0.0387210303111553,18.513017355097,0.743663097522046,5.67912159494495,6.86853360133733,2.94560957225547,-0.669775089104734,0.710159201513934,3.8846909443482,-0.521099915689702,3.67905224253692,-3.25137240765208,2.9184741254612,-0.296167172616889
SSP1-2.6,99,81,21,101,7440903.95724321,332596.317016911,22.3721778520622,2.63460315648803,0.338003383129496,1438166.62131309,5.1738498615895,48.8473093904858,0.597932827678916,39.4682889929172,0.0394091118534279,18.5004667963757,0.740118671049383,5.67372269067637,6.87162569895921,3.10781812668915,-0.672204540764641,0.71381382190096,3.88869929796443,-0.514276859636927,3.67549753917641,-3.23375822410052,2.91779596400247,-0.300944739358269
SSP1-2.6,100,81,21,101,7432110.21140494,295890.300296157,25.1177892751676,2.6370552870138,0.342369560417226,1441453.66024383,5.15655745798845,49.0905527513762,0.601706487237444,39.4230339777261,0.0391092476830662,18.4229874500176,0.740872067671958,5.63058825877461,6.87111214122376,3.22357633116539,-0.652752391908854,0.712359861327108,3.89366660796534,-0.507985515299169,3.67435026420495,-3.24139632632235,2.9135992028024,-0.29992731680745
SSP5-8.5,1,81,21,101,7434014.91287284,344142.713090136,21.6015467714575,2.64973186685311,0.335239809806246,1457839.21541383,5.10011033103642,49.0955453858737,0.703934041013909,40.9111390016154,0.044554027560626,18.509706562134,0.735154121693122,5.59982403903335,6.87122342796927,3.07276492191596,-0.684580233473738,0.70757957132186,3.89376830534606,-0.351070618955047,3.71140237319674,-3.11105272375039,2.91829527352263,-0.307675112372648
SSP5-8.5,2,81,21,101,7458485.86989753,382077.583048777,19.5208674907927,2.64993745600426,0.336060442779647,1456573.47188568,5.12009315305178,48.8886155583617,0.708013552320228,40.6179254037971,0.0437836470416382,18.4948033322399,0.733877765811288,5.50010057249455,6.8726506712943,2.97148402112414,-0.680900084040289,0.709277862438397,3.88954455870877,-0.34529204377638,3.70420948157856,-3.12849488652789,2.91748979166421,-0.309412795827798
SSP5-8.5,3,81,21,101,7362569.13105309,366809.341502452,20.0719237435338,2.64894386227478,0.346214521032796,1444664.71408778,5.0967173053758,49.0054155205881,0.709556800101627,41.0359919076396,0.0448244669726146,18.5425056585273,0.733825704135802,5.49185391458097,6.86702938563474,2.99932200991052,-0.635720697917047,0.707290545670296,3.89193081283198,-0.343114729065423,3.71444953302396,-3.10500115085858,2.92006569979382,-0.30948373887123
SSP5-8.5,4,81,21,101,7585089.10689951,419240.973036613,18.0924327409122,2.65032009800354,0.336628644816399,1475975.32679395,5.13896711595133,48.7457554511809,0.713594083305505,41.012456627747,0.0453129779747758,18.519106682037,0.745160045035273,5.58044492536122,6.87996068708813,2.89549377023913,-0.678354568179488,0.710875838660738,3.88661812598516,-0.337440989082682,3.71387584074925,-3.09416179801403,2.9188029927435,-0.29415625812358
SSP5-8.5,5,81,21,101,7521456.5464642,395269.159307531,19.0286956858486,2.64768559451101,0.338112590326872,1463324.05632753,5.14144723070709,48.5097444124254,0.709897650301121,40.639740931764,0.0456767138076871,18.6100835181129,0.738892546446208,5.56716854293006,6.87630195080957,2.94594813906674,-0.671716517958984,0.711085382777831,3.88176469348269,-0.342634473843498,3.70474642853938,-3.08616665563355,2.92370355845241,-0.302602772603134
SSP5-8.5,6,81,21,101,7499418.09112284,388774.035715693,19.2899149690312,2.64937129626934,0.344064943989265,1457023.43970704,5.14793386292883,49.1121869120364,0.718569842184862,41.4668071769288,0.0456182719926711,18.5655833633598,0.734458153668431,5.53927735152127,6.87502756610919,2.95958241887429,-0.645231353838482,0.711632958754966,3.89410720995026,-0.330492372641126,3.72489328014237,-3.08744694112758,2.92130950988568,-0.308622257532481
SSP5-8.5,7,81,21,101,7470719.53217284,335879.895582433,22.2422348894037,2.64616438599787,0.340126569169439,1465714.95405642,5.09772210936662,48.770807165447,0.716560661354981,40.5751269691673,0.0450390342758814,18.6248161838801,0.738198125723104,5.5253005614656,6.87336243231115,3.1019929539651,-0.662730234560268,0.707376157210522,3.88713192003501,-0.333292371857349,3.70315524264203,-3.10022573685745,2.92449489489505,-0.303543027371981
SSP5-8.5,8,81,21,101,7475168.69392222,372094.126775662,20.0894562854228,2.64673782477289,0.336487703681192,1466347.00870852,5.09802472661947,49.2660896088579,0.702271621716595,41.4029166185508,0.0443415855579208,18.4599131606614,0.738315097548501,5.520166464611,6.87362099793465,3.00019511451948,-0.678985779500282,0.707401937568782,3.89723600683134,-0.353435024270488,3.72335132807325,-3.11583231634624,2.91560152487412,-0.303384584055934
SSP5-8.5,9,81,21,101,7504772.47414815,346839.565632326,21.6375904532868,2.64696298578571,0.3373228189822,1464691.70343383,5.12552818591614,48.91894599159,0.717320835907932,40.5378927152062,0.0461372383401086,18.5713778127866,0.737184042398589,5.5041223544977,6.87533753006099,3.07443210088813,-0.675247573481157,0.709738626100311,3.89016476503474,-0.332232068581771,3.70223715928818,-3.07613488194834,2.92162156823889,-0.30491769965164
SSP5-8.5,10,81,21,101,7530521.00490123,392437.976119939,19.1890730845063,2.64841253863002,0.334612859155033,1466508.76014272,5.13444403750532,48.9713093918922,0.714053355434288,40.8230999584812,0.045604226837029,18.4753809985714,0.735965263633157,5.48900753865913,6.8768250242387,2.9543410068471,-0.687394818706794,0.710493424658631,3.89123460401087,-0.33679759193551,3.70924809664624,-3.08775487296311,2.91643908900709,-0.306572357517636
SSP5-8.5,11,81,21,101,7542748.30112593,366995.352909024,20.5527079330504,2.65290190817525,0.345117939676109,1463153.27034654,5.15592973747786,48.4121878908481,0.720182649660923,40.7612894408916,0.0459094761366185,18.5421885132187,0.741399139144621,5.5208214692652,6.8775296157027,3.02299270515879,-0.640568946101992,0.712306990366088,3.87975159794889,-0.328250419058772,3.70773284281223,-3.08108373144569,2.92004859595539,-0.299216149387543
SSP5-8.5,12,81,21,101,7477867.06331482,425506.416743721,17.5740406467681,2.64573527427529,0.339051876531169,1464312.0505842,5.10703830417111,49.1176290354887,0.715828182777727,40.6972932439035,0.0456493198303138,18.5750781716226,0.735604269955909,5.52052203765653,6.87377774028036,2.86642284996321,-0.667522231090593,0.708169115194048,3.89421801385243,-0.334315109005996,3.70616158517319,-3.0867665717167,2.92182079902687,-0.307062981543548
SSP5-8.5,13,81,21,101,7595232.04833198,433834.233219216,17.5072215762515,2.64729338983959,0.335426586292401,1482298.95838667,5.12393788982357,48.563173548684,0.698332893955228,40.6918447176901,0.0454274048244394,18.6319636328924,0.733824321631393,5.54413570821054,6.88054104689803,2.86261345730821,-0.683742238004224,0.7096038567732,3.88286549776005,-0.359059364475265,3.70602769688397,-3.09163972555218,2.92487858071734,-0.309485622841366
SSP5-8.5,14,81,21,101,7427801.78381975,423956.276398618,17.5202071471066,2.65181718438896,0.335690013451647,1455008.39904679,5.1048328718826,49.006550988187,0.717687447862136,40.878481787774,0.0449394644451736,18.5069215426543,0.733185401093474,5.49025444451051,6.87086030576485,2.86335490890334,-0.682560732636254,0.707981528204066,3.8919539828109,-0.331721114092759,3.71060380694196,-3.1024389294038,2.91814479955309,-0.310356674434848
SSP5-8.5,15,81,21,101,7469558.12890741,380746.540163999,19.6181904258146,2.64360292986801,0.333295856867709,1461828.74494679,5.11020813557926,48.8634329213446,0.707701044944625,40.8942834308485,0.044042304262152,18.5292521655026,0.732135717257495,5.50814050593672,6.87329491133973,2.97645721878349,-0.693315829395924,0.708438589037399,3.88902932372462,-0.34573352736535,3.71099028386319,-3.12260464646753,2.91935068144199,-0.311789376116936
SSP5-8.5,16,81,21,101,7514388.34440111,399193.996099291,18.8239012054982,2.64422782263789,0.338603662703055,1469428.72317667,5.11361988344027,48.6620451526094,0.708636578106265,40.9081565714859,0.0458684421023493,18.5175680236949,0.747400066472664,5.51180710718409,6.87589363569307,2.93512740308459,-0.669522975891155,0.708728441981311,3.88489936591338,-0.344412467637116,3.71132947034149,-3.08197793427336,2.91871990438013,-0.291154672992219
SSP5-8.5,17,81,21,101,7499151.20519877,411178.951524474,18.2381689952639,2.64852594704733,0.337010848873492,1464129.29181864,5.12201594580161,48.7225774616788,0.703629888006678,41.1024084454449,0.0450798426904843,18.442037927963,0.733122448421517,5.4891271607505,6.87501211035713,2.90351659557579,-0.676643504406412,0.709440926175142,3.88614252556713,-0.351502788330369,3.71606671943116,-3.09932007938,2.91463272872274,-0.310442539994412
SSP5-8.5,18,81,21,101,7392150.93388272,339439.310578767,21.7775334308763,2.64681759000448,0.339848058442924,1451111.49516407,5.09614456562025,48.8378505362432,0.700112349771972,41.0227689704441,0.0442371214231661,18.5549416257407,0.737292765026455,5.5156776889634,6.86877082578283,3.08087886182057,-0.663971392211694,0.707241739413758,3.88850563795959,-0.356514457143181,3.71412725330224,-3.11819099117332,2.92073614849526,-0.304770226829395
SSP5-8.5,19,81,21,101,7500682.82349506,332782.247129815,22.5393117817644,2.64532139683947,0.341580765491564,1464398.10182988,5.12329720664837,48.9294267135918,0.711501692647447,40.8522503894328,0.0464570190511665,18.5428670649559,0.734001516119929,5.4889146159414,6.87510080112204,3.11526097494958,-0.656257709732494,0.709549550384133,3.89037898877198,-0.340377482470595,3.70996190888127,-3.06922771531764,2.92008519030461,-0.309244184811268
SSP5-8.5,20,81,21,101,7456533.96139543,315548.887097281,23.6303605124003,2.64517299218862,0.337070868254513,1459519.71932914,5.11006772915582,48.6868994482752,0.713609694984594,40.653602413416,0.0456480158408801,18.5789836118783,0.735857035873016,5.55874731013275,6.87253700022902,3.16253234763767,-0.676374894393779,0.70842665633896,3.88540998873128,-0.337419111787615,3.70508745232351,-3.08679513748862,2.92203102854594,-0.306719423858963
SSP5-8.5,21,81,21,101,7453024.78571235,378777.172238288,19.6765415974531,2.64835409584668,0.330604741530948,1457088.43499877,5.11501439354399,49.1828383053401,0.699537277466848,40.8768005894761,0.043627842309192,18.5043750326808,0.736778657707231,5.53614282345281,6.87233256551848,2.97942714434473,-0.705451178014112,0.708846860145527,3.89554474771607,-0.357336194707059,3.71056267936588,-3.13205974736262,2.91800719237835,-0.305467760655966
SSP5-8.5,22,81,21,101,7511923.07418272,315696.1258299,23.7947901781671,2.64436824228893,0.332830325598639,1467081.04427753,5.12157380325431,48.9966601868247,0.71075577764848,40.6563521018328,0.0456705281961819,18.4914874792769,0.738643897504409,5.50230047339993,6.87575113188997,3.1694666566383,-0.695411570587526,0.709403435398309,3.89175213633511,-0.341426399537912,3.70515508705371,-3.08630208635656,2.9173104899338,-0.302939344936309
SSP5-8.5,23,81,21,101,7558703.25770938,372001.368498654,20.3190200299941,2.64900758185539,0.334305091121118,1475069.82822815,5.12551564128115,48.6264770785633,0.706129977201844,40.34673228391,0.0459141525688456,18.4578863640476,0.739683279003527,5.49670398440538,6.87844729598719,3.01155739467696,-0.6887774482977,0.709737563171336,3.88416817841427,-0.347955954748568,3.69751040714684,-3.08098187460782,2.91549172436369,-0.301533185749226
SSP5-8.5,24,81,21,101,7335859.96283827,405671.239487716,18.0832636104596,2.64701560111505,0.336322767336386,1439088.33725543,5.09784778323643,48.6858049046781,0.708127560968116,40.6148802564025,0.0447424193990779,18.5208074774603,0.734009062001764,5.46629780781002,6.86545103232021,2.89498684810224,-0.679724619969179,0.707386863717124,3.88538750720312,-0.345131030658317,3.70413450823814,-3.10683324751417,2.9188948285624,-0.309233904392384
SSP5-8.5,25,81,21,101,7511169.75006469,346859.073344966,21.6548169769067,2.64791494099105,0.338472097374099,1467244.40249765,5.11970596954952,48.7114603883252,0.713574535022756,40.8477308753139,0.0456831608461696,18.5802533907496,0.737824089426808,5.5034150028833,6.87570757700928,3.07522792286023,-0.670110504760469,0.709245019673303,3.88591432865264,-0.337468383579029,3.70985127203525,-3.08602552062176,2.9220993711156,-0.3040498440045
SSP5-8.5,26,81,21,101,7450435.52069012,382424.628976303,19.4821017167066,2.64947861708899,0.344882110238656,1454195.82377395,5.12369766678085,48.5822941930007,0.725747779777988,40.7752081708389,0.0473124237374799,18.5427434432275,0.738441973650794,5.53194355781039,6.87218166049381,2.96949618339594,-0.641612554626263,0.709583495482769,3.88325914751043,-0.320552735292566,3.70807425384877,-3.05098235967523,2.92007852347471,-0.303212753353269
SSP5-8.5,27,81,21,101,7463974.30400988,376340.346292162,19.8330430886499,2.64669110481404,0.335776572164306,1458617.1772637,5.11718700861567,48.7923073470822,0.702425782179731,40.7369802649276,0.0449160329893694,18.4996319786067,0.73436957186067,5.52167224774686,6.87297013560903,2.98734938959067,-0.682172605601488,0.709031288640242,3.88757266410291,-0.353215531498126,3.70713628593385,-3.10296046580401,2.91775083883812,-0.308742873185806
SSP5-8.5,28,81,21,101,7415860.71750617,310313.879389889,23.8979343498479,2.64889054305871,0.340530585587731,1459871.35442296,5.08056637750664,48.8114712883443,0.707189096206353,40.8910581394407,0.0449822157177911,18.5561334633774,0.735751762336861,5.47070518257006,6.87016156442305,3.17379202632562,-0.660930647078169,0.705912129786827,3.8879653526192,-0.346457186037813,3.71091141174876,-3.10148807359771,2.92080037932846,-0.306862496578375
SSP5-8.5,29,81,21,101,7495576.80498519,375456.180402228,19.9639190835935,2.64651137211918,0.33986400449794,1464577.06090975,5.11872928530211,48.8547163130688,0.715921913582423,40.8164226825913,0.0457801416286236,18.5498722441711,0.737076159876543,5.44795766220809,6.87480505860972,2.99392659848322,-0.663900316761907,0.709162161586117,3.88885092066711,-0.33418417721131,3.70908451715217,-3.08390487078352,2.92046290192305,-0.305064054443111
SSP5-8.5,30,81,21,101,7569350.69781852,330468.32979846,22.9049201248264,2.64965091652318,0.334145366981728,1478599.08857914,5.12019457987997,48.9597471965953,0.702001209075388,40.8075913220006,0.0443103461383221,18.6460178008378,0.741488375141094,5.57284939922406,6.87905862712904,3.13135174009518,-0.689495249199368,0.709286465538808,3.89099847472251,-0.353820152628196,3.7088681259165,-3.11653708205848,2.92563260054731,-0.29909579501714
SSP5-8.5,31,81,21,101,7433743.53038025,389275.312318543,19.0963652077099,2.64780897150173,0.343892356895791,1450712.25316173,5.12403000031822,48.939630375453,0.707919936534622,40.9833961848735,0.0452226194402358,18.6015346849206,0.733721612857143,5.46539290812717,6.8712075735391,2.94949801368136,-0.645996173176296,0.709611663799916,3.89058750537981,-0.345424275673541,3.71316701358072,-3.09615788722362,2.92324408725737,-0.3096255963468
SSP5-8.5,32,81,21,101,7542799.29280741,385097.679322106,19.5867170793787,2.64954821258551,0.336904345488707,1467759.38206482,5.13987462884066,48.4438990990238,0.711568267079823,40.7291017094597,0.0450311982294898,18.5609721581217,0.736746027010582,5.4918903048882,6.8775325516791,2.97485163646231,-0.67712020627817,0.710952525869453,3.88040640881921,-0.340283917945577,3.70694286665305,-3.10039973544041,2.92106110519546,-0.305512049967156
SSP5-8.5,33,81,21,101,7447799.69624444,398543.581679418,18.6875414348921,2.64742899051276,0.34149680524684,1454596.14864123,5.12090104396742,49.0922870328194,0.711953523175812,40.7028193718738,0.0448560496072864,18.519413197425,0.729088862257496,5.54715413156613,6.87202798806116,2.9278570684002,-0.656631048826346,0.709346383630894,3.89370193555308,-0.339742646139227,3.70629736208556,-3.10429681423828,2.9188195439118,-0.315959658301388
SSP5-8.5,34,81,21,101,7380157.90420247,360121.686570173,20.4935114419009,2.64450799838794,0.335258223155449,1448128.61188951,5.09676038308936,48.8033459450615,0.702511889124637,40.5196550799586,0.0448148302065506,18.5185517520194,0.735298988862433,5.54750770880153,6.86806565398973,3.02010832101368,-0.684497609459979,0.707294216333805,3.88779887495665,-0.353092953896611,3.70178716700364,-3.10521616294378,2.9187730270253,-0.307478074916995
SSP5-8.5,35,81,21,101,7434041.9934037,328682.85672408,22.6176748842255,2.64696191014338,0.338861856422904,1447869.89001568,5.13581685259457,49.2925531831864,0.709723631738121,41.2354638894181,0.0438092721589686,18.5590127339242,0.729152336587302,5.49333345285237,6.87122501000856,3.11873167514057,-0.668370288660661,0.71060952804254,3.8977730185883,-0.342879635797709,3.71929866011698,-3.12790979087643,2.92095553272795,-0.315872602291865
SSP5-8.5,36,81,21,101,7447317.34551358,318391.060030457,23.3904725365128,2.64735056257251,0.33595245115395,1458332.01288691,5.10740220538659,48.951712741451,0.701819407199249,40.9197659890246,0.0446519519933871,18.5553495800794,0.735975676366843,5.56995088465889,6.87199986041903,3.15232878289363,-0.681384121094162,0.708200059676962,3.89083435797525,-0.354079162753918,3.71161322232378,-3.10885725495817,2.92075813454416,-0.306558209213987
SSP5-8.5,37,81,21,101,7503317.02262222,277533.323316551,27.0357337020176,2.64958284663193,0.336470127852977,1470470.33169395,5.10388889372852,48.7524858554984,0.708926777225662,40.7910128567817,0.0454383783365076,18.4788756811552,0.738905863624339,5.6267602528817,6.87525329621251,3.29715946143437,-0.679064502786624,0.707901211683754,3.88675618805147,-0.344003033910772,3.70846178402833,-3.09139819322307,2.9166282245984,-0.302584749606167
SSP5-8.5,38,81,21,101,7473487.58838642,325158.545443568,22.9841340266528,2.65202692172415,0.331134714661916,1463860.29452963,5.10718291541005,48.7367496560206,0.713926506622735,40.9777755101025,0.0455587391912029,18.4202986238536,0.733766951031746,5.50098050094713,6.87352331760178,3.13480415296232,-0.70305738712928,0.708181412531603,3.88643335857124,-0.336975253841336,3.71302985900707,-3.08875281437688,2.91345324263134,-0.309563806189475
SSP5-8.5,39,81,21,101,7447077.29044691,376393.028154624,19.7853752152593,2.6477674447762,0.337280192577485,1464105.10986784,5.08739491480701,49.4641147943827,0.710848232027518,40.9984898101547,0.0448885985197278,18.5439934811288,0.73823458968254,5.52903502555367,6.87198586124775,2.98494303929033,-0.675438270735751,0.706495451542212,3.90124745301984,-0.341296329028068,3.71353523212726,-3.10357144699805,2.920145935062,-0.303493632693765
SSP5-8.5,40,81,21,101,7402844.47679259,413265.81214954,17.9130338371999,2.64806582956649,0.340415967298505,1453586.86130654,5.09298118901243,48.6980501246288,0.712353146984702,40.8127598438875,0.0454743994467258,18.4590673973281,0.737568253156967,5.53674458421587,6.8693986255702,2.88552859520566,-0.661441079788156,0.706972072107224,3.88563899077833,-0.339181497577967,3.70899477378851,-3.09060576089438,2.91555570761044,-0.304396648396826
SSP5-8.5,41,81,21,101,7415457.95891481,342907.853628208,21.6252205379784,2.65268904503558,0.338005596130455,1451380.07788346,5.10934164212602,48.5399346795106,0.709328601977803,40.9311429925225,0.0456185287222768,18.5805271080159,0.738586478174603,5.48153113128108,6.87013797706205,3.07386025105396,-0.672194650587072,0.708364943263479,3.88238685459319,-0.343436387355032,3.71189121565856,-3.08744131336326,2.92211410262892,-0.303017084103849
SSP5-8.5,42,81,21,101,7469507.0996321,334379.768333955,22.3383942660433,2.65032148210988,0.34334198053317,1460207.90849,5.11668309845211,48.7478974036829,0.70963486670603,41.046548762379,0.0459453828486213,18.5232114842328,0.733787297416226,5.5431003552059,6.87329194438935,3.10630691397824,-0.648436386395245,0.708988519794967,3.88666206633286,-0.34300471347513,3.71470675836595,-3.08030191730481,2.91902462046097,-0.30953607790004
SSP5-8.5,43,81,21,101,7580115.07249383,365287.807753285,20.7510760326647,2.65360275304155,0.341950445143094,1479359.0520558,5.12426525730594,48.5811937991902,0.707735478959632,40.6416174969627,0.0445164701193364,18.6593008806526,0.741715844708995,5.4565103277114,6.87967579863598,3.03259810232807,-0.654614410500676,0.709631602884231,3.88323649715415,-0.345684872389401,3.70479260309244,-3.11189604324435,2.92634472851435,-0.298789067775347
SSP5-8.5,44,81,21,101,7498507.41287778,346905.572353832,21.6154135605223,2.64562475803412,0.339366967197321,1465796.84678716,5.11623482249232,48.3929523987688,0.720342808303231,41.0547793095922,0.0459132762404684,18.5627118858466,0.742737770185186,5.51702154671286,6.87497482514352,3.07340665097021,-0.666116494941231,0.708950469303928,3.8793541915245,-0.32802805763908,3.71490725566444,-3.08100096102652,2.92115483122351,-0.297412230362073
SSP5-8.5,45,81,21,101,7455057.70175802,309211.310884463,24.1099126692154,2.64794490842925,0.342214271680874,1457509.81740086,5.11607859276956,48.6920683054107,0.70753296303062,40.8288441347361,0.0446221133060118,18.5366659339947,0.74183138739859,5.51210610188614,6.87245100921868,3.18262307000549,-0.653442171180242,0.708937207453209,3.88551614835198,-0.345971059694064,3.70938879571539,-3.10952572879514,2.91975071300581,-0.298633302340547
SSP5-8.5,46,81,21,101,7444889.56742716,343636.510913412,21.6650132654358,2.64512787084529,0.33959170119552,1450041.65878852,5.13525496651472,49.0548137138986,0.702927800006988,40.7523806614793,0.0452860196930742,18.4921595284215,0.73247166792769,5.49702661873964,6.87185826009858,3.07569866748967,-0.66511426115652,0.710562011283145,3.89293832011347,-0.352501095138518,3.70751425912102,-3.09475691017181,2.91734683297723,-0.311330617435961
SSP5-8.5,47,81,21,101,7494036.34804074,357431.61658388,20.966349926356,2.64854216779495,0.334691371361818,1469656.35020877,5.09971536718855,48.988043207462,0.71151282822908,40.8379351843998,0.0459059433923067,18.6440690262434,0.740391124656085,5.60447623833623,6.87471579520497,3.04291876807311,-0.687042208539276,0.707545937292252,3.89157625215959,-0.340361831777689,3.70961143336015,-3.08116068462701,2.92552808083379,-0.300576685583052
SSP5-8.5,48,81,21,101,7480742.16134815,373231.432747648,20.0431729618177,2.64930554111412,0.340373048648942,1461655.30495914,5.11918788333822,48.6143433259417,0.719271281891105,41.2515352139828,0.0463918613072449,18.5527622722134,0.739755619329806,5.47226913439744,6.87394468617853,2.9978885951116,-0.661632231962033,0.709201069225893,3.88391861752752,-0.329516687984257,3.71968832939682,-3.07063123799591,2.9206186875208,-0.301435391475439
SSP5-8.5,49,81,21,101,7512707.23304074,342523.03846925,21.9334362634857,2.64654285719989,0.335644480624362,1462182.20688049,5.13778647457437,48.6067407043588,0.713771731914584,40.9112985381661,0.0448007196424359,18.445701886164,0.737908434162257,5.55506801031596,6.87579646490095,3.08801224251624,-0.682764920528984,0.71077605110957,3.88376221890937,-0.337192070959379,3.71140627277626,-3.10553107624298,2.91483138324761,-0.303935535030221
SSP5-8.5,50,81,21,101,7465095.59485617,369550.273080437,20.2004872912956,2.64653776697405,0.345136052456632,1456005.93597556,5.12774142714854,49.3705358088083,0.705609787122012,40.8706168748775,0.0446436898795297,18.4853056345856,0.743514787319224,5.54866044448606,6.87303537348807,3.00570672744766,-0.640488806144886,0.709926117213986,3.89935380513487,-0.348692903747979,3.71041139104871,-3.1090423057335,2.91697612644642,-0.296366624484516
SSP5-8.5,51,81,21,101,7548438.54168148,343177.818546981,21.9957064056228,2.65090832389132,0.335977786807575,1470005.40144531,5.13550198334481,49.2095513211697,0.696673336292871,41.0735699558184,0.0444666135563889,18.5513465728307,0.737327792495591,5.52341540871423,6.8778571234351,3.09084727093068,-0.681270555433871,0.710582901281183,3.89608773720108,-0.361438649111087,3.71536484787766,-3.11301662855349,2.92054237794607,-0.304722719734822
SSP5-8.5,52,81,21,101,7431169.45186296,300973.475605242,24.690446348866,2.64887811985201,0.341286760527108,1453131.05347531,5.11548826685903,48.5941950441841,0.714524884132842,40.5898981666126,0.0452229140437982,18.606916931358,0.736822453024692,5.48851695315656,6.87105716457154,3.20641638131705,-0.657565230987983,0.708887092883413,3.88350408023719,-0.336137454880895,3.70351922201821,-3.09615137272697,2.92353338961966,-0.305408320801918
SSP5-8.5,53,81,21,101,7548537.65770494,329644.519183351,22.8990237010626,2.65051930467763,0.342657273011541,1468953.3542284,5.13931173711724,48.9631225014494,0.712627686614601,40.8257853601792,0.0444715143743051,18.5903502927778,0.742148603712522,5.49404602849244,6.87786282597334,3.13109427651,-0.651474793361952,0.710904961643855,3.89106741275232,-0.338796173611747,3.70931387590797,-3.11290642119844,2.92264264463155,-0.298205781321848
SSP5-8.5,54,81,21,101,7415914.20363321,387619.394604634,19.1319482638306,2.65046737458578,0.336146303433153,1447693.82081514,5.12269475360965,49.518359769642,0.717692537622954,41.2876476656097,0.0454466739056332,18.4704007774603,0.735071682592593,5.51494206661686,6.8701646967157,2.95135962164497,-0.680515296626256,0.709498478309973,3.90234350524381,-0.331714022227373,3.72056336723149,-3.09121564243075,2.91616949280953,-0.307787257187921
SSP5-8.5,55,81,21,101,7473693.29244321,326275.418791636,22.9060875015412,2.64402246357592,0.332954232958136,1462618.94387259,5.11040426304974,48.5193715884354,0.696621199683964,40.4595415401067,0.0447064762021826,18.5177905215785,0.738573753042329,5.58112891421054,6.87353527117851,3.13140270499535,-0.694853617845563,0.70845525674279,3.88196313239337,-0.361513488432688,3.70030250048674,-3.10763690637633,2.91873191981037,-0.303034313287259
SSP5-8.5,56,81,21,101,7394407.63864815,371780.897245639,19.8891543202732,2.64836367683112,0.340362196333189,1444838.86120778,5.11749260766429,48.9446907568252,0.720509666527324,40.9895720170337,0.0456352569920047,18.4539401541887,0.734494775864197,5.46263861078295,6.8689033886682,2.99017457412754,-0.661680568129849,0.709057223986634,3.8906909005164,-0.32779644721712,3.71331769330618,-3.08707468156197,2.91527790617878,-0.308572395899698
SSP5-8.5,57,81,21,101,7550021.74406667,332678.053017689,22.6946793621677,2.65090511295486,0.336541046547545,1463797.43418765,5.15908876323562,48.8603393899362,0.707679836143693,40.8911090379613,0.0459577248103116,18.497789991746,0.734626872098765,5.54204831148232,6.87794820239933,3.12213050768206,-0.678746865714334,0.712573000067881,3.8889660119769,-0.345763496402261,3.71091265648273,-3.08003333091902,2.91765126504276,-0.308392565679229
SSP5-8.5,58,81,21,101,7449367.14722222,368039.099999354,20.2406949349548,2.64523963503834,0.337054337917752,1458240.57736407,5.10875458380827,49.0558613244707,0.703825269885757,41.2686600668709,0.0444507231153518,18.4730543334303,0.74055386537037,5.51283064999935,6.87211937930622,3.00769517856081,-0.676448871716888,0.708315040388697,3.89295967580329,-0.35122514981487,3.72010337575185,-3.11337404909264,2.91631314780697,-0.300356906028732
SSP5-8.5,59,81,21,101,7491625.14581852,308847.016815137,24.2567508764467,2.64663127646645,0.330353609957205,1463872.34524037,5.11873284377464,49.431289340869,0.701653803086516,41.2842419144503,0.0447809366713008,18.5294622390741,0.734190263209877,5.55693212655243,6.87457603870115,3.18869496529871,-0.706586170916189,0.709162463501761,3.90058361115568,-0.354315154595141,3.72048087544939,-3.10597275085073,2.91936201877923,-0.30898706977542
SSP5-8.5,60,81,21,101,7399422.16114938,334515.829264694,22.1197967743835,2.64781283480751,0.333378736587545,1450064.06716926,5.1044014554598,49.021867555566,0.69653045088477,40.7677962440008,0.0445143517218665,18.4920606798148,0.734011588862434,5.50796622072294,6.86919780594412,3.09647298919708,-0.692942872872457,0.707944823831156,3.89226647520303,-0.361643766854689,3.70789246199767,-3.11194363120157,2.91734148752957,-0.309230461851343
SSP5-8.5,61,81,21,101,7488124.88755556,408820.84888928,18.3163967980105,2.64794660902005,0.337721447993476,1457881.83110877,5.13677733348887,48.705609685869,0.6988636366225,40.9040938374823,0.0448641664210733,18.5248444595856,0.73922748377425,5.53519947378188,6.87437307898912,2.90779665857037,-0.673464803512151,0.710690740547586,3.88579421207638,-0.358299639295328,3.71123015186568,-3.10411587812002,2.91911277490321,-0.302149578915304
SSP5-8.5,62,81,21,101,7445410.13332963,316243.89124189,23.5432536074974,2.64729787533664,0.342604571669261,1452361.5570679,5.12783213741945,48.8859269714206,0.721626514914416,41.324876261575,0.0464621992146838,18.5502786148324,0.732348626208113,5.60439225462859,6.87188862602855,3.15883930840255,-0.651708777194763,0.709933799859888,3.88948956306527,-0.326247566293469,3.72146464942735,-3.06911621710189,2.92048480860817,-0.311498613087522
SSP5-8.5,63,81,21,101,7506233.5525037,421650.427331574,17.8020299896459,2.64434152944165,0.3379328133264,1460247.24710099,5.140982920992,48.399745003671,0.697126015498598,40.3935883830866,0.0448434336670136,18.4619776184744,0.736275610776014,5.47290889910939,6.87542207313137,2.87931249515761,-0.672519942647312,0.711046161087176,3.87949454518951,-0.360789087578343,3.69867106898344,-3.1045781077284,2.9157133532649,-0.306150759187026
SSP5-8.5,64,81,21,101,7432343.44005309,379821.726958341,19.5679786398009,2.64958645055743,0.34157786797027,1451648.18930235,5.11995266044559,49.0944881432827,0.707956682579882,41.1627495437563,0.0457802621373382,18.446012909612,0.7332602235097,5.52104507486101,6.87112576969841,2.97389448735596,-0.656270593165564,0.709265945467569,3.89374677072482,-0.345372369956938,3.71753371008936,-3.083902238451,2.91484824467298,-0.310254628487783
SSP5-8.5,65,81,21,101,7476580.57284198,350300.743993967,21.3433191365724,2.64420643824273,0.339225050952563,1467413.30730111,5.09578749341905,49.1907254138,0.702137186829264,40.5445265457536,0.0445254850511846,18.6841827788713,0.734615680934744,5.56303035519839,6.87370301793309,3.06073876970101,-0.666749557216135,0.707211308581648,3.89570509787883,-0.353626471215171,3.70240079107476,-3.1116935559593,2.92767732523338,-0.308407799602312
SSP5-8.5,66,81,21,101,7440713.88817654,377492.268837789,19.7109040433723,2.6468612803471,0.34178617863096,1455453.91232321,5.11320379241832,49.0615081413583,0.705789691903023,40.7610779965544,0.0456048544393062,18.5383759861728,0.737099337548501,5.52250625250961,6.87161460528005,2.98117198735641,-0.655344502169542,0.708693102360599,3.89307477911118,-0.348437972688901,3.70772765541781,-3.08774111112561,2.91984296116472,-0.305032609514064
SSP5-8.5,67,81,21,101,7373421.01759753,354427.989886372,20.80372100398,2.64797015573864,0.334364774629645,1445564.44774741,5.10150519476233,48.5820620026241,0.705824445405257,40.52718123128,0.0450106989032894,18.5284231935538,0.733290747857143,5.5325436431286,6.86766903254668,3.03513186512969,-0.688509274202723,0.707698333222151,3.88325436817806,-0.348388733309211,3.70197289051083,-3.10085506406425,2.91930594188718,-0.310213001093927
SSP5-8.5,68,81,21,101,7465861.09400741,334421.786573569,22.3246851543418,2.64401696723867,0.329254686510999,1466475.36630284,5.09210804539516,48.8684330138228,0.70108126962595,40.4526258919219,0.0440700410402512,18.5381180072046,0.730593026137566,5.54292576959998,6.87307990540447,3.10569302383408,-0.711557927889687,0.706897610028965,3.88913164638949,-0.355131464821492,3.70013155837949,-3.12197506887723,2.91982904512572,-0.313898710057196
SSP5-8.5,69,81,21,101,7498852.3732,363848.840223668,20.6098015005085,2.6472801665153,0.331983490629341,1460935.73466025,5.13260021369094,48.673202496034,0.695954951745671,40.3670978929068,0.0434364703728945,18.4980396698413,0.736067349338624,5.55543037802528,6.87499480390866,3.02576676363369,-0.699227647197976,0.710337437697398,3.88512862188679,-0.362470345245785,3.69801504456485,-3.13645585958366,2.91766476267736,-0.306433657186228
SSP5-8.5,70,81,21,101,7460637.03468642,403072.680523025,18.5094088366533,2.652426616266,0.344985379235559,1450842.44057407,5.14266580430785,48.8549536779204,0.706019873032003,40.6703431559558,0.044855785266966,18.579685378739,0.736271757557319,5.49988986045987,6.87277591176721,2.91827918856342,-0.641155520057921,0.711188302648758,3.88885577924153,-0.348111893114523,3.70549915745314,-3.10430270733635,2.92206879991288,-0.306155992592453
SSP5-8.5,71,81,21,101,7494484.95347901,383751.263299779,19.5295381936618,2.65069741973415,0.341369852584373,1458777.92906395,5.13769031976932,48.7637653977769,0.70828703854714,40.9204314510837,0.0451403816874101,18.5490013318254,0.739320394797178,5.55711264814144,6.87474179201447,2.97192809861116,-0.657195642693969,0.710767923116664,3.88698752471965,-0.344905845772828,3.71162948479821,-3.09797805199247,2.92041595104493,-0.302023900167396
SSP5-8.5,72,81,21,101,7598946.64255926,346309.530972317,21.9426436841748,2.64746477366585,0.330974356969767,1485739.75463049,5.11599451726175,48.8165042418499,0.702182147639901,41.0791522395629,0.0443940102663971,18.5634485956878,0.74467217967372,5.52641870497664,6.88075339504009,3.0884319436762,-0.703781488797059,0.708930070379673,3.88806845735906,-0.353562439040226,3.71550074803054,-3.11465072255428,2.92119451805521,-0.294811184726589
SSP5-8.5,73,81,21,101,7421825.62319333,360223.123891066,20.6034125267254,2.64526236611516,0.345713434867913,1452003.40256617,5.1126558725837,48.990114504709,0.709841453791946,40.8184776328572,0.0444972113883458,18.5024208641975,0.736279955273369,5.51619759454591,6.87051074632447,3.02545671871314,-0.637935219505775,0.708646561811691,3.89161853295555,-0.342713638401329,3.70913486204775,-3.11232875720393,2.91790158104737,-0.306144858564387
SSP5-8.5,74,81,21,101,7472248.39257407,340289.823390974,21.9584832661565,2.64642734252964,0.342184256563458,1462387.61554259,5.11069036389392,49.1689888592838,0.710392285793008,41.1700801507495,0.0457088608147648,18.5358853670635,0.741917565326279,5.56547919169802,6.87345130028457,3.08915354623037,-0.653575513074535,0.708479569602119,3.8952631170327,-0.341937946325681,3.71771178260405,-3.0854631089625,2.9197086027704,-0.298517139929611
SSP5-8.5,75,81,21,101,7441170.72692222,373051.993686496,19.9467389341326,2.64455296437798,0.334745764946794,1454238.19695235,5.11684306065801,48.7724328174345,0.704111286419283,40.564433195992,0.0454170562151994,18.5827584109259,0.736379660176367,5.54097562831209,6.87164126891192,2.99306566802627,-0.686797942845277,0.709002096875293,3.88716525196018,-0.350818858016877,3.7028916530141,-3.09186755692828,2.92223418366489,-0.306009450623401
SSP5-8.5,76,81,21,101,7554025.81961247,367784.900944112,20.5392494368886,2.64392053848768,0.338244277820868,1468787.62023798,5.14325640271617,49.150609652623,0.707493358391249,41.0672994615369,0.0462747662074549,18.5873173979806,0.736887792098765,5.4816228057684,6.87817846490984,3.0223376622986,-0.67112813821412,0.711238175401997,3.89488925043533,-0.346027036941671,3.71521217127859,-3.07315847277834,2.92247948782306,-0.305319647910714
SSP5-8.5,77,81,21,101,7561150.57140617,346518.756288736,21.820321221244,2.65040566496176,0.344032995479102,1473643.46692963,5.13139158371905,48.8913607140776,0.716945497008155,40.8159743089343,0.0471590078181501,18.5616870234215,0.739593538024691,5.51474425935446,6.87858788661132,3.08284170171013,-0.645372919828606,0.710235157543587,3.88960070835865,-0.332755456602156,3.70907353196311,-3.05423024216554,2.92109961888578,-0.301654516629171
SSP5-8.5,78,81,21,101,7544508.90521111,430791.738110706,17.5131234835156,2.64803570800945,0.341098672530409,1474488.49452716,5.11610765462401,49.1476981008575,0.695348269401012,41.0082853760381,0.0442672224620063,18.561348755582,0.746658371049383,5.47783348909766,6.87763097549686,2.8629505132287,-0.658401994907501,0.70893967445346,3.89483001133279,-0.36334245187774,3.71377412863082,-3.11751077506912,2.9210813947383,-0.292147533064599
SSP5-8.5,79,81,21,101,7528850.19712901,377057.009178128,19.9674054953644,2.64817902448329,0.344758589857841,1471082.33902086,5.11897220438538,49.597904242489,0.696867993239993,41.57237674878,0.0446658762603072,18.6261181223898,0.734135106746032,5.50879989061262,6.87672865599211,2.99410121887543,-0.642159300277463,0.709182771371925,3.90394857966257,-0.361159278927708,3.72743592624597,-3.10854546352067,2.92456479588059,-0.309062198169984
SSP5-8.5,80,81,21,101,7423246.0343679,396309.04649246,18.7309527755358,2.64517141712009,0.329814563827815,1451526.7529884,5.11418406919597,48.8769946992499,0.71468046943553,40.9915103005508,0.0457974361306556,18.5102709821781,0.732622285291005,5.53995299934065,6.87059385494816,2.93017738411768,-0.709023875771963,0.708776355054705,3.8893068297336,-0.335919732070225,3.71336497942299,-3.08352716910893,2.91832576625016,-0.311125009647444
SSP5-8.5,81,81,21,101,7470769.56468148,434133.874398767,17.2084465305265,2.64815678431604,0.339261693058162,1456531.11920531,5.12917219961452,49.2627530220364,0.702591253632796,41.1675757107315,0.0443444505395459,18.4651898040476,0.733995540793651,5.4637245981407,6.8733653408355,2.84540034063657,-0.666586091183334,0.710047279702718,3.89716827870761,-0.352979987800631,3.71765094919818,-3.11576770681463,2.91588732737694,-0.309252325599085
SSP5-8.5,82,81,21,101,7557105.54477815,339176.510156811,22.2807456249971,2.64777757021919,0.334647383141313,1476408.66071025,5.11940970365826,49.3124993060729,0.69916650432197,40.8047521108275,0.044001398402613,18.6078633165432,0.736697197936508,5.57473880468586,6.87835548774572,3.10372288061208,-0.687239761210048,0.709219887299396,3.89817758453406,-0.357866361506334,3.70879854793222,-3.12353386369134,2.9235842503357,-0.305578328834595
SSP5-8.5,83,81,21,101,7482708.68819877,391141.201188272,19.1304538245181,2.64756805054571,0.336706540240633,1463034.15318642,5.11475024565179,48.9625148633457,0.70374459141198,41.1590425600709,0.0448879495151631,18.6245610808025,0.734659138130512,5.50539234205753,6.87405883789035,2.9512815063552,-0.678005765815687,0.708824431873507,3.89105500255781,-0.351339784940391,3.71744364927817,-3.10358590521858,2.92448119785653,-0.308348644983698
SSP5-8.5,84,81,21,101,7416705.53602346,392974.893566692,18.873229963137,2.64877087836734,0.335104526550325,1457601.08290123,5.08835936964622,48.5247855873732,0.712783957541702,40.4715449118652,0.0457324344232672,18.5680418008907,0.735207202813051,5.49428737525065,6.87021103664712,2.93774451395032,-0.685187342808603,0.706577776135408,3.88207471044404,-0.338576909333433,3.70059913240836,-3.08494750801955,2.9214419202024,-0.307602910908875
SSP5-8.5,85,81,21,101,7407085.13599383,315048.375031419,23.5109453754685,2.64930791244593,0.343848440741974,1445939.50951802,5.12342303555638,48.6129219176981,0.704881180918649,40.6209969267516,0.0442685343609649,18.4996948361552,0.734243224973545,5.50224979398519,6.86964733639992,3.15746607337552,-0.646190816662416,0.709560216587392,3.88388937864601,-0.349726028077987,3.70428509860714,-3.1174811396087,2.91775423660527,-0.308914936084494
SSP5-8.5,86,81,21,101,7470257.73136667,316538.48517185,23.5998404026955,2.64898179229035,0.337544361283618,1456345.61826346,5.13027068281103,49.5285697534176,0.715745420415595,41.3520587561548,0.0463526965531115,18.5520906725661,0.732044941851852,5.50072789230604,6.87333558566807,3.16123994941105,-0.674256652674982,0.710140279916861,3.90254966981369,-0.33443073332603,3.72212220877092,-3.07147581060189,2.92058248742329,-0.311913370933006
SSP5-8.5,87,81,21,101,7427087.56156543,345198.482636632,21.5154119590481,2.64723135096769,0.337494948393057,1455446.41343481,5.10492205964786,48.7110590567564,0.707924820106597,40.7814551804656,0.0453583586495786,18.4920686573369,0.742902657195767,5.513330485092,6.8708185440557,3.06876951363447,-0.674477640422097,0.707989115801333,3.88590608966291,-0.345417377216698,3.70822744818954,-3.09316080519135,2.91734191893203,-0.297190256042824
SSP5-8.5,88,81,21,101,7576808.69681482,357125.327862401,21.2161056796681,2.6485299228075,0.343962753387217,1479084.21172654,5.12321855493665,48.5999241366711,0.700574881892215,40.7063626100554,0.0447608367851526,18.6641920834391,0.736268802239859,5.47623748465894,6.87948632209613,3.05476059512171,-0.64568418923133,0.709542883141299,3.88362196993138,-0.355854021142055,3.70638440971576,-3.10642170078124,2.92660682632065,-0.30616000649542
SSP5-8.5,89,81,21,101,7436329.54089012,383438.552856165,19.393797221219,2.64387126195876,0.337894158991647,1454897.08330691,5.11219426463805,49.2247006334007,0.710542431428492,40.7800969541349,0.0450801334126997,18.5255279087302,0.729276513677249,5.46172321492342,6.87135862728315,2.96495328407947,-0.672692716467951,0.708607348760929,3.89639554290996,-0.341726612709543,3.70819414263576,-3.09931363034955,2.91914966787356,-0.315702313435849
SSP5-8.5,90,81,21,101,7529480.03851975,354838.752168937,21.2194412039162,2.64079823298447,0.325971938084931,1473576.44609037,5.11050438851185,48.4546915625784,0.699782273244541,40.622386419837,0.0448037142186986,18.5836393465697,0.740366022910053,5.51789340047568,6.87676498626729,3.05491779937616,-0.726460446766849,0.708463765562735,3.88062916672571,-0.356986030543237,3.70431930429943,-3.10546423633039,2.92228158861652,-0.300610589516694
SSP5-8.5,91,81,21,101,7562232.47440494,344499.067335773,21.9513873662661,2.64851291920149,0.342318364063142,1473628.39552407,5.13213095618987,48.923281208786,0.708689593331155,41.0868264178305,0.0458987364793597,18.6248958561552,0.737852457081129,5.48618922348563,6.87865002409758,3.08883034327622,-0.652979785149119,0.710297729703087,3.89025338152115,-0.344337657440306,3.71568754500942,-3.08131768997733,2.92449917263416,-0.304011397023159
SSP5-8.5,92,81,21,101,7563090.40481481,369236.735075243,20.4830388917658,2.64707386236099,0.330548984126935,1479101.96449728,5.11442387697864,49.1084590023801,0.710750078603527,40.9455777589803,0.0448783857879685,18.6102180612787,0.736032862398589,5.52637786365643,6.87869929173256,3.01959717255058,-0.705703136722608,0.708796718959021,3.89403130106933,-0.341434417858664,3.71224381323391,-3.10379898570579,2.92371078801048,-0.306480511251959
SSP5-8.5,93,81,21,101,7433302.76470988,419762.364625349,17.7083592792897,2.6458779507284,0.336007099449721,1452212.65200259,5.11876748851419,48.6094515177784,0.712678479385756,40.4876114015752,0.0451625955310399,18.5449565829542,0.737803224876543,5.56716664787474,6.87118182234485,2.87403680375881,-0.681139168422296,0.709165402894918,3.88381798767296,-0.338724900825046,3.70099603599907,-3.09748606723711,2.92019786976621,-0.304078122893166
SSP5-8.5,94,81,21,101,7502468.34943951,347364.297321897,21.5982713459094,2.64612790664597,0.338328264182902,1473955.49444481,5.0914357499481,48.9049448998459,0.70793175139321,40.9968974348896,0.0444558490618406,18.4905634513845,0.742192623201058,5.49897577515144,6.87520417194857,3.07261328120556,-0.670752945623464,0.706840267671696,3.88987851406451,-0.345407586272117,3.71349639152125,-3.11325873823611,2.91726051823838,-0.29814646950358
SSP5-8.5,95,81,21,101,7574906.65776667,332392.735862614,22.7890258735906,2.64677034232459,0.336160589522687,1479684.36398012,5.12016632229615,48.7205567734663,0.721221251713865,40.8136367664798,0.0466063173691424,18.6204648890212,0.739799702865962,5.52076925179209,6.87937728558799,3.12627909875435,-0.680451277742937,0.709284068726265,3.88610105136315,-0.326809320929795,3.70901626003876,-3.06601918117733,2.9242612387242,-0.3013758012249
SSP5-8.5,96,81,21,101,7374561.31514938,380996.296658357,19.3559921181129,2.65230665331363,0.33770830077378,1446941.97445309,5.09809242082627,49.1577111221114,0.722101198901227,41.3080369634712,0.0449946886875549,18.4931083061905,0.741611876287478,5.47998923031409,6.86773619087713,2.96300204172459,-0.673523584750323,0.707407704317054,3.89503372385212,-0.325589985228323,3.72105708063473,-3.10121082534325,2.91739813869028,-0.298929250447343
SSP5-8.5,97,81,21,101,7439001.26256173,293001.342902649,25.3889664424964,2.64774077071387,0.340681930050918,1463640.09576827,5.08394155935609,49.0184259438689,0.717654354444957,40.9858099155581,0.0464605417655805,18.6097833735714,0.732194577910053,5.52403349000694,6.87151463241769,3.23431468762124,-0.660256787976657,0.706200549632749,3.89219626709622,-0.331767226338821,3.71322590717748,-3.06915189080428,2.92368743026247,-0.311708983526843
SSP5-8.5,98,81,21,101,7478722.00524691,371687.885807007,20.1209732434759,2.64456806693311,0.33320844514636,1464590.70829148,5.10706254717185,49.0509238782681,0.706649135325582,40.7933568696839,0.0446723767050735,18.6157780695767,0.735922127283951,5.536420721594,6.87382739017876,3.0017627160038,-0.693709230061126,0.708171176775699,3.89285902127268,-0.34722100879346,3.70851924633173,-3.108399939189,2.92400950444079,-0.306630971171758
SSP5-8.5,99,81,21,101,7472047.72904444,339285.556138535,22.0228877824481,2.64860245919883,0.336073629307549,1464558.05099827,5.10245060752615,48.7799159059386,0.709197776192467,40.688461090306,0.044278655685926,18.5194012672046,0.734738972645503,5.45933534667811,6.87343963736476,3.09208226631304,-0.680840985016025,0.707778809373868,3.88731866884079,-0.34362084044342,3.70594454095693,-3.11725253099899,2.91881889971081,-0.308239982104
SSP5-8.5,100,81,21,101,7498704.25378272,391294.360153809,19.1638444541729,2.64795480772487,0.331643052945491,1461582.95014161,5.13145443335775,48.7991584676971,0.701101334684912,40.64455767731,0.0446799201350603,18.5073813503087,0.734929020167549,5.50260891865478,6.87498622551856,2.95302540242422,-0.700763133892952,0.710240476779835,3.88771306819601,-0.355102845069826,3.70486494455376,-3.10823109227019,2.91816964441675,-0.307981355633213
