scenario,run,group,value,indicator
Base,1,Prey,0.729058404666667,age_mature
Base,2,Prey,0.71105457,age_mature
Base,3,Prey,0.698822408666667,age_mature
Base,4,Prey,0.738199130666667,age_mature
Base,5,Prey,0.691157709333333,age_mature
Base,6,Prey,0.702019217333333,age_mature
Base,7,Prey,0.713198153333333,age_mature
Base,8,Prey,0.700516539666667,age_mature
Base,9,Prey,0.702737279333333,age_mature
Base,10,Prey,0.722169847333333,age_mature
Base,11,Prey,0.710254182666667,age_mature
Base,12,Prey,0.707792409333333,age_mature
Base,13,Prey,0.693054836666667,age_mature
Base,14,Prey,0.721841594333333,age_mature
Base,15,Prey,0.724932359666667,age_mature
Base,16,Prey,0.704238481,age_mature
Base,17,Prey,0.707040085,age_mature
Base,18,Prey,0.716014978666667,age_mature
Base,19,Prey,0.691563389666667,age_mature
Base,20,Prey,0.721487789666667,age_mature
Base,21,Prey,0.722150237333333,age_mature
Base,22,Prey,0.708436495666667,age_mature
Base,23,Prey,0.693678654,age_mature
Base,24,Prey,0.722670903333333,age_mature
Base,25,Prey,0.762331546,age_mature
Base,26,Prey,0.703331996333333,age_mature
Base,27,Prey,0.705451172666667,age_mature
Base,28,Prey,0.689821165,age_mature
Base,29,Prey,0.721511368333333,age_mature
Base,30,Prey,0.701561912333333,age_mature
Base,31,Prey,0.697257506,age_mature
Base,32,Prey,0.704840714666667,age_mature
Base,33,Prey,0.714033769666667,age_mature
Base,34,Prey,0.691628267,age_mature
Base,35,Prey,0.690181521333333,age_mature
Base,36,Prey,0.72072741,age_mature
Base,37,Prey,0.712719816333333,age_mature
Base,38,Prey,0.704740904666667,age_mature
Base,39,Prey,0.720364377333333,age_mature
Base,40,Prey,0.717588776333333,age_mature
Base,41,Prey,0.719962929333333,age_mature
Base,42,Prey,0.719647137666667,age_mature
Base,43,Prey,0.698028910666667,age_mature
Base,44,Prey,0.722342034333333,age_mature
Base,45,Prey,0.711020155333333,age_mature
Base,46,Prey,0.709993497666667,age_mature
Base,47,Prey,0.682229269666667,age_mature
Base,48,Prey,0.686838200666667,age_mature
Base,49,Prey,0.714605031333333,age_mature
Base,50,Prey,0.734760970333333,age_mature
Base,51,Prey,0.697168175,age_mature
Base,52,Prey,0.705666410666667,age_mature
Base,53,Prey,0.692858337,age_mature
Base,54,Prey,0.692127992,age_mature
Base,55,Prey,0.706781287,age_mature
Base,56,Prey,0.710649786333333,age_mature
Base,57,Prey,0.727507037666667,age_mature
Base,58,Prey,0.702896603,age_mature
Base,59,Prey,0.714972716666667,age_mature
Base,60,Prey,0.721918495666667,age_mature
Base,61,Prey,0.722715891,age_mature
Base,62,Prey,0.712536584333333,age_mature
Base,63,Prey,0.684251623333333,age_mature
Base,64,Prey,0.711941722,age_mature
Base,65,Prey,0.700795440666667,age_mature
Base,66,Prey,0.704490290666667,age_mature
Base,67,Prey,0.690107353333333,age_mature
Base,68,Prey,0.722938388333333,age_mature
Base,69,Prey,0.733859339,age_mature
Base,70,Prey,0.704247677333333,age_mature
Base,71,Prey,0.726712232666667,age_mature
Base,72,Prey,0.701011202333333,age_mature
Base,73,Prey,0.712720520333333,age_mature
Base,74,Prey,0.715171066666667,age_mature
Base,75,Prey,0.692341022,age_mature
Base,76,Prey,0.692319424666667,age_mature
Base,77,Prey,0.693105176,age_mature
Base,78,Prey,0.703402711,age_mature
Base,79,Prey,0.719225849333333,age_mature
Base,80,Prey,0.72530901,age_mature
Base,81,Prey,0.704383874333333,age_mature
Base,82,Prey,0.707987289,age_mature
Base,83,Prey,0.691991008333333,age_mature
Base,84,Prey,0.713507283666667,age_mature
Base,85,Prey,0.700525108666667,age_mature
Base,86,Prey,0.719131621666667,age_mature
Base,87,Prey,0.723000965,age_mature
Base,88,Prey,0.7237135,age_mature
Base,89,Prey,0.699821639666667,age_mature
Base,90,Prey,0.687890099666667,age_mature
Base,91,Prey,0.736301132333333,age_mature
Base,92,Prey,0.684412934333333,age_mature
Base,93,Prey,0.715429028333333,age_mature
Base,94,Prey,0.723038672666667,age_mature
Base,95,Prey,0.713095506333333,age_mature
Base,96,Prey,0.706889638666667,age_mature
Base,97,Prey,0.707736103666667,age_mature
Base,98,Prey,0.724350289333333,age_mature
Base,99,Prey,0.713529959333333,age_mature
Base,100,Prey,0.721540968,age_mature
Base,1,Predator,0.746989685403423,age_mature
Base,2,Predator,0.759597494257762,age_mature
Base,3,Predator,0.762863423790818,age_mature
Base,4,Predator,0.750867899857062,age_mature
Base,5,Predator,0.775421647062982,age_mature
Base,6,Predator,0.749388404684482,age_mature
Base,7,Predator,0.744762164827376,age_mature
Base,8,Predator,0.772152482727353,age_mature
Base,9,Predator,0.751524657726496,age_mature
Base,10,Predator,0.759726626112441,age_mature
Base,11,Predator,0.751435590840999,age_mature
Base,12,Predator,0.761176454446739,age_mature
Base,13,Predator,0.75711185903024,age_mature
Base,14,Predator,0.767768823512731,age_mature
Base,15,Predator,0.764003830260341,age_mature
Base,16,Predator,0.765194747718126,age_mature
Base,17,Predator,0.747467983721614,age_mature
Base,18,Predator,0.757002587373429,age_mature
Base,19,Predator,0.745101028949967,age_mature
Base,20,Predator,0.757366919954537,age_mature
Base,21,Predator,0.750673492537907,age_mature
Base,22,Predator,0.759051559816062,age_mature
Base,23,Predator,0.758705684834278,age_mature
Base,24,Predator,0.740658719868064,age_mature
Base,25,Predator,0.738789386794853,age_mature
Base,26,Predator,0.746486710168076,age_mature
Base,27,Predator,0.761618280508184,age_mature
Base,28,Predator,0.756571880313098,age_mature
Base,29,Predator,0.778040654771777,age_mature
Base,30,Predator,0.773556386557896,age_mature
Base,31,Predator,0.74400105563843,age_mature
Base,32,Predator,0.76262647760486,age_mature
Base,33,Predator,0.771100829070059,age_mature
Base,34,Predator,0.749802254009688,age_mature
Base,35,Predator,0.762833962398537,age_mature
Base,36,Predator,0.750415474030939,age_mature
Base,37,Predator,0.768063036091081,age_mature
Base,38,Predator,0.766394197155991,age_mature
Base,39,Predator,0.74205833420463,age_mature
Base,40,Predator,0.745818457066091,age_mature
Base,41,Predator,0.767903562858417,age_mature
Base,42,Predator,0.752227286775063,age_mature
Base,43,Predator,0.759657384150476,age_mature
Base,44,Predator,0.757780827204465,age_mature
Base,45,Predator,0.75814673364649,age_mature
Base,46,Predator,0.758762048490293,age_mature
Base,47,Predator,0.747475178908954,age_mature
Base,48,Predator,0.75803841141346,age_mature
Base,49,Predator,0.765137167429996,age_mature
Base,50,Predator,0.753891641616892,age_mature
Base,51,Predator,0.75534381400665,age_mature
Base,52,Predator,0.775440394252729,age_mature
Base,53,Predator,0.756955992094034,age_mature
Base,54,Predator,0.747555694242169,age_mature
Base,55,Predator,0.752426777700117,age_mature
Base,56,Predator,0.753410444746741,age_mature
Base,57,Predator,0.75493600137411,age_mature
Base,58,Predator,0.758723080337047,age_mature
Base,59,Predator,0.764118948026986,age_mature
Base,60,Predator,0.751242645222626,age_mature
Base,61,Predator,0.760812090506943,age_mature
Base,62,Predator,0.751809203402758,age_mature
Base,63,Predator,0.76167833497607,age_mature
Base,64,Predator,0.76682484356892,age_mature
Base,65,Predator,0.749422285091209,age_mature
Base,66,Predator,0.767322068426401,age_mature
Base,67,Predator,0.757911228550474,age_mature
Base,68,Predator,0.749243094821096,age_mature
Base,69,Predator,0.760531966914242,age_mature
Base,70,Predator,0.761177993505674,age_mature
Base,71,Predator,0.75967637683259,age_mature
Base,72,Predator,0.754550156412129,age_mature
Base,73,Predator,0.762781113569797,age_mature
Base,74,Predator,0.742231782639039,age_mature
Base,75,Predator,0.755496214349884,age_mature
Base,76,Predator,0.755952566905255,age_mature
Base,77,Predator,0.758932752143314,age_mature
Base,78,Predator,0.759724038118555,age_mature
Base,79,Predator,0.776840893971052,age_mature
Base,80,Predator,0.747438952555019,age_mature
Base,81,Predator,0.762167513333065,age_mature
Base,82,Predator,0.74843501029846,age_mature
Base,83,Predator,0.769093651434358,age_mature
Base,84,Predator,0.736195618934828,age_mature
Base,85,Predator,0.765194243852774,age_mature
Base,86,Predator,0.764069772986803,age_mature
Base,87,Predator,0.770006225231963,age_mature
Base,88,Predator,0.748299702108925,age_mature
Base,89,Predator,0.759537802851246,age_mature
Base,90,Predator,0.753850807315517,age_mature
Base,91,Predator,0.757996101776469,age_mature
Base,92,Predator,0.742904640800207,age_mature
Base,93,Predator,0.763277121166551,age_mature
Base,94,Predator,0.744038663694503,age_mature
Base,95,Predator,0.748338254542643,age_mature
Base,96,Predator,0.754396352202292,age_mature
Base,97,Predator,0.762354409290363,age_mature
Base,98,Predator,0.764149810151212,age_mature
Base,99,Predator,0.761041308050467,age_mature
Base,100,Predator,0.753037686997658,age_mature
Base,1,Invertebrate,0.916103248065988,age_mature
Base,2,Invertebrate,0.96605341674859,age_mature
Base,3,Invertebrate,0.940955562676447,age_mature
Base,4,Invertebrate,0.977211971251231,age_mature
Base,5,Invertebrate,0.952569878245095,age_mature
Base,6,Invertebrate,0.958835243125255,age_mature
Base,7,Invertebrate,0.95111526694829,age_mature
Base,8,Invertebrate,0.96134584914925,age_mature
Base,9,Invertebrate,0.926064510866308,age_mature
Base,10,Invertebrate,0.953608042360714,age_mature
Base,11,Invertebrate,0.973472696271254,age_mature
Base,12,Invertebrate,0.982453159564722,age_mature
Base,13,Invertebrate,0.99079730252612,age_mature
Base,14,Invertebrate,0.922243808268689,age_mature
Base,15,Invertebrate,0.984670505734212,age_mature
Base,16,Invertebrate,0.940180323511746,age_mature
Base,17,Invertebrate,0.943091193489129,age_mature
Base,18,Invertebrate,0.97476858287911,age_mature
Base,19,Invertebrate,0.953461543448047,age_mature
Base,20,Invertebrate,0.922440376176575,age_mature
Base,21,Invertebrate,0.940544666986207,age_mature
Base,22,Invertebrate,0.918878802046878,age_mature
Base,23,Invertebrate,0.934259869205151,age_mature
Base,24,Invertebrate,0.968007065054617,age_mature
Base,25,Invertebrate,0.956860146776468,age_mature
Base,26,Invertebrate,0.982872759801251,age_mature
Base,27,Invertebrate,0.962867650566579,age_mature
Base,28,Invertebrate,0.951667539977747,age_mature
Base,29,Invertebrate,0.935666388480167,age_mature
Base,30,Invertebrate,0.969616993062957,age_mature
Base,31,Invertebrate,0.970192278556932,age_mature
Base,32,Invertebrate,0.998821990024353,age_mature
Base,33,Invertebrate,0.962077749262749,age_mature
Base,34,Invertebrate,0.972501452056176,age_mature
Base,35,Invertebrate,0.989433434421792,age_mature
Base,36,Invertebrate,0.959524003740498,age_mature
Base,37,Invertebrate,0.973368411946883,age_mature
Base,38,Invertebrate,0.950084991992031,age_mature
Base,39,Invertebrate,0.947500217915888,age_mature
Base,40,Invertebrate,0.921725070710092,age_mature
Base,41,Invertebrate,0.931380837839149,age_mature
Base,42,Invertebrate,0.969639012324719,age_mature
Base,43,Invertebrate,0.922530547670229,age_mature
Base,44,Invertebrate,0.926596480746723,age_mature
Base,45,Invertebrate,0.933232431035601,age_mature
Base,46,Invertebrate,0.953710460821921,age_mature
Base,47,Invertebrate,0.921997633304354,age_mature
Base,48,Invertebrate,0.95416224639599,age_mature
Base,49,Invertebrate,0.93470209331081,age_mature
Base,50,Invertebrate,0.967473669966646,age_mature
Base,51,Invertebrate,0.966238337112753,age_mature
Base,52,Invertebrate,0.963962369495383,age_mature
Base,53,Invertebrate,0.951666792725947,age_mature
Base,54,Invertebrate,0.949629994747365,age_mature
Base,55,Invertebrate,0.997716086254372,age_mature
Base,56,Invertebrate,0.956255569414344,age_mature
Base,57,Invertebrate,0.968230558384517,age_mature
Base,58,Invertebrate,0.984976895831698,age_mature
Base,59,Invertebrate,0.969867698341679,age_mature
Base,60,Invertebrate,0.967290122561838,age_mature
Base,61,Invertebrate,0.969238558069704,age_mature
Base,62,Invertebrate,0.970760144813733,age_mature
Base,63,Invertebrate,0.968694609393004,age_mature
Base,64,Invertebrate,0.960404549690291,age_mature
Base,65,Invertebrate,0.985079440788876,age_mature
Base,66,Invertebrate,0.960282191878572,age_mature
Base,67,Invertebrate,0.942171017842291,age_mature
Base,68,Invertebrate,0.976025014535099,age_mature
Base,69,Invertebrate,0.964873317659247,age_mature
Base,70,Invertebrate,0.971823583026318,age_mature
Base,71,Invertebrate,0.964646924929276,age_mature
Base,72,Invertebrate,0.962213800717365,age_mature
Base,73,Invertebrate,0.973683503288579,age_mature
Base,74,Invertebrate,0.954326772850351,age_mature
Base,75,Invertebrate,0.979101241296527,age_mature
Base,76,Invertebrate,0.997070378567844,age_mature
Base,77,Invertebrate,0.945281113203417,age_mature
Base,78,Invertebrate,0.965201010917899,age_mature
Base,79,Invertebrate,0.941010362841653,age_mature
Base,80,Invertebrate,0.943313973970143,age_mature
Base,81,Invertebrate,0.954243383638169,age_mature
Base,82,Invertebrate,0.975627303680066,age_mature
Base,83,Invertebrate,0.971674674662958,age_mature
Base,84,Invertebrate,0.956486244741595,age_mature
Base,85,Invertebrate,0.988358590361477,age_mature
Base,86,Invertebrate,0.976992184582933,age_mature
Base,87,Invertebrate,0.922985547468974,age_mature
Base,88,Invertebrate,0.98302101195768,age_mature
Base,89,Invertebrate,0.956706383169138,age_mature
Base,90,Invertebrate,0.944700893685356,age_mature
Base,91,Invertebrate,0.94883886568028,age_mature
Base,92,Invertebrate,0.953731760006798,age_mature
Base,93,Invertebrate,0.982047358835148,age_mature
Base,94,Invertebrate,0.946787749743637,age_mature
Base,95,Invertebrate,1.00012664584688,age_mature
Base,96,Invertebrate,0.969890685292283,age_mature
Base,97,Invertebrate,0.965066981121493,age_mature
Base,98,Invertebrate,0.966046005159502,age_mature
Base,99,Invertebrate,0.941147742001373,age_mature
Base,100,Invertebrate,1.0031683089799,age_mature
Base,1,Mid-trophic species,0.597418077785272,age_mature
Base,2,Mid-trophic species,0.602920806003998,age_mature
Base,3,Mid-trophic species,0.599767784530584,age_mature
Base,4,Mid-trophic species,0.598842933033509,age_mature
Base,5,Mid-trophic species,0.596490928412993,age_mature
Base,6,Mid-trophic species,0.597701534942849,age_mature
Base,7,Mid-trophic species,0.595897094569443,age_mature
Base,8,Mid-trophic species,0.598469987795479,age_mature
Base,9,Mid-trophic species,0.59819984516929,age_mature
Base,10,Mid-trophic species,0.595766615187954,age_mature
Base,11,Mid-trophic species,0.600328658059136,age_mature
Base,12,Mid-trophic species,0.598838170631169,age_mature
Base,13,Mid-trophic species,0.595193938261873,age_mature
Base,14,Mid-trophic species,0.598839270013154,age_mature
Base,15,Mid-trophic species,0.596639924997898,age_mature
Base,16,Mid-trophic species,0.596140706201694,age_mature
Base,17,Mid-trophic species,0.598402564072007,age_mature
Base,18,Mid-trophic species,0.596927779703042,age_mature
Base,19,Mid-trophic species,0.598860053880476,age_mature
Base,20,Mid-trophic species,0.595546939935459,age_mature
Base,21,Mid-trophic species,0.59600128686013,age_mature
Base,22,Mid-trophic species,0.595940252941849,age_mature
Base,23,Mid-trophic species,0.598628034343831,age_mature
Base,24,Mid-trophic species,0.593959462160215,age_mature
Base,25,Mid-trophic species,0.598763870215983,age_mature
Base,26,Mid-trophic species,0.600063685896854,age_mature
Base,27,Mid-trophic species,0.601120790744076,age_mature
Base,28,Mid-trophic species,0.596283787648371,age_mature
Base,29,Mid-trophic species,0.600426930947618,age_mature
Base,30,Mid-trophic species,0.599134221547082,age_mature
Base,31,Mid-trophic species,0.596292135279019,age_mature
Base,32,Mid-trophic species,0.597447717674562,age_mature
Base,33,Mid-trophic species,0.597498434766401,age_mature
Base,34,Mid-trophic species,0.59835065586118,age_mature
Base,35,Mid-trophic species,0.598833987793528,age_mature
Base,36,Mid-trophic species,0.600741221112381,age_mature
Base,37,Mid-trophic species,0.597279386927033,age_mature
Base,38,Mid-trophic species,0.601177652886139,age_mature
Base,39,Mid-trophic species,0.597164608719263,age_mature
Base,40,Mid-trophic species,0.595744735001372,age_mature
Base,41,Mid-trophic species,0.599188356525797,age_mature
Base,42,Mid-trophic species,0.592613844033324,age_mature
Base,43,Mid-trophic species,0.593522137883483,age_mature
Base,44,Mid-trophic species,0.595927838561857,age_mature
Base,45,Mid-trophic species,0.602664667698332,age_mature
Base,46,Mid-trophic species,0.595418822689722,age_mature
Base,47,Mid-trophic species,0.595396349782955,age_mature
Base,48,Mid-trophic species,0.592485981914543,age_mature
Base,49,Mid-trophic species,0.596575696049959,age_mature
Base,50,Mid-trophic species,0.597959924480454,age_mature
Base,51,Mid-trophic species,0.594286042544297,age_mature
Base,52,Mid-trophic species,0.59746611813564,age_mature
Base,53,Mid-trophic species,0.596097398476226,age_mature
Base,54,Mid-trophic species,0.595531808988871,age_mature
Base,55,Mid-trophic species,0.595084219512952,age_mature
Base,56,Mid-trophic species,0.594726257579389,age_mature
Base,57,Mid-trophic species,0.601008585427985,age_mature
Base,58,Mid-trophic species,0.598768708127461,age_mature
Base,59,Mid-trophic species,0.59987656629505,age_mature
Base,60,Mid-trophic species,0.599082834545782,age_mature
Base,61,Mid-trophic species,0.597970346205761,age_mature
Base,62,Mid-trophic species,0.602143596737502,age_mature
Base,63,Mid-trophic species,0.600147639268306,age_mature
Base,64,Mid-trophic species,0.597676456648729,age_mature
Base,65,Mid-trophic species,0.594684711317587,age_mature
Base,66,Mid-trophic species,0.597852490803238,age_mature
Base,67,Mid-trophic species,0.597058912157874,age_mature
Base,68,Mid-trophic species,0.597563346045036,age_mature
Base,69,Mid-trophic species,0.598084842419182,age_mature
Base,70,Mid-trophic species,0.599709362037913,age_mature
Base,71,Mid-trophic species,0.602010766626553,age_mature
Base,72,Mid-trophic species,0.597301195824263,age_mature
Base,73,Mid-trophic species,0.600858228701988,age_mature
Base,74,Mid-trophic species,0.594170229907884,age_mature
Base,75,Mid-trophic species,0.598180590894768,age_mature
Base,76,Mid-trophic species,0.592447815821766,age_mature
Base,77,Mid-trophic species,0.598302290235342,age_mature
Base,78,Mid-trophic species,0.598130170794429,age_mature
Base,79,Mid-trophic species,0.596353050863544,age_mature
Base,80,Mid-trophic species,0.598395983647146,age_mature
Base,81,Mid-trophic species,0.598502941624268,age_mature
Base,82,Mid-trophic species,0.600052323402223,age_mature
Base,83,Mid-trophic species,0.599920668864975,age_mature
Base,84,Mid-trophic species,0.599738850974291,age_mature
Base,85,Mid-trophic species,0.597466125785041,age_mature
Base,86,Mid-trophic species,0.606666197878917,age_mature
Base,87,Mid-trophic species,0.60026333686895,age_mature
Base,88,Mid-trophic species,0.598776925216139,age_mature
Base,89,Mid-trophic species,0.59931157941249,age_mature
Base,90,Mid-trophic species,0.594419826603211,age_mature
Base,91,Mid-trophic species,0.601823682966359,age_mature
Base,92,Mid-trophic species,0.599289892707385,age_mature
Base,93,Mid-trophic species,0.602928938366169,age_mature
Base,94,Mid-trophic species,0.603536767064472,age_mature
Base,95,Mid-trophic species,0.587777270196629,age_mature
Base,96,Mid-trophic species,0.600329462658097,age_mature
Base,97,Mid-trophic species,0.603443477605182,age_mature
Base,98,Mid-trophic species,0.592637651208527,age_mature
Base,99,Mid-trophic species,0.604359593002333,age_mature
Base,100,Mid-trophic species,0.598640706749206,age_mature
SSP1-2.6,1,Prey,0.680228179382716,age_mature
SSP1-2.6,2,Prey,0.675311201604938,age_mature
SSP1-2.6,3,Prey,0.670910015061728,age_mature
SSP1-2.6,4,Prey,0.673772471358025,age_mature
SSP1-2.6,5,Prey,0.681215305185185,age_mature
SSP1-2.6,6,Prey,0.683889135802469,age_mature
SSP1-2.6,7,Prey,0.676993707654321,age_mature
SSP1-2.6,8,Prey,0.67523644308642,age_mature
SSP1-2.6,9,Prey,0.681978176296296,age_mature
SSP1-2.6,10,Prey,0.675843005925926,age_mature
SSP1-2.6,11,Prey,0.678328545432099,age_mature
SSP1-2.6,12,Prey,0.678301587777778,age_mature
SSP1-2.6,13,Prey,0.663275797654321,age_mature
SSP1-2.6,14,Prey,0.681589560864198,age_mature
SSP1-2.6,15,Prey,0.690414879012346,age_mature
SSP1-2.6,16,Prey,0.683371278395062,age_mature
SSP1-2.6,17,Prey,0.683518268395062,age_mature
SSP1-2.6,18,Prey,0.681729610246914,age_mature
SSP1-2.6,19,Prey,0.684277971111111,age_mature
SSP1-2.6,20,Prey,0.669672501728395,age_mature
SSP1-2.6,21,Prey,0.694672156666667,age_mature
SSP1-2.6,22,Prey,0.664959949259259,age_mature
SSP1-2.6,23,Prey,0.671792187407407,age_mature
SSP1-2.6,24,Prey,0.685402069753086,age_mature
SSP1-2.6,25,Prey,0.671999055679012,age_mature
SSP1-2.6,26,Prey,0.678275472469136,age_mature
SSP1-2.6,27,Prey,0.686910165061728,age_mature
SSP1-2.6,28,Prey,0.68477062691358,age_mature
SSP1-2.6,29,Prey,0.681672135432099,age_mature
SSP1-2.6,30,Prey,0.681406981975309,age_mature
SSP1-2.6,31,Prey,0.669944409012346,age_mature
SSP1-2.6,32,Prey,0.682882028024691,age_mature
SSP1-2.6,33,Prey,0.689846810246914,age_mature
SSP1-2.6,34,Prey,0.670147279382716,age_mature
SSP1-2.6,35,Prey,0.689581794320988,age_mature
SSP1-2.6,36,Prey,0.687143464444444,age_mature
SSP1-2.6,37,Prey,0.682185316666667,age_mature
SSP1-2.6,38,Prey,0.68046183345679,age_mature
SSP1-2.6,39,Prey,0.688244452839506,age_mature
SSP1-2.6,40,Prey,0.668409167407407,age_mature
SSP1-2.6,41,Prey,0.671924178641975,age_mature
SSP1-2.6,42,Prey,0.68099810691358,age_mature
SSP1-2.6,43,Prey,0.659240517654321,age_mature
SSP1-2.6,44,Prey,0.671622735308642,age_mature
SSP1-2.6,45,Prey,0.667833949012346,age_mature
SSP1-2.6,46,Prey,0.683863088765432,age_mature
SSP1-2.6,47,Prey,0.667377799382716,age_mature
SSP1-2.6,48,Prey,0.673899567901235,age_mature
SSP1-2.6,49,Prey,0.677695816049383,age_mature
SSP1-2.6,50,Prey,0.691019651234568,age_mature
SSP1-2.6,51,Prey,0.68389685617284,age_mature
SSP1-2.6,52,Prey,0.667909241481481,age_mature
SSP1-2.6,53,Prey,0.678083579876543,age_mature
SSP1-2.6,54,Prey,0.681765272469136,age_mature
SSP1-2.6,55,Prey,0.688077245308642,age_mature
SSP1-2.6,56,Prey,0.676913844320988,age_mature
SSP1-2.6,57,Prey,0.676094173827161,age_mature
SSP1-2.6,58,Prey,0.677816210246914,age_mature
SSP1-2.6,59,Prey,0.662716854320988,age_mature
SSP1-2.6,60,Prey,0.678735395061728,age_mature
SSP1-2.6,61,Prey,0.665548438395062,age_mature
SSP1-2.6,62,Prey,0.666439425061728,age_mature
SSP1-2.6,63,Prey,0.676466057160494,age_mature
SSP1-2.6,64,Prey,0.671221901975309,age_mature
SSP1-2.6,65,Prey,0.683520022839506,age_mature
SSP1-2.6,66,Prey,0.671376738888889,age_mature
SSP1-2.6,67,Prey,0.684365178888889,age_mature
SSP1-2.6,68,Prey,0.686354936790124,age_mature
SSP1-2.6,69,Prey,0.685766265802469,age_mature
SSP1-2.6,70,Prey,0.67731407691358,age_mature
SSP1-2.6,71,Prey,0.667005832098765,age_mature
SSP1-2.6,72,Prey,0.674969012839506,age_mature
SSP1-2.6,73,Prey,0.685813657901235,age_mature
SSP1-2.6,74,Prey,0.684689960617284,age_mature
SSP1-2.6,75,Prey,0.68443742962963,age_mature
SSP1-2.6,76,Prey,0.681746807777778,age_mature
SSP1-2.6,77,Prey,0.686492031234568,age_mature
SSP1-2.6,78,Prey,0.675570363950617,age_mature
SSP1-2.6,79,Prey,0.673407011728395,age_mature
SSP1-2.6,80,Prey,0.670911598888889,age_mature
SSP1-2.6,81,Prey,0.669826249382716,age_mature
SSP1-2.6,82,Prey,0.674035635432099,age_mature
SSP1-2.6,83,Prey,0.673842128395062,age_mature
SSP1-2.6,84,Prey,0.663999278271605,age_mature
SSP1-2.6,85,Prey,0.668711613950617,age_mature
SSP1-2.6,86,Prey,0.674235936666667,age_mature
SSP1-2.6,87,Prey,0.669680612098765,age_mature
SSP1-2.6,88,Prey,0.682779854938272,age_mature
SSP1-2.6,89,Prey,0.666902746049383,age_mature
SSP1-2.6,90,Prey,0.665230497654321,age_mature
SSP1-2.6,91,Prey,0.67115182,age_mature
SSP1-2.6,92,Prey,0.667429710740741,age_mature
SSP1-2.6,93,Prey,0.682087596790123,age_mature
SSP1-2.6,94,Prey,0.67670736037037,age_mature
SSP1-2.6,95,Prey,0.663669452962963,age_mature
SSP1-2.6,96,Prey,0.692612196296296,age_mature
SSP1-2.6,97,Prey,0.664207057407407,age_mature
SSP1-2.6,98,Prey,0.683445028765432,age_mature
SSP1-2.6,99,Prey,0.683433890864198,age_mature
SSP1-2.6,100,Prey,0.679604321358025,age_mature
SSP1-2.6,1,Predator,0.739496289314723,age_mature
SSP1-2.6,2,Predator,0.751165512634145,age_mature
SSP1-2.6,3,Predator,0.759793883445651,age_mature
SSP1-2.6,4,Predator,0.752229550406443,age_mature
SSP1-2.6,5,Predator,0.749616842785365,age_mature
SSP1-2.6,6,Predator,0.753524155090837,age_mature
SSP1-2.6,7,Predator,0.752388201765218,age_mature
SSP1-2.6,8,Predator,0.745099583300917,age_mature
SSP1-2.6,9,Predator,0.757483160506332,age_mature
SSP1-2.6,10,Predator,0.738184085804839,age_mature
SSP1-2.6,11,Predator,0.750973581822358,age_mature
SSP1-2.6,12,Predator,0.752536478934182,age_mature
SSP1-2.6,13,Predator,0.75487500579142,age_mature
SSP1-2.6,14,Predator,0.752173509267506,age_mature
SSP1-2.6,15,Predator,0.744812182318562,age_mature
SSP1-2.6,16,Predator,0.752543691995706,age_mature
SSP1-2.6,17,Predator,0.753329948143043,age_mature
SSP1-2.6,18,Predator,0.747977982514688,age_mature
SSP1-2.6,19,Predator,0.741667843081514,age_mature
SSP1-2.6,20,Predator,0.755266251821515,age_mature
SSP1-2.6,21,Predator,0.751168275854391,age_mature
SSP1-2.6,22,Predator,0.754547781923366,age_mature
SSP1-2.6,23,Predator,0.746777260487751,age_mature
SSP1-2.6,24,Predator,0.751043742236416,age_mature
SSP1-2.6,25,Predator,0.755032422874601,age_mature
SSP1-2.6,26,Predator,0.753357845972043,age_mature
SSP1-2.6,27,Predator,0.749970187221071,age_mature
SSP1-2.6,28,Predator,0.756369638976172,age_mature
SSP1-2.6,29,Predator,0.753960623248968,age_mature
SSP1-2.6,30,Predator,0.751680673191757,age_mature
SSP1-2.6,31,Predator,0.762410377063498,age_mature
SSP1-2.6,32,Predator,0.743540124375142,age_mature
SSP1-2.6,33,Predator,0.746123125323002,age_mature
SSP1-2.6,34,Predator,0.754464199611568,age_mature
SSP1-2.6,35,Predator,0.753625893679366,age_mature
SSP1-2.6,36,Predator,0.741685740526916,age_mature
SSP1-2.6,37,Predator,0.741835530067602,age_mature
SSP1-2.6,38,Predator,0.756524850188692,age_mature
SSP1-2.6,39,Predator,0.73734044106342,age_mature
SSP1-2.6,40,Predator,0.750039886402458,age_mature
SSP1-2.6,41,Predator,0.757759018686199,age_mature
SSP1-2.6,42,Predator,0.750339285087533,age_mature
SSP1-2.6,43,Predator,0.747243242115639,age_mature
SSP1-2.6,44,Predator,0.750408532725959,age_mature
SSP1-2.6,45,Predator,0.755390985034749,age_mature
SSP1-2.6,46,Predator,0.747686695998323,age_mature
SSP1-2.6,47,Predator,0.745139439341769,age_mature
SSP1-2.6,48,Predator,0.753345275636925,age_mature
SSP1-2.6,49,Predator,0.7560168740086,age_mature
SSP1-2.6,50,Predator,0.751123290904905,age_mature
SSP1-2.6,51,Predator,0.753833850920772,age_mature
SSP1-2.6,52,Predator,0.759004321740839,age_mature
SSP1-2.6,53,Predator,0.751036919412665,age_mature
SSP1-2.6,54,Predator,0.747847672521084,age_mature
SSP1-2.6,55,Predator,0.751065027266042,age_mature
SSP1-2.6,56,Predator,0.746629263992887,age_mature
SSP1-2.6,57,Predator,0.7545331248197,age_mature
SSP1-2.6,58,Predator,0.752527270700408,age_mature
SSP1-2.6,59,Predator,0.750802620685952,age_mature
SSP1-2.6,60,Predator,0.750941084530087,age_mature
SSP1-2.6,61,Predator,0.746763961668489,age_mature
SSP1-2.6,62,Predator,0.749693002131106,age_mature
SSP1-2.6,63,Predator,0.75805219696374,age_mature
SSP1-2.6,64,Predator,0.759103327838273,age_mature
SSP1-2.6,65,Predator,0.759697909819601,age_mature
SSP1-2.6,66,Predator,0.750435603907047,age_mature
SSP1-2.6,67,Predator,0.745007850941629,age_mature
SSP1-2.6,68,Predator,0.747856416794863,age_mature
SSP1-2.6,69,Predator,0.754752798133671,age_mature
SSP1-2.6,70,Predator,0.74014186971942,age_mature
SSP1-2.6,71,Predator,0.752258527131939,age_mature
SSP1-2.6,72,Predator,0.744216998135174,age_mature
SSP1-2.6,73,Predator,0.745227532445465,age_mature
SSP1-2.6,74,Predator,0.751335233288326,age_mature
SSP1-2.6,75,Predator,0.748747011468912,age_mature
SSP1-2.6,76,Predator,0.747704961835376,age_mature
SSP1-2.6,77,Predator,0.741910011318323,age_mature
SSP1-2.6,78,Predator,0.749951359367208,age_mature
SSP1-2.6,79,Predator,0.746271973116628,age_mature
SSP1-2.6,80,Predator,0.749973471306964,age_mature
SSP1-2.6,81,Predator,0.752672689913377,age_mature
SSP1-2.6,82,Predator,0.752366255842391,age_mature
SSP1-2.6,83,Predator,0.751934001651961,age_mature
SSP1-2.6,84,Predator,0.753068144520326,age_mature
SSP1-2.6,85,Predator,0.751947737282228,age_mature
SSP1-2.6,86,Predator,0.74102972766622,age_mature
SSP1-2.6,87,Predator,0.75107537633867,age_mature
SSP1-2.6,88,Predator,0.749342842603045,age_mature
SSP1-2.6,89,Predator,0.752254615263858,age_mature
SSP1-2.6,90,Predator,0.745770082625694,age_mature
SSP1-2.6,91,Predator,0.746296161297069,age_mature
SSP1-2.6,92,Predator,0.755076040653859,age_mature
SSP1-2.6,93,Predator,0.759194354417165,age_mature
SSP1-2.6,94,Predator,0.746130636766493,age_mature
SSP1-2.6,95,Predator,0.748098921263246,age_mature
SSP1-2.6,96,Predator,0.748583730590751,age_mature
SSP1-2.6,97,Predator,0.74441785668294,age_mature
SSP1-2.6,98,Predator,0.749417115579091,age_mature
SSP1-2.6,99,Predator,0.751861013505402,age_mature
SSP1-2.6,100,Predator,0.751686898193038,age_mature
SSP1-2.6,1,Invertebrate,0.979341918245556,age_mature
SSP1-2.6,2,Invertebrate,0.959203476154952,age_mature
SSP1-2.6,3,Invertebrate,0.955969740493261,age_mature
SSP1-2.6,4,Invertebrate,0.958311565756391,age_mature
SSP1-2.6,5,Invertebrate,0.95775558078991,age_mature
SSP1-2.6,6,Invertebrate,0.957924613449417,age_mature
SSP1-2.6,7,Invertebrate,0.973482030406126,age_mature
SSP1-2.6,8,Invertebrate,0.971230609627775,age_mature
SSP1-2.6,9,Invertebrate,0.954026790729628,age_mature
SSP1-2.6,10,Invertebrate,0.956304055661819,age_mature
SSP1-2.6,11,Invertebrate,0.947613321502844,age_mature
SSP1-2.6,12,Invertebrate,0.974614375580917,age_mature
SSP1-2.6,13,Invertebrate,0.944823613336147,age_mature
SSP1-2.6,14,Invertebrate,0.965347206955114,age_mature
SSP1-2.6,15,Invertebrate,0.975173218355686,age_mature
SSP1-2.6,16,Invertebrate,0.955118557020094,age_mature
SSP1-2.6,17,Invertebrate,0.964939377228859,age_mature
SSP1-2.6,18,Invertebrate,0.957371159894398,age_mature
SSP1-2.6,19,Invertebrate,0.93851853659469,age_mature
SSP1-2.6,20,Invertebrate,0.958649231823208,age_mature
SSP1-2.6,21,Invertebrate,0.964395884851955,age_mature
SSP1-2.6,22,Invertebrate,0.9504038149833,age_mature
SSP1-2.6,23,Invertebrate,0.96854537742268,age_mature
SSP1-2.6,24,Invertebrate,0.940056807013134,age_mature
SSP1-2.6,25,Invertebrate,0.96257520519772,age_mature
SSP1-2.6,26,Invertebrate,0.966266967066444,age_mature
SSP1-2.6,27,Invertebrate,0.972752344058429,age_mature
SSP1-2.6,28,Invertebrate,0.951973614113145,age_mature
SSP1-2.6,29,Invertebrate,0.948201254821985,age_mature
SSP1-2.6,30,Invertebrate,0.968272480420257,age_mature
SSP1-2.6,31,Invertebrate,0.945009632245641,age_mature
SSP1-2.6,32,Invertebrate,0.9629774295633,age_mature
SSP1-2.6,33,Invertebrate,0.957563160515574,age_mature
SSP1-2.6,34,Invertebrate,0.966942529368573,age_mature
SSP1-2.6,35,Invertebrate,0.954199552037907,age_mature
SSP1-2.6,36,Invertebrate,0.960480225062371,age_mature
SSP1-2.6,37,Invertebrate,0.975494881585197,age_mature
SSP1-2.6,38,Invertebrate,0.950003085246822,age_mature
SSP1-2.6,39,Invertebrate,0.967422471000764,age_mature
SSP1-2.6,40,Invertebrate,0.946401956467758,age_mature
SSP1-2.6,41,Invertebrate,0.944926836039987,age_mature
SSP1-2.6,42,Invertebrate,0.949399341237645,age_mature
SSP1-2.6,43,Invertebrate,0.959222314835871,age_mature
SSP1-2.6,44,Invertebrate,0.953893015364131,age_mature
SSP1-2.6,45,Invertebrate,0.943834250522241,age_mature
SSP1-2.6,46,Invertebrate,0.964910021800128,age_mature
SSP1-2.6,47,Invertebrate,0.955000980286234,age_mature
SSP1-2.6,48,Invertebrate,0.949136461652469,age_mature
SSP1-2.6,49,Invertebrate,0.962611948630058,age_mature
SSP1-2.6,50,Invertebrate,0.949847357537792,age_mature
SSP1-2.6,51,Invertebrate,0.96349752961085,age_mature
SSP1-2.6,52,Invertebrate,0.963012004216855,age_mature
SSP1-2.6,53,Invertebrate,0.94842388235096,age_mature
SSP1-2.6,54,Invertebrate,0.954617515804877,age_mature
SSP1-2.6,55,Invertebrate,0.966898615559482,age_mature
SSP1-2.6,56,Invertebrate,0.95215324237314,age_mature
SSP1-2.6,57,Invertebrate,0.946632908946476,age_mature
SSP1-2.6,58,Invertebrate,0.973019831412188,age_mature
SSP1-2.6,59,Invertebrate,0.959669398919132,age_mature
SSP1-2.6,60,Invertebrate,0.972167331132621,age_mature
SSP1-2.6,61,Invertebrate,0.960184674537829,age_mature
SSP1-2.6,62,Invertebrate,0.948418653634872,age_mature
SSP1-2.6,63,Invertebrate,0.959943337411597,age_mature
SSP1-2.6,64,Invertebrate,0.957660568214613,age_mature
SSP1-2.6,65,Invertebrate,0.96152587040037,age_mature
SSP1-2.6,66,Invertebrate,0.952178418580766,age_mature
SSP1-2.6,67,Invertebrate,0.945772464985753,age_mature
SSP1-2.6,68,Invertebrate,0.948506539993454,age_mature
SSP1-2.6,69,Invertebrate,0.968339141789471,age_mature
SSP1-2.6,70,Invertebrate,0.95569910390358,age_mature
SSP1-2.6,71,Invertebrate,0.947955436970292,age_mature
SSP1-2.6,72,Invertebrate,0.96919650768686,age_mature
SSP1-2.6,73,Invertebrate,0.967248305122313,age_mature
SSP1-2.6,74,Invertebrate,0.94669795753962,age_mature
SSP1-2.6,75,Invertebrate,0.951764308859877,age_mature
SSP1-2.6,76,Invertebrate,0.97126532866325,age_mature
SSP1-2.6,77,Invertebrate,0.961587520893377,age_mature
SSP1-2.6,78,Invertebrate,0.963497824990727,age_mature
SSP1-2.6,79,Invertebrate,0.968088997817261,age_mature
SSP1-2.6,80,Invertebrate,0.941328809454415,age_mature
SSP1-2.6,81,Invertebrate,0.954912780158977,age_mature
SSP1-2.6,82,Invertebrate,0.956956753491431,age_mature
SSP1-2.6,83,Invertebrate,0.945899702410222,age_mature
SSP1-2.6,84,Invertebrate,0.95827883745583,age_mature
SSP1-2.6,85,Invertebrate,0.948829278530189,age_mature
SSP1-2.6,86,Invertebrate,0.958186379696343,age_mature
SSP1-2.6,87,Invertebrate,0.952843016624925,age_mature
SSP1-2.6,88,Invertebrate,0.941878472089204,age_mature
SSP1-2.6,89,Invertebrate,0.972119376372643,age_mature
SSP1-2.6,90,Invertebrate,0.965813649654606,age_mature
SSP1-2.6,91,Invertebrate,0.966445583896059,age_mature
SSP1-2.6,92,Invertebrate,0.970304892346149,age_mature
SSP1-2.6,93,Invertebrate,0.944080044829798,age_mature
SSP1-2.6,94,Invertebrate,0.948201528650669,age_mature
SSP1-2.6,95,Invertebrate,0.972095703453062,age_mature
SSP1-2.6,96,Invertebrate,0.966678258011696,age_mature
SSP1-2.6,97,Invertebrate,0.981285142400113,age_mature
SSP1-2.6,98,Invertebrate,0.969039203208427,age_mature
SSP1-2.6,99,Invertebrate,0.956707274814295,age_mature
SSP1-2.6,100,Invertebrate,0.959155076740507,age_mature
SSP1-2.6,1,Mid-trophic species,0.597595075335013,age_mature
SSP1-2.6,2,Mid-trophic species,0.59778030881843,age_mature
SSP1-2.6,3,Mid-trophic species,0.596589012174984,age_mature
SSP1-2.6,4,Mid-trophic species,0.596253379532036,age_mature
SSP1-2.6,5,Mid-trophic species,0.598746462794708,age_mature
SSP1-2.6,6,Mid-trophic species,0.595249378157538,age_mature
SSP1-2.6,7,Mid-trophic species,0.595302092760062,age_mature
SSP1-2.6,8,Mid-trophic species,0.595929257536855,age_mature
SSP1-2.6,9,Mid-trophic species,0.600104885108227,age_mature
SSP1-2.6,10,Mid-trophic species,0.598265044255811,age_mature
SSP1-2.6,11,Mid-trophic species,0.595863207062536,age_mature
SSP1-2.6,12,Mid-trophic species,0.598144648170399,age_mature
SSP1-2.6,13,Mid-trophic species,0.5986517398485,age_mature
SSP1-2.6,14,Mid-trophic species,0.595672560344565,age_mature
SSP1-2.6,15,Mid-trophic species,0.600258675551583,age_mature
SSP1-2.6,16,Mid-trophic species,0.597074042629575,age_mature
SSP1-2.6,17,Mid-trophic species,0.595351391641944,age_mature
SSP1-2.6,18,Mid-trophic species,0.597644447427669,age_mature
SSP1-2.6,19,Mid-trophic species,0.598921273889983,age_mature
SSP1-2.6,20,Mid-trophic species,0.594561788611248,age_mature
SSP1-2.6,21,Mid-trophic species,0.601608203777928,age_mature
SSP1-2.6,22,Mid-trophic species,0.596440755194319,age_mature
SSP1-2.6,23,Mid-trophic species,0.598268712774755,age_mature
SSP1-2.6,24,Mid-trophic species,0.595838441227967,age_mature
SSP1-2.6,25,Mid-trophic species,0.596418231579824,age_mature
SSP1-2.6,26,Mid-trophic species,0.595280501345121,age_mature
SSP1-2.6,27,Mid-trophic species,0.597794180065172,age_mature
SSP1-2.6,28,Mid-trophic species,0.596660204724948,age_mature
SSP1-2.6,29,Mid-trophic species,0.596441837755011,age_mature
SSP1-2.6,30,Mid-trophic species,0.597342893616194,age_mature
SSP1-2.6,31,Mid-trophic species,0.596535404993823,age_mature
SSP1-2.6,32,Mid-trophic species,0.598602848315126,age_mature
SSP1-2.6,33,Mid-trophic species,0.597535197285324,age_mature
SSP1-2.6,34,Mid-trophic species,0.597556762829711,age_mature
SSP1-2.6,35,Mid-trophic species,0.593955898921204,age_mature
SSP1-2.6,36,Mid-trophic species,0.594954926786508,age_mature
SSP1-2.6,37,Mid-trophic species,0.597677094371182,age_mature
SSP1-2.6,38,Mid-trophic species,0.598636163106701,age_mature
SSP1-2.6,39,Mid-trophic species,0.597863119035819,age_mature
SSP1-2.6,40,Mid-trophic species,0.596341913904556,age_mature
SSP1-2.6,41,Mid-trophic species,0.598130858730096,age_mature
SSP1-2.6,42,Mid-trophic species,0.599342357139235,age_mature
SSP1-2.6,43,Mid-trophic species,0.599917394490615,age_mature
SSP1-2.6,44,Mid-trophic species,0.595983578350725,age_mature
SSP1-2.6,45,Mid-trophic species,0.598155674971311,age_mature
SSP1-2.6,46,Mid-trophic species,0.599703909101689,age_mature
SSP1-2.6,47,Mid-trophic species,0.598573444505218,age_mature
SSP1-2.6,48,Mid-trophic species,0.599451799729837,age_mature
SSP1-2.6,49,Mid-trophic species,0.595633500014962,age_mature
SSP1-2.6,50,Mid-trophic species,0.597325341339127,age_mature
SSP1-2.6,51,Mid-trophic species,0.596009536039882,age_mature
SSP1-2.6,52,Mid-trophic species,0.595350071457554,age_mature
SSP1-2.6,53,Mid-trophic species,0.595585821901541,age_mature
SSP1-2.6,54,Mid-trophic species,0.593944999950332,age_mature
SSP1-2.6,55,Mid-trophic species,0.596864829570654,age_mature
SSP1-2.6,56,Mid-trophic species,0.599735061603174,age_mature
SSP1-2.6,57,Mid-trophic species,0.596995423269629,age_mature
SSP1-2.6,58,Mid-trophic species,0.593999364768984,age_mature
SSP1-2.6,59,Mid-trophic species,0.595786582148987,age_mature
SSP1-2.6,60,Mid-trophic species,0.596307554501694,age_mature
SSP1-2.6,61,Mid-trophic species,0.596453864502214,age_mature
SSP1-2.6,62,Mid-trophic species,0.594899941761393,age_mature
SSP1-2.6,63,Mid-trophic species,0.596896688140604,age_mature
SSP1-2.6,64,Mid-trophic species,0.598812501666986,age_mature
SSP1-2.6,65,Mid-trophic species,0.599513353273087,age_mature
SSP1-2.6,66,Mid-trophic species,0.597971682660731,age_mature
SSP1-2.6,67,Mid-trophic species,0.598152327068762,age_mature
SSP1-2.6,68,Mid-trophic species,0.596610004978214,age_mature
SSP1-2.6,69,Mid-trophic species,0.59733480320384,age_mature
SSP1-2.6,70,Mid-trophic species,0.59502429601002,age_mature
SSP1-2.6,71,Mid-trophic species,0.597222857711698,age_mature
SSP1-2.6,72,Mid-trophic species,0.599029672327756,age_mature
SSP1-2.6,73,Mid-trophic species,0.598702847262556,age_mature
SSP1-2.6,74,Mid-trophic species,0.596648611630659,age_mature
SSP1-2.6,75,Mid-trophic species,0.597841630962983,age_mature
SSP1-2.6,76,Mid-trophic species,0.598814211639172,age_mature
SSP1-2.6,77,Mid-trophic species,0.595060825710597,age_mature
SSP1-2.6,78,Mid-trophic species,0.595404941039688,age_mature
SSP1-2.6,79,Mid-trophic species,0.596946018807885,age_mature
SSP1-2.6,80,Mid-trophic species,0.598337574677884,age_mature
SSP1-2.6,81,Mid-trophic species,0.597211813325357,age_mature
SSP1-2.6,82,Mid-trophic species,0.595766516759028,age_mature
SSP1-2.6,83,Mid-trophic species,0.595110647670912,age_mature
SSP1-2.6,84,Mid-trophic species,0.597681805778777,age_mature
SSP1-2.6,85,Mid-trophic species,0.596969247288892,age_mature
SSP1-2.6,86,Mid-trophic species,0.597163224573262,age_mature
SSP1-2.6,87,Mid-trophic species,0.597464471627674,age_mature
SSP1-2.6,88,Mid-trophic species,0.592834893051018,age_mature
SSP1-2.6,89,Mid-trophic species,0.59842230000815,age_mature
SSP1-2.6,90,Mid-trophic species,0.596995839074599,age_mature
SSP1-2.6,91,Mid-trophic species,0.596545921183146,age_mature
SSP1-2.6,92,Mid-trophic species,0.597079528667581,age_mature
SSP1-2.6,93,Mid-trophic species,0.598829327150759,age_mature
SSP1-2.6,94,Mid-trophic species,0.595360678152366,age_mature
SSP1-2.6,95,Mid-trophic species,0.598152992446726,age_mature
SSP1-2.6,96,Mid-trophic species,0.597492740326363,age_mature
SSP1-2.6,97,Mid-trophic species,0.596648614803255,age_mature
SSP1-2.6,98,Mid-trophic species,0.596619088224574,age_mature
SSP1-2.6,99,Mid-trophic species,0.592907757719071,age_mature
SSP1-2.6,100,Mid-trophic species,0.595314901675992,age_mature
SSP5-8.5,1,Prey,0.660274862222222,age_mature
SSP5-8.5,2,Prey,0.648170787777778,age_mature
SSP5-8.5,3,Prey,0.649584755802469,age_mature
SSP5-8.5,4,Prey,0.67600657345679,age_mature
SSP5-8.5,5,Prey,0.655545194197531,age_mature
SSP5-8.5,6,Prey,0.663004536296296,age_mature
SSP5-8.5,7,Prey,0.655703474567901,age_mature
SSP5-8.5,8,Prey,0.680644111234568,age_mature
SSP5-8.5,9,Prey,0.660917574320988,age_mature
SSP5-8.5,10,Prey,0.682010756790124,age_mature
SSP5-8.5,11,Prey,0.655218591234568,age_mature
SSP5-8.5,12,Prey,0.663331607530864,age_mature
SSP5-8.5,13,Prey,0.656035899753086,age_mature
SSP5-8.5,14,Prey,0.670878888641975,age_mature
SSP5-8.5,15,Prey,0.670628504444444,age_mature
SSP5-8.5,16,Prey,0.66873372691358,age_mature
SSP5-8.5,17,Prey,0.672747488765432,age_mature
SSP5-8.5,18,Prey,0.663819470987654,age_mature
SSP5-8.5,19,Prey,0.662289529259259,age_mature
SSP5-8.5,20,Prey,0.657461964320988,age_mature
SSP5-8.5,21,Prey,0.662209548271605,age_mature
SSP5-8.5,22,Prey,0.673885630740741,age_mature
SSP5-8.5,23,Prey,0.653491422222222,age_mature
SSP5-8.5,24,Prey,0.648844110493827,age_mature
SSP5-8.5,25,Prey,0.668027013703704,age_mature
SSP5-8.5,26,Prey,0.665848146296296,age_mature
SSP5-8.5,27,Prey,0.659156926419753,age_mature
SSP5-8.5,28,Prey,0.660869953703704,age_mature
SSP5-8.5,29,Prey,0.663474895925926,age_mature
SSP5-8.5,30,Prey,0.668158526296296,age_mature
SSP5-8.5,31,Prey,0.656181789135803,age_mature
SSP5-8.5,32,Prey,0.652908518395062,age_mature
SSP5-8.5,33,Prey,0.660509478888889,age_mature
SSP5-8.5,34,Prey,0.662275594814815,age_mature
SSP5-8.5,35,Prey,0.664403056419753,age_mature
SSP5-8.5,36,Prey,0.655004645555556,age_mature
SSP5-8.5,37,Prey,0.660317017407408,age_mature
SSP5-8.5,38,Prey,0.654602987654321,age_mature
SSP5-8.5,39,Prey,0.668398859876543,age_mature
SSP5-8.5,40,Prey,0.671277363950617,age_mature
SSP5-8.5,41,Prey,0.666782753950617,age_mature
SSP5-8.5,42,Prey,0.653867747777778,age_mature
SSP5-8.5,43,Prey,0.65406014,age_mature
SSP5-8.5,44,Prey,0.664902193950617,age_mature
SSP5-8.5,45,Prey,0.660288800123457,age_mature
SSP5-8.5,46,Prey,0.655204297530864,age_mature
SSP5-8.5,47,Prey,0.66081234,age_mature
SSP5-8.5,48,Prey,0.664215381234568,age_mature
SSP5-8.5,49,Prey,0.680358695185185,age_mature
SSP5-8.5,50,Prey,0.659896940864198,age_mature
SSP5-8.5,51,Prey,0.68021705691358,age_mature
SSP5-8.5,52,Prey,0.655315831358025,age_mature
SSP5-8.5,53,Prey,0.650403072592593,age_mature
SSP5-8.5,54,Prey,0.647581583703704,age_mature
SSP5-8.5,55,Prey,0.663882736666667,age_mature
SSP5-8.5,56,Prey,0.649798781604938,age_mature
SSP5-8.5,57,Prey,0.663041196790123,age_mature
SSP5-8.5,58,Prey,0.677359289506173,age_mature
SSP5-8.5,59,Prey,0.679195710493827,age_mature
SSP5-8.5,60,Prey,0.648141768395062,age_mature
SSP5-8.5,61,Prey,0.668953335925926,age_mature
SSP5-8.5,62,Prey,0.664261765061728,age_mature
SSP5-8.5,63,Prey,0.654415901604938,age_mature
SSP5-8.5,64,Prey,0.653366208395062,age_mature
SSP5-8.5,65,Prey,0.680726842469136,age_mature
SSP5-8.5,66,Prey,0.666420305185185,age_mature
SSP5-8.5,67,Prey,0.666589131975309,age_mature
SSP5-8.5,68,Prey,0.662698208765432,age_mature
SSP5-8.5,69,Prey,0.66235662617284,age_mature
SSP5-8.5,70,Prey,0.661918915802469,age_mature
SSP5-8.5,71,Prey,0.67046311654321,age_mature
SSP5-8.5,72,Prey,0.662626617407407,age_mature
SSP5-8.5,73,Prey,0.660314504567901,age_mature
SSP5-8.5,74,Prey,0.66313940691358,age_mature
SSP5-8.5,75,Prey,0.656180965679012,age_mature
SSP5-8.5,76,Prey,0.664936637654321,age_mature
SSP5-8.5,77,Prey,0.659869936666667,age_mature
SSP5-8.5,78,Prey,0.66823354962963,age_mature
SSP5-8.5,79,Prey,0.665614750740741,age_mature
SSP5-8.5,80,Prey,0.650596251604938,age_mature
SSP5-8.5,81,Prey,0.64762523962963,age_mature
SSP5-8.5,82,Prey,0.659245602469136,age_mature
SSP5-8.5,83,Prey,0.653798602962963,age_mature
SSP5-8.5,84,Prey,0.656469800246914,age_mature
SSP5-8.5,85,Prey,0.662182581851852,age_mature
SSP5-8.5,86,Prey,0.655426658148148,age_mature
SSP5-8.5,87,Prey,0.657228218518519,age_mature
SSP5-8.5,88,Prey,0.661865675185185,age_mature
SSP5-8.5,89,Prey,0.665893319012346,age_mature
SSP5-8.5,90,Prey,0.678220313580247,age_mature
SSP5-8.5,91,Prey,0.663504069876543,age_mature
SSP5-8.5,92,Prey,0.673356094814815,age_mature
SSP5-8.5,93,Prey,0.65356749,age_mature
SSP5-8.5,94,Prey,0.660913486296296,age_mature
SSP5-8.5,95,Prey,0.659373737530864,age_mature
SSP5-8.5,96,Prey,0.659687471111111,age_mature
SSP5-8.5,97,Prey,0.669635828518519,age_mature
SSP5-8.5,98,Prey,0.654595727777778,age_mature
SSP5-8.5,99,Prey,0.657255062345679,age_mature
SSP5-8.5,100,Prey,0.664545141111111,age_mature
SSP5-8.5,1,Predator,0.740776746080751,age_mature
SSP5-8.5,2,Predator,0.752917974816759,age_mature
SSP5-8.5,3,Predator,0.751407702130408,age_mature
SSP5-8.5,4,Predator,0.749505916622621,age_mature
SSP5-8.5,5,Predator,0.75046153959682,age_mature
SSP5-8.5,6,Predator,0.748634244104258,age_mature
SSP5-8.5,7,Predator,0.749388664553242,age_mature
SSP5-8.5,8,Predator,0.747396046985496,age_mature
SSP5-8.5,9,Predator,0.749364820659226,age_mature
SSP5-8.5,10,Predator,0.742385707895376,age_mature
SSP5-8.5,11,Predator,0.760655652753939,age_mature
SSP5-8.5,12,Predator,0.741924361162477,age_mature
SSP5-8.5,13,Predator,0.744691578589018,age_mature
SSP5-8.5,14,Predator,0.747654104500739,age_mature
SSP5-8.5,15,Predator,0.742883808071983,age_mature
SSP5-8.5,16,Predator,0.755300307133587,age_mature
SSP5-8.5,17,Predator,0.745067834491452,age_mature
SSP5-8.5,18,Predator,0.74652371388339,age_mature
SSP5-8.5,19,Predator,0.742409016814321,age_mature
SSP5-8.5,20,Predator,0.749710178941423,age_mature
SSP5-8.5,21,Predator,0.745013713149045,age_mature
SSP5-8.5,22,Predator,0.748122123597887,age_mature
SSP5-8.5,23,Predator,0.752013632059589,age_mature
SSP5-8.5,24,Predator,0.747154029538182,age_mature
SSP5-8.5,25,Predator,0.750807390951285,age_mature
SSP5-8.5,26,Predator,0.755837827771811,age_mature
SSP5-8.5,27,Predator,0.74819052657257,age_mature
SSP5-8.5,28,Predator,0.739266359755865,age_mature
SSP5-8.5,29,Predator,0.748827642492455,age_mature
SSP5-8.5,30,Predator,0.746061074908861,age_mature
SSP5-8.5,31,Predator,0.749995475924445,age_mature
SSP5-8.5,32,Predator,0.74547715521335,age_mature
SSP5-8.5,33,Predator,0.744547354042564,age_mature
SSP5-8.5,34,Predator,0.7485867648826,age_mature
SSP5-8.5,35,Predator,0.746951310133675,age_mature
SSP5-8.5,36,Predator,0.748461091808976,age_mature
SSP5-8.5,37,Predator,0.747648998558567,age_mature
SSP5-8.5,38,Predator,0.744391859945458,age_mature
SSP5-8.5,39,Predator,0.746557887602512,age_mature
SSP5-8.5,40,Predator,0.739020756364177,age_mature
SSP5-8.5,41,Predator,0.749384808695671,age_mature
SSP5-8.5,42,Predator,0.741559235168672,age_mature
SSP5-8.5,43,Predator,0.754559288979839,age_mature
SSP5-8.5,44,Predator,0.748698332639784,age_mature
SSP5-8.5,45,Predator,0.756715811156079,age_mature
SSP5-8.5,46,Predator,0.744104559256515,age_mature
SSP5-8.5,47,Predator,0.753275759375018,age_mature
SSP5-8.5,48,Predator,0.752320309898001,age_mature
SSP5-8.5,49,Predator,0.753323375872214,age_mature
SSP5-8.5,50,Predator,0.763126694349607,age_mature
SSP5-8.5,51,Predator,0.746258070841927,age_mature
SSP5-8.5,52,Predator,0.744163954060037,age_mature
SSP5-8.5,53,Predator,0.747438466665052,age_mature
SSP5-8.5,54,Predator,0.747596509049492,age_mature
SSP5-8.5,55,Predator,0.741698022470133,age_mature
SSP5-8.5,56,Predator,0.751331933784054,age_mature
SSP5-8.5,57,Predator,0.741761669006897,age_mature
SSP5-8.5,58,Predator,0.750076524801389,age_mature
SSP5-8.5,59,Predator,0.745325475728399,age_mature
SSP5-8.5,60,Predator,0.74935789156851,age_mature
SSP5-8.5,61,Predator,0.746209973551425,age_mature
SSP5-8.5,62,Predator,0.74201879651849,age_mature
SSP5-8.5,63,Predator,0.744529673884053,age_mature
SSP5-8.5,64,Predator,0.745960134252645,age_mature
SSP5-8.5,65,Predator,0.747682226860034,age_mature
SSP5-8.5,66,Predator,0.751918190649064,age_mature
SSP5-8.5,67,Predator,0.74769298364422,age_mature
SSP5-8.5,68,Predator,0.739251030821677,age_mature
SSP5-8.5,69,Predator,0.741016435081643,age_mature
SSP5-8.5,70,Predator,0.754232878018526,age_mature
SSP5-8.5,71,Predator,0.748484440429119,age_mature
SSP5-8.5,72,Predator,0.750760150850801,age_mature
SSP5-8.5,73,Predator,0.745061638038793,age_mature
SSP5-8.5,74,Predator,0.755910006837701,age_mature
SSP5-8.5,75,Predator,0.744387928161617,age_mature
SSP5-8.5,76,Predator,0.742448094032529,age_mature
SSP5-8.5,77,Predator,0.756645597223389,age_mature
SSP5-8.5,78,Predator,0.764717364425583,age_mature
SSP5-8.5,79,Predator,0.739789217090794,age_mature
SSP5-8.5,80,Predator,0.73900343966867,age_mature
SSP5-8.5,81,Predator,0.742987937491116,age_mature
SSP5-8.5,82,Predator,0.7438539350942,age_mature
SSP5-8.5,83,Predator,0.739763284176758,age_mature
SSP5-8.5,84,Predator,0.747985860223082,age_mature
SSP5-8.5,85,Predator,0.747311920438218,age_mature
SSP5-8.5,86,Predator,0.740356233992504,age_mature
SSP5-8.5,87,Predator,0.750101789355527,age_mature
SSP5-8.5,88,Predator,0.741819454659422,age_mature
SSP5-8.5,89,Predator,0.742511405130445,age_mature
SSP5-8.5,90,Predator,0.744360354315486,age_mature
SSP5-8.5,91,Predator,0.747412407338229,age_mature
SSP5-8.5,92,Predator,0.740078972413659,age_mature
SSP5-8.5,93,Predator,0.752858764967104,age_mature
SSP5-8.5,94,Predator,0.753779243003696,age_mature
SSP5-8.5,95,Predator,0.744929627340991,age_mature
SSP5-8.5,96,Predator,0.750117754835901,age_mature
SSP5-8.5,97,Predator,0.741928316464853,age_mature
SSP5-8.5,98,Predator,0.739895734375228,age_mature
SSP5-8.5,99,Predator,0.742443956217663,age_mature
SSP5-8.5,100,Predator,0.750566749574844,age_mature
SSP5-8.5,1,Invertebrate,0.954383234095668,age_mature
SSP5-8.5,2,Invertebrate,0.928322475902972,age_mature
SSP5-8.5,3,Invertebrate,0.936897784228641,age_mature
SSP5-8.5,4,Invertebrate,0.978443977861785,age_mature
SSP5-8.5,5,Invertebrate,0.958220325130566,age_mature
SSP5-8.5,6,Invertebrate,0.938642339173527,age_mature
SSP5-8.5,7,Invertebrate,0.954797550600362,age_mature
SSP5-8.5,8,Invertebrate,0.952553819472008,age_mature
SSP5-8.5,9,Invertebrate,0.942951029345593,age_mature
SSP5-8.5,10,Invertebrate,0.94636525483507,age_mature
SSP5-8.5,11,Invertebrate,0.949292142435228,age_mature
SSP5-8.5,12,Invertebrate,0.957087722843798,age_mature
SSP5-8.5,13,Invertebrate,0.944358661671307,age_mature
SSP5-8.5,14,Invertebrate,0.929858994539457,age_mature
SSP5-8.5,15,Invertebrate,0.943623263468923,age_mature
SSP5-8.5,16,Invertebrate,0.981668140363024,age_mature
SSP5-8.5,17,Invertebrate,0.937180792742678,age_mature
SSP5-8.5,18,Invertebrate,0.956915041545203,age_mature
SSP5-8.5,19,Invertebrate,0.949083618395727,age_mature
SSP5-8.5,20,Invertebrate,0.947716481073112,age_mature
SSP5-8.5,21,Invertebrate,0.947797040970857,age_mature
SSP5-8.5,22,Invertebrate,0.950908858814042,age_mature
SSP5-8.5,23,Invertebrate,0.951928926605105,age_mature
SSP5-8.5,24,Invertebrate,0.944235621382923,age_mature
SSP5-8.5,25,Invertebrate,0.947960685490868,age_mature
SSP5-8.5,26,Invertebrate,0.941776502854357,age_mature
SSP5-8.5,27,Invertebrate,0.93672836930535,age_mature
SSP5-8.5,28,Invertebrate,0.957588959883141,age_mature
SSP5-8.5,29,Invertebrate,0.953173813905934,age_mature
SSP5-8.5,30,Invertebrate,0.963138708065864,age_mature
SSP5-8.5,31,Invertebrate,0.935392928355981,age_mature
SSP5-8.5,32,Invertebrate,0.956825142677575,age_mature
SSP5-8.5,33,Invertebrate,0.933044978299039,age_mature
SSP5-8.5,34,Invertebrate,0.947730908647559,age_mature
SSP5-8.5,35,Invertebrate,0.921265559721989,age_mature
SSP5-8.5,36,Invertebrate,0.941404981767087,age_mature
SSP5-8.5,37,Invertebrate,0.959660697064184,age_mature
SSP5-8.5,38,Invertebrate,0.945204115318809,age_mature
SSP5-8.5,39,Invertebrate,0.956088177635586,age_mature
SSP5-8.5,40,Invertebrate,0.963844241257638,age_mature
SSP5-8.5,41,Invertebrate,0.947268189801093,age_mature
SSP5-8.5,42,Invertebrate,0.945292473314301,age_mature
SSP5-8.5,43,Invertebrate,0.953380918073761,age_mature
SSP5-8.5,44,Invertebrate,0.978999227041743,age_mature
SSP5-8.5,45,Invertebrate,0.959874485010544,age_mature
SSP5-8.5,46,Invertebrate,0.934899884920529,age_mature
SSP5-8.5,47,Invertebrate,0.9474104863152,age_mature
SSP5-8.5,48,Invertebrate,0.952470208353601,age_mature
SSP5-8.5,49,Invertebrate,0.947878466721758,age_mature
SSP5-8.5,50,Invertebrate,0.954072433257825,age_mature
SSP5-8.5,51,Invertebrate,0.945761865168904,age_mature
SSP5-8.5,52,Invertebrate,0.960752749708523,age_mature
SSP5-8.5,53,Invertebrate,0.979802251770506,age_mature
SSP5-8.5,54,Invertebrate,0.948393669086952,age_mature
SSP5-8.5,55,Invertebrate,0.968538388226368,age_mature
SSP5-8.5,56,Invertebrate,0.94224497071878,age_mature
SSP5-8.5,57,Invertebrate,0.959039768240526,age_mature
SSP5-8.5,58,Invertebrate,0.959708811306981,age_mature
SSP5-8.5,59,Invertebrate,0.935936934569182,age_mature
SSP5-8.5,60,Invertebrate,0.938555474307996,age_mature
SSP5-8.5,61,Invertebrate,0.962411309743394,age_mature
SSP5-8.5,62,Invertebrate,0.938866044717075,age_mature
SSP5-8.5,63,Invertebrate,0.957632616799808,age_mature
SSP5-8.5,64,Invertebrate,0.938368832674279,age_mature
SSP5-8.5,65,Invertebrate,0.939172131132931,age_mature
SSP5-8.5,66,Invertebrate,0.942180463876777,age_mature
SSP5-8.5,67,Invertebrate,0.935613671034416,age_mature
SSP5-8.5,68,Invertebrate,0.941665830776469,age_mature
SSP5-8.5,69,Invertebrate,0.955140964251331,age_mature
SSP5-8.5,70,Invertebrate,0.93402905445555,age_mature
SSP5-8.5,71,Invertebrate,0.95923231288034,age_mature
SSP5-8.5,72,Invertebrate,0.968110040289953,age_mature
SSP5-8.5,73,Invertebrate,0.954799315348845,age_mature
SSP5-8.5,74,Invertebrate,0.960661165023236,age_mature
SSP5-8.5,75,Invertebrate,0.956237362594305,age_mature
SSP5-8.5,76,Invertebrate,0.954955574152822,age_mature
SSP5-8.5,77,Invertebrate,0.946114876765784,age_mature
SSP5-8.5,78,Invertebrate,0.956123191705169,age_mature
SSP5-8.5,79,Invertebrate,0.958509399049039,age_mature
SSP5-8.5,80,Invertebrate,0.949122958477324,age_mature
SSP5-8.5,81,Invertebrate,0.954024860327045,age_mature
SSP5-8.5,82,Invertebrate,0.957997426165067,age_mature
SSP5-8.5,83,Invertebrate,0.963859838433728,age_mature
SSP5-8.5,84,Invertebrate,0.940523035936347,age_mature
SSP5-8.5,85,Invertebrate,0.942129031484704,age_mature
SSP5-8.5,86,Invertebrate,0.95136538199128,age_mature
SSP5-8.5,87,Invertebrate,0.972117948617128,age_mature
SSP5-8.5,88,Invertebrate,0.949614317296114,age_mature
SSP5-8.5,89,Invertebrate,0.926397716470175,age_mature
SSP5-8.5,90,Invertebrate,0.966432887438421,age_mature
SSP5-8.5,91,Invertebrate,0.948691872750485,age_mature
SSP5-8.5,92,Invertebrate,0.94934513920264,age_mature
SSP5-8.5,93,Invertebrate,0.948800031995884,age_mature
SSP5-8.5,94,Invertebrate,0.959351644919283,age_mature
SSP5-8.5,95,Invertebrate,0.967602358891489,age_mature
SSP5-8.5,96,Invertebrate,0.969859434970816,age_mature
SSP5-8.5,97,Invertebrate,0.938552707563041,age_mature
SSP5-8.5,98,Invertebrate,0.960127864243381,age_mature
SSP5-8.5,99,Invertebrate,0.948578744707715,age_mature
SSP5-8.5,100,Invertebrate,0.932727223577695,age_mature
SSP5-8.5,1,Mid-trophic species,0.597583952289349,age_mature
SSP5-8.5,2,Mid-trophic species,0.597374176026505,age_mature
SSP5-8.5,3,Mid-trophic species,0.594128931448644,age_mature
SSP5-8.5,4,Mid-trophic species,0.597944608292746,age_mature
SSP5-8.5,5,Mid-trophic species,0.594629561102225,age_mature
SSP5-8.5,6,Mid-trophic species,0.594798392204833,age_mature
SSP5-8.5,7,Mid-trophic species,0.595762626573055,age_mature
SSP5-8.5,8,Mid-trophic species,0.595627244097129,age_mature
SSP5-8.5,9,Mid-trophic species,0.596814460046469,age_mature
SSP5-8.5,10,Mid-trophic species,0.596659332472782,age_mature
SSP5-8.5,11,Mid-trophic species,0.595587412726812,age_mature
SSP5-8.5,12,Mid-trophic species,0.59534700739946,age_mature
SSP5-8.5,13,Mid-trophic species,0.594837222390977,age_mature
SSP5-8.5,14,Mid-trophic species,0.596576572097176,age_mature
SSP5-8.5,15,Mid-trophic species,0.593074767594185,age_mature
SSP5-8.5,16,Mid-trophic species,0.595881051780925,age_mature
SSP5-8.5,17,Mid-trophic species,0.595816412522662,age_mature
SSP5-8.5,18,Mid-trophic species,0.594569079622033,age_mature
SSP5-8.5,19,Mid-trophic species,0.595559611858322,age_mature
SSP5-8.5,20,Mid-trophic species,0.593746199374786,age_mature
SSP5-8.5,21,Mid-trophic species,0.599625832992981,age_mature
SSP5-8.5,22,Mid-trophic species,0.597931772440633,age_mature
SSP5-8.5,23,Mid-trophic species,0.598610344936551,age_mature
SSP5-8.5,24,Mid-trophic species,0.595671706554639,age_mature
SSP5-8.5,25,Mid-trophic species,0.595388073247745,age_mature
SSP5-8.5,26,Mid-trophic species,0.595348640321034,age_mature
SSP5-8.5,27,Mid-trophic species,0.596140785099168,age_mature
SSP5-8.5,28,Mid-trophic species,0.597629132753997,age_mature
SSP5-8.5,29,Mid-trophic species,0.593844239569613,age_mature
SSP5-8.5,30,Mid-trophic species,0.600041842562677,age_mature
SSP5-8.5,31,Mid-trophic species,0.595918268306183,age_mature
SSP5-8.5,32,Mid-trophic species,0.595979899245359,age_mature
SSP5-8.5,33,Mid-trophic species,0.591185230699793,age_mature
SSP5-8.5,34,Mid-trophic species,0.592479775632966,age_mature
SSP5-8.5,35,Mid-trophic species,0.593734473845509,age_mature
SSP5-8.5,36,Mid-trophic species,0.598103006036783,age_mature
SSP5-8.5,37,Mid-trophic species,0.597087133040709,age_mature
SSP5-8.5,38,Mid-trophic species,0.59811596625433,age_mature
SSP5-8.5,39,Mid-trophic species,0.595539149922842,age_mature
SSP5-8.5,40,Mid-trophic species,0.597186919880233,age_mature
SSP5-8.5,41,Mid-trophic species,0.598471391205136,age_mature
SSP5-8.5,42,Mid-trophic species,0.598457821846074,age_mature
SSP5-8.5,43,Mid-trophic species,0.59789320092491,age_mature
SSP5-8.5,44,Mid-trophic species,0.594332622889131,age_mature
SSP5-8.5,45,Mid-trophic species,0.595156634575331,age_mature
SSP5-8.5,46,Mid-trophic species,0.596463482654256,age_mature
SSP5-8.5,47,Mid-trophic species,0.597923096115857,age_mature
SSP5-8.5,48,Mid-trophic species,0.595621229736804,age_mature
SSP5-8.5,49,Mid-trophic species,0.59357007284821,age_mature
SSP5-8.5,50,Mid-trophic species,0.594440769087542,age_mature
SSP5-8.5,51,Mid-trophic species,0.596859739545585,age_mature
SSP5-8.5,52,Mid-trophic species,0.594718394613124,age_mature
SSP5-8.5,53,Mid-trophic species,0.595769835249936,age_mature
SSP5-8.5,54,Mid-trophic species,0.594739035735773,age_mature
SSP5-8.5,55,Mid-trophic species,0.598130856183618,age_mature
SSP5-8.5,56,Mid-trophic species,0.593821961466936,age_mature
SSP5-8.5,57,Mid-trophic species,0.594101352284579,age_mature
SSP5-8.5,58,Mid-trophic species,0.596122520488919,age_mature
SSP5-8.5,59,Mid-trophic species,0.595013421637821,age_mature
SSP5-8.5,60,Mid-trophic species,0.595620293568604,age_mature
SSP5-8.5,61,Mid-trophic species,0.597089554935771,age_mature
SSP5-8.5,62,Mid-trophic species,0.59736399159207,age_mature
SSP5-8.5,63,Mid-trophic species,0.597001629744994,age_mature
SSP5-8.5,64,Mid-trophic species,0.596106944290259,age_mature
SSP5-8.5,65,Mid-trophic species,0.592831113920823,age_mature
SSP5-8.5,66,Mid-trophic species,0.596136411603896,age_mature
SSP5-8.5,67,Mid-trophic species,0.59476883363138,age_mature
SSP5-8.5,68,Mid-trophic species,0.593517793266591,age_mature
SSP5-8.5,69,Mid-trophic species,0.5987707128364,age_mature
SSP5-8.5,70,Mid-trophic species,0.595778949467433,age_mature
SSP5-8.5,71,Mid-trophic species,0.596590281507011,age_mature
SSP5-8.5,72,Mid-trophic species,0.599239629097634,age_mature
SSP5-8.5,73,Mid-trophic species,0.596215627887583,age_mature
SSP5-8.5,74,Mid-trophic species,0.595593551619942,age_mature
SSP5-8.5,75,Mid-trophic species,0.59534128704248,age_mature
SSP5-8.5,76,Mid-trophic species,0.597639406869122,age_mature
SSP5-8.5,77,Mid-trophic species,0.596434268639265,age_mature
SSP5-8.5,78,Mid-trophic species,0.597640839304268,age_mature
SSP5-8.5,79,Mid-trophic species,0.591994594108022,age_mature
SSP5-8.5,80,Mid-trophic species,0.596609080606118,age_mature
SSP5-8.5,81,Mid-trophic species,0.594658633199414,age_mature
SSP5-8.5,82,Mid-trophic species,0.596163964674863,age_mature
SSP5-8.5,83,Mid-trophic species,0.593517270221008,age_mature
SSP5-8.5,84,Mid-trophic species,0.597434142521959,age_mature
SSP5-8.5,85,Mid-trophic species,0.59435621805519,age_mature
SSP5-8.5,86,Mid-trophic species,0.592840147793426,age_mature
SSP5-8.5,87,Mid-trophic species,0.598006954778392,age_mature
SSP5-8.5,88,Mid-trophic species,0.599178879486906,age_mature
SSP5-8.5,89,Mid-trophic species,0.594008701393788,age_mature
SSP5-8.5,90,Mid-trophic species,0.597135661046467,age_mature
SSP5-8.5,91,Mid-trophic species,0.597706833886335,age_mature
SSP5-8.5,92,Mid-trophic species,0.599234399464889,age_mature
SSP5-8.5,93,Mid-trophic species,0.595461255118059,age_mature
SSP5-8.5,94,Mid-trophic species,0.597688280169107,age_mature
SSP5-8.5,95,Mid-trophic species,0.597524232922708,age_mature
SSP5-8.5,96,Mid-trophic species,0.596890862912936,age_mature
SSP5-8.5,97,Mid-trophic species,0.594442421746,age_mature
SSP5-8.5,98,Mid-trophic species,0.597429161350589,age_mature
SSP5-8.5,99,Mid-trophic species,0.597491256783506,age_mature
SSP5-8.5,100,Mid-trophic species,0.596519895868802,age_mature
Base,1,Prey,2.32749518333333,mean_tl
Base,2,Prey,2.33347561,mean_tl
Base,3,Prey,2.32897034666667,mean_tl
Base,4,Prey,2.32917078333333,mean_tl
Base,5,Prey,2.34277879,mean_tl
Base,6,Prey,2.32869032333333,mean_tl
Base,7,Prey,2.33645711333333,mean_tl
Base,8,Prey,2.33109403333333,mean_tl
Base,9,Prey,2.33364341666667,mean_tl
Base,10,Prey,2.33292626,mean_tl
Base,11,Prey,2.33344172,mean_tl
Base,12,Prey,2.33124006,mean_tl
Base,13,Prey,2.33652750666667,mean_tl
Base,14,Prey,2.33260880666667,mean_tl
Base,15,Prey,2.33169751666667,mean_tl
Base,16,Prey,2.3324418,mean_tl
Base,17,Prey,2.33267065666667,mean_tl
Base,18,Prey,2.33616886666667,mean_tl
Base,19,Prey,2.33557980333333,mean_tl
Base,20,Prey,2.33692436333333,mean_tl
Base,21,Prey,2.33147572333333,mean_tl
Base,22,Prey,2.32750515333333,mean_tl
Base,23,Prey,2.33658341333333,mean_tl
Base,24,Prey,2.32797258666667,mean_tl
Base,25,Prey,2.33233328,mean_tl
Base,26,Prey,2.33856710666667,mean_tl
Base,27,Prey,2.33440732,mean_tl
Base,28,Prey,2.33756622,mean_tl
Base,29,Prey,2.33265377,mean_tl
Base,30,Prey,2.3274071,mean_tl
Base,31,Prey,2.33141169666667,mean_tl
Base,32,Prey,2.33406928666667,mean_tl
Base,33,Prey,2.34032545333333,mean_tl
Base,34,Prey,2.34021191333333,mean_tl
Base,35,Prey,2.34254041666667,mean_tl
Base,36,Prey,2.33299236666667,mean_tl
Base,37,Prey,2.33409331333333,mean_tl
Base,38,Prey,2.34117781666667,mean_tl
Base,39,Prey,2.33612385,mean_tl
Base,40,Prey,2.32730762666667,mean_tl
Base,41,Prey,2.33376345333333,mean_tl
Base,42,Prey,2.33719371666667,mean_tl
Base,43,Prey,2.33726543666667,mean_tl
Base,44,Prey,2.33669804333333,mean_tl
Base,45,Prey,2.33945139333333,mean_tl
Base,46,Prey,2.33413829666667,mean_tl
Base,47,Prey,2.33380745666667,mean_tl
Base,48,Prey,2.34154040333333,mean_tl
Base,49,Prey,2.33768685,mean_tl
Base,50,Prey,2.33614895,mean_tl
Base,51,Prey,2.33873566,mean_tl
Base,52,Prey,2.33294828,mean_tl
Base,53,Prey,2.33163245333333,mean_tl
Base,54,Prey,2.33616451,mean_tl
Base,55,Prey,2.33410170333333,mean_tl
Base,56,Prey,2.33232894333333,mean_tl
Base,57,Prey,2.33372464333333,mean_tl
Base,58,Prey,2.33607728,mean_tl
Base,59,Prey,2.33638058,mean_tl
Base,60,Prey,2.33399975666667,mean_tl
Base,61,Prey,2.33406985,mean_tl
Base,62,Prey,2.33421328666667,mean_tl
Base,63,Prey,2.33788505333333,mean_tl
Base,64,Prey,2.33718292333333,mean_tl
Base,65,Prey,2.33974743666667,mean_tl
Base,66,Prey,2.33766273666667,mean_tl
Base,67,Prey,2.33185266333333,mean_tl
Base,68,Prey,2.33311248333333,mean_tl
Base,69,Prey,2.33271733333333,mean_tl
Base,70,Prey,2.34004607,mean_tl
Base,71,Prey,2.34650184333333,mean_tl
Base,72,Prey,2.33092407666667,mean_tl
Base,73,Prey,2.32470350666667,mean_tl
Base,74,Prey,2.33169792666667,mean_tl
Base,75,Prey,2.33033204,mean_tl
Base,76,Prey,2.33307616666667,mean_tl
Base,77,Prey,2.34274558333333,mean_tl
Base,78,Prey,2.33430386666667,mean_tl
Base,79,Prey,2.33593742666667,mean_tl
Base,80,Prey,2.33642874666667,mean_tl
Base,81,Prey,2.33195711333333,mean_tl
Base,82,Prey,2.33180191333333,mean_tl
Base,83,Prey,2.34060004333333,mean_tl
Base,84,Prey,2.33896533,mean_tl
Base,85,Prey,2.33139126666667,mean_tl
Base,86,Prey,2.34034957333333,mean_tl
Base,87,Prey,2.32953980666667,mean_tl
Base,88,Prey,2.33726234,mean_tl
Base,89,Prey,2.34067931666667,mean_tl
Base,90,Prey,2.34094758666667,mean_tl
Base,91,Prey,2.33431463,mean_tl
Base,92,Prey,2.3376895,mean_tl
Base,93,Prey,2.33084508333333,mean_tl
Base,94,Prey,2.32979809666667,mean_tl
Base,95,Prey,2.33384445666667,mean_tl
Base,96,Prey,2.32849593666667,mean_tl
Base,97,Prey,2.33022979,mean_tl
Base,98,Prey,2.33059886,mean_tl
Base,99,Prey,2.33482506,mean_tl
Base,100,Prey,2.33526103333333,mean_tl
Base,1,Predator,2.99754034416667,mean_tl
Base,2,Predator,3.00297842,mean_tl
Base,3,Predator,3.00396159833333,mean_tl
Base,4,Predator,3.00190343833333,mean_tl
Base,5,Predator,3.0033474325,mean_tl
Base,6,Predator,3.00559739083333,mean_tl
Base,7,Predator,3.00856701166667,mean_tl
Base,8,Predator,3.00257853166667,mean_tl
Base,9,Predator,3.005275205,mean_tl
Base,10,Predator,3.00082121416667,mean_tl
Base,11,Predator,3.0032027675,mean_tl
Base,12,Predator,3.00594320333334,mean_tl
Base,13,Predator,3.002406995,mean_tl
Base,14,Predator,3.00801530416667,mean_tl
Base,15,Predator,3.00760568916667,mean_tl
Base,16,Predator,3.00382365666667,mean_tl
Base,17,Predator,3.00518512,mean_tl
Base,18,Predator,3.00054184833333,mean_tl
Base,19,Predator,3.00425234333334,mean_tl
Base,20,Predator,2.99878224083333,mean_tl
Base,21,Predator,3.00722191666667,mean_tl
Base,22,Predator,3.00051228583333,mean_tl
Base,23,Predator,3.00325392416667,mean_tl
Base,24,Predator,2.99559031583333,mean_tl
Base,25,Predator,3.00442108833333,mean_tl
Base,26,Predator,3.00463581083333,mean_tl
Base,27,Predator,3.00493508166667,mean_tl
Base,28,Predator,3.00052785416667,mean_tl
Base,29,Predator,3.00249359666667,mean_tl
Base,30,Predator,3.0092101875,mean_tl
Base,31,Predator,3.00275972666667,mean_tl
Base,32,Predator,3.0036741825,mean_tl
Base,33,Predator,3.0054980125,mean_tl
Base,34,Predator,3.00888681166667,mean_tl
Base,35,Predator,3.00643026833333,mean_tl
Base,36,Predator,3.00436901833333,mean_tl
Base,37,Predator,3.004261325,mean_tl
Base,38,Predator,3.00483851083333,mean_tl
Base,39,Predator,3.01024140416667,mean_tl
Base,40,Predator,3.00760287416667,mean_tl
Base,41,Predator,3.00032659833334,mean_tl
Base,42,Predator,2.99776541416667,mean_tl
Base,43,Predator,3.00379699333333,mean_tl
Base,44,Predator,3.00256252583333,mean_tl
Base,45,Predator,3.00590701416667,mean_tl
Base,46,Predator,3.00606446583334,mean_tl
Base,47,Predator,3.000001615,mean_tl
Base,48,Predator,3.00710699,mean_tl
Base,49,Predator,3.000824405,mean_tl
Base,50,Predator,3.0066589175,mean_tl
Base,51,Predator,3.013263785,mean_tl
Base,52,Predator,3.00340633833333,mean_tl
Base,53,Predator,2.99837571083334,mean_tl
Base,54,Predator,3.00415135166667,mean_tl
Base,55,Predator,3.00229339833333,mean_tl
Base,56,Predator,3.00460789416667,mean_tl
Base,57,Predator,3.0068436475,mean_tl
Base,58,Predator,3.00336226166667,mean_tl
Base,59,Predator,3.00397674416667,mean_tl
Base,60,Predator,3.00815166666667,mean_tl
Base,61,Predator,3.008012565,mean_tl
Base,62,Predator,3.00265881666667,mean_tl
Base,63,Predator,3.00169896666667,mean_tl
Base,64,Predator,3.00715841,mean_tl
Base,65,Predator,3.0056687975,mean_tl
Base,66,Predator,3.00228053916667,mean_tl
Base,67,Predator,3.00993113333333,mean_tl
Base,68,Predator,3.00786129916667,mean_tl
Base,69,Predator,3.0044505125,mean_tl
Base,70,Predator,3.0100451825,mean_tl
Base,71,Predator,3.01233237833333,mean_tl
Base,72,Predator,3.00174870916667,mean_tl
Base,73,Predator,3.00265897666666,mean_tl
Base,74,Predator,3.00682955833334,mean_tl
Base,75,Predator,3.00991377166667,mean_tl
Base,76,Predator,2.99772012833334,mean_tl
Base,77,Predator,3.00331866916667,mean_tl
Base,78,Predator,3.007841235,mean_tl
Base,79,Predator,3.00563416083333,mean_tl
Base,80,Predator,3.0048173,mean_tl
Base,81,Predator,3.00014685333333,mean_tl
Base,82,Predator,3.00293903,mean_tl
Base,83,Predator,3.00107883333334,mean_tl
Base,84,Predator,3.0004625275,mean_tl
Base,85,Predator,3.00463903833333,mean_tl
Base,86,Predator,3.0133423575,mean_tl
Base,87,Predator,3.00320361083333,mean_tl
Base,88,Predator,3.00352422083333,mean_tl
Base,89,Predator,3.0065069025,mean_tl
Base,90,Predator,3.00292512083333,mean_tl
Base,91,Predator,3.0039352825,mean_tl
Base,92,Predator,3.00599015333334,mean_tl
Base,93,Predator,3.00404218583334,mean_tl
Base,94,Predator,2.99656434833333,mean_tl
Base,95,Predator,3.00031702333333,mean_tl
Base,96,Predator,3.00444372333333,mean_tl
Base,97,Predator,3.00779508833333,mean_tl
Base,98,Predator,3.00234524333333,mean_tl
Base,99,Predator,3.0062362025,mean_tl
Base,100,Predator,2.99581840333334,mean_tl
Base,1,Invertebrate,2.27770594444444,mean_tl
Base,2,Invertebrate,2.28385489777778,mean_tl
Base,3,Invertebrate,2.28784106333333,mean_tl
Base,4,Invertebrate,2.28085622666667,mean_tl
Base,5,Invertebrate,2.28241390555556,mean_tl
Base,6,Invertebrate,2.28413218111111,mean_tl
Base,7,Invertebrate,2.28129732888889,mean_tl
Base,8,Invertebrate,2.28166086333333,mean_tl
Base,9,Invertebrate,2.28901248111111,mean_tl
Base,10,Invertebrate,2.28489822222222,mean_tl
Base,11,Invertebrate,2.28616910666667,mean_tl
Base,12,Invertebrate,2.28103181,mean_tl
Base,13,Invertebrate,2.27950615777778,mean_tl
Base,14,Invertebrate,2.27935658888889,mean_tl
Base,15,Invertebrate,2.28267813222222,mean_tl
Base,16,Invertebrate,2.28166488444444,mean_tl
Base,17,Invertebrate,2.28362555,mean_tl
Base,18,Invertebrate,2.28152549222222,mean_tl
Base,19,Invertebrate,2.28709224111111,mean_tl
Base,20,Invertebrate,2.28302740555556,mean_tl
Base,21,Invertebrate,2.28338879222222,mean_tl
Base,22,Invertebrate,2.27786353555556,mean_tl
Base,23,Invertebrate,2.28374653222222,mean_tl
Base,24,Invertebrate,2.27901566333333,mean_tl
Base,25,Invertebrate,2.27838816222222,mean_tl
Base,26,Invertebrate,2.28453388222222,mean_tl
Base,27,Invertebrate,2.27705634444445,mean_tl
Base,28,Invertebrate,2.28140927888889,mean_tl
Base,29,Invertebrate,2.28484765,mean_tl
Base,30,Invertebrate,2.29023682666667,mean_tl
Base,31,Invertebrate,2.28326039444444,mean_tl
Base,32,Invertebrate,2.28284345444445,mean_tl
Base,33,Invertebrate,2.28305763333333,mean_tl
Base,34,Invertebrate,2.27982787888889,mean_tl
Base,35,Invertebrate,2.28377781222222,mean_tl
Base,36,Invertebrate,2.28071785666667,mean_tl
Base,37,Invertebrate,2.28069505111111,mean_tl
Base,38,Invertebrate,2.28737329555556,mean_tl
Base,39,Invertebrate,2.28059130444444,mean_tl
Base,40,Invertebrate,2.28057508,mean_tl
Base,41,Invertebrate,2.2814603,mean_tl
Base,42,Invertebrate,2.29120036,mean_tl
Base,43,Invertebrate,2.28100477666667,mean_tl
Base,44,Invertebrate,2.27990870333333,mean_tl
Base,45,Invertebrate,2.28670585777778,mean_tl
Base,46,Invertebrate,2.28626754333333,mean_tl
Base,47,Invertebrate,2.27527509222222,mean_tl
Base,48,Invertebrate,2.28143315,mean_tl
Base,49,Invertebrate,2.27929999222222,mean_tl
Base,50,Invertebrate,2.28759181888889,mean_tl
Base,51,Invertebrate,2.28533448111111,mean_tl
Base,52,Invertebrate,2.28785687777778,mean_tl
Base,53,Invertebrate,2.27999816666667,mean_tl
Base,54,Invertebrate,2.27990200333333,mean_tl
Base,55,Invertebrate,2.27967568666667,mean_tl
Base,56,Invertebrate,2.28506441777778,mean_tl
Base,57,Invertebrate,2.28275639333334,mean_tl
Base,58,Invertebrate,2.28126149,mean_tl
Base,59,Invertebrate,2.27817401333333,mean_tl
Base,60,Invertebrate,2.28280638,mean_tl
Base,61,Invertebrate,2.28635147777778,mean_tl
Base,62,Invertebrate,2.27764653555555,mean_tl
Base,63,Invertebrate,2.28532382888889,mean_tl
Base,64,Invertebrate,2.28417800888889,mean_tl
Base,65,Invertebrate,2.28053174666667,mean_tl
Base,66,Invertebrate,2.28479692555555,mean_tl
Base,67,Invertebrate,2.28837168555556,mean_tl
Base,68,Invertebrate,2.28662343333333,mean_tl
Base,69,Invertebrate,2.27679897666667,mean_tl
Base,70,Invertebrate,2.28731184,mean_tl
Base,71,Invertebrate,2.28747613555556,mean_tl
Base,72,Invertebrate,2.27532233333333,mean_tl
Base,73,Invertebrate,2.27717046222222,mean_tl
Base,74,Invertebrate,2.28258383111111,mean_tl
Base,75,Invertebrate,2.28429212222222,mean_tl
Base,76,Invertebrate,2.28130480555556,mean_tl
Base,77,Invertebrate,2.28023600777778,mean_tl
Base,78,Invertebrate,2.28154677444444,mean_tl
Base,79,Invertebrate,2.28761341222222,mean_tl
Base,80,Invertebrate,2.27524804888889,mean_tl
Base,81,Invertebrate,2.27697527555556,mean_tl
Base,82,Invertebrate,2.28443359444444,mean_tl
Base,83,Invertebrate,2.27265078333333,mean_tl
Base,84,Invertebrate,2.28396049777778,mean_tl
Base,85,Invertebrate,2.28129841444444,mean_tl
Base,86,Invertebrate,2.28401624111111,mean_tl
Base,87,Invertebrate,2.28339149777778,mean_tl
Base,88,Invertebrate,2.28240481888889,mean_tl
Base,89,Invertebrate,2.28568088666667,mean_tl
Base,90,Invertebrate,2.28105085111111,mean_tl
Base,91,Invertebrate,2.28174017777778,mean_tl
Base,92,Invertebrate,2.28312403111111,mean_tl
Base,93,Invertebrate,2.27867895222222,mean_tl
Base,94,Invertebrate,2.28436282444445,mean_tl
Base,95,Invertebrate,2.28958665888889,mean_tl
Base,96,Invertebrate,2.27979379111111,mean_tl
Base,97,Invertebrate,2.28339407111111,mean_tl
Base,98,Invertebrate,2.28778629777778,mean_tl
Base,99,Invertebrate,2.27814716777778,mean_tl
Base,100,Invertebrate,2.27831965666667,mean_tl
Base,1,Mid-trophic species,2.70533190166667,mean_tl
Base,2,Mid-trophic species,2.71102259,mean_tl
Base,3,Mid-trophic species,2.70851416555555,mean_tl
Base,4,Mid-trophic species,2.70751498888889,mean_tl
Base,5,Mid-trophic species,2.70976935222222,mean_tl
Base,6,Mid-trophic species,2.709195695,mean_tl
Base,7,Mid-trophic species,2.70629982222222,mean_tl
Base,8,Mid-trophic species,2.70567711111111,mean_tl
Base,9,Mid-trophic species,2.70946674055556,mean_tl
Base,10,Mid-trophic species,2.70141106444444,mean_tl
Base,11,Mid-trophic species,2.70928545333333,mean_tl
Base,12,Mid-trophic species,2.70492324777778,mean_tl
Base,13,Mid-trophic species,2.714062165,mean_tl
Base,14,Mid-trophic species,2.70844518277778,mean_tl
Base,15,Mid-trophic species,2.71469972722222,mean_tl
Base,16,Mid-trophic species,2.70655531888889,mean_tl
Base,17,Mid-trophic species,2.71039927833333,mean_tl
Base,18,Mid-trophic species,2.71198123555556,mean_tl
Base,19,Mid-trophic species,2.70946398055556,mean_tl
Base,20,Mid-trophic species,2.709383355,mean_tl
Base,21,Mid-trophic species,2.70789405611111,mean_tl
Base,22,Mid-trophic species,2.70248442166667,mean_tl
Base,23,Mid-trophic species,2.70432905777778,mean_tl
Base,24,Mid-trophic species,2.70406944111111,mean_tl
Base,25,Mid-trophic species,2.71160319277778,mean_tl
Base,26,Mid-trophic species,2.70515536055556,mean_tl
Base,27,Mid-trophic species,2.70573535888889,mean_tl
Base,28,Mid-trophic species,2.70608538555556,mean_tl
Base,29,Mid-trophic species,2.71031689111111,mean_tl
Base,30,Mid-trophic species,2.70746130666667,mean_tl
Base,31,Mid-trophic species,2.70560991944444,mean_tl
Base,32,Mid-trophic species,2.70700145277778,mean_tl
Base,33,Mid-trophic species,2.70828547166667,mean_tl
Base,34,Mid-trophic species,2.71115879166667,mean_tl
Base,35,Mid-trophic species,2.71100286222222,mean_tl
Base,36,Mid-trophic species,2.70726119833333,mean_tl
Base,37,Mid-trophic species,2.70914208944444,mean_tl
Base,38,Mid-trophic species,2.70502183,mean_tl
Base,39,Mid-trophic species,2.71092878611111,mean_tl
Base,40,Mid-trophic species,2.70680526555556,mean_tl
Base,41,Mid-trophic species,2.71576672888889,mean_tl
Base,42,Mid-trophic species,2.71295065166667,mean_tl
Base,43,Mid-trophic species,2.70955911833333,mean_tl
Base,44,Mid-trophic species,2.71029398111111,mean_tl
Base,45,Mid-trophic species,2.71061829777778,mean_tl
Base,46,Mid-trophic species,2.71546621777778,mean_tl
Base,47,Mid-trophic species,2.71368984555556,mean_tl
Base,48,Mid-trophic species,2.71480272444444,mean_tl
Base,49,Mid-trophic species,2.71031488722222,mean_tl
Base,50,Mid-trophic species,2.71191302111111,mean_tl
Base,51,Mid-trophic species,2.71753384888889,mean_tl
Base,52,Mid-trophic species,2.71173220944445,mean_tl
Base,53,Mid-trophic species,2.70617554944445,mean_tl
Base,54,Mid-trophic species,2.70955989722223,mean_tl
Base,55,Mid-trophic species,2.71548621833333,mean_tl
Base,56,Mid-trophic species,2.70782580166667,mean_tl
Base,57,Mid-trophic species,2.70522838111111,mean_tl
Base,58,Mid-trophic species,2.71348177222222,mean_tl
Base,59,Mid-trophic species,2.70690493388889,mean_tl
Base,60,Mid-trophic species,2.70884124944444,mean_tl
Base,61,Mid-trophic species,2.70867179277778,mean_tl
Base,62,Mid-trophic species,2.70193967555556,mean_tl
Base,63,Mid-trophic species,2.70901552777778,mean_tl
Base,64,Mid-trophic species,2.70424558166667,mean_tl
Base,65,Mid-trophic species,2.70674329388889,mean_tl
Base,66,Mid-trophic species,2.71259631333333,mean_tl
Base,67,Mid-trophic species,2.71084265444445,mean_tl
Base,68,Mid-trophic species,2.71546633611111,mean_tl
Base,69,Mid-trophic species,2.70932334722222,mean_tl
Base,70,Mid-trophic species,2.71266276166667,mean_tl
Base,71,Mid-trophic species,2.709321585,mean_tl
Base,72,Mid-trophic species,2.707352025,mean_tl
Base,73,Mid-trophic species,2.70343657666667,mean_tl
Base,74,Mid-trophic species,2.71266887111111,mean_tl
Base,75,Mid-trophic species,2.70968892555555,mean_tl
Base,76,Mid-trophic species,2.70954262055556,mean_tl
Base,77,Mid-trophic species,2.70824743166667,mean_tl
Base,78,Mid-trophic species,2.71444382055556,mean_tl
Base,79,Mid-trophic species,2.70962667666667,mean_tl
Base,80,Mid-trophic species,2.70724029222222,mean_tl
Base,81,Mid-trophic species,2.704864085,mean_tl
Base,82,Mid-trophic species,2.71254087611111,mean_tl
Base,83,Mid-trophic species,2.71464366833333,mean_tl
Base,84,Mid-trophic species,2.70704720166667,mean_tl
Base,85,Mid-trophic species,2.71276097944445,mean_tl
Base,86,Mid-trophic species,2.71271959555556,mean_tl
Base,87,Mid-trophic species,2.70853580833333,mean_tl
Base,88,Mid-trophic species,2.70822411611111,mean_tl
Base,89,Mid-trophic species,2.71108067833333,mean_tl
Base,90,Mid-trophic species,2.71577277111111,mean_tl
Base,91,Mid-trophic species,2.70945930277778,mean_tl
Base,92,Mid-trophic species,2.70455679722222,mean_tl
Base,93,Mid-trophic species,2.71290049833334,mean_tl
Base,94,Mid-trophic species,2.70876034222223,mean_tl
Base,95,Mid-trophic species,2.714558755,mean_tl
Base,96,Mid-trophic species,2.70169187055556,mean_tl
Base,97,Mid-trophic species,2.70834663944444,mean_tl
Base,98,Mid-trophic species,2.70531397555556,mean_tl
Base,99,Mid-trophic species,2.71181074888889,mean_tl
Base,100,Mid-trophic species,2.71566069666667,mean_tl
SSP1-2.6,1,Prey,2.32705258395062,mean_tl
SSP1-2.6,2,Prey,2.3241646962963,mean_tl
SSP1-2.6,3,Prey,2.32796379506173,mean_tl
SSP1-2.6,4,Prey,2.33098234814815,mean_tl
SSP1-2.6,5,Prey,2.32568157777778,mean_tl
SSP1-2.6,6,Prey,2.32897116049383,mean_tl
SSP1-2.6,7,Prey,2.31910845061728,mean_tl
SSP1-2.6,8,Prey,2.32520509135802,mean_tl
SSP1-2.6,9,Prey,2.3313138691358,mean_tl
SSP1-2.6,10,Prey,2.32821308148148,mean_tl
SSP1-2.6,11,Prey,2.32422577160494,mean_tl
SSP1-2.6,12,Prey,2.32528696419753,mean_tl
SSP1-2.6,13,Prey,2.32891041728395,mean_tl
SSP1-2.6,14,Prey,2.32763399135802,mean_tl
SSP1-2.6,15,Prey,2.32534649259259,mean_tl
SSP1-2.6,16,Prey,2.32393916049383,mean_tl
SSP1-2.6,17,Prey,2.32608829259259,mean_tl
SSP1-2.6,18,Prey,2.32658737283951,mean_tl
SSP1-2.6,19,Prey,2.32675546790123,mean_tl
SSP1-2.6,20,Prey,2.32316737037037,mean_tl
SSP1-2.6,21,Prey,2.32428829753086,mean_tl
SSP1-2.6,22,Prey,2.32677164691358,mean_tl
SSP1-2.6,23,Prey,2.32972165802469,mean_tl
SSP1-2.6,24,Prey,2.32446955679012,mean_tl
SSP1-2.6,25,Prey,2.32905449876543,mean_tl
SSP1-2.6,26,Prey,2.32588663580247,mean_tl
SSP1-2.6,27,Prey,2.32538754691358,mean_tl
SSP1-2.6,28,Prey,2.3279124617284,mean_tl
SSP1-2.6,29,Prey,2.32456396049383,mean_tl
SSP1-2.6,30,Prey,2.32814953703704,mean_tl
SSP1-2.6,31,Prey,2.32266263580247,mean_tl
SSP1-2.6,32,Prey,2.32518804320988,mean_tl
SSP1-2.6,33,Prey,2.32534569506173,mean_tl
SSP1-2.6,34,Prey,2.32637149382716,mean_tl
SSP1-2.6,35,Prey,2.32296234320988,mean_tl
SSP1-2.6,36,Prey,2.32578004938272,mean_tl
SSP1-2.6,37,Prey,2.31891530123457,mean_tl
SSP1-2.6,38,Prey,2.32505790740741,mean_tl
SSP1-2.6,39,Prey,2.32209402592593,mean_tl
SSP1-2.6,40,Prey,2.32582570246914,mean_tl
SSP1-2.6,41,Prey,2.32829183333333,mean_tl
SSP1-2.6,42,Prey,2.32300889753086,mean_tl
SSP1-2.6,43,Prey,2.32327304567901,mean_tl
SSP1-2.6,44,Prey,2.32495875555556,mean_tl
SSP1-2.6,45,Prey,2.32640336790123,mean_tl
SSP1-2.6,46,Prey,2.32603941851852,mean_tl
SSP1-2.6,47,Prey,2.32628701111111,mean_tl
SSP1-2.6,48,Prey,2.32133105432099,mean_tl
SSP1-2.6,49,Prey,2.3275793037037,mean_tl
SSP1-2.6,50,Prey,2.32624507777778,mean_tl
SSP1-2.6,51,Prey,2.32465534320988,mean_tl
SSP1-2.6,52,Prey,2.32940953333333,mean_tl
SSP1-2.6,53,Prey,2.33379942469136,mean_tl
SSP1-2.6,54,Prey,2.32379599259259,mean_tl
SSP1-2.6,55,Prey,2.32600761481482,mean_tl
SSP1-2.6,56,Prey,2.32448961975309,mean_tl
SSP1-2.6,57,Prey,2.32774956666667,mean_tl
SSP1-2.6,58,Prey,2.32363367283951,mean_tl
SSP1-2.6,59,Prey,2.3255954308642,mean_tl
SSP1-2.6,60,Prey,2.32783813580247,mean_tl
SSP1-2.6,61,Prey,2.32434912592593,mean_tl
SSP1-2.6,62,Prey,2.326416,mean_tl
SSP1-2.6,63,Prey,2.32889454444444,mean_tl
SSP1-2.6,64,Prey,2.32842617037037,mean_tl
SSP1-2.6,65,Prey,2.3222350037037,mean_tl
SSP1-2.6,66,Prey,2.32760023827161,mean_tl
SSP1-2.6,67,Prey,2.32380323950617,mean_tl
SSP1-2.6,68,Prey,2.33048102345679,mean_tl
SSP1-2.6,69,Prey,2.33072809259259,mean_tl
SSP1-2.6,70,Prey,2.32519127283951,mean_tl
SSP1-2.6,71,Prey,2.33021444567901,mean_tl
SSP1-2.6,72,Prey,2.32914057530864,mean_tl
SSP1-2.6,73,Prey,2.32451436049383,mean_tl
SSP1-2.6,74,Prey,2.32392503580247,mean_tl
SSP1-2.6,75,Prey,2.32494277777778,mean_tl
SSP1-2.6,76,Prey,2.32470411111111,mean_tl
SSP1-2.6,77,Prey,2.3304190691358,mean_tl
SSP1-2.6,78,Prey,2.32720683209877,mean_tl
SSP1-2.6,79,Prey,2.32823740123457,mean_tl
SSP1-2.6,80,Prey,2.3265377308642,mean_tl
SSP1-2.6,81,Prey,2.3267309691358,mean_tl
SSP1-2.6,82,Prey,2.32172262469136,mean_tl
SSP1-2.6,83,Prey,2.32581264691358,mean_tl
SSP1-2.6,84,Prey,2.33010422716049,mean_tl
SSP1-2.6,85,Prey,2.32463772839506,mean_tl
SSP1-2.6,86,Prey,2.32331730493827,mean_tl
SSP1-2.6,87,Prey,2.32244851111111,mean_tl
SSP1-2.6,88,Prey,2.3304163654321,mean_tl
SSP1-2.6,89,Prey,2.32836459012346,mean_tl
SSP1-2.6,90,Prey,2.3324162691358,mean_tl
SSP1-2.6,91,Prey,2.32139399382716,mean_tl
SSP1-2.6,92,Prey,2.33081670493827,mean_tl
SSP1-2.6,93,Prey,2.32304061111111,mean_tl
SSP1-2.6,94,Prey,2.32526117654321,mean_tl
SSP1-2.6,95,Prey,2.32717881111111,mean_tl
SSP1-2.6,96,Prey,2.32553843333333,mean_tl
SSP1-2.6,97,Prey,2.3232806962963,mean_tl
SSP1-2.6,98,Prey,2.32720477037037,mean_tl
SSP1-2.6,99,Prey,2.32570682716049,mean_tl
SSP1-2.6,100,Prey,2.32919724814815,mean_tl
SSP1-2.6,1,Predator,2.99854582253087,mean_tl
SSP1-2.6,2,Predator,2.99372048796296,mean_tl
SSP1-2.6,3,Predator,2.99631624814815,mean_tl
SSP1-2.6,4,Predator,2.99913209876543,mean_tl
SSP1-2.6,5,Predator,2.99488046327161,mean_tl
SSP1-2.6,6,Predator,2.99783900925926,mean_tl
SSP1-2.6,7,Predator,2.99191016759259,mean_tl
SSP1-2.6,8,Predator,2.99796081018518,mean_tl
SSP1-2.6,9,Predator,3.00285635216049,mean_tl
SSP1-2.6,10,Predator,2.99687824259259,mean_tl
SSP1-2.6,11,Predator,2.99700793055556,mean_tl
SSP1-2.6,12,Predator,2.99428923395062,mean_tl
SSP1-2.6,13,Predator,2.99595189907407,mean_tl
SSP1-2.6,14,Predator,2.99413216234568,mean_tl
SSP1-2.6,15,Predator,2.99236789259259,mean_tl
SSP1-2.6,16,Predator,2.99816783179013,mean_tl
SSP1-2.6,17,Predator,3.00128520493827,mean_tl
SSP1-2.6,18,Predator,2.99860414320988,mean_tl
SSP1-2.6,19,Predator,2.99783794012346,mean_tl
SSP1-2.6,20,Predator,2.99488706697531,mean_tl
SSP1-2.6,21,Predator,2.99729504876543,mean_tl
SSP1-2.6,22,Predator,2.99483022407407,mean_tl
SSP1-2.6,23,Predator,2.99719676759259,mean_tl
SSP1-2.6,24,Predator,2.99764107222222,mean_tl
SSP1-2.6,25,Predator,2.99606820339506,mean_tl
SSP1-2.6,26,Predator,3.00129118425926,mean_tl
SSP1-2.6,27,Predator,2.99794071820988,mean_tl
SSP1-2.6,28,Predator,2.99531027530864,mean_tl
SSP1-2.6,29,Predator,2.99865259506173,mean_tl
SSP1-2.6,30,Predator,2.99978129290124,mean_tl
SSP1-2.6,31,Predator,2.99609403734568,mean_tl
SSP1-2.6,32,Predator,2.9981183308642,mean_tl
SSP1-2.6,33,Predator,2.99442396697531,mean_tl
SSP1-2.6,34,Predator,2.99690513703704,mean_tl
SSP1-2.6,35,Predator,3.00009331203704,mean_tl
SSP1-2.6,36,Predator,2.99499262037037,mean_tl
SSP1-2.6,37,Predator,2.99186696141975,mean_tl
SSP1-2.6,38,Predator,2.99512411481482,mean_tl
SSP1-2.6,39,Predator,2.99814436604938,mean_tl
SSP1-2.6,40,Predator,2.99431973549383,mean_tl
SSP1-2.6,41,Predator,3.00114870555556,mean_tl
SSP1-2.6,42,Predator,2.99611040864198,mean_tl
SSP1-2.6,43,Predator,2.99639026728395,mean_tl
SSP1-2.6,44,Predator,2.99913206296297,mean_tl
SSP1-2.6,45,Predator,2.99866783395062,mean_tl
SSP1-2.6,46,Predator,2.99337550617284,mean_tl
SSP1-2.6,47,Predator,2.9981196941358,mean_tl
SSP1-2.6,48,Predator,3.00039573981482,mean_tl
SSP1-2.6,49,Predator,2.99855145185185,mean_tl
SSP1-2.6,50,Predator,2.9964867117284,mean_tl
SSP1-2.6,51,Predator,2.99309242962963,mean_tl
SSP1-2.6,52,Predator,2.99741306450617,mean_tl
SSP1-2.6,53,Predator,2.99570160555556,mean_tl
SSP1-2.6,54,Predator,2.99396342253087,mean_tl
SSP1-2.6,55,Predator,2.99580822253086,mean_tl
SSP1-2.6,56,Predator,2.99918635246914,mean_tl
SSP1-2.6,57,Predator,2.99410702098766,mean_tl
SSP1-2.6,58,Predator,2.99252976944444,mean_tl
SSP1-2.6,59,Predator,2.99675979382716,mean_tl
SSP1-2.6,60,Predator,2.99756572839506,mean_tl
SSP1-2.6,61,Predator,2.99966352006173,mean_tl
SSP1-2.6,62,Predator,2.99389196111111,mean_tl
SSP1-2.6,63,Predator,2.99632667932099,mean_tl
SSP1-2.6,64,Predator,2.99488558487654,mean_tl
SSP1-2.6,65,Predator,2.99573133395062,mean_tl
SSP1-2.6,66,Predator,2.99548443703704,mean_tl
SSP1-2.6,67,Predator,2.99658397098766,mean_tl
SSP1-2.6,68,Predator,2.99938142901235,mean_tl
SSP1-2.6,69,Predator,2.99770934351852,mean_tl
SSP1-2.6,70,Predator,2.99679070061729,mean_tl
SSP1-2.6,71,Predator,3.00069782098766,mean_tl
SSP1-2.6,72,Predator,2.99808661851852,mean_tl
SSP1-2.6,73,Predator,2.99644141203704,mean_tl
SSP1-2.6,74,Predator,2.99674136851852,mean_tl
SSP1-2.6,75,Predator,2.99591737345679,mean_tl
SSP1-2.6,76,Predator,2.99502897469136,mean_tl
SSP1-2.6,77,Predator,2.99840290740741,mean_tl
SSP1-2.6,78,Predator,2.99746282777778,mean_tl
SSP1-2.6,79,Predator,2.99723152407408,mean_tl
SSP1-2.6,80,Predator,2.99845016234568,mean_tl
SSP1-2.6,81,Predator,2.99399149598766,mean_tl
SSP1-2.6,82,Predator,2.99444630648148,mean_tl
SSP1-2.6,83,Predator,2.99496303333333,mean_tl
SSP1-2.6,84,Predator,2.99713803765432,mean_tl
SSP1-2.6,85,Predator,2.99938839382716,mean_tl
SSP1-2.6,86,Predator,2.99630121049383,mean_tl
SSP1-2.6,87,Predator,2.99821798703704,mean_tl
SSP1-2.6,88,Predator,2.99757185185185,mean_tl
SSP1-2.6,89,Predator,2.99840633271605,mean_tl
SSP1-2.6,90,Predator,2.99173606111111,mean_tl
SSP1-2.6,91,Predator,2.99474899907408,mean_tl
SSP1-2.6,92,Predator,2.99867530123457,mean_tl
SSP1-2.6,93,Predator,2.99576526604938,mean_tl
SSP1-2.6,94,Predator,2.99354504444444,mean_tl
SSP1-2.6,95,Predator,2.99962910277778,mean_tl
SSP1-2.6,96,Predator,2.99758143209877,mean_tl
SSP1-2.6,97,Predator,2.99356726080247,mean_tl
SSP1-2.6,98,Predator,2.99195246049383,mean_tl
SSP1-2.6,99,Predator,2.99790774382716,mean_tl
SSP1-2.6,100,Predator,2.9976053,mean_tl
SSP1-2.6,1,Invertebrate,2.28267660987654,mean_tl
SSP1-2.6,2,Invertebrate,2.28440927407408,mean_tl
SSP1-2.6,3,Invertebrate,2.28385344897119,mean_tl
SSP1-2.6,4,Invertebrate,2.28216672716049,mean_tl
SSP1-2.6,5,Invertebrate,2.2822153526749,mean_tl
SSP1-2.6,6,Invertebrate,2.28311031069959,mean_tl
SSP1-2.6,7,Invertebrate,2.28411503251029,mean_tl
SSP1-2.6,8,Invertebrate,2.28486250946502,mean_tl
SSP1-2.6,9,Invertebrate,2.28742550246914,mean_tl
SSP1-2.6,10,Invertebrate,2.28168439300412,mean_tl
SSP1-2.6,11,Invertebrate,2.28388342427983,mean_tl
SSP1-2.6,12,Invertebrate,2.28624440041152,mean_tl
SSP1-2.6,13,Invertebrate,2.28361935843621,mean_tl
SSP1-2.6,14,Invertebrate,2.28277603209877,mean_tl
SSP1-2.6,15,Invertebrate,2.28468915308642,mean_tl
SSP1-2.6,16,Invertebrate,2.28545003168724,mean_tl
SSP1-2.6,17,Invertebrate,2.28093837654321,mean_tl
SSP1-2.6,18,Invertebrate,2.28674367489712,mean_tl
SSP1-2.6,19,Invertebrate,2.28446822016461,mean_tl
SSP1-2.6,20,Invertebrate,2.28517509835391,mean_tl
SSP1-2.6,21,Invertebrate,2.28257791975309,mean_tl
SSP1-2.6,22,Invertebrate,2.28205869135802,mean_tl
SSP1-2.6,23,Invertebrate,2.28359189835391,mean_tl
SSP1-2.6,24,Invertebrate,2.28435041975309,mean_tl
SSP1-2.6,25,Invertebrate,2.28552667736625,mean_tl
SSP1-2.6,26,Invertebrate,2.28100608148148,mean_tl
SSP1-2.6,27,Invertebrate,2.28378419958848,mean_tl
SSP1-2.6,28,Invertebrate,2.28407815349794,mean_tl
SSP1-2.6,29,Invertebrate,2.2846235345679,mean_tl
SSP1-2.6,30,Invertebrate,2.28547407119341,mean_tl
SSP1-2.6,31,Invertebrate,2.28299328518518,mean_tl
SSP1-2.6,32,Invertebrate,2.28474789382716,mean_tl
SSP1-2.6,33,Invertebrate,2.2826859744856,mean_tl
SSP1-2.6,34,Invertebrate,2.28484149958848,mean_tl
SSP1-2.6,35,Invertebrate,2.2843307037037,mean_tl
SSP1-2.6,36,Invertebrate,2.28324960288066,mean_tl
SSP1-2.6,37,Invertebrate,2.28095805761317,mean_tl
SSP1-2.6,38,Invertebrate,2.2823856127572,mean_tl
SSP1-2.6,39,Invertebrate,2.28501451028807,mean_tl
SSP1-2.6,40,Invertebrate,2.28567068024691,mean_tl
SSP1-2.6,41,Invertebrate,2.28292649218107,mean_tl
SSP1-2.6,42,Invertebrate,2.27896210946502,mean_tl
SSP1-2.6,43,Invertebrate,2.2844479781893,mean_tl
SSP1-2.6,44,Invertebrate,2.28037215349794,mean_tl
SSP1-2.6,45,Invertebrate,2.282191118107,mean_tl
SSP1-2.6,46,Invertebrate,2.28267039218107,mean_tl
SSP1-2.6,47,Invertebrate,2.28484978971193,mean_tl
SSP1-2.6,48,Invertebrate,2.28727536378601,mean_tl
SSP1-2.6,49,Invertebrate,2.2865190872428,mean_tl
SSP1-2.6,50,Invertebrate,2.28494834732511,mean_tl
SSP1-2.6,51,Invertebrate,2.28413059753087,mean_tl
SSP1-2.6,52,Invertebrate,2.28585886090535,mean_tl
SSP1-2.6,53,Invertebrate,2.28219913127572,mean_tl
SSP1-2.6,54,Invertebrate,2.28338303580247,mean_tl
SSP1-2.6,55,Invertebrate,2.28261414773663,mean_tl
SSP1-2.6,56,Invertebrate,2.28519422798354,mean_tl
SSP1-2.6,57,Invertebrate,2.28426147572016,mean_tl
SSP1-2.6,58,Invertebrate,2.28207404938271,mean_tl
SSP1-2.6,59,Invertebrate,2.28395837736626,mean_tl
SSP1-2.6,60,Invertebrate,2.28442971522633,mean_tl
SSP1-2.6,61,Invertebrate,2.2830226164609,mean_tl
SSP1-2.6,62,Invertebrate,2.28285227901234,mean_tl
SSP1-2.6,63,Invertebrate,2.28448533950617,mean_tl
SSP1-2.6,64,Invertebrate,2.28820284567902,mean_tl
SSP1-2.6,65,Invertebrate,2.28794035843621,mean_tl
SSP1-2.6,66,Invertebrate,2.28272526625515,mean_tl
SSP1-2.6,67,Invertebrate,2.28539179465021,mean_tl
SSP1-2.6,68,Invertebrate,2.28314301481481,mean_tl
SSP1-2.6,69,Invertebrate,2.28441531193416,mean_tl
SSP1-2.6,70,Invertebrate,2.2838649691358,mean_tl
SSP1-2.6,71,Invertebrate,2.28788644855967,mean_tl
SSP1-2.6,72,Invertebrate,2.28202642263375,mean_tl
SSP1-2.6,73,Invertebrate,2.28268894032922,mean_tl
SSP1-2.6,74,Invertebrate,2.28595701440329,mean_tl
SSP1-2.6,75,Invertebrate,2.28388450658436,mean_tl
SSP1-2.6,76,Invertebrate,2.2817010563786,mean_tl
SSP1-2.6,77,Invertebrate,2.27997449588477,mean_tl
SSP1-2.6,78,Invertebrate,2.28167964650206,mean_tl
SSP1-2.6,79,Invertebrate,2.28525014074074,mean_tl
SSP1-2.6,80,Invertebrate,2.27896888148148,mean_tl
SSP1-2.6,81,Invertebrate,2.28274641316872,mean_tl
SSP1-2.6,82,Invertebrate,2.28187822674897,mean_tl
SSP1-2.6,83,Invertebrate,2.28360895226338,mean_tl
SSP1-2.6,84,Invertebrate,2.28506969218107,mean_tl
SSP1-2.6,85,Invertebrate,2.28749837407408,mean_tl
SSP1-2.6,86,Invertebrate,2.28308605679012,mean_tl
SSP1-2.6,87,Invertebrate,2.28157510617284,mean_tl
SSP1-2.6,88,Invertebrate,2.28717924197531,mean_tl
SSP1-2.6,89,Invertebrate,2.28501291152263,mean_tl
SSP1-2.6,90,Invertebrate,2.27996019382716,mean_tl
SSP1-2.6,91,Invertebrate,2.2804181909465,mean_tl
SSP1-2.6,92,Invertebrate,2.28435450699589,mean_tl
SSP1-2.6,93,Invertebrate,2.28642342139918,mean_tl
SSP1-2.6,94,Invertebrate,2.28164606872428,mean_tl
SSP1-2.6,95,Invertebrate,2.28262849711934,mean_tl
SSP1-2.6,96,Invertebrate,2.28632594074074,mean_tl
SSP1-2.6,97,Invertebrate,2.28244578600823,mean_tl
SSP1-2.6,98,Invertebrate,2.28242247160494,mean_tl
SSP1-2.6,99,Invertebrate,2.28314871728395,mean_tl
SSP1-2.6,100,Invertebrate,2.28214468436214,mean_tl
SSP1-2.6,1,Mid-trophic species,2.70584939176955,mean_tl
SSP1-2.6,2,Mid-trophic species,2.70785354855967,mean_tl
SSP1-2.6,3,Mid-trophic species,2.71096839979424,mean_tl
SSP1-2.6,4,Mid-trophic species,2.70351114300411,mean_tl
SSP1-2.6,5,Mid-trophic species,2.70659963497942,mean_tl
SSP1-2.6,6,Mid-trophic species,2.70632921995885,mean_tl
SSP1-2.6,7,Mid-trophic species,2.70649401707819,mean_tl
SSP1-2.6,8,Mid-trophic species,2.70958913333333,mean_tl
SSP1-2.6,9,Mid-trophic species,2.70961367139918,mean_tl
SSP1-2.6,10,Mid-trophic species,2.70920159382716,mean_tl
SSP1-2.6,11,Mid-trophic species,2.71048887345679,mean_tl
SSP1-2.6,12,Mid-trophic species,2.70497458559671,mean_tl
SSP1-2.6,13,Mid-trophic species,2.70544794588477,mean_tl
SSP1-2.6,14,Mid-trophic species,2.70793500061728,mean_tl
SSP1-2.6,15,Mid-trophic species,2.70711347901235,mean_tl
SSP1-2.6,16,Mid-trophic species,2.70887766358025,mean_tl
SSP1-2.6,17,Mid-trophic species,2.70972800781893,mean_tl
SSP1-2.6,18,Mid-trophic species,2.70713736563786,mean_tl
SSP1-2.6,19,Mid-trophic species,2.71136421851852,mean_tl
SSP1-2.6,20,Mid-trophic species,2.70917582016461,mean_tl
SSP1-2.6,21,Mid-trophic species,2.70973446872428,mean_tl
SSP1-2.6,22,Mid-trophic species,2.7080270526749,mean_tl
SSP1-2.6,23,Mid-trophic species,2.70789894567901,mean_tl
SSP1-2.6,24,Mid-trophic species,2.70408846502058,mean_tl
SSP1-2.6,25,Mid-trophic species,2.70761278539095,mean_tl
SSP1-2.6,26,Mid-trophic species,2.71419699382716,mean_tl
SSP1-2.6,27,Mid-trophic species,2.70799221131687,mean_tl
SSP1-2.6,28,Mid-trophic species,2.70803876111111,mean_tl
SSP1-2.6,29,Mid-trophic species,2.70664688024692,mean_tl
SSP1-2.6,30,Mid-trophic species,2.71077642139918,mean_tl
SSP1-2.6,31,Mid-trophic species,2.70682881316872,mean_tl
SSP1-2.6,32,Mid-trophic species,2.70803788251029,mean_tl
SSP1-2.6,33,Mid-trophic species,2.71013839053498,mean_tl
SSP1-2.6,34,Mid-trophic species,2.70802800761317,mean_tl
SSP1-2.6,35,Mid-trophic species,2.70732016872428,mean_tl
SSP1-2.6,36,Mid-trophic species,2.71026888744856,mean_tl
SSP1-2.6,37,Mid-trophic species,2.70904434753087,mean_tl
SSP1-2.6,38,Mid-trophic species,2.70480515493827,mean_tl
SSP1-2.6,39,Mid-trophic species,2.70781176255144,mean_tl
SSP1-2.6,40,Mid-trophic species,2.70361312160494,mean_tl
SSP1-2.6,41,Mid-trophic species,2.70844535452675,mean_tl
SSP1-2.6,42,Mid-trophic species,2.70711311337449,mean_tl
SSP1-2.6,43,Mid-trophic species,2.70362718539095,mean_tl
SSP1-2.6,44,Mid-trophic species,2.70751359300412,mean_tl
SSP1-2.6,45,Mid-trophic species,2.70780228209877,mean_tl
SSP1-2.6,46,Mid-trophic species,2.7044234462963,mean_tl
SSP1-2.6,47,Mid-trophic species,2.70685907160494,mean_tl
SSP1-2.6,48,Mid-trophic species,2.71061875946502,mean_tl
SSP1-2.6,49,Mid-trophic species,2.70916406707819,mean_tl
SSP1-2.6,50,Mid-trophic species,2.71072034032922,mean_tl
SSP1-2.6,51,Mid-trophic species,2.70567601296297,mean_tl
SSP1-2.6,52,Mid-trophic species,2.70490430699589,mean_tl
SSP1-2.6,53,Mid-trophic species,2.71090768168724,mean_tl
SSP1-2.6,54,Mid-trophic species,2.70603479897119,mean_tl
SSP1-2.6,55,Mid-trophic species,2.70745607057613,mean_tl
SSP1-2.6,56,Mid-trophic species,2.70761734547325,mean_tl
SSP1-2.6,57,Mid-trophic species,2.7026817399177,mean_tl
SSP1-2.6,58,Mid-trophic species,2.70572801008231,mean_tl
SSP1-2.6,59,Mid-trophic species,2.71073608230453,mean_tl
SSP1-2.6,60,Mid-trophic species,2.71104558209877,mean_tl
SSP1-2.6,61,Mid-trophic species,2.70641609547325,mean_tl
SSP1-2.6,62,Mid-trophic species,2.70345381790124,mean_tl
SSP1-2.6,63,Mid-trophic species,2.71115047037037,mean_tl
SSP1-2.6,64,Mid-trophic species,2.7072172537037,mean_tl
SSP1-2.6,65,Mid-trophic species,2.7031655563786,mean_tl
SSP1-2.6,66,Mid-trophic species,2.70746146748971,mean_tl
SSP1-2.6,67,Mid-trophic species,2.70745084588477,mean_tl
SSP1-2.6,68,Mid-trophic species,2.70755664609054,mean_tl
SSP1-2.6,69,Mid-trophic species,2.70853418786008,mean_tl
SSP1-2.6,70,Mid-trophic species,2.71317772633745,mean_tl
SSP1-2.6,71,Mid-trophic species,2.7113060026749,mean_tl
SSP1-2.6,72,Mid-trophic species,2.70716143436214,mean_tl
SSP1-2.6,73,Mid-trophic species,2.70569055493827,mean_tl
SSP1-2.6,74,Mid-trophic species,2.70640521810699,mean_tl
SSP1-2.6,75,Mid-trophic species,2.70492600185185,mean_tl
SSP1-2.6,76,Mid-trophic species,2.70918784814815,mean_tl
SSP1-2.6,77,Mid-trophic species,2.70742518374486,mean_tl
SSP1-2.6,78,Mid-trophic species,2.70768660658436,mean_tl
SSP1-2.6,79,Mid-trophic species,2.70910598518519,mean_tl
SSP1-2.6,80,Mid-trophic species,2.70937684547325,mean_tl
SSP1-2.6,81,Mid-trophic species,2.70628193683128,mean_tl
SSP1-2.6,82,Mid-trophic species,2.70552144917696,mean_tl
SSP1-2.6,83,Mid-trophic species,2.70889773271605,mean_tl
SSP1-2.6,84,Mid-trophic species,2.71145318621399,mean_tl
SSP1-2.6,85,Mid-trophic species,2.71153456234568,mean_tl
SSP1-2.6,86,Mid-trophic species,2.7118675117284,mean_tl
SSP1-2.6,87,Mid-trophic species,2.70893823744856,mean_tl
SSP1-2.6,88,Mid-trophic species,2.70895866502058,mean_tl
SSP1-2.6,89,Mid-trophic species,2.70749826522634,mean_tl
SSP1-2.6,90,Mid-trophic species,2.70369839897119,mean_tl
SSP1-2.6,91,Mid-trophic species,2.7035660654321,mean_tl
SSP1-2.6,92,Mid-trophic species,2.71434296975309,mean_tl
SSP1-2.6,93,Mid-trophic species,2.70886113683128,mean_tl
SSP1-2.6,94,Mid-trophic species,2.7065026781893,mean_tl
SSP1-2.6,95,Mid-trophic species,2.70929247160494,mean_tl
SSP1-2.6,96,Mid-trophic species,2.70890880493827,mean_tl
SSP1-2.6,97,Mid-trophic species,2.71111778148148,mean_tl
SSP1-2.6,98,Mid-trophic species,2.70671145061729,mean_tl
SSP1-2.6,99,Mid-trophic species,2.70913169506173,mean_tl
SSP1-2.6,100,Mid-trophic species,2.7081561563786,mean_tl
SSP5-8.5,1,Prey,2.32377466790123,mean_tl
SSP5-8.5,2,Prey,2.32439278271605,mean_tl
SSP5-8.5,3,Prey,2.32077992469136,mean_tl
SSP5-8.5,4,Prey,2.32408721728395,mean_tl
SSP5-8.5,5,Prey,2.32849151851852,mean_tl
SSP5-8.5,6,Prey,2.32740610123457,mean_tl
SSP5-8.5,7,Prey,2.32390321604938,mean_tl
SSP5-8.5,8,Prey,2.31997499753086,mean_tl
SSP5-8.5,9,Prey,2.32652374444444,mean_tl
SSP5-8.5,10,Prey,2.32376227901235,mean_tl
SSP5-8.5,11,Prey,2.32829155555556,mean_tl
SSP5-8.5,12,Prey,2.32591857037037,mean_tl
SSP5-8.5,13,Prey,2.32476173827161,mean_tl
SSP5-8.5,14,Prey,2.32452641234568,mean_tl
SSP5-8.5,15,Prey,2.32381768395062,mean_tl
SSP5-8.5,16,Prey,2.32206944320988,mean_tl
SSP5-8.5,17,Prey,2.32293754320988,mean_tl
SSP5-8.5,18,Prey,2.32188195555556,mean_tl
SSP5-8.5,19,Prey,2.32639456666667,mean_tl
SSP5-8.5,20,Prey,2.32663924567901,mean_tl
SSP5-8.5,21,Prey,2.32392088395062,mean_tl
SSP5-8.5,22,Prey,2.32472601111111,mean_tl
SSP5-8.5,23,Prey,2.32127200987654,mean_tl
SSP5-8.5,24,Prey,2.32616178148148,mean_tl
SSP5-8.5,25,Prey,2.32292452222222,mean_tl
SSP5-8.5,26,Prey,2.32501108271605,mean_tl
SSP5-8.5,27,Prey,2.32593140246914,mean_tl
SSP5-8.5,28,Prey,2.32864087407407,mean_tl
SSP5-8.5,29,Prey,2.32663622839506,mean_tl
SSP5-8.5,30,Prey,2.32868693703704,mean_tl
SSP5-8.5,31,Prey,2.32753415679012,mean_tl
SSP5-8.5,32,Prey,2.32523036666667,mean_tl
SSP5-8.5,33,Prey,2.32741122098765,mean_tl
SSP5-8.5,34,Prey,2.32592406419753,mean_tl
SSP5-8.5,35,Prey,2.32091565061728,mean_tl
SSP5-8.5,36,Prey,2.32341237530864,mean_tl
SSP5-8.5,37,Prey,2.32445497283951,mean_tl
SSP5-8.5,38,Prey,2.32428450617284,mean_tl
SSP5-8.5,39,Prey,2.32112822469136,mean_tl
SSP5-8.5,40,Prey,2.32027737777778,mean_tl
SSP5-8.5,41,Prey,2.32209556790123,mean_tl
SSP5-8.5,42,Prey,2.32651553333333,mean_tl
SSP5-8.5,43,Prey,2.32348843827161,mean_tl
SSP5-8.5,44,Prey,2.32851143827161,mean_tl
SSP5-8.5,45,Prey,2.3239869,mean_tl
SSP5-8.5,46,Prey,2.32562530617284,mean_tl
SSP5-8.5,47,Prey,2.32870818888889,mean_tl
SSP5-8.5,48,Prey,2.32305858395062,mean_tl
SSP5-8.5,49,Prey,2.32837424567901,mean_tl
SSP5-8.5,50,Prey,2.32257095308642,mean_tl
SSP5-8.5,51,Prey,2.32874803827161,mean_tl
SSP5-8.5,52,Prey,2.32506301234568,mean_tl
SSP5-8.5,53,Prey,2.32677354197531,mean_tl
SSP5-8.5,54,Prey,2.32271888641975,mean_tl
SSP5-8.5,55,Prey,2.3239922654321,mean_tl
SSP5-8.5,56,Prey,2.3264841654321,mean_tl
SSP5-8.5,57,Prey,2.32577234444444,mean_tl
SSP5-8.5,58,Prey,2.32497093580247,mean_tl
SSP5-8.5,59,Prey,2.32557021234568,mean_tl
SSP5-8.5,60,Prey,2.32350504814815,mean_tl
SSP5-8.5,61,Prey,2.32048687037037,mean_tl
SSP5-8.5,62,Prey,2.32599231604938,mean_tl
SSP5-8.5,63,Prey,2.32846083333333,mean_tl
SSP5-8.5,64,Prey,2.32244192222222,mean_tl
SSP5-8.5,65,Prey,2.32603675061728,mean_tl
SSP5-8.5,66,Prey,2.32259575185185,mean_tl
SSP5-8.5,67,Prey,2.32949589753086,mean_tl
SSP5-8.5,68,Prey,2.32571336666667,mean_tl
SSP5-8.5,69,Prey,2.32630497530864,mean_tl
SSP5-8.5,70,Prey,2.32659687901235,mean_tl
SSP5-8.5,71,Prey,2.32608376419753,mean_tl
SSP5-8.5,72,Prey,2.32668483827161,mean_tl
SSP5-8.5,73,Prey,2.32866640123457,mean_tl
SSP5-8.5,74,Prey,2.32406312098765,mean_tl
SSP5-8.5,75,Prey,2.322783,mean_tl
SSP5-8.5,76,Prey,2.32452747654321,mean_tl
SSP5-8.5,77,Prey,2.32525560493827,mean_tl
SSP5-8.5,78,Prey,2.32756880864198,mean_tl
SSP5-8.5,79,Prey,2.32781856790123,mean_tl
SSP5-8.5,80,Prey,2.32283399876543,mean_tl
SSP5-8.5,81,Prey,2.32640463209877,mean_tl
SSP5-8.5,82,Prey,2.32643940617284,mean_tl
SSP5-8.5,83,Prey,2.32471854691358,mean_tl
SSP5-8.5,84,Prey,2.32177727407407,mean_tl
SSP5-8.5,85,Prey,2.32500652716049,mean_tl
SSP5-8.5,86,Prey,2.32371682098765,mean_tl
SSP5-8.5,87,Prey,2.32489403950617,mean_tl
SSP5-8.5,88,Prey,2.32717622592593,mean_tl
SSP5-8.5,89,Prey,2.3265940962963,mean_tl
SSP5-8.5,90,Prey,2.32328418888889,mean_tl
SSP5-8.5,91,Prey,2.32443732469136,mean_tl
SSP5-8.5,92,Prey,2.3240293617284,mean_tl
SSP5-8.5,93,Prey,2.32473714444444,mean_tl
SSP5-8.5,94,Prey,2.32314411358025,mean_tl
SSP5-8.5,95,Prey,2.32828288024691,mean_tl
SSP5-8.5,96,Prey,2.31976362716049,mean_tl
SSP5-8.5,97,Prey,2.32382054444444,mean_tl
SSP5-8.5,98,Prey,2.32543224444444,mean_tl
SSP5-8.5,99,Prey,2.33102181604938,mean_tl
SSP5-8.5,100,Prey,2.32892576790123,mean_tl
SSP5-8.5,1,Predator,2.99056206358025,mean_tl
SSP5-8.5,2,Predator,2.99433485092593,mean_tl
SSP5-8.5,3,Predator,2.99731422098766,mean_tl
SSP5-8.5,4,Predator,2.99538811820988,mean_tl
SSP5-8.5,5,Predator,2.99514407160494,mean_tl
SSP5-8.5,6,Predator,2.99763308858025,mean_tl
SSP5-8.5,7,Predator,2.99421658209877,mean_tl
SSP5-8.5,8,Predator,2.99656404907408,mean_tl
SSP5-8.5,9,Predator,2.99474019074074,mean_tl
SSP5-8.5,10,Predator,2.99614105679012,mean_tl
SSP5-8.5,11,Predator,2.99982609475309,mean_tl
SSP5-8.5,12,Predator,2.99357722839506,mean_tl
SSP5-8.5,13,Predator,2.99184758611111,mean_tl
SSP5-8.5,14,Predator,2.99715254537037,mean_tl
SSP5-8.5,15,Predator,2.99431669290124,mean_tl
SSP5-8.5,16,Predator,2.99453241234568,mean_tl
SSP5-8.5,17,Predator,2.99567507438272,mean_tl
SSP5-8.5,18,Predator,2.99575524351852,mean_tl
SSP5-8.5,19,Predator,2.99651583827161,mean_tl
SSP5-8.5,20,Predator,2.99518560524691,mean_tl
SSP5-8.5,21,Predator,2.99769868703704,mean_tl
SSP5-8.5,22,Predator,2.99330751790123,mean_tl
SSP5-8.5,23,Predator,2.99768082160494,mean_tl
SSP5-8.5,24,Predator,2.99148119845679,mean_tl
SSP5-8.5,25,Predator,2.99726063919753,mean_tl
SSP5-8.5,26,Predator,2.9955637,mean_tl
SSP5-8.5,27,Predator,2.99775236018519,mean_tl
SSP5-8.5,28,Predator,2.99356849722222,mean_tl
SSP5-8.5,29,Predator,2.99862595555556,mean_tl
SSP5-8.5,30,Predator,2.99760166728395,mean_tl
SSP5-8.5,31,Predator,2.99308034567901,mean_tl
SSP5-8.5,32,Predator,2.99904810308642,mean_tl
SSP5-8.5,33,Predator,2.9909649867284,mean_tl
SSP5-8.5,34,Predator,2.99361418549383,mean_tl
SSP5-8.5,35,Predator,2.99227109259259,mean_tl
SSP5-8.5,36,Predator,2.99281989012346,mean_tl
SSP5-8.5,37,Predator,2.99684988302469,mean_tl
SSP5-8.5,38,Predator,2.99457471759259,mean_tl
SSP5-8.5,39,Predator,2.99443446296296,mean_tl
SSP5-8.5,40,Predator,2.99491696697531,mean_tl
SSP5-8.5,41,Predator,2.9925987771605,mean_tl
SSP5-8.5,42,Predator,2.99710540833333,mean_tl
SSP5-8.5,43,Predator,2.99713022407408,mean_tl
SSP5-8.5,44,Predator,2.99617188641976,mean_tl
SSP5-8.5,45,Predator,2.99694384382716,mean_tl
SSP5-8.5,46,Predator,2.99419216018518,mean_tl
SSP5-8.5,47,Predator,2.99528526512345,mean_tl
SSP5-8.5,48,Predator,2.99493233981482,mean_tl
SSP5-8.5,49,Predator,2.99682137777778,mean_tl
SSP5-8.5,50,Predator,2.99574515154321,mean_tl
SSP5-8.5,51,Predator,2.99697864598766,mean_tl
SSP5-8.5,52,Predator,2.99302182746914,mean_tl
SSP5-8.5,53,Predator,2.99812975925926,mean_tl
SSP5-8.5,54,Predator,2.99273192098766,mean_tl
SSP5-8.5,55,Predator,2.99354309845679,mean_tl
SSP5-8.5,56,Predator,2.99374127129629,mean_tl
SSP5-8.5,57,Predator,2.99405354783951,mean_tl
SSP5-8.5,58,Predator,2.99267430987655,mean_tl
SSP5-8.5,59,Predator,2.99707810524691,mean_tl
SSP5-8.5,60,Predator,2.99497290246914,mean_tl
SSP5-8.5,61,Predator,2.9955921537037,mean_tl
SSP5-8.5,62,Predator,2.99436608888889,mean_tl
SSP5-8.5,63,Predator,2.99617718302469,mean_tl
SSP5-8.5,64,Predator,2.99753394598766,mean_tl
SSP5-8.5,65,Predator,2.99605413487654,mean_tl
SSP5-8.5,66,Predator,2.99503047376543,mean_tl
SSP5-8.5,67,Predator,2.99344300833333,mean_tl
SSP5-8.5,68,Predator,2.99452506080247,mean_tl
SSP5-8.5,69,Predator,2.99624928271605,mean_tl
SSP5-8.5,70,Predator,2.99571329444445,mean_tl
SSP5-8.5,71,Predator,2.99336923703704,mean_tl
SSP5-8.5,72,Predator,2.99640044135803,mean_tl
SSP5-8.5,73,Predator,2.99366320123457,mean_tl
SSP5-8.5,74,Predator,2.99655487314815,mean_tl
SSP5-8.5,75,Predator,2.99423108487655,mean_tl
SSP5-8.5,76,Predator,2.99185108364197,mean_tl
SSP5-8.5,77,Predator,2.99630338549383,mean_tl
SSP5-8.5,78,Predator,2.9952395117284,mean_tl
SSP5-8.5,79,Predator,2.99489683858025,mean_tl
SSP5-8.5,80,Predator,2.99379897469136,mean_tl
SSP5-8.5,81,Predator,2.99612979506173,mean_tl
SSP5-8.5,82,Predator,2.99507378919753,mean_tl
SSP5-8.5,83,Predator,2.99599907191358,mean_tl
SSP5-8.5,84,Predator,2.99300777376543,mean_tl
SSP5-8.5,85,Predator,2.99451711820988,mean_tl
SSP5-8.5,86,Predator,2.99357745,mean_tl
SSP5-8.5,87,Predator,2.99541703148148,mean_tl
SSP5-8.5,88,Predator,2.99649196358025,mean_tl
SSP5-8.5,89,Predator,2.99118499135802,mean_tl
SSP5-8.5,90,Predator,2.99186315432099,mean_tl
SSP5-8.5,91,Predator,2.99520421697531,mean_tl
SSP5-8.5,92,Predator,2.99291564845679,mean_tl
SSP5-8.5,93,Predator,2.99456385802469,mean_tl
SSP5-8.5,94,Predator,2.99991536790124,mean_tl
SSP5-8.5,95,Predator,2.99683490185185,mean_tl
SSP5-8.5,96,Predator,2.99429195524691,mean_tl
SSP5-8.5,97,Predator,2.99308609660494,mean_tl
SSP5-8.5,98,Predator,2.99456840339506,mean_tl
SSP5-8.5,99,Predator,2.99711805864198,mean_tl
SSP5-8.5,100,Predator,2.99398229074074,mean_tl
SSP5-8.5,1,Invertebrate,2.28314291728395,mean_tl
SSP5-8.5,2,Invertebrate,2.28880651810699,mean_tl
SSP5-8.5,3,Invertebrate,2.2861995382716,mean_tl
SSP5-8.5,4,Invertebrate,2.28320500411523,mean_tl
SSP5-8.5,5,Invertebrate,2.28339379300411,mean_tl
SSP5-8.5,6,Invertebrate,2.28648944855967,mean_tl
SSP5-8.5,7,Invertebrate,2.28584122921811,mean_tl
SSP5-8.5,8,Invertebrate,2.28535424444444,mean_tl
SSP5-8.5,9,Invertebrate,2.28240092592593,mean_tl
SSP5-8.5,10,Invertebrate,2.2863319345679,mean_tl
SSP5-8.5,11,Invertebrate,2.28648931563786,mean_tl
SSP5-8.5,12,Invertebrate,2.28552430329218,mean_tl
SSP5-8.5,13,Invertebrate,2.28341805967078,mean_tl
SSP5-8.5,14,Invertebrate,2.2860537946502,mean_tl
SSP5-8.5,15,Invertebrate,2.28542546666667,mean_tl
SSP5-8.5,16,Invertebrate,2.28424679794239,mean_tl
SSP5-8.5,17,Invertebrate,2.28392508683128,mean_tl
SSP5-8.5,18,Invertebrate,2.28574667942387,mean_tl
SSP5-8.5,19,Invertebrate,2.28356788806584,mean_tl
SSP5-8.5,20,Invertebrate,2.28478482798354,mean_tl
SSP5-8.5,21,Invertebrate,2.28577921481482,mean_tl
SSP5-8.5,22,Invertebrate,2.28542018436214,mean_tl
SSP5-8.5,23,Invertebrate,2.27969736913581,mean_tl
SSP5-8.5,24,Invertebrate,2.28453576790124,mean_tl
SSP5-8.5,25,Invertebrate,2.28286719670782,mean_tl
SSP5-8.5,26,Invertebrate,2.28760520946502,mean_tl
SSP5-8.5,27,Invertebrate,2.28418999053498,mean_tl
SSP5-8.5,28,Invertebrate,2.28560040041152,mean_tl
SSP5-8.5,29,Invertebrate,2.28692410740741,mean_tl
SSP5-8.5,30,Invertebrate,2.28462679423868,mean_tl
SSP5-8.5,31,Invertebrate,2.28421421152263,mean_tl
SSP5-8.5,32,Invertebrate,2.28405498148148,mean_tl
SSP5-8.5,33,Invertebrate,2.28360792427984,mean_tl
SSP5-8.5,34,Invertebrate,2.28405221234568,mean_tl
SSP5-8.5,35,Invertebrate,2.28649145720165,mean_tl
SSP5-8.5,36,Invertebrate,2.28737909506173,mean_tl
SSP5-8.5,37,Invertebrate,2.28338518765432,mean_tl
SSP5-8.5,38,Invertebrate,2.28069693045267,mean_tl
SSP5-8.5,39,Invertebrate,2.28377657901235,mean_tl
SSP5-8.5,40,Invertebrate,2.28815090452675,mean_tl
SSP5-8.5,41,Invertebrate,2.28476735144033,mean_tl
SSP5-8.5,42,Invertebrate,2.28458155226338,mean_tl
SSP5-8.5,43,Invertebrate,2.28328924279835,mean_tl
SSP5-8.5,44,Invertebrate,2.28595131193415,mean_tl
SSP5-8.5,45,Invertebrate,2.28713839382716,mean_tl
SSP5-8.5,46,Invertebrate,2.28290491975309,mean_tl
SSP5-8.5,47,Invertebrate,2.28129744650206,mean_tl
SSP5-8.5,48,Invertebrate,2.28315369135802,mean_tl
SSP5-8.5,49,Invertebrate,2.28369720699588,mean_tl
SSP5-8.5,50,Invertebrate,2.28751841934156,mean_tl
SSP5-8.5,51,Invertebrate,2.28339036872428,mean_tl
SSP5-8.5,52,Invertebrate,2.28262575185185,mean_tl
SSP5-8.5,53,Invertebrate,2.28436182304527,mean_tl
SSP5-8.5,54,Invertebrate,2.28476337366255,mean_tl
SSP5-8.5,55,Invertebrate,2.28191629506173,mean_tl
SSP5-8.5,56,Invertebrate,2.28467935514403,mean_tl
SSP5-8.5,57,Invertebrate,2.28103898683128,mean_tl
SSP5-8.5,58,Invertebrate,2.28461679300411,mean_tl
SSP5-8.5,59,Invertebrate,2.28520862674897,mean_tl
SSP5-8.5,60,Invertebrate,2.28574759506173,mean_tl
SSP5-8.5,61,Invertebrate,2.28328466831276,mean_tl
SSP5-8.5,62,Invertebrate,2.28523157242798,mean_tl
SSP5-8.5,63,Invertebrate,2.28758175802469,mean_tl
SSP5-8.5,64,Invertebrate,2.28443849094651,mean_tl
SSP5-8.5,65,Invertebrate,2.28508851563786,mean_tl
SSP5-8.5,66,Invertebrate,2.286226381893,mean_tl
SSP5-8.5,67,Invertebrate,2.28409635226338,mean_tl
SSP5-8.5,68,Invertebrate,2.2848403909465,mean_tl
SSP5-8.5,69,Invertebrate,2.2852198617284,mean_tl
SSP5-8.5,70,Invertebrate,2.28368288312757,mean_tl
SSP5-8.5,71,Invertebrate,2.28486799423868,mean_tl
SSP5-8.5,72,Invertebrate,2.28172968312757,mean_tl
SSP5-8.5,73,Invertebrate,2.28874418065844,mean_tl
SSP5-8.5,74,Invertebrate,2.28207274444444,mean_tl
SSP5-8.5,75,Invertebrate,2.28266619917695,mean_tl
SSP5-8.5,76,Invertebrate,2.28538804485596,mean_tl
SSP5-8.5,77,Invertebrate,2.28579097407408,mean_tl
SSP5-8.5,78,Invertebrate,2.28253613539095,mean_tl
SSP5-8.5,79,Invertebrate,2.28971344691358,mean_tl
SSP5-8.5,80,Invertebrate,2.28295674238683,mean_tl
SSP5-8.5,81,Invertebrate,2.28350422510288,mean_tl
SSP5-8.5,82,Invertebrate,2.28600657201646,mean_tl
SSP5-8.5,83,Invertebrate,2.28623293662552,mean_tl
SSP5-8.5,84,Invertebrate,2.28337581934157,mean_tl
SSP5-8.5,85,Invertebrate,2.28415690781893,mean_tl
SSP5-8.5,86,Invertebrate,2.28477664567901,mean_tl
SSP5-8.5,87,Invertebrate,2.28700464814815,mean_tl
SSP5-8.5,88,Invertebrate,2.28496949753087,mean_tl
SSP5-8.5,89,Invertebrate,2.28354452016461,mean_tl
SSP5-8.5,90,Invertebrate,2.28193765925926,mean_tl
SSP5-8.5,91,Invertebrate,2.28483471728395,mean_tl
SSP5-8.5,92,Invertebrate,2.28514789135803,mean_tl
SSP5-8.5,93,Invertebrate,2.28390488148148,mean_tl
SSP5-8.5,94,Invertebrate,2.28696575802469,mean_tl
SSP5-8.5,95,Invertebrate,2.28240528559671,mean_tl
SSP5-8.5,96,Invertebrate,2.28540047736626,mean_tl
SSP5-8.5,97,Invertebrate,2.28709949053498,mean_tl
SSP5-8.5,98,Invertebrate,2.28262560493827,mean_tl
SSP5-8.5,99,Invertebrate,2.28425666502058,mean_tl
SSP5-8.5,100,Invertebrate,2.28495257942387,mean_tl
SSP5-8.5,1,Mid-trophic species,2.71050467798354,mean_tl
SSP5-8.5,2,Mid-trophic species,2.71075708580247,mean_tl
SSP5-8.5,3,Mid-trophic species,2.71427757427984,mean_tl
SSP5-8.5,4,Mid-trophic species,2.71030621954732,mean_tl
SSP5-8.5,5,Mid-trophic species,2.7127786345679,mean_tl
SSP5-8.5,6,Mid-trophic species,2.71492964423868,mean_tl
SSP5-8.5,7,Mid-trophic species,2.71314999382716,mean_tl
SSP5-8.5,8,Mid-trophic species,2.71143372674897,mean_tl
SSP5-8.5,9,Mid-trophic species,2.70748523168724,mean_tl
SSP5-8.5,10,Mid-trophic species,2.70755886728395,mean_tl
SSP5-8.5,11,Mid-trophic species,2.70857836152264,mean_tl
SSP5-8.5,12,Mid-trophic species,2.71054942469136,mean_tl
SSP5-8.5,13,Mid-trophic species,2.71091085843621,mean_tl
SSP5-8.5,14,Mid-trophic species,2.71368238004115,mean_tl
SSP5-8.5,15,Mid-trophic species,2.70991524670782,mean_tl
SSP5-8.5,16,Mid-trophic species,2.70876199711934,mean_tl
SSP5-8.5,17,Mid-trophic species,2.71303308127572,mean_tl
SSP5-8.5,18,Mid-trophic species,2.70751587695474,mean_tl
SSP5-8.5,19,Mid-trophic species,2.71024880473251,mean_tl
SSP5-8.5,20,Mid-trophic species,2.71141966563786,mean_tl
SSP5-8.5,21,Mid-trophic species,2.70958658806584,mean_tl
SSP5-8.5,22,Mid-trophic species,2.70862500781893,mean_tl
SSP5-8.5,23,Mid-trophic species,2.70889304238683,mean_tl
SSP5-8.5,24,Mid-trophic species,2.71122650946502,mean_tl
SSP5-8.5,25,Mid-trophic species,2.71344448106996,mean_tl
SSP5-8.5,26,Mid-trophic species,2.71596029218107,mean_tl
SSP5-8.5,27,Mid-trophic species,2.71128961666667,mean_tl
SSP5-8.5,28,Mid-trophic species,2.71266401563786,mean_tl
SSP5-8.5,29,Mid-trophic species,2.71062037098765,mean_tl
SSP5-8.5,30,Mid-trophic species,2.71036491975309,mean_tl
SSP5-8.5,31,Mid-trophic species,2.71076605308642,mean_tl
SSP5-8.5,32,Mid-trophic species,2.70642310864198,mean_tl
SSP5-8.5,33,Mid-trophic species,2.7101884691358,mean_tl
SSP5-8.5,34,Mid-trophic species,2.7104264218107,mean_tl
SSP5-8.5,35,Mid-trophic species,2.70972054279836,mean_tl
SSP5-8.5,36,Mid-trophic species,2.70859635,mean_tl
SSP5-8.5,37,Mid-trophic species,2.71217825884774,mean_tl
SSP5-8.5,38,Mid-trophic species,2.71077509465021,mean_tl
SSP5-8.5,39,Mid-trophic species,2.71464485349794,mean_tl
SSP5-8.5,40,Mid-trophic species,2.70850146563786,mean_tl
SSP5-8.5,41,Mid-trophic species,2.7087551191358,mean_tl
SSP5-8.5,42,Mid-trophic species,2.71036105432099,mean_tl
SSP5-8.5,43,Mid-trophic species,2.70907955185185,mean_tl
SSP5-8.5,44,Mid-trophic species,2.7127997335391,mean_tl
SSP5-8.5,45,Mid-trophic species,2.71152777654321,mean_tl
SSP5-8.5,46,Mid-trophic species,2.70870948477366,mean_tl
SSP5-8.5,47,Mid-trophic species,2.71001481954733,mean_tl
SSP5-8.5,48,Mid-trophic species,2.71359847880658,mean_tl
SSP5-8.5,49,Mid-trophic species,2.7110736973251,mean_tl
SSP5-8.5,50,Mid-trophic species,2.71122759506173,mean_tl
SSP5-8.5,51,Mid-trophic species,2.71058973333333,mean_tl
SSP5-8.5,52,Mid-trophic species,2.70933427304527,mean_tl
SSP5-8.5,53,Mid-trophic species,2.71098524279835,mean_tl
SSP5-8.5,54,Mid-trophic species,2.70546584238683,mean_tl
SSP5-8.5,55,Mid-trophic species,2.71094873497943,mean_tl
SSP5-8.5,56,Mid-trophic species,2.70610051584362,mean_tl
SSP5-8.5,57,Mid-trophic species,2.71081526378601,mean_tl
SSP5-8.5,58,Mid-trophic species,2.71502831872428,mean_tl
SSP5-8.5,59,Mid-trophic species,2.7112500627572,mean_tl
SSP5-8.5,60,Mid-trophic species,2.70949940514403,mean_tl
SSP5-8.5,61,Mid-trophic species,2.7082888244856,mean_tl
SSP5-8.5,62,Mid-trophic species,2.71137289382716,mean_tl
SSP5-8.5,63,Mid-trophic species,2.70917315843621,mean_tl
SSP5-8.5,64,Mid-trophic species,2.71234764135803,mean_tl
SSP5-8.5,65,Mid-trophic species,2.71497618497943,mean_tl
SSP5-8.5,66,Mid-trophic species,2.71155491522634,mean_tl
SSP5-8.5,67,Mid-trophic species,2.71098023333333,mean_tl
SSP5-8.5,68,Mid-trophic species,2.71280158106996,mean_tl
SSP5-8.5,69,Mid-trophic species,2.70956787304527,mean_tl
SSP5-8.5,70,Mid-trophic species,2.70941939156379,mean_tl
SSP5-8.5,71,Mid-trophic species,2.70969848395062,mean_tl
SSP5-8.5,72,Mid-trophic species,2.71138287736626,mean_tl
SSP5-8.5,73,Mid-trophic species,2.71022066769547,mean_tl
SSP5-8.5,74,Mid-trophic species,2.70926216049383,mean_tl
SSP5-8.5,75,Mid-trophic species,2.70850163847737,mean_tl
SSP5-8.5,76,Mid-trophic species,2.70928836152263,mean_tl
SSP5-8.5,77,Mid-trophic species,2.71383545740741,mean_tl
SSP5-8.5,78,Mid-trophic species,2.71245986152263,mean_tl
SSP5-8.5,79,Mid-trophic species,2.71802142489712,mean_tl
SSP5-8.5,80,Mid-trophic species,2.70709356831276,mean_tl
SSP5-8.5,81,Mid-trophic species,2.70719325864197,mean_tl
SSP5-8.5,82,Mid-trophic species,2.71154573106996,mean_tl
SSP5-8.5,83,Mid-trophic species,2.71048333312757,mean_tl
SSP5-8.5,84,Mid-trophic species,2.71174379320988,mean_tl
SSP5-8.5,85,Mid-trophic species,2.71021513004115,mean_tl
SSP5-8.5,86,Mid-trophic species,2.71196102736626,mean_tl
SSP5-8.5,87,Mid-trophic species,2.70809707057613,mean_tl
SSP5-8.5,88,Mid-trophic species,2.70920880761317,mean_tl
SSP5-8.5,89,Mid-trophic species,2.71038204814815,mean_tl
SSP5-8.5,90,Mid-trophic species,2.71276501440329,mean_tl
SSP5-8.5,91,Mid-trophic species,2.71049960370371,mean_tl
SSP5-8.5,92,Mid-trophic species,2.71447370123457,mean_tl
SSP5-8.5,93,Mid-trophic species,2.70781356748971,mean_tl
SSP5-8.5,94,Mid-trophic species,2.71023071872428,mean_tl
SSP5-8.5,95,Mid-trophic species,2.71401598106996,mean_tl
SSP5-8.5,96,Mid-trophic species,2.70791635658436,mean_tl
SSP5-8.5,97,Mid-trophic species,2.71165913600823,mean_tl
SSP5-8.5,98,Mid-trophic species,2.71212004074074,mean_tl
SSP5-8.5,99,Mid-trophic species,2.71158766748971,mean_tl
SSP5-8.5,100,Mid-trophic species,2.70619350658436,mean_tl
Base,1,Prey,1050694.053,biomass
Base,2,Prey,998781.577,biomass
Base,3,Prey,969413.693,biomass
Base,4,Prey,1051658.41966667,biomass
Base,5,Prey,955890.595,biomass
Base,6,Prey,1013115.408,biomass
Base,7,Prey,996139.289333333,biomass
Base,8,Prey,909989.566333333,biomass
Base,9,Prey,954328.183,biomass
Base,10,Prey,1011411.699,biomass
Base,11,Prey,1050841.376,biomass
Base,12,Prey,1010516.88766667,biomass
Base,13,Prey,980676.749666667,biomass
Base,14,Prey,1040875.22133333,biomass
Base,15,Prey,1045730.39366667,biomass
Base,16,Prey,950637.453,biomass
Base,17,Prey,999587.484333333,biomass
Base,18,Prey,990830.857333333,biomass
Base,19,Prey,1016449.02666667,biomass
Base,20,Prey,1042183.62766667,biomass
Base,21,Prey,1056477.477,biomass
Base,22,Prey,945395.070333333,biomass
Base,23,Prey,1011769.06733333,biomass
Base,24,Prey,1014416.39433333,biomass
Base,25,Prey,1062452.68966667,biomass
Base,26,Prey,967979.169,biomass
Base,27,Prey,1005619.50833333,biomass
Base,28,Prey,1023521.66733333,biomass
Base,29,Prey,972102.333666667,biomass
Base,30,Prey,965463.504,biomass
Base,31,Prey,1011837.841,biomass
Base,32,Prey,988716.907666667,biomass
Base,33,Prey,1034986.97533333,biomass
Base,34,Prey,1029425.07766667,biomass
Base,35,Prey,1059539.66933333,biomass
Base,36,Prey,986673.851666667,biomass
Base,37,Prey,984024.364666667,biomass
Base,38,Prey,1005216.682,biomass
Base,39,Prey,1049746.06633333,biomass
Base,40,Prey,971584.995666666,biomass
Base,41,Prey,1059351.9,biomass
Base,42,Prey,1014235.07133333,biomass
Base,43,Prey,995627.38,biomass
Base,44,Prey,968004.075666667,biomass
Base,45,Prey,1016514.84433333,biomass
Base,46,Prey,1032645.658,biomass
Base,47,Prey,967949.56,biomass
Base,48,Prey,975791.603333333,biomass
Base,49,Prey,987024.409333334,biomass
Base,50,Prey,1034332.084,biomass
Base,51,Prey,1018354.87866667,biomass
Base,52,Prey,970012.736333334,biomass
Base,53,Prey,951545.585,biomass
Base,54,Prey,970235.780333333,biomass
Base,55,Prey,983397.892,biomass
Base,56,Prey,949525.812333333,biomass
Base,57,Prey,1074911.722,biomass
Base,58,Prey,1028524.365,biomass
Base,59,Prey,1007813.207,biomass
Base,60,Prey,1033658.67366667,biomass
Base,61,Prey,1029161.43566667,biomass
Base,62,Prey,1046566.84033333,biomass
Base,63,Prey,933301.722666667,biomass
Base,64,Prey,1027723.06133333,biomass
Base,65,Prey,977489.604666667,biomass
Base,66,Prey,1034400.097,biomass
Base,67,Prey,978582.678333333,biomass
Base,68,Prey,1043260.073,biomass
Base,69,Prey,1015501.28166667,biomass
Base,70,Prey,1022041.44166667,biomass
Base,71,Prey,1075591.33,biomass
Base,72,Prey,959731.2,biomass
Base,73,Prey,969938.927333333,biomass
Base,74,Prey,1003103.48666667,biomass
Base,75,Prey,1014102.48666667,biomass
Base,76,Prey,961429.443,biomass
Base,77,Prey,929913.520333334,biomass
Base,78,Prey,1039563.28133333,biomass
Base,79,Prey,1023215.99433333,biomass
Base,80,Prey,1010478.13466667,biomass
Base,81,Prey,965328.428333333,biomass
Base,82,Prey,981204.995333333,biomass
Base,83,Prey,956731.849,biomass
Base,84,Prey,1007200.96533333,biomass
Base,85,Prey,985041.967333333,biomass
Base,86,Prey,1048549.16633333,biomass
Base,87,Prey,1003093.92333333,biomass
Base,88,Prey,982753.658,biomass
Base,89,Prey,1031425.72266667,biomass
Base,90,Prey,1045405.993,biomass
Base,91,Prey,1040092.53366667,biomass
Base,92,Prey,965112.615333334,biomass
Base,93,Prey,1007669.94266667,biomass
Base,94,Prey,1019532.00666667,biomass
Base,95,Prey,1011892.959,biomass
Base,96,Prey,908633.791,biomass
Base,97,Prey,1018248.76933333,biomass
Base,98,Prey,1064202.97466667,biomass
Base,99,Prey,1034527.025,biomass
Base,100,Prey,1001879.13566667,biomass
Base,1,Predator,2519795.9787,biomass
Base,2,Predator,2483295.31426667,biomass
Base,3,Predator,2547174.23516667,biomass
Base,4,Predator,2536109.84166667,biomass
Base,5,Predator,2538365.547,biomass
Base,6,Predator,2587120.98323334,biomass
Base,7,Predator,2576750.79396666,biomass
Base,8,Predator,2515715.0345,biomass
Base,9,Predator,2505449.6825,biomass
Base,10,Predator,2531241.80286667,biomass
Base,11,Predator,2515237.8375,biomass
Base,12,Predator,2491456.49223333,biomass
Base,13,Predator,2557541.40623334,biomass
Base,14,Predator,2606000.45706667,biomass
Base,15,Predator,2634498.14073333,biomass
Base,16,Predator,2604487.7266,biomass
Base,17,Predator,2540399.25346667,biomass
Base,18,Predator,2491908.99696667,biomass
Base,19,Predator,2617013.9059,biomass
Base,20,Predator,2465710.9995,biomass
Base,21,Predator,2495428.15873333,biomass
Base,22,Predator,2507837.07253334,biomass
Base,23,Predator,2489492.87203334,biomass
Base,24,Predator,2494152.6962,biomass
Base,25,Predator,2462592.03543333,biomass
Base,26,Predator,2523646.96273333,biomass
Base,27,Predator,2514020.58463333,biomass
Base,28,Predator,2543800.90463334,biomass
Base,29,Predator,2545424.1732,biomass
Base,30,Predator,2487367.10726667,biomass
Base,31,Predator,2488936.26886667,biomass
Base,32,Predator,2624217.10323333,biomass
Base,33,Predator,2591834.29266667,biomass
Base,34,Predator,2548379.408,biomass
Base,35,Predator,2714866.05933333,biomass
Base,36,Predator,2491925.7936,biomass
Base,37,Predator,2541341.62726666,biomass
Base,38,Predator,2587090.6334,biomass
Base,39,Predator,2623182.31193334,biomass
Base,40,Predator,2475941.487,biomass
Base,41,Predator,2462283.54653333,biomass
Base,42,Predator,2436895.47673333,biomass
Base,43,Predator,2488469.1316,biomass
Base,44,Predator,2532939.97603333,biomass
Base,45,Predator,2512699.7074,biomass
Base,46,Predator,2499986.43203333,biomass
Base,47,Predator,2479406.92143334,biomass
Base,48,Predator,2637176.646,biomass
Base,49,Predator,2550589.42093333,biomass
Base,50,Predator,2579478.83996667,biomass
Base,51,Predator,2677040.27696667,biomass
Base,52,Predator,2546354.11943334,biomass
Base,53,Predator,2475571.16293333,biomass
Base,54,Predator,2512496.20653333,biomass
Base,55,Predator,2533827.891,biomass
Base,56,Predator,2597401.03763333,biomass
Base,57,Predator,2560650.83483334,biomass
Base,58,Predator,2607542.84216667,biomass
Base,59,Predator,2538770.5064,biomass
Base,60,Predator,2492306.58553333,biomass
Base,61,Predator,2522212.2221,biomass
Base,62,Predator,2436089.35686666,biomass
Base,63,Predator,2460806.83473333,biomass
Base,64,Predator,2704473.44776666,biomass
Base,65,Predator,2637727.52126667,biomass
Base,66,Predator,2531411.95876667,biomass
Base,67,Predator,2643941.71593333,biomass
Base,68,Predator,2557128.55543333,biomass
Base,69,Predator,2618837.20593334,biomass
Base,70,Predator,2554417.45396666,biomass
Base,71,Predator,2488456.34196666,biomass
Base,72,Predator,2511089.54443333,biomass
Base,73,Predator,2494775.6169,biomass
Base,74,Predator,2539795.24933334,biomass
Base,75,Predator,2620166.41183334,biomass
Base,76,Predator,2563030.96346666,biomass
Base,77,Predator,2518350.94913333,biomass
Base,78,Predator,2611993.65676666,biomass
Base,79,Predator,2573134.59413333,biomass
Base,80,Predator,2557921.798,biomass
Base,81,Predator,2497994.7509,biomass
Base,82,Predator,2561176.67873333,biomass
Base,83,Predator,2486832.92886667,biomass
Base,84,Predator,2466728.62186667,biomass
Base,85,Predator,2574621.65096667,biomass
Base,86,Predator,2648027.3156,biomass
Base,87,Predator,2540706.029,biomass
Base,88,Predator,2467897.1943,biomass
Base,89,Predator,2532945.07836666,biomass
Base,90,Predator,2693735.1315,biomass
Base,91,Predator,2523173.49433333,biomass
Base,92,Predator,2510902.6259,biomass
Base,93,Predator,2624664.58803333,biomass
Base,94,Predator,2390090.4778,biomass
Base,95,Predator,2504320.68246667,biomass
Base,96,Predator,2468557.20646667,biomass
Base,97,Predator,2467143.9131,biomass
Base,98,Predator,2469526.9581,biomass
Base,99,Predator,2594990.65493334,biomass
Base,100,Predator,2606156.15336666,biomass
Base,1,Invertebrate,1526442.38766667,biomass
Base,2,Invertebrate,1547600.48066667,biomass
Base,3,Invertebrate,1589693.49866667,biomass
Base,4,Invertebrate,1542507.85766667,biomass
Base,5,Invertebrate,1590684.97233333,biomass
Base,6,Invertebrate,1582412.801,biomass
Base,7,Invertebrate,1569684.99133333,biomass
Base,8,Invertebrate,1633033.96733333,biomass
Base,9,Invertebrate,1516608.39733333,biomass
Base,10,Invertebrate,1602446.647,biomass
Base,11,Invertebrate,1645059.89566667,biomass
Base,12,Invertebrate,1541285.32413333,biomass
Base,13,Invertebrate,1590257.34433333,biomass
Base,14,Invertebrate,1422507.11966667,biomass
Base,15,Invertebrate,1559656.193,biomass
Base,16,Invertebrate,1589721.791,biomass
Base,17,Invertebrate,1615982.53066667,biomass
Base,18,Invertebrate,1603743.545,biomass
Base,19,Invertebrate,1600666.461,biomass
Base,20,Invertebrate,1580650.58433333,biomass
Base,21,Invertebrate,1562400.96233333,biomass
Base,22,Invertebrate,1616848.72966667,biomass
Base,23,Invertebrate,1544672.693,biomass
Base,24,Invertebrate,1546802.22683333,biomass
Base,25,Invertebrate,1576263.418,biomass
Base,26,Invertebrate,1579766.22966667,biomass
Base,27,Invertebrate,1549167.69833333,biomass
Base,28,Invertebrate,1547819.119,biomass
Base,29,Invertebrate,1583811.024,biomass
Base,30,Invertebrate,1670865.55513333,biomass
Base,31,Invertebrate,1588361.94366667,biomass
Base,32,Invertebrate,1579566.856,biomass
Base,33,Invertebrate,1520404.40466667,biomass
Base,34,Invertebrate,1597844.14433333,biomass
Base,35,Invertebrate,1605975.51233333,biomass
Base,36,Invertebrate,1598705.01033333,biomass
Base,37,Invertebrate,1603507.7692,biomass
Base,38,Invertebrate,1569581.701,biomass
Base,39,Invertebrate,1588509.64433333,biomass
Base,40,Invertebrate,1578898.81233333,biomass
Base,41,Invertebrate,1604417.4675,biomass
Base,42,Invertebrate,1595812.764,biomass
Base,43,Invertebrate,1486349.708,biomass
Base,44,Invertebrate,1523857.6478,biomass
Base,45,Invertebrate,1517818.01866667,biomass
Base,46,Invertebrate,1655269.879,biomass
Base,47,Invertebrate,1494082.97133333,biomass
Base,48,Invertebrate,1552085.058,biomass
Base,49,Invertebrate,1536467.38133333,biomass
Base,50,Invertebrate,1652189.25233333,biomass
Base,51,Invertebrate,1600607.08666667,biomass
Base,52,Invertebrate,1724632.29386667,biomass
Base,53,Invertebrate,1579249.4505,biomass
Base,54,Invertebrate,1624818.39233333,biomass
Base,55,Invertebrate,1691296.75166667,biomass
Base,56,Invertebrate,1577604.74833333,biomass
Base,57,Invertebrate,1561542.36433333,biomass
Base,58,Invertebrate,1577683.46683333,biomass
Base,59,Invertebrate,1575386.49086667,biomass
Base,60,Invertebrate,1538811.713,biomass
Base,61,Invertebrate,1571270.681,biomass
Base,62,Invertebrate,1561278.84433333,biomass
Base,63,Invertebrate,1601227.38333333,biomass
Base,64,Invertebrate,1665151.59233333,biomass
Base,65,Invertebrate,1706550.41533333,biomass
Base,66,Invertebrate,1506207.652,biomass
Base,67,Invertebrate,1607301.72833333,biomass
Base,68,Invertebrate,1554357.557,biomass
Base,69,Invertebrate,1549563.394,biomass
Base,70,Invertebrate,1605423.43533333,biomass
Base,71,Invertebrate,1554483.1822,biomass
Base,72,Invertebrate,1606736.49666667,biomass
Base,73,Invertebrate,1538283.41133333,biomass
Base,74,Invertebrate,1649383.58466667,biomass
Base,75,Invertebrate,1566673.1085,biomass
Base,76,Invertebrate,1598282.02453333,biomass
Base,77,Invertebrate,1623217.70733333,biomass
Base,78,Invertebrate,1520102.60266667,biomass
Base,79,Invertebrate,1597706.70633333,biomass
Base,80,Invertebrate,1554733.90766667,biomass
Base,81,Invertebrate,1664514.14966667,biomass
Base,82,Invertebrate,1534651.42733333,biomass
Base,83,Invertebrate,1634358.64333333,biomass
Base,84,Invertebrate,1603410.32266667,biomass
Base,85,Invertebrate,1594867.316,biomass
Base,86,Invertebrate,1579095.97086667,biomass
Base,87,Invertebrate,1526603.27233333,biomass
Base,88,Invertebrate,1563178.481,biomass
Base,89,Invertebrate,1596691.00833333,biomass
Base,90,Invertebrate,1524855.634,biomass
Base,91,Invertebrate,1471125.42983333,biomass
Base,92,Invertebrate,1513068.76966667,biomass
Base,93,Invertebrate,1522204.63933333,biomass
Base,94,Invertebrate,1616829.60733333,biomass
Base,95,Invertebrate,1604540.043,biomass
Base,96,Invertebrate,1592593.60366667,biomass
Base,97,Invertebrate,1624250.73833333,biomass
Base,98,Invertebrate,1580296.86666667,biomass
Base,99,Invertebrate,1570395.82433333,biomass
Base,100,Invertebrate,1563433.696,biomass
Base,1,Mid-trophic species,2519282.90155,biomass
Base,2,Mid-trophic species,2658235.33805,biomass
Base,3,Mid-trophic species,2528131.14297,biomass
Base,4,Mid-trophic species,2480454.27662334,biomass
Base,5,Mid-trophic species,2514864.89643333,biomass
Base,6,Mid-trophic species,2462668.34956333,biomass
Base,7,Mid-trophic species,2495053.25222334,biomass
Base,8,Mid-trophic species,2413635.14813334,biomass
Base,9,Mid-trophic species,2435086.26676,biomass
Base,10,Mid-trophic species,2467714.75887333,biomass
Base,11,Mid-trophic species,2457461.61707,biomass
Base,12,Mid-trophic species,2508138.52356,biomass
Base,13,Mid-trophic species,2485836.47652667,biomass
Base,14,Mid-trophic species,2495805.64146,biomass
Base,15,Mid-trophic species,2503674.63031333,biomass
Base,16,Mid-trophic species,2482487.70045334,biomass
Base,17,Mid-trophic species,2503543.14983334,biomass
Base,18,Mid-trophic species,2454173.05472333,biomass
Base,19,Mid-trophic species,2432878.76465667,biomass
Base,20,Mid-trophic species,2349292.56629667,biomass
Base,21,Mid-trophic species,2549701.14856333,biomass
Base,22,Mid-trophic species,2555519.29749666,biomass
Base,23,Mid-trophic species,2514543.26267667,biomass
Base,24,Mid-trophic species,2404299.67152667,biomass
Base,25,Mid-trophic species,2603105.04558,biomass
Base,26,Mid-trophic species,2531423.3802,biomass
Base,27,Mid-trophic species,2510930.46427,biomass
Base,28,Mid-trophic species,2461829.82771667,biomass
Base,29,Mid-trophic species,2497983.21189334,biomass
Base,30,Mid-trophic species,2467081.01589,biomass
Base,31,Mid-trophic species,2519680.27935866,biomass
Base,32,Mid-trophic species,2543524.35025,biomass
Base,33,Mid-trophic species,2471007.88301,biomass
Base,34,Mid-trophic species,2543834.91536667,biomass
Base,35,Mid-trophic species,2515413.07541,biomass
Base,36,Mid-trophic species,2545110.29962,biomass
Base,37,Mid-trophic species,2483496.29680667,biomass
Base,38,Mid-trophic species,2453168.08341333,biomass
Base,39,Mid-trophic species,2538985.65473,biomass
Base,40,Mid-trophic species,2470851.79551,biomass
Base,41,Mid-trophic species,2528313.75402,biomass
Base,42,Mid-trophic species,2409329.1941,biomass
Base,43,Mid-trophic species,2523018.73048334,biomass
Base,44,Mid-trophic species,2571727.37658667,biomass
Base,45,Mid-trophic species,2532238.53992666,biomass
Base,46,Mid-trophic species,2516936.1112,biomass
Base,47,Mid-trophic species,2545281.97613,biomass
Base,48,Mid-trophic species,2447092.62501,biomass
Base,49,Mid-trophic species,2537798.15912333,biomass
Base,50,Mid-trophic species,2481727.99505,biomass
Base,51,Mid-trophic species,2549232.15347767,biomass
Base,52,Mid-trophic species,2443244.14863334,biomass
Base,53,Mid-trophic species,2512560.57137333,biomass
Base,54,Mid-trophic species,2497970.85694334,biomass
Base,55,Mid-trophic species,2457208.24572334,biomass
Base,56,Mid-trophic species,2475335.45742,biomass
Base,57,Mid-trophic species,2522935.44984333,biomass
Base,58,Mid-trophic species,2588270.75967333,biomass
Base,59,Mid-trophic species,2514738.07652,biomass
Base,60,Mid-trophic species,2521706.54794666,biomass
Base,61,Mid-trophic species,2572358.118338,biomass
Base,62,Mid-trophic species,2637056.36447,biomass
Base,63,Mid-trophic species,2455533.11391334,biomass
Base,64,Mid-trophic species,2446270.59791667,biomass
Base,65,Mid-trophic species,2387329.27233666,biomass
Base,66,Mid-trophic species,2478281.36811333,biomass
Base,67,Mid-trophic species,2541098.30747334,biomass
Base,68,Mid-trophic species,2483606.58551667,biomass
Base,69,Mid-trophic species,2462596.44619667,biomass
Base,70,Mid-trophic species,2500416.23933,biomass
Base,71,Mid-trophic species,2683561.84989,biomass
Base,72,Mid-trophic species,2460060.06456,biomass
Base,73,Mid-trophic species,2482715.62596667,biomass
Base,74,Mid-trophic species,2486625.31324533,biomass
Base,75,Mid-trophic species,2538564.27240333,biomass
Base,76,Mid-trophic species,2456476.49733667,biomass
Base,77,Mid-trophic species,2554714.58745667,biomass
Base,78,Mid-trophic species,2481319.10996,biomass
Base,79,Mid-trophic species,2475154.31594333,biomass
Base,80,Mid-trophic species,2496058.25344,biomass
Base,81,Mid-trophic species,2512623.65129666,biomass
Base,82,Mid-trophic species,2549010.30327,biomass
Base,83,Mid-trophic species,2489450.21870667,biomass
Base,84,Mid-trophic species,2477212.29551,biomass
Base,85,Mid-trophic species,2513909.44491333,biomass
Base,86,Mid-trophic species,2580051.41707,biomass
Base,87,Mid-trophic species,2570672.14442,biomass
Base,88,Mid-trophic species,2521338.98750333,biomass
Base,89,Mid-trophic species,2545676.86088334,biomass
Base,90,Mid-trophic species,2447164.64678,biomass
Base,91,Mid-trophic species,2571012.98956334,biomass
Base,92,Mid-trophic species,2537068.07235,biomass
Base,93,Mid-trophic species,2633771.32217333,biomass
Base,94,Mid-trophic species,2560955.44692333,biomass
Base,95,Mid-trophic species,2428247.38909,biomass
Base,96,Mid-trophic species,2549767.32870667,biomass
Base,97,Mid-trophic species,2542672.53155,biomass
Base,98,Mid-trophic species,2437918.28152,biomass
Base,99,Mid-trophic species,2574527.90352434,biomass
Base,100,Mid-trophic species,2474177.44898333,biomass
SSP1-2.6,1,Prey,836226.328271605,biomass
SSP1-2.6,2,Prey,811334.764691358,biomass
SSP1-2.6,3,Prey,807228.707283951,biomass
SSP1-2.6,4,Prey,823095.404691358,biomass
SSP1-2.6,5,Prey,818772.185555556,biomass
SSP1-2.6,6,Prey,812238.322839506,biomass
SSP1-2.6,7,Prey,785436.626666667,biomass
SSP1-2.6,8,Prey,803467.049506173,biomass
SSP1-2.6,9,Prey,863607.00308642,biomass
SSP1-2.6,10,Prey,856657.143580247,biomass
SSP1-2.6,11,Prey,805841.161728395,biomass
SSP1-2.6,12,Prey,807753.49617284,biomass
SSP1-2.6,13,Prey,781506.505185185,biomass
SSP1-2.6,14,Prey,815382.099259259,biomass
SSP1-2.6,15,Prey,855602.653209877,biomass
SSP1-2.6,16,Prey,826337.335555556,biomass
SSP1-2.6,17,Prey,838752.952716049,biomass
SSP1-2.6,18,Prey,844698.723333333,biomass
SSP1-2.6,19,Prey,820570.619753086,biomass
SSP1-2.6,20,Prey,792858.453580247,biomass
SSP1-2.6,21,Prey,862475.986419753,biomass
SSP1-2.6,22,Prey,782867.072098765,biomass
SSP1-2.6,23,Prey,830775.784444445,biomass
SSP1-2.6,24,Prey,808241.386049383,biomass
SSP1-2.6,25,Prey,854351.925185185,biomass
SSP1-2.6,26,Prey,842037.918148148,biomass
SSP1-2.6,27,Prey,859503.111234568,biomass
SSP1-2.6,28,Prey,847372.456419753,biomass
SSP1-2.6,29,Prey,803778.039506173,biomass
SSP1-2.6,30,Prey,830263.881851852,biomass
SSP1-2.6,31,Prey,807954.27962963,biomass
SSP1-2.6,32,Prey,822585.982839506,biomass
SSP1-2.6,33,Prey,852643.940493827,biomass
SSP1-2.6,34,Prey,785922.007283951,biomass
SSP1-2.6,35,Prey,829626.852345679,biomass
SSP1-2.6,36,Prey,836122.494320988,biomass
SSP1-2.6,37,Prey,794480.305679013,biomass
SSP1-2.6,38,Prey,819697.428024692,biomass
SSP1-2.6,39,Prey,806681.555555556,biomass
SSP1-2.6,40,Prey,798472.516419753,biomass
SSP1-2.6,41,Prey,815972.682222222,biomass
SSP1-2.6,42,Prey,829382.970617284,biomass
SSP1-2.6,43,Prey,763271.665308642,biomass
SSP1-2.6,44,Prey,815062.777901234,biomass
SSP1-2.6,45,Prey,809509.127160494,biomass
SSP1-2.6,46,Prey,830171.265061728,biomass
SSP1-2.6,47,Prey,819915.029506173,biomass
SSP1-2.6,48,Prey,815755.962469136,biomass
SSP1-2.6,49,Prey,826545.320864198,biomass
SSP1-2.6,50,Prey,831941.034444444,biomass
SSP1-2.6,51,Prey,813648.093703704,biomass
SSP1-2.6,52,Prey,780390.406296296,biomass
SSP1-2.6,53,Prey,844896.749753087,biomass
SSP1-2.6,54,Prey,806995.846296296,biomass
SSP1-2.6,55,Prey,820188.141111111,biomass
SSP1-2.6,56,Prey,802241.297407408,biomass
SSP1-2.6,57,Prey,809816.608395061,biomass
SSP1-2.6,58,Prey,788353.647283951,biomass
SSP1-2.6,59,Prey,801426.629506173,biomass
SSP1-2.6,60,Prey,827000.306666667,biomass
SSP1-2.6,61,Prey,777706.206419753,biomass
SSP1-2.6,62,Prey,789440.589382716,biomass
SSP1-2.6,63,Prey,838578.404691358,biomass
SSP1-2.6,64,Prey,818188.821604939,biomass
SSP1-2.6,65,Prey,798550.714567901,biomass
SSP1-2.6,66,Prey,814043.679876544,biomass
SSP1-2.6,67,Prey,791338.830987654,biomass
SSP1-2.6,68,Prey,824651.484197531,biomass
SSP1-2.6,69,Prey,822633.449012346,biomass
SSP1-2.6,70,Prey,805722.770246914,biomass
SSP1-2.6,71,Prey,823842.629135803,biomass
SSP1-2.6,72,Prey,798989.055061729,biomass
SSP1-2.6,73,Prey,838588.401358025,biomass
SSP1-2.6,74,Prey,836308.369876543,biomass
SSP1-2.6,75,Prey,805799.780987654,biomass
SSP1-2.6,76,Prey,836773.720987655,biomass
SSP1-2.6,77,Prey,848228.538024692,biomass
SSP1-2.6,78,Prey,813189.332345679,biomass
SSP1-2.6,79,Prey,827267.745061728,biomass
SSP1-2.6,80,Prey,772051.257530864,biomass
SSP1-2.6,81,Prey,810924.422345679,biomass
SSP1-2.6,82,Prey,786655.805432099,biomass
SSP1-2.6,83,Prey,804722.224444445,biomass
SSP1-2.6,84,Prey,804324.944444445,biomass
SSP1-2.6,85,Prey,829166.98728395,biomass
SSP1-2.6,86,Prey,807796.799753086,biomass
SSP1-2.6,87,Prey,775835.106296296,biomass
SSP1-2.6,88,Prey,839277.354197531,biomass
SSP1-2.6,89,Prey,786872.040617284,biomass
SSP1-2.6,90,Prey,795522.49308642,biomass
SSP1-2.6,91,Prey,813624.411604938,biomass
SSP1-2.6,92,Prey,813874.577037037,biomass
SSP1-2.6,93,Prey,815916.977407408,biomass
SSP1-2.6,94,Prey,798505.91308642,biomass
SSP1-2.6,95,Prey,793950.717160494,biomass
SSP1-2.6,96,Prey,871243.021481481,biomass
SSP1-2.6,97,Prey,811255.977530865,biomass
SSP1-2.6,98,Prey,813496.515432099,biomass
SSP1-2.6,99,Prey,841184.792592593,biomass
SSP1-2.6,100,Prey,816346.50728395,biomass
SSP1-2.6,1,Predator,2450771.18898765,biomass
SSP1-2.6,2,Predator,2473253.74125926,biomass
SSP1-2.6,3,Predator,2481468.2831358,biomass
SSP1-2.6,4,Predator,2460029.7465679,biomass
SSP1-2.6,5,Predator,2449013.78062963,biomass
SSP1-2.6,6,Predator,2474711.79493827,biomass
SSP1-2.6,7,Predator,2486287.1134321,biomass
SSP1-2.6,8,Predator,2458633.42107407,biomass
SSP1-2.6,9,Predator,2499539.58104938,biomass
SSP1-2.6,10,Predator,2464680.94485185,biomass
SSP1-2.6,11,Predator,2479446.8192963,biomass
SSP1-2.6,12,Predator,2473965.80429629,biomass
SSP1-2.6,13,Predator,2478410.79534568,biomass
SSP1-2.6,14,Predator,2449406.65296296,biomass
SSP1-2.6,15,Predator,2444294.64401235,biomass
SSP1-2.6,16,Predator,2488064.6247284,biomass
SSP1-2.6,17,Predator,2572150.9758395,biomass
SSP1-2.6,18,Predator,2454566.13809876,biomass
SSP1-2.6,19,Predator,2499381.84516049,biomass
SSP1-2.6,20,Predator,2509527.57951852,biomass
SSP1-2.6,21,Predator,2519443.56932099,biomass
SSP1-2.6,22,Predator,2514024.02481482,biomass
SSP1-2.6,23,Predator,2450275.71944445,biomass
SSP1-2.6,24,Predator,2498043.45396297,biomass
SSP1-2.6,25,Predator,2459945.68830864,biomass
SSP1-2.6,26,Predator,2552873.59337037,biomass
SSP1-2.6,27,Predator,2504453.77619753,biomass
SSP1-2.6,28,Predator,2466301.57637037,biomass
SSP1-2.6,29,Predator,2539022.95227161,biomass
SSP1-2.6,30,Predator,2528864.9497284,biomass
SSP1-2.6,31,Predator,2472185.86483951,biomass
SSP1-2.6,32,Predator,2525504.73498766,biomass
SSP1-2.6,33,Predator,2511223.70513581,biomass
SSP1-2.6,34,Predator,2521142.76411111,biomass
SSP1-2.6,35,Predator,2514645.06706173,biomass
SSP1-2.6,36,Predator,2472979.93102469,biomass
SSP1-2.6,37,Predator,2427404.44467901,biomass
SSP1-2.6,38,Predator,2460402.19803703,biomass
SSP1-2.6,39,Predator,2468129.19395062,biomass
SSP1-2.6,40,Predator,2505505.27328395,biomass
SSP1-2.6,41,Predator,2582043.9621605,biomass
SSP1-2.6,42,Predator,2439288.03677778,biomass
SSP1-2.6,43,Predator,2475031.57217284,biomass
SSP1-2.6,44,Predator,2485885.58065432,biomass
SSP1-2.6,45,Predator,2482119.82537037,biomass
SSP1-2.6,46,Predator,2469108.3272963,biomass
SSP1-2.6,47,Predator,2485745.30541976,biomass
SSP1-2.6,48,Predator,2491765.30145679,biomass
SSP1-2.6,49,Predator,2535993.22935802,biomass
SSP1-2.6,50,Predator,2541374.57964198,biomass
SSP1-2.6,51,Predator,2473432.16528396,biomass
SSP1-2.6,52,Predator,2524792.7591605,biomass
SSP1-2.6,53,Predator,2496980.27838271,biomass
SSP1-2.6,54,Predator,2498713.16177778,biomass
SSP1-2.6,55,Predator,2571331.23728395,biomass
SSP1-2.6,56,Predator,2533460.00353086,biomass
SSP1-2.6,57,Predator,2459128.49544445,biomass
SSP1-2.6,58,Predator,2443713.22266666,biomass
SSP1-2.6,59,Predator,2554607.35067902,biomass
SSP1-2.6,60,Predator,2511502.68401235,biomass
SSP1-2.6,61,Predator,2508098.05075308,biomass
SSP1-2.6,62,Predator,2529905.64935803,biomass
SSP1-2.6,63,Predator,2478826.9814568,biomass
SSP1-2.6,64,Predator,2518518.87533333,biomass
SSP1-2.6,65,Predator,2484560.02403703,biomass
SSP1-2.6,66,Predator,2467610.5014321,biomass
SSP1-2.6,67,Predator,2432425.23625926,biomass
SSP1-2.6,68,Predator,2562411.08677778,biomass
SSP1-2.6,69,Predator,2502861.5402963,biomass
SSP1-2.6,70,Predator,2490205.12241975,biomass
SSP1-2.6,71,Predator,2520914.74344444,biomass
SSP1-2.6,72,Predator,2526339.60318518,biomass
SSP1-2.6,73,Predator,2464010.00080247,biomass
SSP1-2.6,74,Predator,2533043.61316049,biomass
SSP1-2.6,75,Predator,2476402.5637037,biomass
SSP1-2.6,76,Predator,2542504.80454321,biomass
SSP1-2.6,77,Predator,2472008.86028395,biomass
SSP1-2.6,78,Predator,2484584.36782716,biomass
SSP1-2.6,79,Predator,2466309.55861728,biomass
SSP1-2.6,80,Predator,2512889.25558025,biomass
SSP1-2.6,81,Predator,2469452.92698765,biomass
SSP1-2.6,82,Predator,2453406.14875308,biomass
SSP1-2.6,83,Predator,2493306.59448148,biomass
SSP1-2.6,84,Predator,2495800.54069136,biomass
SSP1-2.6,85,Predator,2500689.56396296,biomass
SSP1-2.6,86,Predator,2507804.63479012,biomass
SSP1-2.6,87,Predator,2541665.01858024,biomass
SSP1-2.6,88,Predator,2514646.85118518,biomass
SSP1-2.6,89,Predator,2520193.72190124,biomass
SSP1-2.6,90,Predator,2420756.92941975,biomass
SSP1-2.6,91,Predator,2446084.6384321,biomass
SSP1-2.6,92,Predator,2502208.54438272,biomass
SSP1-2.6,93,Predator,2511489.86282716,biomass
SSP1-2.6,94,Predator,2459322.62128395,biomass
SSP1-2.6,95,Predator,2538129.48503703,biomass
SSP1-2.6,96,Predator,2491548.1318642,biomass
SSP1-2.6,97,Predator,2491267.47898765,biomass
SSP1-2.6,98,Predator,2501227.14755555,biomass
SSP1-2.6,99,Predator,2514636.68432099,biomass
SSP1-2.6,100,Predator,2543277.29849383,biomass
SSP1-2.6,1,Invertebrate,1554952.37234568,biomass
SSP1-2.6,2,Invertebrate,1562658.64180247,biomass
SSP1-2.6,3,Invertebrate,1535737.06118518,biomass
SSP1-2.6,4,Invertebrate,1565851.61858025,biomass
SSP1-2.6,5,Invertebrate,1527535.46185185,biomass
SSP1-2.6,6,Invertebrate,1593796.05325926,biomass
SSP1-2.6,7,Invertebrate,1578936.07419753,biomass
SSP1-2.6,8,Invertebrate,1562187.39353086,biomass
SSP1-2.6,9,Invertebrate,1576274.22950617,biomass
SSP1-2.6,10,Invertebrate,1527580.10753086,biomass
SSP1-2.6,11,Invertebrate,1601453.54074074,biomass
SSP1-2.6,12,Invertebrate,1626047.16617284,biomass
SSP1-2.6,13,Invertebrate,1538410.24609877,biomass
SSP1-2.6,14,Invertebrate,1585798.52864198,biomass
SSP1-2.6,15,Invertebrate,1544376.65685185,biomass
SSP1-2.6,16,Invertebrate,1582428.76111111,biomass
SSP1-2.6,17,Invertebrate,1617627.25316049,biomass
SSP1-2.6,18,Invertebrate,1560869.27814815,biomass
SSP1-2.6,19,Invertebrate,1568332.1641358,biomass
SSP1-2.6,20,Invertebrate,1581982.61895062,biomass
SSP1-2.6,21,Invertebrate,1548201.7854321,biomass
SSP1-2.6,22,Invertebrate,1601922.12049383,biomass
SSP1-2.6,23,Invertebrate,1511047.92434568,biomass
SSP1-2.6,24,Invertebrate,1560679.70012346,biomass
SSP1-2.6,25,Invertebrate,1525579.83432099,biomass
SSP1-2.6,26,Invertebrate,1576941.21972839,biomass
SSP1-2.6,27,Invertebrate,1516635.56227161,biomass
SSP1-2.6,28,Invertebrate,1556617.31214815,biomass
SSP1-2.6,29,Invertebrate,1540618.12118518,biomass
SSP1-2.6,30,Invertebrate,1542199.35148148,biomass
SSP1-2.6,31,Invertebrate,1510316.34912346,biomass
SSP1-2.6,32,Invertebrate,1542611.65733333,biomass
SSP1-2.6,33,Invertebrate,1574694.50493827,biomass
SSP1-2.6,34,Invertebrate,1565342.33320988,biomass
SSP1-2.6,35,Invertebrate,1543171.47314815,biomass
SSP1-2.6,36,Invertebrate,1550749.11449383,biomass
SSP1-2.6,37,Invertebrate,1597953.82932099,biomass
SSP1-2.6,38,Invertebrate,1612703.83511111,biomass
SSP1-2.6,39,Invertebrate,1551131.04609876,biomass
SSP1-2.6,40,Invertebrate,1572882.30412346,biomass
SSP1-2.6,41,Invertebrate,1601952.54839506,biomass
SSP1-2.6,42,Invertebrate,1514599.93845679,biomass
SSP1-2.6,43,Invertebrate,1575034.86728395,biomass
SSP1-2.6,44,Invertebrate,1552317.38654321,biomass
SSP1-2.6,45,Invertebrate,1601763.59950617,biomass
SSP1-2.6,46,Invertebrate,1550102.13691358,biomass
SSP1-2.6,47,Invertebrate,1529711.37414815,biomass
SSP1-2.6,48,Invertebrate,1548018.61549383,biomass
SSP1-2.6,49,Invertebrate,1566750.0531358,biomass
SSP1-2.6,50,Invertebrate,1581559.59728395,biomass
SSP1-2.6,51,Invertebrate,1585597.89198765,biomass
SSP1-2.6,52,Invertebrate,1597065.01214815,biomass
SSP1-2.6,53,Invertebrate,1553197.28234568,biomass
SSP1-2.6,54,Invertebrate,1540558.51604938,biomass
SSP1-2.6,55,Invertebrate,1572536.23649383,biomass
SSP1-2.6,56,Invertebrate,1547038.49087654,biomass
SSP1-2.6,57,Invertebrate,1546555.5854321,biomass
SSP1-2.6,58,Invertebrate,1632667.40191358,biomass
SSP1-2.6,59,Invertebrate,1623515.77981481,biomass
SSP1-2.6,60,Invertebrate,1568949.37135803,biomass
SSP1-2.6,61,Invertebrate,1530877.69271605,biomass
SSP1-2.6,62,Invertebrate,1526213.41962963,biomass
SSP1-2.6,63,Invertebrate,1556647.77511111,biomass
SSP1-2.6,64,Invertebrate,1590339.52259259,biomass
SSP1-2.6,65,Invertebrate,1534218.08987654,biomass
SSP1-2.6,66,Invertebrate,1566707.57285185,biomass
SSP1-2.6,67,Invertebrate,1572239.34950617,biomass
SSP1-2.6,68,Invertebrate,1556897.52283951,biomass
SSP1-2.6,69,Invertebrate,1589676.30654321,biomass
SSP1-2.6,70,Invertebrate,1623207.46814815,biomass
SSP1-2.6,71,Invertebrate,1557241.6805679,biomass
SSP1-2.6,72,Invertebrate,1588994.65148148,biomass
SSP1-2.6,73,Invertebrate,1572873.45037037,biomass
SSP1-2.6,74,Invertebrate,1543226.78864198,biomass
SSP1-2.6,75,Invertebrate,1561189.63535803,biomass
SSP1-2.6,76,Invertebrate,1571587.42777778,biomass
SSP1-2.6,77,Invertebrate,1633527.57271605,biomass
SSP1-2.6,78,Invertebrate,1595588.29123457,biomass
SSP1-2.6,79,Invertebrate,1578337.92,biomass
SSP1-2.6,80,Invertebrate,1597168.05314815,biomass
SSP1-2.6,81,Invertebrate,1556104.53351852,biomass
SSP1-2.6,82,Invertebrate,1553692.75345679,biomass
SSP1-2.6,83,Invertebrate,1567400.78061729,biomass
SSP1-2.6,84,Invertebrate,1570416.71481482,biomass
SSP1-2.6,85,Invertebrate,1546569.71018518,biomass
SSP1-2.6,86,Invertebrate,1590767.14864197,biomass
SSP1-2.6,87,Invertebrate,1587976.16740741,biomass
SSP1-2.6,88,Invertebrate,1561166.13080247,biomass
SSP1-2.6,89,Invertebrate,1572912.5154321,biomass
SSP1-2.6,90,Invertebrate,1554037.52320988,biomass
SSP1-2.6,91,Invertebrate,1546153.82598766,biomass
SSP1-2.6,92,Invertebrate,1622549.68975309,biomass
SSP1-2.6,93,Invertebrate,1532575.6958642,biomass
SSP1-2.6,94,Invertebrate,1576984.36476543,biomass
SSP1-2.6,95,Invertebrate,1587450.24111111,biomass
SSP1-2.6,96,Invertebrate,1612650.1391358,biomass
SSP1-2.6,97,Invertebrate,1583696.6362963,biomass
SSP1-2.6,98,Invertebrate,1590985.52950617,biomass
SSP1-2.6,99,Invertebrate,1577782.43037037,biomass
SSP1-2.6,100,Invertebrate,1573588.7662963,biomass
SSP1-2.6,1,Mid-trophic species,2613673.43812593,biomass
SSP1-2.6,2,Mid-trophic species,2516160.41211358,biomass
SSP1-2.6,3,Mid-trophic species,2506851.10591852,biomass
SSP1-2.6,4,Mid-trophic species,2567519.58170741,biomass
SSP1-2.6,5,Mid-trophic species,2591268.05133951,biomass
SSP1-2.6,6,Mid-trophic species,2539713.20541975,biomass
SSP1-2.6,7,Mid-trophic species,2475572.29407654,biomass
SSP1-2.6,8,Mid-trophic species,2545286.26240371,biomass
SSP1-2.6,9,Mid-trophic species,2558133.80588766,biomass
SSP1-2.6,10,Mid-trophic species,2580102.23590988,biomass
SSP1-2.6,11,Mid-trophic species,2512055.08353703,biomass
SSP1-2.6,12,Mid-trophic species,2527885.96968271,biomass
SSP1-2.6,13,Mid-trophic species,2559477.22714444,biomass
SSP1-2.6,14,Mid-trophic species,2564936.13819013,biomass
SSP1-2.6,15,Mid-trophic species,2532146.76853334,biomass
SSP1-2.6,16,Mid-trophic species,2521201.13055926,biomass
SSP1-2.6,17,Mid-trophic species,2512848.09899506,biomass
SSP1-2.6,18,Mid-trophic species,2521949.64807037,biomass
SSP1-2.6,19,Mid-trophic species,2525139.55353087,biomass
SSP1-2.6,20,Mid-trophic species,2468242.90233704,biomass
SSP1-2.6,21,Mid-trophic species,2588662.95994679,biomass
SSP1-2.6,22,Mid-trophic species,2490979.26079507,biomass
SSP1-2.6,23,Mid-trophic species,2582703.6428037,biomass
SSP1-2.6,24,Mid-trophic species,2480924.39648766,biomass
SSP1-2.6,25,Mid-trophic species,2552812.37514938,biomass
SSP1-2.6,26,Mid-trophic species,2488378.97201605,biomass
SSP1-2.6,27,Mid-trophic species,2543034.01959667,biomass
SSP1-2.6,28,Mid-trophic species,2553350.63590617,biomass
SSP1-2.6,29,Mid-trophic species,2598111.12280864,biomass
SSP1-2.6,30,Mid-trophic species,2551426.72781482,biomass
SSP1-2.6,31,Mid-trophic species,2578929.14471062,biomass
SSP1-2.6,32,Mid-trophic species,2577255.93161851,biomass
SSP1-2.6,33,Mid-trophic species,2524971.04532099,biomass
SSP1-2.6,34,Mid-trophic species,2452316.53030124,biomass
SSP1-2.6,35,Mid-trophic species,2535247.33748765,biomass
SSP1-2.6,36,Mid-trophic species,2511926.68104567,biomass
SSP1-2.6,37,Mid-trophic species,2527071.10915926,biomass
SSP1-2.6,38,Mid-trophic species,2507021.67813383,biomass
SSP1-2.6,39,Mid-trophic species,2600503.55705679,biomass
SSP1-2.6,40,Mid-trophic species,2538475.78037284,biomass
SSP1-2.6,41,Mid-trophic species,2540166.94029013,biomass
SSP1-2.6,42,Mid-trophic species,2619793.01677778,biomass
SSP1-2.6,43,Mid-trophic species,2495224.65238272,biomass
SSP1-2.6,44,Mid-trophic species,2546888.65063086,biomass
SSP1-2.6,45,Mid-trophic species,2621482.56021803,biomass
SSP1-2.6,46,Mid-trophic species,2526065.49349136,biomass
SSP1-2.6,47,Mid-trophic species,2542408.1331642,biomass
SSP1-2.6,48,Mid-trophic species,2587697.58618272,biomass
SSP1-2.6,49,Mid-trophic species,2590702.19019877,biomass
SSP1-2.6,50,Mid-trophic species,2503204.19147161,biomass
SSP1-2.6,51,Mid-trophic species,2498310.72555185,biomass
SSP1-2.6,52,Mid-trophic species,2545216.63746913,biomass
SSP1-2.6,53,Mid-trophic species,2560085.64955062,biomass
SSP1-2.6,54,Mid-trophic species,2526692.79425803,biomass
SSP1-2.6,55,Mid-trophic species,2446073.29162173,biomass
SSP1-2.6,56,Mid-trophic species,2516791.05647655,biomass
SSP1-2.6,57,Mid-trophic species,2469086.6604642,biomass
SSP1-2.6,58,Mid-trophic species,2488646.90378642,biomass
SSP1-2.6,59,Mid-trophic species,2514879.45009296,biomass
SSP1-2.6,60,Mid-trophic species,2522552.87283951,biomass
SSP1-2.6,61,Mid-trophic species,2614412.80388395,biomass
SSP1-2.6,62,Mid-trophic species,2530097.74271482,biomass
SSP1-2.6,63,Mid-trophic species,2544360.45444074,biomass
SSP1-2.6,64,Mid-trophic species,2488581.48639754,biomass
SSP1-2.6,65,Mid-trophic species,2550860.90977778,biomass
SSP1-2.6,66,Mid-trophic species,2579083.46192345,biomass
SSP1-2.6,67,Mid-trophic species,2600017.82251481,biomass
SSP1-2.6,68,Mid-trophic species,2555935.84082593,biomass
SSP1-2.6,69,Mid-trophic species,2522177.58860988,biomass
SSP1-2.6,70,Mid-trophic species,2519572.94687531,biomass
SSP1-2.6,71,Mid-trophic species,2567748.07883333,biomass
SSP1-2.6,72,Mid-trophic species,2607281.32010988,biomass
SSP1-2.6,73,Mid-trophic species,2587168.20454074,biomass
SSP1-2.6,74,Mid-trophic species,2592338.72322592,biomass
SSP1-2.6,75,Mid-trophic species,2468558.70902222,biomass
SSP1-2.6,76,Mid-trophic species,2473826.69863902,biomass
SSP1-2.6,77,Mid-trophic species,2545940.88966296,biomass
SSP1-2.6,78,Mid-trophic species,2558761.70756173,biomass
SSP1-2.6,79,Mid-trophic species,2545950.40762963,biomass
SSP1-2.6,80,Mid-trophic species,2600279.27049259,biomass
SSP1-2.6,81,Mid-trophic species,2513204.53007531,biomass
SSP1-2.6,82,Mid-trophic species,2556500.99933333,biomass
SSP1-2.6,83,Mid-trophic species,2515170.56237901,biomass
SSP1-2.6,84,Mid-trophic species,2550191.32565309,biomass
SSP1-2.6,85,Mid-trophic species,2558157.85546914,biomass
SSP1-2.6,86,Mid-trophic species,2493445.76040123,biomass
SSP1-2.6,87,Mid-trophic species,2522976.27914568,biomass
SSP1-2.6,88,Mid-trophic species,2510286.77512592,biomass
SSP1-2.6,89,Mid-trophic species,2532126.88670617,biomass
SSP1-2.6,90,Mid-trophic species,2564187.75240494,biomass
SSP1-2.6,91,Mid-trophic species,2501598.68946049,biomass
SSP1-2.6,92,Mid-trophic species,2506131.61781976,biomass
SSP1-2.6,93,Mid-trophic species,2558413.28806543,biomass
SSP1-2.6,94,Mid-trophic species,2556144.55063457,biomass
SSP1-2.6,95,Mid-trophic species,2464906.4521358,biomass
SSP1-2.6,96,Mid-trophic species,2577161.88691642,biomass
SSP1-2.6,97,Mid-trophic species,2547628.79236543,biomass
SSP1-2.6,98,Mid-trophic species,2482405.03327284,biomass
SSP1-2.6,99,Mid-trophic species,2507300.04995926,biomass
SSP1-2.6,100,Mid-trophic species,2498897.63933086,biomass
SSP5-8.5,1,Prey,701574.402592592,biomass
SSP5-8.5,2,Prey,739086.538888889,biomass
SSP5-8.5,3,Prey,729257.167901235,biomass
SSP5-8.5,4,Prey,745997.119012346,biomass
SSP5-8.5,5,Prey,720783.599506173,biomass
SSP5-8.5,6,Prey,747568.497160494,biomass
SSP5-8.5,7,Prey,715656.800123457,biomass
SSP5-8.5,8,Prey,737051.828765432,biomass
SSP5-8.5,9,Prey,758938.582345679,biomass
SSP5-8.5,10,Prey,755737.645185185,biomass
SSP5-8.5,11,Prey,732769.549382716,biomass
SSP5-8.5,12,Prey,739718.502962963,biomass
SSP5-8.5,13,Prey,732495.512222222,biomass
SSP5-8.5,14,Prey,754643.819629629,biomass
SSP5-8.5,15,Prey,746414.722839506,biomass
SSP5-8.5,16,Prey,712893.137037037,biomass
SSP5-8.5,17,Prey,755981.77691358,biomass
SSP5-8.5,18,Prey,708340.765679012,biomass
SSP5-8.5,19,Prey,749688.572469136,biomass
SSP5-8.5,20,Prey,715865.128641975,biomass
SSP5-8.5,21,Prey,741554.061604938,biomass
SSP5-8.5,22,Prey,771824.570740741,biomass
SSP5-8.5,23,Prey,721552.63691358,biomass
SSP5-8.5,24,Prey,727544.416790123,biomass
SSP5-8.5,25,Prey,739398.877901235,biomass
SSP5-8.5,26,Prey,737330.379876543,biomass
SSP5-8.5,27,Prey,744248.094197531,biomass
SSP5-8.5,28,Prey,744006.963827161,biomass
SSP5-8.5,29,Prey,743127.297283951,biomass
SSP5-8.5,30,Prey,767139.875802469,biomass
SSP5-8.5,31,Prey,728972.296296296,biomass
SSP5-8.5,32,Prey,736017.73382716,biomass
SSP5-8.5,33,Prey,718258.159135803,biomass
SSP5-8.5,34,Prey,739634.221481482,biomass
SSP5-8.5,35,Prey,714047.827407408,biomass
SSP5-8.5,36,Prey,745593.522222222,biomass
SSP5-8.5,37,Prey,753461.22308642,biomass
SSP5-8.5,38,Prey,719444.288765432,biomass
SSP5-8.5,39,Prey,736253.024074074,biomass
SSP5-8.5,40,Prey,731095.659382716,biomass
SSP5-8.5,41,Prey,742299.590493827,biomass
SSP5-8.5,42,Prey,738183.322345679,biomass
SSP5-8.5,43,Prey,711221.187901235,biomass
SSP5-8.5,44,Prey,754844.727160494,biomass
SSP5-8.5,45,Prey,716684.564197531,biomass
SSP5-8.5,46,Prey,736031.721851852,biomass
SSP5-8.5,47,Prey,718408.727037037,biomass
SSP5-8.5,48,Prey,746734.486790123,biomass
SSP5-8.5,49,Prey,804650.733333333,biomass
SSP5-8.5,50,Prey,731250.86925926,biomass
SSP5-8.5,51,Prey,758898.198765432,biomass
SSP5-8.5,52,Prey,734399.801604938,biomass
SSP5-8.5,53,Prey,734818.665061728,biomass
SSP5-8.5,54,Prey,699347.605802469,biomass
SSP5-8.5,55,Prey,746309.201728395,biomass
SSP5-8.5,56,Prey,718890.49271605,biomass
SSP5-8.5,57,Prey,758517.663209876,biomass
SSP5-8.5,58,Prey,758916.734320988,biomass
SSP5-8.5,59,Prey,755491.295308642,biomass
SSP5-8.5,60,Prey,714090.962345679,biomass
SSP5-8.5,61,Prey,742161.615925926,biomass
SSP5-8.5,62,Prey,754325.56,biomass
SSP5-8.5,63,Prey,737509.431111111,biomass
SSP5-8.5,64,Prey,715930.317407407,biomass
SSP5-8.5,65,Prey,757655.149506173,biomass
SSP5-8.5,66,Prey,714132.002222222,biomass
SSP5-8.5,67,Prey,752622.395679013,biomass
SSP5-8.5,68,Prey,744212.200493827,biomass
SSP5-8.5,69,Prey,775205.697037037,biomass
SSP5-8.5,70,Prey,760254.870987654,biomass
SSP5-8.5,71,Prey,750939.567777778,biomass
SSP5-8.5,72,Prey,721194.460987654,biomass
SSP5-8.5,73,Prey,773678.268518519,biomass
SSP5-8.5,74,Prey,709298.962222222,biomass
SSP5-8.5,75,Prey,720488.519382716,biomass
SSP5-8.5,76,Prey,707129.763580247,biomass
SSP5-8.5,77,Prey,747797.102592592,biomass
SSP5-8.5,78,Prey,770657.931975308,biomass
SSP5-8.5,79,Prey,750560.519753087,biomass
SSP5-8.5,80,Prey,718995.870123457,biomass
SSP5-8.5,81,Prey,703051.248518519,biomass
SSP5-8.5,82,Prey,730445.972839506,biomass
SSP5-8.5,83,Prey,718011.888765432,biomass
SSP5-8.5,84,Prey,715823.325802469,biomass
SSP5-8.5,85,Prey,741769.846049383,biomass
SSP5-8.5,86,Prey,713868.098395062,biomass
SSP5-8.5,87,Prey,730816.368518519,biomass
SSP5-8.5,88,Prey,730562.417654321,biomass
SSP5-8.5,89,Prey,740516.467160494,biomass
SSP5-8.5,90,Prey,780736.833827161,biomass
SSP5-8.5,91,Prey,742895.829876543,biomass
SSP5-8.5,92,Prey,773509.370617284,biomass
SSP5-8.5,93,Prey,733239.925185185,biomass
SSP5-8.5,94,Prey,750092.633209876,biomass
SSP5-8.5,95,Prey,747854.381358025,biomass
SSP5-8.5,96,Prey,728636.488765432,biomass
SSP5-8.5,97,Prey,731913.349506173,biomass
SSP5-8.5,98,Prey,717907.61654321,biomass
SSP5-8.5,99,Prey,754114.699506173,biomass
SSP5-8.5,100,Prey,762825.815925926,biomass
SSP5-8.5,1,Predator,2493738.26870371,biomass
SSP5-8.5,2,Predator,2505795.89660494,biomass
SSP5-8.5,3,Predator,2551186.33013581,biomass
SSP5-8.5,4,Predator,2552802.14051852,biomass
SSP5-8.5,5,Predator,2544046.97791358,biomass
SSP5-8.5,6,Predator,2578339.52432099,biomass
SSP5-8.5,7,Predator,2540686.58807407,biomass
SSP5-8.5,8,Predator,2516464.14359259,biomass
SSP5-8.5,9,Predator,2530867.83785185,biomass
SSP5-8.5,10,Predator,2518869.27344444,biomass
SSP5-8.5,11,Predator,2602197.36935803,biomass
SSP5-8.5,12,Predator,2534006.29464198,biomass
SSP5-8.5,13,Predator,2546153.75706173,biomass
SSP5-8.5,14,Predator,2492732.97417284,biomass
SSP5-8.5,15,Predator,2489402.3771358,biomass
SSP5-8.5,16,Predator,2544335.56037037,biomass
SSP5-8.5,17,Predator,2527619.63445679,biomass
SSP5-8.5,18,Predator,2510821.67593827,biomass
SSP5-8.5,19,Predator,2561624.11545679,biomass
SSP5-8.5,20,Predator,2512972.80087655,biomass
SSP5-8.5,21,Predator,2464793.17054321,biomass
SSP5-8.5,22,Predator,2499830.32012346,biomass
SSP5-8.5,23,Predator,2524479.01966667,biomass
SSP5-8.5,24,Predator,2464458.21341975,biomass
SSP5-8.5,25,Predator,2542157.03932099,biomass
SSP5-8.5,26,Predator,2571173.45191358,biomass
SSP5-8.5,27,Predator,2505816.84614815,biomass
SSP5-8.5,28,Predator,2526310.1667037,biomass
SSP5-8.5,29,Predator,2547744.65554321,biomass
SSP5-8.5,30,Predator,2528283.01137037,biomass
SSP5-8.5,31,Predator,2558247.15576543,biomass
SSP5-8.5,32,Predator,2541362.16833333,biomass
SSP5-8.5,33,Predator,2544302.56167901,biomass
SSP5-8.5,34,Predator,2474618.71682716,biomass
SSP5-8.5,35,Predator,2518820.40803704,biomass
SSP5-8.5,36,Predator,2502558.08907407,biomass
SSP5-8.5,37,Predator,2523453.04391358,biomass
SSP5-8.5,38,Predator,2472843.60564198,biomass
SSP5-8.5,39,Predator,2511780.75135803,biomass
SSP5-8.5,40,Predator,2521217.03271605,biomass
SSP5-8.5,41,Predator,2506948.61882716,biomass
SSP5-8.5,42,Predator,2564633.39971605,biomass
SSP5-8.5,43,Predator,2591786.44506173,biomass
SSP5-8.5,44,Predator,2543252.303,biomass
SSP5-8.5,45,Predator,2551097.49207408,biomass
SSP5-8.5,46,Predator,2527468.25640741,biomass
SSP5-8.5,47,Predator,2509287.23108642,biomass
SSP5-8.5,48,Predator,2544374.41406172,biomass
SSP5-8.5,49,Predator,2523899.1301605,biomass
SSP5-8.5,50,Predator,2576799.71792592,biomass
SSP5-8.5,51,Predator,2535892.25628395,biomass
SSP5-8.5,52,Predator,2535529.37496297,biomass
SSP5-8.5,53,Predator,2586319.84220987,biomass
SSP5-8.5,54,Predator,2495091.92309877,biomass
SSP5-8.5,55,Predator,2488845.42944445,biomass
SSP5-8.5,56,Predator,2517692.90988889,biomass
SSP5-8.5,57,Predator,2540286.61695062,biomass
SSP5-8.5,58,Predator,2510969.07224691,biomass
SSP5-8.5,59,Predator,2476130.72398765,biomass
SSP5-8.5,60,Predator,2467398.64107407,biomass
SSP5-8.5,61,Predator,2526672.59630865,biomass
SSP5-8.5,62,Predator,2548609.91622222,biomass
SSP5-8.5,63,Predator,2536695.49993827,biomass
SSP5-8.5,64,Predator,2537690.99682716,biomass
SSP5-8.5,65,Predator,2536078.65897531,biomass
SSP5-8.5,66,Predator,2543199.30618519,biomass
SSP5-8.5,67,Predator,2466489.53924691,biomass
SSP5-8.5,68,Predator,2458120.67741975,biomass
SSP5-8.5,69,Predator,2489612.93248148,biomass
SSP5-8.5,70,Predator,2571623.4028642,biomass
SSP5-8.5,71,Predator,2559026.529,biomass
SSP5-8.5,72,Predator,2513478.15895062,biomass
SSP5-8.5,73,Predator,2564590.36176543,biomass
SSP5-8.5,74,Predator,2556619.10267901,biomass
SSP5-8.5,75,Predator,2493251.9148642,biomass
SSP5-8.5,76,Predator,2555670.94583951,biomass
SSP5-8.5,77,Predator,2601457.10716049,biomass
SSP5-8.5,78,Predator,2573875.00508642,biomass
SSP5-8.5,79,Predator,2594476.18620988,biomass
SSP5-8.5,80,Predator,2446310.82817284,biomass
SSP5-8.5,81,Predator,2532011.72716049,biomass
SSP5-8.5,82,Predator,2529407.66796296,biomass
SSP5-8.5,83,Predator,2517658.95041975,biomass
SSP5-8.5,84,Predator,2486048.85034568,biomass
SSP5-8.5,85,Predator,2543483.78795062,biomass
SSP5-8.5,86,Predator,2521378.07880247,biomass
SSP5-8.5,87,Predator,2505563.04433333,biomass
SSP5-8.5,88,Predator,2606312.86198766,biomass
SSP5-8.5,89,Predator,2511776.48432099,biomass
SSP5-8.5,90,Predator,2454474.00643209,biomass
SSP5-8.5,91,Predator,2589056.85930864,biomass
SSP5-8.5,92,Predator,2497054.12702469,biomass
SSP5-8.5,93,Predator,2499780.85138272,biomass
SSP5-8.5,94,Predator,2537211.60228395,biomass
SSP5-8.5,95,Predator,2546099.038,biomass
SSP5-8.5,96,Predator,2490601.31191358,biomass
SSP5-8.5,97,Predator,2535506.35012346,biomass
SSP5-8.5,98,Predator,2493961.99612346,biomass
SSP5-8.5,99,Predator,2510913.50367902,biomass
SSP5-8.5,100,Predator,2486492.72717284,biomass
SSP5-8.5,1,Invertebrate,1578749.19469136,biomass
SSP5-8.5,2,Invertebrate,1588077.8822963,biomass
SSP5-8.5,3,Invertebrate,1545310.10839506,biomass
SSP5-8.5,4,Invertebrate,1587370.79123457,biomass
SSP5-8.5,5,Invertebrate,1621682.89716049,biomass
SSP5-8.5,6,Invertebrate,1585340.45075309,biomass
SSP5-8.5,7,Invertebrate,1616754.395,biomass
SSP5-8.5,8,Invertebrate,1584471.5954321,biomass
SSP5-8.5,9,Invertebrate,1546022.21711111,biomass
SSP5-8.5,10,Invertebrate,1584397.18530864,biomass
SSP5-8.5,11,Invertebrate,1561253.34135802,biomass
SSP5-8.5,12,Invertebrate,1582166.35634568,biomass
SSP5-8.5,13,Invertebrate,1634973.16382716,biomass
SSP5-8.5,14,Invertebrate,1523184.8162963,biomass
SSP5-8.5,15,Invertebrate,1634010.5745679,biomass
SSP5-8.5,16,Invertebrate,1658451.62962963,biomass
SSP5-8.5,17,Invertebrate,1566491.64691358,biomass
SSP5-8.5,18,Invertebrate,1567460.47308642,biomass
SSP5-8.5,19,Invertebrate,1609625.72190123,biomass
SSP5-8.5,20,Invertebrate,1606641.60407407,biomass
SSP5-8.5,21,Invertebrate,1573079.2137037,biomass
SSP5-8.5,22,Invertebrate,1584233.27901235,biomass
SSP5-8.5,23,Invertebrate,1601617.44048148,biomass
SSP5-8.5,24,Invertebrate,1551652.66362963,biomass
SSP5-8.5,25,Invertebrate,1595225.6245679,biomass
SSP5-8.5,26,Invertebrate,1574749.4208642,biomass
SSP5-8.5,27,Invertebrate,1599934.21567901,biomass
SSP5-8.5,28,Invertebrate,1546308.75574074,biomass
SSP5-8.5,29,Invertebrate,1591758.89432099,biomass
SSP5-8.5,30,Invertebrate,1576265.9685679,biomass
SSP5-8.5,31,Invertebrate,1591354.83316049,biomass
SSP5-8.5,32,Invertebrate,1609328.37024691,biomass
SSP5-8.5,33,Invertebrate,1582120.19925926,biomass
SSP5-8.5,34,Invertebrate,1571518.22740741,biomass
SSP5-8.5,35,Invertebrate,1609738.29871605,biomass
SSP5-8.5,36,Invertebrate,1543510.0864321,biomass
SSP5-8.5,37,Invertebrate,1592337.95641975,biomass
SSP5-8.5,38,Invertebrate,1530348.26160494,biomass
SSP5-8.5,39,Invertebrate,1562217.63790123,biomass
SSP5-8.5,40,Invertebrate,1569679.53092593,biomass
SSP5-8.5,41,Invertebrate,1509976.71827161,biomass
SSP5-8.5,42,Invertebrate,1550546.17641975,biomass
SSP5-8.5,43,Invertebrate,1546106.02795062,biomass
SSP5-8.5,44,Invertebrate,1619698.45666667,biomass
SSP5-8.5,45,Invertebrate,1600587.52876543,biomass
SSP5-8.5,46,Invertebrate,1580633.43111111,biomass
SSP5-8.5,47,Invertebrate,1559739.99703704,biomass
SSP5-8.5,48,Invertebrate,1600074.30246914,biomass
SSP5-8.5,49,Invertebrate,1591522.19975309,biomass
SSP5-8.5,50,Invertebrate,1593374.74666667,biomass
SSP5-8.5,51,Invertebrate,1584611.09111111,biomass
SSP5-8.5,52,Invertebrate,1545020.63383951,biomass
SSP5-8.5,53,Invertebrate,1591063.79419753,biomass
SSP5-8.5,54,Invertebrate,1575539.2422716,biomass
SSP5-8.5,55,Invertebrate,1601636.42382716,biomass
SSP5-8.5,56,Invertebrate,1565558.43876543,biomass
SSP5-8.5,57,Invertebrate,1573446.18641975,biomass
SSP5-8.5,58,Invertebrate,1603381.88683951,biomass
SSP5-8.5,59,Invertebrate,1617336.0437037,biomass
SSP5-8.5,60,Invertebrate,1592474.1991358,biomass
SSP5-8.5,61,Invertebrate,1579966.43111111,biomass
SSP5-8.5,62,Invertebrate,1564050.32765432,biomass
SSP5-8.5,63,Invertebrate,1635038.32950617,biomass
SSP5-8.5,64,Invertebrate,1553625.31955556,biomass
SSP5-8.5,65,Invertebrate,1624392.29061728,biomass
SSP5-8.5,66,Invertebrate,1571964.63895062,biomass
SSP5-8.5,67,Invertebrate,1552189.89802469,biomass
SSP5-8.5,68,Invertebrate,1641850.62654321,biomass
SSP5-8.5,69,Invertebrate,1551983.5982716,biomass
SSP5-8.5,70,Invertebrate,1513269.96362963,biomass
SSP5-8.5,71,Invertebrate,1556778.52592593,biomass
SSP5-8.5,72,Invertebrate,1606916.75395062,biomass
SSP5-8.5,73,Invertebrate,1582791.62137037,biomass
SSP5-8.5,74,Invertebrate,1622557.64185185,biomass
SSP5-8.5,75,Invertebrate,1637076.73160494,biomass
SSP5-8.5,76,Invertebrate,1659406.22814815,biomass
SSP5-8.5,77,Invertebrate,1616477.4937037,biomass
SSP5-8.5,78,Invertebrate,1615160.52327161,biomass
SSP5-8.5,79,Invertebrate,1617195.0362963,biomass
SSP5-8.5,80,Invertebrate,1570587.13493827,biomass
SSP5-8.5,81,Invertebrate,1639927.63469136,biomass
SSP5-8.5,82,Invertebrate,1613935.12671605,biomass
SSP5-8.5,83,Invertebrate,1607520.36432099,biomass
SSP5-8.5,84,Invertebrate,1583641.26227161,biomass
SSP5-8.5,85,Invertebrate,1544324.20176543,biomass
SSP5-8.5,86,Invertebrate,1609524.6145679,biomass
SSP5-8.5,87,Invertebrate,1581538.61296296,biomass
SSP5-8.5,88,Invertebrate,1589442.53135802,biomass
SSP5-8.5,89,Invertebrate,1612258.45728395,biomass
SSP5-8.5,90,Invertebrate,1640392.39735802,biomass
SSP5-8.5,91,Invertebrate,1601630.20437037,biomass
SSP5-8.5,92,Invertebrate,1574852.68567901,biomass
SSP5-8.5,93,Invertebrate,1623520.22395062,biomass
SSP5-8.5,94,Invertebrate,1602144.42469136,biomass
SSP5-8.5,95,Invertebrate,1615348.56728395,biomass
SSP5-8.5,96,Invertebrate,1491856.8737037,biomass
SSP5-8.5,97,Invertebrate,1569005.11018518,biomass
SSP5-8.5,98,Invertebrate,1602861.76160494,biomass
SSP5-8.5,99,Invertebrate,1549101.03511111,biomass
SSP5-8.5,100,Invertebrate,1561167.05046914,biomass
SSP5-8.5,1,Mid-trophic species,2659953.04688518,biomass
SSP5-8.5,2,Mid-trophic species,2625525.55210741,biomass
SSP5-8.5,3,Mid-trophic species,2536815.52462098,biomass
SSP5-8.5,4,Mid-trophic species,2698919.05613407,biomass
SSP5-8.5,5,Mid-trophic species,2634943.07188396,biomass
SSP5-8.5,6,Mid-trophic species,2588169.61888828,biomass
SSP5-8.5,7,Mid-trophic species,2597621.7489753,biomass
SSP5-8.5,8,Mid-trophic species,2637181.1261321,biomass
SSP5-8.5,9,Mid-trophic species,2668943.8368395,biomass
SSP5-8.5,10,Mid-trophic species,2671516.90096296,biomass
SSP5-8.5,11,Mid-trophic species,2646528.04102716,biomass
SSP5-8.5,12,Mid-trophic species,2621975.9093642,biomass
SSP5-8.5,13,Mid-trophic species,2681609.61522087,biomass
SSP5-8.5,14,Mid-trophic species,2657240.17372099,biomass
SSP5-8.5,15,Mid-trophic species,2599730.4543642,biomass
SSP5-8.5,16,Mid-trophic species,2598708.01736408,biomass
SSP5-8.5,17,Mid-trophic species,2649058.14691481,biomass
SSP5-8.5,18,Mid-trophic species,2605528.01917901,biomass
SSP5-8.5,19,Mid-trophic species,2579744.4136679,biomass
SSP5-8.5,20,Mid-trophic species,2621054.42780285,biomass
SSP5-8.5,21,Mid-trophic species,2673598.3398605,biomass
SSP5-8.5,22,Mid-trophic species,2656034.90430617,biomass
SSP5-8.5,23,Mid-trophic species,2711054.16064765,biomass
SSP5-8.5,24,Mid-trophic species,2592204.66899877,biomass
SSP5-8.5,25,Mid-trophic species,2634388.20827456,biomass
SSP5-8.5,26,Mid-trophic species,2567182.2680358,biomass
SSP5-8.5,27,Mid-trophic species,2613975.14798519,biomass
SSP5-8.5,28,Mid-trophic species,2599234.83123457,biomass
SSP5-8.5,29,Mid-trophic species,2612945.95783704,biomass
SSP5-8.5,30,Mid-trophic species,2697661.84207778,biomass
SSP5-8.5,31,Mid-trophic species,2555169.24515803,biomass
SSP5-8.5,32,Mid-trophic species,2656091.0204,biomass
SSP5-8.5,33,Mid-trophic species,2603118.77617037,biomass
SSP5-8.5,34,Mid-trophic species,2594386.73848642,biomass
SSP5-8.5,35,Mid-trophic species,2591435.45924321,biomass
SSP5-8.5,36,Mid-trophic species,2655655.64778518,biomass
SSP5-8.5,37,Mid-trophic species,2634064.79920247,biomass
SSP5-8.5,38,Mid-trophic species,2750851.43237407,biomass
SSP5-8.5,39,Mid-trophic species,2636825.87711358,biomass
SSP5-8.5,40,Mid-trophic species,2580852.2537679,biomass
SSP5-8.5,41,Mid-trophic species,2656233.03132223,biomass
SSP5-8.5,42,Mid-trophic species,2616144.20115061,biomass
SSP5-8.5,43,Mid-trophic species,2731001.41158025,biomass
SSP5-8.5,44,Mid-trophic species,2580711.92605062,biomass
SSP5-8.5,45,Mid-trophic species,2586688.11672099,biomass
SSP5-8.5,46,Mid-trophic species,2600756.15805679,biomass
SSP5-8.5,47,Mid-trophic species,2706600.39288025,biomass
SSP5-8.5,48,Mid-trophic species,2589558.95802716,biomass
SSP5-8.5,49,Mid-trophic species,2592635.16979383,biomass
SSP5-8.5,50,Mid-trophic species,2563670.26100432,biomass
SSP5-8.5,51,Mid-trophic species,2669036.99552099,biomass
SSP5-8.5,52,Mid-trophic species,2616219.64145555,biomass
SSP5-8.5,53,Mid-trophic species,2636335.3562358,biomass
SSP5-8.5,54,Mid-trophic species,2645935.43246037,biomass
SSP5-8.5,55,Mid-trophic species,2636902.23744321,biomass
SSP5-8.5,56,Mid-trophic species,2592265.79727778,biomass
SSP5-8.5,57,Mid-trophic species,2677771.27748642,biomass
SSP5-8.5,58,Mid-trophic species,2576099.45381481,biomass
SSP5-8.5,59,Mid-trophic species,2642667.08281852,biomass
SSP5-8.5,60,Mid-trophic species,2625458.35859383,biomass
SSP5-8.5,61,Mid-trophic species,2639324.24420988,biomass
SSP5-8.5,62,Mid-trophic species,2578424.32945308,biomass
SSP5-8.5,63,Mid-trophic species,2596990.29194815,biomass
SSP5-8.5,64,Mid-trophic species,2625096.80626297,biomass
SSP5-8.5,65,Mid-trophic species,2558454.47374321,biomass
SSP5-8.5,66,Mid-trophic species,2611417.94081852,biomass
SSP5-8.5,67,Mid-trophic species,2602119.18464691,biomass
SSP5-8.5,68,Mid-trophic species,2621677.58955062,biomass
SSP5-8.5,69,Mid-trophic species,2682050.14540988,biomass
SSP5-8.5,70,Mid-trophic species,2615488.79720494,biomass
SSP5-8.5,71,Mid-trophic species,2627740.33077531,biomass
SSP5-8.5,72,Mid-trophic species,2757357.26867037,biomass
SSP5-8.5,73,Mid-trophic species,2500765.37153901,biomass
SSP5-8.5,74,Mid-trophic species,2583772.68582098,biomass
SSP5-8.5,75,Mid-trophic species,2590353.56107037,biomass
SSP5-8.5,76,Mid-trophic species,2631818.88204457,biomass
SSP5-8.5,77,Mid-trophic species,2595418.86794938,biomass
SSP5-8.5,78,Mid-trophic species,2584815.44487778,biomass
SSP5-8.5,79,Mid-trophic species,2566618.45486976,biomass
SSP5-8.5,80,Mid-trophic species,2687352.20113334,biomass
SSP5-8.5,81,Mid-trophic species,2595778.95431111,biomass
SSP5-8.5,82,Mid-trophic species,2683316.77725963,biomass
SSP5-8.5,83,Mid-trophic species,2639517.48469259,biomass
SSP5-8.5,84,Mid-trophic species,2631192.0976037,biomass
SSP5-8.5,85,Mid-trophic species,2577507.3002284,biomass
SSP5-8.5,86,Mid-trophic species,2625486.93960123,biomass
SSP5-8.5,87,Mid-trophic species,2609169.53575062,biomass
SSP5-8.5,88,Mid-trophic species,2650490.88581482,biomass
SSP5-8.5,89,Mid-trophic species,2571778.13212469,biomass
SSP5-8.5,90,Mid-trophic species,2653876.80090247,biomass
SSP5-8.5,91,Mid-trophic species,2628649.58084939,biomass
SSP5-8.5,92,Mid-trophic species,2717674.22149383,biomass
SSP5-8.5,93,Mid-trophic species,2576761.76419135,biomass
SSP5-8.5,94,Mid-trophic species,2613019.68925432,biomass
SSP5-8.5,95,Mid-trophic species,2665604.67112469,biomass
SSP5-8.5,96,Mid-trophic species,2663466.64076667,biomass
SSP5-8.5,97,Mid-trophic species,2602576.45274692,biomass
SSP5-8.5,98,Mid-trophic species,2663990.6309753,biomass
SSP5-8.5,99,Mid-trophic species,2657918.49074815,biomass
SSP5-8.5,100,Mid-trophic species,2688218.66021482,biomass
Base,1,Prey,165368.8017,yield
Base,2,Prey,156524.6556,yield
Base,3,Prey,150749.414666667,yield
Base,4,Prey,166508.174333333,yield
Base,5,Prey,149797.513333333,yield
Base,6,Prey,159023.597666667,yield
Base,7,Prey,156238.2222,yield
Base,8,Prey,141853.8152,yield
Base,9,Prey,149451.877933333,yield
Base,10,Prey,158973.109333333,yield
Base,11,Prey,165299.011333333,yield
Base,12,Prey,159589.458,yield
Base,13,Prey,154171.042666667,yield
Base,14,Prey,163710.176166667,yield
Base,15,Prey,165053.719333333,yield
Base,16,Prey,148816.299366667,yield
Base,17,Prey,157591.849833333,yield
Base,18,Prey,155021.555666667,yield
Base,19,Prey,159819.567,yield
Base,20,Prey,164510.936666667,yield
Base,21,Prey,165897.824666667,yield
Base,22,Prey,147187.2568,yield
Base,23,Prey,158376.016366667,yield
Base,24,Prey,159507.57,yield
Base,25,Prey,168864.234666667,yield
Base,26,Prey,151662.187233333,yield
Base,27,Prey,157484.55,yield
Base,28,Prey,160806.751333333,yield
Base,29,Prey,152571.227166667,yield
Base,30,Prey,153224.540333333,yield
Base,31,Prey,157825.934566667,yield
Base,32,Prey,155034.355,yield
Base,33,Prey,163220.853666667,yield
Base,34,Prey,162706.576333333,yield
Base,35,Prey,165710.003666667,yield
Base,36,Prey,154488.886533333,yield
Base,37,Prey,154751.501166667,yield
Base,38,Prey,158789.257666667,yield
Base,39,Prey,163115.757,yield
Base,40,Prey,152687.199666667,yield
Base,41,Prey,167644.348,yield
Base,42,Prey,159565.884333333,yield
Base,43,Prey,156786.888133333,yield
Base,44,Prey,152813.789333333,yield
Base,45,Prey,160514.685666667,yield
Base,46,Prey,161756.416666667,yield
Base,47,Prey,150054.842,yield
Base,48,Prey,153574.832,yield
Base,49,Prey,156457.238,yield
Base,50,Prey,162207.977,yield
Base,51,Prey,158814.517166667,yield
Base,52,Prey,152678.983333333,yield
Base,53,Prey,149577.107133333,yield
Base,54,Prey,151843.505466667,yield
Base,55,Prey,154459.175666667,yield
Base,56,Prey,148535.920866667,yield
Base,57,Prey,169684.655333333,yield
Base,58,Prey,162717.507866667,yield
Base,59,Prey,158735.4985,yield
Base,60,Prey,162993.372166667,yield
Base,61,Prey,161307.276666667,yield
Base,62,Prey,164917.654166667,yield
Base,63,Prey,146690.209866667,yield
Base,64,Prey,161010.724866667,yield
Base,65,Prey,152805.792833333,yield
Base,66,Prey,161309.183333333,yield
Base,67,Prey,152433.7105,yield
Base,68,Prey,165685.517,yield
Base,69,Prey,160600.956,yield
Base,70,Prey,161568.1705,yield
Base,71,Prey,169898.142,yield
Base,72,Prey,150203.911533333,yield
Base,73,Prey,152890.350166667,yield
Base,74,Prey,157477.555966667,yield
Base,75,Prey,159775.494666667,yield
Base,76,Prey,149750.059966667,yield
Base,77,Prey,145790.524333333,yield
Base,78,Prey,163307.182166667,yield
Base,79,Prey,160671.2995,yield
Base,80,Prey,158208.9643,yield
Base,81,Prey,151713.289066667,yield
Base,82,Prey,153807.008333333,yield
Base,83,Prey,149942.044333333,yield
Base,84,Prey,158643.3297,yield
Base,85,Prey,155017.017,yield
Base,86,Prey,166818.624333333,yield
Base,87,Prey,157932.841333333,yield
Base,88,Prey,155105.914,yield
Base,89,Prey,162363.265966667,yield
Base,90,Prey,162988.0775,yield
Base,91,Prey,163708.948,yield
Base,92,Prey,151609.346,yield
Base,93,Prey,158348.622433333,yield
Base,94,Prey,160137.292866667,yield
Base,95,Prey,159428.045533333,yield
Base,96,Prey,142405.8636,yield
Base,97,Prey,160351.487333333,yield
Base,98,Prey,168065.605,yield
Base,99,Prey,162621.983,yield
Base,100,Prey,157508.417,yield
Base,1,Predator,429078.569566667,yield
Base,2,Predator,422532.414566667,yield
Base,3,Predator,430167.710233333,yield
Base,4,Predator,432446.664466667,yield
Base,5,Predator,430443.436033333,yield
Base,6,Predator,437580.164366667,yield
Base,7,Predator,432203.040266667,yield
Base,8,Predator,426950.970333334,yield
Base,9,Predator,429261.148266667,yield
Base,10,Predator,432331.655966666,yield
Base,11,Predator,428885.6185,yield
Base,12,Predator,424539.382456667,yield
Base,13,Predator,433521.4118,yield
Base,14,Predator,443416.108200001,yield
Base,15,Predator,444381.477766667,yield
Base,16,Predator,441062.014700001,yield
Base,17,Predator,431481.7914,yield
Base,18,Predator,423788.566766666,yield
Base,19,Predator,439289.653699999,yield
Base,20,Predator,424239.9538,yield
Base,21,Predator,425508.189633334,yield
Base,22,Predator,426533.8503,yield
Base,23,Predator,423537.0628,yield
Base,24,Predator,428891.272533334,yield
Base,25,Predator,418861.544966667,yield
Base,26,Predator,428069.602833333,yield
Base,27,Predator,428628.042933334,yield
Base,28,Predator,431657.715616667,yield
Base,29,Predator,433038.354366666,yield
Base,30,Predator,423527.204466666,yield
Base,31,Predator,425097.493999999,yield
Base,32,Predator,442126.8582,yield
Base,33,Predator,439765.319266667,yield
Base,34,Predator,429317.980966666,yield
Base,35,Predator,453030.9088,yield
Base,36,Predator,425244.448733334,yield
Base,37,Predator,431452.942133333,yield
Base,38,Predator,438766.5406,yield
Base,39,Predator,439903.4029,yield
Base,40,Predator,422822.0921,yield
Base,41,Predator,420674.2046,yield
Base,42,Predator,417900.732699999,yield
Base,43,Predator,423370.5981,yield
Base,44,Predator,426971.269666667,yield
Base,45,Predator,428057.226033333,yield
Base,46,Predator,427312.139566667,yield
Base,47,Predator,425092.4826,yield
Base,48,Predator,445226.820499999,yield
Base,49,Predator,430738.9914,yield
Base,50,Predator,435838.8929,yield
Base,51,Predator,446723.990233333,yield
Base,52,Predator,430995.520366667,yield
Base,53,Predator,422680.015933334,yield
Base,54,Predator,425977.8389,yield
Base,55,Predator,432466.731733333,yield
Base,56,Predator,439668.643966667,yield
Base,57,Predator,433990.90315,yield
Base,58,Predator,439768.578566667,yield
Base,59,Predator,430101.498733333,yield
Base,60,Predator,424304.129366666,yield
Base,61,Predator,426008.4418,yield
Base,62,Predator,416313.689233334,yield
Base,63,Predator,420017.806433333,yield
Base,64,Predator,454232.8034,yield
Base,65,Predator,444857.395866667,yield
Base,66,Predator,432582.938733333,yield
Base,67,Predator,442117.92205,yield
Base,68,Predator,436292.394933334,yield
Base,69,Predator,443676.067833334,yield
Base,70,Predator,432402.2091,yield
Base,71,Predator,419680.265766667,yield
Base,72,Predator,427253.581433333,yield
Base,73,Predator,427112.727233333,yield
Base,74,Predator,431630.508266666,yield
Base,75,Predator,442188.193233333,yield
Base,76,Predator,435764.5483,yield
Base,77,Predator,428737.852366667,yield
Base,78,Predator,439128.1463,yield
Base,79,Predator,433844.141383334,yield
Base,80,Predator,432040.769666666,yield
Base,81,Predator,423354.2213,yield
Base,82,Predator,432868.058666667,yield
Base,83,Predator,425932.7197,yield
Base,84,Predator,421037.301866666,yield
Base,85,Predator,434679.745466667,yield
Base,86,Predator,443952.147333334,yield
Base,87,Predator,431024.6758,yield
Base,88,Predator,421369.612933333,yield
Base,89,Predator,428993.987033334,yield
Base,90,Predator,454470.596066667,yield
Base,91,Predator,429416.297333334,yield
Base,92,Predator,427235.35165,yield
Base,93,Predator,442692.100533333,yield
Base,94,Predator,411306.055666667,yield
Base,95,Predator,428827.008433333,yield
Base,96,Predator,420439.2218,yield
Base,97,Predator,422406.7108,yield
Base,98,Predator,424342.576933334,yield
Base,99,Predator,438487.660433333,yield
Base,100,Predator,440442.369500001,yield
Base,1,Invertebrate,320294.7248,yield
Base,2,Invertebrate,325204.3281,yield
Base,3,Invertebrate,345292.389233333,yield
Base,4,Invertebrate,326514.375433333,yield
Base,5,Invertebrate,334258.529833334,yield
Base,6,Invertebrate,331202.479633334,yield
Base,7,Invertebrate,334984.951433333,yield
Base,8,Invertebrate,339879.821433333,yield
Base,9,Invertebrate,324195.445566667,yield
Base,10,Invertebrate,336452.647333333,yield
Base,11,Invertebrate,344450.517333334,yield
Base,12,Invertebrate,324193.017900001,yield
Base,13,Invertebrate,331921.286866667,yield
Base,14,Invertebrate,305845.7078,yield
Base,15,Invertebrate,328846.6477,yield
Base,16,Invertebrate,335196.487166667,yield
Base,17,Invertebrate,343538.804766666,yield
Base,18,Invertebrate,335481.363733333,yield
Base,19,Invertebrate,335602.430733333,yield
Base,20,Invertebrate,332174.652333333,yield
Base,21,Invertebrate,332539.005566666,yield
Base,22,Invertebrate,335580.499933333,yield
Base,23,Invertebrate,330179.192766667,yield
Base,24,Invertebrate,324262.937433333,yield
Base,25,Invertebrate,331494.158966667,yield
Base,26,Invertebrate,328801.637933333,yield
Base,27,Invertebrate,326743.8668,yield
Base,28,Invertebrate,327013.237633333,yield
Base,29,Invertebrate,335530.5052,yield
Base,30,Invertebrate,348598.876199999,yield
Base,31,Invertebrate,327887.425966667,yield
Base,32,Invertebrate,337667.994466667,yield
Base,33,Invertebrate,325042.745733334,yield
Base,34,Invertebrate,338895.776266667,yield
Base,35,Invertebrate,337746.305633333,yield
Base,36,Invertebrate,335396.459699999,yield
Base,37,Invertebrate,333672.891066666,yield
Base,38,Invertebrate,331576.321066666,yield
Base,39,Invertebrate,332702.840266667,yield
Base,40,Invertebrate,330773.013133334,yield
Base,41,Invertebrate,340632.729300001,yield
Base,42,Invertebrate,334326.049633333,yield
Base,43,Invertebrate,314898.282800001,yield
Base,44,Invertebrate,319569.944566666,yield
Base,45,Invertebrate,323434.2685,yield
Base,46,Invertebrate,343237.416633334,yield
Base,47,Invertebrate,309525.853633333,yield
Base,48,Invertebrate,326902.458333333,yield
Base,49,Invertebrate,322936.468533333,yield
Base,50,Invertebrate,344865.211499999,yield
Base,51,Invertebrate,334131.704533333,yield
Base,52,Invertebrate,362601.8588,yield
Base,53,Invertebrate,336693.628699999,yield
Base,54,Invertebrate,342333.213499999,yield
Base,55,Invertebrate,355379.047600001,yield
Base,56,Invertebrate,330314.128766666,yield
Base,57,Invertebrate,326082.535466667,yield
Base,58,Invertebrate,331680.722,yield
Base,59,Invertebrate,328132.477466666,yield
Base,60,Invertebrate,325659.451999999,yield
Base,61,Invertebrate,329831.8822,yield
Base,62,Invertebrate,327009.9933,yield
Base,63,Invertebrate,342291.2674,yield
Base,64,Invertebrate,349112.155566666,yield
Base,65,Invertebrate,359113.719466666,yield
Base,66,Invertebrate,318977.590433334,yield
Base,67,Invertebrate,339490.387933333,yield
Base,68,Invertebrate,329587.180266666,yield
Base,69,Invertebrate,325508.4897,yield
Base,70,Invertebrate,341366.214866667,yield
Base,71,Invertebrate,327568.5048,yield
Base,72,Invertebrate,339933.7626,yield
Base,73,Invertebrate,328992.348266666,yield
Base,74,Invertebrate,344972.1725,yield
Base,75,Invertebrate,330096.670566667,yield
Base,76,Invertebrate,335522.548000001,yield
Base,77,Invertebrate,339445.717166666,yield
Base,78,Invertebrate,319887.2491,yield
Base,79,Invertebrate,334425.361799999,yield
Base,80,Invertebrate,328414.2323,yield
Base,81,Invertebrate,349420.9179,yield
Base,82,Invertebrate,325270.014333333,yield
Base,83,Invertebrate,345898.382033334,yield
Base,84,Invertebrate,338117.701366666,yield
Base,85,Invertebrate,338043.492833333,yield
Base,86,Invertebrate,333141.930166667,yield
Base,87,Invertebrate,323251.236866667,yield
Base,88,Invertebrate,329258.6535,yield
Base,89,Invertebrate,340839.8432,yield
Base,90,Invertebrate,330510.691266667,yield
Base,91,Invertebrate,312977.8351,yield
Base,92,Invertebrate,317787.335066667,yield
Base,93,Invertebrate,327071.5519,yield
Base,94,Invertebrate,335775.6736,yield
Base,95,Invertebrate,343845.2563,yield
Base,96,Invertebrate,336244.9458,yield
Base,97,Invertebrate,345074.332366667,yield
Base,98,Invertebrate,340816.571866667,yield
Base,99,Invertebrate,329425.262533333,yield
Base,100,Invertebrate,333818.9818,yield
Base,1,Mid-trophic species,533780.212716667,yield
Base,2,Mid-trophic species,571899.958533333,yield
Base,3,Mid-trophic species,530891.333299,yield
Base,4,Mid-trophic species,524863.030082001,yield
Base,5,Mid-trophic species,529784.498405667,yield
Base,6,Mid-trophic species,522439.181658,yield
Base,7,Mid-trophic species,527812.106505667,yield
Base,8,Mid-trophic species,514157.222055333,yield
Base,9,Mid-trophic species,512486.498928667,yield
Base,10,Mid-trophic species,526293.758186667,yield
Base,11,Mid-trophic species,528282.551501,yield
Base,12,Mid-trophic species,537484.923864333,yield
Base,13,Mid-trophic species,519202.256151,yield
Base,14,Mid-trophic species,523766.538748,yield
Base,15,Mid-trophic species,533991.740575667,yield
Base,16,Mid-trophic species,522153.171283333,yield
Base,17,Mid-trophic species,529326.010028333,yield
Base,18,Mid-trophic species,521696.859339999,yield
Base,19,Mid-trophic species,518272.764666666,yield
Base,20,Mid-trophic species,507591.863476667,yield
Base,21,Mid-trophic species,543148.560108001,yield
Base,22,Mid-trophic species,535685.417845999,yield
Base,23,Mid-trophic species,536420.093536667,yield
Base,24,Mid-trophic species,506844.566265334,yield
Base,25,Mid-trophic species,546662.664986,yield
Base,26,Mid-trophic species,539293.78866,yield
Base,27,Mid-trophic species,525419.023166666,yield
Base,28,Mid-trophic species,524204.138386667,yield
Base,29,Mid-trophic species,526381.733138666,yield
Base,30,Mid-trophic species,524183.960683333,yield
Base,31,Mid-trophic species,531223.757700667,yield
Base,32,Mid-trophic species,534446.142149333,yield
Base,33,Mid-trophic species,526190.464006666,yield
Base,34,Mid-trophic species,543999.503672,yield
Base,35,Mid-trophic species,533261.95812,yield
Base,36,Mid-trophic species,539742.898426667,yield
Base,37,Mid-trophic species,529185.4196,yield
Base,38,Mid-trophic species,526040.351663333,yield
Base,39,Mid-trophic species,531369.664755333,yield
Base,40,Mid-trophic species,520334.421282,yield
Base,41,Mid-trophic species,536074.897033334,yield
Base,42,Mid-trophic species,514446.610436667,yield
Base,43,Mid-trophic species,539592.892553333,yield
Base,44,Mid-trophic species,546265.620713333,yield
Base,45,Mid-trophic species,536251.132946667,yield
Base,46,Mid-trophic species,539782.899410334,yield
Base,47,Mid-trophic species,534970.786319334,yield
Base,48,Mid-trophic species,523559.337331333,yield
Base,49,Mid-trophic species,533617.981666667,yield
Base,50,Mid-trophic species,536068.103886667,yield
Base,51,Mid-trophic species,541434.981290334,yield
Base,52,Mid-trophic species,523238.501086666,yield
Base,53,Mid-trophic species,534171.278491333,yield
Base,54,Mid-trophic species,531204.649956667,yield
Base,55,Mid-trophic species,520301.841237666,yield
Base,56,Mid-trophic species,525157.462937667,yield
Base,57,Mid-trophic species,535771.014506666,yield
Base,58,Mid-trophic species,554274.091474999,yield
Base,59,Mid-trophic species,533195.112553333,yield
Base,60,Mid-trophic species,537068.083463334,yield
Base,61,Mid-trophic species,549304.754765667,yield
Base,62,Mid-trophic species,556538.267033334,yield
Base,63,Mid-trophic species,522471.712546667,yield
Base,64,Mid-trophic species,514861.732670001,yield
Base,65,Mid-trophic species,496388.9313,yield
Base,66,Mid-trophic species,529915.845345667,yield
Base,67,Mid-trophic species,537765.107494333,yield
Base,68,Mid-trophic species,529001.163928666,yield
Base,69,Mid-trophic species,526686.161233333,yield
Base,70,Mid-trophic species,531900.222919333,yield
Base,71,Mid-trophic species,563159.220719999,yield
Base,72,Mid-trophic species,526908.812209,yield
Base,73,Mid-trophic species,528256.12381,yield
Base,74,Mid-trophic species,527515.518873333,yield
Base,75,Mid-trophic species,541874.953596667,yield
Base,76,Mid-trophic species,519959.539369999,yield
Base,77,Mid-trophic species,534609.968757333,yield
Base,78,Mid-trophic species,530358.830810001,yield
Base,79,Mid-trophic species,528412.743463666,yield
Base,80,Mid-trophic species,529717.488313334,yield
Base,81,Mid-trophic species,529417.440923333,yield
Base,82,Mid-trophic species,543531.032886667,yield
Base,83,Mid-trophic species,531231.381177667,yield
Base,84,Mid-trophic species,523170.453435,yield
Base,85,Mid-trophic species,542910.497086667,yield
Base,86,Mid-trophic species,549826.296748333,yield
Base,87,Mid-trophic species,545267.320851333,yield
Base,88,Mid-trophic species,539793.411704333,yield
Base,89,Mid-trophic species,534007.681747334,yield
Base,90,Mid-trophic species,521006.811211667,yield
Base,91,Mid-trophic species,554050.702376667,yield
Base,92,Mid-trophic species,541232.67649,yield
Base,93,Mid-trophic species,555268.933902,yield
Base,94,Mid-trophic species,547596.277527667,yield
Base,95,Mid-trophic species,520591.610758667,yield
Base,96,Mid-trophic species,541898.993134334,yield
Base,97,Mid-trophic species,544452.022581333,yield
Base,98,Mid-trophic species,519204.932,yield
Base,99,Mid-trophic species,543241.93481,yield
Base,100,Mid-trophic species,530803.897335333,yield
SSP1-2.6,1,Prey,130990.998740741,yield
SSP1-2.6,2,Prey,126951.391209877,yield
SSP1-2.6,3,Prey,126792.729197531,yield
SSP1-2.6,4,Prey,129644.939111111,yield
SSP1-2.6,5,Prey,128474.142839506,yield
SSP1-2.6,6,Prey,128023.979567901,yield
SSP1-2.6,7,Prey,122962.296308642,yield
SSP1-2.6,8,Prey,126193.866271605,yield
SSP1-2.6,9,Prey,135742.946617284,yield
SSP1-2.6,10,Prey,134345.520555556,yield
SSP1-2.6,11,Prey,126453.818,yield
SSP1-2.6,12,Prey,126803.970407407,yield
SSP1-2.6,13,Prey,122398.68391358,yield
SSP1-2.6,14,Prey,127958.002358025,yield
SSP1-2.6,15,Prey,135205.179777778,yield
SSP1-2.6,16,Prey,129824.634234568,yield
SSP1-2.6,17,Prey,131927.292641975,yield
SSP1-2.6,18,Prey,132209.311197531,yield
SSP1-2.6,19,Prey,129232.207679012,yield
SSP1-2.6,20,Prey,124593.842679012,yield
SSP1-2.6,21,Prey,135740.180679012,yield
SSP1-2.6,22,Prey,122415.166395062,yield
SSP1-2.6,23,Prey,130264.048098765,yield
SSP1-2.6,24,Prey,126745.48408642,yield
SSP1-2.6,25,Prey,134535.241395062,yield
SSP1-2.6,26,Prey,132224.978061728,yield
SSP1-2.6,27,Prey,135425.409592593,yield
SSP1-2.6,28,Prey,134034.180654321,yield
SSP1-2.6,29,Prey,126428.599691358,yield
SSP1-2.6,30,Prey,130671.534765432,yield
SSP1-2.6,31,Prey,126964.348851852,yield
SSP1-2.6,32,Prey,128781.90737037,yield
SSP1-2.6,33,Prey,134491.966679012,yield
SSP1-2.6,34,Prey,123654.377209877,yield
SSP1-2.6,35,Prey,130026.573469136,yield
SSP1-2.6,36,Prey,131345.358518519,yield
SSP1-2.6,37,Prey,124463.685580247,yield
SSP1-2.6,38,Prey,129042.388506173,yield
SSP1-2.6,39,Prey,126870.240061728,yield
SSP1-2.6,40,Prey,124873.566246914,yield
SSP1-2.6,41,Prey,127996.837888889,yield
SSP1-2.6,42,Prey,130224.459814815,yield
SSP1-2.6,43,Prey,119202.401679012,yield
SSP1-2.6,44,Prey,127941.286271605,yield
SSP1-2.6,45,Prey,127525.007,yield
SSP1-2.6,46,Prey,130192.551790123,yield
SSP1-2.6,47,Prey,128605.158209877,yield
SSP1-2.6,48,Prey,127525.329234568,yield
SSP1-2.6,49,Prey,129915.620716049,yield
SSP1-2.6,50,Prey,131500.319790124,yield
SSP1-2.6,51,Prey,127814.109530864,yield
SSP1-2.6,52,Prey,122568.47917284,yield
SSP1-2.6,53,Prey,132713.561074074,yield
SSP1-2.6,54,Prey,126692.075407407,yield
SSP1-2.6,55,Prey,129461.098567901,yield
SSP1-2.6,56,Prey,125962.790679012,yield
SSP1-2.6,57,Prey,127613.824654321,yield
SSP1-2.6,58,Prey,123462.089234568,yield
SSP1-2.6,59,Prey,125474.982654321,yield
SSP1-2.6,60,Prey,130171.249185185,yield
SSP1-2.6,61,Prey,121731.480345679,yield
SSP1-2.6,62,Prey,123328.672790123,yield
SSP1-2.6,63,Prey,131393.437777778,yield
SSP1-2.6,64,Prey,128849.161358025,yield
SSP1-2.6,65,Prey,125842.681432099,yield
SSP1-2.6,66,Prey,127244.597716049,yield
SSP1-2.6,67,Prey,124015.595123457,yield
SSP1-2.6,68,Prey,130353.06591358,yield
SSP1-2.6,69,Prey,128936.541975309,yield
SSP1-2.6,70,Prey,126385.134098765,yield
SSP1-2.6,71,Prey,130022.710419753,yield
SSP1-2.6,72,Prey,125200.780481481,yield
SSP1-2.6,73,Prey,131996.94937037,yield
SSP1-2.6,74,Prey,131610.069555556,yield
SSP1-2.6,75,Prey,127192.779604938,yield
SSP1-2.6,76,Prey,131429.22908642,yield
SSP1-2.6,77,Prey,133214.832296296,yield
SSP1-2.6,78,Prey,127262.622925926,yield
SSP1-2.6,79,Prey,130070.009135802,yield
SSP1-2.6,80,Prey,120578.82745679,yield
SSP1-2.6,81,Prey,127271.708580247,yield
SSP1-2.6,82,Prey,122781.955925926,yield
SSP1-2.6,83,Prey,126242.347814815,yield
SSP1-2.6,84,Prey,126529.688975309,yield
SSP1-2.6,85,Prey,129736.345901235,yield
SSP1-2.6,86,Prey,126782.759580247,yield
SSP1-2.6,87,Prey,121432.716444444,yield
SSP1-2.6,88,Prey,132424.143950617,yield
SSP1-2.6,89,Prey,123499.977271605,yield
SSP1-2.6,90,Prey,124314.51282716,yield
SSP1-2.6,91,Prey,127463.483024691,yield
SSP1-2.6,92,Prey,127648.317469136,yield
SSP1-2.6,93,Prey,128764.521098765,yield
SSP1-2.6,94,Prey,124677.630197531,yield
SSP1-2.6,95,Prey,124457.603320988,yield
SSP1-2.6,96,Prey,137230.90117284,yield
SSP1-2.6,97,Prey,127237.973061728,yield
SSP1-2.6,98,Prey,127956.543246914,yield
SSP1-2.6,99,Prey,131916.75437037,yield
SSP1-2.6,100,Prey,128284.531283951,yield
SSP1-2.6,1,Predator,425666.354209877,yield
SSP1-2.6,2,Predator,429779.062012347,yield
SSP1-2.6,3,Predator,429488.760691357,yield
SSP1-2.6,4,Predator,428350.636679012,yield
SSP1-2.6,5,Predator,425653.142806173,yield
SSP1-2.6,6,Predator,430671.068024692,yield
SSP1-2.6,7,Predator,434485.93274074,yield
SSP1-2.6,8,Predator,427879.936506172,yield
SSP1-2.6,9,Predator,431768.880901234,yield
SSP1-2.6,10,Predator,426500.796975308,yield
SSP1-2.6,11,Predator,431829.869166667,yield
SSP1-2.6,12,Predator,429913.18317284,yield
SSP1-2.6,13,Predator,429442.316444444,yield
SSP1-2.6,14,Predator,424942.057030864,yield
SSP1-2.6,15,Predator,427159.428851852,yield
SSP1-2.6,16,Predator,432018.303218518,yield
SSP1-2.6,17,Predator,441723.49091358,yield
SSP1-2.6,18,Predator,427206.580530864,yield
SSP1-2.6,19,Predator,432556.511367901,yield
SSP1-2.6,20,Predator,435116.797679012,yield
SSP1-2.6,21,Predator,435997.586604938,yield
SSP1-2.6,22,Predator,437229.017160494,yield
SSP1-2.6,23,Predator,425178.204938271,yield
SSP1-2.6,24,Predator,434188.233024692,yield
SSP1-2.6,25,Predator,428441.861296296,yield
SSP1-2.6,26,Predator,441668.154790124,yield
SSP1-2.6,27,Predator,434254.398537038,yield
SSP1-2.6,28,Predator,428922.873938272,yield
SSP1-2.6,29,Predator,437996.667358025,yield
SSP1-2.6,30,Predator,437116.182037037,yield
SSP1-2.6,31,Predator,430189.230197531,yield
SSP1-2.6,32,Predator,436727.11145679,yield
SSP1-2.6,33,Predator,436923.375074074,yield
SSP1-2.6,34,Predator,435881.755555556,yield
SSP1-2.6,35,Predator,436317.219679012,yield
SSP1-2.6,36,Predator,431409.830209877,yield
SSP1-2.6,37,Predator,424827.070185185,yield
SSP1-2.6,38,Predator,428686.040475308,yield
SSP1-2.6,39,Predator,428000.096191358,yield
SSP1-2.6,40,Predator,434909.115006173,yield
SSP1-2.6,41,Predator,444142.044061728,yield
SSP1-2.6,42,Predator,423732.296209876,yield
SSP1-2.6,43,Predator,430603.535209877,yield
SSP1-2.6,44,Predator,431529.924672839,yield
SSP1-2.6,45,Predator,430980.10671605,yield
SSP1-2.6,46,Predator,430388.39617284,yield
SSP1-2.6,47,Predator,430307.75834568,yield
SSP1-2.6,48,Predator,431955.354907408,yield
SSP1-2.6,49,Predator,437787.626061728,yield
SSP1-2.6,50,Predator,440783.711308642,yield
SSP1-2.6,51,Predator,431280.559691357,yield
SSP1-2.6,52,Predator,435174.046925927,yield
SSP1-2.6,53,Predator,433974.790024692,yield
SSP1-2.6,54,Predator,433936.99625926,yield
SSP1-2.6,55,Predator,445351.375370369,yield
SSP1-2.6,56,Predator,438876.019845679,yield
SSP1-2.6,57,Predator,428884.431351852,yield
SSP1-2.6,58,Predator,425468.353981482,yield
SSP1-2.6,59,Predator,441743.548740741,yield
SSP1-2.6,60,Predator,434925.270012346,yield
SSP1-2.6,61,Predator,434639.553765432,yield
SSP1-2.6,62,Predator,438439.244716049,yield
SSP1-2.6,63,Predator,431399.892518519,yield
SSP1-2.6,64,Predator,436004.794154322,yield
SSP1-2.6,65,Predator,430148.805975309,yield
SSP1-2.6,66,Predator,429448.898160494,yield
SSP1-2.6,67,Predator,422932.374790124,yield
SSP1-2.6,68,Predator,441766.565358025,yield
SSP1-2.6,69,Predator,434247.653481481,yield
SSP1-2.6,70,Predator,432957.70480247,yield
SSP1-2.6,71,Predator,436489.515049383,yield
SSP1-2.6,72,Predator,436215.122864198,yield
SSP1-2.6,73,Predator,427479.135851852,yield
SSP1-2.6,74,Predator,437254.811432099,yield
SSP1-2.6,75,Predator,431882.911259259,yield
SSP1-2.6,76,Predator,442211.56437037,yield
SSP1-2.6,77,Predator,429236.766382716,yield
SSP1-2.6,78,Predator,429969.155160494,yield
SSP1-2.6,79,Predator,428740.197135802,yield
SSP1-2.6,80,Predator,434514.675296297,yield
SSP1-2.6,81,Predator,429368.718462963,yield
SSP1-2.6,82,Predator,426964.360061728,yield
SSP1-2.6,83,Predator,433576.895592593,yield
SSP1-2.6,84,Predator,432127.897518519,yield
SSP1-2.6,85,Predator,432021.084111112,yield
SSP1-2.6,86,Predator,435628.32762963,yield
SSP1-2.6,87,Predator,439266.804444445,yield
SSP1-2.6,88,Predator,434315.883691358,yield
SSP1-2.6,89,Predator,436102.279481482,yield
SSP1-2.6,90,Predator,422539.116234568,yield
SSP1-2.6,91,Predator,426343.463049383,yield
SSP1-2.6,92,Predator,433830.759364198,yield
SSP1-2.6,93,Predator,435558.214648148,yield
SSP1-2.6,94,Predator,427715.877962963,yield
SSP1-2.6,95,Predator,439094.47004321,yield
SSP1-2.6,96,Predator,429613.018333333,yield
SSP1-2.6,97,Predator,433206.469777778,yield
SSP1-2.6,98,Predator,434780.624876543,yield
SSP1-2.6,99,Predator,434241.54667284,yield
SSP1-2.6,100,Predator,438369.613135803,yield
SSP1-2.6,1,Invertebrate,329103.199839506,yield
SSP1-2.6,2,Invertebrate,329272.857901234,yield
SSP1-2.6,3,Invertebrate,328566.202012346,yield
SSP1-2.6,4,Invertebrate,333329.623382716,yield
SSP1-2.6,5,Invertebrate,324711.334308642,yield
SSP1-2.6,6,Invertebrate,336124.542259259,yield
SSP1-2.6,7,Invertebrate,336553.760382716,yield
SSP1-2.6,8,Invertebrate,334622.285728395,yield
SSP1-2.6,9,Invertebrate,333676.376703703,yield
SSP1-2.6,10,Invertebrate,326910.164185185,yield
SSP1-2.6,11,Invertebrate,339196.588345679,yield
SSP1-2.6,12,Invertebrate,345651.450395061,yield
SSP1-2.6,13,Invertebrate,327173.888469136,yield
SSP1-2.6,14,Invertebrate,335517.306283951,yield
SSP1-2.6,15,Invertebrate,328931.642728396,yield
SSP1-2.6,16,Invertebrate,334605.232567901,yield
SSP1-2.6,17,Invertebrate,342034.989901235,yield
SSP1-2.6,18,Invertebrate,333170.910864198,yield
SSP1-2.6,19,Invertebrate,332147.321012346,yield
SSP1-2.6,20,Invertebrate,333055.355345679,yield
SSP1-2.6,21,Invertebrate,330159.564395062,yield
SSP1-2.6,22,Invertebrate,339151.774777778,yield
SSP1-2.6,23,Invertebrate,324212.903567901,yield
SSP1-2.6,24,Invertebrate,332276.342888889,yield
SSP1-2.6,25,Invertebrate,327867.012444444,yield
SSP1-2.6,26,Invertebrate,334400.760037038,yield
SSP1-2.6,27,Invertebrate,324596.728851852,yield
SSP1-2.6,28,Invertebrate,327481.738333334,yield
SSP1-2.6,29,Invertebrate,326172.617691358,yield
SSP1-2.6,30,Invertebrate,330826.132259259,yield
SSP1-2.6,31,Invertebrate,320968.80254321,yield
SSP1-2.6,32,Invertebrate,327650.835864198,yield
SSP1-2.6,33,Invertebrate,337148.077395061,yield
SSP1-2.6,34,Invertebrate,332253.75154321,yield
SSP1-2.6,35,Invertebrate,330840.509839506,yield
SSP1-2.6,36,Invertebrate,329186.095839506,yield
SSP1-2.6,37,Invertebrate,337311.525728395,yield
SSP1-2.6,38,Invertebrate,341851.823641975,yield
SSP1-2.6,39,Invertebrate,331174.548395062,yield
SSP1-2.6,40,Invertebrate,332679.145185185,yield
SSP1-2.6,41,Invertebrate,340124.678790123,yield
SSP1-2.6,42,Invertebrate,321675.294271605,yield
SSP1-2.6,43,Invertebrate,333578.984530864,yield
SSP1-2.6,44,Invertebrate,330801.446641975,yield
SSP1-2.6,45,Invertebrate,341143.599604939,yield
SSP1-2.6,46,Invertebrate,328923.232148148,yield
SSP1-2.6,47,Invertebrate,325423.232493827,yield
SSP1-2.6,48,Invertebrate,327971.070641976,yield
SSP1-2.6,49,Invertebrate,330979.042185185,yield
SSP1-2.6,50,Invertebrate,334887.141333334,yield
SSP1-2.6,51,Invertebrate,335430.671172839,yield
SSP1-2.6,52,Invertebrate,338688.244753086,yield
SSP1-2.6,53,Invertebrate,333748.20517284,yield
SSP1-2.6,54,Invertebrate,325422.446111111,yield
SSP1-2.6,55,Invertebrate,334706.622580247,yield
SSP1-2.6,56,Invertebrate,327297.967802469,yield
SSP1-2.6,57,Invertebrate,326782.38508642,yield
SSP1-2.6,58,Invertebrate,346462.117901235,yield
SSP1-2.6,59,Invertebrate,344783.054876543,yield
SSP1-2.6,60,Invertebrate,333508.350555555,yield
SSP1-2.6,61,Invertebrate,323571.122419753,yield
SSP1-2.6,62,Invertebrate,323590.808296296,yield
SSP1-2.6,63,Invertebrate,331067.749962963,yield
SSP1-2.6,64,Invertebrate,338750.69634568,yield
SSP1-2.6,65,Invertebrate,327235.118839506,yield
SSP1-2.6,66,Invertebrate,331536.651962963,yield
SSP1-2.6,67,Invertebrate,333513.55728395,yield
SSP1-2.6,68,Invertebrate,332351.934864197,yield
SSP1-2.6,69,Invertebrate,340160.799901235,yield
SSP1-2.6,70,Invertebrate,345905.720419753,yield
SSP1-2.6,71,Invertebrate,330773.85962963,yield
SSP1-2.6,72,Invertebrate,334294.364728395,yield
SSP1-2.6,73,Invertebrate,333847.034530864,yield
SSP1-2.6,74,Invertebrate,328623.407061729,yield
SSP1-2.6,75,Invertebrate,330070.816604939,yield
SSP1-2.6,76,Invertebrate,333164.150135803,yield
SSP1-2.6,77,Invertebrate,344075.559358024,yield
SSP1-2.6,78,Invertebrate,338635.669,yield
SSP1-2.6,79,Invertebrate,337548.093765432,yield
SSP1-2.6,80,Invertebrate,337727.51771605,yield
SSP1-2.6,81,Invertebrate,329184.922790124,yield
SSP1-2.6,82,Invertebrate,328083.086185185,yield
SSP1-2.6,83,Invertebrate,330600.138839506,yield
SSP1-2.6,84,Invertebrate,334266.727641975,yield
SSP1-2.6,85,Invertebrate,327646.866777778,yield
SSP1-2.6,86,Invertebrate,340062.300481482,yield
SSP1-2.6,87,Invertebrate,338019.910703703,yield
SSP1-2.6,88,Invertebrate,331669.090777778,yield
SSP1-2.6,89,Invertebrate,335948.11454321,yield
SSP1-2.6,90,Invertebrate,329750.506691359,yield
SSP1-2.6,91,Invertebrate,327036.263703704,yield
SSP1-2.6,92,Invertebrate,347581.81891358,yield
SSP1-2.6,93,Invertebrate,327515.005358024,yield
SSP1-2.6,94,Invertebrate,333557.419283951,yield
SSP1-2.6,95,Invertebrate,339753.832604938,yield
SSP1-2.6,96,Invertebrate,339724.477654321,yield
SSP1-2.6,97,Invertebrate,338421.420493827,yield
SSP1-2.6,98,Invertebrate,343558.514222222,yield
SSP1-2.6,99,Invertebrate,334373.699555556,yield
SSP1-2.6,100,Invertebrate,335634.439753086,yield
SSP1-2.6,1,Mid-trophic species,567142.081593828,yield
SSP1-2.6,2,Mid-trophic species,543914.219912715,yield
SSP1-2.6,3,Mid-trophic species,543740.080298149,yield
SSP1-2.6,4,Mid-trophic species,554793.731344815,yield
SSP1-2.6,5,Mid-trophic species,556482.065825309,yield
SSP1-2.6,6,Mid-trophic species,550174.569977283,yield
SSP1-2.6,7,Mid-trophic species,534650.515097408,yield
SSP1-2.6,8,Mid-trophic species,549821.669389753,yield
SSP1-2.6,9,Mid-trophic species,557150.522145062,yield
SSP1-2.6,10,Mid-trophic species,555343.263128765,yield
SSP1-2.6,11,Mid-trophic species,543159.537687408,yield
SSP1-2.6,12,Mid-trophic species,546756.195566667,yield
SSP1-2.6,13,Mid-trophic species,549309.758879877,yield
SSP1-2.6,14,Mid-trophic species,547861.980624322,yield
SSP1-2.6,15,Mid-trophic species,546965.397467901,yield
SSP1-2.6,16,Mid-trophic species,547671.098279876,yield
SSP1-2.6,17,Mid-trophic species,544377.829115802,yield
SSP1-2.6,18,Mid-trophic species,551227.70424358,yield
SSP1-2.6,19,Mid-trophic species,549077.455071851,yield
SSP1-2.6,20,Mid-trophic species,538011.44568358,yield
SSP1-2.6,21,Mid-trophic species,554913.355126419,yield
SSP1-2.6,22,Mid-trophic species,541083.462147778,yield
SSP1-2.6,23,Mid-trophic species,559879.50957716,yield
SSP1-2.6,24,Mid-trophic species,535551.443677408,yield
SSP1-2.6,25,Mid-trophic species,549477.733348024,yield
SSP1-2.6,26,Mid-trophic species,537146.546801729,yield
SSP1-2.6,27,Mid-trophic species,548270.437774322,yield
SSP1-2.6,28,Mid-trophic species,549970.694747902,yield
SSP1-2.6,29,Mid-trophic species,555795.776054815,yield
SSP1-2.6,30,Mid-trophic species,552285.312516791,yield
SSP1-2.6,31,Mid-trophic species,559289.640095322,yield
SSP1-2.6,32,Mid-trophic species,558517.478641852,yield
SSP1-2.6,33,Mid-trophic species,544554.300106791,yield
SSP1-2.6,34,Mid-trophic species,528702.942967284,yield
SSP1-2.6,35,Mid-trophic species,548439.980308889,yield
SSP1-2.6,36,Mid-trophic species,543594.48203321,yield
SSP1-2.6,37,Mid-trophic species,545417.997426543,yield
SSP1-2.6,38,Mid-trophic species,543545.593768024,yield
SSP1-2.6,39,Mid-trophic species,564174.137351111,yield
SSP1-2.6,40,Mid-trophic species,543622.055290988,yield
SSP1-2.6,41,Mid-trophic species,547651.942419383,yield
SSP1-2.6,42,Mid-trophic species,564640.397727161,yield
SSP1-2.6,43,Mid-trophic species,545562.866503704,yield
SSP1-2.6,44,Mid-trophic species,554115.222473952,yield
SSP1-2.6,45,Mid-trophic species,565106.274062716,yield
SSP1-2.6,46,Mid-trophic species,547757.922754444,yield
SSP1-2.6,47,Mid-trophic species,549275.051030124,yield
SSP1-2.6,48,Mid-trophic species,559302.246430988,yield
SSP1-2.6,49,Mid-trophic species,559401.324425679,yield
SSP1-2.6,50,Mid-trophic species,543794.57038037,yield
SSP1-2.6,51,Mid-trophic species,538604.753807531,yield
SSP1-2.6,52,Mid-trophic species,550404.365388025,yield
SSP1-2.6,53,Mid-trophic species,554026.364857284,yield
SSP1-2.6,54,Mid-trophic species,544678.451358889,yield
SSP1-2.6,55,Mid-trophic species,532932.568343333,yield
SSP1-2.6,56,Mid-trophic species,547451.104578395,yield
SSP1-2.6,57,Mid-trophic species,536521.911496667,yield
SSP1-2.6,58,Mid-trophic species,541449.714521112,yield
SSP1-2.6,59,Mid-trophic species,544520.957453704,yield
SSP1-2.6,60,Mid-trophic species,544488.359169753,yield
SSP1-2.6,61,Mid-trophic species,562635.781016914,yield
SSP1-2.6,62,Mid-trophic species,546100.992728765,yield
SSP1-2.6,63,Mid-trophic species,549575.171394568,yield
SSP1-2.6,64,Mid-trophic species,536891.249888765,yield
SSP1-2.6,65,Mid-trophic species,550766.163439507,yield
SSP1-2.6,66,Mid-trophic species,558033.519799382,yield
SSP1-2.6,67,Mid-trophic species,561006.053195309,yield
SSP1-2.6,68,Mid-trophic species,554455.609640248,yield
SSP1-2.6,69,Mid-trophic species,542993.601691235,yield
SSP1-2.6,70,Mid-trophic species,545137.006787038,yield
SSP1-2.6,71,Mid-trophic species,559299.627808766,yield
SSP1-2.6,72,Mid-trophic species,564953.483274568,yield
SSP1-2.6,73,Mid-trophic species,555704.921816544,yield
SSP1-2.6,74,Mid-trophic species,556900.974605555,yield
SSP1-2.6,75,Mid-trophic species,536232.152079136,yield
SSP1-2.6,76,Mid-trophic species,533793.306789137,yield
SSP1-2.6,77,Mid-trophic species,545053.558467655,yield
SSP1-2.6,78,Mid-trophic species,553666.404277778,yield
SSP1-2.6,79,Mid-trophic species,549957.331123087,yield
SSP1-2.6,80,Mid-trophic species,558845.801291851,yield
SSP1-2.6,81,Mid-trophic species,540856.168528395,yield
SSP1-2.6,82,Mid-trophic species,551300.03322,yield
SSP1-2.6,83,Mid-trophic species,547342.840861728,yield
SSP1-2.6,84,Mid-trophic species,551717.523785679,yield
SSP1-2.6,85,Mid-trophic species,551176.029130247,yield
SSP1-2.6,86,Mid-trophic species,536153.431608641,yield
SSP1-2.6,87,Mid-trophic species,551410.871944444,yield
SSP1-2.6,88,Mid-trophic species,545800.239559135,yield
SSP1-2.6,89,Mid-trophic species,549046.840589136,yield
SSP1-2.6,90,Mid-trophic species,552281.858695433,yield
SSP1-2.6,91,Mid-trophic species,538429.268300123,yield
SSP1-2.6,92,Mid-trophic species,546121.736880247,yield
SSP1-2.6,93,Mid-trophic species,550725.460739753,yield
SSP1-2.6,94,Mid-trophic species,551422.160342222,yield
SSP1-2.6,95,Mid-trophic species,533300.175501975,yield
SSP1-2.6,96,Mid-trophic species,558176.069106666,yield
SSP1-2.6,97,Mid-trophic species,542052.579563827,yield
SSP1-2.6,98,Mid-trophic species,533827.78943247,yield
SSP1-2.6,99,Mid-trophic species,537634.620714322,yield
SSP1-2.6,100,Mid-trophic species,539165.076070988,yield
SSP5-8.5,1,Prey,110061.442049383,yield
SSP5-8.5,2,Prey,115945.486320988,yield
SSP5-8.5,3,Prey,114403.516802469,yield
SSP5-8.5,4,Prey,116729.346876543,yield
SSP5-8.5,5,Prey,112592.765395062,yield
SSP5-8.5,6,Prey,117343.475123457,yield
SSP5-8.5,7,Prey,112279.405061728,yield
SSP5-8.5,8,Prey,115694.911123457,yield
SSP5-8.5,9,Prey,119166.662975309,yield
SSP5-8.5,10,Prey,118923.573802469,yield
SSP5-8.5,11,Prey,114401.61762963,yield
SSP5-8.5,12,Prey,115735.914802469,yield
SSP5-8.5,13,Prey,114281.876222222,yield
SSP5-8.5,14,Prey,118545.484814815,yield
SSP5-8.5,15,Prey,117090.672604938,yield
SSP5-8.5,16,Prey,111580.746259259,yield
SSP5-8.5,17,Prey,118581.658358025,yield
SSP5-8.5,18,Prey,111233.065740741,yield
SSP5-8.5,19,Prey,117921.236333333,yield
SSP5-8.5,20,Prey,112177.061851852,yield
SSP5-8.5,21,Prey,116234.529024691,yield
SSP5-8.5,22,Prey,121299.346777778,yield
SSP5-8.5,23,Prey,113170.103185185,yield
SSP5-8.5,24,Prey,113738.348246914,yield
SSP5-8.5,25,Prey,115803.427259259,yield
SSP5-8.5,26,Prey,115297.63045679,yield
SSP5-8.5,27,Prey,116714.230358025,yield
SSP5-8.5,28,Prey,116411.605876543,yield
SSP5-8.5,29,Prey,116519.460493827,yield
SSP5-8.5,30,Prey,120783.926407407,yield
SSP5-8.5,31,Prey,114338.156814815,yield
SSP5-8.5,32,Prey,115193.259901235,yield
SSP5-8.5,33,Prey,112254.853148148,yield
SSP5-8.5,34,Prey,115950.420580247,yield
SSP5-8.5,35,Prey,111249.345395062,yield
SSP5-8.5,36,Prey,117344.155246914,yield
SSP5-8.5,37,Prey,118476.17145679,yield
SSP5-8.5,38,Prey,112394.541654321,yield
SSP5-8.5,39,Prey,115072.391234568,yield
SSP5-8.5,40,Prey,114128.227049383,yield
SSP5-8.5,41,Prey,116304.483061728,yield
SSP5-8.5,42,Prey,115390.838259259,yield
SSP5-8.5,43,Prey,111695.854604938,yield
SSP5-8.5,44,Prey,118515.19491358,yield
SSP5-8.5,45,Prey,111908.239148148,yield
SSP5-8.5,46,Prey,115568.126419753,yield
SSP5-8.5,47,Prey,112711.156765432,yield
SSP5-8.5,48,Prey,117025.971864198,yield
SSP5-8.5,49,Prey,127002.605740741,yield
SSP5-8.5,50,Prey,114594.010740741,yield
SSP5-8.5,51,Prey,119287.627345679,yield
SSP5-8.5,52,Prey,115209.39437037,yield
SSP5-8.5,53,Prey,114913.678728395,yield
SSP5-8.5,54,Prey,109455.977679012,yield
SSP5-8.5,55,Prey,117247.639777778,yield
SSP5-8.5,56,Prey,112325.605,yield
SSP5-8.5,57,Prey,119078.386098765,yield
SSP5-8.5,58,Prey,119193.672148148,yield
SSP5-8.5,59,Prey,119128.104962963,yield
SSP5-8.5,60,Prey,111568.235703704,yield
SSP5-8.5,61,Prey,116020.229419753,yield
SSP5-8.5,62,Prey,117985.353555556,yield
SSP5-8.5,63,Prey,115253.442530864,yield
SSP5-8.5,64,Prey,111850.292901235,yield
SSP5-8.5,65,Prey,119040.713962963,yield
SSP5-8.5,66,Prey,111775.84137037,yield
SSP5-8.5,67,Prey,118273.052691358,yield
SSP5-8.5,68,Prey,116608.373728395,yield
SSP5-8.5,69,Prey,121739.256703704,yield
SSP5-8.5,70,Prey,119701.478123457,yield
SSP5-8.5,71,Prey,118048.448197531,yield
SSP5-8.5,72,Prey,113306.371654321,yield
SSP5-8.5,73,Prey,120481.388851852,yield
SSP5-8.5,74,Prey,111353.720308642,yield
SSP5-8.5,75,Prey,112779.072839506,yield
SSP5-8.5,76,Prey,110814.050432099,yield
SSP5-8.5,77,Prey,116938.874283951,yield
SSP5-8.5,78,Prey,121407.62037037,yield
SSP5-8.5,79,Prey,117854.479024691,yield
SSP5-8.5,80,Prey,112177.157,yield
SSP5-8.5,81,Prey,110219.125790123,yield
SSP5-8.5,82,Prey,115030.080592593,yield
SSP5-8.5,83,Prey,112479.166160494,yield
SSP5-8.5,84,Prey,111778.865407407,yield
SSP5-8.5,85,Prey,116729.206135802,yield
SSP5-8.5,86,Prey,110949.441222222,yield
SSP5-8.5,87,Prey,115182.68637037,yield
SSP5-8.5,88,Prey,114190.111172839,yield
SSP5-8.5,89,Prey,115762.398827161,yield
SSP5-8.5,90,Prey,122727.946567901,yield
SSP5-8.5,91,Prey,116311.036654321,yield
SSP5-8.5,92,Prey,121605.634,yield
SSP5-8.5,93,Prey,114321.418753086,yield
SSP5-8.5,94,Prey,116851.143876543,yield
SSP5-8.5,95,Prey,117378.209246914,yield
SSP5-8.5,96,Prey,114420.967530864,yield
SSP5-8.5,97,Prey,115364.080296296,yield
SSP5-8.5,98,Prey,112762.816716049,yield
SSP5-8.5,99,Prey,118119.213592593,yield
SSP5-8.5,100,Prey,118969.499851852,yield
SSP5-8.5,1,Predator,437831.249641975,yield
SSP5-8.5,2,Predator,439860.355160494,yield
SSP5-8.5,3,Predator,445567.070333334,yield
SSP5-8.5,4,Predator,444256.091753087,yield
SSP5-8.5,5,Predator,442777.667111111,yield
SSP5-8.5,6,Predator,446961.73719753,yield
SSP5-8.5,7,Predator,444293.009543209,yield
SSP5-8.5,8,Predator,440299.852345679,yield
SSP5-8.5,9,Predator,442129.495111112,yield
SSP5-8.5,10,Predator,439562.655765432,yield
SSP5-8.5,11,Predator,450037.620728396,yield
SSP5-8.5,12,Predator,442759.031851853,yield
SSP5-8.5,13,Predator,444656.039753086,yield
SSP5-8.5,14,Predator,437829.879925926,yield
SSP5-8.5,15,Predator,437283.341024692,yield
SSP5-8.5,16,Predator,443728.449209877,yield
SSP5-8.5,17,Predator,441947.304987655,yield
SSP5-8.5,18,Predator,439951.991185185,yield
SSP5-8.5,19,Predator,446428.574209877,yield
SSP5-8.5,20,Predator,440057.45528395,yield
SSP5-8.5,21,Predator,432709.035851852,yield
SSP5-8.5,22,Predator,438712.920012346,yield
SSP5-8.5,23,Predator,440773.054530864,yield
SSP5-8.5,24,Predator,434881.338111111,yield
SSP5-8.5,25,Predator,443876.114975309,yield
SSP5-8.5,26,Predator,447660.141981481,yield
SSP5-8.5,27,Predator,439256.253370371,yield
SSP5-8.5,28,Predator,442244.193820988,yield
SSP5-8.5,29,Predator,444132.664901235,yield
SSP5-8.5,30,Predator,441796.122864197,yield
SSP5-8.5,31,Predator,446388.137358024,yield
SSP5-8.5,32,Predator,443275.52854321,yield
SSP5-8.5,33,Predator,444493.403962963,yield
SSP5-8.5,34,Predator,434892.98262963,yield
SSP5-8.5,35,Predator,441538.895308643,yield
SSP5-8.5,36,Predator,437769.562691358,yield
SSP5-8.5,37,Predator,442311.095469137,yield
SSP5-8.5,38,Predator,435599.720654321,yield
SSP5-8.5,39,Predator,439856.749271605,yield
SSP5-8.5,40,Predator,441346.002728395,yield
SSP5-8.5,41,Predator,438756.63825926,yield
SSP5-8.5,42,Predator,446480.965493827,yield
SSP5-8.5,43,Predator,448017.153561729,yield
SSP5-8.5,44,Predator,443437.404222223,yield
SSP5-8.5,45,Predator,445567.218839507,yield
SSP5-8.5,46,Predator,440500.133839506,yield
SSP5-8.5,47,Predator,438242.239148148,yield
SSP5-8.5,48,Predator,445032.013611111,yield
SSP5-8.5,49,Predator,442834.472506173,yield
SSP5-8.5,50,Predator,449263.683469136,yield
SSP5-8.5,51,Predator,441527.334975308,yield
SSP5-8.5,52,Predator,442648.851308642,yield
SSP5-8.5,53,Predator,449884.803481481,yield
SSP5-8.5,54,Predator,436164.486703703,yield
SSP5-8.5,55,Predator,436885.09782716,yield
SSP5-8.5,56,Predator,440300.021185185,yield
SSP5-8.5,57,Predator,442023.00028395,yield
SSP5-8.5,58,Predator,440675.069814815,yield
SSP5-8.5,59,Predator,435050.053888889,yield
SSP5-8.5,60,Predator,433654.726839506,yield
SSP5-8.5,61,Predator,441326.303506173,yield
SSP5-8.5,62,Predator,445389.509074074,yield
SSP5-8.5,63,Predator,443302.441111111,yield
SSP5-8.5,64,Predator,443409.971469136,yield
SSP5-8.5,65,Predator,443699.941530865,yield
SSP5-8.5,66,Predator,443909.836790123,yield
SSP5-8.5,67,Predator,433498.141506173,yield
SSP5-8.5,68,Predator,432470.370876543,yield
SSP5-8.5,69,Predator,436796.070111111,yield
SSP5-8.5,70,Predator,447884.817,yield
SSP5-8.5,71,Predator,446327.117246914,yield
SSP5-8.5,72,Predator,437994.838123457,yield
SSP5-8.5,73,Predator,447324.168777778,yield
SSP5-8.5,74,Predator,446968.275271605,yield
SSP5-8.5,75,Predator,436398.989444444,yield
SSP5-8.5,76,Predator,444430.819302469,yield
SSP5-8.5,77,Predator,452686.736679012,yield
SSP5-8.5,78,Predator,449291.586222223,yield
SSP5-8.5,79,Predator,452096.410444444,yield
SSP5-8.5,80,Predator,429832.869530865,yield
SSP5-8.5,81,Predator,443185.633012347,yield
SSP5-8.5,82,Predator,442415.257506173,yield
SSP5-8.5,83,Predator,440187.707296296,yield
SSP5-8.5,84,Predator,436941.087962963,yield
SSP5-8.5,85,Predator,444646.969901235,yield
SSP5-8.5,86,Predator,440600.77188889,yield
SSP5-8.5,87,Predator,438925.136765432,yield
SSP5-8.5,88,Predator,450822.375697531,yield
SSP5-8.5,89,Predator,441209.167012346,yield
SSP5-8.5,90,Predator,431944.700979013,yield
SSP5-8.5,91,Predator,449603.796,yield
SSP5-8.5,92,Predator,436613.690444444,yield
SSP5-8.5,93,Predator,437094.279061729,yield
SSP5-8.5,94,Predator,444493.411814816,yield
SSP5-8.5,95,Predator,443050.056049383,yield
SSP5-8.5,96,Predator,437801.513172839,yield
SSP5-8.5,97,Predator,442965.479308642,yield
SSP5-8.5,98,Predator,436921.324888889,yield
SSP5-8.5,99,Predator,439602.151567901,yield
SSP5-8.5,100,Predator,435309.42791358,yield
SSP5-8.5,1,Invertebrate,334940.861271605,yield
SSP5-8.5,2,Invertebrate,336900.603370371,yield
SSP5-8.5,3,Invertebrate,332674.955160494,yield
SSP5-8.5,4,Invertebrate,338477.244530865,yield
SSP5-8.5,5,Invertebrate,341613.635246914,yield
SSP5-8.5,6,Invertebrate,336638.922012346,yield
SSP5-8.5,7,Invertebrate,345999.184259259,yield
SSP5-8.5,8,Invertebrate,338071.429753086,yield
SSP5-8.5,9,Invertebrate,328471.90354321,yield
SSP5-8.5,10,Invertebrate,337091.796518518,yield
SSP5-8.5,11,Invertebrate,331708.806246914,yield
SSP5-8.5,12,Invertebrate,333887.833604939,yield
SSP5-8.5,13,Invertebrate,347240.333691359,yield
SSP5-8.5,14,Invertebrate,323590.760518519,yield
SSP5-8.5,15,Invertebrate,348340.63525926,yield
SSP5-8.5,16,Invertebrate,354084.327296296,yield
SSP5-8.5,17,Invertebrate,336948.108037038,yield
SSP5-8.5,18,Invertebrate,335465.839901235,yield
SSP5-8.5,19,Invertebrate,344269.325728395,yield
SSP5-8.5,20,Invertebrate,340556.711814815,yield
SSP5-8.5,21,Invertebrate,332978.746518518,yield
SSP5-8.5,22,Invertebrate,335473.601851852,yield
SSP5-8.5,23,Invertebrate,341237.403246913,yield
SSP5-8.5,24,Invertebrate,330083.776703703,yield
SSP5-8.5,25,Invertebrate,339461.218,yield
SSP5-8.5,26,Invertebrate,337602.972481481,yield
SSP5-8.5,27,Invertebrate,337985.59982716,yield
SSP5-8.5,28,Invertebrate,333101.550765432,yield
SSP5-8.5,29,Invertebrate,341848.822851852,yield
SSP5-8.5,30,Invertebrate,337849.739308642,yield
SSP5-8.5,31,Invertebrate,335981.504851851,yield
SSP5-8.5,32,Invertebrate,339441.654691358,yield
SSP5-8.5,33,Invertebrate,337598.986790124,yield
SSP5-8.5,34,Invertebrate,334257.10645679,yield
SSP5-8.5,35,Invertebrate,339449.372604939,yield
SSP5-8.5,36,Invertebrate,329048.816432099,yield
SSP5-8.5,37,Invertebrate,341295.221432099,yield
SSP5-8.5,38,Invertebrate,326167.841925926,yield
SSP5-8.5,39,Invertebrate,334788.069555556,yield
SSP5-8.5,40,Invertebrate,337236.603395062,yield
SSP5-8.5,41,Invertebrate,321626.31345679,yield
SSP5-8.5,42,Invertebrate,332326.339209877,yield
SSP5-8.5,43,Invertebrate,330701.522876543,yield
SSP5-8.5,44,Invertebrate,347012.520333334,yield
SSP5-8.5,45,Invertebrate,341444.410617284,yield
SSP5-8.5,46,Invertebrate,332918.22354321,yield
SSP5-8.5,47,Invertebrate,334792.29408642,yield
SSP5-8.5,48,Invertebrate,339542.550987654,yield
SSP5-8.5,49,Invertebrate,335409.001419753,yield
SSP5-8.5,50,Invertebrate,337314.724209877,yield
SSP5-8.5,51,Invertebrate,337979.964876543,yield
SSP5-8.5,52,Invertebrate,329210.989,yield
SSP5-8.5,53,Invertebrate,337812.918740741,yield
SSP5-8.5,54,Invertebrate,335983.982481482,yield
SSP5-8.5,55,Invertebrate,341767.033703704,yield
SSP5-8.5,56,Invertebrate,332624.098814815,yield
SSP5-8.5,57,Invertebrate,334446.755679012,yield
SSP5-8.5,58,Invertebrate,341292.632407407,yield
SSP5-8.5,59,Invertebrate,341550.226691358,yield
SSP5-8.5,60,Invertebrate,339015.723037037,yield
SSP5-8.5,61,Invertebrate,334676.778197531,yield
SSP5-8.5,62,Invertebrate,335308.702481482,yield
SSP5-8.5,63,Invertebrate,347142.466074075,yield
SSP5-8.5,64,Invertebrate,332165.861407408,yield
SSP5-8.5,65,Invertebrate,347421.457728395,yield
SSP5-8.5,66,Invertebrate,332229.661777778,yield
SSP5-8.5,67,Invertebrate,334321.420419753,yield
SSP5-8.5,68,Invertebrate,348504.220123457,yield
SSP5-8.5,69,Invertebrate,327049.31917284,yield
SSP5-8.5,70,Invertebrate,321019.739975309,yield
SSP5-8.5,71,Invertebrate,332377.838753087,yield
SSP5-8.5,72,Invertebrate,340497.870345679,yield
SSP5-8.5,73,Invertebrate,337452.294888889,yield
SSP5-8.5,74,Invertebrate,345683.672197531,yield
SSP5-8.5,75,Invertebrate,345294.801222222,yield
SSP5-8.5,76,Invertebrate,348240.919246913,yield
SSP5-8.5,77,Invertebrate,342968.87425926,yield
SSP5-8.5,78,Invertebrate,345762.013074074,yield
SSP5-8.5,79,Invertebrate,346047.911160494,yield
SSP5-8.5,80,Invertebrate,332223.195555555,yield
SSP5-8.5,81,Invertebrate,346153.74080247,yield
SSP5-8.5,82,Invertebrate,343241.054345679,yield
SSP5-8.5,83,Invertebrate,341520.895518519,yield
SSP5-8.5,84,Invertebrate,338562.442148149,yield
SSP5-8.5,85,Invertebrate,328585.317530864,yield
SSP5-8.5,86,Invertebrate,342548.012012346,yield
SSP5-8.5,87,Invertebrate,339027.092185186,yield
SSP5-8.5,88,Invertebrate,338283.249567901,yield
SSP5-8.5,89,Invertebrate,343097.579444445,yield
SSP5-8.5,90,Invertebrate,343534.149185185,yield
SSP5-8.5,91,Invertebrate,339832.978234568,yield
SSP5-8.5,92,Invertebrate,336529.931901234,yield
SSP5-8.5,93,Invertebrate,345918.925641975,yield
SSP5-8.5,94,Invertebrate,344356.113518519,yield
SSP5-8.5,95,Invertebrate,345633.301061728,yield
SSP5-8.5,96,Invertebrate,319040.534728395,yield
SSP5-8.5,97,Invertebrate,336400.85008642,yield
SSP5-8.5,98,Invertebrate,342028.314432098,yield
SSP5-8.5,99,Invertebrate,328576.601691358,yield
SSP5-8.5,100,Invertebrate,329120.483012346,yield
SSP5-8.5,1,Mid-trophic species,575005.662450865,yield
SSP5-8.5,2,Mid-trophic species,563867.027033828,yield
SSP5-8.5,3,Mid-trophic species,552019.171791481,yield
SSP5-8.5,4,Mid-trophic species,576512.643633458,yield
SSP5-8.5,5,Mid-trophic species,566339.988574446,yield
SSP5-8.5,6,Mid-trophic species,556079.305373704,yield
SSP5-8.5,7,Mid-trophic species,563143.355192221,yield
SSP5-8.5,8,Mid-trophic species,572280.815486297,yield
SSP5-8.5,9,Mid-trophic species,574923.641804198,yield
SSP5-8.5,10,Mid-trophic species,570930.734056296,yield
SSP5-8.5,11,Mid-trophic species,567005.225741605,yield
SSP5-8.5,12,Mid-trophic species,571929.270324939,yield
SSP5-8.5,13,Mid-trophic species,576120.70872,yield
SSP5-8.5,14,Mid-trophic species,575042.273787531,yield
SSP5-8.5,15,Mid-trophic species,559114.096057902,yield
SSP5-8.5,16,Mid-trophic species,560035.200411234,yield
SSP5-8.5,17,Mid-trophic species,566652.220435926,yield
SSP5-8.5,18,Mid-trophic species,564460.598336913,yield
SSP5-8.5,19,Mid-trophic species,555778.965558272,yield
SSP5-8.5,20,Mid-trophic species,566728.490378518,yield
SSP5-8.5,21,Mid-trophic species,575166.123603703,yield
SSP5-8.5,22,Mid-trophic species,571595.175635556,yield
SSP5-8.5,23,Mid-trophic species,579889.267265186,yield
SSP5-8.5,24,Mid-trophic species,560384.874193704,yield
SSP5-8.5,25,Mid-trophic species,568103.642263086,yield
SSP5-8.5,26,Mid-trophic species,553635.078854197,yield
SSP5-8.5,27,Mid-trophic species,564661.093708148,yield
SSP5-8.5,28,Mid-trophic species,568114.00396,yield
SSP5-8.5,29,Mid-trophic species,562076.11266284,yield
SSP5-8.5,30,Mid-trophic species,578169.29999889,yield
SSP5-8.5,31,Mid-trophic species,554004.454137038,yield
SSP5-8.5,32,Mid-trophic species,569848.938929013,yield
SSP5-8.5,33,Mid-trophic species,560248.904740001,yield
SSP5-8.5,34,Mid-trophic species,563028.102222841,yield
SSP5-8.5,35,Mid-trophic species,555632.276707038,yield
SSP5-8.5,36,Mid-trophic species,574169.478516543,yield
SSP5-8.5,37,Mid-trophic species,568387.843335926,yield
SSP5-8.5,38,Mid-trophic species,589698.190295062,yield
SSP5-8.5,39,Mid-trophic species,574387.899806111,yield
SSP5-8.5,40,Mid-trophic species,560876.028133704,yield
SSP5-8.5,41,Mid-trophic species,574692.643105679,yield
SSP5-8.5,42,Mid-trophic species,566009.765527037,yield
SSP5-8.5,43,Mid-trophic species,588944.521012592,yield
SSP5-8.5,44,Mid-trophic species,556831.727318024,yield
SSP5-8.5,45,Mid-trophic species,558589.948795926,yield
SSP5-8.5,46,Mid-trophic species,561055.17498605,yield
SSP5-8.5,47,Mid-trophic species,583910.660208767,yield
SSP5-8.5,48,Mid-trophic species,560054.768496173,yield
SSP5-8.5,49,Mid-trophic species,556936.127213827,yield
SSP5-8.5,50,Mid-trophic species,554833.517555803,yield
SSP5-8.5,51,Mid-trophic species,571210.474247778,yield
SSP5-8.5,52,Mid-trophic species,566061.818796295,yield
SSP5-8.5,53,Mid-trophic species,566341.953277778,yield
SSP5-8.5,54,Mid-trophic species,566089.373950938,yield
SSP5-8.5,55,Mid-trophic species,566719.172563951,yield
SSP5-8.5,56,Mid-trophic species,559589.136207778,yield
SSP5-8.5,57,Mid-trophic species,568249.292125925,yield
SSP5-8.5,58,Mid-trophic species,557079.202993705,yield
SSP5-8.5,59,Mid-trophic species,568143.959697161,yield
SSP5-8.5,60,Mid-trophic species,565825.381589012,yield
SSP5-8.5,61,Mid-trophic species,565858.519985309,yield
SSP5-8.5,62,Mid-trophic species,553677.99195679,yield
SSP5-8.5,63,Mid-trophic species,554548.897384939,yield
SSP5-8.5,64,Mid-trophic species,564222.063524568,yield
SSP5-8.5,65,Mid-trophic species,557251.19407889,yield
SSP5-8.5,66,Mid-trophic species,567538.572384939,yield
SSP5-8.5,67,Mid-trophic species,559471.833130125,yield
SSP5-8.5,68,Mid-trophic species,568892.401574445,yield
SSP5-8.5,69,Mid-trophic species,575351.088672593,yield
SSP5-8.5,70,Mid-trophic species,562236.405475309,yield
SSP5-8.5,71,Mid-trophic species,562024.52486642,yield
SSP5-8.5,72,Mid-trophic species,593940.674507037,yield
SSP5-8.5,73,Mid-trophic species,546745.550047655,yield
SSP5-8.5,74,Mid-trophic species,558381.947764814,yield
SSP5-8.5,75,Mid-trophic species,559765.333446173,yield
SSP5-8.5,76,Mid-trophic species,565301.831256494,yield
SSP5-8.5,77,Mid-trophic species,561048.981707408,yield
SSP5-8.5,78,Mid-trophic species,558027.274860495,yield
SSP5-8.5,79,Mid-trophic species,555083.538391234,yield
SSP5-8.5,80,Mid-trophic species,577293.530901976,yield
SSP5-8.5,81,Mid-trophic species,556972.61960037,yield
SSP5-8.5,82,Mid-trophic species,575722.268265803,yield
SSP5-8.5,83,Mid-trophic species,568846.384211111,yield
SSP5-8.5,84,Mid-trophic species,570318.687382716,yield
SSP5-8.5,85,Mid-trophic species,555978.015950123,yield
SSP5-8.5,86,Mid-trophic species,562247.393140001,yield
SSP5-8.5,87,Mid-trophic species,562311.498113828,yield
SSP5-8.5,88,Mid-trophic species,575788.475288272,yield
SSP5-8.5,89,Mid-trophic species,554827.938022963,yield
SSP5-8.5,90,Mid-trophic species,575369.649358272,yield
SSP5-8.5,91,Mid-trophic species,567880.584635185,yield
SSP5-8.5,92,Mid-trophic species,584352.708151605,yield
SSP5-8.5,93,Mid-trophic species,554878.028545803,yield
SSP5-8.5,94,Mid-trophic species,568254.825234938,yield
SSP5-8.5,95,Mid-trophic species,573622.797622098,yield
SSP5-8.5,96,Mid-trophic species,575678.959020988,yield
SSP5-8.5,97,Mid-trophic species,568909.686076913,yield
SSP5-8.5,98,Mid-trophic species,572878.252254445,yield
SSP5-8.5,99,Mid-trophic species,578260.08414642,yield
SSP5-8.5,100,Mid-trophic species,578183.539363827,yield
