species,run,latin,group,species_order,scenario,ingestion,maintenance,ingestion_base,maintenance_base,ingestion_log2,maintenance_log2,burden_log2
DecapterusMaruadsi,1,Decapterus maruadsi,Mid-trophic species,10,SSP1-2.6,39.1351018559671,0.452212927119342,38.8400906333333,0.416642804888889,0.0109166324590734,0.118191168028361,0.107274535569287
DecapterusMaruadsi,1,Decapterus maruadsi,Mid-trophic species,10,SSP5-8.5,38.1408577119342,0.498204381358025,38.8400906333333,0.416642804888889,-0.0262092799353577,0.257926643081931,0.284135923017288
DecapterusMaruadsi,2,Decapterus maruadsi,Mid-trophic species,10,SSP1-2.6,38.8423957654321,0.446229914444444,39.1802626666667,0.414729363666667,-0.0124948818600897,0.105617035935598,0.118111917795687
DecapterusMaruadsi,2,Decapterus maruadsi,Mid-trophic species,10,SSP5-8.5,38.6767160987654,0.49626144436214,39.1802626666667,0.414729363666667,-0.0186617635923595,0.258930176304991,0.277591939897351
DecapterusMaruadsi,3,Decapterus maruadsi,Mid-trophic species,10,SSP1-2.6,38.8570263744856,0.443821167572016,38.5312561333333,0.426780791555556,0.0121462803486917,0.0564832317986566,0.0443369514499649
DecapterusMaruadsi,3,Decapterus maruadsi,Mid-trophic species,10,SSP5-8.5,38.7233373292181,0.489209300041152,38.5312561333333,0.426780791555556,0.00717407593162336,0.196956585105514,0.189782509173891
DecapterusMaruadsi,4,Decapterus maruadsi,Mid-trophic species,10,SSP1-2.6,38.5686303539095,0.447058479465021,38.4669964222222,0.415703927888889,0.00380672840449329,0.104907182155489,0.101100453750996
DecapterusMaruadsi,4,Decapterus maruadsi,Mid-trophic species,10,SSP5-8.5,38.7957124444445,0.489858055967078,38.4669964222222,0.415703927888889,0.0122760344153518,0.236807386618461,0.224531352203109
DecapterusMaruadsi,5,Decapterus maruadsi,Mid-trophic species,10,SSP1-2.6,38.8419865720165,0.450277135308642,38.6710777333333,0.397988226666667,0.00636201744304755,0.178087467277972,0.171725449834924
DecapterusMaruadsi,5,Decapterus maruadsi,Mid-trophic species,10,SSP5-8.5,38.160607962963,0.499132612345679,38.6710777333333,0.397988226666667,-0.0191708156912159,0.326697416352546,0.345868232043761
DecapterusMaruadsi,6,Decapterus maruadsi,Mid-trophic species,10,SSP1-2.6,38.8120057037037,0.447099091769547,38.8895300333333,0.409534795888889,-0.00287881061694512,0.126608580384159,0.129487391001104
DecapterusMaruadsi,6,Decapterus maruadsi,Mid-trophic species,10,SSP5-8.5,38.4261740164609,0.506423171769547,38.8895300333333,0.409534795888889,-0.0172924618425283,0.306357383032917,0.323649844875445
DecapterusMaruadsi,7,Decapterus maruadsi,Mid-trophic species,10,SSP1-2.6,39.2524392427984,0.444153193621399,38.7911874222222,0.408954134444444,0.0170533710643577,0.119118315540179,0.102064944475821
DecapterusMaruadsi,7,Decapterus maruadsi,Mid-trophic species,10,SSP5-8.5,38.6695563703704,0.495617413580247,38.7911874222222,0.408954134444444,-0.00453072487953516,0.277287828410396,0.281818553289931
DecapterusMaruadsi,8,Decapterus maruadsi,Mid-trophic species,10,SSP1-2.6,38.6519767983539,0.450256016872428,38.4414653555556,0.406029855555556,0.0078788690948903,0.149159742001016,0.141280872906126
DecapterusMaruadsi,8,Decapterus maruadsi,Mid-trophic species,10,SSP5-8.5,38.3257129753086,0.492511611934156,38.4414653555556,0.406029855555556,-0.00435070078497733,0.278571926037796,0.282922626822773
DecapterusMaruadsi,9,Decapterus maruadsi,Mid-trophic species,10,SSP1-2.6,38.657251691358,0.451273516008231,38.8423272444445,0.407482815111111,-0.00689056879721604,0.147262895824271,0.154153464621487
DecapterusMaruadsi,9,Decapterus maruadsi,Mid-trophic species,10,SSP5-8.5,38.7012553292181,0.500714674279835,38.8423272444445,0.407482815111111,-0.00524927970274085,0.297249519191479,0.302498798894219
DecapterusMaruadsi,10,Decapterus maruadsi,Mid-trophic species,10,SSP1-2.6,38.8582024032922,0.44714794218107,39.3646070888889,0.404808289333333,-0.0186799154916084,0.143513403975899,0.162193319467507
DecapterusMaruadsi,10,Decapterus maruadsi,Mid-trophic species,10,SSP5-8.5,38.7781330864198,0.50152543781893,39.3646070888889,0.404808289333333,-0.0216557294994939,0.30908404481179,0.330739774311284
DecapterusMaruadsi,11,Decapterus maruadsi,Mid-trophic species,10,SSP1-2.6,38.5938610617284,0.448849601851852,38.8535315333333,0.416984649,-0.00967435294884235,0.106237842489275,0.115912195438118
DecapterusMaruadsi,11,Decapterus maruadsi,Mid-trophic species,10,SSP5-8.5,38.7996143209877,0.50690516600823,38.8535315333333,0.416984649,-0.00200342449784861,0.281721594066867,0.283725018564716
DecapterusMaruadsi,12,Decapterus maruadsi,Mid-trophic species,10,SSP1-2.6,38.7305745390947,0.447382211481481,38.2242511666667,0.417836847777778,0.0189846641238256,0.0985681690802688,0.0795835049564432
DecapterusMaruadsi,12,Decapterus maruadsi,Mid-trophic species,10,SSP5-8.5,39.0899927366255,0.495817096584362,38.2242511666667,0.417836847777778,0.0323110778550747,0.246868293805046,0.214557215949971
DecapterusMaruadsi,13,Decapterus maruadsi,Mid-trophic species,10,SSP1-2.6,38.2968076049383,0.453831268312757,39.1169662333333,0.407247292444445,-0.0305703494437288,0.156250904895564,0.186821254339293
DecapterusMaruadsi,13,Decapterus maruadsi,Mid-trophic species,10,SSP5-8.5,38.6053355144033,0.497065451728395,39.1169662333333,0.407247292444445,-0.0189942332246212,0.287530725884373,0.306524959108995
DecapterusMaruadsi,14,Decapterus maruadsi,Mid-trophic species,10,SSP1-2.6,38.9079788271605,0.450493252222222,38.9789813,0.415714057,-0.00263034899974842,0.115913964353164,0.118544313352912
DecapterusMaruadsi,14,Decapterus maruadsi,Mid-trophic species,10,SSP5-8.5,38.5949376131687,0.494625886255144,38.9789813,0.415714057,-0.0142847610851101,0.25074621294306,0.26503097402817
DecapterusMaruadsi,15,Decapterus maruadsi,Mid-trophic species,10,SSP1-2.6,38.9550266131687,0.445911571604938,39.0196200333333,0.408992348,-0.00239022893388101,0.124683787253882,0.127074016187763
DecapterusMaruadsi,15,Decapterus maruadsi,Mid-trophic species,10,SSP5-8.5,38.4473459012346,0.506443694897119,39.0196200333333,0.408992348,-0.0213157198464106,0.308328031364833,0.329643751211243
DecapterusMaruadsi,16,Decapterus maruadsi,Mid-trophic species,10,SSP1-2.6,38.8055186255144,0.449238185432099,38.8343996,0.426300592,-0.00107332520539833,0.0756095038659282,0.0766828290713265
DecapterusMaruadsi,16,Decapterus maruadsi,Mid-trophic species,10,SSP5-8.5,38.6386864979424,0.496381560946502,38.8343996,0.426300592,-0.0072891099770238,0.219578466003405,0.226867575980429
DecapterusMaruadsi,17,Decapterus maruadsi,Mid-trophic species,10,SSP1-2.6,38.880573617284,0.448025421234568,38.7634068222222,0.417168867888889,0.00435413232405511,0.102949096299317,0.0985949639752618
DecapterusMaruadsi,17,Decapterus maruadsi,Mid-trophic species,10,SSP5-8.5,38.5571072345679,0.493707740082305,38.7634068222222,0.417168867888889,-0.0076985545668107,0.243025765348001,0.250724319914812
DecapterusMaruadsi,18,Decapterus maruadsi,Mid-trophic species,10,SSP1-2.6,38.673437090535,0.446644803744856,38.8409956555556,0.413812031333333,-0.00623719425585094,0.110152386468567,0.116389580724418
DecapterusMaruadsi,18,Decapterus maruadsi,Mid-trophic species,10,SSP5-8.5,38.7507010164609,0.493130570205761,38.8409956555556,0.413812031333333,-0.0033577738967541,0.252994100035231,0.256351873931985
DecapterusMaruadsi,19,Decapterus maruadsi,Mid-trophic species,10,SSP1-2.6,38.7423896872428,0.448605819135803,39.345975,0.411598490777778,-0.0223031147719711,0.124210642347877,0.146513757119849
DecapterusMaruadsi,19,Decapterus maruadsi,Mid-trophic species,10,SSP5-8.5,38.4726010288066,0.505090348888889,39.345975,0.411598490777778,-0.0323846893442624,0.295303783196677,0.327688472540939
DecapterusMaruadsi,20,Decapterus maruadsi,Mid-trophic species,10,SSP1-2.6,38.922697962963,0.445339839300412,39.2848123444445,0.393242880555556,-0.0133599536335907,0.179486031772321,0.192845985405912
DecapterusMaruadsi,20,Decapterus maruadsi,Mid-trophic species,10,SSP5-8.5,38.8547019176955,0.502025554938272,39.2848123444445,0.393242880555556,-0.0158824751488332,0.352340157820297,0.36822263296913
DecapterusMaruadsi,21,Decapterus maruadsi,Mid-trophic species,10,SSP1-2.6,38.6225818518519,0.447520906707819,38.7250606,0.391684659444444,-0.00382288751336541,0.192262456516143,0.196085344029508
DecapterusMaruadsi,21,Decapterus maruadsi,Mid-trophic species,10,SSP5-8.5,38.3061932510288,0.498529188353909,38.7250606,0.391684659444444,-0.0156898342676765,0.347985349945092,0.363675184212768
DecapterusMaruadsi,22,Decapterus maruadsi,Mid-trophic species,10,SSP1-2.6,39.0552103909465,0.443730842304527,38.4854154555556,0.410979937,0.0212032109703899,0.110616866831467,0.0894136558610772
DecapterusMaruadsi,22,Decapterus maruadsi,Mid-trophic species,10,SSP5-8.5,38.3170369423868,0.495845297860082,38.4854154555556,0.410979937,-0.00632581975051123,0.270822107690464,0.277147927440976
DecapterusMaruadsi,23,Decapterus maruadsi,Mid-trophic species,10,SSP1-2.6,38.9043599506173,0.455259963744856,38.5919866555556,0.418034947222222,0.0116305313512417,0.123067037204744,0.111436505853503
DecapterusMaruadsi,23,Decapterus maruadsi,Mid-trophic species,10,SSP5-8.5,38.3805261234568,0.509027316666667,38.5919866555556,0.418034947222222,-0.00792682523869435,0.284119524872282,0.292046350110977
DecapterusMaruadsi,24,Decapterus maruadsi,Mid-trophic species,10,SSP1-2.6,38.7559045720165,0.447493690946502,39.0117266333333,0.420564088333333,-0.00949172669349259,0.0895416778474736,0.0990334045409662
DecapterusMaruadsi,24,Decapterus maruadsi,Mid-trophic species,10,SSP5-8.5,38.2344665473251,0.49569263835391,39.0117266333333,0.420564088333333,-0.0290341069713057,0.237120168537988,0.266154275509294
DecapterusMaruadsi,25,Decapterus maruadsi,Mid-trophic species,10,SSP1-2.6,38.7868281954733,0.450533673950617,38.8696570444444,0.415096512222222,-0.00307757464425735,0.118188130509726,0.121265705153983
DecapterusMaruadsi,25,Decapterus maruadsi,Mid-trophic species,10,SSP5-8.5,38.6386133374486,0.504160752263375,38.8696570444444,0.415096512222222,-0.00860105885353268,0.280437002136638,0.289038060990171
DecapterusMaruadsi,26,Decapterus maruadsi,Mid-trophic species,10,SSP1-2.6,38.8417504650206,0.44008118473251,39.1204723222222,0.416058758888889,-0.0103155692582715,0.0809824011500575,0.091297970408329
DecapterusMaruadsi,26,Decapterus maruadsi,Mid-trophic species,10,SSP5-8.5,38.5248784197531,0.495900874115226,39.1204723222222,0.416058758888889,-0.0221333850565366,0.253264477567847,0.275397862624384
DecapterusMaruadsi,27,Decapterus maruadsi,Mid-trophic species,10,SSP1-2.6,38.6934497201646,0.449073098436214,38.7089519888889,0.412379050666667,-0.00057789024671819,0.122979256585364,0.123557146832083
DecapterusMaruadsi,27,Decapterus maruadsi,Mid-trophic species,10,SSP5-8.5,38.6133774238683,0.495022068518519,38.7089519888889,0.412379050666667,-0.00356649941250231,0.263521799248984,0.267088298661487
DecapterusMaruadsi,28,Decapterus maruadsi,Mid-trophic species,10,SSP1-2.6,38.717465526749,0.448033986090535,38.9711027,0.418041269222222,-0.00942023776465067,0.0999628007473467,0.109383038511997
DecapterusMaruadsi,28,Decapterus maruadsi,Mid-trophic species,10,SSP5-8.5,38.6350075761317,0.491316362962963,38.9711027,0.418041269222222,-0.0124960727503126,0.233006915042423,0.245502987792736
DecapterusMaruadsi,29,Decapterus maruadsi,Mid-trophic species,10,SSP1-2.6,38.7306840946502,0.455926928477366,38.8865757444444,0.415588047111111,-0.00579521650100467,0.133648460895024,0.139443677396029
DecapterusMaruadsi,29,Decapterus maruadsi,Mid-trophic species,10,SSP5-8.5,38.761273744856,0.491760541563786,38.8865757444444,0.415588047111111,-0.00465621988310821,0.242801818060763,0.247458037943871
DecapterusMaruadsi,30,Decapterus maruadsi,Mid-trophic species,10,SSP1-2.6,38.8471349300412,0.439061671316872,38.9283122333333,0.418637946333333,-0.00301159658199048,0.0687205104766366,0.0717321070586271
DecapterusMaruadsi,30,Decapterus maruadsi,Mid-trophic species,10,SSP5-8.5,38.6692832016461,0.504089802633745,38.9283122333333,0.418637946333333,-0.00963177493880271,0.26797768317163,0.277609458110433
DecapterusMaruadsi,31,Decapterus maruadsi,Mid-trophic species,10,SSP1-2.6,38.8232899012346,0.445621562633745,39.2184845777778,0.410520795555556,-0.0146114123446866,0.118363737396263,0.13297514974095
DecapterusMaruadsi,31,Decapterus maruadsi,Mid-trophic species,10,SSP5-8.5,38.9515397407407,0.494993369588477,39.2184845777778,0.410520795555556,-0.00985343149131501,0.26995389472677,0.279807326218085
DecapterusMaruadsi,32,Decapterus maruadsi,Mid-trophic species,10,SSP1-2.6,38.8851018312757,0.445860059218107,38.9182237444444,0.405902182444444,-0.00122834910735131,0.13545886965252,0.136687218759871
DecapterusMaruadsi,32,Decapterus maruadsi,Mid-trophic species,10,SSP5-8.5,38.7815772674897,0.508383383045268,38.9182237444444,0.405902182444444,-0.00507438617165565,0.324784778264371,0.329859164436027
DecapterusMaruadsi,33,Decapterus maruadsi,Mid-trophic species,10,SSP1-2.6,38.9905073497942,0.443694556625514,38.5375324444444,0.404383879222222,0.0168587284755984,0.13384136856435,0.116982640088751
DecapterusMaruadsi,33,Decapterus maruadsi,Mid-trophic species,10,SSP5-8.5,38.4800246131687,0.505744072757202,38.5375324444444,0.404383879222222,-0.00215447702010652,0.322682021420525,0.324836498440631
DecapterusMaruadsi,34,Decapterus maruadsi,Mid-trophic species,10,SSP1-2.6,38.4968460658436,0.450485542304527,39.0729487111111,0.421341741,-0.0214298803760713,0.0964899592911241,0.117919839667195
DecapterusMaruadsi,34,Decapterus maruadsi,Mid-trophic species,10,SSP5-8.5,38.5040425720165,0.498798285596708,39.0729487111111,0.421341741,-0.0211602117012998,0.243465660299549,0.264625872000849
DecapterusMaruadsi,35,Decapterus maruadsi,Mid-trophic species,10,SSP1-2.6,38.8366136954733,0.448993141399177,38.5723782666667,0.401309444888889,0.00984931113902666,0.161978296626196,0.152128985487169
DecapterusMaruadsi,35,Decapterus maruadsi,Mid-trophic species,10,SSP5-8.5,38.7304602057613,0.497947672427984,38.5723782666667,0.401309444888889,0.00590054264518811,0.311279031903038,0.30537848925785
DecapterusMaruadsi,36,Decapterus maruadsi,Mid-trophic species,10,SSP1-2.6,39.066525744856,0.441264877037037,38.9304437666667,0.416128539555556,0.00503416980230656,0.0846156821215127,0.0795815123192061
DecapterusMaruadsi,36,Decapterus maruadsi,Mid-trophic species,10,SSP5-8.5,38.410706345679,0.50217599399177,38.9304437666667,0.416128539555556,-0.0193902957528332,0.271163826836815,0.290554122589648
DecapterusMaruadsi,37,Decapterus maruadsi,Mid-trophic species,10,SSP1-2.6,39.022328600823,0.457375217078189,38.7236782555556,0.408056772555556,0.0110838744981758,0.164608308325239,0.153524433827063
DecapterusMaruadsi,37,Decapterus maruadsi,Mid-trophic species,10,SSP5-8.5,38.6535498765432,0.497475428148148,38.7236782555556,0.408056772555556,-0.00261508184697124,0.285855381273336,0.288470463120307
DecapterusMaruadsi,38,Decapterus maruadsi,Mid-trophic species,10,SSP1-2.6,38.9013153127572,0.445978070288066,39.0080110444444,0.410099760222222,-0.00395150379082046,0.120997871287799,0.12494937507862
DecapterusMaruadsi,38,Decapterus maruadsi,Mid-trophic species,10,SSP5-8.5,38.4140082222222,0.496538871028807,39.0080110444444,0.410099760222222,-0.0221379330927345,0.275931761906388,0.298069694999122
DecapterusMaruadsi,39,Decapterus maruadsi,Mid-trophic species,10,SSP1-2.6,38.359134744856,0.446511894279835,38.6325646555556,0.412529293333333,-0.0102472769853386,0.11420203920852,0.124449316193859
DecapterusMaruadsi,39,Decapterus maruadsi,Mid-trophic species,10,SSP5-8.5,38.4646876502058,0.508149332592593,38.6325646555556,0.412529293333333,-0.00628286219378865,0.300755964430888,0.307038826624677
DecapterusMaruadsi,40,Decapterus maruadsi,Mid-trophic species,10,SSP1-2.6,39.0636338106996,0.443568315843621,39.1506635888889,0.423747895777778,-0.00321060177988734,0.0659501130232602,0.0691607148031475
DecapterusMaruadsi,40,Decapterus maruadsi,Mid-trophic species,10,SSP5-8.5,38.985594308642,0.494723309794239,39.1506635888889,0.423747895777778,-0.00609563326180105,0.22341567209829,0.229511305360091
DecapterusMaruadsi,41,Decapterus maruadsi,Mid-trophic species,10,SSP1-2.6,38.6842700288066,0.45229379090535,38.7724392888889,0.414983651222222,-0.00328445167216317,0.12420568988953,0.127490141561693
DecapterusMaruadsi,41,Decapterus maruadsi,Mid-trophic species,10,SSP5-8.5,38.5071012921811,0.504376896337449,38.7724392888889,0.414983651222222,-0.00990697701877789,0.281447691710929,0.291354668729707
DecapterusMaruadsi,42,Decapterus maruadsi,Mid-trophic species,10,SSP1-2.6,38.5886370658436,0.444036403827161,39.1972777777778,0.415788880444444,-0.0225773742987666,0.0948267828361155,0.117404157134882
DecapterusMaruadsi,42,Decapterus maruadsi,Mid-trophic species,10,SSP5-8.5,38.5194863045268,0.491739459794239,39.1972777777778,0.415788880444444,-0.0251650001625512,0.242042953015717,0.267207953178268
DecapterusMaruadsi,43,Decapterus maruadsi,Mid-trophic species,10,SSP1-2.6,38.7244965432099,0.442278781481481,38.9864608222222,0.406769578333333,-0.00972671063699685,0.120744243666867,0.130470954303864
DecapterusMaruadsi,43,Decapterus maruadsi,Mid-trophic species,10,SSP5-8.5,38.722792127572,0.504592204567901,38.9864608222222,0.406769578333333,-0.00979021065180735,0.310906132024887,0.320696342676694
DecapterusMaruadsi,44,Decapterus maruadsi,Mid-trophic species,10,SSP1-2.6,38.9446795802469,0.451581177942387,39.4236901888889,0.411700188,-0.0176365755205314,0.133391247886478,0.151027823407009
DecapterusMaruadsi,44,Decapterus maruadsi,Mid-trophic species,10,SSP5-8.5,38.8015560617284,0.493443041934156,39.4236901888889,0.411700188,-0.022948313688942,0.261289456736286,0.284237770425228
DecapterusMaruadsi,45,Decapterus maruadsi,Mid-trophic species,10,SSP1-2.6,38.3719226378601,0.446934126419753,38.6903430222222,0.419891883222222,-0.0119224660715793,0.0900443081589438,0.101966774230523
DecapterusMaruadsi,45,Decapterus maruadsi,Mid-trophic species,10,SSP5-8.5,38.7011094938272,0.491988730164609,38.6903430222222,0.419891883222222,0.000401406997481677,0.228607368341253,0.228205961343771
DecapterusMaruadsi,46,Decapterus maruadsi,Mid-trophic species,10,SSP1-2.6,38.858239218107,0.446773364320988,39.2944571777778,0.417827289555556,-0.0161052926326495,0.0966364557413546,0.112741748374004
DecapterusMaruadsi,46,Decapterus maruadsi,Mid-trophic species,10,SSP5-8.5,38.6593274403292,0.489597192962963,39.2944571777778,0.417827289555556,-0.0235092831755314,0.228688564334348,0.252197847509879
DecapterusMaruadsi,47,Decapterus maruadsi,Mid-trophic species,10,SSP1-2.6,39.2608984403292,0.440396118641975,38.4300450555556,0.418846611555556,0.0308585197682929,0.0723797517600709,0.041521231991778
DecapterusMaruadsi,47,Decapterus maruadsi,Mid-trophic species,10,SSP5-8.5,38.5735126707819,0.500303227572017,38.4300450555556,0.418846611555556,0.00537586217105765,0.256380757275363,0.251004895104305
DecapterusMaruadsi,48,Decapterus maruadsi,Mid-trophic species,10,SSP1-2.6,38.6080043497942,0.449041950246914,38.9057489666667,0.406672017666667,-0.0110833697635072,0.142984505141484,0.154067874904991
DecapterusMaruadsi,48,Decapterus maruadsi,Mid-trophic species,10,SSP5-8.5,38.6775448971193,0.497297385185185,38.9057489666667,0.406672017666667,-0.00848713202386793,0.290243120302457,0.298730252326325
DecapterusMaruadsi,49,Decapterus maruadsi,Mid-trophic species,10,SSP1-2.6,38.8405085308642,0.45091060617284,38.5269386222222,0.414794441222222,0.0116945368089572,0.120444884662891,0.108750347853934
DecapterusMaruadsi,49,Decapterus maruadsi,Mid-trophic species,10,SSP5-8.5,38.6789066419753,0.503573008971193,38.5269386222222,0.414794441222222,0.00567946094929344,0.279804397747101,0.274124936797808
DecapterusMaruadsi,50,Decapterus maruadsi,Mid-trophic species,10,SSP1-2.6,38.9019897078189,0.449320330987654,39.0888072555556,0.416004213888889,-0.00691161715627344,0.111146200726907,0.118057817883181
DecapterusMaruadsi,50,Decapterus maruadsi,Mid-trophic species,10,SSP5-8.5,38.6734406502058,0.492509338641975,39.0888072555556,0.416004213888889,-0.0154124413087176,0.243552938143717,0.258965379452434
DecapterusMaruadsi,51,Decapterus maruadsi,Mid-trophic species,10,SSP1-2.6,38.7216956049383,0.442494827942387,38.9548901444444,0.407302270777778,-0.0086623173040195,0.119560734865881,0.1282230521699
DecapterusMaruadsi,51,Decapterus maruadsi,Mid-trophic species,10,SSP5-8.5,38.73569018107,0.496141001893004,38.9548901444444,0.407302270777778,-0.00814100082530397,0.284650331175504,0.292791332000808
DecapterusMaruadsi,52,Decapterus maruadsi,Mid-trophic species,10,SSP1-2.6,38.8351161358025,0.450893412962963,38.8164574222222,0.410558343555556,0.000693323595036685,0.135199179170617,0.13450585557558
DecapterusMaruadsi,52,Decapterus maruadsi,Mid-trophic species,10,SSP5-8.5,38.4721995144033,0.504253256666667,38.8164574222222,0.410558343555556,-0.0128521436561071,0.296561241528282,0.309413385184389
DecapterusMaruadsi,53,Decapterus maruadsi,Mid-trophic species,10,SSP1-2.6,38.9706510082305,0.454252166378601,38.4628424555556,0.417823968222222,0.0189226483459476,0.120598140729692,0.101675492383744
DecapterusMaruadsi,53,Decapterus maruadsi,Mid-trophic species,10,SSP5-8.5,38.6795942139918,0.497190979259259,38.4628424555556,0.417823968222222,0.00810727592796511,0.250904867099828,0.242797591171863
DecapterusMaruadsi,54,Decapterus maruadsi,Mid-trophic species,10,SSP1-2.6,38.9129750288066,0.447128531728395,38.9670311333333,0.412560561111111,-0.00200273447056165,0.116083695845422,0.118086430315983
DecapterusMaruadsi,54,Decapterus maruadsi,Mid-trophic species,10,SSP5-8.5,38.6462233703704,0.498923888641975,38.9670311333333,0.412560561111111,-0.011926581548834,0.274213834902318,0.286140416451152
DecapterusMaruadsi,55,Decapterus maruadsi,Mid-trophic species,10,SSP1-2.6,38.9781598930041,0.44046254308642,39.5735166111111,0.405883407222222,-0.0218692883485318,0.117953974715673,0.139823263064205
DecapterusMaruadsi,55,Decapterus maruadsi,Mid-trophic species,10,SSP5-8.5,38.4260460288066,0.498082627654321,39.5735166111111,0.405883407222222,-0.0424507395346335,0.295319730004602,0.337770469539236
DecapterusMaruadsi,56,Decapterus maruadsi,Mid-trophic species,10,SSP1-2.6,39.2845668106996,0.451902583045268,39.0858330333333,0.408788811444444,0.00731686581148906,0.144656093149686,0.137339227338197
DecapterusMaruadsi,56,Decapterus maruadsi,Mid-trophic species,10,SSP5-8.5,38.8629434032922,0.501235479012346,39.0858330333333,0.408788811444444,-0.00825061418623935,0.294132826501775,0.302383440688015
DecapterusMaruadsi,57,Decapterus maruadsi,Mid-trophic species,10,SSP1-2.6,38.8659702880659,0.451120191440329,39.0548715555556,0.418860526666667,-0.00699498232481674,0.107041928980984,0.114036911305801
DecapterusMaruadsi,57,Decapterus maruadsi,Mid-trophic species,10,SSP5-8.5,38.5684584691358,0.505459917283951,39.0548715555556,0.418860526666667,-0.0180810313782563,0.271126760361765,0.289207791740022
DecapterusMaruadsi,58,Decapterus maruadsi,Mid-trophic species,10,SSP1-2.6,38.9463313662551,0.443811481234568,38.9532816888889,0.416330545555556,-0.000257438917337658,0.0922175792309499,0.0924750181482875
DecapterusMaruadsi,58,Decapterus maruadsi,Mid-trophic species,10,SSP5-8.5,38.8703118477366,0.495553069958848,38.9532816888889,0.416330545555556,-0.00307619369102885,0.251310156574419,0.254386350265448
DecapterusMaruadsi,59,Decapterus maruadsi,Mid-trophic species,10,SSP1-2.6,38.8400087201646,0.444256896954733,39.5964951222222,0.409521139333333,-0.0278292113590274,0.117456248648997,0.145285460008025
DecapterusMaruadsi,59,Decapterus maruadsi,Mid-trophic species,10,SSP5-8.5,38.3985110288066,0.503850568641975,39.5964951222222,0.409521139333333,-0.0443223670817553,0.299057999323803,0.343380366405558
DecapterusMaruadsi,60,Decapterus maruadsi,Mid-trophic species,10,SSP1-2.6,38.9215487160494,0.440099117654321,38.7168974666667,0.411052924,0.00760576855764876,0.0985043231680739,0.0908985546104252
DecapterusMaruadsi,60,Decapterus maruadsi,Mid-trophic species,10,SSP5-8.5,38.4577816748971,0.494899870288066,38.7168974666667,0.411052924,-0.00968780114605313,0.267812507940811,0.277500309086864
DecapterusMaruadsi,61,Decapterus maruadsi,Mid-trophic species,10,SSP1-2.6,38.9465197572017,0.4467947281893,38.7105922777778,0.411485900777778,0.00876603424600634,0.118769164557655,0.110003130311648
DecapterusMaruadsi,61,Decapterus maruadsi,Mid-trophic species,10,SSP5-8.5,38.3937773374486,0.495419149300412,38.7105922777778,0.411485900777778,-0.0118558758172602,0.26780663500964,0.2796625108269
DecapterusMaruadsi,62,Decapterus maruadsi,Mid-trophic species,10,SSP1-2.6,38.7980903827161,0.441034941234568,38.4814462333333,0.411425872,0.01182262525187,0.100260439830982,0.0884378145791116
DecapterusMaruadsi,62,Decapterus maruadsi,Mid-trophic species,10,SSP5-8.5,38.8855581111111,0.494203643209877,38.4814462333333,0.411425872,0.0150714250640774,0.264473127296564,0.249401702232486
DecapterusMaruadsi,63,Decapterus maruadsi,Mid-trophic species,10,SSP1-2.6,38.6073404485597,0.44844850090535,39.1255606222222,0.414203257,-0.0192362497917362,0.114603419979276,0.133839669771013
DecapterusMaruadsi,63,Decapterus maruadsi,Mid-trophic species,10,SSP5-8.5,38.6198319958848,0.506937031152264,39.1255606222222,0.414203257,-0.0187695359922872,0.29146765701669,0.310237193008977
DecapterusMaruadsi,64,Decapterus maruadsi,Mid-trophic species,10,SSP1-2.6,38.3381199506173,0.445584795596708,38.8509399555556,0.408222088,-0.019169912533897,0.126345759822659,0.145515672356556
DecapterusMaruadsi,64,Decapterus maruadsi,Mid-trophic species,10,SSP5-8.5,38.7536062427984,0.490708349794239,38.8509399555556,0.408222088,-0.00361893587985593,0.265511574682129,0.269130510561985
DecapterusMaruadsi,65,Decapterus maruadsi,Mid-trophic species,10,SSP1-2.6,38.8482969382716,0.44142787781893,38.4334282444444,0.419193573555556,0.0154896841500322,0.0745611442563841,0.059071460106352
DecapterusMaruadsi,65,Decapterus maruadsi,Mid-trophic species,10,SSP5-8.5,38.8368541399177,0.495828529835391,38.4334282444444,0.419193573555556,0.0150646745225978,0.242224686265828,0.227160011743231
DecapterusMaruadsi,66,Decapterus maruadsi,Mid-trophic species,10,SSP1-2.6,38.7243606831276,0.448501411234568,39.3309157222222,0.415233064888889,-0.0224223550776698,0.111191195012687,0.133613550090357
DecapterusMaruadsi,66,Decapterus maruadsi,Mid-trophic species,10,SSP5-8.5,38.5501091687243,0.493308403127572,39.3309157222222,0.415233064888889,-0.0289288305612203,0.248568533078312,0.277497363639533
DecapterusMaruadsi,67,Decapterus maruadsi,Mid-trophic species,10,SSP1-2.6,38.2196676460905,0.447979726584362,39.0789202,0.409852028444444,-0.0320753715111138,0.128330306178703,0.160405677689816
DecapterusMaruadsi,67,Decapterus maruadsi,Mid-trophic species,10,SSP5-8.5,38.6844666296296,0.49667745872428,39.0789202,0.409852028444444,-0.0146362218495475,0.277206134680088,0.291842356529635
DecapterusMaruadsi,68,Decapterus maruadsi,Mid-trophic species,10,SSP1-2.6,38.6492466090535,0.446823070411523,38.8884818555556,0.407713366666667,-0.00890262342728819,0.132148421518515,0.141051044945803
DecapterusMaruadsi,68,Decapterus maruadsi,Mid-trophic species,10,SSP5-8.5,38.8461230246914,0.499119644156379,38.8884818555556,0.407713366666667,-0.00157229541124942,0.291830430391633,0.293402725802882
DecapterusMaruadsi,69,Decapterus maruadsi,Mid-trophic species,10,SSP1-2.6,38.7810828971193,0.44837469909465,39.1523190666667,0.425996886333333,-0.013744674768811,0.0738619863430844,0.0876066611118954
DecapterusMaruadsi,69,Decapterus maruadsi,Mid-trophic species,10,SSP5-8.5,38.6458136522634,0.501536961440329,39.1523190666667,0.425996886333333,-0.0187856224493854,0.235513140461207,0.254298762910592
DecapterusMaruadsi,70,Decapterus maruadsi,Mid-trophic species,10,SSP1-2.6,38.8130129176955,0.442475025226338,39.3621533,0.415467998,-0.0202687164136973,0.0908586712649392,0.111127387678637
DecapterusMaruadsi,70,Decapterus maruadsi,Mid-trophic species,10,SSP5-8.5,38.5967487942387,0.497013555761317,39.3621533,0.415467998,-0.0283298183541744,0.258547845324245,0.286877663678419
DecapterusMaruadsi,71,Decapterus maruadsi,Mid-trophic species,10,SSP1-2.6,38.4239236584362,0.447023787078189,38.7523117111111,0.407208917777778,-0.0122775274556358,0.134582445860541,0.146859973316177
DecapterusMaruadsi,71,Decapterus maruadsi,Mid-trophic species,10,SSP5-8.5,38.6392550823045,0.499277675925926,38.7523117111111,0.407208917777778,-0.00421509372410337,0.29407324482302,0.298288338547124
DecapterusMaruadsi,72,Decapterus maruadsi,Mid-trophic species,10,SSP1-2.6,38.8821638806584,0.447949357860082,39.0790711888889,0.407469218,-0.00728766805476149,0.136644564117829,0.14393223217259
DecapterusMaruadsi,72,Decapterus maruadsi,Mid-trophic species,10,SSP5-8.5,38.5561937489712,0.490791408888889,39.0790711888889,0.407469218,-0.0194335421284891,0.268418919419775,0.287852461548264
DecapterusMaruadsi,73,Decapterus maruadsi,Mid-trophic species,10,SSP1-2.6,38.9352822633745,0.443063254979424,39.1601662,0.408376350444444,-0.0083088027098966,0.117613362808169,0.125922165518066
DecapterusMaruadsi,73,Decapterus maruadsi,Mid-trophic species,10,SSP5-8.5,38.8498879012346,0.504935499711934,39.1601662,0.408376350444444,-0.0114764520706124,0.306199789797407,0.317676241868019
DecapterusMaruadsi,74,Decapterus maruadsi,Mid-trophic species,10,SSP1-2.6,38.9817229835391,0.449654764814815,38.6652685222222,0.423236062888889,0.0117596265084182,0.0873551953214343,0.0755955688130161
DecapterusMaruadsi,74,Decapterus maruadsi,Mid-trophic species,10,SSP5-8.5,38.6574065514403,0.507978383539095,38.6652685222222,0.423236062888889,-0.000293379045330156,0.263304544870197,0.263597923915527
DecapterusMaruadsi,75,Decapterus maruadsi,Mid-trophic species,10,SSP1-2.6,39.002859909465,0.444289257037037,38.5108540777778,0.410774011222222,0.0183147954002998,0.113154348877634,0.0948395534773341
DecapterusMaruadsi,75,Decapterus maruadsi,Mid-trophic species,10,SSP5-8.5,38.5398621152263,0.497602693251029,38.5108540777778,0.410774011222222,0.00108629110325872,0.276649385640569,0.27556309453731
DecapterusMaruadsi,76,Decapterus maruadsi,Mid-trophic species,10,SSP1-2.6,38.7718560864198,0.44401001345679,38.7487788,0.405002620444444,0.000858958075028674,0.132660970524956,0.131802012449927
DecapterusMaruadsi,76,Decapterus maruadsi,Mid-trophic species,10,SSP5-8.5,38.6748820740741,0.490850248230453,38.7487788,0.405002620444444,-0.0027539506967393,0.277351702389957,0.280105653086696
DecapterusMaruadsi,77,Decapterus maruadsi,Mid-trophic species,10,SSP1-2.6,38.838271399177,0.449818444279835,38.8617775333333,0.401938604777778,-0.000872899944806456,0.16236766855882,0.163240568503626
DecapterusMaruadsi,77,Decapterus maruadsi,Mid-trophic species,10,SSP5-8.5,38.8256186152263,0.489014318353909,38.8617775333333,0.401938604777778,-0.00134297963865736,0.28290155815545,0.284244537794107
DecapterusMaruadsi,78,Decapterus maruadsi,Mid-trophic species,10,SSP1-2.6,38.8530097325103,0.443224776625514,39.0976239444444,0.406737733666667,-0.0090545734460342,0.123939693486422,0.132994266932456
DecapterusMaruadsi,78,Decapterus maruadsi,Mid-trophic species,10,SSP5-8.5,38.9560060329218,0.497135057160494,39.0976239444444,0.406737733666667,-0.005235161591003,0.289539005408544,0.294774166999547
DecapterusMaruadsi,79,Decapterus maruadsi,Mid-trophic species,10,SSP1-2.6,38.7140402304527,0.453867539176955,38.2530957,0.416342911555556,0.0172803711800995,0.124499048155649,0.107218676975549
DecapterusMaruadsi,79,Decapterus maruadsi,Mid-trophic species,10,SSP5-8.5,38.8279271893004,0.49645857255144,38.2530957,0.416342911555556,0.0215181865041165,0.253901074171357,0.23238288766724
DecapterusMaruadsi,80,Decapterus maruadsi,Mid-trophic species,10,SSP1-2.6,38.867037436214,0.449252022839506,38.9397856555556,0.410841305444444,-0.0026977974858891,0.128943764138729,0.131641561624618
DecapterusMaruadsi,80,Decapterus maruadsi,Mid-trophic species,10,SSP5-8.5,38.4365633703704,0.497019748888889,38.9397856555556,0.410841305444444,-0.0187655928555444,0.274721942250263,0.293487535105807
DecapterusMaruadsi,81,Decapterus maruadsi,Mid-trophic species,10,SSP1-2.6,38.8110601193416,0.453849786995885,38.6967189555556,0.410714747555556,0.00425659337936172,0.14407812912999,0.139821535750629
DecapterusMaruadsi,81,Decapterus maruadsi,Mid-trophic species,10,SSP5-8.5,38.8187714032922,0.495953882427984,38.6967189555556,0.410714747555556,0.00454321080291673,0.27206922289626,0.267526012093343
DecapterusMaruadsi,82,Decapterus maruadsi,Mid-trophic species,10,SSP1-2.6,38.8171377777778,0.442883331399177,39.0143837111111,0.404051382777778,-0.00731236737052832,0.132387929567194,0.139700296937722
DecapterusMaruadsi,82,Decapterus maruadsi,Mid-trophic species,10,SSP5-8.5,38.5709332016461,0.501172130781893,39.0143837111111,0.404051382777778,-0.0164920591477916,0.310767420781129,0.32725947992892
DecapterusMaruadsi,83,Decapterus maruadsi,Mid-trophic species,10,SSP1-2.6,38.6566876707819,0.445824450041152,38.9875180333333,0.417108159444445,-0.0122942905395499,0.0960542050751822,0.108348495614732
DecapterusMaruadsi,83,Decapterus maruadsi,Mid-trophic species,10,SSP5-8.5,38.6768805596708,0.500930456954733,38.9875180333333,0.417108159444445,-0.0115408743455239,0.264188796808126,0.27572967115365
DecapterusMaruadsi,84,Decapterus maruadsi,Mid-trophic species,10,SSP1-2.6,38.7732011604938,0.449596285761317,39.0892758222222,0.415995249444444,-0.0117130065592682,0.112063063841962,0.12377607040123
DecapterusMaruadsi,84,Decapterus maruadsi,Mid-trophic species,10,SSP5-8.5,38.5537836460905,0.495914137530864,39.0892758222222,0.415995249444444,-0.0199004047952431,0.253523301053567,0.27342370584881
DecapterusMaruadsi,85,Decapterus maruadsi,Mid-trophic species,10,SSP1-2.6,38.6939683209877,0.450688652098766,39.0140331222222,0.417737414555556,-0.0118844521574937,0.109534760917361,0.121419213074855
DecapterusMaruadsi,85,Decapterus maruadsi,Mid-trophic species,10,SSP5-8.5,38.4196348395062,0.497781724897119,39.0140331222222,0.417737414555556,-0.0221493394596974,0.252916901567771,0.275066241027469
DecapterusMaruadsi,86,Decapterus maruadsi,Mid-trophic species,10,SSP1-2.6,38.5182871316873,0.455303765349794,38.9363658444444,0.405108386666667,-0.0155746858398722,0.168521438047194,0.184096123887066
DecapterusMaruadsi,86,Decapterus maruadsi,Mid-trophic species,10,SSP5-8.5,38.3945766419753,0.495567094609054,38.9363658444444,0.405108386666667,-0.0202156952931613,0.29077244406883,0.310988139361991
DecapterusMaruadsi,87,Decapterus maruadsi,Mid-trophic species,10,SSP1-2.6,38.529931617284,0.455250442757202,39.2099441555556,0.404269331666667,-0.0252399615969611,0.171343657039812,0.196583618636773
DecapterusMaruadsi,87,Decapterus maruadsi,Mid-trophic species,10,SSP5-8.5,38.549454255144,0.505099031399177,39.2099441555556,0.404269331666667,-0.024509151066774,0.321249511927522,0.345758662994296
DecapterusMaruadsi,88,Decapterus maruadsi,Mid-trophic species,10,SSP1-2.6,38.8460392962963,0.447489908971193,39.3359323777778,0.412800289222222,-0.0180802697693802,0.116411167983252,0.134491437752632
DecapterusMaruadsi,88,Decapterus maruadsi,Mid-trophic species,10,SSP5-8.5,38.5147532798354,0.502779497201646,39.3359323777778,0.412800289222222,-0.030436596502355,0.284481837867259,0.314918434369614
DecapterusMaruadsi,89,Decapterus maruadsi,Mid-trophic species,10,SSP1-2.6,38.4989921111111,0.445164410123457,39.1455031222222,0.408881157888889,-0.0240259089400781,0.122656675172799,0.146682584112877
DecapterusMaruadsi,89,Decapterus maruadsi,Mid-trophic species,10,SSP5-8.5,38.7445262716049,0.495972978230453,39.1455031222222,0.408881157888889,-0.0148540815504269,0.278579939400087,0.293434020950514
DecapterusMaruadsi,90,Decapterus maruadsi,Mid-trophic species,10,SSP1-2.6,38.7255605802469,0.448412032798354,39.4557430555556,0.409574501777778,-0.0269491865269435,0.130699089710473,0.157648276237416
DecapterusMaruadsi,90,Decapterus maruadsi,Mid-trophic species,10,SSP5-8.5,38.901432308642,0.497178461111111,39.4557430555556,0.409574501777778,-0.0204120350781235,0.279637894366481,0.300049929444605
DecapterusMaruadsi,91,Decapterus maruadsi,Mid-trophic species,10,SSP1-2.6,38.7497062633745,0.443510473662551,39.3544617222222,0.413516324666667,-0.0223418329765356,0.101023889922038,0.123365722898574
DecapterusMaruadsi,91,Decapterus maruadsi,Mid-trophic species,10,SSP5-8.5,38.9839767695473,0.496101954691358,39.3544617222222,0.413516324666667,-0.0136459393159109,0.262692356825375,0.276338296141286
DecapterusMaruadsi,92,Decapterus maruadsi,Mid-trophic species,10,SSP1-2.6,38.5801961604938,0.450933681975309,38.7335803555556,0.410803415666667,-0.00572438491202386,0.134467097314933,0.140191482226957
DecapterusMaruadsi,92,Decapterus maruadsi,Mid-trophic species,10,SSP5-8.5,38.5029331646091,0.494780628436214,38.7335803555556,0.410803415666667,-0.00861650876097226,0.268340840138297,0.276957348899269
DecapterusMaruadsi,93,Decapterus maruadsi,Mid-trophic species,10,SSP1-2.6,38.8558896790123,0.449124569341564,39.0732157222222,0.415662251111111,-0.00804669875253349,0.11170391309974,0.119750611852274
DecapterusMaruadsi,93,Decapterus maruadsi,Mid-trophic species,10,SSP5-8.5,38.709281,0.501824085473251,39.0732157222222,0.415662251111111,-0.0135004833363681,0.271769982031866,0.285270465368234
DecapterusMaruadsi,94,Decapterus maruadsi,Mid-trophic species,10,SSP1-2.6,39.0661183497942,0.441093469135803,38.9247262888889,0.410468578,0.00523102037209331,0.103812614224183,0.0985815938520893
DecapterusMaruadsi,94,Decapterus maruadsi,Mid-trophic species,10,SSP5-8.5,38.7386592880659,0.510105471769547,38.9247262888889,0.410468578,-0.00691287022764636,0.31352379052552,0.320436660753167
DecapterusMaruadsi,95,Decapterus maruadsi,Mid-trophic species,10,SSP1-2.6,38.8483574238683,0.444795178106996,39.0145930444445,0.411381244333333,-0.00616025127151557,0.112665128211165,0.11882537948268
DecapterusMaruadsi,95,Decapterus maruadsi,Mid-trophic species,10,SSP5-8.5,38.6326396748971,0.495475989382716,39.0145930444445,0.411381244333333,-0.0141935947350459,0.268339126433635,0.282532721168681
DecapterusMaruadsi,96,Decapterus maruadsi,Mid-trophic species,10,SSP1-2.6,38.8365487777778,0.453373444032922,38.8821631111111,0.401845873111111,-0.00169348097646634,0.174057623163937,0.175751104140403
DecapterusMaruadsi,96,Decapterus maruadsi,Mid-trophic species,10,SSP5-8.5,38.5871845308642,0.505771745226338,38.8821631111111,0.401845873111111,-0.0109866987275228,0.331844177819756,0.342830876547278
DecapterusMaruadsi,97,Decapterus maruadsi,Mid-trophic species,10,SSP1-2.6,38.7864752222222,0.450768390288066,38.9579283888889,0.407077108222222,-0.00636328848928738,0.147084256891971,0.153447545381258
DecapterusMaruadsi,97,Decapterus maruadsi,Mid-trophic species,10,SSP5-8.5,38.4683954485597,0.506196634238683,38.9579283888889,0.407077108222222,-0.0182433085101566,0.314395820306243,0.3326391288164
DecapterusMaruadsi,98,Decapterus maruadsi,Mid-trophic species,10,SSP1-2.6,38.9114770288066,0.448698138888889,39.0285959666667,0.405842598111111,-0.00433581934246429,0.144824898599469,0.149160717941933
DecapterusMaruadsi,98,Decapterus maruadsi,Mid-trophic species,10,SSP5-8.5,38.7394058024691,0.49913265436214,39.0285959666667,0.405842598111111,-0.0107297379227167,0.298502989813634,0.309232727736351
DecapterusMaruadsi,99,Decapterus maruadsi,Mid-trophic species,10,SSP1-2.6,38.6475963374486,0.451583588765432,39.1229559222222,0.413819758888889,-0.0176366873188477,0.125990525302745,0.143627212621593
DecapterusMaruadsi,99,Decapterus maruadsi,Mid-trophic species,10,SSP5-8.5,38.2591579670782,0.501744739423868,39.1229559222222,0.413819758888889,-0.0322102545190216,0.277951053606551,0.310161308125573
DecapterusMaruadsi,100,Decapterus maruadsi,Mid-trophic species,10,SSP1-2.6,38.6523843909465,0.447180761728395,38.4530366666667,0.40499641,0.00745988051374439,0.142949003377431,0.135489122863686
DecapterusMaruadsi,100,Decapterus maruadsi,Mid-trophic species,10,SSP5-8.5,38.5943548353909,0.502095713621399,38.4530366666667,0.40499641,0.00529230765275119,0.310053289199956,0.304760981547205
EngraulisJaponicus,1,Engraulis japonicus,Prey,1,SSP1-2.6,27.7092752777778,1.49244274654321,26.3932952377778,1.17581781322222,0.070197494055127,0.344011048036805,0.273813553981678
EngraulisJaponicus,1,Engraulis japonicus,Prey,1,SSP5-8.5,30.030724691358,1.78002854683128,26.3932952377778,1.17581781322222,0.186267805655991,0.598235838801945,0.411968033145954
EngraulisJaponicus,2,Engraulis japonicus,Prey,1,SSP1-2.6,28.7382000102881,1.4544292209465,28.1191591377778,1.16010474833333,0.0314162494231794,0.326198014882861,0.294781765459681
EngraulisJaponicus,2,Engraulis japonicus,Prey,1,SSP5-8.5,29.5667963497942,1.89960101164609,28.1191591377778,1.16010474833333,0.0724244782578974,0.711441354378656,0.639016876120759
EngraulisJaponicus,3,Engraulis japonicus,Prey,1,SSP1-2.6,28.2881136975309,1.48596367032922,26.478228,1.14752997344444,0.0953894024036335,0.372867007215203,0.27747760481157
EngraulisJaponicus,3,Engraulis japonicus,Prey,1,SSP5-8.5,29.8675546666667,1.8579069518107,26.478228,1.14752997344444,0.17377254931005,0.695146412816349,0.521373863506299
EngraulisJaponicus,4,Engraulis japonicus,Prey,1,SSP1-2.6,27.9316271897119,1.47673400119342,26.1533277444445,1.161372071,0.0949050955640412,0.346579736776785,0.251674641212744
EngraulisJaponicus,4,Engraulis japonicus,Prey,1,SSP5-8.5,29.0775292839506,1.86712968530864,26.1533277444445,1.161372071,0.152910162353492,0.684991891140108,0.532081728786617
EngraulisJaponicus,5,Engraulis japonicus,Prey,1,SSP1-2.6,28.2668083600823,1.53592301197531,27.0043457444445,1.13971566,0.065917400498384,0.430431961900524,0.36451456140214
EngraulisJaponicus,5,Engraulis japonicus,Prey,1,SSP5-8.5,29.1316909835391,1.93392701333333,27.0043457444445,1.13971566,0.109397851448655,0.762859407345292,0.653461555896636
EngraulisJaponicus,6,Engraulis japonicus,Prey,1,SSP1-2.6,28.2269906152263,1.48903216185185,26.57256335,1.16674019144444,0.0871379202645131,0.351891576365982,0.264753656101469
EngraulisJaponicus,6,Engraulis japonicus,Prey,1,SSP5-8.5,28.9567475596708,1.8624496809465,26.57256335,1.16674019144444,0.123962161473781,0.674718108941505,0.550755947467723
EngraulisJaponicus,7,Engraulis japonicus,Prey,1,SSP1-2.6,27.9111433312757,1.48849914156379,26.5530146666667,1.141309666,0.0719655580112582,0.383168105388162,0.311202547376904
EngraulisJaponicus,7,Engraulis japonicus,Prey,1,SSP5-8.5,29.8376526625514,1.84111958390947,26.5530146666667,1.141309666,0.168258377700445,0.689893051108035,0.52163467340759
EngraulisJaponicus,8,Engraulis japonicus,Prey,1,SSP1-2.6,28.8915703786008,1.44967133975309,26.6597945666667,1.17762333077778,0.115982959145913,0.299847699583651,0.183864740437738
EngraulisJaponicus,8,Engraulis japonicus,Prey,1,SSP5-8.5,28.5061190411523,1.84423408950617,26.6597945666667,1.17762333077778,0.0966059738264361,0.647143630252073,0.550537656425637
EngraulisJaponicus,9,Engraulis japonicus,Prey,1,SSP1-2.6,27.873403063786,1.52712260786008,27.1139793888889,1.15915818655556,0.0398522856766684,0.397738436532468,0.3578861508558
EngraulisJaponicus,9,Engraulis japonicus,Prey,1,SSP5-8.5,28.4589636893004,1.85514780547325,27.1139793888889,1.15915818655556,0.0698462620635431,0.678456675797495,0.608610413733952
EngraulisJaponicus,10,Engraulis japonicus,Prey,1,SSP1-2.6,27.7524349032922,1.52304168049383,26.66727395,1.15742032044444,0.0575440005429051,0.396042545682622,0.338498545139717
EngraulisJaponicus,10,Engraulis japonicus,Prey,1,SSP5-8.5,28.6748082736626,1.82701175090535,26.66727395,1.15742032044444,0.104713486504539,0.658573034705667,0.553859548201128
EngraulisJaponicus,11,Engraulis japonicus,Prey,1,SSP1-2.6,28.4529199382716,1.49183640921811,26.4851410444444,1.17851308488889,0.103393522936221,0.340121565449021,0.2367280425128
EngraulisJaponicus,11,Engraulis japonicus,Prey,1,SSP5-8.5,29.0713047078189,1.86133965209877,26.4851410444444,1.17851308488889,0.134412628858581,0.659373561663922,0.52496093280534
EngraulisJaponicus,12,Engraulis japonicus,Prey,1,SSP1-2.6,27.4739726440329,1.51445191242798,27.495829,1.168403644,-0.00114725020226461,0.37425700700294,0.375404257205204
EngraulisJaponicus,12,Engraulis japonicus,Prey,1,SSP5-8.5,29.2416527798354,1.87864477855967,27.495829,1.168403644,0.088812072222214,0.685153539428884,0.59634146720667
EngraulisJaponicus,13,Engraulis japonicus,Prey,1,SSP1-2.6,28.9878337962963,1.52075787209877,28.3181807311111,1.16418313366667,0.0337189435519558,0.385472450720909,0.351753507168953
EngraulisJaponicus,13,Engraulis japonicus,Prey,1,SSP5-8.5,29.4969152407407,1.75774786481481,28.3181807311111,1.16418313366667,0.058835502574377,0.594410120480492,0.535574617906115
EngraulisJaponicus,14,Engraulis japonicus,Prey,1,SSP1-2.6,27.8936825205761,1.4806860572428,27.3197682277778,1.12426088177778,0.0299931670496569,0.397288937353188,0.367295770303532
EngraulisJaponicus,14,Engraulis japonicus,Prey,1,SSP5-8.5,28.3593888065844,1.92758702160494,27.3197682277778,1.12426088177778,0.0538811960484708,0.777819144601147,0.723937948552677
EngraulisJaponicus,15,Engraulis japonicus,Prey,1,SSP1-2.6,27.5989682798354,1.47235664547325,26.6098617166667,1.16736434377778,0.0526533232399029,0.334872266314316,0.282218943074413
EngraulisJaponicus,15,Engraulis japonicus,Prey,1,SSP5-8.5,28.8015938333333,1.90890699703704,26.6098617166667,1.16736434377778,0.114187637138894,0.709491907560486,0.595304270421592
EngraulisJaponicus,16,Engraulis japonicus,Prey,1,SSP1-2.6,27.5675276193416,1.55425147868313,27.4866001888889,1.10118941766667,0.0042414144525536,0.497157300486191,0.492915886033637
EngraulisJaponicus,16,Engraulis japonicus,Prey,1,SSP5-8.5,28.5815993559671,1.87721278909465,27.4866001888889,1.10118941766667,0.0563581770811174,0.769529543379516,0.713171366298398
EngraulisJaponicus,17,Engraulis japonicus,Prey,1,SSP1-2.6,27.58279668107,1.52217836333333,26.4843258,1.14959194111111,0.0586299592847691,0.405015565174641,0.346385605889872
EngraulisJaponicus,17,Engraulis japonicus,Prey,1,SSP5-8.5,28.2650093600823,1.85189063613169,26.4843258,1.14959194111111,0.09387839170767,0.687877049056343,0.593998657348673
EngraulisJaponicus,18,Engraulis japonicus,Prey,1,SSP1-2.6,27.9946835699589,1.49549616082305,26.3174543388889,1.18312203788889,0.089132927675432,0.338025312888798,0.248892385213366
EngraulisJaponicus,18,Engraulis japonicus,Prey,1,SSP5-8.5,29.7427125144033,1.81061378477366,26.3174543388889,1.18312203788889,0.176516280791001,0.613879949298378,0.437363668507377
EngraulisJaponicus,19,Engraulis japonicus,Prey,1,SSP1-2.6,27.566205909465,1.5497676036214,27.4973661222222,1.13673464722222,0.00360728037606855,0.447156372349187,0.443549091973118
EngraulisJaponicus,19,Engraulis japonicus,Prey,1,SSP5-8.5,29.2960397757202,1.85226408921811,27.4973661222222,1.13673464722222,0.0914122205426446,0.70439428846025,0.612982067917605
EngraulisJaponicus,20,Engraulis japonicus,Prey,1,SSP1-2.6,28.4298608806584,1.47224527164609,26.7088403477778,1.18050013755556,0.0900897013366332,0.318619830410225,0.228530129073592
EngraulisJaponicus,20,Engraulis japonicus,Prey,1,SSP5-8.5,29.0220851563786,1.89319498119342,26.7088403477778,1.18050013755556,0.119833838789794,0.681424792976165,0.561590954186371
EngraulisJaponicus,21,Engraulis japonicus,Prey,1,SSP1-2.6,27.2208646872428,1.55531587930041,25.8989735277778,1.20123691566667,0.0718179759527083,0.372686899813319,0.300868923860611
EngraulisJaponicus,21,Engraulis japonicus,Prey,1,SSP5-8.5,29.7779973971193,1.81092864082305,25.8989735277778,1.20123691566667,0.201351814665251,0.592208981684637,0.390857167019386
EngraulisJaponicus,22,Engraulis japonicus,Prey,1,SSP1-2.6,28.4186792839506,1.53909133296296,26.9827788333333,1.17173679566667,0.0748005765023417,0.393430309668303,0.318629733165961
EngraulisJaponicus,22,Engraulis japonicus,Prey,1,SSP5-8.5,28.6035311769547,1.79571463296296,26.9827788333333,1.17173679566667,0.0841543297637416,0.615909564431764,0.531755234668022
EngraulisJaponicus,23,Engraulis japonicus,Prey,1,SSP1-2.6,28.0716858683128,1.46700067378601,26.5535221722222,1.11853554266667,0.0802124697619201,0.391258433326168,0.311045963564248
EngraulisJaponicus,23,Engraulis japonicus,Prey,1,SSP5-8.5,29.2152457716049,1.82013408337449,26.5535221722222,1.11853554266667,0.13781818699031,0.702433632695341,0.564615445705031
EngraulisJaponicus,24,Engraulis japonicus,Prey,1,SSP1-2.6,27.9627540740741,1.47166990230453,25.9498699333333,1.22177828877778,0.107779152418088,0.268471600283796,0.160692447865708
EngraulisJaponicus,24,Engraulis japonicus,Prey,1,SSP5-8.5,29.7104236316872,1.81429887065844,25.9498699333333,1.22177828877778,0.195241868775044,0.570429622750338,0.375187753975295
EngraulisJaponicus,25,Engraulis japonicus,Prey,1,SSP1-2.6,27.8103391049383,1.5785405026749,24.9164683555556,1.20859087344444,0.158521740100387,0.385265325415194,0.226743585314807
EngraulisJaponicus,25,Engraulis japonicus,Prey,1,SSP5-8.5,29.243551299177,1.83319895016461,24.9164683555556,1.20859087344444,0.231018924784365,0.601037411802166,0.3700184870178
EngraulisJaponicus,26,Engraulis japonicus,Prey,1,SSP1-2.6,27.9370676419753,1.53509546971193,27.6621649833333,1.20968808377778,0.0142665254727508,0.343693282845664,0.329426757372914
EngraulisJaponicus,26,Engraulis japonicus,Prey,1,SSP5-8.5,29.0738658971193,1.84206198004115,27.6621649833333,1.20968808377778,0.0718088430252364,0.606686506006993,0.534877662981756
EngraulisJaponicus,27,Engraulis japonicus,Prey,1,SSP1-2.6,27.6493634057613,1.5042312817284,26.5274418388889,1.18062453411111,0.0597607078060308,0.349476177040561,0.28971546923453
EngraulisJaponicus,27,Engraulis japonicus,Prey,1,SSP5-8.5,28.7520029197531,1.82345787411523,26.5274418388889,1.18062453411111,0.116176903794366,0.62712664332395,0.510949739529584
EngraulisJaponicus,28,Engraulis japonicus,Prey,1,SSP1-2.6,28.3475859917696,1.51381731506173,27.31331607,1.14731056266667,0.053621403918206,0.399935150026374,0.346313746108168
EngraulisJaponicus,28,Engraulis japonicus,Prey,1,SSP5-8.5,29.014256244856,1.82669543185185,27.31331607,1.14731056266667,0.0871574668921507,0.670980147149678,0.583822680257527
EngraulisJaponicus,29,Engraulis japonicus,Prey,1,SSP1-2.6,28.2329331934156,1.48888416246914,26.9620768655556,1.13688156988889,0.0664473915862575,0.389149539296128,0.322702147709871
EngraulisJaponicus,29,Engraulis japonicus,Prey,1,SSP5-8.5,29.067955,1.89163604246914,26.9620768655556,1.13688156988889,0.10849794764904,0.734552560653333,0.626054613004293
EngraulisJaponicus,30,Engraulis japonicus,Prey,1,SSP1-2.6,28.384331218107,1.46535314300412,26.4488626611111,1.20006600888889,0.101889064001879,0.288134626495411,0.186245562493532
EngraulisJaponicus,30,Engraulis japonicus,Prey,1,SSP5-8.5,28.8961639670782,1.82858046024691,26.4488626611111,1.20006600888889,0.127672298592935,0.607610346228127,0.479938047635192
EngraulisJaponicus,31,Engraulis japonicus,Prey,1,SSP1-2.6,28.8057090967078,1.48762738518519,26.2800219788889,1.15790257955556,0.132388290168939,0.361499334450733,0.229111044281794
EngraulisJaponicus,31,Engraulis japonicus,Prey,1,SSP5-8.5,29.4973124333333,1.71756548946502,26.2800219788889,1.15790257955556,0.166617031026806,0.568851232057669,0.402234201030863
EngraulisJaponicus,32,Engraulis japonicus,Prey,1,SSP1-2.6,27.8850269259259,1.49829604061728,26.6888311511111,1.25116444844444,0.0632545406420968,0.260051282176842,0.196796741534745
EngraulisJaponicus,32,Engraulis japonicus,Prey,1,SSP5-8.5,29.1766727263374,1.85388623024691,26.6888311511111,1.25116444844444,0.128579245968641,0.567281286524295,0.438702040555654
EngraulisJaponicus,33,Engraulis japonicus,Prey,1,SSP1-2.6,27.7824823868313,1.47112129547325,26.4159399788889,1.19422131233333,0.0727667636837295,0.300845982490269,0.22807921880654
EngraulisJaponicus,33,Engraulis japonicus,Prey,1,SSP5-8.5,29.2815564135803,1.79314110201646,26.4159399788889,1.19422131233333,0.148583492431389,0.586418797433552,0.437835305002163
EngraulisJaponicus,34,Engraulis japonicus,Prey,1,SSP1-2.6,28.3674890061728,1.46018193641975,27.0690262166667,1.16534088533333,0.0675954649377923,0.32539610434124,0.257800639403448
EngraulisJaponicus,34,Engraulis japonicus,Prey,1,SSP5-8.5,28.8363302078189,1.81414062522634,27.0690262166667,1.16534088533333,0.0912445859886878,0.638534258846477,0.547289672857789
EngraulisJaponicus,35,Engraulis japonicus,Prey,1,SSP1-2.6,27.7021790061728,1.49287921823045,25.7968727111111,1.19885459588889,0.102803278650765,0.31644075773465,0.213637479083885
EngraulisJaponicus,35,Engraulis japonicus,Prey,1,SSP5-8.5,28.7327138683128,1.7571235308642,25.7968727111111,1.19885459588889,0.155498083021188,0.551558929690816,0.396060846669628
EngraulisJaponicus,36,Engraulis japonicus,Prey,1,SSP1-2.6,27.7718055514403,1.49225990893004,26.7694466388889,1.110860037,0.0530336585304859,0.425821778058754,0.372788119528268
EngraulisJaponicus,36,Engraulis japonicus,Prey,1,SSP5-8.5,28.4650394567901,1.88380748596708,26.7694466388889,1.110860037,0.0886037827156566,0.761974481975989,0.673370699260332
EngraulisJaponicus,37,Engraulis japonicus,Prey,1,SSP1-2.6,27.9711800699589,1.47668499283951,26.7722314555556,1.14240178322222,0.0632037285550697,0.37029196607219,0.30708823751712
EngraulisJaponicus,37,Engraulis japonicus,Prey,1,SSP5-8.5,28.7719603600823,1.85638840045268,26.7722314555556,1.14240178322222,0.103926129491843,0.700428451599438,0.596502322107595
EngraulisJaponicus,38,Engraulis japonicus,Prey,1,SSP1-2.6,28.2006933987654,1.514806748107,25.9783694944444,1.20525868988889,0.118419751690095,0.329790921644159,0.211371169954064
EngraulisJaponicus,38,Engraulis japonicus,Prey,1,SSP5-8.5,29.1697743004115,1.84998561176955,25.9783694944444,1.20525868988889,0.16716333914088,0.618171218678531,0.451007879537651
EngraulisJaponicus,39,Engraulis japonicus,Prey,1,SSP1-2.6,27.7447086296296,1.49665881740741,25.9740580822222,1.21924758933333,0.0951412196337402,0.295754258104967,0.200613038471227
EngraulisJaponicus,39,Engraulis japonicus,Prey,1,SSP5-8.5,28.547877409465,1.85139239053498,25.9740580822222,1.21924758933333,0.136312049888342,0.60261957749984,0.466307527611498
EngraulisJaponicus,40,Engraulis japonicus,Prey,1,SSP1-2.6,28.4116137654321,1.5040941026749,26.8154900055556,1.13970050944444,0.0834141619130887,0.400240068402121,0.316825906489032
EngraulisJaponicus,40,Engraulis japonicus,Prey,1,SSP5-8.5,28.836054281893,1.86513636720165,26.8154900055556,1.13970050944444,0.104807153781112,0.710626352529627,0.605819198748515
EngraulisJaponicus,41,Engraulis japonicus,Prey,1,SSP1-2.6,28.4768040452675,1.48568553835391,26.6398783611111,1.126503062,0.0961997465588353,0.39927755091831,0.303077804359475
EngraulisJaponicus,41,Engraulis japonicus,Prey,1,SSP5-8.5,28.6963667921811,1.7655026644856,26.6398783611111,1.126503062,0.107280595800227,0.648227763370814,0.540947167570587
EngraulisJaponicus,42,Engraulis japonicus,Prey,1,SSP1-2.6,27.4240289465021,1.50007492518519,25.86865795,1.17592649933333,0.0842353275153474,0.35123667361842,0.267001346103072
EngraulisJaponicus,42,Engraulis japonicus,Prey,1,SSP5-8.5,29.0987752407407,1.78017490378601,25.86865795,1.17592649933333,0.169753221946988,0.598221106142871,0.428467884195883
EngraulisJaponicus,43,Engraulis japonicus,Prey,1,SSP1-2.6,29.7652281255144,1.50129325979424,26.5096706277778,1.120937659,0.167109206057585,0.42149977299263,0.254390566935045
EngraulisJaponicus,43,Engraulis japonicus,Prey,1,SSP5-8.5,29.452048808642,1.87724465316872,26.5096706277778,1.120937659,0.15184925209542,0.743910637798114,0.592061385702694
EngraulisJaponicus,44,Engraulis japonicus,Prey,1,SSP1-2.6,28.3655057695473,1.48426206804938,27.1820319277778,1.17773537077778,0.0614842827773076,0.333730431533398,0.27224614875609
EngraulisJaponicus,44,Engraulis japonicus,Prey,1,SSP5-8.5,29.4044094238683,1.89526849242798,27.1820319277778,1.17773537077778,0.113379209468568,0.686386829968945,0.573007620500377
EngraulisJaponicus,45,Engraulis japonicus,Prey,1,SSP1-2.6,28.2316701761317,1.54772704835391,27.1891956222222,1.16994023044444,0.0542810100321251,0.403716237620714,0.349435227588589
EngraulisJaponicus,45,Engraulis japonicus,Prey,1,SSP5-8.5,29.373846600823,1.8274649237037,27.1891956222222,1.16994023044444,0.111498733010991,0.643408887686713,0.531910154675722
EngraulisJaponicus,46,Engraulis japonicus,Prey,1,SSP1-2.6,28.0084171213992,1.50695796600823,27.1211447166667,1.15951291355556,0.0464423803255448,0.378120288565568,0.331677908240024
EngraulisJaponicus,46,Engraulis japonicus,Prey,1,SSP5-8.5,29.7992515740741,1.80781867761317,27.1211447166667,1.15951291355556,0.135858024637593,0.640731096711307,0.504873072073714
EngraulisJaponicus,47,Engraulis japonicus,Prey,1,SSP1-2.6,28.2735458539095,1.49419387703704,26.8834323444444,1.14703454555556,0.0727354803124143,0.381458513098138,0.308723032785724
EngraulisJaponicus,47,Engraulis japonicus,Prey,1,SSP5-8.5,29.9499624135803,1.80515270234568,26.8834323444444,1.14703454555556,0.155836846385865,0.654212041375219,0.498375194989354
EngraulisJaponicus,48,Engraulis japonicus,Prey,1,SSP1-2.6,28.2221830308642,1.46054002958848,28.0397284444445,1.13522839511111,0.00935720962471415,0.363519318572778,0.354162108948064
EngraulisJaponicus,48,Engraulis japonicus,Prey,1,SSP5-8.5,28.2028008930041,1.87942220300412,28.0397284444445,1.13522839511111,0.00836607012132921,0.727306616909958,0.718940546788629
EngraulisJaponicus,49,Engraulis japonicus,Prey,1,SSP1-2.6,28.2527664218107,1.50697894201646,26.68766001,1.18862883277778,0.0822193239334429,0.342360975181302,0.260141651247859
EngraulisJaponicus,49,Engraulis japonicus,Prey,1,SSP5-8.5,28.1431164971193,1.89415642580247,26.68766001,1.18862883277778,0.076609283138481,0.672257196138513,0.595647913000032
EngraulisJaponicus,50,Engraulis japonicus,Prey,1,SSP1-2.6,27.8035138168724,1.51670531312757,25.7746818666667,1.13448739022222,0.109312602008868,0.418900232091177,0.309587630082309
EngraulisJaponicus,50,Engraulis japonicus,Prey,1,SSP5-8.5,29.3507091481482,1.83632579156379,25.7746818666667,1.13448739022222,0.187440740271811,0.69478146345456,0.507340723182748
EngraulisJaponicus,51,Engraulis japonicus,Prey,1,SSP1-2.6,27.9448683786008,1.508053651893,26.4839550722222,1.21565484211111,0.0774647918239359,0.310954090087238,0.233489298263302
EngraulisJaponicus,51,Engraulis japonicus,Prey,1,SSP5-8.5,28.4341413477366,1.87914054518519,26.4839550722222,1.21565484211111,0.10250565049744,0.628339307161133,0.525833656663692
EngraulisJaponicus,52,Engraulis japonicus,Prey,1,SSP1-2.6,28.4068793806584,1.47839643279835,26.8857906055556,1.15805023177778,0.0793964576677271,0.35233534755019,0.272938889882463
EngraulisJaponicus,52,Engraulis japonicus,Prey,1,SSP5-8.5,30.2417012530864,1.80183170407407,26.8857906055556,1.15805023177778,0.169695404711653,0.637766432585852,0.468071027874199
EngraulisJaponicus,53,Engraulis japonicus,Prey,1,SSP1-2.6,28.1274099444445,1.50233997156379,27.1782342388889,1.18721669033333,0.0495249834003457,0.339628044873097,0.290103061472751
EngraulisJaponicus,53,Engraulis japonicus,Prey,1,SSP5-8.5,29.4402629588477,1.90975600090535,27.1782342388889,1.18721669033333,0.115338829808488,0.685805045611806,0.570466215803318
EngraulisJaponicus,54,Engraulis japonicus,Prey,1,SSP1-2.6,28.0807195308642,1.47082963934156,27.88774605,1.14975499666667,0.00994856600756717,0.355303686862913,0.345355120855346
EngraulisJaponicus,54,Engraulis japonicus,Prey,1,SSP5-8.5,30.4701244547325,1.77212110411523,27.88774605,1.14975499666667,0.127764055462551,0.624150731418277,0.496386675955726
EngraulisJaponicus,55,Engraulis japonicus,Prey,1,SSP1-2.6,28.6922295600823,1.47740856271605,27.2932172888889,1.18205859577778,0.0721176109606714,0.321767291248382,0.249649680287711
EngraulisJaponicus,55,Engraulis japonicus,Prey,1,SSP5-8.5,28.311495963786,1.80326751374486,27.2932172888889,1.18205859577778,0.0528455148179367,0.60931188259927,0.556466367781333
EngraulisJaponicus,56,Engraulis japonicus,Prey,1,SSP1-2.6,27.7385612016461,1.50715036526749,26.6091404777778,1.20241579944444,0.0599710475373484,0.325887487664296,0.265916440126948
EngraulisJaponicus,56,Engraulis japonicus,Prey,1,SSP5-8.5,29.4506793909465,1.82419226847737,26.6091404777778,1.20241579944444,0.146379006124034,0.601321925331118,0.454942919207084
EngraulisJaponicus,57,Engraulis japonicus,Prey,1,SSP1-2.6,27.7772335411523,1.4646948044856,25.7009445277778,1.14339660144444,0.112081541575874,0.357274177273769,0.245192635697895
EngraulisJaponicus,57,Engraulis japonicus,Prey,1,SSP5-8.5,28.5264979604938,1.84777941880658,25.7009445277778,1.14339660144444,0.150481265693211,0.692466636120221,0.541985370427011
EngraulisJaponicus,58,Engraulis japonicus,Prey,1,SSP1-2.6,28.7306140917696,1.44785704769547,26.9120477166667,1.20124501433333,0.0943366608534036,0.269388723585478,0.175052062732075
EngraulisJaponicus,58,Engraulis japonicus,Prey,1,SSP5-8.5,28.5883004917696,1.84208088691358,26.9120477166667,1.20124501433333,0.0871726889480808,0.616805969226968,0.529633280278887
EngraulisJaponicus,59,Engraulis japonicus,Prey,1,SSP1-2.6,28.3355567139918,1.50126705674897,26.3410449055556,1.22581183077778,0.105300971577055,0.29244310333047,0.187142131753416
EngraulisJaponicus,59,Engraulis japonicus,Prey,1,SSP5-8.5,28.4345087222222,1.89482523975309,26.3410449055556,1.22581183077778,0.110330302265216,0.628327260403769,0.517996958138552
EngraulisJaponicus,60,Engraulis japonicus,Prey,1,SSP1-2.6,28.5819213024691,1.54320824078189,26.3117485555556,1.16420141644444,0.119395772508267,0.40659207458064,0.287196302072373
EngraulisJaponicus,60,Engraulis japonicus,Prey,1,SSP5-8.5,29.3902642613169,1.73265959967078,26.3117485555556,1.16420141644444,0.159631204534982,0.573647570805307,0.414016366270326
EngraulisJaponicus,61,Engraulis japonicus,Prey,1,SSP1-2.6,29.1759239794239,1.47027327604938,26.2544703333333,1.140837238,0.152215255179407,0.365991351550623,0.213776096371215
EngraulisJaponicus,61,Engraulis japonicus,Prey,1,SSP5-8.5,28.6536534135803,1.83426686020576,26.2544703333333,1.140837238,0.126156007455286,0.685110567592961,0.558954560137675
EngraulisJaponicus,62,Engraulis japonicus,Prey,1,SSP1-2.6,28.4476452716049,1.4541420200823,26.9449757555556,1.08863091222222,0.0782929510564361,0.417653270432957,0.339360319376521
EngraulisJaponicus,62,Engraulis japonicus,Prey,1,SSP5-8.5,28.7292853049383,1.85095801839506,26.9449757555556,1.08863091222222,0.0925058149357129,0.765757265984486,0.673251451048773
EngraulisJaponicus,63,Engraulis japonicus,Prey,1,SSP1-2.6,28.147905027572,1.50304609654321,27.6657220988889,1.18393935233333,0.0249279705715177,0.344294075233389,0.319366104661871
EngraulisJaponicus,63,Engraulis japonicus,Prey,1,SSP5-8.5,29.3916221954733,1.76056073695473,27.6657220988889,1.18393935233333,0.0873054072121088,0.572439818728206,0.485134411516098
EngraulisJaponicus,64,Engraulis japonicus,Prey,1,SSP1-2.6,28.4607653395062,1.48840066625514,26.8072996744444,1.20370605877778,0.08634855539776,0.306279807843959,0.219931252446199
EngraulisJaponicus,64,Engraulis japonicus,Prey,1,SSP5-8.5,29.7608221049383,1.84758128518519,26.8072996744444,1.20370605877778,0.150788477061209,0.618154704268696,0.467366227207487
EngraulisJaponicus,65,Engraulis japonicus,Prey,1,SSP1-2.6,28.252092381893,1.48595617950617,27.3415479333333,1.21038966666667,0.0472627961174527,0.295919995620544,0.248657199503091
EngraulisJaponicus,65,Engraulis japonicus,Prey,1,SSP5-8.5,28.5644331234568,1.82137325098765,27.3415479333333,1.21038966666667,0.0631249761541974,0.589555025554786,0.526430049400589
EngraulisJaponicus,66,Engraulis japonicus,Prey,1,SSP1-2.6,28.5115202695473,1.49957914139918,27.0962933944444,1.15708237466667,0.0734494543054628,0.374066087493748,0.300616633188285
EngraulisJaponicus,66,Engraulis japonicus,Prey,1,SSP5-8.5,29.9089102057613,1.84323185909465,27.0962933944444,1.15708237466667,0.142479830471176,0.671745982157131,0.529266151685955
EngraulisJaponicus,67,Engraulis japonicus,Prey,1,SSP1-2.6,28.2138229386831,1.47244263769547,26.3649921166667,1.18011667555556,0.097778597250401,0.319281928987185,0.221503331736784
EngraulisJaponicus,67,Engraulis japonicus,Prey,1,SSP5-8.5,28.7989086345679,1.84067942917695,26.3649921166667,1.18011667555556,0.127390574891501,0.641308887547461,0.51391831265596
EngraulisJaponicus,68,Engraulis japonicus,Prey,1,SSP1-2.6,28.5462720761317,1.41618010135802,25.9164924,1.20200142722222,0.139431879357196,0.236566141393603,0.097134262036407
EngraulisJaponicus,68,Engraulis japonicus,Prey,1,SSP5-8.5,29.0461218518519,1.87394179024691,25.9164924,1.20200142722222,0.164475078677361,0.640637530577491,0.47616245190013
EngraulisJaponicus,69,Engraulis japonicus,Prey,1,SSP1-2.6,28.1207689444445,1.4701068563786,26.30792738,1.140686253,0.0961384515259895,0.366018991450968,0.269880539924979
EngraulisJaponicus,69,Engraulis japonicus,Prey,1,SSP5-8.5,29.2413943292181,1.81723070703704,26.30792738,1.140686253,0.15251451254379,0.671839557613587,0.519325045069797
EngraulisJaponicus,70,Engraulis japonicus,Prey,1,SSP1-2.6,28.2161549995885,1.51444511596708,27.5676083277778,1.16285293577778,0.033547296596897,0.381120642371375,0.347573345774478
EngraulisJaponicus,70,Engraulis japonicus,Prey,1,SSP5-8.5,29.1677392827161,1.8374400544856,27.5676083277778,1.16285293577778,0.0813994614988481,0.660028530625844,0.578629069126996
EngraulisJaponicus,71,Engraulis japonicus,Prey,1,SSP1-2.6,28.1477422304527,1.44786422473251,25.8354942111111,1.16740817488889,0.123664724810512,0.310617242263379,0.186952517452866
EngraulisJaponicus,71,Engraulis japonicus,Prey,1,SSP5-8.5,28.3731335390947,1.85991466588477,25.8354942111111,1.16740817488889,0.135171009611241,0.671927355068871,0.53675634545763
EngraulisJaponicus,72,Engraulis japonicus,Prey,1,SSP1-2.6,28.2364539160494,1.50574463230453,27.0021660888889,1.18057648644444,0.0644837750888453,0.350985602984081,0.286501827895236
EngraulisJaponicus,72,Engraulis japonicus,Prey,1,SSP5-8.5,29.0200983876543,1.86217924024691,27.0021660888889,1.18057648644444,0.103977267037001,0.657500430224618,0.553523163187618
EngraulisJaponicus,73,Engraulis japonicus,Prey,1,SSP1-2.6,27.6548653045268,1.50715927358025,26.4788808022222,1.16220670633333,0.062691171067402,0.374965201474468,0.312274030407066
EngraulisJaponicus,73,Engraulis japonicus,Prey,1,SSP5-8.5,28.2618196049383,1.83860595946502,26.4788808022222,1.16220670633333,0.0940122107032262,0.661745637279204,0.567733426575978
EngraulisJaponicus,74,Engraulis japonicus,Prey,1,SSP1-2.6,27.3926028415638,1.47013843316872,26.7776823388889,1.17395810022222,0.0327552592816177,0.324571092374919,0.291815833093301
EngraulisJaponicus,74,Engraulis japonicus,Prey,1,SSP5-8.5,29.516047845679,1.8654899572428,26.7776823388889,1.17395810022222,0.140468461668103,0.668173675420434,0.527705213752331
EngraulisJaponicus,75,Engraulis japonicus,Prey,1,SSP1-2.6,28.3260699201646,1.44119969469136,27.2570816166667,1.175122996,0.0554993471648021,0.294458484731794,0.238959137566992
EngraulisJaponicus,75,Engraulis japonicus,Prey,1,SSP5-8.5,29.15765018107,1.78418929399177,27.2570816166667,1.175122996,0.0972433545946764,0.602456919935213,0.505213565340536
EngraulisJaponicus,76,Engraulis japonicus,Prey,1,SSP1-2.6,27.6317355185185,1.50874893325103,26.4190594533333,1.17374849622222,0.0647470730458661,0.36222944139983,0.297482368353964
EngraulisJaponicus,76,Engraulis japonicus,Prey,1,SSP5-8.5,29.0601521748971,1.82666519329218,26.4190594533333,1.17374849622222,0.13746315171483,0.638088919263344,0.500625767548514
EngraulisJaponicus,77,Engraulis japonicus,Prey,1,SSP1-2.6,27.6475035164609,1.55410431666667,28.0067073277778,1.11835688044444,-0.0186231641915216,0.474702703394021,0.493325867585543
EngraulisJaponicus,77,Engraulis japonicus,Prey,1,SSP5-8.5,28.5045345432099,1.8538659400823,28.0067073277778,1.11835688044444,0.0254190639202884,0.729156279003263,0.703737215082974
EngraulisJaponicus,78,Engraulis japonicus,Prey,1,SSP1-2.6,27.9919971769547,1.46892625670782,26.8980672822222,1.142883017,0.0575119102399873,0.362084231275953,0.304572321035966
EngraulisJaponicus,78,Engraulis japonicus,Prey,1,SSP5-8.5,28.8054789403292,1.82168113255144,26.8980672822222,1.142883017,0.0988407313359185,0.672592711587381,0.573751980251463
EngraulisJaponicus,79,Engraulis japonicus,Prey,1,SSP1-2.6,28.5185067679012,1.53767136004115,26.1650367111111,1.13930821122222,0.124258160949529,0.432589110415388,0.308330949465859
EngraulisJaponicus,79,Engraulis japonicus,Prey,1,SSP5-8.5,28.7997025102881,1.79602488514403,26.1650367111111,1.13930821122222,0.138413626125131,0.656649254981019,0.518235628855888
EngraulisJaponicus,80,Engraulis japonicus,Prey,1,SSP1-2.6,28.1470593176955,1.53206860995885,26.8502308166667,1.18038074233333,0.0680497133573354,0.376228617486349,0.308178904129014
EngraulisJaponicus,80,Engraulis japonicus,Prey,1,SSP5-8.5,29.7090048168724,1.84155673271605,26.8502308166667,1.18038074233333,0.14596578870714,0.641673554128068,0.495707765420927
EngraulisJaponicus,81,Engraulis japonicus,Prey,1,SSP1-2.6,28.6080519156379,1.44394943246914,26.9367898111111,1.192493153,0.0868433316998975,0.276039236850672,0.189195905150775
EngraulisJaponicus,81,Engraulis japonicus,Prey,1,SSP5-8.5,30.0794331106996,1.77296820386831,26.9367898111111,1.192493153,0.159199449625283,0.572185680746275,0.412986231120992
EngraulisJaponicus,82,Engraulis japonicus,Prey,1,SSP1-2.6,28.4755941814815,1.42752377617284,25.5444576166667,1.23732003122222,0.156715642575714,0.206296074864205,0.049580432288491
EngraulisJaponicus,82,Engraulis japonicus,Prey,1,SSP5-8.5,29.6973117119342,1.82179772769547,25.5444576166667,1.23732003122222,0.217322036495627,0.558144087321265,0.340822050825638
EngraulisJaponicus,83,Engraulis japonicus,Prey,1,SSP1-2.6,27.8838049115226,1.51990023230453,27.2096062944445,1.14903981166667,0.0353113571175546,0.403547841888077,0.368236484770522
EngraulisJaponicus,83,Engraulis japonicus,Prey,1,SSP5-8.5,29.8703404794239,1.81098459452675,27.2096062944445,1.14903981166667,0.134597600548784,0.656345488774399,0.521747888225614
EngraulisJaponicus,84,Engraulis japonicus,Prey,1,SSP1-2.6,28.9861153971193,1.45047764975309,27.0265845722222,1.192411011,0.100982796312698,0.28264646269757,0.181663666384872
EngraulisJaponicus,84,Engraulis japonicus,Prey,1,SSP5-8.5,29.6886358395062,1.81585734218107,27.0265845722222,1.192411011,0.13553159874069,0.606769263043781,0.471237664303092
EngraulisJaponicus,85,Engraulis japonicus,Prey,1,SSP1-2.6,28.1742848539095,1.47133860942387,26.7460976111111,1.23613636766667,0.0750505805506295,0.251291395525808,0.176240814975179
EngraulisJaponicus,85,Engraulis japonicus,Prey,1,SSP5-8.5,28.9384639711934,1.8134706081893,26.7460976111111,1.23613636766667,0.113659936413891,0.55291545627202,0.439255519858129
EngraulisJaponicus,86,Engraulis japonicus,Prey,1,SSP1-2.6,28.198174355144,1.45693290983539,25.9066932944444,1.20024079033333,0.122276877654,0.279610578429069,0.157333700775069
EngraulisJaponicus,86,Engraulis japonicus,Prey,1,SSP5-8.5,29.3817271872428,1.84076754481481,25.9066932944444,1.20024079033333,0.181594323297526,0.616983586285896,0.435389262988371
EngraulisJaponicus,87,Engraulis japonicus,Prey,1,SSP1-2.6,28.3771712222222,1.44871816679012,26.7210924,1.14466415955556,0.086751792893577,0.339852581972089,0.253100789078512
EngraulisJaponicus,87,Engraulis japonicus,Prey,1,SSP5-8.5,29.4292996065844,1.81251494847737,26.7210924,1.14466415955556,0.13927421907269,0.66306851486683,0.52379429579414
EngraulisJaponicus,88,Engraulis japonicus,Prey,1,SSP1-2.6,28.5912778374486,1.47294616971193,26.5154119611111,1.16280390188889,0.108743936831833,0.341096888924124,0.232352952092291
EngraulisJaponicus,88,Engraulis japonicus,Prey,1,SSP5-8.5,29.1267829979424,1.83033064020576,26.5154119611111,1.16280390188889,0.135515203817803,0.654496470114914,0.518981266297112
EngraulisJaponicus,89,Engraulis japonicus,Prey,1,SSP1-2.6,28.4917233765432,1.44979124748971,26.8947798444444,1.154602391,0.0832167091296609,0.328449066396282,0.245232357266622
EngraulisJaponicus,89,Engraulis japonicus,Prey,1,SSP5-8.5,28.9128918843621,1.83560915308642,26.8947798444444,1.154602391,0.10438673588554,0.668862787683186,0.564476051797646
EngraulisJaponicus,90,Engraulis japonicus,Prey,1,SSP1-2.6,28.5390417777778,1.4659900762963,26.4162926111111,1.16274742766667,0.111508889865754,0.334337589284095,0.222828699418341
EngraulisJaponicus,90,Engraulis japonicus,Prey,1,SSP5-8.5,28.6043883279835,1.81110521131687,26.4162926111111,1.16274742766667,0.114808488256732,0.639332610027454,0.524524121770722
EngraulisJaponicus,91,Engraulis japonicus,Prey,1,SSP1-2.6,28.2642163415638,1.48290322069959,26.2157673611111,1.14596603577778,0.108541921576466,0.371860159655773,0.263318238079307
EngraulisJaponicus,91,Engraulis japonicus,Prey,1,SSP5-8.5,29.1406352777778,1.80762235761317,26.2157673611111,1.14596603577778,0.152597553522713,0.657529020203245,0.504931466680532
EngraulisJaponicus,92,Engraulis japonicus,Prey,1,SSP1-2.6,28.176985063786,1.5141416126749,26.8684490055556,1.20605454577778,0.0686042081237986,0.328204985203897,0.259600777080098
EngraulisJaponicus,92,Engraulis japonicus,Prey,1,SSP5-8.5,29.589662281893,1.7924653963786,26.8684490055556,1.20605454577778,0.139180187123462,0.571650110963884,0.432469923840422
EngraulisJaponicus,93,Engraulis japonicus,Prey,1,SSP1-2.6,27.7112770925926,1.5184780154321,26.5060240166667,1.24769915688889,0.0641529220709748,0.283355905334548,0.219202983263573
EngraulisJaponicus,93,Engraulis japonicus,Prey,1,SSP5-8.5,29.468888372428,1.84729678658436,26.5060240166667,1.24769915688889,0.152872362201296,0.566145552292905,0.413273190091609
EngraulisJaponicus,94,Engraulis japonicus,Prey,1,SSP1-2.6,27.9003543707819,1.50552653934156,26.2388549055556,1.18428142377778,0.0885786858500844,0.346256187074235,0.257677501224151
EngraulisJaponicus,94,Engraulis japonicus,Prey,1,SSP5-8.5,28.0997989753086,1.87494063345679,26.2388549055556,1.18428142377778,0.0988550490841873,0.662832963085599,0.563977914001411
EngraulisJaponicus,95,Engraulis japonicus,Prey,1,SSP1-2.6,28.5611286666667,1.50251363506173,26.5007213722222,1.16008755322222,0.108021360710234,0.373144391798089,0.265123031087855
EngraulisJaponicus,95,Engraulis japonicus,Prey,1,SSP5-8.5,28.9987968683128,1.87514014263374,26.5007213722222,1.16008755322222,0.1299614138783,0.692764731140677,0.562803317262377
EngraulisJaponicus,96,Engraulis japonicus,Prey,1,SSP1-2.6,27.6712166666667,1.53924184242798,27.11600925,1.20713010066667,0.0292412106849569,0.350638749089652,0.321397538404695
EngraulisJaponicus,96,Engraulis japonicus,Prey,1,SSP5-8.5,29.8235207242798,1.83649087390947,27.11600925,1.20713010066667,0.137305712570355,0.605370553306073,0.468064840735719
EngraulisJaponicus,97,Engraulis japonicus,Prey,1,SSP1-2.6,27.9051965205761,1.49613773399177,26.3429158555556,1.16805052911111,0.083118762454522,0.357140309789687,0.274021547335165
EngraulisJaponicus,97,Engraulis japonicus,Prey,1,SSP5-8.5,29.2068700123457,1.73131364020576,26.3429158555556,1.16805052911111,0.148892714327737,0.567764417580189,0.418871703252452
EngraulisJaponicus,98,Engraulis japonicus,Prey,1,SSP1-2.6,28.2254162,1.48586472954733,25.2672838777778,1.21667730044444,0.159724265296815,0.288356208989986,0.128631943693171
EngraulisJaponicus,98,Engraulis japonicus,Prey,1,SSP5-8.5,28.6886037798354,1.87980751613169,25.2672838777778,1.21667730044444,0.183207167345463,0.627638371453747,0.444431204108285
EngraulisJaponicus,99,Engraulis japonicus,Prey,1,SSP1-2.6,27.1549175288066,1.5712925818107,27.6264622944444,1.20159791233333,-0.024837348007565,0.386997630594676,0.411834978602241
EngraulisJaponicus,99,Engraulis japonicus,Prey,1,SSP5-8.5,29.6899993127572,1.86611158489712,27.6264622944444,1.20159791233333,0.103926230209395,0.635081043886451,0.531154813677056
EngraulisJaponicus,100,Engraulis japonicus,Prey,1,SSP1-2.6,27.5941490185185,1.49540351958848,25.4161008055556,1.18553157244444,0.118619677449919,0.335000749276462,0.216381071826543
EngraulisJaponicus,100,Engraulis japonicus,Prey,1,SSP5-8.5,29.2696502967078,1.80623388028807,25.4161008055556,1.18553157244444,0.203662791841555,0.607450627940428,0.403787836098873
LarimichthysPolyactis,1,Larimichthys polyactis,Mid-trophic species,13,SSP1-2.6,38.3902429635803,0.241513656567901,39.22780705,0.196323845485,-0.031136996045525,0.298869356504938,0.330006352550463
LarimichthysPolyactis,1,Larimichthys polyactis,Mid-trophic species,13,SSP5-8.5,38.2742193387654,0.297451642150617,39.22780705,0.196323845485,-0.0355037347119665,0.599419729923531,0.634923464635498
LarimichthysPolyactis,2,Larimichthys polyactis,Mid-trophic species,13,SSP1-2.6,38.5917151092593,0.246605205124691,38.6741443866667,0.224683054446667,-0.00307821217885172,0.134311930359312,0.137390142538164
LarimichthysPolyactis,2,Larimichthys polyactis,Mid-trophic species,13,SSP5-8.5,38.2741816691358,0.281974734614815,38.6741443866667,0.224683054446667,-0.0149978421965506,0.327674579807771,0.342672422004322
LarimichthysPolyactis,3,Larimichthys polyactis,Mid-trophic species,13,SSP1-2.6,38.5697207777778,0.254411357009877,39.0222061133333,0.197827169786667,-0.0168266410185269,0.362922493535902,0.379749134554429
LarimichthysPolyactis,3,Larimichthys polyactis,Mid-trophic species,13,SSP5-8.5,38.2120708345679,0.296230065824691,39.0222061133333,0.197827169786667,-0.0302668986732581,0.582477493244645,0.612744391917904
LarimichthysPolyactis,4,Larimichthys polyactis,Mid-trophic species,13,SSP1-2.6,38.5917073253086,0.24841945355679,39.3065496933333,0.21060021584,-0.0264788591933535,0.238271239485939,0.264750098679293
LarimichthysPolyactis,4,Larimichthys polyactis,Mid-trophic species,13,SSP5-8.5,38.2290596567901,0.28909135777284,39.3065496933333,0.21060021584,-0.0401000165963747,0.45701856593071,0.497118582527085
LarimichthysPolyactis,5,Larimichthys polyactis,Mid-trophic species,13,SSP1-2.6,38.292649591358,0.251349023108642,39.7363610733333,0.197336797033333,-0.0533922729752847,0.349032084011432,0.402424356986716
LarimichthysPolyactis,5,Larimichthys polyactis,Mid-trophic species,13,SSP5-8.5,38.0437016506173,0.281269091246914,39.7363610733333,0.197336797033333,-0.0628021341218533,0.51129102526535,0.574093159387203
LarimichthysPolyactis,6,Larimichthys polyactis,Mid-trophic species,13,SSP1-2.6,38.5597193839506,0.249193744560494,39.5741022,0.188100112973333,-0.0374620684757162,0.405767137907153,0.443229206382869
LarimichthysPolyactis,6,Larimichthys polyactis,Mid-trophic species,13,SSP5-8.5,38.3139909604938,0.292671475762963,39.5741022,0.188100112973333,-0.0466853096535026,0.637781429850818,0.684466739504321
LarimichthysPolyactis,7,Larimichthys polyactis,Mid-trophic species,13,SSP1-2.6,38.8696408888889,0.244545465946914,39.1249214233333,0.20305175432,-0.00944407572338046,0.268255224428651,0.277699300152031
LarimichthysPolyactis,7,Larimichthys polyactis,Mid-trophic species,13,SSP5-8.5,38.4105752580247,0.287119984622222,39.1249214233333,0.20305175432,-0.0265842839769173,0.499806259131553,0.52639054310847
LarimichthysPolyactis,8,Larimichthys polyactis,Mid-trophic species,13,SSP1-2.6,38.4917174790123,0.252191537608642,39.2663750066667,0.205959998386667,-0.0287463725915548,0.292155702302452,0.320902074894007
LarimichthysPolyactis,8,Larimichthys polyactis,Mid-trophic species,13,SSP5-8.5,38.1036700061728,0.283040561212346,39.2663750066667,0.205959998386667,-0.0433644579041826,0.458644649770093,0.502009107674275
LarimichthysPolyactis,9,Larimichthys polyactis,Mid-trophic species,13,SSP1-2.6,38.4939478518519,0.239576599471605,39.2362249533333,0.20385502332,-0.0275546035212835,0.232943492846831,0.260498096368115
LarimichthysPolyactis,9,Larimichthys polyactis,Mid-trophic species,13,SSP5-8.5,38.0891047975309,0.298785321293827,39.2362249533333,0.20385502332,-0.0428078609276644,0.551565765616855,0.594373626544519
LarimichthysPolyactis,10,Larimichthys polyactis,Mid-trophic species,13,SSP1-2.6,38.7643302481482,0.245570603481482,39.4296662566667,0.202043004093333,-0.0245517602061615,0.281475472485504,0.306027232691665
LarimichthysPolyactis,10,Larimichthys polyactis,Mid-trophic species,13,SSP5-8.5,38.3777233049383,0.290572837651852,39.4296662566667,0.202043004093333,-0.0390123705665125,0.524237450257503,0.563249820824016
LarimichthysPolyactis,11,Larimichthys polyactis,Mid-trophic species,13,SSP1-2.6,38.3763626617284,0.257676786301235,39.0843515533333,0.21040691934,-0.0263731239072778,0.292380423730784,0.318753547638061
LarimichthysPolyactis,11,Larimichthys polyactis,Mid-trophic species,13,SSP5-8.5,38.5803450432099,0.285502161551852,39.0843515533333,0.21040691934,-0.0187250560997971,0.440319519168935,0.459044575268732
LarimichthysPolyactis,12,Larimichthys polyactis,Mid-trophic species,13,SSP1-2.6,38.6439452135802,0.247426341449383,39.5174083466667,0.199838596666667,-0.0322459459557282,0.308163849368633,0.340409795324361
LarimichthysPolyactis,12,Larimichthys polyactis,Mid-trophic species,13,SSP5-8.5,38.0762662765432,0.287791516333333,39.5174083466667,0.199838596666667,-0.053596318131492,0.526188813189029,0.579785131320521
LarimichthysPolyactis,13,Larimichthys polyactis,Mid-trophic species,13,SSP1-2.6,38.8036179777778,0.245535248580247,39.3948515233333,0.20635089368,-0.0218159246132587,0.250830463513731,0.27264638812699
LarimichthysPolyactis,13,Larimichthys polyactis,Mid-trophic species,13,SSP5-8.5,38.4285381296296,0.285737090955556,39.3948515233333,0.20635089368,-0.0358290020280317,0.469588635273149,0.505417637301181
LarimichthysPolyactis,14,Larimichthys polyactis,Mid-trophic species,13,SSP1-2.6,38.5364141098765,0.244699774923457,39.3815693,0.203260973813333,-0.0312982695170157,0.267679530659449,0.298977800176465
LarimichthysPolyactis,14,Larimichthys polyactis,Mid-trophic species,13,SSP5-8.5,38.3201195827161,0.286321365812346,39.3815693,0.203260973813333,-0.0394185385567331,0.49430208708055,0.533720625637283
LarimichthysPolyactis,15,Larimichthys polyactis,Mid-trophic species,13,SSP1-2.6,38.3673296209877,0.248334132355556,38.995334,0.194288565,-0.0234231517582439,0.354081574256569,0.377504726014813
LarimichthysPolyactis,15,Larimichthys polyactis,Mid-trophic species,13,SSP5-8.5,38.4710894037037,0.29076664908642,38.995334,0.194288565,-0.0195268244559346,0.581660809212852,0.601187633668787
LarimichthysPolyactis,16,Larimichthys polyactis,Mid-trophic species,13,SSP1-2.6,38.3919577222222,0.250777973424691,39.4473443333333,0.210554679606667,-0.0391240492137427,0.252215697549309,0.291339746763051
LarimichthysPolyactis,16,Larimichthys polyactis,Mid-trophic species,13,SSP5-8.5,38.4536765740741,0.291096734739506,39.4473443333333,0.210554679606667,-0.0368066371328337,0.467303716741596,0.50411035387443
LarimichthysPolyactis,17,Larimichthys polyactis,Mid-trophic species,13,SSP1-2.6,38.7279997623457,0.236276479188889,39.3247446733333,0.207613498473333,-0.0220604081206881,0.18657577238616,0.208636180506848
LarimichthysPolyactis,17,Larimichthys polyactis,Mid-trophic species,13,SSP5-8.5,38.3700549061728,0.288164975614815,39.3247446733333,0.207613498473333,-0.0354565691919409,0.47299475002638,0.508451319218321
LarimichthysPolyactis,18,Larimichthys polyactis,Mid-trophic species,13,SSP1-2.6,38.4088519592593,0.249282665064198,39.5392235833333,0.201940902726667,-0.0418456993396939,0.303849407082952,0.345695106422646
LarimichthysPolyactis,18,Larimichthys polyactis,Mid-trophic species,13,SSP5-8.5,38.2865222437037,0.28153817960679,39.5392235833333,0.201940902726667,-0.0464479227588107,0.479397425277568,0.525845348036379
LarimichthysPolyactis,19,Larimichthys polyactis,Mid-trophic species,13,SSP1-2.6,38.431987991358,0.254542174412346,39.5573334233333,0.211301753973333,-0.0416375713237356,0.268599969546267,0.310237540870002
LarimichthysPolyactis,19,Larimichthys polyactis,Mid-trophic species,13,SSP5-8.5,38.2837690487654,0.300471294828395,39.5573334233333,0.211301753973333,-0.0472123061048188,0.507922428502639,0.555134734607458
LarimichthysPolyactis,20,Larimichthys polyactis,Mid-trophic species,13,SSP1-2.6,38.463703017284,0.257330692320988,39.8641953933333,0.199775264173333,-0.0515958884953711,0.365245578124081,0.416841466619452
LarimichthysPolyactis,20,Larimichthys polyactis,Mid-trophic species,13,SSP5-8.5,38.2134536679012,0.29480610514321,39.8641953933333,0.199775264173333,-0.0610128985363003,0.561388439340462,0.622401337876762
LarimichthysPolyactis,21,Larimichthys polyactis,Mid-trophic species,13,SSP1-2.6,38.3294501555556,0.245967556666667,39.5507741466667,0.195120266686667,-0.0452526310435661,0.334104400294167,0.379357031337733
LarimichthysPolyactis,21,Larimichthys polyactis,Mid-trophic species,13,SSP5-8.5,38.2921195462963,0.285531474350617,39.5507741466667,0.195120266686667,-0.0466584150629399,0.549286148624259,0.595944563687199
LarimichthysPolyactis,22,Larimichthys polyactis,Mid-trophic species,13,SSP1-2.6,38.5646562777778,0.241824336058025,39.7299512866667,0.201338354126667,-0.0429477721430403,0.264337412003222,0.307285184146262
LarimichthysPolyactis,22,Larimichthys polyactis,Mid-trophic species,13,SSP5-8.5,38.2274329555556,0.290904548819753,39.7299512866667,0.201338354126667,-0.0556187007988754,0.530923829867085,0.586542530665961
LarimichthysPolyactis,23,Larimichthys polyactis,Mid-trophic species,13,SSP1-2.6,38.7884637864198,0.249134869206173,39.5936143866667,0.201844418793333,-0.0296401336468823,0.303683261625312,0.333323395272194
LarimichthysPolyactis,23,Larimichthys polyactis,Mid-trophic species,13,SSP5-8.5,38.316234191358,0.287885992288889,39.5936143866667,0.201844418793333,-0.0473119962255001,0.512253897822205,0.559565894047705
LarimichthysPolyactis,24,Larimichthys polyactis,Mid-trophic species,13,SSP1-2.6,38.1742040576543,0.243791235440741,39.7351871266667,0.186360416673333,-0.0578190618330149,0.387550799231743,0.445369861064758
LarimichthysPolyactis,24,Larimichthys polyactis,Mid-trophic species,13,SSP5-8.5,38.1659251839506,0.304525974985185,39.7351871266667,0.186360416673333,-0.0581319743261416,0.708469828940615,0.766601803266757
LarimichthysPolyactis,25,Larimichthys polyactis,Mid-trophic species,13,SSP1-2.6,38.502567358642,0.25579304071358,39.6909968966667,0.19652118588,-0.0438571499612971,0.380292163799462,0.424149313760759
LarimichthysPolyactis,25,Larimichthys polyactis,Mid-trophic species,13,SSP5-8.5,38.338914962716,0.281881878706173,39.6909968966667,0.19652118588,-0.0500022905772293,0.520405884619193,0.570408175196422
LarimichthysPolyactis,26,Larimichthys polyactis,Mid-trophic species,13,SSP1-2.6,38.727555254321,0.237356117090123,39.4192319866667,0.208062614093333,-0.02553923676396,0.190035474585825,0.215574711349785
LarimichthysPolyactis,26,Larimichthys polyactis,Mid-trophic species,13,SSP5-8.5,38.2563801259259,0.293951305065432,39.4192319866667,0.208062614093333,-0.0431992980704335,0.498559426608948,0.541758724679382
LarimichthysPolyactis,27,Larimichthys polyactis,Mid-trophic species,13,SSP1-2.6,38.580621254321,0.243837988851852,39.0172112833333,0.206776506726667,-0.0162342914877393,0.237850628156057,0.254084919643797
LarimichthysPolyactis,27,Larimichthys polyactis,Mid-trophic species,13,SSP5-8.5,38.2946458592593,0.294300442469136,39.0172112833333,0.206776506726667,-0.026967969636716,0.509217430663776,0.536185400300492
LarimichthysPolyactis,28,Larimichthys polyactis,Mid-trophic species,13,SSP1-2.6,38.6598057407407,0.246375599791358,40.0479010366667,0.18985387928,-0.0508922428062467,0.375969905642172,0.426862148448419
LarimichthysPolyactis,28,Larimichthys polyactis,Mid-trophic species,13,SSP5-8.5,38.1296293012346,0.287262319782716,40.0479010366667,0.18985387928,-0.0708141259087305,0.597479289064485,0.668293414973215
LarimichthysPolyactis,29,Larimichthys polyactis,Mid-trophic species,13,SSP1-2.6,38.7884715160494,0.257766412002469,39.3036766733333,0.20165681196,-0.0190363494141525,0.354162146240507,0.373198495654659
LarimichthysPolyactis,29,Larimichthys polyactis,Mid-trophic species,13,SSP5-8.5,38.2864299808642,0.297795920787654,39.3036766733333,0.20165681196,-0.0378311337804296,0.562421851245615,0.600252985026044
LarimichthysPolyactis,30,Larimichthys polyactis,Mid-trophic species,13,SSP1-2.6,38.6725642469136,0.246924663496296,39.115009955,0.218712414436667,-0.0164119043216488,0.175035831728188,0.191447736049836
LarimichthysPolyactis,30,Larimichthys polyactis,Mid-trophic species,13,SSP5-8.5,38.1576876716049,0.296002359444444,39.115009955,0.218712414436667,-0.0357485844300466,0.436573563477525,0.472322147907571
LarimichthysPolyactis,31,Larimichthys polyactis,Mid-trophic species,13,SSP1-2.6,38.4477847135803,0.259892297681482,39.5649371133333,0.204474543546667,-0.0413219888224446,0.345992634658363,0.387314623480808
LarimichthysPolyactis,31,Larimichthys polyactis,Mid-trophic species,13,SSP5-8.5,38.4384579944444,0.306699416390123,39.5649371133333,0.204474543546667,-0.0416720023238775,0.584904178102579,0.626576180426456
LarimichthysPolyactis,32,Larimichthys polyactis,Mid-trophic species,13,SSP1-2.6,38.6340718987654,0.250639433493827,39.49310094,0.202839059313333,-0.0317269098349976,0.305277925094639,0.337004834929636
LarimichthysPolyactis,32,Larimichthys polyactis,Mid-trophic species,13,SSP5-8.5,38.1597866716049,0.284195514209877,39.49310094,0.202839059313333,-0.0495475444046317,0.486548294129139,0.536095838533771
LarimichthysPolyactis,33,Larimichthys polyactis,Mid-trophic species,13,SSP1-2.6,38.7859724833333,0.250674369116049,39.2635168266667,0.20436599168,-0.0176544256563594,0.294659352473846,0.312313778130205
LarimichthysPolyactis,33,Larimichthys polyactis,Mid-trophic species,13,SSP5-8.5,38.5854388407407,0.279185259493827,39.2635168266667,0.20436599168,-0.0251328866168298,0.450067632764378,0.475200519381207
LarimichthysPolyactis,34,Larimichthys polyactis,Mid-trophic species,13,SSP1-2.6,38.7871981037037,0.243863473516049,39.0709607816667,0.204779664473333,-0.0105161700918408,0.25200122737611,0.262517397467951
LarimichthysPolyactis,34,Larimichthys polyactis,Mid-trophic species,13,SSP5-8.5,38.3264067148148,0.290588870092593,39.0709607816667,0.204779664473333,-0.0277579879447968,0.504906990602334,0.532664978547131
LarimichthysPolyactis,35,Larimichthys polyactis,Mid-trophic species,13,SSP1-2.6,38.4750186722222,0.25000053408642,39.0477549433333,0.185486960533333,-0.0213175760741539,0.430613405955995,0.451930982030149
LarimichthysPolyactis,35,Larimichthys polyactis,Mid-trophic species,13,SSP5-8.5,38.4564000037037,0.286693913451852,39.0477549433333,0.185486960533333,-0.0220158879401338,0.628193505281448,0.650209393221582
LarimichthysPolyactis,36,Larimichthys polyactis,Mid-trophic species,13,SSP1-2.6,38.6573321950617,0.243887635683951,39.1543692533333,0.205880443266667,-0.0184312292060853,0.244409826179937,0.262841055386022
LarimichthysPolyactis,36,Larimichthys polyactis,Mid-trophic species,13,SSP5-8.5,38.0851057123457,0.298416631641975,39.1543692533333,0.205880443266667,-0.039946407292908,0.535521149672395,0.575467556965303
LarimichthysPolyactis,37,Larimichthys polyactis,Mid-trophic species,13,SSP1-2.6,38.5032734814815,0.253253038133333,39.793083065,0.19255705708,-0.0475365731865927,0.395293578468881,0.442830151655474
LarimichthysPolyactis,37,Larimichthys polyactis,Mid-trophic species,13,SSP5-8.5,38.3328110508642,0.292042688997531,39.793083065,0.19255705708,-0.0539378808085319,0.60089327091811,0.654831151726642
LarimichthysPolyactis,38,Larimichthys polyactis,Mid-trophic species,13,SSP1-2.6,38.7561490641975,0.237508699182716,39.2841820066667,0.199670326666667,-0.0195232932134099,0.250360408263088,0.269883701476498
LarimichthysPolyactis,38,Larimichthys polyactis,Mid-trophic species,13,SSP5-8.5,38.329084754321,0.288881390516049,39.2841820066667,0.199670326666667,-0.035508971279754,0.532857322310511,0.568366293590265
LarimichthysPolyactis,39,Larimichthys polyactis,Mid-trophic species,13,SSP1-2.6,38.5299887148148,0.251050194345679,39.5045764866667,0.19693619482,-0.0360380314220998,0.350247553920527,0.386285585342627
LarimichthysPolyactis,39,Larimichthys polyactis,Mid-trophic species,13,SSP5-8.5,38.2959227938272,0.294048623092593,39.5045764866667,0.19693619482,-0.0448289922234964,0.578326447054504,0.623155439278
LarimichthysPolyactis,40,Larimichthys polyactis,Mid-trophic species,13,SSP1-2.6,38.4537640555556,0.249221515019753,40.10446312,0.20772841296,-0.0606379757076661,0.262730059429161,0.323368035136827
LarimichthysPolyactis,40,Larimichthys polyactis,Mid-trophic species,13,SSP5-8.5,38.3316950308642,0.286441853269136,40.10446312,0.20772841296,-0.065225003695054,0.463543745884094,0.528768749579148
LarimichthysPolyactis,41,Larimichthys polyactis,Mid-trophic species,13,SSP1-2.6,38.4926638302469,0.249526768224691,38.72126406,0.21708758768,-0.00854253605318627,0.200917350384808,0.209459886437995
LarimichthysPolyactis,41,Larimichthys polyactis,Mid-trophic species,13,SSP5-8.5,38.4309367037037,0.292489440869136,38.72126406,0.21708758768,-0.0108579096927071,0.430107303071161,0.440965212763868
LarimichthysPolyactis,42,Larimichthys polyactis,Mid-trophic species,13,SSP1-2.6,38.7439249518519,0.245878943446914,39.6419337733333,0.192267179593333,-0.0330572268424582,0.354835678212914,0.387892905055373
LarimichthysPolyactis,42,Larimichthys polyactis,Mid-trophic species,13,SSP5-8.5,38.2435478271605,0.291738428765432,39.6419337733333,0.192267179593333,-0.0518109730175609,0.601562922731703,0.653373895749264
LarimichthysPolyactis,43,Larimichthys polyactis,Mid-trophic species,13,SSP1-2.6,38.3711268950617,0.246063313750617,39.393758,0.18606135152,-0.0379459155241599,0.403251167168295,0.441197082692455
LarimichthysPolyactis,43,Larimichthys polyactis,Mid-trophic species,13,SSP5-8.5,38.1027999395062,0.284937800609877,39.393758,0.18606135152,-0.0480700342341529,0.614868614807422,0.662938649041575
LarimichthysPolyactis,44,Larimichthys polyactis,Mid-trophic species,13,SSP1-2.6,38.368100262963,0.247223101444444,39.4786198916667,0.200749826843333,-0.0411642225045269,0.300414816974877,0.341579039479404
LarimichthysPolyactis,44,Larimichthys polyactis,Mid-trophic species,13,SSP5-8.5,38.2246998493827,0.291308325997531,39.4786198916667,0.200749826843333,-0.0465663832026521,0.537148192953189,0.583714576155841
LarimichthysPolyactis,45,Larimichthys polyactis,Mid-trophic species,13,SSP1-2.6,38.4100681049383,0.258815302975309,39.4937470533333,0.198361176546667,-0.0401397311399146,0.38379323450059,0.423932965640505
LarimichthysPolyactis,45,Larimichthys polyactis,Mid-trophic species,13,SSP5-8.5,38.264984245679,0.289942943195062,39.4937470533333,0.198361176546667,-0.0455994473750092,0.54763933792441,0.59323878529942
LarimichthysPolyactis,46,Larimichthys polyactis,Mid-trophic species,13,SSP1-2.6,38.4885344154321,0.252293701259259,39.29499184,0.201063109106667,-0.0299167156568683,0.327455787146903,0.357372502803772
LarimichthysPolyactis,46,Larimichthys polyactis,Mid-trophic species,13,SSP5-8.5,38.3983859604938,0.295501945746914,39.29499184,0.201063109106667,-0.0332997823174729,0.555519228501002,0.588819010818475
LarimichthysPolyactis,47,Larimichthys polyactis,Mid-trophic species,13,SSP1-2.6,38.5970564092593,0.240219040128395,39.2135973316667,0.211654084876667,-0.0228631711496092,0.182642173172489,0.205505344322098
LarimichthysPolyactis,47,Larimichthys polyactis,Mid-trophic species,13,SSP5-8.5,38.2664272753086,0.283503008762963,39.2135973316667,0.211654084876667,-0.0352747853791326,0.421655713676255,0.456930499055388
LarimichthysPolyactis,48,Larimichthys polyactis,Mid-trophic species,13,SSP1-2.6,38.4960786555556,0.252695687580247,39.21997017,0.202630568146667,-0.0268769428847973,0.318549213402744,0.345426156287541
LarimichthysPolyactis,48,Larimichthys polyactis,Mid-trophic species,13,SSP5-8.5,38.4863903216049,0.288215157417284,39.21997017,0.202630568146667,-0.0272400726104258,0.508294379210924,0.53553445182135
LarimichthysPolyactis,49,Larimichthys polyactis,Mid-trophic species,13,SSP1-2.6,38.6811522222222,0.255245004259259,39.3414167733333,0.194362869466667,-0.0244181432516509,0.393130087586337,0.417548230837988
LarimichthysPolyactis,49,Larimichthys polyactis,Mid-trophic species,13,SSP5-8.5,38.4521365728395,0.286759360671605,39.3414167733333,0.194362869466667,-0.032985150252021,0.561087943950145,0.594073094202166
LarimichthysPolyactis,50,Larimichthys polyactis,Mid-trophic species,13,SSP1-2.6,38.4619948506173,0.239244283775309,39.1168045066667,0.19209819084,-0.0243549290937231,0.316640523124095,0.340995452217818
LarimichthysPolyactis,50,Larimichthys polyactis,Mid-trophic species,13,SSP5-8.5,38.5153675259259,0.290615476565432,39.1168045066667,0.19209819084,-0.0223543277753989,0.597267603016467,0.619621930791865
LarimichthysPolyactis,51,Larimichthys polyactis,Mid-trophic species,13,SSP1-2.6,38.7399661901235,0.239862870651852,39.4576151866667,0.195812096233333,-0.0264810675427704,0.29273996454128,0.319221032084051
LarimichthysPolyactis,51,Larimichthys polyactis,Mid-trophic species,13,SSP5-8.5,38.2972091641975,0.285733641125926,39.4576151866667,0.195812096233333,-0.0430645000468541,0.545201013620258,0.588265513667112
LarimichthysPolyactis,52,Larimichthys polyactis,Mid-trophic species,13,SSP1-2.6,38.4840349246914,0.245923861439506,39.6568378633333,0.185620383126667,-0.0433095763973592,0.405856580491177,0.449166156888536
LarimichthysPolyactis,52,Larimichthys polyactis,Mid-trophic species,13,SSP5-8.5,38.4761351290124,0.28775705941358,39.6568378633333,0.185620383126667,-0.0436057554749837,0.632496179084192,0.676101934559175
LarimichthysPolyactis,53,Larimichthys polyactis,Mid-trophic species,13,SSP1-2.6,38.4588688617284,0.245019991523457,39.0057147333333,0.19896954388,-0.0203691776554958,0.300351850122068,0.320721027777564
LarimichthysPolyactis,53,Larimichthys polyactis,Mid-trophic species,13,SSP5-8.5,38.2955922555556,0.301562683639506,39.0057147333333,0.19896954388,-0.0265071584818684,0.599910300399093,0.626417458880961
LarimichthysPolyactis,54,Larimichthys polyactis,Mid-trophic species,13,SSP1-2.6,38.8494445246914,0.259552420365432,39.44791215,0.1843269402,-0.0220549741859163,0.493758998482066,0.515813972667982
LarimichthysPolyactis,54,Larimichthys polyactis,Mid-trophic species,13,SSP5-8.5,38.5199159277778,0.291886639020988,39.44791215,0.1843269402,-0.0343443906826545,0.663141230978907,0.697485621661561
LarimichthysPolyactis,55,Larimichthys polyactis,Mid-trophic species,13,SSP1-2.6,38.6985653358025,0.24728312597284,38.66487737,0.200191926833333,0.00125644522976115,0.304780001331348,0.303523556101587
LarimichthysPolyactis,55,Larimichthys polyactis,Mid-trophic species,13,SSP5-8.5,38.377948954321,0.284761816565432,38.66487737,0.200191926833333,-0.0107460262301609,0.508371914109631,0.519117940339792
LarimichthysPolyactis,56,Larimichthys polyactis,Mid-trophic species,13,SSP1-2.6,38.4482620691358,0.241973978832099,39.436561795,0.204414353713333,-0.0366153912117782,0.243355408647149,0.279970799858928
LarimichthysPolyactis,56,Larimichthys polyactis,Mid-trophic species,13,SSP5-8.5,38.4979976487654,0.301447823730864,39.436561795,0.204414353713333,-0.0347503678995847,0.560411810011455,0.59516217791104
LarimichthysPolyactis,57,Larimichthys polyactis,Mid-trophic species,13,SSP1-2.6,38.3526160654321,0.256305559997531,39.42841071,0.19964607554,-0.0399105705408428,0.360420062063298,0.400330632604141
LarimichthysPolyactis,57,Larimichthys polyactis,Mid-trophic species,13,SSP5-8.5,38.3893026046296,0.295669871865432,39.42841071,0.19964607554,-0.0385312072641167,0.566542530304656,0.605073737568773
LarimichthysPolyactis,58,Larimichthys polyactis,Mid-trophic species,13,SSP1-2.6,38.9813525512346,0.247924699044444,38.6747369933333,0.195382071593333,0.011392668525359,0.3436039138461,0.332211245320741
LarimichthysPolyactis,58,Larimichthys polyactis,Mid-trophic species,13,SSP5-8.5,38.2445823925926,0.294503521669136,38.6747369933333,0.195382071593333,-0.0161360860616744,0.591986795295144,0.608122881356818
LarimichthysPolyactis,59,Larimichthys polyactis,Mid-trophic species,13,SSP1-2.6,38.5275651222222,0.241131825669136,38.9385003466667,0.196813194986667,-0.0153063091020846,0.292995130111261,0.308301439213345
LarimichthysPolyactis,59,Larimichthys polyactis,Mid-trophic species,13,SSP5-8.5,38.3450210932099,0.279192042567901,38.9385003466667,0.196813194986667,-0.0221580588187567,0.504430876139858,0.526588934958615
LarimichthysPolyactis,60,Larimichthys polyactis,Mid-trophic species,13,SSP1-2.6,38.5090941493827,0.249328649728395,39.2299904866667,0.203846084646667,-0.0267577985854765,0.290568422143702,0.317326220729178
LarimichthysPolyactis,60,Larimichthys polyactis,Mid-trophic species,13,SSP5-8.5,38.2554716160494,0.279912541195062,39.2299904866667,0.203846084646667,-0.0362908767398819,0.457495880162833,0.493786756902715
LarimichthysPolyactis,61,Larimichthys polyactis,Mid-trophic species,13,SSP1-2.6,38.6100581419753,0.245769582888889,39.23777458,0.214228915926667,-0.0232664928021506,0.198153151356842,0.221419644158992
LarimichthysPolyactis,61,Larimichthys polyactis,Mid-trophic species,13,SSP5-8.5,38.5568304827161,0.295674884034568,39.23777458,0.214228915926667,-0.0252567581503788,0.464858476058888,0.490115234209267
LarimichthysPolyactis,62,Larimichthys polyactis,Mid-trophic species,13,SSP1-2.6,38.5938578833333,0.250795487425926,38.8193141833333,0.215002729866667,-0.00840336591030166,0.222156412223426,0.230559778133727
LarimichthysPolyactis,62,Larimichthys polyactis,Mid-trophic species,13,SSP5-8.5,38.4533496450617,0.292650747014815,38.8193141833333,0.215002729866667,-0.0136653544958279,0.444824983593467,0.458490338089294
LarimichthysPolyactis,63,Larimichthys polyactis,Mid-trophic species,13,SSP1-2.6,38.3861350888889,0.250461677283951,39.6662366133333,0.194681388433333,-0.0473262167453613,0.363474907175204,0.410801123920565
LarimichthysPolyactis,63,Larimichthys polyactis,Mid-trophic species,13,SSP5-8.5,38.3332813361728,0.284580725582716,39.6662366133333,0.194681388433333,-0.0493140279814851,0.547722983818406,0.597037011799891
LarimichthysPolyactis,64,Larimichthys polyactis,Mid-trophic species,13,SSP1-2.6,38.4719061746914,0.24420612014321,39.13835182,0.199571908213333,-0.0247776901114435,0.291190695824045,0.315968385935488
LarimichthysPolyactis,64,Larimichthys polyactis,Mid-trophic species,13,SSP5-8.5,38.4503641259259,0.29189264431358,39.13835182,0.199571908213333,-0.0255857423859171,0.548529194535925,0.574114936921842
LarimichthysPolyactis,65,Larimichthys polyactis,Mid-trophic species,13,SSP1-2.6,38.5527193228395,0.257564577045679,39.7502395,0.197504084953333,-0.0441309283574289,0.383051700010103,0.427182628367532
LarimichthysPolyactis,65,Larimichthys polyactis,Mid-trophic species,13,SSP5-8.5,38.4075736901235,0.275188465871605,39.7502395,0.197504084953333,-0.0495727250191343,0.478537510134361,0.528110235153495
LarimichthysPolyactis,66,Larimichthys polyactis,Mid-trophic species,13,SSP1-2.6,38.4741438827161,0.247319986251852,39.30175291,0.213304797,-0.0307044356081384,0.213462419779939,0.244166855388077
LarimichthysPolyactis,66,Larimichthys polyactis,Mid-trophic species,13,SSP5-8.5,38.2338687975309,0.290167888528395,39.30175291,0.213304797,-0.0397424694572807,0.443971461447798,0.483713930905079
LarimichthysPolyactis,67,Larimichthys polyactis,Mid-trophic species,13,SSP1-2.6,38.742277117284,0.250288937192593,39.127602285,0.220221307246667,-0.0142779531756303,0.18464046323284,0.19891841640847
LarimichthysPolyactis,67,Larimichthys polyactis,Mid-trophic species,13,SSP5-8.5,38.4159564718519,0.287540009518519,39.127602285,0.220221307246667,-0.0264810314967893,0.384808650769125,0.411289682265914
LarimichthysPolyactis,68,Larimichthys polyactis,Mid-trophic species,13,SSP1-2.6,38.4963024197531,0.245103527518519,38.9242929216667,0.20905092393,-0.015950951085692,0.229536827963748,0.24548777904944
LarimichthysPolyactis,68,Larimichthys polyactis,Mid-trophic species,13,SSP5-8.5,38.2809931296296,0.293384942619753,38.9242929216667,0.20905092393,-0.0240425739328833,0.488940409958223,0.512982983891107
LarimichthysPolyactis,69,Larimichthys polyactis,Mid-trophic species,13,SSP1-2.6,38.6331546641975,0.250402663306173,39.5593195033333,0.197112424926667,-0.0341781207653921,0.345231187864901,0.379409308630294
LarimichthysPolyactis,69,Larimichthys polyactis,Mid-trophic species,13,SSP5-8.5,38.2897220744444,0.287415237571605,39.5593195033333,0.197112424926667,-0.0470604207316779,0.544117830442487,0.591178251174165
LarimichthysPolyactis,70,Larimichthys polyactis,Mid-trophic species,13,SSP1-2.6,38.7583134308642,0.250625545051852,38.9909954566667,0.200309700226667,-0.00863519462036998,0.323301182092625,0.331936376712995
LarimichthysPolyactis,70,Larimichthys polyactis,Mid-trophic species,13,SSP5-8.5,38.3760161506173,0.292928075101235,38.9909954566667,0.200309700226667,-0.0229360360095484,0.548314185041592,0.57125022105114
LarimichthysPolyactis,71,Larimichthys polyactis,Mid-trophic species,13,SSP1-2.6,38.4236625950617,0.251199400851852,38.9528319583333,0.19221574946,-0.0197331740835246,0.386106473046508,0.405839647130033
LarimichthysPolyactis,71,Larimichthys polyactis,Mid-trophic species,13,SSP5-8.5,38.3880261197531,0.288563873162963,38.9528319583333,0.19221574946,-0.0210718393505295,0.586164142370528,0.607235981721057
LarimichthysPolyactis,72,Larimichthys polyactis,Mid-trophic species,13,SSP1-2.6,38.3520353518519,0.259456772062963,39.2722119733333,0.19055013622,-0.0342057149048163,0.445323552549272,0.479529267454089
LarimichthysPolyactis,72,Larimichthys polyactis,Mid-trophic species,13,SSP5-8.5,37.9143992481482,0.302289601446914,39.2722119733333,0.19055013622,-0.0507629951777814,0.665760712607575,0.716523707785357
LarimichthysPolyactis,73,Larimichthys polyactis,Mid-trophic species,13,SSP1-2.6,38.4818348864198,0.251330125001235,38.9606541466667,0.208111288886667,-0.0178403092059091,0.272228380872164,0.290068690078073
LarimichthysPolyactis,73,Larimichthys polyactis,Mid-trophic species,13,SSP5-8.5,38.3869047271605,0.288000851893827,38.9606541466667,0.208111288886667,-0.0214036651372779,0.468717853677824,0.490121518815102
LarimichthysPolyactis,74,Larimichthys polyactis,Mid-trophic species,13,SSP1-2.6,38.5195124919753,0.24143437268642,39.4573201433333,0.20566123292,-0.0347035302734332,0.231361213351608,0.266064743625041
LarimichthysPolyactis,74,Larimichthys polyactis,Mid-trophic species,13,SSP5-8.5,38.183652195679,0.298912007419753,39.4573201433333,0.20566123292,-0.0473378741791247,0.539450979927124,0.586788854106249
LarimichthysPolyactis,75,Larimichthys polyactis,Mid-trophic species,13,SSP1-2.6,38.6412940493827,0.241450006360494,39.1134862733333,0.193375586026667,-0.0175227234038593,0.320318837732512,0.337841561136371
LarimichthysPolyactis,75,Larimichthys polyactis,Mid-trophic species,13,SSP5-8.5,38.344725191358,0.300478795846914,39.1134862733333,0.193375586026667,-0.0286380022930391,0.635857522808026,0.664495525101066
LarimichthysPolyactis,76,Larimichthys polyactis,Mid-trophic species,13,SSP1-2.6,38.6843246851852,0.241765094098765,39.92405956,0.213985862846667,-0.0455093354698267,0.176090477234525,0.221599812704351
LarimichthysPolyactis,76,Larimichthys polyactis,Mid-trophic species,13,SSP5-8.5,38.315590437037,0.294189133525926,39.92405956,0.213985862846667,-0.0593268867450491,0.459228471769398,0.518555358514447
LarimichthysPolyactis,77,Larimichthys polyactis,Mid-trophic species,13,SSP1-2.6,38.6768688074074,0.243280375261728,39.3503696666667,0.193008902846667,-0.0249061866283249,0.333952551188765,0.35885873781709
LarimichthysPolyactis,77,Larimichthys polyactis,Mid-trophic species,13,SSP5-8.5,38.4729225074074,0.274201064506173,39.3503696666667,0.193008902846667,-0.0325337639940144,0.50656677631166,0.539100540305674
LarimichthysPolyactis,78,Larimichthys polyactis,Mid-trophic species,13,SSP1-2.6,38.671510887037,0.245075704453086,39.3943781966667,0.20932536926,-0.0267186322421966,0.227480299804457,0.254198932046654
LarimichthysPolyactis,78,Larimichthys polyactis,Mid-trophic species,13,SSP5-8.5,38.3537423777778,0.286471650407407,39.3943781966667,0.20932536926,-0.0386224075348259,0.452645205030908,0.491267612565734
LarimichthysPolyactis,79,Larimichthys polyactis,Mid-trophic species,13,SSP1-2.6,38.1502647987654,0.252447267471605,39.43707777,0.200806783186667,-0.0478595833190515,0.330174057645805,0.378033640964857
LarimichthysPolyactis,79,Larimichthys polyactis,Mid-trophic species,13,SSP5-8.5,38.3109101716049,0.288416150681482,39.43707777,0.200806783186667,-0.0417973530735706,0.52234395077423,0.564141303847801
LarimichthysPolyactis,80,Larimichthys polyactis,Mid-trophic species,13,SSP1-2.6,38.2177065469136,0.260273162180247,39.8090888666667,0.187286436006667,-0.0588566475603724,0.474780139360147,0.533636786920519
LarimichthysPolyactis,80,Larimichthys polyactis,Mid-trophic species,13,SSP5-8.5,38.1659809975309,0.291106516614815,39.8090888666667,0.187286436006667,-0.0608105779711069,0.63630071759615,0.697111295567257
LarimichthysPolyactis,81,Larimichthys polyactis,Mid-trophic species,13,SSP1-2.6,38.6359446290123,0.24330759921358,39.4912967866667,0.205555897566667,-0.0315910712156641,0.243250616003896,0.27484168721956
LarimichthysPolyactis,81,Larimichthys polyactis,Mid-trophic species,13,SSP5-8.5,38.5885513808642,0.281147667907407,39.4912967866667,0.205555897566667,-0.0333618568132857,0.451797315317896,0.485159172131182
LarimichthysPolyactis,82,Larimichthys polyactis,Mid-trophic species,13,SSP1-2.6,38.6677311641975,0.235922350720988,39.3215834066667,0.209809223313333,-0.0241913009574822,0.169234001670321,0.193425302627803
LarimichthysPolyactis,82,Larimichthys polyactis,Mid-trophic species,13,SSP5-8.5,38.2648874814815,0.281172982632099,39.3215834066667,0.209809223313333,-0.0393002600811669,0.422379874424931,0.461680134506098
LarimichthysPolyactis,83,Larimichthys polyactis,Mid-trophic species,13,SSP1-2.6,38.7590275061728,0.245034532893827,39.3399126966667,0.208944494633333,-0.0214613831055573,0.229865337249512,0.251326720355069
LarimichthysPolyactis,83,Larimichthys polyactis,Mid-trophic species,13,SSP5-8.5,38.2667835827161,0.285863613298765,39.3399126966667,0.208944494633333,-0.0399011119482956,0.452207249073543,0.492108361021839
LarimichthysPolyactis,84,Larimichthys polyactis,Mid-trophic species,13,SSP1-2.6,38.4426053283951,0.241663301901235,39.8157616333333,0.202553592385,-0.050633541502672,0.254694735243192,0.305328276745864
LarimichthysPolyactis,84,Larimichthys polyactis,Mid-trophic species,13,SSP5-8.5,38.329362817284,0.296430947496296,39.8157616333333,0.202553592385,-0.0548896399623727,0.549392401242738,0.604282041205111
LarimichthysPolyactis,85,Larimichthys polyactis,Mid-trophic species,13,SSP1-2.6,38.6119462580247,0.249628326753086,39.0136074066667,0.201542015286667,-0.0149301278141182,0.30870102686884,0.323631154682959
LarimichthysPolyactis,85,Larimichthys polyactis,Mid-trophic species,13,SSP5-8.5,38.6137155061728,0.282837137558025,39.0136074066667,0.201542015286667,-0.0148640232195701,0.4888909362849,0.50375495950447
LarimichthysPolyactis,86,Larimichthys polyactis,Mid-trophic species,13,SSP1-2.6,38.6429710191358,0.245703520017284,39.2190019,0.196287689273333,-0.0213468019362698,0.323948833278571,0.345295635214841
LarimichthysPolyactis,86,Larimichthys polyactis,Mid-trophic species,13,SSP5-8.5,38.8160758339506,0.286347733458025,39.2190019,0.196287689273333,-0.0148985461472147,0.544798491052973,0.559697037200187
LarimichthysPolyactis,87,Larimichthys polyactis,Mid-trophic species,13,SSP1-2.6,38.4993580851852,0.249087901755556,39.2969217266667,0.209856666073333,-0.0295819138764823,0.247250660324334,0.276832574200816
LarimichthysPolyactis,87,Larimichthys polyactis,Mid-trophic species,13,SSP5-8.5,38.3015423049383,0.301703553246914,39.2969217266667,0.209856666073333,-0.0370138183159431,0.523727396609671,0.560741214925614
LarimichthysPolyactis,88,Larimichthys polyactis,Mid-trophic species,13,SSP1-2.6,38.6042972617284,0.249829516009877,39.3462169866667,0.208322206806667,-0.0274634809296397,0.262127297144622,0.289590778074261
LarimichthysPolyactis,88,Larimichthys polyactis,Mid-trophic species,13,SSP5-8.5,38.1698983246914,0.309138143446914,39.3462169866667,0.208322206806667,-0.0437895883010105,0.56943503763769,0.6132246259387
LarimichthysPolyactis,89,Larimichthys polyactis,Mid-trophic species,13,SSP1-2.6,38.4519346925926,0.249358319432099,39.4056578733333,0.20457439944,-0.0353465984412947,0.285594720286683,0.320941318727977
LarimichthysPolyactis,89,Larimichthys polyactis,Mid-trophic species,13,SSP5-8.5,38.0630601666667,0.288260066737037,39.4056578733333,0.20457439944,-0.0500112319984181,0.494745374471048,0.544756606469466
LarimichthysPolyactis,90,Larimichthys polyactis,Mid-trophic species,13,SSP1-2.6,38.3637702074074,0.265972023997531,39.3104073183333,0.219843201913333,-0.0351668039791782,0.274799583665878,0.309966387645056
LarimichthysPolyactis,90,Larimichthys polyactis,Mid-trophic species,13,SSP5-8.5,37.9583371703704,0.294393506780247,39.3104073183333,0.219843201913333,-0.0504945184252536,0.421270929689144,0.471765448114397
LarimichthysPolyactis,91,Larimichthys polyactis,Mid-trophic species,13,SSP1-2.6,38.7728413716049,0.241398109103704,38.4844436316667,0.212951269433333,0.0107710728340113,0.180891045330289,0.170119972496277
LarimichthysPolyactis,91,Larimichthys polyactis,Mid-trophic species,13,SSP5-8.5,38.136054462963,0.29784626731358,38.4844436316667,0.212951269433333,-0.0131197995932132,0.484044548939766,0.49716434853298
LarimichthysPolyactis,92,Larimichthys polyactis,Mid-trophic species,13,SSP1-2.6,38.3652713037037,0.248507053320988,39.2994824466667,0.196597727353333,-0.0347093559874239,0.338040155674983,0.372749511662407
LarimichthysPolyactis,92,Larimichthys polyactis,Mid-trophic species,13,SSP5-8.5,38.3759448308642,0.294411274693827,39.2994824466667,0.196597727353333,-0.0343080424409839,0.582586277118965,0.616894319559949
LarimichthysPolyactis,93,Larimichthys polyactis,Mid-trophic species,13,SSP1-2.6,38.566222862963,0.249191783103704,39.3734313,0.1888034904,-0.0298845885988287,0.400371061478946,0.430255650077775
LarimichthysPolyactis,93,Larimichthys polyactis,Mid-trophic species,13,SSP5-8.5,38.2946986827161,0.282749063560494,39.3734313,0.1888034904,-0.0400777585480821,0.582636810174467,0.622714568722549
LarimichthysPolyactis,94,Larimichthys polyactis,Mid-trophic species,13,SSP1-2.6,38.5289901987654,0.243362096588889,39.2561871466667,0.196859199293333,-0.0269756792305212,0.30594035551835,0.332916034748871
LarimichthysPolyactis,94,Larimichthys polyactis,Mid-trophic species,13,SSP5-8.5,38.4092859555556,0.284813406037037,39.2561871466667,0.196859199293333,-0.0314649104956657,0.532852923226863,0.564317833722529
LarimichthysPolyactis,95,Larimichthys polyactis,Mid-trophic species,13,SSP1-2.6,38.6260184864198,0.249633226411111,40.0253777383333,0.18891200086,-0.0513420438623744,0.402095617452765,0.453437661315139
LarimichthysPolyactis,95,Larimichthys polyactis,Mid-trophic species,13,SSP5-8.5,38.5306510358025,0.277664034866667,40.0253777383333,0.18891200086,-0.0549084553984287,0.555625966990515,0.610534422388943
LarimichthysPolyactis,96,Larimichthys polyactis,Mid-trophic species,13,SSP1-2.6,38.6337696888889,0.251484747165432,39.3873684366667,0.19558952178,-0.0278705749382416,0.362641818019286,0.390512392957528
LarimichthysPolyactis,96,Larimichthys polyactis,Mid-trophic species,13,SSP5-8.5,38.1685996654321,0.304139878402469,39.3873684366667,0.19558952178,-0.0453467725602515,0.63690590938267,0.682252681942921
LarimichthysPolyactis,97,Larimichthys polyactis,Mid-trophic species,13,SSP1-2.6,38.8884579382716,0.252548762348148,39.62868194,0.200517461413333,-0.0272029556383191,0.332834097076955,0.360037052715274
LarimichthysPolyactis,97,Larimichthys polyactis,Mid-trophic species,13,SSP5-8.5,38.1938412333333,0.27553860117284,39.62868194,0.200517461413333,-0.0532049616304175,0.458526570610111,0.511731532240529
LarimichthysPolyactis,98,Larimichthys polyactis,Mid-trophic species,13,SSP1-2.6,38.5168654296296,0.245989668530864,39.47977134,0.206221565553333,-0.0356233350843008,0.254402514252634,0.290025849336935
LarimichthysPolyactis,98,Larimichthys polyactis,Mid-trophic species,13,SSP5-8.5,38.2230593709877,0.288667990711111,39.47977134,0.206221565553333,-0.0466703778320183,0.485215931549082,0.5318863093811
LarimichthysPolyactis,99,Larimichthys polyactis,Mid-trophic species,13,SSP1-2.6,38.4819223765432,0.251730373422222,39.2499630633333,0.211128877926667,-0.0285104251457939,0.25375537840797,0.282265803553764
LarimichthysPolyactis,99,Larimichthys polyactis,Mid-trophic species,13,SSP5-8.5,38.0192236759259,0.31464795295679,39.2499630633333,0.211128877926667,-0.0459622228038104,0.575614634937667,0.621576857741478
LarimichthysPolyactis,100,Larimichthys polyactis,Mid-trophic species,13,SSP1-2.6,38.3604807555556,0.252780944518519,39.1645150166667,0.200576171966667,-0.0299262921016069,0.333737485438222,0.363663777539829
LarimichthysPolyactis,100,Larimichthys polyactis,Mid-trophic species,13,SSP5-8.5,38.4355554691358,0.292190145980247,39.1645150166667,0.200576171966667,-0.027105574866555,0.54275729758015,0.569862872446705
MiichthysMiiuy,1,Miichthys miiuy,Predator,5,SSP1-2.6,104.739941679012,0.596714669259259,101.423337366667,0.3773640495,0.0464220539526818,0.661084255990896,0.614662202038214
MiichthysMiiuy,1,Miichthys miiuy,Predator,5,SSP5-8.5,102.164544327161,0.727813634074074,101.423337366667,0.3773640495,0.0105049507067803,0.94761208967439,0.937107138967609
MiichthysMiiuy,2,Miichthys miiuy,Predator,5,SSP1-2.6,105.024811981481,0.611538157222222,103.940859783333,0.388689196666667,0.0149673051448714,0.653825509647661,0.63885820450279
MiichthysMiiuy,2,Miichthys miiuy,Predator,5,SSP5-8.5,100.957391932099,0.758512745864198,103.940859783333,0.388689196666667,-0.0420163516617772,0.964556413797835,1.00657276545961
MiichthysMiiuy,3,Miichthys miiuy,Predator,5,SSP1-2.6,102.665037783951,0.617044261790124,99.7974220666667,0.358878040166667,0.0408705066469601,0.781880333420447,0.741009826773487
MiichthysMiiuy,3,Miichthys miiuy,Predator,5,SSP5-8.5,102.633047919753,0.738530776790124,99.7974220666667,0.358878040166667,0.0404209007127158,1.04116439666823,1.00074349595552
MiichthysMiiuy,4,Miichthys miiuy,Predator,5,SSP1-2.6,101.063862716049,0.620160473703704,104.770740916667,0.339595366066667,-0.0519686482893016,0.86882480506019,0.920793453349492
MiichthysMiiuy,4,Miichthys miiuy,Predator,5,SSP5-8.5,100.984445259259,0.749428207592593,104.770740916667,0.339595366066667,-0.0531027847551756,1.14197350723156,1.19507629198673
MiichthysMiiuy,5,Miichthys miiuy,Predator,5,SSP1-2.6,103.362766944444,0.576230394012346,103.799390983333,0.389097472666667,-0.00608138353713133,0.566514149809593,0.572595533346724
MiichthysMiiuy,5,Miichthys miiuy,Predator,5,SSP5-8.5,101.750633179012,0.732253131358025,103.799390983333,0.389097472666667,-0.0287602068769656,0.912210848063481,0.940971054940447
MiichthysMiiuy,6,Miichthys miiuy,Predator,5,SSP1-2.6,105.390669030864,0.586064309592593,105.448058466667,0.4029154945,-0.000785391350630055,0.540581695353053,0.541367086703683
MiichthysMiiuy,6,Miichthys miiuy,Predator,5,SSP5-8.5,102.758401685185,0.755400107037037,105.448058466667,0.4029154945,-0.0372761764531652,0.906763701433522,0.944039877886687
MiichthysMiiuy,7,Miichthys miiuy,Predator,5,SSP1-2.6,101.266777537037,0.616297782283951,105.327163183333,0.3545592605,-0.0567165972876859,0.797600822160424,0.85431741944811
MiichthysMiiuy,7,Miichthys miiuy,Predator,5,SSP5-8.5,100.60835487037,0.755271331481482,105.327163183333,0.3545592605,-0.0661274293494133,1.09096824874836,1.15709567809777
MiichthysMiiuy,8,Miichthys miiuy,Predator,5,SSP1-2.6,103.765398753086,0.611045966851852,107.45262535,0.3611538145,-0.0503752841823513,0.758667504852316,0.809042789034668
MiichthysMiiuy,8,Miichthys miiuy,Predator,5,SSP5-8.5,101.487626012346,0.788703043148148,107.45262535,0.3611538145,-0.082396896034401,1.12686880103402,1.20926569706842
MiichthysMiiuy,9,Miichthys miiuy,Predator,5,SSP1-2.6,105.363199679012,0.57481106454321,102.1928652,0.384910321333333,0.0440765881220038,0.578565475115465,0.534488886993461
MiichthysMiiuy,9,Miichthys miiuy,Predator,5,SSP5-8.5,103.603606604938,0.724953764259259,102.1928652,0.384910321333333,0.0197797512467432,0.913366629178019,0.893586877931276
MiichthysMiiuy,10,Miichthys miiuy,Predator,5,SSP1-2.6,105.290393228395,0.626871131975309,104.941149716667,0.373463150166667,0.00479330873823656,0.747202995344172,0.742409686605935
MiichthysMiiuy,10,Miichthys miiuy,Predator,5,SSP5-8.5,102.656636858025,0.739685327037037,104.941149716667,0.373463150166667,-0.0317535988993964,0.985945759218148,1.01769935811754
MiichthysMiiuy,11,Miichthys miiuy,Predator,5,SSP1-2.6,101.44512891358,0.611493332839506,103.073939233333,0.350136903666667,-0.0229800211376512,0.804417642325755,0.827397663463406
MiichthysMiiuy,11,Miichthys miiuy,Predator,5,SSP5-8.5,102.269861438272,0.810222609691358,103.073939233333,0.350136903666667,-0.0112985634114376,1.2103992180621,1.22169778147354
MiichthysMiiuy,12,Miichthys miiuy,Predator,5,SSP1-2.6,99.7226979012346,0.61132731191358,105.538027483333,0.374224148,-0.0817691055855176,0.708042366931621,0.789811472517138
MiichthysMiiuy,12,Miichthys miiuy,Predator,5,SSP5-8.5,102.519592512346,0.761179059567901,105.538027483333,0.374224148,-0.0418632753449629,1.02433321681096,1.06619649215592
MiichthysMiiuy,13,Miichthys miiuy,Predator,5,SSP1-2.6,104.777772024691,0.608412296790124,104.7274321,0.355194313833333,0.000693301738365036,0.776440825734785,0.77574752399642
MiichthysMiiuy,13,Miichthys miiuy,Predator,5,SSP5-8.5,99.7947225432099,0.737424776358025,104.7274321,0.355194313833333,-0.0696039600346954,1.05388740328613,1.12349136332082
MiichthysMiiuy,14,Miichthys miiuy,Predator,5,SSP1-2.6,103.951890148148,0.651300499814815,100.659448366667,0.372483933833333,0.0464333941128113,0.80614513395412,0.759711739841309
MiichthysMiiuy,14,Miichthys miiuy,Predator,5,SSP5-8.5,101.384000123457,0.760352019259259,100.659448366667,0.372483933833333,0.010347395228145,1.02948929614466,1.01914190091651
MiichthysMiiuy,15,Miichthys miiuy,Predator,5,SSP1-2.6,102.961534382716,0.604838758827161,103.487364866667,0.406783819333333,-0.00734917623458479,0.572288298069644,0.579637474304228
MiichthysMiiuy,15,Miichthys miiuy,Predator,5,SSP5-8.5,100.666905808642,0.735544355925926,103.487364866667,0.406783819333333,-0.0398651587408933,0.854550049555055,0.894415208295949
MiichthysMiiuy,16,Miichthys miiuy,Predator,5,SSP1-2.6,103.30746762963,0.622821581851852,103.632959433333,0.365215862333333,-0.00453836695864465,0.770069510265232,0.774607877223877
MiichthysMiiuy,16,Miichthys miiuy,Predator,5,SSP5-8.5,103.281517450617,0.72817531345679,103.632959433333,0.365215862333333,-0.00490080830327479,0.995536404563571,1.00043721286685
MiichthysMiiuy,17,Miichthys miiuy,Predator,5,SSP1-2.6,105.49518212963,0.616256215432099,103.806689733333,0.349602295333333,0.0232776939083848,0.817815635322029,0.794537941413644
MiichthysMiiuy,17,Miichthys miiuy,Predator,5,SSP5-8.5,99.5306823580247,0.792581456790123,103.806689733333,0.349602295333333,-0.0606861805051571,1.18084455749046,1.24153073799562
MiichthysMiiuy,18,Miichthys miiuy,Predator,5,SSP1-2.6,105.289673950617,0.583956299074074,105.475314583333,0.417977630433333,-0.00254143623500957,0.482434674296066,0.484976110531075
MiichthysMiiuy,18,Miichthys miiuy,Predator,5,SSP5-8.5,100.751855339506,0.778535450123457,105.475314583333,0.417977630433333,-0.0660989843030974,0.897336999622717,0.963435983925814
MiichthysMiiuy,19,Miichthys miiuy,Predator,5,SSP1-2.6,102.097896123457,0.629886317592593,105.895409866667,0.357557463833333,-0.0526869180706113,0.816916354138879,0.86960327220949
MiichthysMiiuy,19,Miichthys miiuy,Predator,5,SSP5-8.5,100.011198376543,0.750546840185185,105.895409866667,0.357557463833333,-0.082478506372542,1.06976699131459,1.15224549768713
MiichthysMiiuy,20,Miichthys miiuy,Predator,5,SSP1-2.6,101.374107246914,0.652749525185185,101.198358783333,0.398783345333333,0.00250331652111512,0.7109243443953,0.708421027874185
MiichthysMiiuy,20,Miichthys miiuy,Predator,5,SSP5-8.5,102.535352320988,0.718936455740741,101.198358783333,0.398783345333333,0.0189355176053566,0.850259102853796,0.83132358524844
MiichthysMiiuy,21,Miichthys miiuy,Predator,5,SSP1-2.6,103.885511753086,0.623306387160494,102.36810505,0.356637962333333,0.0212281816633659,0.805481217612193,0.784253035948827
MiichthysMiiuy,21,Miichthys miiuy,Predator,5,SSP5-8.5,102.248813253086,0.749648590246914,102.36810505,0.356637962333333,-0.00168218449141314,1.07175418888771,1.07343637337912
MiichthysMiiuy,22,Miichthys miiuy,Predator,5,SSP1-2.6,101.485680938272,0.607976340925926,105.462341783333,0.360112551233333,-0.055451751548862,0.755567299476913,0.811019051025775
MiichthysMiiuy,22,Miichthys miiuy,Predator,5,SSP5-8.5,100.521547216049,0.759096367345679,105.462341783333,0.360112551233333,-0.0692231548228564,1.07583516394165,1.1450583187645
MiichthysMiiuy,23,Miichthys miiuy,Predator,5,SSP1-2.6,103.706480419753,0.623365095864198,106.441541866667,0.367009345166667,-0.0375552656639716,0.764260577366078,0.801815843030049
MiichthysMiiuy,23,Miichthys miiuy,Predator,5,SSP5-8.5,101.028081,0.709040210617284,106.441541866667,0.367009345166667,-0.075304964587117,0.950050648037051,1.02535561262417
MiichthysMiiuy,24,Miichthys miiuy,Predator,5,SSP1-2.6,103.584876944444,0.618184949259259,103.984531366667,0.364350511166667,-0.00555554086891856,0.762711515083701,0.76826705595262
MiichthysMiiuy,24,Miichthys miiuy,Predator,5,SSP5-8.5,101.166738611111,0.773196886950617,103.984531366667,0.364350511166667,-0.0396338887491036,1.08550881424468,1.12514270299378
MiichthysMiiuy,25,Miichthys miiuy,Predator,5,SSP1-2.6,103.153667,0.595840443148148,106.5299586,0.350062639666667,-0.0464640971619705,0.767312952220615,0.813777049382585
MiichthysMiiuy,25,Miichthys miiuy,Predator,5,SSP5-8.5,101.189680814815,0.746061490864198,106.5299586,0.350062639666667,-0.0741970320608722,1.09168144445323,1.1658784765141
MiichthysMiiuy,26,Miichthys miiuy,Predator,5,SSP1-2.6,103.482423401235,0.614072290679012,102.773971183333,0.37024915,0.0099108153523531,0.729912081112446,0.720001265760093
MiichthysMiiuy,26,Miichthys miiuy,Predator,5,SSP5-8.5,99.380378191358,0.728245559506173,102.773971183333,0.37024915,-0.048441992728571,0.975928576077906,1.02437056880648
MiichthysMiiuy,27,Miichthys miiuy,Predator,5,SSP1-2.6,103.795270777778,0.608079763888889,101.666923183333,0.384001619666667,0.0298903296678283,0.663148183241622,0.633257853573794
MiichthysMiiuy,27,Miichthys miiuy,Predator,5,SSP5-8.5,99.9815565802469,0.776843695123457,101.666923183333,0.384001619666667,-0.0241164888774177,1.01651195424916,1.04062844312658
MiichthysMiiuy,28,Miichthys miiuy,Predator,5,SSP1-2.6,104.567966660494,0.593651671234568,105.1034791,0.380384631666667,-0.00736946147258049,0.642157709613416,0.649527171085997
MiichthysMiiuy,28,Miichthys miiuy,Predator,5,SSP5-8.5,101.563885074074,0.721756869135803,105.1034791,0.380384631666667,-0.0494229378284975,0.924053973522426,0.973476911350924
MiichthysMiiuy,29,Miichthys miiuy,Predator,5,SSP1-2.6,104.022886549383,0.604001932839506,104.060222666667,0.381667112833333,-0.000517722289258879,0.66223828726982,0.662756009559079
MiichthysMiiuy,29,Miichthys miiuy,Predator,5,SSP5-8.5,102.151067,0.737748670432099,104.060222666667,0.381667112833333,-0.0267144259370483,0.950814536648365,0.977528962585413
MiichthysMiiuy,30,Miichthys miiuy,Predator,5,SSP1-2.6,104.058366006173,0.558131327592593,100.680571733333,0.365853325333333,0.047607644199259,0.60933925437481,0.561731610175551
MiichthysMiiuy,30,Miichthys miiuy,Predator,5,SSP5-8.5,100.043739111111,0.732974583209877,100.680571733333,0.365853325333333,-0.00915443022118314,1.00249780007677,1.01165223029795
MiichthysMiiuy,31,Miichthys miiuy,Predator,5,SSP1-2.6,101.335005746914,0.59986222691358,104.997707583333,0.372787612933333,-0.0512251967432249,0.68627726582513,0.737502462568355
MiichthysMiiuy,31,Miichthys miiuy,Predator,5,SSP5-8.5,99.7233511790123,0.801372761296296,104.997707583333,0.372787612933333,-0.0743545596774589,1.10411955071051,1.17847411038797
MiichthysMiiuy,32,Miichthys miiuy,Predator,5,SSP1-2.6,101.993194061728,0.640475711790123,104.3301587,0.360275277,-0.0326833724148359,0.830044207738629,0.862727580153465
MiichthysMiiuy,32,Miichthys miiuy,Predator,5,SSP5-8.5,100.262074790123,0.791683285061728,104.3301587,0.360275277,-0.0573802635446564,1.13582373806957,1.19320400161422
MiichthysMiiuy,33,Miichthys miiuy,Predator,5,SSP1-2.6,102.998968388889,0.581637700493827,104.141969383333,0.374059677666667,-0.0159217064557584,0.6368523278923,0.652774034348058
MiichthysMiiuy,33,Miichthys miiuy,Predator,5,SSP5-8.5,100.377621895062,0.750553463271605,104.141969383333,0.374059677666667,-0.0531139223919736,1.00468638450743,1.0578003068994
MiichthysMiiuy,34,Miichthys miiuy,Predator,5,SSP1-2.6,104.02369158642,0.614145692592593,103.181554683333,0.358208443166667,0.0117270527206029,0.777781601119498,0.766054548398895
MiichthysMiiuy,34,Miichthys miiuy,Predator,5,SSP5-8.5,101.001346191358,0.696234778271605,103.181554683333,0.358208443166667,-0.0308105675147755,0.958774538437966,0.989585105952741
MiichthysMiiuy,35,Miichthys miiuy,Predator,5,SSP1-2.6,103.275629753086,0.612009497345679,103.1304311,0.376945602,0.00202976027388925,0.699197701820458,0.697167941546568
MiichthysMiiuy,35,Miichthys miiuy,Predator,5,SSP5-8.5,100.955217703704,0.819324891975309,103.1304311,0.376945602,-0.0307546212911956,1.12007930668146,1.15083392797265
MiichthysMiiuy,36,Miichthys miiuy,Predator,5,SSP1-2.6,104.557032617284,0.604919583827161,100.795507866667,0.379083941833333,0.0528587584269779,0.674226023044836,0.621367264617858
MiichthysMiiuy,36,Miichthys miiuy,Predator,5,SSP5-8.5,102.043988759259,0.714664111481481,100.795507866667,0.379083941833333,0.0177598541534996,0.914747997218872,0.896988143065373
MiichthysMiiuy,37,Miichthys miiuy,Predator,5,SSP1-2.6,103.651054950617,0.593156024197531,102.817355566667,0.361506006333333,0.0116509881662508,0.714392024858042,0.702741036691791
MiichthysMiiuy,37,Miichthys miiuy,Predator,5,SSP5-8.5,101.705447222222,0.725623091111111,102.817355566667,0.361506006333333,-0.0156868616820703,1.00520074930222,1.02088761098429
MiichthysMiiuy,38,Miichthys miiuy,Predator,5,SSP1-2.6,102.015681481481,0.578928417901235,99.9925042833333,0.409608343666667,0.028899079491066,0.499139872840607,0.470240793349541
MiichthysMiiuy,38,Miichthys miiuy,Predator,5,SSP5-8.5,99.4710483024691,0.777589303518519,99.9925042833333,0.409608343666667,-0.00754326955239691,0.924763270295356,0.932306539847754
MiichthysMiiuy,39,Miichthys miiuy,Predator,5,SSP1-2.6,102.128883864198,0.60690713037037,107.269857133333,0.3710493995,-0.0708537915078797,0.709864498301378,0.780718289809258
MiichthysMiiuy,39,Miichthys miiuy,Predator,5,SSP5-8.5,101.629645419753,0.741102758641975,107.269857133333,0.3710493995,-0.0779234368555328,0.998062323096063,1.0759857599516
MiichthysMiiuy,40,Miichthys miiuy,Predator,5,SSP1-2.6,103.492969851852,0.595351767037037,103.341420633333,0.369000363666667,0.00211414885717417,0.690120106936035,0.688005958078861
MiichthysMiiuy,40,Miichthys miiuy,Predator,5,SSP5-8.5,100.755094833333,0.767559898703704,103.341420633333,0.369000363666667,-0.0365658290755941,1.05665710152852,1.09322293060412
MiichthysMiiuy,41,Miichthys miiuy,Predator,5,SSP1-2.6,101.72386537037,0.59971077191358,101.566960266667,0.340690205833333,0.00222701894434324,0.815806413091339,0.813579394146996
MiichthysMiiuy,41,Miichthys miiuy,Predator,5,SSP5-8.5,101.109249160494,0.785288380246914,101.566960266667,0.340690205833333,-0.00651619316838186,1.20476207657906,1.21127826974745
MiichthysMiiuy,42,Miichthys miiuy,Predator,5,SSP1-2.6,105.778261395062,0.572106234135803,101.027977833333,0.372834718833333,0.0662882920296057,0.617746853431781,0.551458561402175
MiichthysMiiuy,42,Miichthys miiuy,Predator,5,SSP5-8.5,98.6718616111111,0.780642550740741,101.027977833333,0.372834718833333,-0.034044242926072,1.06612589056739,1.10017013349346
MiichthysMiiuy,43,Miichthys miiuy,Predator,5,SSP1-2.6,100.811658450617,0.622941167777778,104.815665466667,0.369898348666667,-0.0561918641098869,0.751967057854711,0.808158921964598
MiichthysMiiuy,43,Miichthys miiuy,Predator,5,SSP5-8.5,102.967102969136,0.738072743827161,104.815665466667,0.369898348666667,-0.0256708709113043,0.996634154231847,1.02230502514315
MiichthysMiiuy,44,Miichthys miiuy,Predator,5,SSP1-2.6,102.647016425926,0.620642298765432,107.510556066667,0.3584807584,-0.0667866255197575,0.791866340752318,0.858652966272075
MiichthysMiiuy,44,Miichthys miiuy,Predator,5,SSP5-8.5,98.7430107098766,0.768246039814815,107.510556066667,0.3584807584,-0.122727780544687,1.09967274121144,1.22240052175613
MiichthysMiiuy,45,Miichthys miiuy,Predator,5,SSP1-2.6,104.340167598765,0.601943235123457,99.9193995333333,0.360766351666667,0.0624579436480817,0.738562657273442,0.676104713625361
MiichthysMiiuy,45,Miichthys miiuy,Predator,5,SSP5-8.5,99.1262918765432,0.746426707098765,99.9193995333333,0.360766351666667,-0.0114970440275641,1.04893582056906,1.06043286459662
MiichthysMiiuy,46,Miichthys miiuy,Predator,5,SSP1-2.6,103.732951333333,0.637553473271605,102.141038616667,0.396333405,0.0223116126221193,0.685831779515727,0.663520166893608
MiichthysMiiuy,46,Miichthys miiuy,Predator,5,SSP5-8.5,102.946957364198,0.758744516049383,102.141038616667,0.396333405,0.011338556990377,0.936899613966665,0.925561056976288
MiichthysMiiuy,47,Miichthys miiuy,Predator,5,SSP1-2.6,105.556115962963,0.583799800555556,102.329847316667,0.382857320666667,0.0447831632418912,0.608666874429666,0.563883711187775
MiichthysMiiuy,47,Miichthys miiuy,Predator,5,SSP5-8.5,104.328555833333,0.73440645462963,102.329847316667,0.382857320666667,0.0279070846739264,0.939771894978777,0.91186481030485
MiichthysMiiuy,48,Miichthys miiuy,Predator,5,SSP1-2.6,102.641157049383,0.59452997537037,100.258564033333,0.4116165795,0.033883862601852,0.530448456771121,0.496564594169269
MiichthysMiiuy,48,Miichthys miiuy,Predator,5,SSP5-8.5,100.109736790123,0.747668722098766,100.258564033333,0.4116165795,-0.00214317698290401,0.861098087038647,0.863241264021551
MiichthysMiiuy,49,Miichthys miiuy,Predator,5,SSP1-2.6,103.389849623457,0.607685434382716,105.325088533333,0.35309613075,-0.0267545736596518,0.783263700288293,0.810018273947945
MiichthysMiiuy,49,Miichthys miiuy,Predator,5,SSP5-8.5,99.2751422098766,0.75440516308642,105.325088533333,0.35309613075,-0.085344701091043,1.09527853769257,1.18062323878361
MiichthysMiiuy,50,Miichthys miiuy,Predator,5,SSP1-2.6,102.47136541358,0.59600162,104.14495955,0.355052068666667,-0.0233721974147641,0.747285639600331,0.770657837015095
MiichthysMiiuy,50,Miichthys miiuy,Predator,5,SSP5-8.5,100.078670018519,0.736883228703704,104.14495955,0.355052068666667,-0.0574584946784597,1.05340540611708,1.11086390079554
MiichthysMiiuy,51,Miichthys miiuy,Predator,5,SSP1-2.6,104.795034851852,0.598020081419753,105.272262216667,0.3692882481,-0.00655499210629066,0.695446578474937,0.702001570581228
MiichthysMiiuy,51,Miichthys miiuy,Predator,5,SSP5-8.5,102.054295765432,0.732903274814815,105.272262216667,0.3692882481,-0.0447884453431055,0.988875458468578,1.03366390381168
MiichthysMiiuy,52,Miichthys miiuy,Predator,5,SSP1-2.6,105.034232888889,0.581439903950617,105.406849666667,0.358163843833333,-0.00510901134628532,0.699010379845872,0.704119391192157
MiichthysMiiuy,52,Miichthys miiuy,Predator,5,SSP5-8.5,102.712268537037,0.741698862222222,105.406849666667,0.358163843833333,-0.0373601052133289,1.05021384938273,1.08757395459606
MiichthysMiiuy,53,Miichthys miiuy,Predator,5,SSP1-2.6,103.952291895062,0.60296117308642,103.600804583333,0.429257247166667,0.00488635915270126,0.490222613105257,0.485336253952556
MiichthysMiiuy,53,Miichthys miiuy,Predator,5,SSP5-8.5,102.108273783951,0.784876599074074,103.600804583333,0.429257247166667,-0.0209354354766681,0.870623354981353,0.891558790458021
MiichthysMiiuy,54,Miichthys miiuy,Predator,5,SSP1-2.6,102.988449438272,0.566416885123457,105.475757116667,0.359654728166667,-0.0344289008898868,0.655251702919939,0.689680603809826
MiichthysMiiuy,54,Miichthys miiuy,Predator,5,SSP5-8.5,102.262668290123,0.744103122469136,105.475757116667,0.359654728166667,-0.0446318682497976,1.04889000241702,1.09352187066681
MiichthysMiiuy,55,Miichthys miiuy,Predator,5,SSP1-2.6,102.960273104938,0.601496805493827,103.4786154,0.416625783,-0.00724486975793854,0.529804951655703,0.537049821413641
MiichthysMiiuy,55,Miichthys miiuy,Predator,5,SSP5-8.5,101.051649055556,0.730497084567901,103.4786154,0.416625783,-0.034239790062178,0.810126391491708,0.844366181553886
MiichthysMiiuy,56,Miichthys miiuy,Predator,5,SSP1-2.6,102.642845716049,0.58826417962963,102.467419166667,0.3755480255,0.00246781480868024,0.647466777872655,0.644998963063975
MiichthysMiiuy,56,Miichthys miiuy,Predator,5,SSP5-8.5,100.44563317284,0.777823340246914,102.467419166667,0.3755480255,-0.0287504142680082,1.05044511357414,1.07919552784215
MiichthysMiiuy,57,Miichthys miiuy,Predator,5,SSP1-2.6,101.636394018519,0.606444917716049,104.941692216667,0.362459992333333,-0.0461708634808452,0.742554852048763,0.788725715529608
MiichthysMiiuy,57,Miichthys miiuy,Predator,5,SSP5-8.5,99.8519598148148,0.709957745339506,104.941692216667,0.362459992333333,-0.0717253100466589,0.969911400184857,1.04163671023152
MiichthysMiiuy,58,Miichthys miiuy,Predator,5,SSP1-2.6,102.970033845679,0.589263225987654,106.268711583333,0.3500247335,-0.0454923425211334,0.751455365474691,0.796947707995825
MiichthysMiiuy,58,Miichthys miiuy,Predator,5,SSP5-8.5,100.999691296296,0.759551655740741,106.268711583333,0.3500247335,-0.0733660070771771,1.11769121356435,1.19105722064152
MiichthysMiiuy,59,Miichthys miiuy,Predator,5,SSP1-2.6,102.997544617284,0.61913968654321,102.1887273,0.388475725583333,0.0113738874005039,0.67244048552096,0.661066598120456
MiichthysMiiuy,59,Miichthys miiuy,Predator,5,SSP5-8.5,101.268221358025,0.740158485061729,102.1887273,0.388475725583333,-0.0130545398199956,0.930009765464643,0.943064305284639
MiichthysMiiuy,60,Miichthys miiuy,Predator,5,SSP1-2.6,102.858969382716,0.56877203308642,103.1020353,0.379126352166667,-0.00340520922215838,0.58517179011186,0.588576999334018
MiichthysMiiuy,60,Miichthys miiuy,Predator,5,SSP5-8.5,101.802682419753,0.758118364012346,103.1020353,0.379126352166667,-0.0182972369264108,0.999744373762552,1.01804161068896
MiichthysMiiuy,61,Miichthys miiuy,Predator,5,SSP1-2.6,107.036510487654,0.564431902530864,102.007560733333,0.363719716833333,0.0694269005868552,0.633972398734539,0.564545498147683
MiichthysMiiuy,61,Miichthys miiuy,Predator,5,SSP5-8.5,99.9876530617284,0.754438528888889,102.007560733333,0.363719716833333,-0.0288542274314652,1.05257622100648,1.08143044843794
MiichthysMiiuy,62,Miichthys miiuy,Predator,5,SSP1-2.6,102.554703351852,0.61465925,103.4858861,0.4014251035,-0.01304036144576,0.614656002212615,0.627696363658375
MiichthysMiiuy,62,Miichthys miiuy,Predator,5,SSP5-8.5,101.751774580247,0.772255739691358,103.4858861,0.4014251035,-0.0243800637647504,0.943947848712033,0.968327912476784
MiichthysMiiuy,63,Miichthys miiuy,Predator,5,SSP1-2.6,104.932267265432,0.575857295185185,104.322681416667,0.371578478666667,0.00840552612312539,0.632044392491832,0.623638866368706
MiichthysMiiuy,63,Miichthys miiuy,Predator,5,SSP5-8.5,99.0036557160494,0.774043578395062,104.322681416667,0.371578478666667,-0.0754991540068391,1.05874784675102,1.13424700075786
MiichthysMiiuy,64,Miichthys miiuy,Predator,5,SSP1-2.6,102.675735839506,0.615572099259259,101.267817033333,0.3860139785,0.0199195289040714,0.6732747512299,0.653355222325829
MiichthysMiiuy,64,Miichthys miiuy,Predator,5,SSP5-8.5,99.8300504506173,0.747358964506173,101.267817033333,0.3860139785,-0.0206296972601903,0.95314825942725,0.97377795668744
MiichthysMiiuy,65,Miichthys miiuy,Predator,5,SSP1-2.6,104.063136679012,0.608089132592593,100.877222883333,0.371713372666667,0.0448586344997982,0.710092215601711,0.665233581101912
MiichthysMiiuy,65,Miichthys miiuy,Predator,5,SSP5-8.5,101.498548679012,0.769586607839506,100.877222883333,0.371713372666667,0.00885863415070608,1.04989310272863,1.04103446857792
MiichthysMiiuy,66,Miichthys miiuy,Predator,5,SSP1-2.6,105.070799388889,0.576829552716049,103.399445466667,0.393104718,0.0231333318644773,0.553231401151558,0.53009806928708
MiichthysMiiuy,66,Miichthys miiuy,Predator,5,SSP5-8.5,101.231758506173,0.725430391790123,103.399445466667,0.393104718,-0.0305664840154858,0.883923509117459,0.914489993132944
MiichthysMiiuy,67,Miichthys miiuy,Predator,5,SSP1-2.6,103.935832777778,0.626888517777778,106.441316466667,0.3621469955,-0.034365137241567,0.791633499068362,0.825998636309929
MiichthysMiiuy,67,Miichthys miiuy,Predator,5,SSP5-8.5,101.108295574074,0.737438006234568,106.441316466667,0.3621469955,-0.0741568887758349,1.02594636602649,1.10010325480232
MiichthysMiiuy,68,Miichthys miiuy,Predator,5,SSP1-2.6,104.181853740741,0.609778801666667,101.990522966667,0.347651775833333,0.0306689106041245,0.810643038457519,0.779974127853394
MiichthysMiiuy,68,Miichthys miiuy,Predator,5,SSP5-8.5,101.904914049383,0.723053372345679,101.990522966667,0.347651775833333,-0.00121147946699202,1.05645918501112,1.05767066447811
MiichthysMiiuy,69,Miichthys miiuy,Predator,5,SSP1-2.6,103.095392419753,0.636548817777778,103.646576616667,0.355192935666667,-0.00769260924854037,0.841668271962606,0.849360881211147
MiichthysMiiuy,69,Miichthys miiuy,Predator,5,SSP5-8.5,100.022187537037,0.787750617222222,103.646576616667,0.355192935666667,-0.0513524029044735,1.14913609101709,1.20048849392157
MiichthysMiiuy,70,Miichthys miiuy,Predator,5,SSP1-2.6,104.792666746914,0.611353403333333,104.62587035,0.387264036833333,0.00229813834903112,0.658689063712392,0.65639092536336
MiichthysMiiuy,70,Miichthys miiuy,Predator,5,SSP5-8.5,102.443965179012,0.752955576790123,104.62587035,0.387264036833333,-0.0304046243137397,0.959247218526258,0.989651842839998
MiichthysMiiuy,71,Miichthys miiuy,Predator,5,SSP1-2.6,102.56832632716,0.626978204135802,106.299358983333,0.370871453666667,-0.0515476095947397,0.757496064496862,0.809043674091602
MiichthysMiiuy,71,Miichthys miiuy,Predator,5,SSP5-8.5,101.275182654321,0.74153261691358,106.299358983333,0.370871453666667,-0.0698522100244752,0.999590925700857,1.06944313572533
MiichthysMiiuy,72,Miichthys miiuy,Predator,5,SSP1-2.6,103.934487962963,0.586489240617284,100.732516416667,0.363644646233333,0.0451449946832923,0.689575305326404,0.644430310643112
MiichthysMiiuy,72,Miichthys miiuy,Predator,5,SSP5-8.5,103.485054450617,0.761784210617284,100.732516416667,0.363644646233333,0.0388929655190353,1.06685304935051,1.02796008383147
MiichthysMiiuy,73,Miichthys miiuy,Predator,5,SSP1-2.6,104.079660666667,0.597208148703704,101.43406695,0.396855773,0.0371458961372037,0.589619058395985,0.552473162258781
MiichthysMiiuy,73,Miichthys miiuy,Predator,5,SSP5-8.5,102.054575111111,0.756237210493827,101.43406695,0.396855773,0.00879859251612434,0.930224046281645,0.921425453765521
MiichthysMiiuy,74,Miichthys miiuy,Predator,5,SSP1-2.6,104.443694691358,0.581028120617284,101.721198333333,0.380717732166667,0.0381050359376817,0.609886223030008,0.571781187092326
MiichthysMiiuy,74,Miichthys miiuy,Predator,5,SSP5-8.5,102.084011919753,0.77640471845679,101.721198333333,0.380717732166667,0.0051365704947421,1.02808711990227,1.02295054940753
MiichthysMiiuy,75,Miichthys miiuy,Predator,5,SSP1-2.6,104.979512401235,0.592280201111111,103.642955333333,0.3756517985,0.0184857427530366,0.656883850730995,0.638398107977958
MiichthysMiiuy,75,Miichthys miiuy,Predator,5,SSP5-8.5,102.624572098765,0.739535882777778,103.642955333333,0.3756517985,-0.0142458524473371,0.977224140113361,0.991469992560698
MiichthysMiiuy,76,Miichthys miiuy,Predator,5,SSP1-2.6,104.655678944444,0.589441540802469,104.478588266667,0.371530224333333,0.00244329068677522,0.665869157620196,0.66342586693342
MiichthysMiiuy,76,Miichthys miiuy,Predator,5,SSP5-8.5,102.472980080247,0.702490605555556,104.478588266667,0.371530224333333,-0.0279637559384597,0.918999352087576,0.946963108026036
MiichthysMiiuy,77,Miichthys miiuy,Predator,5,SSP1-2.6,101.038659234568,0.598421818148148,101.001766216667,0.390827211333333,0.00052687846446492,0.614631857691091,0.614104979226626
MiichthysMiiuy,77,Miichthys miiuy,Predator,5,SSP5-8.5,101.501748234568,0.753902125185185,101.001766216667,0.390827211333333,0.00712405456705794,0.947846320374608,0.94072226580755
MiichthysMiiuy,78,Miichthys miiuy,Predator,5,SSP1-2.6,103.181750024691,0.611349977160494,104.664441166667,0.3646506145,-0.0205835616332647,0.745483685307997,0.766067246941262
MiichthysMiiuy,78,Miichthys miiuy,Predator,5,SSP5-8.5,100.349391808642,0.732946079691358,104.664441166667,0.3646506145,-0.060739509491148,1.0071922428943,1.06793175238544
MiichthysMiiuy,79,Miichthys miiuy,Predator,5,SSP1-2.6,102.402251351852,0.615961422592593,100.4850012,0.393527574,0.0272672589333221,0.646375271192973,0.619108012259651
MiichthysMiiuy,79,Miichthys miiuy,Predator,5,SSP5-8.5,102.459181191358,0.721470038703704,100.4850012,0.393527574,0.0280690926238175,0.874474756376897,0.84640566375308
MiichthysMiiuy,80,Miichthys miiuy,Predator,5,SSP1-2.6,103.303594691358,0.593809658641975,103.41379545,0.388162957,-0.00153819766152483,0.613338113777537,0.614876311439062
MiichthysMiiuy,80,Miichthys miiuy,Predator,5,SSP5-8.5,101.349340845679,0.721170127654321,103.41379545,0.388162957,-0.029091948845505,0.893677192651279,0.922769141496783
MiichthysMiiuy,81,Miichthys miiuy,Predator,5,SSP1-2.6,102.814550796296,0.614613242901235,101.806069366667,0.348790566166667,0.0142208828877335,0.817317832938775,0.803096950051041
MiichthysMiiuy,81,Miichthys miiuy,Predator,5,SSP5-8.5,101.284091407407,0.780296620555556,101.806069366667,0.348790566166667,-0.00741598380340391,1.16166163206348,1.16907761586688
MiichthysMiiuy,82,Miichthys miiuy,Predator,5,SSP1-2.6,103.604951882716,0.601915364938272,104.251802766667,0.364722006333333,-0.00897937213188059,0.722763393920516,0.731742766052396
MiichthysMiiuy,82,Miichthys miiuy,Predator,5,SSP5-8.5,101.836128055556,0.748149527469136,104.251802766667,0.364722006333333,-0.0338228593652681,1.03652938981309,1.07035224917836
MiichthysMiiuy,83,Miichthys miiuy,Predator,5,SSP1-2.6,103.38234445679,0.587797634012346,103.799380666667,0.3846770876,-0.00580801114668343,0.611671650498587,0.61747966164527
MiichthysMiiuy,83,Miichthys miiuy,Predator,5,SSP5-8.5,99.6419679506173,0.768343325864198,103.799380666667,0.3846770876,-0.0589724151676233,0.998103206212,1.05707562137962
MiichthysMiiuy,84,Miichthys miiuy,Predator,5,SSP1-2.6,103.77178295679,0.59149375117284,106.454134216667,0.353518024666667,-0.0368177714448338,0.742579152352828,0.779396923797662
MiichthysMiiuy,84,Miichthys miiuy,Predator,5,SSP5-8.5,100.961242197531,0.769664355740741,106.454134216667,0.353518024666667,-0.0764304128544815,1.12244566061468,1.19887607346916
MiichthysMiiuy,85,Miichthys miiuy,Predator,5,SSP1-2.6,104.015230537037,0.560771496851852,106.482048983333,0.3467365475,-0.0338154457846776,0.69357311053338,0.727388556318058
MiichthysMiiuy,85,Miichthys miiuy,Predator,5,SSP5-8.5,101.409977790123,0.793188938827161,106.482048983333,0.3467365475,-0.0704106307450272,1.19382464832584,1.26423527907087
MiichthysMiiuy,86,Miichthys miiuy,Predator,5,SSP1-2.6,104.225920666667,0.595353925740741,106.864241416667,0.344575472833333,-0.0360650675680932,0.788927563172197,0.82499263074029
MiichthysMiiuy,86,Miichthys miiuy,Predator,5,SSP5-8.5,102.776982438272,0.723475369320988,106.864241416667,0.344575472833333,-0.0562619837006479,1.07012388812671,1.12638587182736
MiichthysMiiuy,87,Miichthys miiuy,Predator,5,SSP1-2.6,105.013329388889,0.60996798382716,103.34676295,0.413877618666667,0.0230792603811329,0.559529286273385,0.536450025892252
MiichthysMiiuy,87,Miichthys miiuy,Predator,5,SSP5-8.5,102.925160487654,0.718895919135802,103.34676295,0.413877618666667,-0.00589750285464581,0.79657868037299,0.802476183227635
MiichthysMiiuy,88,Miichthys miiuy,Predator,5,SSP1-2.6,104.741085160494,0.608049222469136,101.4780491,0.4178738285,0.0456597676989838,0.541120711373734,0.495460943674751
MiichthysMiiuy,88,Miichthys miiuy,Predator,5,SSP5-8.5,101.720142333333,0.726058517407408,101.4780491,0.4178738285,0.00343769666409329,0.797018423061968,0.793580726397875
MiichthysMiiuy,89,Miichthys miiuy,Predator,5,SSP1-2.6,105.022198753086,0.574594326790123,105.816124616667,0.38794938,-0.0108651814495522,0.566675328123232,0.577540509572784
MiichthysMiiuy,89,Miichthys miiuy,Predator,5,SSP5-8.5,101.293506851852,0.745834005864198,105.816124616667,0.38794938,-0.0630177899093819,0.942986156959109,1.00600394686849
MiichthysMiiuy,90,Miichthys miiuy,Predator,5,SSP1-2.6,104.716159308642,0.603648295864198,100.945392216667,0.402958159666667,0.0529090309225858,0.583078188394916,0.53016915747233
MiichthysMiiuy,90,Miichthys miiuy,Predator,5,SSP5-8.5,100.317239962963,0.746247524753087,100.945392216667,0.402958159666667,-0.00900549768310848,0.889024193822747,0.898029691505855
MiichthysMiiuy,91,Miichthys miiuy,Predator,5,SSP1-2.6,103.130901907407,0.60530160691358,101.820610633333,0.405880067666667,0.0184470605267538,0.576600688447648,0.558153627920895
MiichthysMiiuy,91,Miichthys miiuy,Predator,5,SSP5-8.5,103.116054148148,0.735558165617284,101.820610633333,0.405880067666667,0.0182393407223216,0.857785937185381,0.839546596463059
MiichthysMiiuy,92,Miichthys miiuy,Predator,5,SSP1-2.6,101.456280666667,0.631989424876543,101.807055166667,0.3318950965,-0.00497936464450215,0.929173103045484,0.934152467689986
MiichthysMiiuy,92,Miichthys miiuy,Predator,5,SSP5-8.5,102.488626654321,0.759939234259259,101.807055166667,0.3318950965,0.0096262774095835,1.19515674853368,1.1855304711241
MiichthysMiiuy,93,Miichthys miiuy,Predator,5,SSP1-2.6,103.674131080247,0.614529746666667,100.655990533333,0.383196104166667,0.0426229189977381,0.681399953047907,0.638777034050169
MiichthysMiiuy,93,Miichthys miiuy,Predator,5,SSP5-8.5,101.424943574074,0.742173618333333,100.655990533333,0.383196104166667,0.010979463231326,0.953673825477431,0.942694362246105
MiichthysMiiuy,94,Miichthys miiuy,Predator,5,SSP1-2.6,103.949110888889,0.61128053654321,104.5645861,0.344767299,-0.00851690441908667,0.826211689714817,0.834728594133904
MiichthysMiiuy,94,Miichthys miiuy,Predator,5,SSP5-8.5,101.263123839506,0.772155965432099,104.5645861,0.344767299,-0.0462854274533335,1.16326934046775,1.20955476792108
MiichthysMiiuy,95,Miichthys miiuy,Predator,5,SSP1-2.6,103.03630037037,0.62171121345679,104.30039145,0.3713850545,-0.0175918744775932,0.743328841549281,0.760920716026874
MiichthysMiiuy,95,Miichthys miiuy,Predator,5,SSP5-8.5,100.16652662963,0.739942279074074,104.30039145,0.3713850545,-0.0583440991812879,0.994496975691374,1.05284107487266
MiichthysMiiuy,96,Miichthys miiuy,Predator,5,SSP1-2.6,103.892902179012,0.619763476419753,104.127102533333,0.406390067,-0.00324853211094204,0.608852597132977,0.612101129243919
MiichthysMiiuy,96,Miichthys miiuy,Predator,5,SSP5-8.5,99.7830670679012,0.816617734567901,104.127102533333,0.406390067,-0.0614787069925256,1.00679575891462,1.06827446590714
MiichthysMiiuy,97,Miichthys miiuy,Predator,5,SSP1-2.6,103.442240345679,0.618365615617284,101.5137503,0.412685751333333,0.0271502689789274,0.583416472313248,0.55626620333432
MiichthysMiiuy,97,Miichthys miiuy,Predator,5,SSP5-8.5,102.661952993827,0.735121506481482,101.5137503,0.412685751333333,0.0162264536691031,0.832939101540161,0.816712647871058
MiichthysMiiuy,98,Miichthys miiuy,Predator,5,SSP1-2.6,104.327989555556,0.611713792098765,104.168968633333,0.411852104333333,0.00220069148602372,0.570730444285667,0.568529752799643
MiichthysMiiuy,98,Miichthys miiuy,Predator,5,SSP5-8.5,103.346214919753,0.729081087160494,104.168968633333,0.411852104333333,-0.0114400199715392,0.823952917466712,0.835392937438251
MiichthysMiiuy,99,Miichthys miiuy,Predator,5,SSP1-2.6,103.733626740741,0.594586355679012,104.130987566667,0.367190856666667,-0.00551581319626791,0.695356222269796,0.700872035466064
MiichthysMiiuy,99,Miichthys miiuy,Predator,5,SSP5-8.5,100.062020623457,0.773762827777778,104.130987566667,0.367190856666667,-0.0575049623208974,1.07536128716464,1.13286624948554
MiichthysMiiuy,100,Miichthys miiuy,Predator,5,SSP1-2.6,102.220188648148,0.595240730246914,101.4355642,0.38786504,0.0111165963667863,0.617918503200002,0.606801906833216
MiichthysMiiuy,100,Miichthys miiuy,Predator,5,SSP5-8.5,99.1619845246914,0.749502166975309,101.4355642,0.38786504,-0.0327045131689546,0.950377904114285,0.983082417283239
MuraenesoxCinereus,1,Muraenesox cinereus,Predator,4,SSP1-2.6,56.5796899802469,0.0361582301530864,57.5905281533333,0.0252356224133333,-0.0255472810863082,0.518862393670553,0.544409674756861
MuraenesoxCinereus,1,Muraenesox cinereus,Predator,4,SSP5-8.5,56.3098107234568,0.0452122850617284,57.5905281533333,0.0252356224133333,-0.0324452513090564,0.841253164538183,0.87369841584724
MuraenesoxCinereus,2,Muraenesox cinereus,Predator,4,SSP1-2.6,56.6244096419753,0.0368684799925926,57.6655127333333,0.0260179952433333,-0.0262846589234434,0.502878135676182,0.529162794599625
MuraenesoxCinereus,2,Muraenesox cinereus,Predator,4,SSP5-8.5,56.3453503358025,0.0457723156740741,57.6655127333333,0.0260179952433333,-0.0334121998881775,0.814965478589242,0.84837767847742
MuraenesoxCinereus,3,Muraenesox cinereus,Predator,4,SSP1-2.6,56.5820771407408,0.0347739711925926,57.4919150933333,0.0251220195866667,-0.0230139493034324,0.469055383732411,0.492069333035843
MuraenesoxCinereus,3,Muraenesox cinereus,Predator,4,SSP5-8.5,56.3998936567901,0.0452963757111111,57.4919150933333,0.0251220195866667,-0.0276666462740538,0.85044317212427,0.878109818398323
MuraenesoxCinereus,4,Muraenesox cinereus,Predator,4,SSP1-2.6,56.6114878518519,0.0360858444987654,57.3086325333333,0.0260293495633333,-0.0176576310973941,0.471293756539104,0.488951387636498
MuraenesoxCinereus,4,Muraenesox cinereus,Predator,4,SSP5-8.5,56.5815290864198,0.043366472545679,57.3086325333333,0.0260293495633333,-0.0184213065342425,0.736440837030441,0.754862143564683
MuraenesoxCinereus,5,Muraenesox cinereus,Predator,4,SSP1-2.6,56.4584486518519,0.0364160716024691,57.5647806133333,0.0257564019666667,-0.0279969219305139,0.499644228784216,0.52764115071473
MuraenesoxCinereus,5,Muraenesox cinereus,Predator,4,SSP5-8.5,56.3868883061728,0.0442095930049383,57.5647806133333,0.0257564019666667,-0.0298266788785197,0.779428382202231,0.809255061080751
MuraenesoxCinereus,6,Muraenesox cinereus,Predator,4,SSP1-2.6,56.3444569851852,0.0368476934592593,57.5435253466667,0.0265069526433333,-0.0303799201027321,0.475203493198944,0.505583413301676
MuraenesoxCinereus,6,Muraenesox cinereus,Predator,4,SSP5-8.5,56.3904820716049,0.0450076847283951,57.5435253466667,0.0265069526433333,-0.0292019327249265,0.763800530826303,0.79300246355123
MuraenesoxCinereus,7,Muraenesox cinereus,Predator,4,SSP1-2.6,56.4792587259259,0.0357503057777778,57.9394010866667,0.0250984817566667,-0.0368236179278599,0.510355485419627,0.547179103347487
MuraenesoxCinereus,7,Muraenesox cinereus,Predator,4,SSP5-8.5,56.3074679234568,0.0447281866,57.9394010866667,0.0250984817566667,-0.0412184955489773,0.833584172709451,0.874802668258428
MuraenesoxCinereus,8,Muraenesox cinereus,Predator,4,SSP1-2.6,56.5553082765432,0.0364305525061728,57.7357274133333,0.0254238239266667,-0.0298019067146178,0.518967836763172,0.54876974347779
MuraenesoxCinereus,8,Muraenesox cinereus,Predator,4,SSP5-8.5,56.3821087777778,0.0446096871209877,57.7357274133333,0.0254238239266667,-0.0342269105860227,0.811175991102351,0.845402901688373
MuraenesoxCinereus,9,Muraenesox cinereus,Predator,4,SSP1-2.6,56.768939308642,0.0359768706296296,57.4465234533333,0.02512852464,-0.017117800516305,0.517743732948811,0.534861533465116
MuraenesoxCinereus,9,Muraenesox cinereus,Predator,4,SSP5-8.5,56.3990742592593,0.0441843738790123,57.4465234533333,0.02512852464,-0.0265481042859586,0.814210270973092,0.84075837525905
MuraenesoxCinereus,10,Muraenesox cinereus,Predator,4,SSP1-2.6,56.6953726617284,0.0364369009407407,57.4149713066667,0.0255010534866667,-0.0181959868400343,0.51484341094666,0.533039397786694
MuraenesoxCinereus,10,Muraenesox cinereus,Predator,4,SSP5-8.5,56.5099214567901,0.0440934838839506,57.4149713066667,0.0255010534866667,-0.022922793569551,0.790008622477572,0.812931416047123
MuraenesoxCinereus,11,Muraenesox cinereus,Predator,4,SSP1-2.6,56.7150920123457,0.0353590638197531,57.7049629933333,0.0253550982233333,-0.0249627145236263,0.4798042145991,0.504766929122726
MuraenesoxCinereus,11,Muraenesox cinereus,Predator,4,SSP5-8.5,56.2755824296296,0.0448915068148148,57.7049629933333,0.0253550982233333,-0.0361863220740546,0.824166658849867,0.860352980923921
MuraenesoxCinereus,12,Muraenesox cinereus,Predator,4,SSP1-2.6,56.5645750518519,0.0350128181592593,57.3561338733333,0.0260031602733333,-0.0200489687186574,0.42919621733791,0.449245186056567
MuraenesoxCinereus,12,Muraenesox cinereus,Predator,4,SSP5-8.5,56.2441091753087,0.0457461424790124,57.3561338733333,0.0260031602733333,-0.0282457804753159,0.814963123275328,0.843208903750644
MuraenesoxCinereus,13,Muraenesox cinereus,Predator,4,SSP1-2.6,56.4617852049383,0.0363753965481482,57.5040643466667,0.02530246856,-0.0263891837837763,0.523684831684838,0.550074015468614
MuraenesoxCinereus,13,Muraenesox cinereus,Predator,4,SSP5-8.5,56.4550604962963,0.044546402745679,57.5040643466667,0.02530246856,-0.0265610218077746,0.816030790509928,0.842591812317702
MuraenesoxCinereus,14,Muraenesox cinereus,Predator,4,SSP1-2.6,56.7086168049383,0.0348561382320988,57.52327548,0.0248560232933333,-0.0205778602273114,0.487817241235264,0.508395101462576
MuraenesoxCinereus,14,Muraenesox cinereus,Predator,4,SSP5-8.5,56.3702429802469,0.0447776453654321,57.52327548,0.0248560232933333,-0.0292120416623763,0.849183167432852,0.878395209095228
MuraenesoxCinereus,15,Muraenesox cinereus,Predator,4,SSP1-2.6,56.4545127777778,0.0355635708864198,57.69549458,0.02562363665,-0.0313697541016778,0.47292494478121,0.504294698882888
MuraenesoxCinereus,15,Muraenesox cinereus,Predator,4,SSP5-8.5,56.1554083753086,0.0456865847382716,57.69549458,0.02562363665,-0.0390336872348845,0.834295353568301,0.873329040803185
MuraenesoxCinereus,16,Muraenesox cinereus,Predator,4,SSP1-2.6,56.6569691481482,0.0360361867925926,57.53831524,0.0261998375666667,-0.0222695514960776,0.459888491525837,0.482158043021915
MuraenesoxCinereus,16,Muraenesox cinereus,Predator,4,SSP5-8.5,56.2587684864198,0.0460014767555556,57.53831524,0.0261998375666667,-0.0324450064593085,0.812122308422874,0.844567314882182
MuraenesoxCinereus,17,Muraenesox cinereus,Predator,4,SSP1-2.6,56.6698358098766,0.0352667455703704,57.4819173733333,0.02547637334,-0.0205271627790465,0.46914853041368,0.489675693192727
MuraenesoxCinereus,17,Muraenesox cinereus,Predator,4,SSP5-8.5,56.3340184518519,0.0452010036074074,57.4819173733333,0.02547637334,-0.0291017988642581,0.827194886450534,0.856296685314792
MuraenesoxCinereus,18,Muraenesox cinereus,Predator,4,SSP1-2.6,56.581974691358,0.0361426040814815,57.46917734,0.0249570001,-0.0224458702536281,0.534255927685731,0.556701797939359
MuraenesoxCinereus,18,Muraenesox cinereus,Predator,4,SSP5-8.5,56.2125373777778,0.045411857754321,57.46917734,0.0249570001,-0.0318964592291788,0.863624528487935,0.895520987717113
MuraenesoxCinereus,19,Muraenesox cinereus,Predator,4,SSP1-2.6,56.4759374814815,0.0355928260518519,57.4466514066667,0.0253991222826667,-0.024586485857201,0.486807843976402,0.511394329833603
MuraenesoxCinereus,19,Muraenesox cinereus,Predator,4,SSP5-8.5,56.4560315407407,0.0453066931135802,57.4466514066667,0.0253991222826667,-0.0250950788187343,0.834945551292787,0.860040630111522
MuraenesoxCinereus,20,Muraenesox cinereus,Predator,4,SSP1-2.6,56.4743207407408,0.0366288590469136,57.7260924733333,0.0248972062533333,-0.0316285580960732,0.556996898449056,0.58862545654513
MuraenesoxCinereus,20,Muraenesox cinereus,Predator,4,SSP5-8.5,56.4690570049383,0.0447161219012346,57.7260924733333,0.0248972062533333,-0.031763031948297,0.844811208115837,0.876574240064134
MuraenesoxCinereus,21,Muraenesox cinereus,Predator,4,SSP1-2.6,56.6036570716049,0.0358041375382716,57.7203333266667,0.0274503534,-0.0281843649268393,0.383301592627172,0.411485957554011
MuraenesoxCinereus,21,Muraenesox cinereus,Predator,4,SSP5-8.5,56.392741637037,0.0444085493777778,57.7203333266667,0.0274503534,-0.0335701472767573,0.694012723066206,0.727582870342963
MuraenesoxCinereus,22,Muraenesox cinereus,Predator,4,SSP1-2.6,56.6074775851852,0.0358653112666667,57.60625536,0.0256593702033333,-0.0252328408747127,0.483103391019215,0.508336231893927
MuraenesoxCinereus,22,Muraenesox cinereus,Predator,4,SSP5-8.5,56.4135664320988,0.0457043216296296,57.60625536,0.0256593702033333,-0.0301833336942437,0.832844826958401,0.863028160652644
MuraenesoxCinereus,23,Muraenesox cinereus,Predator,4,SSP1-2.6,56.8136709654321,0.0357376568592593,57.5633835533333,0.0263611052466667,-0.0189132711610555,0.439034187387443,0.457947458548499
MuraenesoxCinereus,23,Muraenesox cinereus,Predator,4,SSP5-8.5,56.1444240444445,0.0449238149481482,57.5633835533333,0.0263611052466667,-0.036008646425163,0.76906958743358,0.805078233858743
MuraenesoxCinereus,24,Muraenesox cinereus,Predator,4,SSP1-2.6,56.4317216123457,0.0357089723827161,57.4722929533333,0.0258561950466667,-0.02636024523042,0.465776631031563,0.492136876261983
MuraenesoxCinereus,24,Muraenesox cinereus,Predator,4,SSP5-8.5,56.2124567358025,0.0462638031777778,57.4722929533333,0.0258561950466667,-0.0319767405379242,0.839373883284272,0.871350623822196
MuraenesoxCinereus,25,Muraenesox cinereus,Predator,4,SSP1-2.6,56.4752774765432,0.0362288159703704,57.8583030266667,0.0251869299666667,-0.0349045559676469,0.524462373644302,0.559366929611949
MuraenesoxCinereus,25,Muraenesox cinereus,Predator,4,SSP5-8.5,56.3538437333333,0.0440127464345679,57.8583030266667,0.0251869299666667,-0.0380099940831071,0.805246117217287,0.843256111300394
MuraenesoxCinereus,26,Muraenesox cinereus,Predator,4,SSP1-2.6,56.7215414962963,0.0353679228728395,57.4241439733333,0.0255638210666667,-0.0177607047875777,0.468337998890006,0.486098703677584
MuraenesoxCinereus,26,Muraenesox cinereus,Predator,4,SSP5-8.5,56.3355990888889,0.0447146137802469,57.4241439733333,0.0255638210666667,-0.0276105799429289,0.806642920494049,0.834253500436977
MuraenesoxCinereus,27,Muraenesox cinereus,Predator,4,SSP1-2.6,56.6034548024691,0.0361356430493827,57.4942711733333,0.0254574568966667,-0.0225280997316894,0.505334261229913,0.527862360961603
MuraenesoxCinereus,27,Muraenesox cinereus,Predator,4,SSP5-8.5,56.5147668197531,0.0467226765382716,57.4942711733333,0.0254574568966667,-0.0247903301174376,0.876034615611417,0.900824945728855
MuraenesoxCinereus,28,Muraenesox cinereus,Predator,4,SSP1-2.6,56.6484770864198,0.0365716753222222,57.5755565533333,0.0252861568233333,-0.0234192801106488,0.532378934791704,0.555798214902353
MuraenesoxCinereus,28,Muraenesox cinereus,Predator,4,SSP5-8.5,56.2705308938272,0.0444099581925926,57.5755565533333,0.0252861568233333,-0.0330768770677909,0.812535430930008,0.845612307997799
MuraenesoxCinereus,29,Muraenesox cinereus,Predator,4,SSP1-2.6,56.5307486839506,0.0356272285135802,57.50580004,0.0264999117433333,-0.0246716698070436,0.426992703936327,0.451664373743371
MuraenesoxCinereus,29,Muraenesox cinereus,Predator,4,SSP5-8.5,56.4432847530864,0.0452688937407407,57.50580004,0.0264999117433333,-0.0269055248033841,0.772532496276963,0.799438021080347
MuraenesoxCinereus,30,Muraenesox cinereus,Predator,4,SSP1-2.6,56.6910626666667,0.0358156754888889,57.89315182,0.0244840004233333,-0.0302713893904494,0.548751853545064,0.579023242935513
MuraenesoxCinereus,30,Muraenesox cinereus,Predator,4,SSP5-8.5,56.3658290814815,0.045251284417284,57.89315182,0.0244840004233333,-0.038571886026425,0.886119444185348,0.924691330211773
MuraenesoxCinereus,31,Muraenesox cinereus,Predator,4,SSP1-2.6,56.4703488419753,0.0367260443234568,57.7639942266667,0.0256459173966667,-0.0326769606984678,0.518074335306664,0.550751296005132
MuraenesoxCinereus,31,Muraenesox cinereus,Predator,4,SSP5-8.5,56.3286779209877,0.0448947920790124,57.7639942266667,0.0256459173966667,-0.0363008934305466,0.807818918213626,0.844119811644172
MuraenesoxCinereus,32,Muraenesox cinereus,Predator,4,SSP1-2.6,56.6831563555556,0.0365285046,57.36267122,0.02592761052,-0.0171921121030656,0.494533439993816,0.511725552096882
MuraenesoxCinereus,32,Muraenesox cinereus,Predator,4,SSP5-8.5,56.341969691358,0.0468970419432099,57.36267122,0.02592761052,-0.0259022072971345,0.855007672804616,0.880909880101751
MuraenesoxCinereus,33,Muraenesox cinereus,Predator,4,SSP1-2.6,56.6485741604938,0.0368102099209877,57.6786224466667,0.0260354172266667,-0.0259970647358916,0.499630450529825,0.525627515265717
MuraenesoxCinereus,33,Muraenesox cinereus,Predator,4,SSP5-8.5,56.3596300246914,0.0449613720654321,57.6786224466667,0.0260354172266667,-0.0333745676919083,0.788210535683052,0.821585103374961
MuraenesoxCinereus,34,Muraenesox cinereus,Predator,4,SSP1-2.6,56.7470708493827,0.0367420248962963,57.8293994466667,0.0257147817433333,-0.0272571941421447,0.51483322853397,0.542090422676115
MuraenesoxCinereus,34,Muraenesox cinereus,Predator,4,SSP5-8.5,56.3824631530864,0.0447296121925926,57.8293994466667,0.0257147817433333,-0.0365566143378498,0.798632341446528,0.835188955784378
MuraenesoxCinereus,35,Muraenesox cinereus,Predator,4,SSP1-2.6,56.531862254321,0.0368625848666667,57.6164170866667,0.0253462345133333,-0.0274157258141615,0.540385805204341,0.567801531018502
MuraenesoxCinereus,35,Muraenesox cinereus,Predator,4,SSP5-8.5,56.2430751160494,0.0455101333209877,57.6164170866667,0.0253462345133333,-0.0348044718005773,0.844416379134798,0.879220850935375
MuraenesoxCinereus,36,Muraenesox cinereus,Predator,4,SSP1-2.6,56.563885691358,0.0367375209407407,57.6089755733333,0.02563166878,-0.0264123730584462,0.519326866178934,0.54573923923738
MuraenesoxCinereus,36,Muraenesox cinereus,Predator,4,SSP5-8.5,56.3106729925926,0.0449020184617284,57.6089755733333,0.02563166878,-0.0328852101947941,0.808852889245247,0.841738099440041
MuraenesoxCinereus,37,Muraenesox cinereus,Predator,4,SSP1-2.6,56.6342882592593,0.0355434137382716,57.9273493466667,0.0253267875933333,-0.0325688787781137,0.488918150824251,0.521487029602365
MuraenesoxCinereus,37,Muraenesox cinereus,Predator,4,SSP5-8.5,56.3308307432099,0.0450928974641975,57.9273493466667,0.0253267875933333,-0.0403199033504401,0.832236114296882,0.872556017647322
MuraenesoxCinereus,38,Muraenesox cinereus,Predator,4,SSP1-2.6,56.4776682567901,0.0366928844518519,57.6360451,0.0257591344133333,-0.0292908167404546,0.51041620500615,0.539707021746605
MuraenesoxCinereus,38,Muraenesox cinereus,Predator,4,SSP5-8.5,56.2711960271605,0.0449479542839506,57.6360451,0.0257591344133333,-0.0345747155475436,0.803171340613659,0.837746056161203
MuraenesoxCinereus,39,Muraenesox cinereus,Predator,4,SSP1-2.6,56.8297276691358,0.0367247437703704,57.8455607133333,0.02492020301,-0.0255604437782677,0.559436603906422,0.58499704768469
MuraenesoxCinereus,39,Muraenesox cinereus,Predator,4,SSP5-8.5,56.3732648691358,0.0451895353679012,57.8455607133333,0.02492020301,-0.0371951218417604,0.85867290232475,0.895868024166511
MuraenesoxCinereus,40,Muraenesox cinereus,Predator,4,SSP1-2.6,56.5765548345679,0.035800066982716,57.4935208733333,0.025693466,-0.0231950552280351,0.478560766605542,0.501755821833577
MuraenesoxCinereus,40,Muraenesox cinereus,Predator,4,SSP5-8.5,56.5827902296296,0.0449165349555556,57.4935208733333,0.025693466,-0.0230360621985597,0.80584511645906,0.82888117865762
MuraenesoxCinereus,41,Muraenesox cinereus,Predator,4,SSP1-2.6,56.7201857703704,0.0355921568469136,57.9007391866667,0.02485330422,-0.02971950870998,0.518121691995375,0.547841200705355
MuraenesoxCinereus,41,Muraenesox cinereus,Predator,4,SSP5-8.5,56.2884280518519,0.0451302295802469,57.9007391866667,0.02485330422,-0.0407434073152923,0.860656448358232,0.901399855673524
MuraenesoxCinereus,42,Muraenesox cinereus,Predator,4,SSP1-2.6,56.5469090666667,0.0367059355037037,57.8703043066667,0.0244526748666667,-0.0333750637954932,0.586021082225218,0.619396146020712
MuraenesoxCinereus,42,Muraenesox cinereus,Predator,4,SSP5-8.5,56.5131542592593,0.0451305748444444,57.8703043066667,0.0244526748666667,-0.0342365155454245,0.884112865250055,0.918349380795479
MuraenesoxCinereus,43,Muraenesox cinereus,Predator,4,SSP1-2.6,56.5619928493827,0.0371966221358025,57.8339995133333,0.0251502909666667,-0.0320849236894274,0.564596523799087,0.596681447488514
MuraenesoxCinereus,43,Muraenesox cinereus,Predator,4,SSP5-8.5,56.2692176395062,0.0442955169604938,57.8339995133333,0.0251502909666667,-0.0395719707490924,0.816585603742947,0.856157574492039
MuraenesoxCinereus,44,Muraenesox cinereus,Predator,4,SSP1-2.6,56.5299761185185,0.0356754139382716,57.5687901,0.025388657,-0.0262708045174238,0.490746087401842,0.517016891919266
MuraenesoxCinereus,44,Muraenesox cinereus,Predator,4,SSP5-8.5,56.4419757209877,0.0445456976493827,57.5687901,0.025388657,-0.0285184024516897,0.811102017027959,0.839620419479649
MuraenesoxCinereus,45,Muraenesox cinereus,Predator,4,SSP1-2.6,56.4902011530864,0.0347390953950617,57.8207211733333,0.0253767815566667,-0.0335859651486787,0.453051077698985,0.486637042847664
MuraenesoxCinereus,45,Muraenesox cinereus,Predator,4,SSP5-8.5,56.1716774271605,0.0454559401407407,57.8207211733333,0.0253767815566667,-0.0417437169987179,0.84095972770369,0.882703444702408
MuraenesoxCinereus,46,Muraenesox cinereus,Predator,4,SSP1-2.6,56.4484410444445,0.037078080154321,57.6776669533333,0.0269934113933333,-0.0310790709638374,0.457959231069093,0.48903830203293
MuraenesoxCinereus,46,Muraenesox cinereus,Predator,4,SSP5-8.5,56.4510570790124,0.0451438257148148,57.6776669533333,0.0269934113933333,-0.0310122125603669,0.741921370634518,0.772933583194885
MuraenesoxCinereus,47,Muraenesox cinereus,Predator,4,SSP1-2.6,56.5047017703704,0.0355577207185185,57.4493725133333,0.02655955114,-0.0239202156859834,0.420932083948055,0.444852299634038
MuraenesoxCinereus,47,Muraenesox cinereus,Predator,4,SSP5-8.5,56.4505971135803,0.0445755349876543,57.4493725133333,0.02655955114,-0.0253022938493082,0.747021347773937,0.772323641623245
MuraenesoxCinereus,48,Muraenesox cinereus,Predator,4,SSP1-2.6,56.5144666419753,0.0354541644641975,57.8342756066667,0.0255088065713333,-0.0333045448434895,0.474959693031787,0.508264237875277
MuraenesoxCinereus,48,Muraenesox cinereus,Predator,4,SSP5-8.5,56.2346313283951,0.0454522287679012,57.8342756066667,0.0255088065713333,-0.0404658943425168,0.833355635192474,0.873821529534991
MuraenesoxCinereus,49,Muraenesox cinereus,Predator,4,SSP1-2.6,56.5388471753087,0.0363942094098766,57.72607748,0.0254754121266667,-0.0299807297441547,0.514603439467088,0.544584169211242
MuraenesoxCinereus,49,Muraenesox cinereus,Predator,4,SSP5-8.5,56.3036098049383,0.0452835743703704,57.72607748,0.0254754121266667,-0.0359957756473674,0.829882353299315,0.865878128946683
MuraenesoxCinereus,50,Muraenesox cinereus,Predator,4,SSP1-2.6,56.614878745679,0.0357421804765432,57.6989893866667,0.0242410386,-0.0273647976957474,0.560176137707383,0.587540935403131
MuraenesoxCinereus,50,Muraenesox cinereus,Predator,4,SSP5-8.5,56.3726933037037,0.0459291205098765,57.6989893866667,0.0242410386,-0.0335495535034633,0.921957645893798,0.955507199397261
MuraenesoxCinereus,51,Muraenesox cinereus,Predator,4,SSP1-2.6,56.3709034864198,0.0359182763209877,57.8578466066667,0.025407272438,-0.037561938540979,0.499476613167498,0.537038551708477
MuraenesoxCinereus,51,Muraenesox cinereus,Predator,4,SSP5-8.5,56.3723919061728,0.0449127187308642,57.8578466066667,0.025407272438,-0.0375238460621479,0.821882551152755,0.859406397214903
MuraenesoxCinereus,52,Muraenesox cinereus,Predator,4,SSP1-2.6,56.671830308642,0.0364992263333333,57.5043813666667,0.0256862440366667,-0.0210400845104932,0.506869935792796,0.527910020303289
MuraenesoxCinereus,52,Muraenesox cinereus,Predator,4,SSP5-8.5,56.2210919185185,0.0447235132345679,57.5043813666667,0.0256862440366667,-0.0325604080655096,0.800037574852681,0.83259798291819
MuraenesoxCinereus,53,Muraenesox cinereus,Predator,4,SSP1-2.6,56.5892085185185,0.0360898832567901,57.5094322866667,0.0251556258466667,-0.0232716366119249,0.520713393555242,0.543985030167167
MuraenesoxCinereus,53,Muraenesox cinereus,Predator,4,SSP5-8.5,56.4723306222222,0.0455834863679012,57.5094322866667,0.0251556258466667,-0.0262544232027074,0.857630187790063,0.88388461099277
MuraenesoxCinereus,54,Muraenesox cinereus,Predator,4,SSP1-2.6,56.5846116691358,0.0357028114444445,57.3577711733333,0.0259700432633333,-0.0195792026570839,0.459189267426738,0.478768470083822
MuraenesoxCinereus,54,Muraenesox cinereus,Predator,4,SSP5-8.5,56.3343616444444,0.0443720055530864,57.3577711733333,0.0259700432633333,-0.0259737889712497,0.772801345050988,0.798775134022238
MuraenesoxCinereus,55,Muraenesox cinereus,Predator,4,SSP1-2.6,56.5359996740741,0.0351418339740741,57.8874773266667,0.0255314082866667,-0.0340814810569107,0.460916366813519,0.494997847870429
MuraenesoxCinereus,55,Muraenesox cinereus,Predator,4,SSP5-8.5,56.4245266617284,0.044670169562963,57.8874773266667,0.0255314082866667,-0.0369288759748608,0.807038613420841,0.843967489395702
MuraenesoxCinereus,56,Muraenesox cinereus,Predator,4,SSP1-2.6,56.6124854493827,0.0367985174419753,57.25399982,0.0251049967266667,-0.0162562213341935,0.551673106497593,0.567929327831786
MuraenesoxCinereus,56,Muraenesox cinereus,Predator,4,SSP5-8.5,56.3084809975309,0.045374719962963,57.25399982,0.0251049967266667,-0.0240242521703521,0.853914202423411,0.877938454593763
MuraenesoxCinereus,57,Muraenesox cinereus,Predator,4,SSP1-2.6,56.5334435283951,0.0354578296333333,57.6934213733333,0.02558332127,-0.0293022454158212,0.470900662377801,0.500202907793622
MuraenesoxCinereus,57,Muraenesox cinereus,Predator,4,SSP5-8.5,56.2333592617284,0.0456809535777778,57.6934213733333,0.02558332127,-0.0369805885911125,0.836389197404894,0.873369785996006
MuraenesoxCinereus,58,Muraenesox cinereus,Predator,4,SSP1-2.6,56.506224962963,0.0351327661728395,57.6893252666667,0.0259084088066667,-0.0298945801366368,0.43939675785922,0.469291337995857
MuraenesoxCinereus,58,Muraenesox cinereus,Predator,4,SSP5-8.5,56.2516452098766,0.045736128854321,57.6893252666667,0.0259084088066667,-0.0364090978513525,0.819913846414456,0.856322944265808
MuraenesoxCinereus,59,Muraenesox cinereus,Predator,4,SSP1-2.6,56.6705728716049,0.0364152557987654,57.5077680266667,0.0262916675266667,-0.0211570589496453,0.469937332822584,0.491094391772229
MuraenesoxCinereus,59,Muraenesox cinereus,Predator,4,SSP5-8.5,56.3814080444444,0.044570921145679,57.5077680266667,0.0262916675266667,-0.0285373378008566,0.761497130822406,0.790034468623262
MuraenesoxCinereus,60,Muraenesox cinereus,Predator,4,SSP1-2.6,56.6352886271605,0.0356719489160494,57.8229478133333,0.0253664058766667,-0.0299409036814189,0.491870917906069,0.521811821587488
MuraenesoxCinereus,60,Muraenesox cinereus,Predator,4,SSP5-8.5,56.3202555135803,0.0445583918592593,57.8229478133333,0.0253664058766667,-0.0379882800643846,0.812778044983634,0.850766325048019
MuraenesoxCinereus,61,Muraenesox cinereus,Predator,4,SSP1-2.6,56.7031130666667,0.0350356872716049,57.6748713733333,0.0265878244933333,-0.0245149384364679,0.398059461105182,0.42257439954165
MuraenesoxCinereus,61,Muraenesox cinereus,Predator,4,SSP5-8.5,56.3404306567901,0.044363634745679,57.6748713733333,0.0265878244933333,-0.0337722899355528,0.738611835636647,0.7723841255722
MuraenesoxCinereus,62,Muraenesox cinereus,Predator,4,SSP1-2.6,56.5532965012346,0.0354179084592593,57.68371886,0.025810002322,-0.028553056287853,0.456548747626069,0.485101803913922
MuraenesoxCinereus,62,Muraenesox cinereus,Predator,4,SSP5-8.5,56.3559647876543,0.0435179806135803,57.68371886,0.025810002322,-0.0335958627184472,0.753681340824439,0.787277203542886
MuraenesoxCinereus,63,Muraenesox cinereus,Predator,4,SSP1-2.6,56.4012580345679,0.0366431827012346,57.2872324533333,0.0261944964333333,-0.0224863004332556,0.484281088720568,0.506767389153823
MuraenesoxCinereus,63,Muraenesox cinereus,Predator,4,SSP5-8.5,56.6489897604938,0.0451666841654321,57.2872324533333,0.0261944964333333,-0.0161634146101028,0.785995276981484,0.802158691591587
MuraenesoxCinereus,64,Muraenesox cinereus,Predator,4,SSP1-2.6,56.4972798839506,0.0356746548345679,57.65699154,0.02580850848,-0.0293141517615249,0.46705270325568,0.496366855017205
MuraenesoxCinereus,64,Muraenesox cinereus,Predator,4,SSP5-8.5,56.4504374518519,0.045670262091358,57.65699154,0.02580850848,-0.0305108000862636,0.823408301135533,0.853919101221797
MuraenesoxCinereus,65,Muraenesox cinereus,Predator,4,SSP1-2.6,56.6712956098766,0.0347921993777778,57.5989894,0.0256916128333333,-0.0234253136785089,0.437466420706743,0.460891734385252
MuraenesoxCinereus,65,Muraenesox cinereus,Predator,4,SSP5-8.5,56.3911193777778,0.0452063473827161,57.5989894,0.0256916128333333,-0.0305755180689209,0.815227893740265,0.845803411809186
MuraenesoxCinereus,66,Muraenesox cinereus,Predator,4,SSP1-2.6,56.4836459259259,0.0362542706246914,57.6229993266667,0.0254520445866667,-0.0288115407761704,0.51036939549965,0.53918093627582
MuraenesoxCinereus,66,Muraenesox cinereus,Predator,4,SSP5-8.5,56.2931155580247,0.0442975907382716,57.6229993266667,0.0254520445866667,-0.0336862591989089,0.799446681469125,0.833132940668034
MuraenesoxCinereus,67,Muraenesox cinereus,Predator,4,SSP1-2.6,56.7045646567901,0.0359377483506173,57.7401683533333,0.02505356737,-0.0261104388045817,0.520483977871115,0.546594416675697
MuraenesoxCinereus,67,Muraenesox cinereus,Predator,4,SSP5-8.5,56.408920162963,0.0447148834296296,57.7401683533333,0.02505356737,-0.0336519943856966,0.835739072027616,0.869391066413313
MuraenesoxCinereus,68,Muraenesox cinereus,Predator,4,SSP1-2.6,56.6579763209877,0.0364351009530864,57.66057114,0.0256449849333333,-0.0253060538657063,0.506652264350009,0.531958318215715
MuraenesoxCinereus,68,Muraenesox cinereus,Predator,4,SSP5-8.5,56.4248920074074,0.0434090226814815,57.66057114,0.0256449849333333,-0.0312533748789352,0.7593182181429,0.790571593021836
MuraenesoxCinereus,69,Muraenesox cinereus,Predator,4,SSP1-2.6,56.6948430296296,0.0366680318296296,57.41938492,0.0256207842333333,-0.0183203629844942,0.517208194742013,0.535528557726508
MuraenesoxCinereus,69,Muraenesox cinereus,Predator,4,SSP5-8.5,56.4153273185185,0.0458269109827161,57.41938492,0.0256207842333333,-0.025450698831244,0.838880406231425,0.86433110506267
MuraenesoxCinereus,70,Muraenesox cinereus,Predator,4,SSP1-2.6,56.6477228246914,0.0369405225333333,57.78986748,0.0254134248533333,-0.0287985991429663,0.539613459726502,0.568412058869468
MuraenesoxCinereus,70,Muraenesox cinereus,Predator,4,SSP5-8.5,56.2942037259259,0.046203212091358,57.78986748,0.0254134248533333,-0.0378301772623867,0.862402338626591,0.900232515888978
MuraenesoxCinereus,71,Muraenesox cinereus,Predator,4,SSP1-2.6,56.582265817284,0.0363442292987654,57.916986,0.0252564712066667,-0.0336365764080845,0.525073230432456,0.558709806840541
MuraenesoxCinereus,71,Muraenesox cinereus,Predator,4,SSP5-8.5,56.2769476444445,0.0447657773876543,57.916986,0.0252564712066667,-0.041442444886498,0.825743157672095,0.867185602558594
MuraenesoxCinereus,72,Muraenesox cinereus,Predator,4,SSP1-2.6,56.5579917382716,0.0362055822345679,57.7525614,0.0254853660886667,-0.0301540394917934,0.506543074268023,0.536697113759816
MuraenesoxCinereus,72,Muraenesox cinereus,Predator,4,SSP5-8.5,56.4492042666667,0.0450089106716049,57.7525614,0.0254853660886667,-0.0329316890543947,0.820541571093157,0.853473260147552
MuraenesoxCinereus,73,Muraenesox cinereus,Predator,4,SSP1-2.6,56.7605276222222,0.0353332126987654,57.6645799066667,0.02522084498,-0.0227974247172796,0.486408321884465,0.509205746601745
MuraenesoxCinereus,73,Muraenesox cinereus,Predator,4,SSP5-8.5,56.2597203259259,0.0448862806419753,57.6645799066667,0.02522084498,-0.0355830440164717,0.831657945464816,0.867240989481288
MuraenesoxCinereus,74,Muraenesox cinereus,Predator,4,SSP1-2.6,56.5418915061729,0.0359368249259259,57.4736939066667,0.02547093288,-0.0235816292640312,0.496611150452913,0.520192779716944
MuraenesoxCinereus,74,Muraenesox cinereus,Predator,4,SSP5-8.5,56.4712982049383,0.0441854016074074,57.4736939066667,0.02547093288,-0.0253839785140171,0.794717997364571,0.820101975878588
MuraenesoxCinereus,75,Muraenesox cinereus,Predator,4,SSP1-2.6,56.3903568222222,0.0363860884185185,58.1788247733333,0.0268649469466667,-0.0450456819893218,0.437661977756138,0.482707659745459
MuraenesoxCinereus,75,Muraenesox cinereus,Predator,4,SSP5-8.5,56.400914654321,0.0456737922,58.1788247733333,0.0268649469466667,-0.044775594918637,0.765641589668539,0.810417184587176
MuraenesoxCinereus,76,Muraenesox cinereus,Predator,4,SSP1-2.6,56.5110712444445,0.0369196521604938,57.26946966,0.02605849046,-0.0192327058458518,0.502635448084586,0.521868153930438
MuraenesoxCinereus,76,Muraenesox cinereus,Predator,4,SSP5-8.5,56.3779272666667,0.0458986328345679,57.26946966,0.02605849046,-0.0226358053163812,0.816697668688181,0.839333474004563
MuraenesoxCinereus,77,Muraenesox cinereus,Predator,4,SSP1-2.6,56.7737386518519,0.0362613436148148,57.5015020466667,0.0269040885733333,-0.0183758936590562,0.430606949567757,0.448982843226813
MuraenesoxCinereus,77,Muraenesox cinereus,Predator,4,SSP5-8.5,56.5220634345679,0.0448730981506173,57.5015020466667,0.0269040885733333,-0.0247855077567172,0.73802536110783,0.762810868864548
MuraenesoxCinereus,78,Muraenesox cinereus,Predator,4,SSP1-2.6,56.6122274518519,0.0350969111234568,57.8073744533333,0.0273946623,-0.030139859510413,0.357449245297534,0.387589104807947
MuraenesoxCinereus,78,Muraenesox cinereus,Predator,4,SSP5-8.5,56.3288977580247,0.0456659823851852,57.8073744533333,0.0273946623,-0.0373783069926278,0.737225050127896,0.774603357120524
MuraenesoxCinereus,79,Muraenesox cinereus,Predator,4,SSP1-2.6,56.5179326123457,0.0360007520592593,57.7018087466667,0.0257391849833333,-0.0299078491120149,0.484060672748204,0.513968521860218
MuraenesoxCinereus,79,Muraenesox cinereus,Predator,4,SSP5-8.5,56.2031252864198,0.044182758437037,57.7018087466667,0.0257391849833333,-0.0379661863424163,0.779517120301047,0.817483306643464
MuraenesoxCinereus,80,Muraenesox cinereus,Predator,4,SSP1-2.6,56.5479838567901,0.0356440991604938,57.60003036,0.0248191738,-0.0265939843301427,0.522208169225698,0.54880215355584
MuraenesoxCinereus,80,Muraenesox cinereus,Predator,4,SSP5-8.5,56.3357260617284,0.0450258306839506,57.60003036,0.0248191738,-0.0320194550104211,0.859297802024058,0.891317257034479
MuraenesoxCinereus,81,Muraenesox cinereus,Predator,4,SSP1-2.6,56.683926562963,0.0368233341790123,57.6331171666667,0.0250584628033333,-0.0239583530692078,0.555322345729764,0.579280698798972
MuraenesoxCinereus,81,Muraenesox cinereus,Predator,4,SSP5-8.5,56.3161727975309,0.0457909959432099,57.6331171666667,0.0250584628033333,-0.0333487590918176,0.869766027529599,0.903114786621417
MuraenesoxCinereus,82,Muraenesox cinereus,Predator,4,SSP1-2.6,56.6795677654321,0.0365647956345679,57.6457797466667,0.02583823736,-0.0243862354914009,0.500947643416214,0.525333878907615
MuraenesoxCinereus,82,Muraenesox cinereus,Predator,4,SSP5-8.5,56.3781281061728,0.0444004587,57.6457797466667,0.02583823736,-0.0320794142477348,0.78106692587725,0.813146340124985
MuraenesoxCinereus,83,Muraenesox cinereus,Predator,4,SSP1-2.6,56.5418420395062,0.0366322781555556,57.20291956,0.0254750091666667,-0.0167698975471905,0.524032759295916,0.540802656843106
MuraenesoxCinereus,83,Muraenesox cinereus,Predator,4,SSP5-8.5,56.3428634222222,0.0444137529037037,57.20291956,0.0254750091666667,-0.0218558967625848,0.801923816773352,0.823779713535937
MuraenesoxCinereus,84,Muraenesox cinereus,Predator,4,SSP1-2.6,56.6540129234568,0.0363943163654321,57.4825880533333,0.02581452985,-0.0209468692835377,0.495529841844869,0.516476711128407
MuraenesoxCinereus,84,Muraenesox cinereus,Predator,4,SSP5-8.5,56.2815692222222,0.0445293078567901,57.4825880533333,0.02581452985,-0.0304624642539909,0.786571864268312,0.817034328522303
MuraenesoxCinereus,85,Muraenesox cinereus,Predator,4,SSP1-2.6,56.7567914419753,0.0356590598061728,57.6742613866667,0.0258891785866667,-0.0231345892573447,0.46191947302772,0.485054062285065
MuraenesoxCinereus,85,Muraenesox cinereus,Predator,4,SSP5-8.5,56.5033945876543,0.044792627654321,57.6742613866667,0.0258891785866667,-0.0295900791851723,0.790912108939269,0.820502188124442
MuraenesoxCinereus,86,Muraenesox cinereus,Predator,4,SSP1-2.6,56.4325649703704,0.0352328730567901,57.91138568,0.0261446005466667,-0.0373190930770122,0.430409095907277,0.467728188984289
MuraenesoxCinereus,86,Muraenesox cinereus,Predator,4,SSP5-8.5,56.2597562098766,0.0458274998320988,57.91138568,0.0261446005466667,-0.0417437164158978,0.809700552131259,0.851444268547156
MuraenesoxCinereus,87,Muraenesox cinereus,Predator,4,SSP1-2.6,56.5506810098766,0.0361992806148148,57.65859398,0.02498265456,-0.0279912588318332,0.53503424676757,0.563025505599403
MuraenesoxCinereus,87,Muraenesox cinereus,Predator,4,SSP5-8.5,56.2701099802469,0.046477492962963,57.65859398,0.02498265456,-0.0351668736094053,0.895605470324444,0.930772343933849
MuraenesoxCinereus,88,Muraenesox cinereus,Predator,4,SSP1-2.6,56.757284691358,0.0360232955469136,57.40965856,0.0251927369733333,-0.0164879038068001,0.515922303518843,0.532410207325643
MuraenesoxCinereus,88,Muraenesox cinereus,Predator,4,SSP5-8.5,56.5020475950617,0.0455972145432099,57.40965856,0.0251927369733333,-0.0229903245610569,0.855937828334174,0.87892815289523
MuraenesoxCinereus,89,Muraenesox cinereus,Predator,4,SSP1-2.6,56.6019829382716,0.0359991616296296,57.5954636933333,0.0252506035966667,-0.0251025913743425,0.511645433771316,0.536748025145659
MuraenesoxCinereus,89,Muraenesox cinereus,Predator,4,SSP5-8.5,56.3190610567901,0.0465857279308642,57.5954636933333,0.0252506035966667,-0.0323319055043535,0.883570161672155,0.915902067176509
MuraenesoxCinereus,90,Muraenesox cinereus,Predator,4,SSP1-2.6,56.6136386444445,0.0356261575209877,57.6239880266667,0.02453846004,-0.025519858795042,0.537892176549719,0.563412035344761
MuraenesoxCinereus,90,Muraenesox cinereus,Predator,4,SSP5-8.5,56.231700637037,0.0461596641580247,57.6239880266667,0.02453846004,-0.0352858301116864,0.911588014827401,0.946873844939088
MuraenesoxCinereus,91,Muraenesox cinereus,Predator,4,SSP1-2.6,56.4768958148148,0.0362395735234568,57.42259438,0.0252826045266667,-0.0239577188857302,0.519420884845814,0.543378603731544
MuraenesoxCinereus,91,Muraenesox cinereus,Predator,4,SSP5-8.5,56.5203519827161,0.0463098815333333,57.42259438,0.0252826045266667,-0.0228480635226122,0.873174973810743,0.896023037333355
MuraenesoxCinereus,92,Muraenesox cinereus,Predator,4,SSP1-2.6,56.5715909728395,0.0358086805975309,57.9743442133333,0.0257466925,-0.0353368509534189,0.475922251146484,0.511259102099903
MuraenesoxCinereus,92,Muraenesox cinereus,Predator,4,SSP5-8.5,56.5126552938272,0.0447671576567901,57.9743442133333,0.0257466925,-0.0368406186725771,0.798053610861902,0.834894229534479
MuraenesoxCinereus,93,Muraenesox cinereus,Predator,4,SSP1-2.6,56.5683048666667,0.036412626545679,57.4815215333333,0.0273676817533333,-0.0231043107363129,0.411965577353748,0.435069888090061
MuraenesoxCinereus,93,Muraenesox cinereus,Predator,4,SSP5-8.5,56.4690227209877,0.0449659357283951,57.4815215333333,0.0273676817533333,-0.025638586786685,0.716359258236661,0.741997845023346
MuraenesoxCinereus,94,Muraenesox cinereus,Predator,4,SSP1-2.6,56.4756297925926,0.0355640688049383,57.20195384,0.0250719379133333,-0.0184359717602744,0.504346876774775,0.522782848535049
MuraenesoxCinereus,94,Muraenesox cinereus,Predator,4,SSP5-8.5,56.5065657604938,0.0453371236037037,57.20195384,0.0250719379133333,-0.0176459150903173,0.854619350429769,0.872265265520086
MuraenesoxCinereus,95,Muraenesox cinereus,Predator,4,SSP1-2.6,56.648663817284,0.0360518329987654,57.4745311666667,0.0256922262166667,-0.0208808652599387,0.488740708539034,0.509621573798973
MuraenesoxCinereus,95,Muraenesox cinereus,Predator,4,SSP5-8.5,56.4695871308642,0.0458794044358025,57.4745311666667,0.0256922262166667,-0.0254487092833063,0.836514759383346,0.861963468666652
MuraenesoxCinereus,96,Muraenesox cinereus,Predator,4,SSP1-2.6,56.6049116271605,0.0360706922296296,57.6135913066667,0.0255289728933333,-0.0254819484793318,0.498691615039394,0.524173563518726
MuraenesoxCinereus,96,Muraenesox cinereus,Predator,4,SSP5-8.5,56.2739616024691,0.0455768007555556,57.6135913066667,0.0255289728933333,-0.0339416595632971,0.836164163791737,0.870105823355034
MuraenesoxCinereus,97,Muraenesox cinereus,Predator,4,SSP1-2.6,56.6878590197531,0.0361537661469136,58.1417056733333,0.0256737307466667,-0.036533613044488,0.49385298630422,0.530386599348708
MuraenesoxCinereus,97,Muraenesox cinereus,Predator,4,SSP5-8.5,56.3922870987654,0.0455761683481482,58.1417056733333,0.0256737307466667,-0.0440755402596463,0.827986685717411,0.872062225977057
MuraenesoxCinereus,98,Muraenesox cinereus,Predator,4,SSP1-2.6,56.535288108642,0.0348050837481481,57.28469716,0.02636262572,-0.0189981459434482,0.400803976313997,0.419802122257445
MuraenesoxCinereus,98,Muraenesox cinereus,Predator,4,SSP5-8.5,56.4453635950617,0.0453636878123457,57.28469716,0.02636262572,-0.0212947104478273,0.783043857965628,0.804338568413455
MuraenesoxCinereus,99,Muraenesox cinereus,Predator,4,SSP1-2.6,56.5714451654321,0.0366623741481482,57.6399145133333,0.0266003697733333,-0.0269941695125381,0.462853912759235,0.489848082271773
MuraenesoxCinereus,99,Muraenesox cinereus,Predator,4,SSP5-8.5,56.3623607358025,0.0451021016469136,57.6399145133333,0.0266003697733333,-0.0323361556785229,0.761748360228538,0.79408451590706
MuraenesoxCinereus,100,Muraenesox cinereus,Predator,4,SSP1-2.6,56.7511507506173,0.0363156087037037,57.6266987466667,0.0256262559866667,-0.0220877281862057,0.502967046674702,0.525054774860908
MuraenesoxCinereus,100,Muraenesox cinereus,Predator,4,SSP5-8.5,56.4965502024691,0.0462503333037037,57.6266987466667,0.0256262559866667,-0.0285745983648185,0.851841047165202,0.880415645530021
PampusArgenteus,1,Pampus argenteus,Mid-trophic species,12,SSP1-2.6,103.399688609054,0.147134642123457,105.180268433333,0.12705863615,-0.0246322429315171,0.211642523578939,0.236274766510456
PampusArgenteus,1,Pampus argenteus,Mid-trophic species,12,SSP5-8.5,104.835024604938,0.174434756388889,105.180268433333,0.12705863615,-0.00474329274397364,0.457193089508315,0.461936382252288
PampusArgenteus,2,Pampus argenteus,Mid-trophic species,12,SSP1-2.6,102.205917298354,0.150136280069959,104.837560527778,0.131576865738889,-0.0366769642541788,0.190366790703957,0.227043754958136
PampusArgenteus,2,Pampus argenteus,Mid-trophic species,12,SSP5-8.5,102.909713602881,0.176506293399177,104.837560527778,0.131576865738889,-0.0267765249886398,0.42381377209477,0.450590297083409
PampusArgenteus,3,Pampus argenteus,Mid-trophic species,12,SSP1-2.6,103.18963409465,0.150930316109054,103.531999716667,0.131192351177778,-0.00477869323637627,0.202199007148249,0.206977700384625
PampusArgenteus,3,Pampus argenteus,Mid-trophic species,12,SSP5-8.5,104.399016349794,0.174589141049383,103.531999716667,0.131192351177778,0.0120313733856058,0.41228022030961,0.400248846924004
PampusArgenteus,4,Pampus argenteus,Mid-trophic species,12,SSP1-2.6,104.270491216049,0.155433692872428,103.163090394444,0.129928122,0.0154040328406918,0.258585540642991,0.243181507802299
PampusArgenteus,4,Pampus argenteus,Mid-trophic species,12,SSP5-8.5,103.63479086214,0.166714769606996,103.163090394444,0.129928122,0.00658150945851699,0.359668195864482,0.353086686405965
PampusArgenteus,5,Pampus argenteus,Mid-trophic species,12,SSP1-2.6,104.105580146091,0.148307829553498,103.681606683333,0.124479079177778,0.0058874203975373,0.252691470125662,0.246804049728125
PampusArgenteus,5,Pampus argenteus,Mid-trophic species,12,SSP5-8.5,103.009534880658,0.165484194327161,103.681606683333,0.124479079177778,-0.00938209607452691,0.41079013611446,0.420172232188987
PampusArgenteus,6,Pampus argenteus,Mid-trophic species,12,SSP1-2.6,103.866506057613,0.144223025806584,105.568878277778,0.120831290983333,-0.0234540888082238,0.255307405767537,0.27876149457576
PampusArgenteus,6,Pampus argenteus,Mid-trophic species,12,SSP5-8.5,103.682434323045,0.182348202074074,105.568878277778,0.120831290983333,-0.0260130943880008,0.593701865517145,0.619714959905146
PampusArgenteus,7,Pampus argenteus,Mid-trophic species,12,SSP1-2.6,104.679502788066,0.145401113312757,102.318619705556,0.117874793667778,0.0329102696518181,0.3027830702239,0.269872800572082
PampusArgenteus,7,Pampus argenteus,Mid-trophic species,12,SSP5-8.5,102.885322156379,0.169239826104938,102.318619705556,0.117874793667778,0.00796847162427151,0.5218138628708,0.513845391246529
PampusArgenteus,8,Pampus argenteus,Mid-trophic species,12,SSP1-2.6,102.90258058642,0.153360191952675,102.357619027778,0.122129691177778,0.00766066862382821,0.328510068605766,0.320849399981937
PampusArgenteus,8,Pampus argenteus,Mid-trophic species,12,SSP5-8.5,104.356913312757,0.17388644236214,102.357619027778,0.122129691177778,0.027907683705017,0.50973147322936,0.481823789524343
PampusArgenteus,9,Pampus argenteus,Mid-trophic species,12,SSP1-2.6,103.247873946502,0.148939923975309,105.86300195,0.120929835766667,-0.0360863957236748,0.300560296538148,0.336646692261823
PampusArgenteus,9,Pampus argenteus,Mid-trophic species,12,SSP5-8.5,102.957876658436,0.170125315014403,105.86300195,0.120929835766667,-0.0401442643714884,0.492427603396216,0.532571867767705
PampusArgenteus,10,Pampus argenteus,Mid-trophic species,12,SSP1-2.6,103.144523065844,0.145151450469136,103.415882811111,0.123610282831111,-0.00379055785009491,0.231760226160463,0.235550784010557
PampusArgenteus,10,Pampus argenteus,Mid-trophic species,12,SSP5-8.5,103.101246240741,0.176270646960905,103.415882811111,0.123610282831111,-0.00439600311171401,0.511993490953151,0.516389494064865
PampusArgenteus,11,Pampus argenteus,Mid-trophic species,12,SSP1-2.6,103.912930518519,0.148193921018519,103.905832811111,0.123146018122222,9.85457436000506e-05,0.267116289238579,0.267017743494979
PampusArgenteus,11,Pampus argenteus,Mid-trophic species,12,SSP5-8.5,104.896460279835,0.172482953950617,103.905832811111,0.123146018122222,0.0136893521467056,0.486083811455386,0.47239445930868
PampusArgenteus,12,Pampus argenteus,Mid-trophic species,12,SSP1-2.6,103.667161557613,0.146819998971193,104.826884061111,0.125217093572222,-0.0160497932253742,0.229616976975392,0.245666770200766
PampusArgenteus,12,Pampus argenteus,Mid-trophic species,12,SSP5-8.5,103.932760973251,0.171089135411523,104.826884061111,0.125217093572222,-0.0123582776968778,0.45031662782237,0.462674905519248
PampusArgenteus,13,Pampus argenteus,Mid-trophic species,12,SSP1-2.6,102.430735037037,0.151912655378601,101.371738177778,0.1216745309,0.014993176910856,0.320214848849,0.305221671938144
PampusArgenteus,13,Pampus argenteus,Mid-trophic species,12,SSP5-8.5,104.231136960905,0.16744634981893,101.371738177778,0.1216745309,0.0401308243780938,0.460671714414405,0.420540890036312
PampusArgenteus,14,Pampus argenteus,Mid-trophic species,12,SSP1-2.6,104.189429635802,0.153156234257202,105.328208516667,0.124075076105556,-0.015682945236225,0.303790753781578,0.319473699017803
PampusArgenteus,14,Pampus argenteus,Mid-trophic species,12,SSP5-8.5,103.171581541152,0.176663042746914,105.328208516667,0.124075076105556,-0.029846226790542,0.509786925443593,0.539633152234135
PampusArgenteus,15,Pampus argenteus,Mid-trophic species,12,SSP1-2.6,105.275720207819,0.14530640613786,105.678888733333,0.126829358116667,-0.00551445586791059,0.196209573332384,0.201724029200295
PampusArgenteus,15,Pampus argenteus,Mid-trophic species,12,SSP5-8.5,104.041083104938,0.171583462325103,105.678888733333,0.126829358116667,-0.0225338776693689,0.43602177343654,0.458555651105909
PampusArgenteus,16,Pampus argenteus,Mid-trophic species,12,SSP1-2.6,103.397688952675,0.150280434705761,104.370401394444,0.122613986455556,-0.013508692953718,0.293533639077297,0.307042332031015
PampusArgenteus,16,Pampus argenteus,Mid-trophic species,12,SSP5-8.5,105.12568513786,0.175054134864198,104.370401394444,0.122613986455556,0.0104025698058652,0.513677584125998,0.503275014320133
PampusArgenteus,17,Pampus argenteus,Mid-trophic species,12,SSP1-2.6,102.733793384774,0.152648998458848,104.423293977778,0.123268218044444,-0.0235327519030406,0.308417242943592,0.331949994846633
PampusArgenteus,17,Pampus argenteus,Mid-trophic species,12,SSP5-8.5,103.839012816872,0.17241463609465,104.423293977778,0.123268218044444,-0.00809500055830766,0.484081367464084,0.492176368022391
PampusArgenteus,18,Pampus argenteus,Mid-trophic species,12,SSP1-2.6,104.115642368313,0.142198414802469,104.054964877778,0.129140069994444,0.000841032442818148,0.138968668046354,0.138127635603536
PampusArgenteus,18,Pampus argenteus,Mid-trophic species,12,SSP5-8.5,103.227420849794,0.176949274489712,104.054964877778,0.129140069994444,-0.0115195510150421,0.454399132432004,0.465918683447046
PampusArgenteus,19,Pampus argenteus,Mid-trophic species,12,SSP1-2.6,101.474674358025,0.144589863800412,104.767739061111,0.12441903775,-0.0460748285094335,0.216759164735361,0.262833993244794
PampusArgenteus,19,Pampus argenteus,Mid-trophic species,12,SSP5-8.5,103.836142800412,0.170334174084362,104.767739061111,0.12441903775,-0.0128858411308179,0.45316065776095,0.466046498891768
PampusArgenteus,20,Pampus argenteus,Mid-trophic species,12,SSP1-2.6,105.483438246914,0.146659404102881,104.803691316667,0.121177939627778,0.00932697063300462,0.275342501700504,0.266015531067499
PampusArgenteus,20,Pampus argenteus,Mid-trophic species,12,SSP5-8.5,102.530985771605,0.171535998950617,104.803691316667,0.121177939627778,-0.0316295604498789,0.501384294631027,0.533013855080906
PampusArgenteus,21,Pampus argenteus,Mid-trophic species,12,SSP1-2.6,103.418701368313,0.149632060584362,105.393198477778,0.123099584283333,-0.0272846719524219,0.281593434486566,0.308878106438988
PampusArgenteus,21,Pampus argenteus,Mid-trophic species,12,SSP5-8.5,104.241308014403,0.173600135746914,105.393198477778,0.123099584283333,-0.0158546740427695,0.495942186160993,0.511796860203763
PampusArgenteus,22,Pampus argenteus,Mid-trophic species,12,SSP1-2.6,105.338874718107,0.145691138598765,105.606457094444,0.115424605705556,-0.00366009497445563,0.335962326642609,0.339622421617064
PampusArgenteus,22,Pampus argenteus,Mid-trophic species,12,SSP5-8.5,104.158922997942,0.167525647903292,105.606457094444,0.115424605705556,-0.0199116118369307,0.537431182636606,0.557342794473537
PampusArgenteus,23,Pampus argenteus,Mid-trophic species,12,SSP1-2.6,103.381317718107,0.151116887253086,105.946182883333,0.127101718466667,-0.0353561136551662,0.249681353823026,0.285037467478192
PampusArgenteus,23,Pampus argenteus,Mid-trophic species,12,SSP5-8.5,104.65829854321,0.170662204162551,105.946182883333,0.127101718466667,-0.0176449000439753,0.42516004986842,0.442804949912396
PampusArgenteus,24,Pampus argenteus,Mid-trophic species,12,SSP1-2.6,103.79076705144,0.150838153788066,103.356438444444,0.119932427288889,0.00604984889040182,0.330779610672948,0.324729761782546
PampusArgenteus,24,Pampus argenteus,Mid-trophic species,12,SSP5-8.5,103.112641415638,0.177369267290123,103.356438444444,0.119932427288889,-0.0034070469839528,0.564534269146058,0.567941316130011
PampusArgenteus,25,Pampus argenteus,Mid-trophic species,12,SSP1-2.6,103.635433769547,0.145761369874486,105.668121755556,0.121336507711111,-0.0280228500751719,0.264594729202664,0.292617579277836
PampusArgenteus,25,Pampus argenteus,Mid-trophic species,12,SSP5-8.5,103.439120526749,0.174937180950617,105.668121755556,0.121336507711111,-0.0307582921738634,0.527823256969985,0.558581549143848
PampusArgenteus,26,Pampus argenteus,Mid-trophic species,12,SSP1-2.6,103.174429240741,0.148566271327161,107.015266533333,0.11973481805,-0.0527311652140185,0.311263882231143,0.363995047445161
PampusArgenteus,26,Pampus argenteus,Mid-trophic species,12,SSP5-8.5,103.331863193416,0.170678594479424,107.015266533333,0.11973481805,-0.0505314334371561,0.511439396309461,0.561970829746617
PampusArgenteus,27,Pampus argenteus,Mid-trophic species,12,SSP1-2.6,102.525366246914,0.159027750010288,103.572034783333,0.125803318094444,-0.0146536199042199,0.338108560581925,0.352762180486145
PampusArgenteus,27,Pampus argenteus,Mid-trophic species,12,SSP5-8.5,102.511108115226,0.176349183006173,103.572034783333,0.125803318094444,-0.0148542684568814,0.48726491786792,0.502119186324801
PampusArgenteus,28,Pampus argenteus,Mid-trophic species,12,SSP1-2.6,103.804720872428,0.151475553738683,104.834731794444,0.12052883691,-0.0142447049455096,0.329706622375417,0.343951327320926
PampusArgenteus,28,Pampus argenteus,Mid-trophic species,12,SSP5-8.5,102.254937676955,0.177247012127572,104.834731794444,0.12052883691,-0.0359462520193054,0.556382950841037,0.592329202860342
PampusArgenteus,29,Pampus argenteus,Mid-trophic species,12,SSP1-2.6,104.50595054321,0.14723945290535,107.210004416667,0.120224794266667,-0.0368544473671816,0.292429836831862,0.329284284199044
PampusArgenteus,29,Pampus argenteus,Mid-trophic species,12,SSP5-8.5,104.499939298354,0.174311137382716,107.210004416667,0.120224794266667,-0.0369374344366111,0.535930294106052,0.572867728542663
PampusArgenteus,30,Pampus argenteus,Mid-trophic species,12,SSP1-2.6,102.450288668724,0.146477420102881,105.16970455,0.121960185644444,-0.0377951287488362,0.26426803488653,0.302063163635366
PampusArgenteus,30,Pampus argenteus,Mid-trophic species,12,SSP5-8.5,104.565530783951,0.167437037572016,105.16970455,0.121960185644444,-0.00831182138501399,0.457208440142046,0.46552026152706
PampusArgenteus,31,Pampus argenteus,Mid-trophic species,12,SSP1-2.6,102.302631269547,0.149374620193416,103.052605122222,0.123568881055556,-0.0105377236781313,0.273619576671202,0.284157300349333
PampusArgenteus,31,Pampus argenteus,Mid-trophic species,12,SSP5-8.5,104.054648615226,0.171689625415638,103.052605122222,0.123568881055556,0.0139604425487482,0.474487396953849,0.460526954405101
PampusArgenteus,32,Pampus argenteus,Mid-trophic species,12,SSP1-2.6,103.687761907407,0.151285204901235,104.122434188889,0.120500090422222,-0.00603531945240571,0.328236675503895,0.334271994956301
PampusArgenteus,32,Pampus argenteus,Mid-trophic species,12,SSP5-8.5,102.048635481481,0.16674818787037,104.122434188889,0.120500090422222,-0.0290240529225708,0.468636854019737,0.497660906942308
PampusArgenteus,33,Pampus argenteus,Mid-trophic species,12,SSP1-2.6,104.383296329218,0.148413731625514,103.556849711111,0.118986613622222,0.0114678837950455,0.318825305224231,0.307357421429185
PampusArgenteus,33,Pampus argenteus,Mid-trophic species,12,SSP5-8.5,104.396011788066,0.168822336271605,103.556849711111,0.118986613622222,0.011643615093427,0.50470651960916,0.493062904515733
PampusArgenteus,34,Pampus argenteus,Mid-trophic species,12,SSP1-2.6,104.32262750823,0.149105591047325,105.292071227778,0.122602814905556,-0.0133446903014712,0.282342252670984,0.295686942972456
PampusArgenteus,34,Pampus argenteus,Mid-trophic species,12,SSP5-8.5,103.466578407407,0.168925950718107,105.292071227778,0.122602814905556,-0.0252319755369719,0.462398871615678,0.48763084715265
PampusArgenteus,35,Pampus argenteus,Mid-trophic species,12,SSP1-2.6,102.774166847737,0.148904220034979,105.93348935,0.121235557516667,-0.0436810721857677,0.296571748394522,0.34025282058029
PampusArgenteus,35,Pampus argenteus,Mid-trophic species,12,SSP5-8.5,101.687089403292,0.174291644979424,105.93348935,0.121235557516667,-0.0590222282078846,0.523690519684168,0.582712747892053
PampusArgenteus,36,Pampus argenteus,Mid-trophic species,12,SSP1-2.6,104.22255449177,0.14884511263786,106.449946355556,0.120923736305556,-0.0305077020290536,0.299714389937972,0.330222091967025
PampusArgenteus,36,Pampus argenteus,Mid-trophic species,12,SSP5-8.5,103.412547532922,0.171299907588477,106.449946355556,0.120923736305556,-0.0417639774796691,0.502426911922927,0.544190889402597
PampusArgenteus,37,Pampus argenteus,Mid-trophic species,12,SSP1-2.6,103.200567088477,0.144750623730453,104.530194616667,0.1238990802,-0.0184688413256603,0.224404087538974,0.242872928864634
PampusArgenteus,37,Pampus argenteus,Mid-trophic species,12,SSP5-8.5,105.144710829218,0.169008467148148,104.530194616667,0.1238990802,0.00845653922125765,0.447930048574712,0.439473509353454
PampusArgenteus,38,Pampus argenteus,Mid-trophic species,12,SSP1-2.6,103.419647806584,0.146817383707819,105.679063983333,0.1163100945,-0.0311792966942602,0.336046485502735,0.367225782196996
PampusArgenteus,38,Pampus argenteus,Mid-trophic species,12,SSP5-8.5,103.788087858025,0.163981780403292,105.679063983333,0.1163100945,-0.0260487238073614,0.49555921649832,0.521607940305681
PampusArgenteus,39,Pampus argenteus,Mid-trophic species,12,SSP1-2.6,103.992368962963,0.145642700609054,103.946188633333,0.127014682211111,0.000640805961235054,0.197438123215927,0.196797317254692
PampusArgenteus,39,Pampus argenteus,Mid-trophic species,12,SSP5-8.5,104.159245561728,0.172683324903292,103.946188633333,0.127014682211111,0.00295404377693313,0.443133501928967,0.440179458152034
PampusArgenteus,40,Pampus argenteus,Mid-trophic species,12,SSP1-2.6,102.782864016461,0.142585644034979,104.2914099,0.1196465666,-0.0210205751453493,0.253049736454183,0.274070311599532
PampusArgenteus,40,Pampus argenteus,Mid-trophic species,12,SSP5-8.5,102.803337664609,0.170721362444444,104.2914099,0.1196465666,-0.020733228713457,0.51286459714402,0.533597825857478
PampusArgenteus,41,Pampus argenteus,Mid-trophic species,12,SSP1-2.6,103.993265133745,0.145506153751029,104.681599177778,0.119193731461111,-0.00951777030576277,0.287771804168092,0.297289574473855
PampusArgenteus,41,Pampus argenteus,Mid-trophic species,12,SSP5-8.5,104.589297205761,0.170957461444444,104.681599177778,0.119193731461111,-0.0012726433367425,0.520329025859733,0.521601669196475
PampusArgenteus,42,Pampus argenteus,Mid-trophic species,12,SSP1-2.6,102.612173065844,0.15124462487037,106.510989688889,0.117995217077778,-0.0538004032534319,0.358155489613,0.411955892866432
PampusArgenteus,42,Pampus argenteus,Mid-trophic species,12,SSP5-8.5,105.354520788066,0.170356662668724,106.510989688889,0.117995217077778,-0.0157500719693584,0.529829991208285,0.545580063177644
PampusArgenteus,43,Pampus argenteus,Mid-trophic species,12,SSP1-2.6,102.962884596708,0.154058118312757,102.432237405556,0.126703155222222,0.00745454679720238,0.282022257653831,0.274567710856628
PampusArgenteus,43,Pampus argenteus,Mid-trophic species,12,SSP5-8.5,102.326100868313,0.176107935580247,102.432237405556,0.126703155222222,-0.00149564282404764,0.475007468151839,0.476503110975887
PampusArgenteus,44,Pampus argenteus,Mid-trophic species,12,SSP1-2.6,103.553627164609,0.151605266325103,103.706170383333,0.127669498433333,-0.002123647591242,0.247905977994234,0.250029625585476
PampusArgenteus,44,Pampus argenteus,Mid-trophic species,12,SSP5-8.5,101.938464251029,0.175313544049383,103.706170383333,0.127669498433333,-0.0248032115306667,0.457523566060683,0.482326777591349
PampusArgenteus,45,Pampus argenteus,Mid-trophic species,12,SSP1-2.6,103.18241641358,0.150658394240741,105.155589738889,0.124296265194444,-0.027328402959642,0.277498110372918,0.30482651333256
PampusArgenteus,45,Pampus argenteus,Mid-trophic species,12,SSP5-8.5,103.301022837449,0.168630353932099,105.155589738889,0.124296265194444,-0.0256710020661511,0.440081301264396,0.465752303330547
PampusArgenteus,46,Pampus argenteus,Mid-trophic species,12,SSP1-2.6,103.611539395062,0.14599165308642,105.152624905556,0.123699294127778,-0.0213001768525218,0.239048619141175,0.260348795993697
PampusArgenteus,46,Pampus argenteus,Mid-trophic species,12,SSP5-8.5,102.698584522634,0.16863212208642,105.152624905556,0.123699294127778,-0.0340685668797146,0.447042108098491,0.481110674978206
PampusArgenteus,47,Pampus argenteus,Mid-trophic species,12,SSP1-2.6,103.912091065844,0.154650577487654,105.009476161111,0.120799788916667,-0.015155990032309,0.35639428694309,0.371550276975399
PampusArgenteus,47,Pampus argenteus,Mid-trophic species,12,SSP5-8.5,102.923320248971,0.178445064314815,105.009476161111,0.120799788916667,-0.0289496205492274,0.562862064118867,0.591811684668095
PampusArgenteus,48,Pampus argenteus,Mid-trophic species,12,SSP1-2.6,104.658145471193,0.150795136039095,105.557945072222,0.120048284111111,-0.0123505707564132,0.328975111808576,0.341325682564989
PampusArgenteus,48,Pampus argenteus,Mid-trophic species,12,SSP5-8.5,103.472620018519,0.172637318123457,105.557945072222,0.120048284111111,-0.0287861052654067,0.524129575404882,0.552915680670289
PampusArgenteus,49,Pampus argenteus,Mid-trophic species,12,SSP1-2.6,105.634001897119,0.148990789176955,106.457634416667,0.123072100983333,-0.0112051238357868,0.27571938731335,0.286924511149137
PampusArgenteus,49,Pampus argenteus,Mid-trophic species,12,SSP5-8.5,104.392018497942,0.176964456444444,106.457634416667,0.123072100983333,-0.0282680017962154,0.52395586544619,0.552223867242405
PampusArgenteus,50,Pampus argenteus,Mid-trophic species,12,SSP1-2.6,104.038839314815,0.14619104631893,104.497051316667,0.12125212635,-0.00634002372085736,0.269844906574608,0.276184930295466
PampusArgenteus,50,Pampus argenteus,Mid-trophic species,12,SSP5-8.5,104.652884701646,0.16764810231893,104.497051316667,0.12125212635,0.00214984615913975,0.467426105250643,0.465276259091503
PampusArgenteus,51,Pampus argenteus,Mid-trophic species,12,SSP1-2.6,103.098228582305,0.150106995685185,105.816398288889,0.118980877111111,-0.0375436734018116,0.335261496039653,0.372805169441465
PampusArgenteus,51,Pampus argenteus,Mid-trophic species,12,SSP5-8.5,104.265618574074,0.171493334329218,105.816398288889,0.118980877111111,-0.0212997083349415,0.527422783451464,0.548722491786406
PampusArgenteus,52,Pampus argenteus,Mid-trophic species,12,SSP1-2.6,103.630011670782,0.147544188646091,104.419324538889,0.12062406435,-0.0109468575558672,0.290629346348874,0.301576203904742
PampusArgenteus,52,Pampus argenteus,Mid-trophic species,12,SSP5-8.5,103.58852055144,0.17516084745679,104.419324538889,0.12062406435,-0.0115245957752596,0.538162583106472,0.549687178881731
PampusArgenteus,53,Pampus argenteus,Mid-trophic species,12,SSP1-2.6,103.175505578189,0.151102211012346,102.924874166667,0.118737861188889,0.00350882296461903,0.347744739623244,0.344235916658625
PampusArgenteus,53,Pampus argenteus,Mid-trophic species,12,SSP5-8.5,103.377904604938,0.174191353234568,102.924874166667,0.118737861188889,0.00633618045409476,0.552892979748042,0.546556799293948
PampusArgenteus,54,Pampus argenteus,Mid-trophic species,12,SSP1-2.6,103.946702487654,0.141619813528807,104.933107944444,0.120241850572222,-0.0136259491674116,0.236084003702397,0.249709952869808
PampusArgenteus,54,Pampus argenteus,Mid-trophic species,12,SSP5-8.5,102.127826788066,0.173829596257202,104.933107944444,0.120241850572222,-0.039093930154823,0.531734618357252,0.570828548512075
PampusArgenteus,55,Pampus argenteus,Mid-trophic species,12,SSP1-2.6,102.993840504115,0.142686584800412,105.432968266667,0.124209015216667,-0.0337679994203537,0.200079811322277,0.233847810742631
PampusArgenteus,55,Pampus argenteus,Mid-trophic species,12,SSP5-8.5,104.81909972428,0.17042175145679,105.432968266667,0.124209015216667,-0.0084244366949264,0.456339593326805,0.464764030021732
PampusArgenteus,56,Pampus argenteus,Mid-trophic species,12,SSP1-2.6,104.001626816872,0.149372158707819,106.769674944444,0.114481461983333,-0.037895850963245,0.383797269832878,0.421693120796123
PampusArgenteus,56,Pampus argenteus,Mid-trophic species,12,SSP5-8.5,102.365846588477,0.173685767228395,106.769674944444,0.114481461983333,-0.0607674926158126,0.601365535283092,0.662133027898905
PampusArgenteus,57,Pampus argenteus,Mid-trophic species,12,SSP1-2.6,102.835417259259,0.149108339475309,103.597715,0.125311473474444,-0.0106549579234955,0.250842434962399,0.261497392885895
PampusArgenteus,57,Pampus argenteus,Mid-trophic species,12,SSP5-8.5,105.265241940329,0.17334945963786,103.597715,0.125311473474444,0.0230369616483064,0.468164826044117,0.445127864395811
PampusArgenteus,58,Pampus argenteus,Mid-trophic species,12,SSP1-2.6,102.571634265432,0.151249338423868,104.702935788889,0.125766917361111,-0.0296700797528486,0.266176356751971,0.295846436504819
PampusArgenteus,58,Pampus argenteus,Mid-trophic species,12,SSP5-8.5,104.568209495885,0.174826350641975,104.702935788889,0.125766917361111,-0.00185758033084454,0.475170175753833,0.477027756084678
PampusArgenteus,59,Pampus argenteus,Mid-trophic species,12,SSP1-2.6,102.943280421811,0.151577144454733,104.467397883333,0.117579866577778,-0.0212031154812277,0.366411187343528,0.387614302824755
PampusArgenteus,59,Pampus argenteus,Mid-trophic species,12,SSP5-8.5,104.386855658436,0.176467003102881,104.467397883333,0.117579866577778,-0.00111271733499105,0.585757398697851,0.586870116032842
PampusArgenteus,60,Pampus argenteus,Mid-trophic species,12,SSP1-2.6,104.279771213992,0.149624252411523,104.801860983333,0.121307951316667,-0.0072050124990082,0.302669921620649,0.309874934119657
PampusArgenteus,60,Pampus argenteus,Mid-trophic species,12,SSP5-8.5,103.405423944444,0.167924864300412,104.801860983333,0.121307951316667,-0.0193524736723772,0.469141745846417,0.488494219518794
PampusArgenteus,61,Pampus argenteus,Mid-trophic species,12,SSP1-2.6,102.863696872428,0.146923885514403,105.132899205556,0.125049669822222,-0.0314802925551087,0.232567706588487,0.264047999143596
PampusArgenteus,61,Pampus argenteus,Mid-trophic species,12,SSP5-8.5,102.799308242798,0.173848828528807,105.132899205556,0.125049669822222,-0.032383645685049,0.475332097302787,0.507715742987836
PampusArgenteus,62,Pampus argenteus,Mid-trophic species,12,SSP1-2.6,103.243797788066,0.147142844121399,105.307975266667,0.11593671397,-0.0285595832520544,0.343879882011894,0.372439465263949
PampusArgenteus,62,Pampus argenteus,Mid-trophic species,12,SSP5-8.5,104.225852047325,0.172215567343621,105.307975266667,0.11593671397,-0.0149015335800675,0.570878059801162,0.585779593381229
PampusArgenteus,63,Pampus argenteus,Mid-trophic species,12,SSP1-2.6,103.924035853909,0.145759539973251,103.274913383333,0.122823934655556,0.00903951334192514,0.246998585455728,0.237959072113802
PampusArgenteus,63,Pampus argenteus,Mid-trophic species,12,SSP5-8.5,103.549866518519,0.169053501415638,103.274913383333,0.122823934655556,0.00383584364000888,0.460888171902536,0.457052328262527
PampusArgenteus,64,Pampus argenteus,Mid-trophic species,12,SSP1-2.6,103.425369220165,0.148711142164609,105.938945083333,0.12312992965,-0.0346429398938822,0.272331259494161,0.306974199388043
PampusArgenteus,64,Pampus argenteus,Mid-trophic species,12,SSP5-8.5,103.932370360082,0.168355149670782,105.938945083333,0.12312992965,-0.0275879875263136,0.451326365497589,0.478914353023902
PampusArgenteus,65,Pampus argenteus,Mid-trophic species,12,SSP1-2.6,104.216559497942,0.152764879014403,102.653505083333,0.122665970966667,0.0218016441458615,0.316577819354624,0.294776175208763
PampusArgenteus,65,Pampus argenteus,Mid-trophic species,12,SSP5-8.5,104.792575502058,0.171286032837449,102.653505083333,0.122665970966667,0.0297536175036453,0.481672431317792,0.451918813814146
PampusArgenteus,66,Pampus argenteus,Mid-trophic species,12,SSP1-2.6,102.391336954733,0.140913902736626,105.03198575,0.12570095285,-0.0367350855601937,0.164818370862522,0.201553456422716
PampusArgenteus,66,Pampus argenteus,Mid-trophic species,12,SSP5-8.5,103.095016109054,0.166023829619342,105.03198575,0.12570095285,-0.0268541530352833,0.401394742506821,0.428248895542104
PampusArgenteus,67,Pampus argenteus,Mid-trophic species,12,SSP1-2.6,102.713364259259,0.15301354594856,104.917232266667,0.127956665255556,-0.0306277486329817,0.258004077912683,0.288631826545665
PampusArgenteus,67,Pampus argenteus,Mid-trophic species,12,SSP5-8.5,104.0367031893,0.171807198014403,104.917232266667,0.127956665255556,-0.0121590670210212,0.425135181487438,0.437294248508459
PampusArgenteus,68,Pampus argenteus,Mid-trophic species,12,SSP1-2.6,103.776643779835,0.147377770609054,105.990073216667,0.1208179262,-0.0304473678338194,0.286684406702676,0.317131774536495
PampusArgenteus,68,Pampus argenteus,Mid-trophic species,12,SSP5-8.5,102.298573868313,0.167470599709877,105.990073216667,0.1208179262,-0.0511431188676605,0.471073317052982,0.522216435920643
PampusArgenteus,69,Pampus argenteus,Mid-trophic species,12,SSP1-2.6,105.078751345679,0.151778727430041,106.851114083333,0.119875557566667,-0.0241309882460217,0.340432078245374,0.364563066491395
PampusArgenteus,69,Pampus argenteus,Mid-trophic species,12,SSP5-8.5,103.939458748971,0.171477990281893,106.851114083333,0.119875557566667,-0.0398584988448,0.516485888473946,0.556344387318746
PampusArgenteus,70,Pampus argenteus,Mid-trophic species,12,SSP1-2.6,103.536290915638,0.144105246347737,104.442465522222,0.125750765566667,-0.0125718790356734,0.196555676607284,0.209127555642957
PampusArgenteus,70,Pampus argenteus,Mid-trophic species,12,SSP5-8.5,103.927178298354,0.172715248123457,104.442465522222,0.125750765566667,-0.0071354332070725,0.457828273329356,0.464963706536428
PampusArgenteus,71,Pampus argenteus,Mid-trophic species,12,SSP1-2.6,103.626434495885,0.147051525843621,105.582672566667,0.121233219438889,-0.0269810168543552,0.27853668435869,0.305517701213045
PampusArgenteus,71,Pampus argenteus,Mid-trophic species,12,SSP5-8.5,103.389685164609,0.171154973520576,105.582672566667,0.121233219438889,-0.0302808297928992,0.497518145916264,0.527798975709163
PampusArgenteus,72,Pampus argenteus,Mid-trophic species,12,SSP1-2.6,103.90654787037,0.147400756697531,102.854686094444,0.127273397194444,0.0146790462649375,0.211813033409267,0.19713398714433
PampusArgenteus,72,Pampus argenteus,Mid-trophic species,12,SSP5-8.5,104.406577738683,0.174194459588477,102.854686094444,0.127273397194444,0.0216050812395593,0.452767841180774,0.431162759941215
PampusArgenteus,73,Pampus argenteus,Mid-trophic species,12,SSP1-2.6,103.804168578189,0.148073712899177,102.954281611111,0.131089955377778,0.0118605514541972,0.175758400962732,0.163897849508534
PampusArgenteus,73,Pampus argenteus,Mid-trophic species,12,SSP5-8.5,103.884666973251,0.173815634446502,102.954281611111,0.131089955377778,0.0129789037321388,0.407000711278684,0.394021807546546
PampusArgenteus,74,Pampus argenteus,Mid-trophic species,12,SSP1-2.6,103.553506261317,0.160146985969136,107.54239815,0.1234770676,-0.054529145376069,0.375153519693044,0.429682665069113
PampusArgenteus,74,Pampus argenteus,Mid-trophic species,12,SSP5-8.5,104.372677995885,0.169874000711934,107.54239815,0.1234770676,-0.0431614466145081,0.460221937755358,0.503383384369866
PampusArgenteus,75,Pampus argenteus,Mid-trophic species,12,SSP1-2.6,102.391729781893,0.14739306218107,105.280833055556,0.120638714583333,-0.0401436168142993,0.288975656354521,0.32911927316882
PampusArgenteus,75,Pampus argenteus,Mid-trophic species,12,SSP5-8.5,104.672856839506,0.169543179121399,105.280833055556,0.120638714583333,-0.00835543041912911,0.490959782825638,0.499315213244767
PampusArgenteus,76,Pampus argenteus,Mid-trophic species,12,SSP1-2.6,104.939078263374,0.147804947475309,105.645045394444,0.120132120327778,-0.00967308529147529,0.299072618393079,0.308745703684554
PampusArgenteus,76,Pampus argenteus,Mid-trophic species,12,SSP5-8.5,102.93236637037,0.176338235806584,105.645045394444,0.120132120327778,-0.0375284094277824,0.553723388075952,0.591251797503734
PampusArgenteus,77,Pampus argenteus,Mid-trophic species,12,SSP1-2.6,104.660711755144,0.149286040722222,105.627266883333,0.12014493865,-0.013262328347764,0.313303396526427,0.326565724874191
PampusArgenteus,77,Pampus argenteus,Mid-trophic species,12,SSP5-8.5,103.999693372428,0.170164235109054,105.627266883333,0.12014493865,-0.0224030288298398,0.502151971890389,0.524555000720229
PampusArgenteus,78,Pampus argenteus,Mid-trophic species,12,SSP1-2.6,102.718145423868,0.150862078018519,104.604518816667,0.118414479422222,-0.0262541160488687,0.349384702434855,0.375638818483723
PampusArgenteus,78,Pampus argenteus,Mid-trophic species,12,SSP5-8.5,103.357260825103,0.175696301034979,104.604518816667,0.118414479422222,-0.017305434661294,0.569238317510627,0.586543752171921
PampusArgenteus,79,Pampus argenteus,Mid-trophic species,12,SSP1-2.6,103.257199450617,0.15564903937037,104.762246172222,0.123087569722222,-0.0208765226126153,0.338611597513477,0.359488120126092
PampusArgenteus,79,Pampus argenteus,Mid-trophic species,12,SSP5-8.5,104.281633567901,0.169170548944444,104.762246172222,0.123087569722222,-0.00663380954665064,0.458793354875583,0.465427164422233
PampusArgenteus,80,Pampus argenteus,Mid-trophic species,12,SSP1-2.6,105.950146952675,0.150194119047325,103.324191111111,0.122800061094444,0.0362075193243714,0.290517045788891,0.25430952646452
PampusArgenteus,80,Pampus argenteus,Mid-trophic species,12,SSP5-8.5,101.065826300412,0.175729789467078,103.324191111111,0.122800061094444,-0.0318828126300286,0.517047497248916,0.548930309878944
PampusArgenteus,81,Pampus argenteus,Mid-trophic species,12,SSP1-2.6,104.695377699588,0.151431863425926,104.279247833333,0.126339010111111,0.00574566683771805,0.261368627298026,0.255622960460308
PampusArgenteus,81,Pampus argenteus,Mid-trophic species,12,SSP5-8.5,104.068882835391,0.167540488763374,104.279247833333,0.126339010111111,-0.00291332244225814,0.40720961378765,0.410122936229908
PampusArgenteus,82,Pampus argenteus,Mid-trophic species,12,SSP1-2.6,103.423617374486,0.150443839798354,104.22998,0.113779899894444,-0.0112046333238232,0.402979317222894,0.414183950546717
PampusArgenteus,82,Pampus argenteus,Mid-trophic species,12,SSP5-8.5,104.449523693416,0.169184439261317,104.22998,0.113779899894444,0.00303560923810346,0.572351165846864,0.569315556608761
PampusArgenteus,83,Pampus argenteus,Mid-trophic species,12,SSP1-2.6,103.007556481482,0.149156288390947,105.18211985,0.11288573015,-0.030139303173325,0.4019616756033,0.432100978776625
PampusArgenteus,83,Pampus argenteus,Mid-trophic species,12,SSP5-8.5,104.718319442387,0.176949401355967,105.18211985,0.11288573015,-0.00637562874346202,0.648473753930973,0.654849382674435
PampusArgenteus,84,Pampus argenteus,Mid-trophic species,12,SSP1-2.6,103.957457590535,0.147736660798354,106.851133822222,0.120732127361111,-0.0396089604063452,0.291218239967158,0.330827200373503
PampusArgenteus,84,Pampus argenteus,Mid-trophic species,12,SSP5-8.5,103.774713623457,0.166664486748971,106.851133822222,0.120732127361111,-0.0421472661634692,0.465137089495057,0.507284355658527
PampusArgenteus,85,Pampus argenteus,Mid-trophic species,12,SSP1-2.6,103.657644312757,0.15435530004321,101.887791605556,0.123842402444444,0.024845317708304,0.31774965710496,0.292904339396656
PampusArgenteus,85,Pampus argenteus,Mid-trophic species,12,SSP5-8.5,102.835116135802,0.175589369744856,101.887791605556,0.123842402444444,0.013351804855312,0.503700142138804,0.490348337283492
PampusArgenteus,86,Pampus argenteus,Mid-trophic species,12,SSP1-2.6,104.725574705761,0.148682493298354,104.629262822222,0.116331521427778,0.00132739886217434,0.353992721080904,0.35266532221873
PampusArgenteus,86,Pampus argenteus,Mid-trophic species,12,SSP5-8.5,103.249572835391,0.179824425458848,104.629262822222,0.116331521427778,-0.019150589553495,0.628346929293283,0.647497518846778
PampusArgenteus,87,Pampus argenteus,Mid-trophic species,12,SSP1-2.6,104.011738656379,0.151930516131687,104.638394916667,0.128729655588889,-0.00866595752357616,0.239067225620286,0.247733183143862
PampusArgenteus,87,Pampus argenteus,Mid-trophic species,12,SSP5-8.5,103.609961032922,0.166568781063786,104.638394916667,0.128729655588889,-0.0142496061432989,0.371773583754348,0.386023189897647
PampusArgenteus,88,Pampus argenteus,Mid-trophic species,12,SSP1-2.6,105.058288584362,0.149301416279835,106.13571175,0.117677034733333,-0.0147201770949527,0.343395052372078,0.35811522946703
PampusArgenteus,88,Pampus argenteus,Mid-trophic species,12,SSP5-8.5,102.963624977366,0.1783764306893,106.13571175,0.117677034733333,-0.043775413520855,0.600092202419756,0.643867615940611
PampusArgenteus,89,Pampus argenteus,Mid-trophic species,12,SSP1-2.6,103.372569981482,0.155492398228395,106.212383811111,0.122669615377778,-0.0390985708701923,0.342066105821941,0.381164676692134
PampusArgenteus,89,Pampus argenteus,Mid-trophic species,12,SSP5-8.5,102.858775216049,0.176400919925926,106.212383811111,0.122669615377778,-0.0462871065704631,0.5240801392967,0.570367245867163
PampusArgenteus,90,Pampus argenteus,Mid-trophic species,12,SSP1-2.6,103.562866899177,0.149820818942387,105.653189338889,0.128917618227778,-0.0288295097859401,0.216788673352114,0.245618183138054
PampusArgenteus,90,Pampus argenteus,Mid-trophic species,12,SSP5-8.5,103.412624847737,0.174490546728395,105.653189338889,0.128917618227778,-0.0309239944883235,0.436699438762053,0.467623433250376
PampusArgenteus,91,Pampus argenteus,Mid-trophic species,12,SSP1-2.6,103.17482236214,0.148406352792181,105.818777655556,0.117558140061111,-0.036504703516639,0.336178411580787,0.372683115097426
PampusArgenteus,91,Pampus argenteus,Mid-trophic species,12,SSP5-8.5,104.676839240741,0.168190055954733,105.818777655556,0.117558140061111,-0.0156533905516483,0.516717971643859,0.532371362195507
PampusArgenteus,92,Pampus argenteus,Mid-trophic species,12,SSP1-2.6,102.964735125514,0.149094046213992,101.040456811111,0.125067096644444,0.0272172398420475,0.253520360407559,0.226303120565511
PampusArgenteus,92,Pampus argenteus,Mid-trophic species,12,SSP5-8.5,103.625815691358,0.179238443580247,101.040456811111,0.125067096644444,0.0364503911701604,0.519177816900354,0.482727425730194
PampusArgenteus,93,Pampus argenteus,Mid-trophic species,12,SSP1-2.6,103.031002255144,0.15232871468107,105.627760033333,0.126072864066667,-0.0359105263908593,0.2729301389952,0.30884066538606
PampusArgenteus,93,Pampus argenteus,Mid-trophic species,12,SSP5-8.5,103.478087971193,0.168949160427984,105.627760033333,0.126072864066667,-0.0296637374245299,0.422331397940165,0.451995135364695
PampusArgenteus,94,Pampus argenteus,Mid-trophic species,12,SSP1-2.6,103.102771919753,0.146713724670782,103.817795544444,0.115294653661111,-0.00997063903332308,0.347678222332521,0.357648861365844
PampusArgenteus,94,Pampus argenteus,Mid-trophic species,12,SSP5-8.5,103.501255559671,0.175097402286008,103.817795544444,0.115294653661111,-0.00440549017281709,0.602832065165041,0.607237555337858
PampusArgenteus,95,Pampus argenteus,Mid-trophic species,12,SSP1-2.6,104.493599080247,0.151925294347737,105.597849183333,0.125761880977778,-0.015165879728373,0.272667386265213,0.287833265993586
PampusArgenteus,95,Pampus argenteus,Mid-trophic species,12,SSP5-8.5,103.063952234568,0.170242640971193,105.597849183333,0.125761880977778,-0.0350406279197657,0.43689773585827,0.471938363778035
PampusArgenteus,96,Pampus argenteus,Mid-trophic species,12,SSP1-2.6,102.934071882716,0.152053082580247,101.8671181,0.122620796077778,0.0150321671226536,0.310371388455402,0.295339221332748
PampusArgenteus,96,Pampus argenteus,Mid-trophic species,12,SSP5-8.5,103.445548269547,0.17227848255144,101.8671181,0.122620796077778,0.0221831247321052,0.490538845282362,0.468355720550257
PampusArgenteus,97,Pampus argenteus,Mid-trophic species,12,SSP1-2.6,104.597247882716,0.151668617327161,105.778866088889,0.122640005111111,-0.0162065228868378,0.306492937455209,0.322699460342046
PampusArgenteus,97,Pampus argenteus,Mid-trophic species,12,SSP5-8.5,102.429654915638,0.167366375438272,105.778866088889,0.122640005111111,-0.0464179578230256,0.448580051668774,0.4949980094918
PampusArgenteus,98,Pampus argenteus,Mid-trophic species,12,SSP1-2.6,103.866790355967,0.152069138985597,106.013850305556,0.119601007547778,-0.0295183090048838,0.346497858056334,0.376016167061218
PampusArgenteus,98,Pampus argenteus,Mid-trophic species,12,SSP5-8.5,103.950498882716,0.172647019353909,106.013850305556,0.119601007547778,-0.0283560776679761,0.529595883952585,0.557951961620561
PampusArgenteus,99,Pampus argenteus,Mid-trophic species,12,SSP1-2.6,103.046859839506,0.147973695755144,103.660264161111,0.120366806466667,-0.00856243319909934,0.297903145694536,0.306465578893636
PampusArgenteus,99,Pampus argenteus,Mid-trophic species,12,SSP5-8.5,104.081154613169,0.169475602753086,103.660264161111,0.120366806466667,0.00584589632977826,0.493640006670035,0.487794110340257
PampusArgenteus,100,Pampus argenteus,Mid-trophic species,12,SSP1-2.6,104.556717769547,0.144995323897119,104.377097594444,0.119301071666667,0.00248056734382144,0.281399371397501,0.27891880405368
PampusArgenteus,100,Pampus argenteus,Mid-trophic species,12,SSP5-8.5,103.049049798354,0.171435085611111,104.377097594444,0.119301071666667,-0.0184739886853602,0.523055396524047,0.541529385209407
PennahiaArgentata,1,Pennahia argentata,Mid-trophic species,11,SSP1-2.6,34.6712995749559,0.126974869639624,35.5520077666667,0.0945881615190476,-0.0361891233071023,0.424811457885589,0.461000581192691
PennahiaArgentata,1,Pennahia argentata,Mid-trophic species,11,SSP5-8.5,34.0893829858907,0.153235716532628,35.5520077666667,0.0945881615190476,-0.0606085499183403,0.696021068221779,0.75662961814012
PennahiaArgentata,2,Pennahia argentata,Mid-trophic species,11,SSP1-2.6,34.3816228118754,0.12812510740682,35.149515452381,0.10011858748381,-0.0318671598110174,0.355843371905762,0.38771053171678
PennahiaArgentata,2,Pennahia argentata,Mid-trophic species,11,SSP5-8.5,34.0548239753086,0.149560172425044,35.149515452381,0.10011858748381,-0.0456456263056709,0.579016197446092,0.624661823751763
PennahiaArgentata,3,Pennahia argentata,Mid-trophic species,11,SSP1-2.6,34.4393956746032,0.128245195477954,35.0383429380952,0.0985598944333333,-0.0248747201799269,0.379832162459348,0.404706882639275
PennahiaArgentata,3,Pennahia argentata,Mid-trophic species,11,SSP5-8.5,34.4360696349206,0.146386322269841,35.0383429380952,0.0985598944333333,-0.0250140574878652,0.57070814459668,0.595722202084545
PennahiaArgentata,4,Pennahia argentata,Mid-trophic species,11,SSP1-2.6,34.5549011128748,0.128689942070547,34.7499718666667,0.103852776590476,-0.00812145929186555,0.309359513909572,0.317480973201437
PennahiaArgentata,4,Pennahia argentata,Mid-trophic species,11,SSP5-8.5,33.9479941322751,0.148829043747795,34.7499718666667,0.103852776590476,-0.0336854766347967,0.51911630517872,0.552801781813516
PennahiaArgentata,5,Pennahia argentata,Mid-trophic species,11,SSP1-2.6,34.3191587495591,0.128948883989418,35.3200331285714,0.0981493786238095,-0.0414725070467933,0.39374824788427,0.435220754931063
PennahiaArgentata,5,Pennahia argentata,Mid-trophic species,11,SSP5-8.5,34.389340930923,0.145159892522928,35.3200331285714,0.0981493786238095,-0.0385252291787815,0.564591854510728,0.60311708368951
PennahiaArgentata,6,Pennahia argentata,Mid-trophic species,11,SSP1-2.6,34.5908234441505,0.124000574689006,35.4277484142857,0.104093736009524,-0.0344904210223897,0.2524635518973,0.286953972919689
PennahiaArgentata,6,Pennahia argentata,Mid-trophic species,11,SSP5-8.5,34.3077410047031,0.147009416677837,35.4277484142857,0.104093736009524,-0.0463456442177819,0.498025314753195,0.544370958970977
PennahiaArgentata,7,Pennahia argentata,Mid-trophic species,11,SSP1-2.6,34.7232780388007,0.126058359641975,35.0201676238095,0.0998274778809524,-0.0122828379111671,0.336582912166084,0.348865750077251
PennahiaArgentata,7,Pennahia argentata,Mid-trophic species,11,SSP5-8.5,34.2916525432099,0.146724658550265,35.0201676238095,0.0998274778809524,-0.0303285586178511,0.555602468295549,0.5859310269134
PennahiaArgentata,8,Pennahia argentata,Mid-trophic species,11,SSP1-2.6,34.5812794823633,0.127050339444444,35.2271382428572,0.101033515547619,-0.0266960303197485,0.330566276581972,0.35726230690172
PennahiaArgentata,8,Pennahia argentata,Mid-trophic species,11,SSP5-8.5,34.1355920573192,0.146001645599647,35.2271382428572,0.101033515547619,-0.0454105043578195,0.531150676653142,0.576561181010962
PennahiaArgentata,9,Pennahia argentata,Mid-trophic species,11,SSP1-2.6,34.3669643932981,0.12701603005291,35.4867301015873,0.102683064239683,-0.0462572192297404,0.306812329580927,0.353069548810667
PennahiaArgentata,9,Pennahia argentata,Mid-trophic species,11,SSP5-8.5,33.8690192089947,0.147527663305115,35.4867301015873,0.102683064239683,-0.0673134350940446,0.522787249255089,0.590100684349134
PennahiaArgentata,10,Pennahia argentata,Mid-trophic species,11,SSP1-2.6,34.4158852307466,0.125685627801881,35.7689369420635,0.0983466787253968,-0.0556326230492802,0.353871449423357,0.409504072472637
PennahiaArgentata,10,Pennahia argentata,Mid-trophic species,11,SSP5-8.5,33.8278135238095,0.149772968610229,35.7689369420635,0.0983466787253968,-0.0804973109748096,0.606829029125809,0.687326340100619
PennahiaArgentata,11,Pennahia argentata,Mid-trophic species,11,SSP1-2.6,34.5736971252205,0.12652329582716,35.3089128428571,0.099827196147619,-0.0303575154782158,0.341898231591111,0.372255747069327
PennahiaArgentata,11,Pennahia argentata,Mid-trophic species,11,SSP5-8.5,33.8837331219871,0.144021875701352,35.3089128428571,0.099827196147619,-0.0594395698027469,0.52878315057322,0.588222720375967
PennahiaArgentata,12,Pennahia argentata,Mid-trophic species,11,SSP1-2.6,34.567522287478,0.12241438138448,35.4162519825397,0.0968854452142857,-0.0349943446169282,0.337421201844221,0.372415546461149
PennahiaArgentata,12,Pennahia argentata,Mid-trophic species,11,SSP5-8.5,34.3335755873016,0.14932445735097,35.4162519825397,0.0968854452142857,-0.0447914320837903,0.624098623355926,0.668890055439716
PennahiaArgentata,13,Pennahia argentata,Mid-trophic species,11,SSP1-2.6,34.4529179059377,0.128232358232804,34.9244005238095,0.100623355447619,-0.0196091783888403,0.34979515393349,0.36940433232233
PennahiaArgentata,13,Pennahia argentata,Mid-trophic species,11,SSP5-8.5,34.0622797125221,0.145765375472663,34.9244005238095,0.100623355447619,-0.0360603574203166,0.534682863794639,0.570743221214956
PennahiaArgentata,14,Pennahia argentata,Mid-trophic species,11,SSP1-2.6,34.4162952945326,0.12977441387478,35.1349946896825,0.099244702252381,-0.0298168721481069,0.38694397441107,0.416760846559177
PennahiaArgentata,14,Pennahia argentata,Mid-trophic species,11,SSP5-8.5,34.0491496587302,0.149467019904762,35.1349946896825,0.099244702252381,-0.0452899115980072,0.590765189561876,0.636055101159883
PennahiaArgentata,15,Pennahia argentata,Mid-trophic species,11,SSP1-2.6,34.4867969003527,0.126533206393298,35.020895552381,0.0997560297571429,-0.0221718378299574,0.343040091463261,0.365211929293218
PennahiaArgentata,15,Pennahia argentata,Mid-trophic species,11,SSP5-8.5,34.3955079009406,0.147410692497942,35.020895552381,0.0997560297571429,-0.0259958174202591,0.563365221891617,0.589361039311877
PennahiaArgentata,16,Pennahia argentata,Mid-trophic species,11,SSP1-2.6,34.6133126208113,0.125442129375661,35.3134469531746,0.100461308446825,-0.0288906304339766,0.320381984009005,0.349272614442982
PennahiaArgentata,16,Pennahia argentata,Mid-trophic species,11,SSP5-8.5,34.3496892328042,0.147325263985891,35.3134469531746,0.100461308446825,-0.0399206029379539,0.552364880834533,0.592285483772487
PennahiaArgentata,17,Pennahia argentata,Mid-trophic species,11,SSP1-2.6,34.7671960226338,0.130326676287478,34.7616793285714,0.10553628462381,0.000228938182659263,0.304393316430899,0.30416437824824
PennahiaArgentata,17,Pennahia argentata,Mid-trophic species,11,SSP5-8.5,34.0896456719577,0.14741112313933,34.7616793285714,0.10553628462381,-0.0281641759224517,0.482106289524081,0.510270465446533
PennahiaArgentata,18,Pennahia argentata,Mid-trophic species,11,SSP1-2.6,34.6364323683128,0.127994796197531,35.1296203380952,0.10182099872381,-0.0203976479470473,0.330050035053308,0.350447683000355
PennahiaArgentata,18,Pennahia argentata,Mid-trophic species,11,SSP5-8.5,34.3085449276896,0.145069222201058,35.1296203380952,0.10182099872381,-0.0341200442547931,0.510706348920982,0.544826393175775
PennahiaArgentata,19,Pennahia argentata,Mid-trophic species,11,SSP1-2.6,34.4882898148148,0.126918730114638,35.1596467952381,0.0980705989333333,-0.027813986558247,0.372012397812486,0.399826384370733
PennahiaArgentata,19,Pennahia argentata,Mid-trophic species,11,SSP5-8.5,34.2134597848325,0.146286184744268,35.1596467952381,0.0980705989333333,-0.0393565757549726,0.576900934161323,0.616257509916296
PennahiaArgentata,20,Pennahia argentata,Mid-trophic species,11,SSP1-2.6,35.0617538418577,0.124220494027631,35.511315352381,0.102380532466667,-0.0183806356253006,0.278961795824233,0.297342431449534
PennahiaArgentata,20,Pennahia argentata,Mid-trophic species,11,SSP5-8.5,34.3273333474427,0.148320494266314,35.511315352381,0.102380532466667,-0.0489210106399953,0.534776542036916,0.583697552676911
PennahiaArgentata,21,Pennahia argentata,Mid-trophic species,11,SSP1-2.6,34.1173832351558,0.128012166678424,35.2077197571429,0.100468904347619,-0.0453847956565692,0.349531886195078,0.394916681851648
PennahiaArgentata,21,Pennahia argentata,Mid-trophic species,11,SSP5-8.5,33.9225296190476,0.14330611661552,35.2077197571429,0.100468904347619,-0.0536480371094998,0.512351139449004,0.565999176558504
PennahiaArgentata,22,Pennahia argentata,Mid-trophic species,11,SSP1-2.6,34.7515966443269,0.127740155827748,34.9983348293651,0.0986579880563492,-0.0102070190827754,0.372704343841064,0.382911362923839
PennahiaArgentata,22,Pennahia argentata,Mid-trophic species,11,SSP5-8.5,34.0926983756614,0.146704407171076,34.9983348293651,0.0986579880563492,-0.0378234916166138,0.57240444020004,0.610227931816654
PennahiaArgentata,23,Pennahia argentata,Mid-trophic species,11,SSP1-2.6,34.5194601796002,0.130818233976484,35.3537296761905,0.0991468437333333,-0.034452517967866,0.399924892377846,0.434377410345712
PennahiaArgentata,23,Pennahia argentata,Mid-trophic species,11,SSP5-8.5,33.8154991922399,0.147689864932981,35.3537296761905,0.0991468437333333,-0.0641777702669712,0.57493207485238,0.639109845119351
PennahiaArgentata,24,Pennahia argentata,Mid-trophic species,11,SSP1-2.6,34.7921852945326,0.126488910761905,35.4189984738095,0.100761809780952,-0.0257601208940643,0.328061970263514,0.353822091157579
PennahiaArgentata,24,Pennahia argentata,Mid-trophic species,11,SSP5-8.5,34.2914773650794,0.144494759802469,35.4189984738095,0.100761809780952,-0.0466733576373963,0.520068233754071,0.566741591391467
PennahiaArgentata,25,Pennahia argentata,Mid-trophic species,11,SSP1-2.6,34.3094324135803,0.127918946356261,35.1024787809524,0.103785575685714,-0.032967651476716,0.301624011617547,0.334591663094263
PennahiaArgentata,25,Pennahia argentata,Mid-trophic species,11,SSP5-8.5,34.0161932004703,0.148538452752499,35.1024787809524,0.103785575685714,-0.0453512148105156,0.517230506539352,0.562581721349867
PennahiaArgentata,26,Pennahia argentata,Mid-trophic species,11,SSP1-2.6,34.7510823371546,0.126666281835097,35.1592828079365,0.105540177494444,-0.0168477302710464,0.263240219784312,0.280087950055358
PennahiaArgentata,26,Pennahia argentata,Mid-trophic species,11,SSP5-8.5,34.3497934176955,0.152261134597296,35.1592828079365,0.105540177494444,-0.0336042195637413,0.528755418890283,0.562359638454025
PennahiaArgentata,27,Pennahia argentata,Mid-trophic species,11,SSP1-2.6,34.5927401419753,0.128062381708995,35.195131152381,0.0976865723857143,-0.024906565914107,0.39061457290724,0.415521138821347
PennahiaArgentata,27,Pennahia argentata,Mid-trophic species,11,SSP5-8.5,34.1948065978836,0.14423631727866,35.195131152381,0.0976865723857143,-0.0415986324932566,0.562202292951366,0.603800925444623
PennahiaArgentata,28,Pennahia argentata,Mid-trophic species,11,SSP1-2.6,34.4782521472663,0.128159226529101,35.5045637333333,0.100395002247619,-0.0423178398238886,0.352249893447913,0.394567733271802
PennahiaArgentata,28,Pennahia argentata,Mid-trophic species,11,SSP5-8.5,34.2207915855379,0.151382446425044,35.5045637333333,0.100395002247619,-0.0531313473896454,0.592510474659844,0.64564182204949
PennahiaArgentata,29,Pennahia argentata,Mid-trophic species,11,SSP1-2.6,34.3744308853616,0.125408959148148,34.9744411428572,0.101070294880952,-0.0249651767494639,0.311281373692459,0.336246550441923
PennahiaArgentata,29,Pennahia argentata,Mid-trophic species,11,SSP5-8.5,34.3271764444444,0.145675349091711,34.9744411428572,0.101070294880952,-0.0269498103256456,0.527397724435457,0.554347534761103
PennahiaArgentata,30,Pennahia argentata,Mid-trophic species,11,SSP1-2.6,34.417873638448,0.128405411141093,35.2499044428571,0.102128741738095,-0.0344613772189814,0.330317064423492,0.364778441642474
PennahiaArgentata,30,Pennahia argentata,Mid-trophic species,11,SSP5-8.5,33.8352337598472,0.149447287469724,35.2499044428571,0.102128741738095,-0.0590929907592622,0.549247775713231,0.608340766472493
PennahiaArgentata,31,Pennahia argentata,Mid-trophic species,11,SSP1-2.6,34.363079670194,0.129525355876543,35.2849302952381,0.104845600985714,-0.0381928212340065,0.304968216014151,0.343161037248158
PennahiaArgentata,31,Pennahia argentata,Mid-trophic species,11,SSP5-8.5,34.2247868747795,0.150743449638448,35.2849302952381,0.104845600985714,-0.044010602440958,0.52382898159454,0.567839584035498
PennahiaArgentata,32,Pennahia argentata,Mid-trophic species,11,SSP1-2.6,34.3982012225162,0.127141732348618,35.1304413285714,0.096721521252381,-0.0303885762601851,0.394528810051374,0.424917386311559
PennahiaArgentata,32,Pennahia argentata,Mid-trophic species,11,SSP5-8.5,34.1454630652557,0.147570748902998,35.1304413285714,0.096721521252381,-0.0410278014135504,0.609497941580795,0.650525742994345
PennahiaArgentata,33,Pennahia argentata,Mid-trophic species,11,SSP1-2.6,34.5532698994709,0.124840833038801,34.9732599642857,0.0994139770801587,-0.0174300358470127,0.328569282763636,0.345999318610648
PennahiaArgentata,33,Pennahia argentata,Mid-trophic species,11,SSP5-8.5,34.3380877892416,0.145067057632569,34.9732599642857,0.0994139770801587,-0.0264425791708961,0.545199337572729,0.571641916743626
PennahiaArgentata,34,Pennahia argentata,Mid-trophic species,11,SSP1-2.6,34.648447994709,0.126845162116402,35.5678633571429,0.0998516896285714,-0.0377835797330604,0.345209750576461,0.382993330309521
PennahiaArgentata,34,Pennahia argentata,Mid-trophic species,11,SSP5-8.5,34.2726606581423,0.146989622344503,35.5678633571429,0.0998516896285714,-0.0535161153834975,0.55785555715824,0.611371672541738
PennahiaArgentata,35,Pennahia argentata,Mid-trophic species,11,SSP1-2.6,34.6948096519694,0.126837178689594,35.2511303238095,0.104108408271429,-0.0229496665384941,0.284891100241626,0.30784076678012
PennahiaArgentata,35,Pennahia argentata,Mid-trophic species,11,SSP5-8.5,34.1324673386243,0.147616669389183,35.2511303238095,0.104108408271429,-0.0465248116065197,0.503769052757617,0.550293864364137
PennahiaArgentata,36,Pennahia argentata,Mid-trophic species,11,SSP1-2.6,34.6169626049383,0.128457788104056,34.9035325571429,0.100247134561905,-0.0118939138626701,0.357733360566635,0.369627274429305
PennahiaArgentata,36,Pennahia argentata,Mid-trophic species,11,SSP5-8.5,34.0932642142857,0.15134902404174,34.9035325571429,0.100247134561905,-0.0338863227641208,0.594318372479554,0.628204695243674
PennahiaArgentata,37,Pennahia argentata,Mid-trophic species,11,SSP1-2.6,34.6561266525573,0.126996281035273,35.3021502396825,0.103830645549206,-0.0266456396736808,0.290553932596778,0.317199572270459
PennahiaArgentata,37,Pennahia argentata,Mid-trophic species,11,SSP5-8.5,34.13566964903,0.148960859421517,35.3021502396825,0.103830645549206,-0.0484760062337246,0.520700984509675,0.569176990743399
PennahiaArgentata,38,Pennahia argentata,Mid-trophic species,11,SSP1-2.6,34.5489779453263,0.126092144795414,34.707289852381,0.100790408819048,-0.00659568320083376,0.323120043408179,0.329715726609013
PennahiaArgentata,38,Pennahia argentata,Mid-trophic species,11,SSP5-8.5,33.692927994709,0.149491020571429,34.707289852381,0.100790408819048,-0.0427929080207178,0.568700470130453,0.61149337815117
PennahiaArgentata,39,Pennahia argentata,Mid-trophic species,11,SSP1-2.6,34.6547390440917,0.127031531398589,35.1364795095238,0.103841862228571,-0.0199169933757285,0.290798482047653,0.310715475423382
PennahiaArgentata,39,Pennahia argentata,Mid-trophic species,11,SSP5-8.5,34.1553370776014,0.147324870705467,35.1364795095238,0.103841862228571,-0.0408586179676246,0.504612839076344,0.545471457043968
PennahiaArgentata,40,Pennahia argentata,Mid-trophic species,11,SSP1-2.6,34.5195667566138,0.130815353559083,35.2182354,0.0989676353333333,-0.0289082672878382,0.402503163899658,0.431411431187497
PennahiaArgentata,40,Pennahia argentata,Mid-trophic species,11,SSP5-8.5,34.206387574368,0.147460749302763,35.2182354,0.0989676353333333,-0.0420568713348251,0.575302279614191,0.617359150949017
PennahiaArgentata,41,Pennahia argentata,Mid-trophic species,11,SSP1-2.6,34.5043113121693,0.126408908712522,35.5162278571429,0.102917974147619,-0.0417017247993107,0.296603177296196,0.338304902095507
PennahiaArgentata,41,Pennahia argentata,Mid-trophic species,11,SSP5-8.5,33.7927492310406,0.15424680212522,35.5162278571429,0.102917974147619,-0.0717646359669582,0.583745615205125,0.655510251172084
PennahiaArgentata,42,Pennahia argentata,Mid-trophic species,11,SSP1-2.6,34.2438762663139,0.127193604834215,35.4442025857143,0.101717141553175,-0.0497036548841168,0.322463309986692,0.372166964870809
PennahiaArgentata,42,Pennahia argentata,Mid-trophic species,11,SSP5-8.5,34.1538547336861,0.145436281525573,35.4442025857143,0.101717141553175,-0.0535012572837173,0.515824393478538,0.569325650762255
PennahiaArgentata,43,Pennahia argentata,Mid-trophic species,11,SSP1-2.6,34.7433114191652,0.124491779778954,35.3693688634921,0.0981563472468254,-0.0257652103101366,0.342897016745767,0.368662227055903
PennahiaArgentata,43,Pennahia argentata,Mid-trophic species,11,SSP5-8.5,33.8410918712522,0.152570369982363,35.3693688634921,0.0981563472468254,-0.0637243583235204,0.63632134273885,0.700045701062371
PennahiaArgentata,44,Pennahia argentata,Mid-trophic species,11,SSP1-2.6,34.7399462098765,0.12494421615873,34.9950589952381,0.107615770066667,-0.0105557199327694,0.215394612002479,0.225950331935248
PennahiaArgentata,44,Pennahia argentata,Mid-trophic species,11,SSP5-8.5,34.2081037748383,0.146613629249265,34.9950589952381,0.107615770066667,-0.0328131053788096,0.446129716481205,0.478942821860015
PennahiaArgentata,45,Pennahia argentata,Mid-trophic species,11,SSP1-2.6,34.2154987275132,0.129997773276896,35.1892009952381,0.0981395270015873,-0.0404827803278051,0.405580688392339,0.446063468720145
PennahiaArgentata,45,Pennahia argentata,Mid-trophic species,11,SSP5-8.5,34.1436966040564,0.149911919130511,35.1892009952381,0.0981395270015873,-0.0435134949238236,0.61120886975788,0.654722364681703
PennahiaArgentata,46,Pennahia argentata,Mid-trophic species,11,SSP1-2.6,34.5169145044092,0.127652285226925,35.2496923333333,0.10061160517619,-0.0303071588477826,0.343422640780797,0.37372979962858
PennahiaArgentata,46,Pennahia argentata,Mid-trophic species,11,SSP5-8.5,34.127248808642,0.148638998118166,35.2496923333333,0.10061160517619,-0.0466865501399608,0.56301595829409,0.609702508434051
PennahiaArgentata,47,Pennahia argentata,Mid-trophic species,11,SSP1-2.6,34.6840894647266,0.128354057850088,34.5181399809524,0.101599101480952,0.00691928448324624,0.337241263420938,0.330321978937692
PennahiaArgentata,47,Pennahia argentata,Mid-trophic species,11,SSP5-8.5,34.0991231269841,0.146714867544974,34.5181399809524,0.101599101480952,-0.0176200863813374,0.530127432523815,0.547747518905153
PennahiaArgentata,48,Pennahia argentata,Mid-trophic species,11,SSP1-2.6,34.3803095432099,0.126757884248677,35.6676768761905,0.100170475214286,-0.0530347183935235,0.339618141130753,0.392652859524276
PennahiaArgentata,48,Pennahia argentata,Mid-trophic species,11,SSP5-8.5,34.0705609453263,0.150284020707231,35.6676768761905,0.100170475214286,-0.0660915520934434,0.585234276077485,0.651325828170928
PennahiaArgentata,49,Pennahia argentata,Mid-trophic species,11,SSP1-2.6,34.2932029717813,0.127818833123457,34.7111375380952,0.1042871002,-0.0174759875863863,0.293539707349753,0.311015694936139
PennahiaArgentata,49,Pennahia argentata,Mid-trophic species,11,SSP5-8.5,34.2119452536743,0.14876184138154,34.7111375380952,0.1042871002,-0.0208985088118172,0.512443796292839,0.533342305104656
PennahiaArgentata,50,Pennahia argentata,Mid-trophic species,11,SSP1-2.6,34.6444148550853,0.126716608022634,35.5286991380952,0.100588061990476,-0.0363620769332122,0.333146529552148,0.36950860648536
PennahiaArgentata,50,Pennahia argentata,Mid-trophic species,11,SSP5-8.5,34.4303214647266,0.142990048931217,35.5286991380952,0.100588061990476,-0.0453052152811513,0.507455656277096,0.552760871558247
PennahiaArgentata,51,Pennahia argentata,Mid-trophic species,11,SSP1-2.6,34.4823444429747,0.126309906791005,35.4011171142857,0.102004844261905,-0.0379370204629682,0.308330129474519,0.346267149937487
PennahiaArgentata,51,Pennahia argentata,Mid-trophic species,11,SSP5-8.5,33.9340241666667,0.14954750396649,35.4011171142857,0.102004844261905,-0.0610623601196852,0.551966163106974,0.613028523226659
PennahiaArgentata,52,Pennahia argentata,Mid-trophic species,11,SSP1-2.6,34.6351806984127,0.127216573354497,35.3851731380952,0.0957825562380952,-0.0309067776882696,0.409451788661596,0.440358566349865
PennahiaArgentata,52,Pennahia argentata,Mid-trophic species,11,SSP5-8.5,33.896413526455,0.150312738469136,35.3851731380952,0.0957825562380952,-0.0620123439745382,0.650132433957073,0.712144777931611
PennahiaArgentata,53,Pennahia argentata,Mid-trophic species,11,SSP1-2.6,34.3674349329806,0.129853917971781,35.1099643238095,0.102205313247619,-0.0308383523201314,0.345419345682382,0.376257698002513
PennahiaArgentata,53,Pennahia argentata,Mid-trophic species,11,SSP5-8.5,34.0380851798942,0.146868380828336,35.1099643238095,0.102205313247619,-0.0447306500837731,0.523053634506344,0.567784284590117
PennahiaArgentata,54,Pennahia argentata,Mid-trophic species,11,SSP1-2.6,34.4704079888301,0.129204503128748,35.3740655809524,0.0973153045904762,-0.03733366470128,0.408917734926703,0.446251399627983
PennahiaArgentata,54,Pennahia argentata,Mid-trophic species,11,SSP5-8.5,34.0094999215168,0.149430268943563,35.3740655809524,0.0973153045904762,-0.0567542464286442,0.618733795567265,0.675488041995909
PennahiaArgentata,55,Pennahia argentata,Mid-trophic species,11,SSP1-2.6,34.8745860496767,0.129442790814227,35.3915347150794,0.101920657961905,-0.0212282312985665,0.344868121789031,0.366096353087598
PennahiaArgentata,55,Pennahia argentata,Mid-trophic species,11,SSP5-8.5,33.8403115599647,0.148684316497355,35.3915347150794,0.101920657961905,-0.0646614729270716,0.54480598097674,0.609467453903811
PennahiaArgentata,56,Pennahia argentata,Mid-trophic species,11,SSP1-2.6,34.7665502045855,0.125210587534392,35.3360040039683,0.0981083046361905,-0.023438981717507,0.351909391124188,0.375348372841694
PennahiaArgentata,56,Pennahia argentata,Mid-trophic species,11,SSP5-8.5,33.9814576119929,0.148941035664903,35.3360040039683,0.0981083046361905,-0.0563911636720012,0.602294127058068,0.658685290730069
PennahiaArgentata,57,Pennahia argentata,Mid-trophic species,11,SSP1-2.6,34.5201392716049,0.130090496756614,35.2262426285714,0.0959697712142857,-0.0292123143504113,0.438863616561707,0.468075930912118
PennahiaArgentata,57,Pennahia argentata,Mid-trophic species,11,SSP5-8.5,34.0149027536743,0.1452345665,35.2262426285714,0.0959697712142857,-0.0504836348890901,0.597732903308468,0.648216538197558
PennahiaArgentata,58,Pennahia argentata,Mid-trophic species,11,SSP1-2.6,34.6920285626102,0.12624813132863,35.0627692285714,0.0990067188428571,-0.0153357410130661,0.350663695350965,0.365999436364031
PennahiaArgentata,58,Pennahia argentata,Mid-trophic species,11,SSP5-8.5,34.0991629047619,0.150057406624339,35.0627692285714,0.0990067188428571,-0.0402036202808296,0.599916191598534,0.640119811879363
PennahiaArgentata,59,Pennahia argentata,Mid-trophic species,11,SSP1-2.6,34.79438343592,0.126149724632863,34.8307934761905,0.105746347890476,-0.00150889639796431,0.254529218559251,0.256038114957215
PennahiaArgentata,59,Pennahia argentata,Mid-trophic species,11,SSP5-8.5,33.9945360141094,0.145130328963845,34.8307934761905,0.105746347890476,-0.0350604604137904,0.456741203062449,0.491801663476239
PennahiaArgentata,60,Pennahia argentata,Mid-trophic species,11,SSP1-2.6,34.5717651746032,0.1248950999806,34.9951482904762,0.0998809887888889,-0.0175606544188142,0.322434868031628,0.339995522450442
PennahiaArgentata,60,Pennahia argentata,Mid-trophic species,11,SSP5-8.5,34.0524795855379,0.145489800463845,34.9951482904762,0.0998809887888889,-0.0393950672165269,0.542636008148458,0.582031075364985
PennahiaArgentata,61,Pennahia argentata,Mid-trophic species,11,SSP1-2.6,34.5007529988242,0.125464816768078,35.4108641142857,0.102110517119048,-0.0375641996661636,0.297151388160375,0.334715587826539
PennahiaArgentata,61,Pennahia argentata,Mid-trophic species,11,SSP5-8.5,33.887810154321,0.145695260954145,35.4108641142857,0.102110517119048,-0.0634256373262056,0.512822483739757,0.576248121065962
PennahiaArgentata,62,Pennahia argentata,Mid-trophic species,11,SSP1-2.6,34.6574331216931,0.123651344154615,34.8016348952381,0.0990931898809524,-0.00599027566617895,0.319420105066514,0.325410380732693
PennahiaArgentata,62,Pennahia argentata,Mid-trophic species,11,SSP5-8.5,34.0854411578483,0.146239900137566,34.8016348952381,0.0990931898809524,-0.0299994263897887,0.561479172745536,0.591478599135325
PennahiaArgentata,63,Pennahia argentata,Mid-trophic species,11,SSP1-2.6,34.4283032045855,0.127535733261611,35.0275437380952,0.10498417532381,-0.0248947449522555,0.280729640209004,0.305624385161259
PennahiaArgentata,63,Pennahia argentata,Mid-trophic species,11,SSP5-8.5,34.026559154321,0.145788864876249,35.0275437380952,0.10498417532381,-0.0418285545705964,0.473708651897347,0.515537206467944
PennahiaArgentata,64,Pennahia argentata,Mid-trophic species,11,SSP1-2.6,34.5535710793651,0.127768921093474,35.318059668254,0.0963215556126984,-0.0315712657254908,0.407606356149219,0.43917762187471
PennahiaArgentata,64,Pennahia argentata,Mid-trophic species,11,SSP5-8.5,33.9358835402704,0.149745345860082,35.318059668254,0.0963215556126984,-0.0575945102223019,0.636580567006748,0.69417507722905
PennahiaArgentata,65,Pennahia argentata,Mid-trophic species,11,SSP1-2.6,34.5444316340388,0.128374251,35.5398571666667,0.0989027758238095,-0.040984708124539,0.376272941544777,0.417257649669316
PennahiaArgentata,65,Pennahia argentata,Mid-trophic species,11,SSP5-8.5,34.3731740952381,0.146862358169312,35.5398571666667,0.0989027758238095,-0.0481548037159282,0.570381753015701,0.618536556731629
PennahiaArgentata,66,Pennahia argentata,Mid-trophic species,11,SSP1-2.6,34.4547299047619,0.129555040843034,35.3713047238095,0.0974627996380952,-0.0378773879963609,0.410641580337987,0.448518968334348
PennahiaArgentata,66,Pennahia argentata,Mid-trophic species,11,SSP5-8.5,34.2514075467372,0.148455966816579,35.3713047238095,0.0974627996380952,-0.0464161597798644,0.607111510074627,0.653527669854492
PennahiaArgentata,67,Pennahia argentata,Mid-trophic species,11,SSP1-2.6,34.716117489418,0.125039845777778,35.1822854809524,0.10209155137619,-0.0192435933430194,0.292524423655585,0.311768016998604
PennahiaArgentata,67,Pennahia argentata,Mid-trophic species,11,SSP5-8.5,34.1830859373898,0.143834718433862,35.1822854809524,0.10209155137619,-0.0415665602601863,0.494548471226412,0.536115031486598
PennahiaArgentata,68,Pennahia argentata,Mid-trophic species,11,SSP1-2.6,34.6917235393886,0.127733677823045,35.1757975190476,0.101885277014286,-0.0199916153992519,0.326193362058923,0.346184977458175
PennahiaArgentata,68,Pennahia argentata,Mid-trophic species,11,SSP5-8.5,34.1155988386243,0.144015363548501,35.1757975190476,0.101885277014286,-0.0441515926977084,0.499277137322265,0.543428730019973
PennahiaArgentata,69,Pennahia argentata,Mid-trophic species,11,SSP1-2.6,34.6816698962375,0.123901660898883,35.3781301968254,0.0984078138,-0.0286844358870216,0.332350748470893,0.361035184357915
PennahiaArgentata,69,Pennahia argentata,Mid-trophic species,11,SSP5-8.5,33.7662541940035,0.145282082589065,35.3781301968254,0.0984078138,-0.0672756556673005,0.562012010198561,0.629287665865862
PennahiaArgentata,70,Pennahia argentata,Mid-trophic species,11,SSP1-2.6,34.5988067125221,0.128121474095238,35.2667868150794,0.0992282959039682,-0.0275878554365416,0.368688819402119,0.396276674838661
PennahiaArgentata,70,Pennahia argentata,Mid-trophic species,11,SSP5-8.5,34.1114292316285,0.147889486195179,35.2667868150794,0.0992282959039682,-0.0480549330981009,0.575696008788649,0.62375094188675
PennahiaArgentata,71,Pennahia argentata,Mid-trophic species,11,SSP1-2.6,34.3306743421517,0.127008951451499,34.814571052381,0.101676824371429,-0.0201930523899207,0.320939303059007,0.341132355448927
PennahiaArgentata,71,Pennahia argentata,Mid-trophic species,11,SSP5-8.5,34.007040622575,0.1509500354903,34.814571052381,0.101676824371429,-0.0338577835894991,0.570080218963007,0.603938002552506
PennahiaArgentata,72,Pennahia argentata,Mid-trophic species,11,SSP1-2.6,34.4611077336861,0.130819512458554,35.2150572142857,0.104631526638095,-0.0312233497307371,0.322260125796382,0.353483475527119
PennahiaArgentata,72,Pennahia argentata,Mid-trophic species,11,SSP5-8.5,34.2103803994709,0.151759474326279,35.2150572142857,0.104631526638095,-0.0417582805692939,0.536468969489507,0.578227250058801
PennahiaArgentata,73,Pennahia argentata,Mid-trophic species,11,SSP1-2.6,34.5866494171076,0.130327636970018,34.9996304714286,0.100185102352381,-0.0171244307151508,0.379475056882237,0.396599487597388
PennahiaArgentata,73,Pennahia argentata,Mid-trophic species,11,SSP5-8.5,34.4061924958848,0.146650318578483,34.9996304714286,0.100185102352381,-0.0246714426028866,0.549712211203396,0.574383653806282
PennahiaArgentata,74,Pennahia argentata,Mid-trophic species,11,SSP1-2.6,34.3325195520282,0.128334703308642,35.2999434674603,0.105812269707937,-0.040090137154758,0.278404417752258,0.318494554907016
PennahiaArgentata,74,Pennahia argentata,Mid-trophic species,11,SSP5-8.5,34.1573814567901,0.146969638440917,35.2999434674603,0.105812269707937,-0.0474684924592756,0.474011220081613,0.521479712540888
PennahiaArgentata,75,Pennahia argentata,Mid-trophic species,11,SSP1-2.6,34.6025327054674,0.127643220428571,35.1278784285714,0.0956557902380952,-0.0217388080030138,0.416192707702641,0.437931515705655
PennahiaArgentata,75,Pennahia argentata,Mid-trophic species,11,SSP5-8.5,34.359490005291,0.145082982994709,35.1278784285714,0.0956557902380952,-0.0319078238239144,0.600954107846026,0.632861931669941
PennahiaArgentata,76,Pennahia argentata,Mid-trophic species,11,SSP1-2.6,34.5498790067607,0.129172561970312,35.5278502436508,0.0999210266222222,-0.0402697368859476,0.370439449426179,0.410709186312127
PennahiaArgentata,76,Pennahia argentata,Mid-trophic species,11,SSP5-8.5,34.1703194832452,0.146193088234568,35.5278502436508,0.0999210266222222,-0.0562066585698719,0.549014899818315,0.605221558388187
PennahiaArgentata,77,Pennahia argentata,Mid-trophic species,11,SSP1-2.6,34.6109344382716,0.129378673474427,34.701131152381,0.102491435528571,-0.00375479866294548,0.336096466792099,0.339851265455045
PennahiaArgentata,77,Pennahia argentata,Mid-trophic species,11,SSP5-8.5,34.1101960564374,0.14827328829806,34.701131152381,0.102491435528571,-0.02477964387714,0.532755357942486,0.557535001819626
PennahiaArgentata,78,Pennahia argentata,Mid-trophic species,11,SSP1-2.6,34.4319491049383,0.127885281482657,35.5244255222222,0.100665244588095,-0.0450634688249404,0.345284563444529,0.39034803226947
PennahiaArgentata,78,Pennahia argentata,Mid-trophic species,11,SSP5-8.5,33.903255313933,0.145060538647266,35.5244255222222,0.100665244588095,-0.0673875150070791,0.527089442832019,0.594476957839098
PennahiaArgentata,79,Pennahia argentata,Mid-trophic species,11,SSP1-2.6,34.7317373500882,0.127289718094356,35.2578498857143,0.100050983180952,-0.0216899191098946,0.347380544973856,0.36907046408375
PennahiaArgentata,79,Pennahia argentata,Mid-trophic species,11,SSP5-8.5,34.1997459315109,0.149372715066432,35.2578498857143,0.100050983180952,-0.0439588906602273,0.578181300169328,0.622140190829555
PennahiaArgentata,80,Pennahia argentata,Mid-trophic species,11,SSP1-2.6,34.2014563791887,0.12692472189418,34.9364836380952,0.100785314514286,-0.0306766483083454,0.332687660736153,0.363364309044498
PennahiaArgentata,80,Pennahia argentata,Mid-trophic species,11,SSP5-8.5,33.9149406102293,0.150065566186949,34.9364836380952,0.100785314514286,-0.0428134416531275,0.574307538122985,0.617120979776112
PennahiaArgentata,81,Pennahia argentata,Mid-trophic species,11,SSP1-2.6,34.5701610246914,0.12514925562963,35.0834888333333,0.100278648642857,-0.0212648983474466,0.319635250474993,0.34090014882244
PennahiaArgentata,81,Pennahia argentata,Mid-trophic species,11,SSP5-8.5,34.1804168474427,0.151258389300999,35.0834888333333,0.100278648642857,-0.037622230390915,0.593000701717303,0.630622932108218
PennahiaArgentata,82,Pennahia argentata,Mid-trophic species,11,SSP1-2.6,34.3871046349206,0.131420199444444,35.2868990428571,0.101111350069841,-0.0372650066406131,0.378242083258338,0.415507089898951
PennahiaArgentata,82,Pennahia argentata,Mid-trophic species,11,SSP5-8.5,34.1706203580247,0.1453552854903,35.2868990428571,0.101111350069841,-0.0463762141901515,0.523638579086331,0.570014793276483
PennahiaArgentata,83,Pennahia argentata,Mid-trophic species,11,SSP1-2.6,34.7262253985891,0.128636604763668,35.0427310952381,0.10436868197619,-0.0130896133273929,0.301612367840786,0.314701981168179
PennahiaArgentata,83,Pennahia argentata,Mid-trophic species,11,SSP5-8.5,34.161416340388,0.14925586335097,35.0427310952381,0.10436868197619,-0.0367474267297438,0.516098741498836,0.55284616822858
PennahiaArgentata,84,Pennahia argentata,Mid-trophic species,11,SSP1-2.6,34.3029979153439,0.127934462280423,34.9469126666667,0.101196618785714,-0.026830342025017,0.338243854769122,0.365074196794139
PennahiaArgentata,84,Pennahia argentata,Mid-trophic species,11,SSP5-8.5,33.9965998880071,0.149353109719577,34.9469126666667,0.101196618785714,-0.039774543577365,0.561566189644226,0.601340733221591
PennahiaArgentata,85,Pennahia argentata,Mid-trophic species,11,SSP1-2.6,34.5580000761317,0.131497327316285,35.3955138571429,0.0996069954142857,-0.0345467910531197,0.400714505378974,0.435261296432094
PennahiaArgentata,85,Pennahia argentata,Mid-trophic species,11,SSP5-8.5,34.3858011560847,0.147070090934156,35.3955138571429,0.0996069954142857,-0.0417535606294895,0.56218490955288,0.603938470182369
PennahiaArgentata,86,Pennahia argentata,Mid-trophic species,11,SSP1-2.6,34.584269686067,0.12672950056261,35.0065277619048,0.100356324604762,-0.0175079789494456,0.336620859117672,0.354128838067117
PennahiaArgentata,86,Pennahia argentata,Mid-trophic species,11,SSP5-8.5,33.9786446666667,0.151144772238095,35.0065277619048,0.100356324604762,-0.0429956626487846,0.590799539860271,0.633795202509055
PennahiaArgentata,87,Pennahia argentata,Mid-trophic species,11,SSP1-2.6,34.709427686361,0.124567409490888,34.6857488761905,0.101982894661905,0.000984544028132248,0.288599473321537,0.287614929293405
PennahiaArgentata,87,Pennahia argentata,Mid-trophic species,11,SSP5-8.5,34.0739613932981,0.150127209784832,34.6857488761905,0.101982894661905,-0.0256733501706538,0.557858288890242,0.583531639060896
PennahiaArgentata,88,Pennahia argentata,Mid-trophic species,11,SSP1-2.6,34.5770081199295,0.128194261432099,35.3547153952381,0.09783939,-0.0320896048548637,0.3898443674771,0.421933972331963
PennahiaArgentata,88,Pennahia argentata,Mid-trophic species,11,SSP5-8.5,33.99351664903,0.150255215677249,35.3547153952381,0.09783939,-0.056643028449911,0.618927756586617,0.675570785036528
PennahiaArgentata,89,Pennahia argentata,Mid-trophic species,11,SSP1-2.6,34.4551558641975,0.126730723555556,35.0481122047619,0.0977826103,-0.0246168547496755,0.374116498398974,0.39873335314865
PennahiaArgentata,89,Pennahia argentata,Mid-trophic species,11,SSP5-8.5,34.2213954444444,0.148481769645503,35.0481122047619,0.0977826103,-0.0344381487526888,0.602635986489727,0.637074135242416
PennahiaArgentata,90,Pennahia argentata,Mid-trophic species,11,SSP1-2.6,34.4543427989418,0.128032464726631,35.4363127952381,0.10234285377619,-0.0405426580445638,0.323099307742123,0.363641965786686
PennahiaArgentata,90,Pennahia argentata,Mid-trophic species,11,SSP5-8.5,34.0283192795415,0.150510957837743,35.4363127952381,0.10234285377619,-0.0584926012506812,0.556458157334911,0.614950758585592
PennahiaArgentata,91,Pennahia argentata,Mid-trophic species,11,SSP1-2.6,34.5503313968254,0.125411032608466,35.1001955920635,0.102243910325397,-0.0227795212200152,0.294649351481503,0.317428872701518
PennahiaArgentata,91,Pennahia argentata,Mid-trophic species,11,SSP5-8.5,34.0998664726631,0.145475255710758,35.1001955920635,0.102243910325397,-0.04171297982093,0.508758863580866,0.550471843401796
PennahiaArgentata,92,Pennahia argentata,Mid-trophic species,11,SSP1-2.6,34.9534811205174,0.125532543946502,35.3080466857143,0.0981597505333333,-0.0145608654066311,0.354857939552293,0.369418804958924
PennahiaArgentata,92,Pennahia argentata,Mid-trophic species,11,SSP5-8.5,34.0628851093474,0.146804127970018,35.3080466857143,0.0981597505333333,-0.0517963746860937,0.580689048141571,0.632485422827665
PennahiaArgentata,93,Pennahia argentata,Mid-trophic species,11,SSP1-2.6,34.2592473280423,0.124231181375661,35.0396241904762,0.102590375533333,-0.0324938458082623,0.276131936353608,0.30862578216187
PennahiaArgentata,93,Pennahia argentata,Mid-trophic species,11,SSP5-8.5,34.2846502945326,0.151274208569665,35.0396241904762,0.102590375533333,-0.0314244950205633,0.560270645304849,0.591695140325412
PennahiaArgentata,94,Pennahia argentata,Mid-trophic species,11,SSP1-2.6,34.5361458835979,0.125567647982363,35.0139901190476,0.10343835802381,-0.0198243855698506,0.279693528160429,0.299517913730279
PennahiaArgentata,94,Pennahia argentata,Mid-trophic species,11,SSP5-8.5,34.1651477034098,0.144636186765432,35.0139901190476,0.10343835802381,-0.0354061136480642,0.483657268533294,0.519063382181358
PennahiaArgentata,95,Pennahia argentata,Mid-trophic species,11,SSP1-2.6,34.8099995767196,0.127224150261023,35.6201893380952,0.10383728847619,-0.0331933885452362,0.293047939928027,0.326241328473263
PennahiaArgentata,95,Pennahia argentata,Mid-trophic species,11,SSP5-8.5,33.8100211237507,0.151579772242798,35.6201893380952,0.10383728847619,-0.0752442674686319,0.545752628504254,0.620996895972886
PennahiaArgentata,96,Pennahia argentata,Mid-trophic species,11,SSP1-2.6,34.5265379997061,0.129479833283363,35.3594124920635,0.0991204510253968,-0.0343886226943421,0.385472755798048,0.41986137849239
PennahiaArgentata,96,Pennahia argentata,Mid-trophic species,11,SSP5-8.5,33.8854171455026,0.147807219320988,35.3594124920635,0.0991204510253968,-0.0614297722700293,0.576462079228555,0.637891851498585
PennahiaArgentata,97,Pennahia argentata,Mid-trophic species,11,SSP1-2.6,34.2693418271605,0.131011176571429,34.9670693007937,0.103057732555556,-0.0290784004322079,0.346237137192935,0.375315537625143
PennahiaArgentata,97,Pennahia argentata,Mid-trophic species,11,SSP5-8.5,34.1484984691358,0.141417739313933,34.9670693007937,0.103057732555556,-0.034174740623179,0.456510345644574,0.490685086267753
PennahiaArgentata,98,Pennahia argentata,Mid-trophic species,11,SSP1-2.6,34.6188391111111,0.127001496992945,35.5664299952381,0.0963411364190476,-0.038958823181666,0.398621655588707,0.437580478770373
PennahiaArgentata,98,Pennahia argentata,Mid-trophic species,11,SSP5-8.5,33.9977393474427,0.152077288895944,35.5664299952381,0.0963411364190476,-0.0650773514681818,0.658580871338835,0.723658222807017
PennahiaArgentata,99,Pennahia argentata,Mid-trophic species,11,SSP1-2.6,34.6672563880071,0.123942193961199,35.0142658095238,0.102800511442857,-0.0143691726106523,0.269819969394247,0.284189142004899
PennahiaArgentata,99,Pennahia argentata,Mid-trophic species,11,SSP5-8.5,33.9806300308642,0.145467495074074,35.0142658095238,0.102800511442857,-0.0432302352884053,0.500849374712514,0.544079610000919
PennahiaArgentata,100,Pennahia argentata,Mid-trophic species,11,SSP1-2.6,34.8720496313933,0.127617512770723,35.2799695714286,0.0990266051095238,-0.0167781544766227,0.365938235796857,0.38271639027348
PennahiaArgentata,100,Pennahia argentata,Mid-trophic species,11,SSP5-8.5,33.908586005291,0.152480417982363,35.2799695714286,0.0990266051095238,-0.0571986916373867,0.622735893219655,0.679934584857042
PortunusTrituberculatus,1,Portunus trituberculatus,Invertebrate,8,SSP1-2.6,6.10500216419753,0.172272565876543,7.66989007,0.1188547551,-0.329214093563002,0.535493349756192,0.864707443319194
PortunusTrituberculatus,1,Portunus trituberculatus,Invertebrate,8,SSP5-8.5,7.02990687407407,0.188779449469136,7.66989007,0.1188547551,-0.125700322315721,0.66750209818536,0.79320242050108
PortunusTrituberculatus,2,Portunus trituberculatus,Invertebrate,8,SSP1-2.6,6.61699401481482,0.158306915246914,7.31744935,0.1263277031,-0.145164879993709,0.325553227036851,0.47071810703056
PortunusTrituberculatus,2,Portunus trituberculatus,Invertebrate,8,SSP5-8.5,6.69783421728395,0.181092349160494,7.31744935,0.1263277031,-0.127646187260288,0.519554545810429,0.647200733070716
PortunusTrituberculatus,3,Portunus trituberculatus,Invertebrate,8,SSP1-2.6,5.9890172617284,0.189268644765432,7.68036762666667,0.122595163033333,-0.358856077798006,0.626533367504688,0.985389445302694
PortunusTrituberculatus,3,Portunus trituberculatus,Invertebrate,8,SSP5-8.5,6.27018726296296,0.208643656975309,7.68036762666667,0.122595163033333,-0.292666837662842,0.767139002639391,1.05980584030223
PortunusTrituberculatus,4,Portunus trituberculatus,Invertebrate,8,SSP1-2.6,5.48245785061728,0.164198475,6.90911903,0.134166457533333,-0.333678951315888,0.291416694396954,0.625095645712843
PortunusTrituberculatus,4,Portunus trituberculatus,Invertebrate,8,SSP5-8.5,6.16930161234568,0.178480241481481,6.90911903,0.134166457533333,-0.163394586524664,0.41174033695168,0.575134923476344
PortunusTrituberculatus,5,Portunus trituberculatus,Invertebrate,8,SSP1-2.6,6.01208408395062,0.164357380604938,8.85434067666667,0.1193955151,-0.5585196964837,0.461087598186519,1.01960729467022
PortunusTrituberculatus,5,Portunus trituberculatus,Invertebrate,8,SSP5-8.5,6.14326697160494,0.167863781666667,8.85434067666667,0.1193955151,-0.527378802437931,0.491542342484525,1.01892114492246
PortunusTrituberculatus,6,Portunus trituberculatus,Invertebrate,8,SSP1-2.6,5.53982080246914,0.185564173876543,7.53926657333333,0.133088026,-0.444584873716436,0.479537425008047,0.924122298724483
PortunusTrituberculatus,6,Portunus trituberculatus,Invertebrate,8,SSP5-8.5,5.83818467654321,0.206379533111111,7.53926657333333,0.133088026,-0.368904335988459,0.632919127122298,1.00182346311076
PortunusTrituberculatus,7,Portunus trituberculatus,Invertebrate,8,SSP1-2.6,6.21441689876543,0.178413554024691,9.41399222333333,0.122431912766667,-0.599187632280039,0.543245564552792,1.14243319683283
PortunusTrituberculatus,7,Portunus trituberculatus,Invertebrate,8,SSP5-8.5,6.55753251234568,0.233641833975309,9.41399222333333,0.122431912766667,-0.521653605840995,0.932318958411786,1.45397256425278
PortunusTrituberculatus,8,Portunus trituberculatus,Invertebrate,8,SSP1-2.6,6.43049177160494,0.167993925111111,6.86786534666667,0.123787516033333,-0.0949326819069076,0.440543237987966,0.535475919894873
PortunusTrituberculatus,8,Portunus trituberculatus,Invertebrate,8,SSP5-8.5,6.11896585925926,0.179356612074074,6.86786534666667,0.123787516033333,-0.166573904040466,0.534965105829273,0.701539009869739
PortunusTrituberculatus,9,Portunus trituberculatus,Invertebrate,8,SSP1-2.6,5.80008709135803,0.176003536740741,8.0160524,0.107807001333333,-0.466817376065609,0.707153545310114,1.17397092137572
PortunusTrituberculatus,9,Portunus trituberculatus,Invertebrate,8,SSP5-8.5,6.48009755679012,0.179089829345679,8.0160524,0.107807001333333,-0.306876406486132,0.732232533459603,1.03910893994574
PortunusTrituberculatus,10,Portunus trituberculatus,Invertebrate,8,SSP1-2.6,6.37496549753086,0.171143764839506,7.79042438,0.118254544,-0.289284386750742,0.533313111580454,0.822597498331196
PortunusTrituberculatus,10,Portunus trituberculatus,Invertebrate,8,SSP5-8.5,6.37073950617284,0.189641941555556,7.79042438,0.118254544,-0.290241072472983,0.681382447544401,0.971623520017384
PortunusTrituberculatus,11,Portunus trituberculatus,Invertebrate,8,SSP1-2.6,6.33966461604938,0.162400575987654,9.24484925,0.126426949933333,-0.544243274446909,0.361252719453767,0.905495993900676
PortunusTrituberculatus,11,Portunus trituberculatus,Invertebrate,8,SSP5-8.5,6.40600671481482,0.165539188320988,9.24484925,0.126426949933333,-0.529224484336581,0.388868758758193,0.918093243094774
PortunusTrituberculatus,12,Portunus trituberculatus,Invertebrate,8,SSP1-2.6,6.74929214567901,0.164721108555556,8.13882652666667,0.143231398866667,-0.270084595957161,0.201677652649466,0.471762248606626
PortunusTrituberculatus,12,Portunus trituberculatus,Invertebrate,8,SSP5-8.5,6.58228161604938,0.187916617617284,8.13882652666667,0.143231398866667,-0.30623304665945,0.391744859429034,0.697977906088483
PortunusTrituberculatus,13,Portunus trituberculatus,Invertebrate,8,SSP1-2.6,6.57661724691358,0.167749912320988,8.66463153666667,0.112209063833333,-0.397792690915139,0.580122796136926,0.977915487052065
PortunusTrituberculatus,13,Portunus trituberculatus,Invertebrate,8,SSP5-8.5,6.39479910493827,0.185708753530864,8.66463153666667,0.112209063833333,-0.438239363101842,0.726852603237228,1.16509196633907
PortunusTrituberculatus,14,Portunus trituberculatus,Invertebrate,8,SSP1-2.6,5.79109564691358,0.174751822345679,8.09851526666667,0.123905171333333,-0.483821112293846,0.496071099010192,0.979892211304038
PortunusTrituberculatus,14,Portunus trituberculatus,Invertebrate,8,SSP5-8.5,6.62368963950617,0.193803549925926,8.09851526666667,0.123905171333333,-0.290022361855253,0.645358595665015,0.935380957520267
PortunusTrituberculatus,15,Portunus trituberculatus,Invertebrate,8,SSP1-2.6,6.44566407901235,0.154738642148148,7.44555774,0.1232756579,-0.208050920697001,0.327945566915158,0.535996487612159
PortunusTrituberculatus,15,Portunus trituberculatus,Invertebrate,8,SSP5-8.5,7.13088185432099,0.199239272604938,7.44555774,0.1232756579,-0.0622994224571948,0.692614096789083,0.754913519246277
PortunusTrituberculatus,16,Portunus trituberculatus,Invertebrate,8,SSP1-2.6,6.01662787654321,0.176363027148148,7.19203339,0.1181382171,-0.257444588744963,0.578072400534723,0.835516989279686
PortunusTrituberculatus,16,Portunus trituberculatus,Invertebrate,8,SSP5-8.5,6.45367924074074,0.21246550345679,7.19203339,0.1181382171,-0.156277843662685,0.846752875327478,1.00303071899016
PortunusTrituberculatus,17,Portunus trituberculatus,Invertebrate,8,SSP1-2.6,6.06685020740741,0.167693484382716,6.91886533333333,0.134731306466667,-0.189587769775344,0.315741517459357,0.505329287234701
PortunusTrituberculatus,17,Portunus trituberculatus,Invertebrate,8,SSP5-8.5,6.2126839617284,0.191428565876543,6.91886533333333,0.134731306466667,-0.155318794482518,0.506721014081477,0.662039808563995
PortunusTrituberculatus,18,Portunus trituberculatus,Invertebrate,8,SSP1-2.6,6.20350184444444,0.166523876679012,7.57122371333333,0.124730415333333,-0.287443658093388,0.416915742760533,0.704359400853921
PortunusTrituberculatus,18,Portunus trituberculatus,Invertebrate,8,SSP5-8.5,6.33100381234568,0.219815247382716,7.57122371333333,0.124730415333333,-0.258092233057505,0.817478154441484,1.07557038749899
PortunusTrituberculatus,19,Portunus trituberculatus,Invertebrate,8,SSP1-2.6,6.53723231851852,0.171450526839506,7.05732621,0.132062015733333,-0.110441728844164,0.376576765587887,0.487018494432051
PortunusTrituberculatus,19,Portunus trituberculatus,Invertebrate,8,SSP5-8.5,6.22717333209877,0.199190158012346,7.05732621,0.132062015733333,-0.180544260167713,0.592930793731894,0.773475053899608
PortunusTrituberculatus,20,Portunus trituberculatus,Invertebrate,8,SSP1-2.6,6.48393925555556,0.156382007308642,7.41692254,0.123133584366667,-0.193950126935367,0.344850224609134,0.5388003515445
PortunusTrituberculatus,20,Portunus trituberculatus,Invertebrate,8,SSP5-8.5,6.39599707530864,0.196600972716049,7.41692254,0.123133584366667,-0.21365142292276,0.675046152835031,0.888697575757791
PortunusTrituberculatus,21,Portunus trituberculatus,Invertebrate,8,SSP1-2.6,5.60180629876543,0.169776777123457,8.39220667333333,0.119227611833333,-0.583158109081865,0.509920746525644,1.09307885560751
PortunusTrituberculatus,21,Portunus trituberculatus,Invertebrate,8,SSP5-8.5,7.38905391975309,0.164653406296296,8.39220667333333,0.119227611833333,-0.18366055103983,0.465713971090773,0.649374522130602
PortunusTrituberculatus,22,Portunus trituberculatus,Invertebrate,8,SSP1-2.6,6.62574173209877,0.165363446111111,8.22513646,0.1174482652,-0.311957645204916,0.49361495559639,0.805572600801306
PortunusTrituberculatus,22,Portunus trituberculatus,Invertebrate,8,SSP5-8.5,6.16401499382716,0.193943326259259,8.22513646,0.1174482652,-0.416169243051683,0.723609728657727,1.13977897170941
PortunusTrituberculatus,23,Portunus trituberculatus,Invertebrate,8,SSP1-2.6,6.06702538765432,0.175047012074074,7.57272089666667,0.127875359766667,-0.319822408739409,0.453004137336828,0.772826546076237
PortunusTrituberculatus,23,Portunus trituberculatus,Invertebrate,8,SSP5-8.5,5.62773432222222,0.200699328111111,7.57272089666667,0.127875359766667,-0.428257534637555,0.650297488064158,1.07855502270171
PortunusTrituberculatus,24,Portunus trituberculatus,Invertebrate,8,SSP1-2.6,5.65195293950617,0.179143763555556,7.69750309666667,0.129817370266667,-0.445641089411875,0.464634383927258,0.910275473339133
PortunusTrituberculatus,24,Portunus trituberculatus,Invertebrate,8,SSP5-8.5,6.36725254197531,0.209287370444444,7.69750309666667,0.129817370266667,-0.273719556224434,0.689001817378506,0.962721373602941
PortunusTrituberculatus,25,Portunus trituberculatus,Invertebrate,8,SSP1-2.6,6.17446518641975,0.163531772753086,8.92210856,0.1296745722,-0.531070522040562,0.334675355413438,0.865745877454
PortunusTrituberculatus,25,Portunus trituberculatus,Invertebrate,8,SSP5-8.5,6.62461737777778,0.174589042888889,8.92210856,0.1296745722,-0.429547571931526,0.429067408852683,0.858614980784209
PortunusTrituberculatus,26,Portunus trituberculatus,Invertebrate,8,SSP1-2.6,6.46989128641975,0.173257751024691,7.31203326666667,0.123326974766667,-0.176531163247375,0.490431506997882,0.666962670245257
PortunusTrituberculatus,26,Portunus trituberculatus,Invertebrate,8,SSP5-8.5,6.38006058518519,0.196742096691358,7.31203326666667,0.123326974766667,-0.196702510148058,0.673817293931714,0.870519804079773
PortunusTrituberculatus,27,Portunus trituberculatus,Invertebrate,8,SSP1-2.6,6.70087885432099,0.169282898123457,9.27339602666667,0.138635892066667,-0.46874744273567,0.288135420107383,0.756882862843053
PortunusTrituberculatus,27,Portunus trituberculatus,Invertebrate,8,SSP5-8.5,6.13382631851852,0.206728565135802,9.27339602666667,0.138635892066667,-0.596310450744821,0.576436938220067,1.17274738896489
PortunusTrituberculatus,28,Portunus trituberculatus,Invertebrate,8,SSP1-2.6,6.59793030864198,0.162360046567901,8.08470159333333,0.122682439733333,-0.293180985388933,0.40426789667669,0.697448882065623
PortunusTrituberculatus,28,Portunus trituberculatus,Invertebrate,8,SSP5-8.5,6.4037417037037,0.209882461567901,8.08470159333333,0.122682439733333,-0.336279407135097,0.774652853312828,1.11093226044792
PortunusTrituberculatus,29,Portunus trituberculatus,Invertebrate,8,SSP1-2.6,6.50907331604938,0.163668593,8.41704983333333,0.114864513033333,-0.370862494512133,0.510844352512425,0.881706847024557
PortunusTrituberculatus,29,Portunus trituberculatus,Invertebrate,8,SSP5-8.5,6.00950894814815,0.172743462419753,8.41704983333333,0.114864513033333,-0.486067549300718,0.588697960463616,1.07476550976433
PortunusTrituberculatus,30,Portunus trituberculatus,Invertebrate,8,SSP1-2.6,6.39871182962963,0.155442842604938,8.22796354666667,0.1326748262,-0.362753907028976,0.228489530178516,0.591243437207491
PortunusTrituberculatus,30,Portunus trituberculatus,Invertebrate,8,SSP5-8.5,6.69798843580247,0.195238990209877,8.22796354666667,0.1326748262,-0.296807516924368,0.557346536276843,0.854154053201211
PortunusTrituberculatus,31,Portunus trituberculatus,Invertebrate,8,SSP1-2.6,6.7193154037037,0.158766097395062,7.29818145333333,0.132997132566667,-0.119222769072885,0.255507733671456,0.374730502744341
PortunusTrituberculatus,31,Portunus trituberculatus,Invertebrate,8,SSP5-8.5,6.23549933950617,0.18770093362963,7.29818145333333,0.132997132566667,-0.227031924961511,0.497040684799334,0.724072609760845
PortunusTrituberculatus,32,Portunus trituberculatus,Invertebrate,8,SSP1-2.6,5.79792193827161,0.170904790925926,7.65112571666667,0.118051141066667,-0.400136118921288,0.533780853712347,0.933916972633635
PortunusTrituberculatus,32,Portunus trituberculatus,Invertebrate,8,SSP5-8.5,6.71291130864198,0.176744217419753,7.65112571666667,0.118051141066667,-0.18873344680438,0.582251028296403,0.770984475100783
PortunusTrituberculatus,33,Portunus trituberculatus,Invertebrate,8,SSP1-2.6,5.86756611851852,0.17072707,7.74729826,0.127980955833333,-0.400931088643801,0.415762679730702,0.816693768374503
PortunusTrituberculatus,33,Portunus trituberculatus,Invertebrate,8,SSP5-8.5,6.30072497283951,0.183740186975309,7.74729826,0.127980955833333,-0.298175445185372,0.521738055488346,0.819913500673718
PortunusTrituberculatus,34,Portunus trituberculatus,Invertebrate,8,SSP1-2.6,6.05881801975309,0.186935409654321,7.08158932333333,0.134685143866667,-0.225036807150439,0.472949146521289,0.697985953671728
PortunusTrituberculatus,34,Portunus trituberculatus,Invertebrate,8,SSP5-8.5,6.60865436419753,0.203627958345679,7.08158932333333,0.134685143866667,-0.0997166370635746,0.596344932215047,0.696061569278622
PortunusTrituberculatus,35,Portunus trituberculatus,Invertebrate,8,SSP1-2.6,6.69227379876543,0.171230420333333,8.48817610333333,0.113047808,-0.342958116926991,0.599006011342297,0.941964128269288
PortunusTrituberculatus,35,Portunus trituberculatus,Invertebrate,8,SSP5-8.5,5.98269062222222,0.19720252791358,8.48817610333333,0.113047808,-0.504660127948098,0.802745027089138,1.30740515503724
PortunusTrituberculatus,36,Portunus trituberculatus,Invertebrate,8,SSP1-2.6,6.71507282098765,0.167059217851852,8.75677583666667,0.112673468866667,-0.382996735798791,0.568211743442759,0.95120847924155
PortunusTrituberculatus,36,Portunus trituberculatus,Invertebrate,8,SSP5-8.5,6.51728300123457,0.175240013641975,8.75677583666667,0.112673468866667,-0.426129137970569,0.637184386853643,1.06331352482421
PortunusTrituberculatus,37,Portunus trituberculatus,Invertebrate,8,SSP1-2.6,6.42565946419753,0.176376005382716,9.37213673,0.1286141452,-0.544533476396665,0.455604985111782,1.00013846150845
PortunusTrituberculatus,37,Portunus trituberculatus,Invertebrate,8,SSP5-8.5,6.3887764037037,0.194155680135802,9.37213673,0.1286141452,-0.552838353170776,0.59416459331593,1.14700294648671
PortunusTrituberculatus,38,Portunus trituberculatus,Invertebrate,8,SSP1-2.6,5.83111037037037,0.167630431259259,7.62160512333333,0.1238097102,-0.386324233677339,0.437159609210223,0.823483842887563
PortunusTrituberculatus,38,Portunus trituberculatus,Invertebrate,8,SSP5-8.5,6.57562211481482,0.174987735234568,7.62160512333333,0.1238097102,-0.21296747062099,0.499129340853052,0.712096811474042
PortunusTrituberculatus,39,Portunus trituberculatus,Invertebrate,8,SSP1-2.6,6.44632608641975,0.183615275345679,8.36830810333333,0.1226361113,-0.376458800778939,0.582302228569949,0.958761029348887
PortunusTrituberculatus,39,Portunus trituberculatus,Invertebrate,8,SSP5-8.5,6.90681118271605,0.178434177283951,8.36830810333333,0.1226361113,-0.276916185504791,0.54100811950099,0.817924305005781
PortunusTrituberculatus,40,Portunus trituberculatus,Invertebrate,8,SSP1-2.6,6.33291273580247,0.168556281691358,8.36667318333333,0.104202884866667,-0.401784882068165,0.693835174816542,1.09562005688471
PortunusTrituberculatus,40,Portunus trituberculatus,Invertebrate,8,SSP5-8.5,6.09129441234568,0.187235765209877,8.36667318333333,0.104202884866667,-0.457905245719002,0.845460821173227,1.30336606689223
PortunusTrituberculatus,41,Portunus trituberculatus,Invertebrate,8,SSP1-2.6,5.70097765432099,0.175133899012346,9.05453727666667,0.124944817366667,-0.667431568867978,0.487167299061751,1.15459886792973
PortunusTrituberculatus,41,Portunus trituberculatus,Invertebrate,8,SSP5-8.5,6.53588152962963,0.197933829469136,9.05453727666667,0.124944817366667,-0.470259082316838,0.663727148257443,1.13398623057428
PortunusTrituberculatus,42,Portunus trituberculatus,Invertebrate,8,SSP1-2.6,5.83032444567901,0.178672040271605,8.25661319666667,0.120890356633333,-0.501973951157533,0.563614723942929,1.06558867510046
PortunusTrituberculatus,42,Portunus trituberculatus,Invertebrate,8,SSP5-8.5,6.61480231481482,0.180436233530864,8.25661319666667,0.120890356633333,-0.319852078047042,0.577789910247893,0.897641988294934
PortunusTrituberculatus,43,Portunus trituberculatus,Invertebrate,8,SSP1-2.6,5.84385842469136,0.174024836679012,8.48573336,0.1300317967,-0.538118119416245,0.420428772110161,0.958546891526405
PortunusTrituberculatus,43,Portunus trituberculatus,Invertebrate,8,SSP5-8.5,6.16715655555556,0.205076399654321,8.48573336,0.1300317967,-0.460433876629322,0.65729702605761,1.11773090268693
PortunusTrituberculatus,44,Portunus trituberculatus,Invertebrate,8,SSP1-2.6,6.09851657160494,0.165285024530864,8.89525619,0.116645653466667,-0.544577798541746,0.502823467148289,1.04740126569003
PortunusTrituberculatus,44,Portunus trituberculatus,Invertebrate,8,SSP5-8.5,6.11377082098765,0.196318973604938,8.89525619,0.116645653466667,-0.540973683984845,0.751067061838867,1.29204074582371
PortunusTrituberculatus,45,Portunus trituberculatus,Invertebrate,8,SSP1-2.6,6.09473930987654,0.151933264382716,7.86167152,0.120092076833333,-0.367271571860695,0.339296797881862,0.706568369742557
PortunusTrituberculatus,45,Portunus trituberculatus,Invertebrate,8,SSP5-8.5,6.44753259259259,0.190436147358025,7.86167152,0.120092076833333,-0.286088924742093,0.665166376408116,0.951255301150209
PortunusTrituberculatus,46,Portunus trituberculatus,Invertebrate,8,SSP1-2.6,6.61877932469136,0.166812464111111,8.72133060333333,0.103130516333333,-0.397983091089533,0.693755800448888,1.09173889153842
PortunusTrituberculatus,46,Portunus trituberculatus,Invertebrate,8,SSP5-8.5,6.31516943827161,0.185378117234568,8.72133060333333,0.103130516333333,-0.465726819550451,0.84599966306154,1.31172648261199
PortunusTrituberculatus,47,Portunus trituberculatus,Invertebrate,8,SSP1-2.6,7.29173077654321,0.169822831864198,9.42721025,0.137049033666667,-0.370569608562548,0.309338279600251,0.679907888162799
PortunusTrituberculatus,47,Portunus trituberculatus,Invertebrate,8,SSP5-8.5,6.43456883827161,0.195140848839506,9.42721025,0.137049033666667,-0.5509874232088,0.509823653204032,1.06081107641283
PortunusTrituberculatus,48,Portunus trituberculatus,Invertebrate,8,SSP1-2.6,5.91987909506173,0.182923995728395,7.81595983333333,0.120218601366667,-0.400855342029779,0.605584197498212,1.00643953952799
PortunusTrituberculatus,48,Portunus trituberculatus,Invertebrate,8,SSP5-8.5,7.05609100864198,0.187960771654321,7.81595983333333,0.120218601366667,-0.147553884504195,0.644771454871147,0.792325339375342
PortunusTrituberculatus,49,Portunus trituberculatus,Invertebrate,8,SSP1-2.6,6.45774647160494,0.166837656864198,7.43449628,0.122009715266667,-0.203204194153466,0.451448925857962,0.654653120011428
PortunusTrituberculatus,49,Portunus trituberculatus,Invertebrate,8,SSP5-8.5,6.30302382345679,0.188677095950617,7.43449628,0.122009715266667,-0.238190880942046,0.628923270883477,0.867114151825522
PortunusTrituberculatus,50,Portunus trituberculatus,Invertebrate,8,SSP1-2.6,6.08947794444445,0.178344465567901,8.34450506666667,0.111835905233333,-0.454507932202507,0.67328300254092,1.12779093474343
PortunusTrituberculatus,50,Portunus trituberculatus,Invertebrate,8,SSP5-8.5,6.94871797407407,0.187269765407407,8.34450506666667,0.111835905233333,-0.264079654541113,0.743734552253912,1.00781420679502
PortunusTrituberculatus,51,Portunus trituberculatus,Invertebrate,8,SSP1-2.6,6.44338131851852,0.167861208790123,9.74853387,0.129338556733333,-0.597367285365137,0.376116458189168,0.973483743554305
PortunusTrituberculatus,51,Portunus trituberculatus,Invertebrate,8,SSP5-8.5,5.37532058518519,0.19834308217284,9.74853387,0.129338556733333,-0.858834461280823,0.616845663115479,1.4756801243963
PortunusTrituberculatus,52,Portunus trituberculatus,Invertebrate,8,SSP1-2.6,6.44007719135803,0.174573505567901,7.26579998,0.1312455391,-0.174043669670419,0.41156623471923,0.585609904389649
PortunusTrituberculatus,52,Portunus trituberculatus,Invertebrate,8,SSP5-8.5,6.32376752098765,0.191851392012346,7.26579998,0.1312455391,-0.200337319139017,0.547720844811311,0.748058163950327
PortunusTrituberculatus,53,Portunus trituberculatus,Invertebrate,8,SSP1-2.6,5.7959423,0.169546615839506,7.21282255666667,0.140482862866667,-0.315520699781253,0.271287837749551,0.586808537530804
PortunusTrituberculatus,53,Portunus trituberculatus,Invertebrate,8,SSP5-8.5,7.11896148395062,0.191845616160494,7.21282255666667,0.140482862866667,-0.0188971365775076,0.44955164785578,0.468448784433288
PortunusTrituberculatus,54,Portunus trituberculatus,Invertebrate,8,SSP1-2.6,5.99935780493827,0.167544558876543,7.51685670666667,0.132549697433333,-0.32532142491413,0.338011457782625,0.663332882696755
PortunusTrituberculatus,54,Portunus trituberculatus,Invertebrate,8,SSP5-8.5,6.94353604814815,0.186347166938272,7.51685670666667,0.132549697433333,-0.114458948815233,0.491459508723198,0.605918457538431
PortunusTrituberculatus,55,Portunus trituberculatus,Invertebrate,8,SSP1-2.6,5.91778845308642,0.171994323481481,7.73324317,0.130688967833333,-0.386015454440176,0.396223590318793,0.78223904475897
PortunusTrituberculatus,55,Portunus trituberculatus,Invertebrate,8,SSP5-8.5,6.0954788308642,0.194292788938272,7.73324317,0.130688967833333,-0.343334022634698,0.572094996608031,0.915429019242729
PortunusTrituberculatus,56,Portunus trituberculatus,Invertebrate,8,SSP1-2.6,6.06199330246914,0.18556422854321,6.26277319333333,0.128004492366667,-0.0470093744341773,0.535724184026823,0.582733558461001
PortunusTrituberculatus,56,Portunus trituberculatus,Invertebrate,8,SSP5-8.5,6.35458990740741,0.19981393137037,6.26277319333333,0.128004492366667,0.0209973914961842,0.642462730763792,0.621465339267608
PortunusTrituberculatus,57,Portunus trituberculatus,Invertebrate,8,SSP1-2.6,6.16540460740741,0.167582370148148,8.23946251333333,0.121000196533333,-0.418354653599931,0.469860993111639,0.88821564671157
PortunusTrituberculatus,57,Portunus trituberculatus,Invertebrate,8,SSP5-8.5,6.80957213580247,0.188706251802469,8.23946251333333,0.121000196533333,-0.274986076258871,0.641132829159791,0.916118905418662
PortunusTrituberculatus,58,Portunus trituberculatus,Invertebrate,8,SSP1-2.6,5.80677102469136,0.16546042462963,7.07996191,0.120908312366667,-0.286005452532418,0.452572757404167,0.738578209936585
PortunusTrituberculatus,58,Portunus trituberculatus,Invertebrate,8,SSP5-8.5,6.52542421728395,0.169070908580247,7.07996191,0.120908312366667,-0.117669904454061,0.483715009456042,0.601384913910103
PortunusTrituberculatus,59,Portunus trituberculatus,Invertebrate,8,SSP1-2.6,5.23438177037037,0.173012265246914,8.74571641666667,0.123792901133333,-0.740557417828,0.482945731525197,1.2235031493532
PortunusTrituberculatus,59,Portunus trituberculatus,Invertebrate,8,SSP5-8.5,6.02161069382716,0.192933732654321,8.74571641666667,0.123792901133333,-0.538427130540063,0.640176821131517,1.17860395167158
PortunusTrituberculatus,60,Portunus trituberculatus,Invertebrate,8,SSP1-2.6,5.62819551358025,0.175724764283951,8.79073154333333,0.136538881933333,-0.643310781817756,0.364005676361541,1.0073164581793
PortunusTrituberculatus,60,Portunus trituberculatus,Invertebrate,8,SSP5-8.5,6.07644312345679,0.194306716012346,8.79073154333333,0.136538881933333,-0.532756146005297,0.509023923719146,1.04178006972444
PortunusTrituberculatus,61,Portunus trituberculatus,Invertebrate,8,SSP1-2.6,6.24067232469136,0.181037579333333,8.08034578666667,0.126930238366667,-0.37271556939646,0.51225339864856,0.88496896804502
PortunusTrituberculatus,61,Portunus trituberculatus,Invertebrate,8,SSP5-8.5,6.67803499259259,0.196301637209877,8.08034578666667,0.126930238366667,-0.274993379262122,0.629036404512091,0.904029783774212
PortunusTrituberculatus,62,Portunus trituberculatus,Invertebrate,8,SSP1-2.6,6.5901610691358,0.174369665098765,10.4745796833333,0.106379958666667,-0.668506722150947,0.712922696335348,1.3814294184863
PortunusTrituberculatus,62,Portunus trituberculatus,Invertebrate,8,SSP5-8.5,6.17163978518519,0.201895490271605,10.4745796833333,0.106379958666667,-0.763166588687983,0.924382304110505,1.68754889279849
PortunusTrituberculatus,63,Portunus trituberculatus,Invertebrate,8,SSP1-2.6,6.3430035617284,0.168018291506173,7.71695565333333,0.1266720977,-0.282865662827678,0.407519527886024,0.690385190713702
PortunusTrituberculatus,63,Portunus trituberculatus,Invertebrate,8,SSP5-8.5,6.42196616296296,0.193460629876543,7.71695565333333,0.1266720977,-0.26501675151042,0.610941226860201,0.875957978370621
PortunusTrituberculatus,64,Portunus trituberculatus,Invertebrate,8,SSP1-2.6,6.32407527901235,0.182692841654321,8.39074683333333,0.114231382933333,-0.407944685009949,0.677461048203134,1.08540573321308
PortunusTrituberculatus,64,Portunus trituberculatus,Invertebrate,8,SSP5-8.5,5.94153034938272,0.210479287703704,8.39074683333333,0.114231382933333,-0.497964654736195,0.881719212706729,1.37968386744292
PortunusTrituberculatus,65,Portunus trituberculatus,Invertebrate,8,SSP1-2.6,6.6059975654321,0.184976981864198,8.10852197,0.104393904433333,-0.295662524488377,0.825308280745418,1.12097080523379
PortunusTrituberculatus,65,Portunus trituberculatus,Invertebrate,8,SSP5-8.5,6.18343192345679,0.161809004962963,8.10852197,0.104393904433333,-0.391031178550647,0.632254423270535,1.02328560182118
PortunusTrituberculatus,66,Portunus trituberculatus,Invertebrate,8,SSP1-2.6,6.36537241975309,0.158779652135802,7.55828668333333,0.133963630866667,-0.247814316024367,0.245184657075836,0.492998973100203
PortunusTrituberculatus,66,Portunus trituberculatus,Invertebrate,8,SSP5-8.5,5.69780019382716,0.183244939691358,7.55828668333333,0.133963630866667,-0.407654209381187,0.451931975295089,0.859586184676276
PortunusTrituberculatus,67,Portunus trituberculatus,Invertebrate,8,SSP1-2.6,6.80565397777778,0.14964905691358,8.07139775666667,0.1080512901,-0.246084730762418,0.469866889372797,0.715951620135215
PortunusTrituberculatus,67,Portunus trituberculatus,Invertebrate,8,SSP5-8.5,6.44960895925926,0.185798386049383,8.07139775666667,0.1080512901,-0.323606840111635,0.782021672057685,1.10562851216932
PortunusTrituberculatus,68,Portunus trituberculatus,Invertebrate,8,SSP1-2.6,6.62526040740741,0.165105600098765,8.52235166666667,0.125782464766667,-0.363274423028301,0.39245824355485,0.75573266658315
PortunusTrituberculatus,68,Portunus trituberculatus,Invertebrate,8,SSP5-8.5,6.35864169259259,0.186798303037037,8.52235166666667,0.125782464766667,-0.422532968449391,0.570550537724573,0.993083506173964
PortunusTrituberculatus,69,Portunus trituberculatus,Invertebrate,8,SSP1-2.6,6.45705985432099,0.175920210802469,8.42087156666667,0.1115706838,-0.383092160718948,0.656963242193239,1.04005540291219
PortunusTrituberculatus,69,Portunus trituberculatus,Invertebrate,8,SSP5-8.5,6.73271197901235,0.175372467160494,8.42087156666667,0.1115706838,-0.322781812458499,0.652464271813709,0.975246084272208
PortunusTrituberculatus,70,Portunus trituberculatus,Invertebrate,8,SSP1-2.6,6.06942305555556,0.206902940209877,7.44436630333333,0.144836990433333,-0.2945896616382,0.514524042381113,0.809113704019312
PortunusTrituberculatus,70,Portunus trituberculatus,Invertebrate,8,SSP5-8.5,5.53020621358025,0.192654662950617,7.44436630333333,0.144836990433333,-0.428815768066812,0.411587000450753,0.840402768517564
PortunusTrituberculatus,71,Portunus trituberculatus,Invertebrate,8,SSP1-2.6,6.01066588024691,0.167812672333333,7.84194466,0.1282252293,-0.383686634871987,0.388171513427403,0.77185814829939
PortunusTrituberculatus,71,Portunus trituberculatus,Invertebrate,8,SSP5-8.5,6.09153498148148,0.210069990617284,7.84194466,0.1282252293,-0.364405648019707,0.712189930438059,1.07659557845777
PortunusTrituberculatus,72,Portunus trituberculatus,Invertebrate,8,SSP1-2.6,6.06771812222222,0.162063565395062,8.94424950666667,0.1148159022,-0.559806367537697,0.497237313692983,1.05704368123068
PortunusTrituberculatus,72,Portunus trituberculatus,Invertebrate,8,SSP5-8.5,6.72205466419753,0.18566190108642,8.94424950666667,0.1148159022,-0.412058159035691,0.693355324543293,1.10541348357898
PortunusTrituberculatus,73,Portunus trituberculatus,Invertebrate,8,SSP1-2.6,5.72379828641975,0.187579852567901,7.58828498333333,0.110684517533333,-0.406801030544162,0.761051447158255,1.16785247770242
PortunusTrituberculatus,73,Portunus trituberculatus,Invertebrate,8,SSP5-8.5,6.86655157901235,0.191258219666667,7.58828498333333,0.110684517533333,-0.144188109869438,0.789068318416879,0.933256428286317
PortunusTrituberculatus,74,Portunus trituberculatus,Invertebrate,8,SSP1-2.6,6.1163880617284,0.184498375728395,6.19103433333333,0.120908126133333,-0.0175005168349356,0.609696905097525,0.627197421932461
PortunusTrituberculatus,74,Portunus trituberculatus,Invertebrate,8,SSP5-8.5,5.64213962469136,0.20602383954321,6.19103433333333,0.120908126133333,-0.133938091593241,0.768900074821053,0.902838166414294
PortunusTrituberculatus,75,Portunus trituberculatus,Invertebrate,8,SSP1-2.6,5.96871577901235,0.174333401901235,8.28643806666667,0.120768945866667,-0.473331534600357,0.529599480737833,1.00293101533819
PortunusTrituberculatus,75,Portunus trituberculatus,Invertebrate,8,SSP5-8.5,6.83271759876543,0.188418896098765,8.28643806666667,0.120768945866667,-0.278292590723971,0.641694124335023,0.919986715058993
PortunusTrituberculatus,76,Portunus trituberculatus,Invertebrate,8,SSP1-2.6,6.12870453827161,0.15675038517284,9.63961967333333,0.1059565322,-0.653394071848188,0.564996455749335,1.21839052759752
PortunusTrituberculatus,76,Portunus trituberculatus,Invertebrate,8,SSP5-8.5,6.30939516666667,0.197840840444444,9.63961967333333,0.1059565322,-0.61147451499737,0.900867741216842,1.51234225621421
PortunusTrituberculatus,77,Portunus trituberculatus,Invertebrate,8,SSP1-2.6,6.24715504814815,0.182801137864198,9.06671425666667,0.134949309133333,-0.537380481582094,0.437857459611355,0.975237941193449
PortunusTrituberculatus,77,Portunus trituberculatus,Invertebrate,8,SSP5-8.5,6.20366677407407,0.184692312283951,9.06671425666667,0.134949309133333,-0.547458623150319,0.452706225167517,1.00016484831784
PortunusTrituberculatus,78,Portunus trituberculatus,Invertebrate,8,SSP1-2.6,6.0294919617284,0.179563805320988,7.6850605,0.119632077466667,-0.35002017008719,0.585892297849917,0.935912467937107
PortunusTrituberculatus,78,Portunus trituberculatus,Invertebrate,8,SSP5-8.5,6.41043033827161,0.18245383091358,7.6850605,0.119632077466667,-0.261635407875483,0.608927165486355,0.870562573361838
PortunusTrituberculatus,79,Portunus trituberculatus,Invertebrate,8,SSP1-2.6,6.15407100493827,0.169267368382716,8.26042071333333,0.1278475124,-0.424674172328448,0.404879785589251,0.829553957917699
PortunusTrituberculatus,79,Portunus trituberculatus,Invertebrate,8,SSP5-8.5,5.91491732469136,0.192447647827161,8.26042071333333,0.1278475124,-0.48185725819409,0.590041948520736,1.07189920671483
PortunusTrituberculatus,80,Portunus trituberculatus,Invertebrate,8,SSP1-2.6,6.26299087901235,0.174496161074074,7.39064497333333,0.139881030133333,-0.238848494347788,0.318994971703871,0.557843466051658
PortunusTrituberculatus,80,Portunus trituberculatus,Invertebrate,8,SSP5-8.5,6.37240323333333,0.188399723617284,7.39064497333333,0.139881030133333,-0.213862711551112,0.429596522812715,0.643459234363827
PortunusTrituberculatus,81,Portunus trituberculatus,Invertebrate,8,SSP1-2.6,5.91514567654321,0.186485876444444,8.22172854666667,0.116926424266667,-0.475028040546237,0.673465369581746,1.14849341012798
PortunusTrituberculatus,81,Portunus trituberculatus,Invertebrate,8,SSP5-8.5,5.99025167654321,0.191216705839506,8.22172854666667,0.116926424266667,-0.456825121651449,0.709607569167634,1.16643269081908
PortunusTrituberculatus,82,Portunus trituberculatus,Invertebrate,8,SSP1-2.6,6.34181218518519,0.160988664641975,7.93736870333333,0.135973701466667,-0.323765670310399,0.24363146215242,0.567397132462819
PortunusTrituberculatus,82,Portunus trituberculatus,Invertebrate,8,SSP5-8.5,6.30647185185185,0.201257461123457,7.93736870333333,0.135973701466667,-0.331827705630548,0.565714620279238,0.897542325909786
PortunusTrituberculatus,83,Portunus trituberculatus,Invertebrate,8,SSP1-2.6,6.37391005925926,0.169457411160494,7.29691669333333,0.1180608195,-0.195108321315683,0.521392472797593,0.716500794113275
PortunusTrituberculatus,83,Portunus trituberculatus,Invertebrate,8,SSP5-8.5,6.75113488518519,0.199936366283951,7.29691669333333,0.1180608195,-0.112156939311356,0.760010645562574,0.87216758487393
PortunusTrituberculatus,84,Portunus trituberculatus,Invertebrate,8,SSP1-2.6,6.72070656419753,0.165401069777778,7.97919143666667,0.157320058033333,-0.247629644794684,0.0722659419888189,0.319895586783502
PortunusTrituberculatus,84,Portunus trituberculatus,Invertebrate,8,SSP5-8.5,6.07299869012346,0.197777399580247,7.97919143666667,0.157320058033333,-0.393833501789254,0.330174952277473,0.724008454066727
PortunusTrituberculatus,85,Portunus trituberculatus,Invertebrate,8,SSP1-2.6,7.34832855925926,0.176709782358025,7.33882377,0.124354752166667,0.00186728018282909,0.506920266667924,0.505052986485095
PortunusTrituberculatus,85,Portunus trituberculatus,Invertebrate,8,SSP5-8.5,6.11393980864198,0.190715289728395,7.33882377,0.124354752166667,-0.263446504593231,0.616958869164183,0.880405373757415
PortunusTrituberculatus,86,Portunus trituberculatus,Invertebrate,8,SSP1-2.6,6.20932777901235,0.162032261407407,7.97016144333333,0.113604244466667,-0.360171856766984,0.512264351644774,0.872436208411758
PortunusTrituberculatus,86,Portunus trituberculatus,Invertebrate,8,SSP5-8.5,5.98773768024691,0.181576908,7.97016144333333,0.113604244466667,-0.412597928653785,0.676564002266779,1.08916193092056
PortunusTrituberculatus,87,Portunus trituberculatus,Invertebrate,8,SSP1-2.6,6.05338695555556,0.187534940481481,7.50895187333333,0.1352144787,-0.310868968640772,0.471909772710263,0.782778741351035
PortunusTrituberculatus,87,Portunus trituberculatus,Invertebrate,8,SSP5-8.5,5.84418552098765,0.175277734493827,7.50895187333333,0.1352144787,-0.361609568639407,0.374393099418261,0.736002668057668
PortunusTrituberculatus,88,Portunus trituberculatus,Invertebrate,8,SSP1-2.6,6.40588224938272,0.183426210320988,8.74290458666667,0.111242192833333,-0.448715375369427,0.721495715846515,1.17021109121594
PortunusTrituberculatus,88,Portunus trituberculatus,Invertebrate,8,SSP5-8.5,6.26469711481482,0.19162360762963,8.74290458666667,0.111242192833333,-0.48086789472237,0.784571220214436,1.26543911493681
PortunusTrituberculatus,89,Portunus trituberculatus,Invertebrate,8,SSP1-2.6,6.33407288641975,0.169207521259259,8.95691367666667,0.122890569966667,-0.499868233494432,0.46141948309413,0.961287716588561
PortunusTrituberculatus,89,Portunus trituberculatus,Invertebrate,8,SSP5-8.5,6.31280824938272,0.190971814901235,8.95691367666667,0.122890569966667,-0.504719771985395,0.635985515414702,1.1407052874001
PortunusTrituberculatus,90,Portunus trituberculatus,Invertebrate,8,SSP1-2.6,6.11014974074074,0.161596384246914,7.26222294666667,0.124169406133333,-0.249203484405398,0.380085163424089,0.629288647829487
PortunusTrituberculatus,90,Portunus trituberculatus,Invertebrate,8,SSP5-8.5,6.74265848024691,0.180930266839506,7.26222294666667,0.124169406133333,-0.107093694709747,0.54312401432647,0.650217709036217
PortunusTrituberculatus,91,Portunus trituberculatus,Invertebrate,8,SSP1-2.6,6.21128244197531,0.166913825197531,7.54942206,0.118325246666667,-0.281475032198731,0.496345526113385,0.777820558312117
PortunusTrituberculatus,91,Portunus trituberculatus,Invertebrate,8,SSP5-8.5,6.06420801975309,0.207487600283951,7.54942206,0.118325246666667,-0.316046961352316,0.810267192199773,1.12631415355209
PortunusTrituberculatus,92,Portunus trituberculatus,Invertebrate,8,SSP1-2.6,5.6418852345679,0.181482229222222,8.13891482,0.1242865973,-0.528659130128297,0.54615755733644,1.07481668746474
PortunusTrituberculatus,92,Portunus trituberculatus,Invertebrate,8,SSP5-8.5,6.79046910123457,0.185596473790123,8.13891482,0.1242865973,-0.261325206900684,0.578498571676131,0.839823778576815
PortunusTrituberculatus,93,Portunus trituberculatus,Invertebrate,8,SSP1-2.6,6.54557255925926,0.170175504271605,8.79988176,0.103460998366667,-0.426964744845675,0.71793636651284,1.14490111135852
PortunusTrituberculatus,93,Portunus trituberculatus,Invertebrate,8,SSP5-8.5,6.54644905925926,0.197926919012346,8.79988176,0.103460998366667,-0.426771570370094,0.935880820906817,1.36265239127691
PortunusTrituberculatus,94,Portunus trituberculatus,Invertebrate,8,SSP1-2.6,6.3361732,0.176285816222222,7.30267859333333,0.114382693133333,-0.204813963657196,0.624047622331522,0.828861585988718
PortunusTrituberculatus,94,Portunus trituberculatus,Invertebrate,8,SSP5-8.5,5.91633702098766,0.193188066604938,7.30267859333333,0.114382693133333,-0.303721498710817,0.756137201179352,1.05985869989017
PortunusTrituberculatus,95,Portunus trituberculatus,Invertebrate,8,SSP1-2.6,6.42055665061728,0.186092855185185,8.83953227666667,0.109863761633333,-0.461271652963197,0.760307071537375,1.22157872450057
PortunusTrituberculatus,95,Portunus trituberculatus,Invertebrate,8,SSP5-8.5,6.17194534197531,0.199293552024691,8.83953227666667,0.109863761633333,-0.518244749149723,0.859179439391784,1.37742418854151
PortunusTrituberculatus,96,Portunus trituberculatus,Invertebrate,8,SSP1-2.6,5.90647351604938,0.175070995950617,8.16542181666667,0.1286422379,-0.467230395222744,0.444575682556369,0.911806077779113
PortunusTrituberculatus,96,Portunus trituberculatus,Invertebrate,8,SSP5-8.5,6.96148216296296,0.187688462432099,8.16542181666667,0.1286422379,-0.230132914050504,0.544975558262479,0.775108472312983
PortunusTrituberculatus,97,Portunus trituberculatus,Invertebrate,8,SSP1-2.6,6.57391691358025,0.176671265765432,6.91133331333333,0.1251185741,-0.0722108351886799,0.497771439281537,0.569982274470217
PortunusTrituberculatus,97,Portunus trituberculatus,Invertebrate,8,SSP5-8.5,6.81733979382716,0.199633582345679,6.91133331333333,0.1251185741,-0.0197551653051974,0.674058454800545,0.693813620105742
PortunusTrituberculatus,98,Portunus trituberculatus,Invertebrate,8,SSP1-2.6,5.9301408691358,0.174262913790123,7.64071376666667,0.120934190133333,-0.365641039618551,0.527043394824377,0.892684434442928
PortunusTrituberculatus,98,Portunus trituberculatus,Invertebrate,8,SSP5-8.5,6.11495931728395,0.193640999617284,7.64071376666667,0.120934190133333,-0.321364515126554,0.679162270386331,1.00052678551288
PortunusTrituberculatus,99,Portunus trituberculatus,Invertebrate,8,SSP1-2.6,6.38800944814815,0.179734638271605,8.07380089333333,0.123456764566667,-0.337881562633223,0.541862582084983,0.879744144718206
PortunusTrituberculatus,99,Portunus trituberculatus,Invertebrate,8,SSP5-8.5,7.01735004938272,0.174756162135802,8.07380089333333,0.123456764566667,-0.202321678432082,0.501337439614859,0.70365911804694
PortunusTrituberculatus,100,Portunus trituberculatus,Invertebrate,8,SSP1-2.6,5.93476360617284,0.175153675259259,8.02336938666667,0.125772726033333,-0.435017653297226,0.477802154626173,0.9128198079234
PortunusTrituberculatus,100,Portunus trituberculatus,Invertebrate,8,SSP5-8.5,6.12099358641975,0.194810307691358,8.02336938666667,0.125772726033333,-0.390442362312769,0.63125090851177,1.02169327082454
ScomberJaponicus,1,Scomber japonicus,Mid-trophic species,9,SSP1-2.6,7.3601321267284,1.29422974616049,7.19187999766667,1.09553259163333,0.0333627167930104,0.24046133661573,0.20709861982272
ScomberJaponicus,1,Scomber japonicus,Mid-trophic species,9,SSP5-8.5,7.52773246302469,1.57305580142593,7.19187999766667,1.09553259163333,0.065846406814653,0.521937444228813,0.456091037414161
ScomberJaponicus,2,Scomber japonicus,Mid-trophic species,9,SSP1-2.6,7.39412816117284,1.2922503138642,7.05862829866667,1.060290097,0.066992197535236,0.285426510311414,0.218434312776178
ScomberJaponicus,2,Scomber japonicus,Mid-trophic species,9,SSP5-8.5,7.60160564751029,1.56241825826132,7.05862829866667,1.060290097,0.106916331496822,0.559321671246648,0.452405339749826
ScomberJaponicus,3,Scomber japonicus,Mid-trophic species,9,SSP1-2.6,7.37444230135803,1.24679141621605,7.12473330183333,1.0687861228,0.0496979372423574,0.222246946604131,0.172549009361774
ScomberJaponicus,3,Scomber japonicus,Mid-trophic species,9,SSP5-8.5,7.54938622759259,1.58897645710494,7.12473330183333,1.0687861228,0.0835233455303029,0.572124568327765,0.488601222797462
ScomberJaponicus,4,Scomber japonicus,Mid-trophic species,9,SSP1-2.6,7.38935764944444,1.23501716577161,7.19472061883333,1.10323801148333,0.0385102914066589,0.162787024163814,0.124276732757155
ScomberJaponicus,4,Scomber japonicus,Mid-trophic species,9,SSP5-8.5,7.54695561320988,1.55574987176543,7.19472061883333,1.10323801148333,0.0689561229757849,0.495866057192441,0.426909934216656
ScomberJaponicus,5,Scomber japonicus,Mid-trophic species,9,SSP1-2.6,7.37931364166667,1.24823551640123,7.18633071433333,1.0682773944,0.0382313062513712,0.224603853519978,0.186372547268607
ScomberJaponicus,5,Scomber japonicus,Mid-trophic species,9,SSP5-8.5,7.54818954382716,1.59081634114815,7.18633071433333,1.0682773944,0.0708753215733979,0.574480973669371,0.503605652095973
ScomberJaponicus,6,Scomber japonicus,Mid-trophic species,9,SSP1-2.6,7.33166082907408,1.21351053202469,7.12489420066667,1.05696764931667,0.0412714553316205,0.199255408926603,0.157983953594982
ScomberJaponicus,6,Scomber japonicus,Mid-trophic species,9,SSP5-8.5,7.56753783808642,1.52105159666667,7.12489420066667,1.05696764931667,0.0869553922369143,0.525137871843461,0.438182479606547
ScomberJaponicus,7,Scomber japonicus,Mid-trophic species,9,SSP1-2.6,7.29557633641975,1.27998755048765,7.24062630383333,1.1241546543,0.0109074589966183,0.187289251898504,0.176381792901885
ScomberJaponicus,7,Scomber japonicus,Mid-trophic species,9,SSP5-8.5,7.57365250253086,1.52079178132305,7.24062630383333,1.1241546543,0.0648747346415883,0.435982114149662,0.371107379508074
ScomberJaponicus,8,Scomber japonicus,Mid-trophic species,9,SSP1-2.6,7.39765062524691,1.28263805548354,7.19477295433333,1.06474956906667,0.0401180062470309,0.268599971259138,0.228481965012107
ScomberJaponicus,8,Scomber japonicus,Mid-trophic species,9,SSP5-8.5,7.5459720963786,1.55195952519547,7.19477295433333,1.06474956906667,0.0687576048230346,0.54357678681762,0.474819181994586
ScomberJaponicus,9,Scomber japonicus,Mid-trophic species,9,SSP1-2.6,7.37360660290123,1.27075578297531,7.12435921466667,1.06421282464333,0.0496101878695576,0.255900101835634,0.206289913966076
ScomberJaponicus,9,Scomber japonicus,Mid-trophic species,9,SSP5-8.5,7.54801181479424,1.61003001933333,7.12435921466667,1.06421282464333,0.0833364213063035,0.59730089352485,0.513964472218547
ScomberJaponicus,10,Scomber japonicus,Mid-trophic species,9,SSP1-2.6,7.41827707654321,1.27397545528189,7.17949013716667,1.08846011735,0.0472027618455739,0.227048936353522,0.179846174507948
ScomberJaponicus,10,Scomber japonicus,Mid-trophic species,9,SSP5-8.5,7.51222307144033,1.57115056329218,7.17949013716667,1.08846011735,0.0653585112653916,0.529532894463689,0.464174383198297
ScomberJaponicus,11,Scomber japonicus,Mid-trophic species,9,SSP1-2.6,7.39254871530864,1.22120315766049,7.22376267333333,1.10469661146667,0.0333213495673481,0.14465301580628,0.111331666238932
ScomberJaponicus,11,Scomber japonicus,Mid-trophic species,9,SSP5-8.5,7.55845676858025,1.54498434840947,7.22376267333333,1.10469661146667,0.0653412095403161,0.483942013636254,0.418600804095938
ScomberJaponicus,12,Scomber japonicus,Mid-trophic species,9,SSP1-2.6,7.37851714203704,1.29397631162346,7.23310494216667,1.08785332736667,0.0287158242206191,0.250327152036678,0.221611327816059
ScomberJaponicus,12,Scomber japonicus,Mid-trophic species,9,SSP5-8.5,7.51725972335391,1.60180970090741,7.23310494216667,1.08785332736667,0.0555917669131162,0.558218707446617,0.502626940533501
ScomberJaponicus,13,Scomber japonicus,Mid-trophic species,9,SSP1-2.6,7.37858292283951,1.25539189918519,7.20378247783333,1.08896861455,0.0345891504017896,0.205175430253952,0.170586279852162
ScomberJaponicus,13,Scomber japonicus,Mid-trophic species,9,SSP5-8.5,7.50909801658436,1.56059955919959,7.20378247783333,1.08896861455,0.059885004498578,0.519138023255246,0.459253018756668
ScomberJaponicus,14,Scomber japonicus,Mid-trophic species,9,SSP1-2.6,7.4707685537037,1.2878560116358,7.133451921,1.08426283703333,0.0666562930010567,0.248256778410769,0.181600485409713
ScomberJaponicus,14,Scomber japonicus,Mid-trophic species,9,SSP5-8.5,7.57999351154321,1.59063513843416,7.133451921,1.08426283703333,0.0875962388639638,0.552888422745494,0.46529218388153
ScomberJaponicus,15,Scomber japonicus,Mid-trophic species,9,SSP1-2.6,7.40445786895062,1.2614817297428,7.07542111283333,1.10371698196667,0.0655780934015226,0.192749031811769,0.127170938410246
ScomberJaponicus,15,Scomber japonicus,Mid-trophic species,9,SSP5-8.5,7.52282650925926,1.58900609290123,7.07542111283333,1.10371698196667,0.0884588030480294,0.525754376728719,0.43729557368069
ScomberJaponicus,16,Scomber japonicus,Mid-trophic species,9,SSP1-2.6,7.3679813945679,1.25328108487407,7.11881795966667,1.05769213265,0.04963170882986,0.244790260808263,0.195158551978403
ScomberJaponicus,16,Scomber japonicus,Mid-trophic species,9,SSP5-8.5,7.46745349493827,1.56908957126543,7.11881795966667,1.05769213265,0.068978638343269,0.569007954082155,0.500029315738886
ScomberJaponicus,17,Scomber japonicus,Mid-trophic species,9,SSP1-2.6,7.3901920437037,1.30268528401235,7.2448051105,1.12991576095,0.028664974193385,0.205273366185506,0.176608391992121
ScomberJaponicus,17,Scomber japonicus,Mid-trophic species,9,SSP5-8.5,7.48902435331276,1.58064157177161,7.2448051105,1.12991576095,0.0478309001619031,0.484295038635457,0.436464138473554
ScomberJaponicus,18,Scomber japonicus,Mid-trophic species,9,SSP1-2.6,7.40118971080247,1.2805107293642,7.1482633815,1.06780691281667,0.0501644044647351,0.262068547358436,0.2119041428937
ScomberJaponicus,18,Scomber japonicus,Mid-trophic species,9,SSP5-8.5,7.51992392146091,1.56102075236214,7.1482633815,1.06780691281667,0.0731252741214674,0.547838922842222,0.474713648720755
ScomberJaponicus,19,Scomber japonicus,Mid-trophic species,9,SSP1-2.6,7.426848191893,1.3186908618893,7.25361309383333,1.10540931011333,0.0340502949617746,0.254525727500692,0.220475432538918
ScomberJaponicus,19,Scomber japonicus,Mid-trophic species,9,SSP5-8.5,7.56092520421811,1.61110609945473,7.25361309383333,1.10540931011333,0.0598629885250939,0.543470837352655,0.483607848827561
ScomberJaponicus,20,Scomber japonicus,Mid-trophic species,9,SSP1-2.6,7.36985674847737,1.25145287243827,7.29261702433333,1.03891386418333,0.0151999450425676,0.268527916543441,0.253327971500873
ScomberJaponicus,20,Scomber japonicus,Mid-trophic species,9,SSP5-8.5,7.64397737397119,1.56564659171605,7.29261702433333,1.03891386418333,0.067886875792839,0.591682548452328,0.523795672659489
ScomberJaponicus,21,Scomber japonicus,Mid-trophic species,9,SSP1-2.6,7.3949417404321,1.28636014290741,7.18947984183333,1.07136787827333,0.0406513857905624,0.263840664317306,0.223189278526744
ScomberJaponicus,21,Scomber japonicus,Mid-trophic species,9,SSP5-8.5,7.54700253893004,1.58721397421605,7.18947984183333,1.07136787827333,0.0700163639587152,0.567042685760083,0.497026321801368
ScomberJaponicus,22,Scomber japonicus,Mid-trophic species,9,SSP1-2.6,7.33366180641975,1.25901532075309,7.137195754,1.06360679256667,0.0391763950996221,0.243330943190486,0.204154548090864
ScomberJaponicus,22,Scomber japonicus,Mid-trophic species,9,SSP5-8.5,7.50805940899177,1.56134993675309,7.137195754,1.06360679256667,0.0730827235665461,0.553829020946221,0.480746297379675
ScomberJaponicus,23,Scomber japonicus,Mid-trophic species,9,SSP1-2.6,7.40312091716049,1.29675520190741,7.15609466116667,1.05853923795,0.0489611211473027,0.292831408874748,0.243870287727445
ScomberJaponicus,23,Scomber japonicus,Mid-trophic species,9,SSP5-8.5,7.53099459697531,1.61511661554115,7.15609466116667,1.05853923795,0.0736679385429252,0.609563586763035,0.53589564822011
ScomberJaponicus,24,Scomber japonicus,Mid-trophic species,9,SSP1-2.6,7.35477171771605,1.26326231739506,7.18181474266667,1.10074260145,0.0343321241718069,0.198677099619537,0.16434497544773
ScomberJaponicus,24,Scomber japonicus,Mid-trophic species,9,SSP5-8.5,7.61737577639918,1.54648961859259,7.18181474266667,1.10074260145,0.0849456290621442,0.490520001460902,0.405574372398757
ScomberJaponicus,25,Scomber japonicus,Mid-trophic species,9,SSP1-2.6,7.40239205851852,1.25654603123457,7.10873841666667,1.05946620817667,0.0583979998359232,0.246125949161916,0.187727949325993
ScomberJaponicus,25,Scomber japonicus,Mid-trophic species,9,SSP5-8.5,7.53294600302469,1.59100441567901,7.10873841666667,1.05946620817667,0.0836206395927631,0.586600266252003,0.50297962665924
ScomberJaponicus,26,Scomber japonicus,Mid-trophic species,9,SSP1-2.6,7.36539535697531,1.25036063025926,7.0178094585,1.03778176161667,0.0697421903295134,0.268841171722955,0.199098981393442
ScomberJaponicus,26,Scomber japonicus,Mid-trophic species,9,SSP5-8.5,7.50400694687243,1.56284063725309,7.0178094585,1.03778176161667,0.0966403859737726,0.590667587604289,0.494027201630517
ScomberJaponicus,27,Scomber japonicus,Mid-trophic species,9,SSP1-2.6,7.39305738932099,1.24955038309259,7.11107347416667,1.05415028051667,0.05610374964807,0.245328520062465,0.189224770414395
ScomberJaponicus,27,Scomber japonicus,Mid-trophic species,9,SSP5-8.5,7.55271485656379,1.57583632957613,7.11107347416667,1.05415028051667,0.0869279579471857,0.580037147139984,0.493109189192798
ScomberJaponicus,28,Scomber japonicus,Mid-trophic species,9,SSP1-2.6,7.45914987831276,1.26136540767695,7.13624670933333,1.06126790866667,0.0638457234713186,0.249197374514724,0.185351651043405
ScomberJaponicus,28,Scomber japonicus,Mid-trophic species,9,SSP5-8.5,7.55445125880658,1.56382380388395,7.13624670933333,1.06126790866667,0.082161472564749,0.559289074119407,0.477127601554658
ScomberJaponicus,29,Scomber japonicus,Mid-trophic species,9,SSP1-2.6,7.36267341018519,1.25709352211111,7.219272104,1.09424365338333,0.0283763264370711,0.200157967416029,0.171781640978958
ScomberJaponicus,29,Scomber japonicus,Mid-trophic species,9,SSP5-8.5,7.6001146391358,1.55573560664198,7.219272104,1.09424365338333,0.0741677980020177,0.507662882392559,0.433495084390542
ScomberJaponicus,30,Scomber japonicus,Mid-trophic species,9,SSP1-2.6,7.32976132648148,1.25465728645062,7.139022205,1.05639825076667,0.0380397324311581,0.24813952360153,0.210099791170372
ScomberJaponicus,30,Scomber japonicus,Mid-trophic species,9,SSP5-8.5,7.6198623627572,1.58408094182099,7.139022205,1.05639825076667,0.0940384493195043,0.584492236985146,0.490453787665642
ScomberJaponicus,31,Scomber japonicus,Mid-trophic species,9,SSP1-2.6,7.35760874092593,1.25443320464815,7.18632433866667,1.05792658619,0.0339829098459124,0.245796136506085,0.211813226660172
ScomberJaponicus,31,Scomber japonicus,Mid-trophic species,9,SSP5-8.5,7.61177155090535,1.58382331296708,7.18632433866667,1.05792658619,0.0829782136034233,0.58217188477415,0.499193671170727
ScomberJaponicus,32,Scomber japonicus,Mid-trophic species,9,SSP1-2.6,7.4350110737037,1.20211272398765,7.11668551033333,1.07655254826667,0.0631294070223376,0.159153444663345,0.0960240376410078
ScomberJaponicus,32,Scomber japonicus,Mid-trophic species,9,SSP5-8.5,7.55713465026749,1.5751700930823,7.11668551033333,1.07655254826667,0.0866338444294934,0.549088883431577,0.462455039002084
ScomberJaponicus,33,Scomber japonicus,Mid-trophic species,9,SSP1-2.6,7.37492427580247,1.24088989524691,7.1707034015,1.07513373638333,0.0405135908451155,0.206858981645857,0.166345390800741
ScomberJaponicus,33,Scomber japonicus,Mid-trophic species,9,SSP5-8.5,7.54653686884774,1.55651034896296,7.1707034015,1.07513373638333,0.0737000933962443,0.533799040582753,0.460098947186508
ScomberJaponicus,34,Scomber japonicus,Mid-trophic species,9,SSP1-2.6,7.46722063160494,1.23683774910494,7.1036304075,1.1676771505,0.0720148363989691,0.0830148165310954,0.0109999801321262
ScomberJaponicus,34,Scomber japonicus,Mid-trophic species,9,SSP5-8.5,7.49422613635803,1.60302441750617,7.1036304075,1.1676771505,0.0772229891532123,0.457154960483408,0.379931971330196
ScomberJaponicus,35,Scomber japonicus,Mid-trophic species,9,SSP1-2.6,7.38388234226338,1.27751094113169,7.2537763195,1.07298004762667,0.0256473062440961,0.251712398038755,0.226065091794659
ScomberJaponicus,35,Scomber japonicus,Mid-trophic species,9,SSP5-8.5,7.63007601588477,1.53963582780864,7.2537763195,1.07298004762667,0.0729651717750371,0.520965899604489,0.448000727829452
ScomberJaponicus,36,Scomber japonicus,Mid-trophic species,9,SSP1-2.6,7.39408675345679,1.29034291251235,7.17371440866667,1.02947672347667,0.0436516589092524,0.325843306223942,0.282191647314689
ScomberJaponicus,36,Scomber japonicus,Mid-trophic species,9,SSP5-8.5,7.60444545841564,1.60487057885597,7.17371440866667,1.02947672347667,0.0841227340501298,0.640545748244927,0.556423014194798
ScomberJaponicus,37,Scomber japonicus,Mid-trophic species,9,SSP1-2.6,7.37785540450617,1.29020496927572,7.15532849983333,1.0383892901,0.0441835121947748,0.313252869933758,0.269069357738983
ScomberJaponicus,37,Scomber japonicus,Mid-trophic species,9,SSP5-8.5,7.56170652967078,1.57876045004733,7.15532849983333,1.0383892901,0.0796938569819447,0.604444874819568,0.524751017837623
ScomberJaponicus,38,Scomber japonicus,Mid-trophic species,9,SSP1-2.6,7.3930102554321,1.2648586483963,7.2828192195,1.04864317886667,0.0216648808596201,0.270452312082185,0.248787431222565
ScomberJaponicus,38,Scomber japonicus,Mid-trophic species,9,SSP5-8.5,7.55580467890947,1.58422623982099,7.2828192195,1.04864317886667,0.0530883741095311,0.59525452168409,0.542166147574559
ScomberJaponicus,39,Scomber japonicus,Mid-trophic species,9,SSP1-2.6,7.41190076376543,1.24916002316667,7.12400638533333,1.13305947426667,0.0571547560372319,0.140734714504162,0.0835799584669303
ScomberJaponicus,39,Scomber japonicus,Mid-trophic species,9,SSP5-8.5,7.57069429522634,1.51454147945473,7.12400638533333,1.13305947426667,0.0877368037898043,0.41865750026048,0.330920696470675
ScomberJaponicus,40,Scomber japonicus,Mid-trophic species,9,SSP1-2.6,7.34125701518519,1.26268504320988,7.10747517683333,1.12892602898333,0.0466899561028327,0.161543867570773,0.114853911467941
ScomberJaponicus,40,Scomber japonicus,Mid-trophic species,9,SSP5-8.5,7.5777825554321,1.60081081857202,7.10747517683333,1.12892602898333,0.09243858705149,0.503851863392025,0.411413276340535
ScomberJaponicus,41,Scomber japonicus,Mid-trophic species,9,SSP1-2.6,7.41755199234568,1.23172780878395,7.24125460566667,1.07480530867667,0.034703456623298,0.196608127574312,0.161904670951014
ScomberJaponicus,41,Scomber japonicus,Mid-trophic species,9,SSP5-8.5,7.55826393351852,1.58948352043621,7.24125460566667,1.07480530867667,0.0618152206893847,0.564482706635635,0.502667485946251
ScomberJaponicus,42,Scomber japonicus,Mid-trophic species,9,SSP1-2.6,7.48550486374486,1.30063138028395,7.19898819133333,1.05832076176667,0.0563054710344762,0.297435183360548,0.241129712326072
ScomberJaponicus,42,Scomber japonicus,Mid-trophic species,9,SSP5-8.5,7.47404236240741,1.61063970195679,7.19898819133333,1.05832076176667,0.0540945890041484,0.605856847300335,0.551762258296187
ScomberJaponicus,43,Scomber japonicus,Mid-trophic species,9,SSP1-2.6,7.37131044901235,1.26702818007407,7.195338175,1.09536139696667,0.0348586259859691,0.21004166941814,0.175183043432171
ScomberJaponicus,43,Scomber japonicus,Mid-trophic species,9,SSP5-8.5,7.55634065388889,1.59797252476543,7.195338175,1.09536139696667,0.0706252485236086,0.544835660543942,0.474210412020334
ScomberJaponicus,44,Scomber japonicus,Mid-trophic species,9,SSP1-2.6,7.36951628345679,1.27066238818519,7.023006938,1.03503883147333,0.0694810671439013,0.295895866577278,0.226414799433377
ScomberJaponicus,44,Scomber japonicus,Mid-trophic species,9,SSP5-8.5,7.51478076106996,1.53972503776646,7.023006938,1.03503883147333,0.0976421546446813,0.57298784496699,0.475345690322309
ScomberJaponicus,45,Scomber japonicus,Mid-trophic species,9,SSP1-2.6,7.3886244040535,1.28824079220988,7.16783023083333,1.05528997343333,0.0437693242042675,0.287762802446401,0.243993478242134
ScomberJaponicus,45,Scomber japonicus,Mid-trophic species,9,SSP5-8.5,7.51553576769547,1.54169734920782,7.16783023083333,1.05528997343333,0.0683394869389068,0.546880099092387,0.478540612153481
ScomberJaponicus,46,Scomber japonicus,Mid-trophic species,9,SSP1-2.6,7.4244902053498,1.25211137064198,7.17018934833333,1.08791628085,0.0502807504948455,0.202795350144956,0.152514599650111
ScomberJaponicus,46,Scomber japonicus,Mid-trophic species,9,SSP5-8.5,7.54072699131687,1.6157660929321,7.17018934833333,1.08791628085,0.0726924007687091,0.570650820660063,0.497958419891354
ScomberJaponicus,47,Scomber japonicus,Mid-trophic species,9,SSP1-2.6,7.37469044518519,1.26093523710494,7.14243830066667,1.07531602536667,0.0461658244617125,0.22973346253922,0.183567638077508
ScomberJaponicus,47,Scomber japonicus,Mid-trophic species,9,SSP5-8.5,7.51550390144033,1.55721105267078,7.14243830066667,1.07531602536667,0.0734531689534966,0.534203772931358,0.460750603977862
ScomberJaponicus,48,Scomber japonicus,Mid-trophic species,9,SSP1-2.6,7.40241329746914,1.2931604084465,7.053618808,1.08027805776667,0.0696320759146768,0.259498541390951,0.189866465476274
ScomberJaponicus,48,Scomber japonicus,Mid-trophic species,9,SSP5-8.5,7.59094258981482,1.59554917035494,7.053618808,1.08027805776667,0.105915428801044,0.562650366983088,0.456734938182043
ScomberJaponicus,49,Scomber japonicus,Mid-trophic species,9,SSP1-2.6,7.36174121407407,1.33357131211111,7.12723957966667,1.10268422513333,0.0467036149502383,0.274275267842728,0.22757165289249
ScomberJaponicus,49,Scomber japonicus,Mid-trophic species,9,SSP5-8.5,7.50536197781893,1.58914879001852,7.12723957966667,1.10268422513333,0.0745782327214836,0.527234502186023,0.452656269464539
ScomberJaponicus,50,Scomber japonicus,Mid-trophic species,9,SSP1-2.6,7.39444285067901,1.2604411418251,7.17950649433333,1.0839006256,0.042556769295954,0.217696257685957,0.175139488390003
ScomberJaponicus,50,Scomber japonicus,Mid-trophic species,9,SSP5-8.5,7.50565144580247,1.57256018179424,7.17950649433333,1.0839006256,0.0640926152754251,0.536882736731854,0.472790121456428
ScomberJaponicus,51,Scomber japonicus,Mid-trophic species,9,SSP1-2.6,7.44363080388889,1.2704004769321,7.11285149716667,1.14035636751667,0.0655784579211063,0.15579861437398,0.0902201564528733
ScomberJaponicus,51,Scomber japonicus,Mid-trophic species,9,SSP5-8.5,7.67454074915638,1.53388821883951,7.11285149716667,1.14035636751667,0.10965237788307,0.427708606323433,0.318056228440363
ScomberJaponicus,52,Scomber japonicus,Mid-trophic species,9,SSP1-2.6,7.39724395166667,1.2776677122963,7.155144098,1.11806923555,0.0480070330202691,0.192503149411356,0.144496116391087
ScomberJaponicus,52,Scomber japonicus,Mid-trophic species,9,SSP5-8.5,7.6138418191358,1.58776384554321,7.155144098,1.11806923555,0.0896437758052264,0.505986821949948,0.416343046144722
ScomberJaponicus,53,Scomber japonicus,Mid-trophic species,9,SSP1-2.6,7.3695545673251,1.3084645207284,7.25218457683333,1.08757437155,0.0231617783030452,0.266760745872187,0.243598967569141
ScomberJaponicus,53,Scomber japonicus,Mid-trophic species,9,SSP5-8.5,7.55752959895062,1.51838292954938,7.25218457683333,1.08757437155,0.059499080281426,0.481421617949142,0.421922537667716
ScomberJaponicus,54,Scomber japonicus,Mid-trophic species,9,SSP1-2.6,7.33367832148148,1.24002961728395,7.15450114766667,1.04406681921667,0.035685808641072,0.248160532955962,0.21247472431489
ScomberJaponicus,54,Scomber japonicus,Mid-trophic species,9,SSP5-8.5,7.59484114903292,1.50667175729424,7.15450114766667,1.04406681921667,0.086168612561072,0.529151100514761,0.442982487953689
ScomberJaponicus,55,Scomber japonicus,Mid-trophic species,9,SSP1-2.6,7.43348480018519,1.28515807708642,7.15798338283333,1.13212056775,0.0544855068255964,0.182918215355381,0.128432708529784
ScomberJaponicus,55,Scomber japonicus,Mid-trophic species,9,SSP5-8.5,7.52712387016461,1.55844917325514,7.15798338283333,1.13212056775,0.0725455188241029,0.461083494717335,0.388537975893232
ScomberJaponicus,56,Scomber japonicus,Mid-trophic species,9,SSP1-2.6,7.40333541216049,1.27802347728395,7.11152468516667,1.09461171529,0.0580164905495972,0.223495136369322,0.165478645819725
ScomberJaponicus,56,Scomber japonicus,Mid-trophic species,9,SSP5-8.5,7.57407585578189,1.58708023493621,7.11152468516667,1.09461171529,0.0909109685499209,0.535955863092235,0.445044894542314
ScomberJaponicus,57,Scomber japonicus,Mid-trophic species,9,SSP1-2.6,7.4534554881893,1.30284558322634,7.11364420316667,1.07922566651667,0.067320608697927,0.271669537452377,0.20434892875445
ScomberJaponicus,57,Scomber japonicus,Mid-trophic species,9,SSP5-8.5,7.50043571355967,1.63014103873251,7.11364420316667,1.07922566651667,0.0763855885404328,0.595000226406822,0.51861463786639
ScomberJaponicus,58,Scomber japonicus,Mid-trophic species,9,SSP1-2.6,7.41521940713992,1.25587490234156,7.269555064,1.05321404023333,0.0286223147423119,0.253894105610913,0.225271790868601
ScomberJaponicus,58,Scomber japonicus,Mid-trophic species,9,SSP5-8.5,7.55928748261317,1.51604424390947,7.269555064,1.05321404023333,0.0563831903127906,0.525513198456409,0.469130008143619
ScomberJaponicus,59,Scomber japonicus,Mid-trophic species,9,SSP1-2.6,7.39575648765432,1.24035960616049,7.19809938016667,1.08690357658333,0.0390817025214761,0.190534489696279,0.151452787174803
ScomberJaponicus,59,Scomber japonicus,Mid-trophic species,9,SSP5-8.5,7.5443769204321,1.58208503003086,7.19809938016667,1.08690357658333,0.0677857346100022,0.541603181344056,0.473817446734054
ScomberJaponicus,60,Scomber japonicus,Mid-trophic species,9,SSP1-2.6,7.45826413668724,1.28407629060288,7.234481273,1.1192340291,0.0439503151979519,0.198219187733574,0.154268872535622
ScomberJaponicus,60,Scomber japonicus,Mid-trophic species,9,SSP5-8.5,7.54689741790124,1.54273153567901,7.234481273,1.1192340291,0.0609940880366848,0.462975295797807,0.401981207761122
ScomberJaponicus,61,Scomber japonicus,Mid-trophic species,9,SSP1-2.6,7.39281149506173,1.24522749229012,7.14028826383333,1.03414968566667,0.0501408082473649,0.267964313864322,0.217823505616957
ScomberJaponicus,61,Scomber japonicus,Mid-trophic species,9,SSP5-8.5,7.52346199034979,1.54997409773045,7.14028826383333,1.03414968566667,0.0754143649780244,0.583799085806215,0.508384720828191
ScomberJaponicus,62,Scomber japonicus,Mid-trophic species,9,SSP1-2.6,7.37397458820988,1.29169918378025,7.25400565933333,1.04380661783333,0.0236645738519268,0.307415674467958,0.283751100616031
ScomberJaponicus,62,Scomber japonicus,Mid-trophic species,9,SSP5-8.5,7.51708064539095,1.58914758818313,7.25400565933333,1.04380661783333,0.0513946107122864,0.606398663746826,0.555004053034539
ScomberJaponicus,63,Scomber japonicus,Mid-trophic species,9,SSP1-2.6,7.40317519567901,1.30701648392593,7.20583250283333,1.11677730705,0.0389790530869114,0.226935804985301,0.18795675189839
ScomberJaponicus,63,Scomber japonicus,Mid-trophic species,9,SSP5-8.5,7.46107809308642,1.57013726588272,7.20583250283333,1.11677730705,0.0502189914630834,0.49154915780041,0.441330166337326
ScomberJaponicus,64,Scomber japonicus,Mid-trophic species,9,SSP1-2.6,7.35961834759259,1.28564814703086,7.13478389216667,1.06494972493333,0.0447612213734649,0.271710539449428,0.226949318075963
ScomberJaponicus,64,Scomber japonicus,Mid-trophic species,9,SSP5-8.5,7.54096052841564,1.58522851099588,7.13478389216667,1.06494972493333,0.0798785661105483,0.573905496059035,0.494026929948487
ScomberJaponicus,65,Scomber japonicus,Mid-trophic species,9,SSP1-2.6,7.44325661753087,1.25333175314403,7.171253605,1.09490271032667,0.0537086377803516,0.194965660150236,0.141257022369884
ScomberJaponicus,65,Scomber japonicus,Mid-trophic species,9,SSP5-8.5,7.58119834734568,1.56987742901235,7.171253605,1.09490271032667,0.0802005726918413,0.519849240422888,0.439648667731047
ScomberJaponicus,66,Scomber japonicus,Mid-trophic species,9,SSP1-2.6,7.32969199907407,1.26631021662346,7.15966700333333,1.08351771106667,0.033860086964746,0.224908139111226,0.19104805214648
ScomberJaponicus,66,Scomber japonicus,Mid-trophic species,9,SSP5-8.5,7.5719142367284,1.57703911628189,7.15966700333333,1.08351771106667,0.0807655812597975,0.541495708868571,0.460730127608774
ScomberJaponicus,67,Scomber japonicus,Mid-trophic species,9,SSP1-2.6,7.37066749598766,1.27903758067901,7.12498531016667,1.06474453956667,0.0489082376192857,0.264551322910949,0.215643085291663
ScomberJaponicus,67,Scomber japonicus,Mid-trophic species,9,SSP5-8.5,7.56068882144033,1.57076183754733,7.12498531016667,1.06474453956667,0.0856306383853544,0.560957121344156,0.475326482958802
ScomberJaponicus,68,Scomber japonicus,Mid-trophic species,9,SSP1-2.6,7.38042452450617,1.33572595783951,7.19296256266667,1.06578747661667,0.0371177076722259,0.325704263734597,0.288586556062371
ScomberJaponicus,68,Scomber japonicus,Mid-trophic species,9,SSP5-8.5,7.58120214866255,1.51633089843621,7.19296256266667,1.06578747661667,0.0758405388959652,0.508664831127878,0.432824292231913
ScomberJaponicus,69,Scomber japonicus,Mid-trophic species,9,SSP1-2.6,7.37027524376543,1.2325756967963,7.15514583983333,1.12482453018333,0.0427373249383673,0.131976288113673,0.0892389631753056
ScomberJaponicus,69,Scomber japonicus,Mid-trophic species,9,SSP5-8.5,7.54222699557613,1.54120510230041,7.15514583983333,1.12482453018333,0.076009398386286,0.454358905119449,0.378349506733163
ScomberJaponicus,70,Scomber japonicus,Mid-trophic species,9,SSP1-2.6,7.38004158265432,1.23653560276543,7.15810356883333,1.12742525001667,0.044051527232962,0.133271995097278,0.0892204678643165
ScomberJaponicus,70,Scomber japonicus,Mid-trophic species,9,SSP5-8.5,7.52122324417696,1.50891109519959,7.15810356883333,1.12742525001667,0.0713899015511002,0.420476021198974,0.349086119647873
ScomberJaponicus,71,Scomber japonicus,Mid-trophic species,9,SSP1-2.6,7.41446956827161,1.22238787748765,7.17780718166667,1.05435602273333,0.0468003174794268,0.21334003944416,0.166539721964733
ScomberJaponicus,71,Scomber japonicus,Mid-trophic species,9,SSP5-8.5,7.60285151576132,1.54232884592798,7.17780718166667,1.05435602273333,0.0829974470319658,0.54874829886928,0.465750851837314
ScomberJaponicus,72,Scomber japonicus,Mid-trophic species,9,SSP1-2.6,7.37816528574074,1.27089772439506,7.16756980466667,1.03684104403333,0.0417780587833767,0.29365319950953,0.251875140726153
ScomberJaponicus,72,Scomber japonicus,Mid-trophic species,9,SSP5-8.5,7.56357882179012,1.55872037923045,7.16756980466667,1.03684104403333,0.0775849791076552,0.588167409909847,0.510582430802192
ScomberJaponicus,73,Scomber japonicus,Mid-trophic species,9,SSP1-2.6,7.40507240703704,1.25893060980864,7.14667628783333,1.09629192075,0.0512414001197199,0.199566755791813,0.148325355672093
ScomberJaponicus,73,Scomber japonicus,Mid-trophic species,9,SSP5-8.5,7.63955559102881,1.55946398269136,7.14667628783333,1.09629192075,0.0962162739236144,0.508418222207358,0.412201948283743
ScomberJaponicus,74,Scomber japonicus,Mid-trophic species,9,SSP1-2.6,7.37542037808642,1.25341993474074,7.196335443,1.09688000335,0.0354628446953205,0.192464137250155,0.157001292554834
ScomberJaponicus,74,Scomber japonicus,Mid-trophic species,9,SSP5-8.5,7.58008734199589,1.53029940008642,7.196335443,1.09688000335,0.074952035485384,0.480408234802143,0.405456199316759
ScomberJaponicus,75,Scomber japonicus,Mid-trophic species,9,SSP1-2.6,7.37124238388889,1.22743228972222,7.06443276933333,1.04641025011667,0.0613340727899949,0.230194863723127,0.168860790933132
ScomberJaponicus,75,Scomber japonicus,Mid-trophic species,9,SSP5-8.5,7.51692360207819,1.57671837015432,7.06443276933333,1.04641025011667,0.0895686155051318,0.591476414291932,0.501907798786801
ScomberJaponicus,76,Scomber japonicus,Mid-trophic species,9,SSP1-2.6,7.42746305131687,1.27044448565226,7.20041650583333,1.10032602505,0.0447891620322417,0.207402280025914,0.162613117993673
ScomberJaponicus,76,Scomber japonicus,Mid-trophic species,9,SSP5-8.5,7.50781200388889,1.55897348939095,7.20041650583333,1.10032602505,0.0603121642308387,0.502665339371682,0.442353175140843
ScomberJaponicus,77,Scomber japonicus,Mid-trophic species,9,SSP1-2.6,7.39202290555556,1.2795499856358,7.12205970816667,1.06761717756667,0.0536746965570226,0.261242084167164,0.207567387610142
ScomberJaponicus,77,Scomber japonicus,Mid-trophic species,9,SSP5-8.5,7.541644563107,1.54713144271399,7.12205970816667,1.06761717756667,0.0825846273581375,0.535201348687022,0.452616721328885
ScomberJaponicus,78,Scomber japonicus,Mid-trophic species,9,SSP1-2.6,7.37772499166667,1.29458655521605,7.1969405325,1.05426691861667,0.0357922752897404,0.296251252297271,0.26045897700753
ScomberJaponicus,78,Scomber japonicus,Mid-trophic species,9,SSP5-8.5,7.59659465654321,1.59631826541152,7.1969405325,1.05426691861667,0.0779691055706685,0.598508143252543,0.520539037681875
ScomberJaponicus,79,Scomber japonicus,Mid-trophic species,9,SSP1-2.6,7.37409393462963,1.27835820664198,7.05561365466667,1.06732703556667,0.0636942290858737,0.260289853596924,0.19659562451105
ScomberJaponicus,79,Scomber japonicus,Mid-trophic species,9,SSP5-8.5,7.57015474755144,1.53623200048066,7.05561365466667,1.06732703556667,0.101551226607051,0.525393812587743,0.423842585980692
ScomberJaponicus,80,Scomber japonicus,Mid-trophic species,9,SSP1-2.6,7.35623115055556,1.25684689080247,7.17558909733333,1.0588620971,0.0358695352384277,0.247294201769217,0.211424666530789
ScomberJaponicus,80,Scomber japonicus,Mid-trophic species,9,SSP5-8.5,7.54805806277778,1.56555299169753,7.17558909733333,1.0588620971,0.0730082425992729,0.564157632979306,0.491149390380033
ScomberJaponicus,81,Scomber japonicus,Mid-trophic species,9,SSP1-2.6,7.37288773679012,1.29547826124074,7.09609261633333,1.12163598851667,0.0552049505158379,0.207880261455644,0.152675310939806
ScomberJaponicus,81,Scomber japonicus,Mid-trophic species,9,SSP5-8.5,7.50389988382716,1.53553479720165,7.09609261633333,1.12163598851667,0.080615740271833,0.453136660880491,0.372520920608658
ScomberJaponicus,82,Scomber japonicus,Mid-trophic species,9,SSP1-2.6,7.371948415,1.30930109951235,7.15685994783333,1.1123880331,0.0427192278688777,0.235136781919701,0.192417554050823
ScomberJaponicus,82,Scomber japonicus,Mid-trophic species,9,SSP5-8.5,7.52625424037037,1.5519944557428,7.15685994783333,1.1123880331,0.072605277221327,0.480463274143548,0.407857996922221
ScomberJaponicus,83,Scomber japonicus,Mid-trophic species,9,SSP1-2.6,7.4701611945679,1.25406132325926,7.13608912716667,1.096607088,0.066005740377462,0.19356119351963,0.127555453142168
ScomberJaponicus,83,Scomber japonicus,Mid-trophic species,9,SSP5-8.5,7.50911403578189,1.57386641148765,7.13608912716667,1.096607088,0.0735090670282847,0.521266387507645,0.44775732047936
ScomberJaponicus,84,Scomber japonicus,Mid-trophic species,9,SSP1-2.6,7.34810801851852,1.28249847377778,7.2204064605,1.10236430186667,0.0252927810217166,0.218356034206859,0.193063253185142
ScomberJaponicus,84,Scomber japonicus,Mid-trophic species,9,SSP5-8.5,7.55309920808642,1.58831727175926,7.2204064605,1.10236430186667,0.0649886829880598,0.52689804972826,0.4619093667402
ScomberJaponicus,85,Scomber japonicus,Mid-trophic species,9,SSP1-2.6,7.43215196469136,1.26185990973457,7.18256946816667,1.04225603856667,0.0492799594654857,0.275842022053586,0.2265620625881
ScomberJaponicus,85,Scomber japonicus,Mid-trophic species,9,SSP5-8.5,7.55122645923868,1.53203971352881,7.18256946816667,1.04225603856667,0.0722109426615629,0.555743964505043,0.48353302184348
ScomberJaponicus,86,Scomber japonicus,Mid-trophic species,9,SSP1-2.6,7.42358663518519,1.23836522961111,7.13436395233333,1.05020265793333,0.0573315643456058,0.237769117606724,0.180437553261119
ScomberJaponicus,86,Scomber japonicus,Mid-trophic species,9,SSP5-8.5,7.54958265495885,1.57605817943827,7.13436395233333,1.05020265793333,0.0816120783696357,0.585653040112179,0.504040961742544
ScomberJaponicus,87,Scomber japonicus,Mid-trophic species,9,SSP1-2.6,7.37028467259259,1.26412920691975,7.08645829983333,1.08318803861667,0.0566555722383599,0.2228602164423,0.16620464420394
ScomberJaponicus,87,Scomber japonicus,Mid-trophic species,9,SSP5-8.5,7.51097055425926,1.5939545324321,7.08645829983333,1.08318803861667,0.083934570929682,0.557326764244453,0.473392193314771
ScomberJaponicus,88,Scomber japonicus,Mid-trophic species,9,SSP1-2.6,7.42832617895062,1.25820920419753,7.065518041,1.11008918816667,0.0722418233570415,0.180696229044712,0.10845440568767
ScomberJaponicus,88,Scomber japonicus,Mid-trophic species,9,SSP5-8.5,7.5443392091358,1.58655644150206,7.065518041,1.11008918816667,0.094599201762737,0.515223253791431,0.420624052028694
ScomberJaponicus,89,Scomber japonicus,Mid-trophic species,9,SSP1-2.6,7.42639273197531,1.22518524617284,7.16284877933333,1.13234485685,0.0521281271745768,0.113686499624684,0.0615583724501075
ScomberJaponicus,89,Scomber japonicus,Mid-trophic species,9,SSP5-8.5,7.5200680177572,1.60467820577161,7.16284877933333,1.13234485685,0.0702122264219327,0.502970616002966,0.432758389581033
ScomberJaponicus,90,Scomber japonicus,Mid-trophic species,9,SSP1-2.6,7.40387551166667,1.23876725002469,7.1116892425,1.0747009469,0.0580883535192621,0.204969885112336,0.146881531593074
ScomberJaponicus,90,Scomber japonicus,Mid-trophic species,9,SSP5-8.5,7.53207536053498,1.53361665582099,7.1116892425,1.0747009469,0.0828551500920613,0.51300264838204,0.430147498289979
ScomberJaponicus,91,Scomber japonicus,Mid-trophic species,9,SSP1-2.6,7.37053215728395,1.24616723070988,7.22802381166667,1.06500294643667,0.0281675276565096,0.226640263501563,0.198472735845053
ScomberJaponicus,91,Scomber japonicus,Mid-trophic species,9,SSP5-8.5,7.48042186518519,1.57260677218519,7.22802381166667,1.06500294643667,0.0495183755463797,0.56230055043805,0.51278217489167
ScomberJaponicus,92,Scomber japonicus,Mid-trophic species,9,SSP1-2.6,7.33622137820988,1.22516320169136,7.150068183,1.0788016573,0.0370801749463808,0.18354429771236,0.146464122765979
ScomberJaponicus,92,Scomber japonicus,Mid-trophic species,9,SSP5-8.5,7.56846681168724,1.57518301839506,7.150068183,1.0788016573,0.0820440752026054,0.546089820130595,0.46404574492799
ScomberJaponicus,93,Scomber japonicus,Mid-trophic species,9,SSP1-2.6,7.37668463981481,1.26317179632099,7.1471673065,1.03178390291667,0.0456010000016585,0.291910020674062,0.246309020672403
ScomberJaponicus,93,Scomber japonicus,Mid-trophic species,9,SSP5-8.5,7.54910892211934,1.61233343750617,7.1471673065,1.03178390291667,0.0789348019775809,0.644009286292997,0.565074484315416
ScomberJaponicus,94,Scomber japonicus,Mid-trophic species,9,SSP1-2.6,7.36785904253086,1.27043738643827,7.19962644816667,1.10560388976,0.0333234064934017,0.200490677286405,0.167167270793003
ScomberJaponicus,94,Scomber japonicus,Mid-trophic species,9,SSP5-8.5,7.57277649193416,1.56391814580247,7.19962644816667,1.10560388976,0.0729002942356331,0.500330408572688,0.427430114337055
ScomberJaponicus,95,Scomber japonicus,Mid-trophic species,9,SSP1-2.6,7.34513847067901,1.27788799775062,7.12407298683333,1.06903184813333,0.044087391681259,0.257456560992971,0.213369169311712
ScomberJaponicus,95,Scomber japonicus,Mid-trophic species,9,SSP5-8.5,7.54657997973251,1.60118948003086,7.12407298683333,1.06903184813333,0.0831206832448718,0.582839208380019,0.499718525135147
ScomberJaponicus,96,Scomber japonicus,Mid-trophic species,9,SSP1-2.6,7.394391395,1.29581379840741,7.1450116245,1.08053194613333,0.0494950508189687,0.262116699082613,0.212621648263644
ScomberJaponicus,96,Scomber japonicus,Mid-trophic species,9,SSP5-8.5,7.59043721123457,1.55484796779835,7.1450116245,1.08053194613333,0.0872466291581174,0.525031794921239,0.437785165763122
ScomberJaponicus,97,Scomber japonicus,Mid-trophic species,9,SSP1-2.6,7.4071100817284,1.28014685629012,7.22812784116667,1.09638390645,0.0352887553305117,0.223556266797395,0.188267511466883
ScomberJaponicus,97,Scomber japonicus,Mid-trophic species,9,SSP5-8.5,7.6589742668107,1.59019731298354,7.22812784116667,1.09638390645,0.083529168370255,0.536452730931708,0.452923562561453
ScomberJaponicus,98,Scomber japonicus,Mid-trophic species,9,SSP1-2.6,7.42333064613169,1.23227476203292,7.15566068483333,1.0801251109,0.0529816523693044,0.190125542193285,0.137143889823981
ScomberJaponicus,98,Scomber japonicus,Mid-trophic species,9,SSP5-8.5,7.50939201537037,1.55303859280658,7.15566068483333,1.0801251109,0.0696111295423149,0.523895251509037,0.454284121966722
ScomberJaponicus,99,Scomber japonicus,Mid-trophic species,9,SSP1-2.6,7.38503984358025,1.26271116196914,7.19255780616667,1.07859420511667,0.0381007937359991,0.22737248061813,0.189271686882131
ScomberJaponicus,99,Scomber japonicus,Mid-trophic species,9,SSP5-8.5,7.55228106506173,1.59301983925309,7.19255780616667,1.07859420511667,0.0704075460502115,0.562612046182572,0.49220450013236
ScomberJaponicus,100,Scomber japonicus,Mid-trophic species,9,SSP1-2.6,7.32827068759259,1.29371922235802,7.1658418565,1.0915120352,0.0323365889320394,0.245196503415602,0.212859914483562
ScomberJaponicus,100,Scomber japonicus,Mid-trophic species,9,SSP5-8.5,7.56800920831276,1.58936104268107,7.1658418565,1.0915120352,0.078777639110475,0.542118849810598,0.463341210700123
ScomberomorusNiphonius,1,Scomberomorus niphonius,Predator,2,SSP1-2.6,102.259314351852,1.19832653111111,103.125414716667,1.08019233116667,-0.0121676632301123,0.149732869587626,0.161900532817738
ScomberomorusNiphonius,1,Scomberomorus niphonius,Predator,2,SSP5-8.5,101.621283604938,1.39863702006173,103.125414716667,1.08019233116667,-0.0211973287169142,0.372733386009957,0.393930714726871
ScomberomorusNiphonius,2,Scomberomorus niphonius,Predator,2,SSP1-2.6,102.264380030864,1.224619635,103.157702383333,1.04938324383333,-0.012547821899424,0.222792061060648,0.235339882960072
ScomberomorusNiphonius,2,Scomberomorus niphonius,Predator,2,SSP5-8.5,101.659516790123,1.43994186783951,103.157702383333,1.04938324383333,-0.0211062671876742,0.456468910681764,0.477575177869438
ScomberomorusNiphonius,3,Scomberomorus niphonius,Predator,2,SSP1-2.6,102.158977895062,1.20039199154321,103.199882883333,1.0825239275,-0.0146253375157495,0.14910668526683,0.163732022782579
ScomberomorusNiphonius,3,Scomberomorus niphonius,Predator,2,SSP5-8.5,101.713328154321,1.42775035080247,103.199882883333,1.0825239275,-0.020932596284184,0.399344825244597,0.420277421528781
ScomberomorusNiphonius,4,Scomberomorus niphonius,Predator,2,SSP1-2.6,102.361913191358,1.18480840969136,103.081971883333,1.07402998816667,-0.0101130229059973,0.141619510319776,0.151732533225773
ScomberomorusNiphonius,4,Scomberomorus niphonius,Predator,2,SSP5-8.5,101.749429549383,1.42243543709877,103.081971883333,1.07402998816667,-0.0187713341319104,0.405328895944318,0.424100230076228
ScomberomorusNiphonius,5,Scomberomorus niphonius,Predator,2,SSP1-2.6,102.304380493827,1.18308083679012,103.16655375,1.04721472216667,-0.0121074096046314,0.175991368062078,0.188098777666709
ScomberomorusNiphonius,5,Scomberomorus niphonius,Predator,2,SSP5-8.5,101.602731098765,1.42760162419753,103.16655375,1.04721472216667,-0.0220361471569144,0.44703616334322,0.469072310500134
ScomberomorusNiphonius,6,Scomberomorus niphonius,Predator,2,SSP1-2.6,102.265302148148,1.19080958123457,102.8260755,1.0612408075,-0.00788942918230416,0.166190677471857,0.174080106654161
ScomberomorusNiphonius,6,Scomberomorus niphonius,Predator,2,SSP5-8.5,101.831782938272,1.41775164382716,102.8260755,1.0612408075,-0.014018247284291,0.417852771886955,0.431871019171246
ScomberomorusNiphonius,7,Scomberomorus niphonius,Predator,2,SSP1-2.6,102.252414777778,1.18055132327161,103.198863683333,1.048648723,-0.0132921713774387,0.170929278672968,0.184221450050407
ScomberomorusNiphonius,7,Scomberomorus niphonius,Predator,2,SSP5-8.5,101.710397660494,1.41298554530864,103.198863683333,1.048648723,-0.0209599147133269,0.430215223170147,0.451175137883474
ScomberomorusNiphonius,8,Scomberomorus niphonius,Predator,2,SSP1-2.6,102.276620308642,1.20030990537037,103.139029983333,1.05263480983333,-0.0121139890691252,0.18940193062137,0.201515919690495
ScomberomorusNiphonius,8,Scomberomorus niphonius,Predator,2,SSP5-8.5,101.716168709877,1.43299703981481,103.139029983333,1.05263480983333,-0.0200413553304892,0.445030619823516,0.465071975154005
ScomberomorusNiphonius,9,Scomberomorus niphonius,Predator,2,SSP1-2.6,102.184450925926,1.17038209074074,103.106671433333,1.06619805166667,-0.0129620013504863,0.134504147677121,0.147466149027607
ScomberomorusNiphonius,9,Scomberomorus niphonius,Predator,2,SSP5-8.5,101.663768666667,1.41886911950617,103.106671433333,1.06619805166667,-0.020332066671291,0.412266066399825,0.432598133071116
ScomberomorusNiphonius,10,Scomberomorus niphonius,Predator,2,SSP1-2.6,102.169210216049,1.18433073333333,103.034845383333,1.06383078183333,-0.0121718351738905,0.154803333850127,0.166975169024017
ScomberomorusNiphonius,10,Scomberomorus niphonius,Predator,2,SSP5-8.5,101.727246419753,1.41354870993827,103.034845383333,1.06383078183333,-0.0184261858997205,0.410052911421201,0.428479097320921
ScomberomorusNiphonius,11,Scomberomorus niphonius,Predator,2,SSP1-2.6,102.286095833333,1.18813708382716,102.8504454,1.06731897516667,-0.00793799457011765,0.154709900401452,0.16264789497157
ScomberomorusNiphonius,11,Scomberomorus niphonius,Predator,2,SSP5-8.5,101.66410158642,1.41969981938272,102.8504454,1.06731897516667,-0.0167376996833847,0.41159451992916,0.428332219612545
ScomberomorusNiphonius,12,Scomberomorus niphonius,Predator,2,SSP1-2.6,102.160745493827,1.1848572341358,103.209439983333,1.077273932,-0.014733974029378,0.137328087571944,0.152062061601323
ScomberomorusNiphonius,12,Scomberomorus niphonius,Predator,2,SSP5-8.5,101.682142858025,1.43914483339506,103.209439983333,1.077273932,-0.0215085926937629,0.417826641311034,0.439335234004797
ScomberomorusNiphonius,13,Scomberomorus niphonius,Predator,2,SSP1-2.6,102.141993067901,1.19427436185185,102.923194833333,1.07683555383333,-0.0109920301592387,0.149336357215673,0.160328387374912
ScomberomorusNiphonius,13,Scomberomorus niphonius,Predator,2,SSP5-8.5,101.651993561728,1.40901086271605,102.923194833333,1.07683555383333,-0.0179296364305696,0.387884784845799,0.405814421276369
ScomberomorusNiphonius,14,Scomberomorus niphonius,Predator,2,SSP1-2.6,102.363810666667,1.19463934716049,103.17943,1.04973847516667,-0.0114496214005852,0.186545195657056,0.197994817057641
ScomberomorusNiphonius,14,Scomberomorus niphonius,Predator,2,SSP5-8.5,101.60914641358,1.42389784524691,103.17943,1.04973847516667,-0.0221251085725268,0.439815697447729,0.461940806020255
ScomberomorusNiphonius,15,Scomberomorus niphonius,Predator,2,SSP1-2.6,102.158451395062,1.19696370537037,103.001268033333,1.07167796333333,-0.0118535376053633,0.159507962680931,0.171361500286294
ScomberomorusNiphonius,15,Scomberomorus niphonius,Predator,2,SSP5-8.5,101.660662240741,1.41099789,103.001268033333,1.07167796333333,-0.0189005643483217,0.39684438602929,0.415744950377612
ScomberomorusNiphonius,16,Scomberomorus niphonius,Predator,2,SSP1-2.6,102.045742061728,1.19541676191358,103.31226205,1.02820811883333,-0.0177955106401133,0.217381368312983,0.235176878953096
ScomberomorusNiphonius,16,Scomberomorus niphonius,Predator,2,SSP5-8.5,101.758601135802,1.40794864679012,103.31226205,1.02820811883333,-0.0218607533868809,0.453462405483544,0.475323158870425
ScomberomorusNiphonius,17,Scomberomorus niphonius,Predator,2,SSP1-2.6,102.146549006173,1.19143894339506,102.98117115,1.051279116,-0.0117401185149222,0.180559263316348,0.192299381831271
ScomberomorusNiphonius,17,Scomberomorus niphonius,Predator,2,SSP5-8.5,101.644248259259,1.41394035783951,102.98117115,1.051279116,-0.018852002602217,0.427575508748978,0.446427511351195
ScomberomorusNiphonius,18,Scomberomorus niphonius,Predator,2,SSP1-2.6,102.25322041358,1.17657075925926,102.891444466667,1.083624329,-0.00897674475302785,0.118723397516287,0.127700142269315
ScomberomorusNiphonius,18,Scomberomorus niphonius,Predator,2,SSP5-8.5,101.649299197531,1.43306304876543,102.891444466667,1.083624329,-0.0175227567675985,0.403237393834015,0.420760150601614
ScomberomorusNiphonius,19,Scomberomorus niphonius,Predator,2,SSP1-2.6,102.234395660494,1.17628041771605,102.559034366667,1.103039858,-0.00457392645572993,0.0927471072266488,0.0973210336823787
ScomberomorusNiphonius,19,Scomberomorus niphonius,Predator,2,SSP5-8.5,101.638865314815,1.42620537265432,102.559034366667,1.103039858,-0.0130024090923726,0.370696820691972,0.383699229784345
ScomberomorusNiphonius,20,Scomberomorus niphonius,Predator,2,SSP1-2.6,102.364287450617,1.17818805969136,102.94971195,1.09252974766667,-0.00822731341712904,0.108897274927781,0.11712458834491
ScomberomorusNiphonius,20,Scomberomorus niphonius,Predator,2,SSP5-8.5,101.709298808642,1.40111901475309,102.94971195,1.09252974766667,-0.0174882092312858,0.358906944990963,0.376395154222248
ScomberomorusNiphonius,21,Scomberomorus niphonius,Predator,2,SSP1-2.6,102.207302987654,1.17869093253086,103.132856383333,1.03849737133333,-0.0130057397556378,0.182687910858418,0.195693650614056
ScomberomorusNiphonius,21,Scomberomorus niphonius,Predator,2,SSP5-8.5,101.606133493827,1.42361302228395,103.132856383333,1.03849737133333,-0.0215165305817792,0.455059470447752,0.476576001029531
ScomberomorusNiphonius,22,Scomberomorus niphonius,Predator,2,SSP1-2.6,102.048725067901,1.18956153364198,102.9874816,1.0586830125,-0.0132108263128247,0.168159214599523,0.181370040912348
ScomberomorusNiphonius,22,Scomberomorus niphonius,Predator,2,SSP5-8.5,101.632803493827,1.44078186777778,102.9874816,1.0586830125,-0.0191028561948634,0.444581243345156,0.46368409954002
ScomberomorusNiphonius,23,Scomberomorus niphonius,Predator,2,SSP1-2.6,102.330498783951,1.1860234154321,102.993157383333,1.0726510605,-0.00931229856592656,0.144951657516747,0.154263956082674
ScomberomorusNiphonius,23,Scomberomorus niphonius,Predator,2,SSP5-8.5,101.757896407407,1.41913188234568,102.993157383333,1.0726510605,-0.017407739522888,0.403827832239851,0.421235571762739
ScomberomorusNiphonius,24,Scomberomorus niphonius,Predator,2,SSP1-2.6,102.211152765432,1.18208305012346,103.188898483333,1.04365043916667,-0.0137351431458619,0.17969282336012,0.193427966505981
ScomberomorusNiphonius,24,Scomberomorus niphonius,Predator,2,SSP5-8.5,101.644102012346,1.43372606703704,103.188898483333,1.04365043916667,-0.0217612636427424,0.458130827991786,0.479892091634528
ScomberomorusNiphonius,25,Scomberomorus niphonius,Predator,2,SSP1-2.6,102.18548017284,1.21032189098765,102.970449216667,1.05629352016667,-0.0110401534735489,0.19638000743893,0.207420160912479
ScomberomorusNiphonius,25,Scomberomorus niphonius,Predator,2,SSP5-8.5,101.61981745679,1.40260344740741,102.970449216667,1.05629352016667,-0.019048589959722,0.409096396226739,0.428144986186461
ScomberomorusNiphonius,26,Scomberomorus niphonius,Predator,2,SSP1-2.6,102.117093703704,1.19528959333333,103.055234316667,1.044657013,-0.0131933994754288,0.194330847766366,0.207524247241794
ScomberomorusNiphonius,26,Scomberomorus niphonius,Predator,2,SSP5-8.5,101.594255308642,1.42271814611111,103.055234316667,1.044657013,-0.0205989565997959,0.445620531453192,0.466219488052988
ScomberomorusNiphonius,27,Scomberomorus niphonius,Predator,2,SSP1-2.6,102.389050265432,1.19051696858025,102.843389716667,1.06298276483333,-0.0063876290124806,0.163469978409207,0.169857607421688
ScomberomorusNiphonius,27,Scomberomorus niphonius,Predator,2,SSP5-8.5,101.843998864198,1.4109025567284,102.843389716667,1.06298276483333,-0.0140880949636774,0.408500147122381,0.422588242086058
ScomberomorusNiphonius,28,Scomberomorus niphonius,Predator,2,SSP1-2.6,102.292319080247,1.18427995845679,102.895147566667,1.095414255,-0.00847712761751777,0.112533608019636,0.121010735637153
ScomberomorusNiphonius,28,Scomberomorus niphonius,Predator,2,SSP5-8.5,101.700379,1.42352557962963,102.895147566667,1.095414255,-0.0168498921651251,0.37799185751802,0.394841749683145
ScomberomorusNiphonius,29,Scomberomorus niphonius,Predator,2,SSP1-2.6,102.19628987037,1.20197409487654,103.02519075,1.06976843283333,-0.0116543130661058,0.168107265420787,0.179761578486893
ScomberomorusNiphonius,29,Scomberomorus niphonius,Predator,2,SSP5-8.5,101.727370308642,1.42096441117284,103.02519075,1.06976843283333,-0.0182892382931873,0.409571884164083,0.42786112245727
ScomberomorusNiphonius,30,Scomberomorus niphonius,Predator,2,SSP1-2.6,102.096499753086,1.1888797458642,103.117709933333,1.047900914,-0.0143587232734706,0.182100488220258,0.196459211493729
ScomberomorusNiphonius,30,Scomberomorus niphonius,Predator,2,SSP5-8.5,101.728749012346,1.42317398197531,103.117709933333,1.047900914,-0.0195646803260522,0.441609734141768,0.46117441446782
ScomberomorusNiphonius,31,Scomberomorus niphonius,Predator,2,SSP1-2.6,102.222733919753,1.18023837092593,103.071968966667,1.06624358766667,-0.0119359551127061,0.146541202634152,0.158477157746858
ScomberomorusNiphonius,31,Scomberomorus niphonius,Predator,2,SSP5-8.5,101.58918004321,1.42743238685185,103.071968966667,1.06624358766667,-0.0209052833734199,0.420885345835748,0.441790629209168
ScomberomorusNiphonius,32,Scomberomorus niphonius,Predator,2,SSP1-2.6,102.214206987654,1.21237374388889,102.951833866667,1.0667400785,-0.0103737950113188,0.184625821012254,0.194999616023573
ScomberomorusNiphonius,32,Scomberomorus niphonius,Predator,2,SSP5-8.5,101.692130135802,1.40790300419753,102.951833866667,1.0667400785,-0.0177614941052298,0.40033925220814,0.41810074631337
ScomberomorusNiphonius,33,Scomberomorus niphonius,Predator,2,SSP1-2.6,102.175354080247,1.17801561604938,102.916257233333,1.0877714835,-0.0104236535839493,0.114983153592235,0.125406807176185
ScomberomorusNiphonius,33,Scomberomorus niphonius,Predator,2,SSP5-8.5,101.673577882716,1.39852344222222,102.916257233333,1.0877714835,-0.0175260846530075,0.362528926244398,0.380055010897406
ScomberomorusNiphonius,34,Scomberomorus niphonius,Predator,2,SSP1-2.6,102.266775339506,1.20355086425926,102.6767523,1.06405001,-0.00577205363421562,0.177731155405744,0.18350320903996
ScomberomorusNiphonius,34,Scomberomorus niphonius,Predator,2,SSP5-8.5,101.638324104938,1.42974248907407,102.6767523,1.06405001,-0.0146650764462733,0.426189367966673,0.440854444412947
ScomberomorusNiphonius,35,Scomberomorus niphonius,Predator,2,SSP1-2.6,102.130852901235,1.18126465,102.989640316667,1.05732874583333,-0.0120804661229882,0.159908210873723,0.171988676996712
ScomberomorusNiphonius,35,Scomberomorus niphonius,Predator,2,SSP5-8.5,101.589998493827,1.42649099746914,102.989640316667,1.05732874583333,-0.0197408484484324,0.432046631333531,0.451787479781963
ScomberomorusNiphonius,36,Scomberomorus niphonius,Predator,2,SSP1-2.6,102.293743314815,1.17510858030864,103.18698635,1.04333912566667,-0.0125431267138409,0.17158590240271,0.184129029116551
ScomberomorusNiphonius,36,Scomberomorus niphonius,Predator,2,SSP5-8.5,101.774710845679,1.41889999771605,103.18698635,1.04333912566667,-0.0198819110158497,0.443564747745729,0.463446658761579
ScomberomorusNiphonius,37,Scomberomorus niphonius,Predator,2,SSP1-2.6,102.222359401235,1.1883292108642,102.674172366667,1.09771888016667,-0.00636252234719864,0.114425935766423,0.120788458113622
ScomberomorusNiphonius,37,Scomberomorus niphonius,Predator,2,SSP5-8.5,101.661321944444,1.44377855302469,102.674172366667,1.09771888016667,-0.0143024221401731,0.395340843114469,0.409643265254642
ScomberomorusNiphonius,38,Scomberomorus niphonius,Predator,2,SSP1-2.6,102.180365833333,1.17388213179012,102.8274591,1.07382064133333,-0.00910756794285149,0.128534514066611,0.137642082009462
ScomberomorusNiphonius,38,Scomberomorus niphonius,Predator,2,SSP5-8.5,101.691437074074,1.41176355209877,102.8274591,1.07382064133333,-0.0160273718449561,0.394745438172608,0.410772810017564
ScomberomorusNiphonius,39,Scomberomorus niphonius,Predator,2,SSP1-2.6,102.358263598765,1.17716262740741,102.925461733333,1.08460714483333,-0.00797234185957973,0.118141066165747,0.126113408025327
ScomberomorusNiphonius,39,Scomberomorus niphonius,Predator,2,SSP5-8.5,101.636870512346,1.42899920802469,102.925461733333,1.08460714483333,-0.0181760613872624,0.397832537639134,0.416008599026396
ScomberomorusNiphonius,40,Scomberomorus niphonius,Predator,2,SSP1-2.6,102.254839969136,1.19802087580247,102.9530818,1.04022275166667,-0.00981788525199824,0.203760549755101,0.213578435007099
ScomberomorusNiphonius,40,Scomberomorus niphonius,Predator,2,SSP5-8.5,101.699805104938,1.40363741098765,102.9530818,1.04022275166667,-0.0176701018322553,0.432277807451964,0.44994790928422
ScomberomorusNiphonius,41,Scomberomorus niphonius,Predator,2,SSP1-2.6,102.176933604938,1.18929177191358,103.096239583333,1.060528908,-0.0129221663254157,0.165318751950065,0.17824091827548
ScomberomorusNiphonius,41,Scomberomorus niphonius,Predator,2,SSP5-8.5,101.555985141975,1.42053137777778,103.096239583333,1.060528908,-0.0217164451060156,0.421646752699029,0.443363197805045
ScomberomorusNiphonius,42,Scomberomorus niphonius,Predator,2,SSP1-2.6,102.248675858025,1.19252904314815,102.781600833333,1.10709230116667,-0.00749986746278729,0.107248894037158,0.114748761499946
ScomberomorusNiphonius,42,Scomberomorus niphonius,Predator,2,SSP5-8.5,101.659172802469,1.41393453444444,102.781600833333,1.10709230116667,-0.0158416307628926,0.352939816144349,0.368781446907242
ScomberomorusNiphonius,43,Scomberomorus niphonius,Predator,2,SSP1-2.6,102.016183660494,1.17842765864198,103.1362665,1.02417867816667,-0.0157536896433995,0.202395767284798,0.218149456928197
ScomberomorusNiphonius,43,Scomberomorus niphonius,Predator,2,SSP5-8.5,101.773991148148,1.40620475753086,103.1362665,1.02417867816667,-0.019182805903115,0.457339250780317,0.476522056683432
ScomberomorusNiphonius,44,Scomberomorus niphonius,Predator,2,SSP1-2.6,102.364763432099,1.18633411703704,103.17057405,1.074141062,-0.0113123607159216,0.143326916922905,0.154639277638826
ScomberomorusNiphonius,44,Scomberomorus niphonius,Predator,2,SSP5-8.5,101.753510617284,1.4227320045679,103.17057405,1.074141062,-0.019952978953803,0.405480463389148,0.425433442342951
ScomberomorusNiphonius,45,Scomberomorus niphonius,Predator,2,SSP1-2.6,102.133978462963,1.18822281537037,102.995363166667,1.07739383033333,-0.0121164796319615,0.141259686713251,0.153376166345212
ScomberomorusNiphonius,45,Scomberomorus niphonius,Predator,2,SSP5-8.5,101.633904555556,1.41650565950617,102.995363166667,1.07739383033333,-0.0191976308320256,0.394790657111626,0.413988287943652
ScomberomorusNiphonius,46,Scomberomorus niphonius,Predator,2,SSP1-2.6,102.258559395062,1.18964559524691,103.027445816667,1.0737112025,-0.0108071060510411,0.147925845434981,0.158732951486023
ScomberomorusNiphonius,46,Scomberomorus niphonius,Predator,2,SSP5-8.5,101.675336654321,1.42501266537037,103.027445816667,1.0737112025,-0.0190589451619433,0.408368739927052,0.427427685088995
ScomberomorusNiphonius,47,Scomberomorus niphonius,Predator,2,SSP1-2.6,102.083501234568,1.18197164839506,102.880431016667,1.04489015133333,-0.0112188756892936,0.17784414980541,0.189063025494704
ScomberomorusNiphonius,47,Scomberomorus niphonius,Predator,2,SSP5-8.5,101.615593197531,1.39107785358025,102.880431016667,1.04489015133333,-0.0178467872546401,0.412851883921518,0.430698671176158
ScomberomorusNiphonius,48,Scomberomorus niphonius,Predator,2,SSP1-2.6,102.079274814815,1.18859517703704,103.07123765,1.08122755383333,-0.0139518151731212,0.136587249181258,0.150539064354379
ScomberomorusNiphonius,48,Scomberomorus niphonius,Predator,2,SSP5-8.5,101.73389441358,1.42873389654321,103.07123765,1.08122755383333,-0.0188413821322054,0.40206705484885,0.420908436981055
ScomberomorusNiphonius,49,Scomberomorus niphonius,Predator,2,SSP1-2.6,102.184113697531,1.18977073691358,102.82063555,1.08901521483333,-0.00895891314065926,0.12765948957839,0.136618402719049
ScomberomorusNiphonius,49,Scomberomorus niphonius,Predator,2,SSP5-8.5,101.558543141975,1.41069509407407,102.82063555,1.08901521483333,-0.017818229970245,0.373382088917838,0.391200318888083
ScomberomorusNiphonius,50,Scomberomorus niphonius,Predator,2,SSP1-2.6,102.180426549383,1.18381753746914,102.9576744,1.05612849733333,-0.0109325082014687,0.164661359027039,0.175593867228508
ScomberomorusNiphonius,50,Scomberomorus niphonius,Predator,2,SSP5-8.5,101.63313858642,1.40614346648148,102.9576744,1.05612849733333,-0.0186804863825942,0.412958422104271,0.431638908486866
ScomberomorusNiphonius,51,Scomberomorus niphonius,Predator,2,SSP1-2.6,102.451943623457,1.1928860667284,103.26675625,1.051676128,-0.0114285408528405,0.181765773281193,0.193194314134033
ScomberomorusNiphonius,51,Scomberomorus niphonius,Predator,2,SSP5-8.5,101.661040154321,1.40884527401235,103.26675625,1.051676128,-0.0226089978946875,0.421822693166148,0.444431691060835
ScomberomorusNiphonius,52,Scomberomorus niphonius,Predator,2,SSP1-2.6,102.172958493827,1.20163945722222,103.211810933333,1.05761786983333,-0.014594656151637,0.184185632925328,0.198780289076965
ScomberomorusNiphonius,52,Scomberomorus niphonius,Predator,2,SSP5-8.5,101.654907709877,1.42778600962963,103.211810933333,1.05761786983333,-0.0219282059766197,0.43296131231899,0.45488951829561
ScomberomorusNiphonius,53,Scomberomorus niphonius,Predator,2,SSP1-2.6,102.366621518519,1.17509364123457,103.058563933333,1.05981708,-0.00971901924878584,0.14896044417287,0.158679463421656
ScomberomorusNiphonius,53,Scomberomorus niphonius,Predator,2,SSP5-8.5,101.518155666667,1.40067485314815,103.058563933333,1.05981708,-0.0217266302143277,0.402306810251933,0.424033440466261
ScomberomorusNiphonius,54,Scomberomorus niphonius,Predator,2,SSP1-2.6,102.11232254321,1.19676991919753,102.924506833333,1.05883865216667,-0.0114295600430049,0.17666305318175,0.188092613224755
ScomberomorusNiphonius,54,Scomberomorus niphonius,Predator,2,SSP5-8.5,101.682187024691,1.41707579271605,102.924506833333,1.05883865216667,-0.0175195700464365,0.420434157804938,0.437953727851374
ScomberomorusNiphonius,55,Scomberomorus niphonius,Predator,2,SSP1-2.6,102.215593104938,1.20921910074074,102.9551464,1.06104405966667,-0.0104006496717345,0.188591107816067,0.198991757487801
ScomberomorusNiphonius,55,Scomberomorus niphonius,Predator,2,SSP5-8.5,101.65552837037,1.42372856555556,102.9551464,1.06104405966667,-0.0183272715681734,0.424189556956733,0.442516828524907
ScomberomorusNiphonius,56,Scomberomorus niphonius,Predator,2,SSP1-2.6,102.23426762963,1.18723721895062,103.172180333333,1.0855408925,-0.0131751600200575,0.129194151601273,0.142369311621331
ScomberomorusNiphonius,56,Scomberomorus niphonius,Predator,2,SSP5-8.5,101.795991438272,1.435943,103.172180333333,1.0855408925,-0.0193732589024864,0.403584408743249,0.422957667645736
ScomberomorusNiphonius,57,Scomberomorus niphonius,Predator,2,SSP1-2.6,102.241380845679,1.19474499839506,102.883516816667,1.08208301833333,-0.00903263736090046,0.14289153978315,0.15192417714405
ScomberomorusNiphonius,57,Scomberomorus niphonius,Predator,2,SSP5-8.5,101.610647197531,1.39135438339506,102.883516816667,1.08208301833333,-0.0179602817784681,0.362678738539332,0.3806390203178
ScomberomorusNiphonius,58,Scomberomorus niphonius,Predator,2,SSP1-2.6,102.124919969136,1.21145306345679,103.176759916667,1.08088835233333,-0.0147830992390724,0.164520998906468,0.179304098145541
ScomberomorusNiphonius,58,Scomberomorus niphonius,Predator,2,SSP5-8.5,101.795455419753,1.41319717277778,103.176759916667,1.08088835233333,-0.0194448921983724,0.386745256926753,0.406190149125125
ScomberomorusNiphonius,59,Scomberomorus niphonius,Predator,2,SSP1-2.6,102.181054358025,1.19066298135802,103.077408733333,1.067122941,-0.0126004473881846,0.158038718740479,0.170639166128663
ScomberomorusNiphonius,59,Scomberomorus niphonius,Predator,2,SSP5-8.5,101.701275037037,1.40608056030864,103.077408733333,1.067122941,-0.0193904083116098,0.39795285927293,0.417343267584539
ScomberomorusNiphonius,60,Scomberomorus niphonius,Predator,2,SSP1-2.6,102.168542555556,1.19344698722222,102.95600395,1.06599634916667,-0.0110769018040937,0.162931986343979,0.174008888148073
ScomberomorusNiphonius,60,Scomberomorus niphonius,Predator,2,SSP5-8.5,101.753012530864,1.41738481654321,102.95600395,1.06599634916667,-0.0169564561791744,0.411029002493199,0.427985458672374
ScomberomorusNiphonius,61,Scomberomorus niphonius,Predator,2,SSP1-2.6,102.2586295,1.1784934612963,103.173189566667,1.081216448,-0.0128455270037842,0.12428838987809,0.137133916881874
ScomberomorusNiphonius,61,Scomberomorus niphonius,Predator,2,SSP5-8.5,101.634252,1.41907503358025,103.173189566667,1.081216448,-0.0216814327206568,0.392295509759656,0.413976942480312
ScomberomorusNiphonius,62,Scomberomorus niphonius,Predator,2,SSP1-2.6,102.179953524691,1.21209671166667,102.966476733333,1.06047873466667,-0.0110625243742641,0.192789122817055,0.203851647191319
ScomberomorusNiphonius,62,Scomberomorus niphonius,Predator,2,SSP5-8.5,101.702222080247,1.42645420858025,102.966476733333,1.06047873466667,-0.0178235082132501,0.427717743484391,0.445541251697641
ScomberomorusNiphonius,63,Scomberomorus niphonius,Predator,2,SSP1-2.6,102.195499216049,1.20192032765432,103.161727866667,1.07590123166667,-0.0135761822379358,0.159795622745144,0.173371804983079
ScomberomorusNiphonius,63,Scomberomorus niphonius,Predator,2,SSP5-8.5,101.754171462963,1.41997782814815,103.161727866667,1.07590123166667,-0.0198199025876526,0.400322759578774,0.420142662166427
ScomberomorusNiphonius,64,Scomberomorus niphonius,Predator,2,SSP1-2.6,102.154900827161,1.18591691395062,103.012730266667,1.07551771883333,-0.0120642177666569,0.140971644418854,0.153035862185511
ScomberomorusNiphonius,64,Scomberomorus niphonius,Predator,2,SSP5-8.5,101.651255641975,1.43080689592593,103.012730266667,1.07551771883333,-0.0191945999171547,0.411797683757786,0.430992283674941
ScomberomorusNiphonius,65,Scomberomorus niphonius,Predator,2,SSP1-2.6,102.044935327161,1.21113834728395,103.319214483333,1.064777314,-0.0179039994600002,0.185811933423307,0.203715932883307
ScomberomorusNiphonius,65,Scomberomorus niphonius,Predator,2,SSP5-8.5,101.587016753086,1.38752954339506,103.319214483333,1.064777314,-0.024392548656683,0.381966750946797,0.40635929960348
ScomberomorusNiphonius,66,Scomberomorus niphonius,Predator,2,SSP1-2.6,102.032536512346,1.17563597493827,103.1786872,1.07363890366667,-0.0161157180155201,0.130932557693721,0.147048275709241
ScomberomorusNiphonius,66,Scomberomorus niphonius,Predator,2,SSP5-8.5,101.717304783951,1.42980101302469,103.1786872,1.07363890366667,-0.0205798551285728,0.413305525384767,0.43388538051334
ScomberomorusNiphonius,67,Scomberomorus niphonius,Predator,2,SSP1-2.6,102.280034796296,1.18795969567901,103.085816233333,1.09076863416667,-0.0113212867962659,0.123140769920442,0.134462056716708
ScomberomorusNiphonius,67,Scomberomorus niphonius,Predator,2,SSP5-8.5,101.591346722222,1.41383653061728,103.085816233333,1.09076863416667,-0.0210683208437699,0.374270203520263,0.395338524364033
ScomberomorusNiphonius,68,Scomberomorus niphonius,Predator,2,SSP1-2.6,102.122750401235,1.19060365401235,103.130173183333,1.06056711383333,-0.0141621907025358,0.166857308117986,0.181019498820522
ScomberomorusNiphonius,68,Scomberomorus niphonius,Predator,2,SSP5-8.5,101.573125265432,1.40810336567901,103.130173183333,1.06056711383333,-0.0219477521878049,0.408917323779249,0.430865075967053
ScomberomorusNiphonius,69,Scomberomorus niphonius,Predator,2,SSP1-2.6,102.013113716049,1.19173015462963,103.1116633,1.07752347733333,-0.0154529083464675,0.145338297593285,0.160791205939752
ScomberomorusNiphonius,69,Scomberomorus niphonius,Predator,2,SSP5-8.5,101.642589493827,1.42422041574074,103.1116633,1.07752347733333,-0.0207024941848394,0.402453135067549,0.423155629252388
ScomberomorusNiphonius,70,Scomberomorus niphonius,Predator,2,SSP1-2.6,102.105130623457,1.19114006888889,103.097657533333,1.03797624883333,-0.013956192605935,0.198569640936061,0.212525833541996
ScomberomorusNiphonius,70,Scomberomorus niphonius,Predator,2,SSP5-8.5,101.658245895062,1.43114749277778,103.097657533333,1.03797624883333,-0.020284311291506,0.463398930528693,0.483683241820199
ScomberomorusNiphonius,71,Scomberomorus niphonius,Predator,2,SSP1-2.6,102.119058006173,1.17909818537037,102.895549683333,1.04825900716667,-0.0109284510139204,0.169688632220953,0.180617083234874
ScomberomorusNiphonius,71,Scomberomorus niphonius,Predator,2,SSP5-8.5,101.755185111111,1.41623005993827,102.895549683333,1.04825900716667,-0.0160782744600601,0.434060416912392,0.450138691372452
ScomberomorusNiphonius,72,Scomberomorus niphonius,Predator,2,SSP1-2.6,102.331712203704,1.17061962524691,102.926893283333,1.0629417565,-0.00836668646903266,0.139209823436181,0.147576509905214
ScomberomorusNiphonius,72,Scomberomorus niphonius,Predator,2,SSP5-8.5,101.582583709877,1.43140315388889,102.926893283333,1.0629417565,-0.0189669126117234,0.429367516445578,0.448334429057302
ScomberomorusNiphonius,73,Scomberomorus niphonius,Predator,2,SSP1-2.6,102.265582203704,1.17958705382716,103.2543945,1.05558758566667,-0.0138825006378547,0.16023560483947,0.174118105477325
ScomberomorusNiphonius,73,Scomberomorus niphonius,Predator,2,SSP5-8.5,101.654881067901,1.43200840037037,103.2543945,1.05558758566667,-0.0225236945619929,0.439993666755756,0.462517361317749
ScomberomorusNiphonius,74,Scomberomorus niphonius,Predator,2,SSP1-2.6,102.192855018519,1.20141468814815,103.085711066667,1.07692891366667,-0.0125500400790546,0.157811183994728,0.170361224073783
ScomberomorusNiphonius,74,Scomberomorus niphonius,Predator,2,SSP5-8.5,101.661356919753,1.41449506191358,103.085711066667,1.07692891366667,-0.0200729791591443,0.393364117146733,0.413437096305878
ScomberomorusNiphonius,75,Scomberomorus niphonius,Predator,2,SSP1-2.6,102.166297067901,1.20292583111111,102.9648047,1.08106126883333,-0.0112319273848368,0.154099403187037,0.165331330571874
ScomberomorusNiphonius,75,Scomberomorus niphonius,Predator,2,SSP5-8.5,101.630327641975,1.41874530851852,102.9648047,1.08106126883333,-0.0188202985530464,0.392167332021485,0.410987630574531
ScomberomorusNiphonius,76,Scomberomorus niphonius,Predator,2,SSP1-2.6,102.144453753086,1.19192528993827,103.1654574,1.08122983766667,-0.0143491274507069,0.140620580074359,0.154969707525066
ScomberomorusNiphonius,76,Scomberomorus niphonius,Predator,2,SSP5-8.5,101.426634537037,1.43155758679012,103.1654574,1.08122983766667,-0.0245234456610627,0.404912476106266,0.429435921767329
ScomberomorusNiphonius,77,Scomberomorus niphonius,Predator,2,SSP1-2.6,102.109481481481,1.17508651450617,102.86999305,1.09626147083333,-0.0107053772619625,0.100175039080374,0.110880416342337
ScomberomorusNiphonius,77,Scomberomorus niphonius,Predator,2,SSP5-8.5,101.685019574074,1.43796904654321,102.86999305,1.09626147083333,-0.0167150583003088,0.391440682401746,0.408155740702055
ScomberomorusNiphonius,78,Scomberomorus niphonius,Predator,2,SSP1-2.6,102.087134030864,1.18478749944444,103.06707985,1.06682557533333,-0.013782546302527,0.151304007529396,0.165086553831923
ScomberomorusNiphonius,78,Scomberomorus niphonius,Predator,2,SSP5-8.5,101.560874185185,1.41892933265432,103.06707985,1.06682557533333,-0.0212388839928856,0.411478423649358,0.432717307642244
ScomberomorusNiphonius,79,Scomberomorus niphonius,Predator,2,SSP1-2.6,102.074340327161,1.2039938095679,103.1032048,1.05392916183333,-0.0144689333654667,0.192050072593825,0.206519005959292
ScomberomorusNiphonius,79,Scomberomorus niphonius,Predator,2,SSP5-8.5,101.796785450617,1.42236238623457,103.1032048,1.05392916183333,-0.0183971727356156,0.432511176542005,0.45090834927762
ScomberomorusNiphonius,80,Scomberomorus niphonius,Predator,2,SSP1-2.6,102.198378185185,1.18190255604938,102.849269066667,1.0752860215,-0.00915923897227042,0.13639063339593,0.1455498723682
ScomberomorusNiphonius,80,Scomberomorus niphonius,Predator,2,SSP5-8.5,101.530748388889,1.40973276098765,102.849269066667,1.0752860215,-0.0186148299364233,0.390701239369863,0.409316069306287
ScomberomorusNiphonius,81,Scomberomorus niphonius,Predator,2,SSP1-2.6,102.379463518519,1.18185345907407,103.01494375,1.08123143716667,-0.00892728401059321,0.12837579885024,0.137303082860833
ScomberomorusNiphonius,81,Scomberomorus niphonius,Predator,2,SSP5-8.5,101.588323580247,1.44374082296296,103.01494375,1.08123143716667,-0.0201190452759827,0.417136411730995,0.437255457006977
ScomberomorusNiphonius,82,Scomberomorus niphonius,Predator,2,SSP1-2.6,102.163651518519,1.17871973697531,103.209758483333,1.05345790583333,-0.0146973883624873,0.162088062953168,0.176785451315655
ScomberomorusNiphonius,82,Scomberomorus niphonius,Predator,2,SSP5-8.5,101.741734061728,1.42138735981481,103.209758483333,1.05345790583333,-0.0206677955644751,0.432167106830307,0.452834902394782
ScomberomorusNiphonius,83,Scomberomorus niphonius,Predator,2,SSP1-2.6,102.193172839506,1.19435341759259,103.214145966667,1.04044790033333,-0.0143418940111483,0.199025078421748,0.213366972432896
ScomberomorusNiphonius,83,Scomberomorus niphonius,Predator,2,SSP5-8.5,101.762730141975,1.37906588006173,103.214145966667,1.04044790033333,-0.0204314306024463,0.406486653236815,0.426918083839261
ScomberomorusNiphonius,84,Scomberomorus niphonius,Predator,2,SSP1-2.6,102.374204092593,1.17326702512346,102.996770633333,1.0777496535,-0.008746868085212,0.122509296590665,0.131256164675877
ScomberomorusNiphonius,84,Scomberomorus niphonius,Predator,2,SSP5-8.5,101.600184154321,1.45112307419753,102.996770633333,1.0777496535,-0.0196960867205488,0.429147785298613,0.448843872019162
ScomberomorusNiphonius,85,Scomberomorus niphonius,Predator,2,SSP1-2.6,102.11131845679,1.19837680154321,103.092404416667,1.10298193016667,-0.0137952529703364,0.119672445285416,0.133467698255753
ScomberomorusNiphonius,85,Scomberomorus niphonius,Predator,2,SSP5-8.5,101.716541382716,1.44787710555556,103.092404416667,1.10298193016667,-0.0193837298315514,0.392529997153945,0.411913726985497
ScomberomorusNiphonius,86,Scomberomorus niphonius,Predator,2,SSP1-2.6,102.023021574074,1.20962448462963,103.002092666667,1.05067379016667,-0.013778914376534,0.203244431812588,0.217023346189122
ScomberomorusNiphonius,86,Scomberomorus niphonius,Predator,2,SSP5-8.5,101.632860506173,1.43603372802469,103.002092666667,1.05067379016667,-0.0193067107819107,0.450774818552482,0.470081529334393
ScomberomorusNiphonius,87,Scomberomorus niphonius,Predator,2,SSP1-2.6,102.054559308642,1.19397338611111,103.073745666667,1.050803812,-0.0143362682609279,0.184277339763153,0.198613608024081
ScomberomorusNiphonius,87,Scomberomorus niphonius,Predator,2,SSP5-8.5,101.59765462963,1.41660371648148,103.073745666667,1.050803812,-0.0208098067294497,0.430942893080664,0.451752699810114
ScomberomorusNiphonius,88,Scomberomorus niphonius,Predator,2,SSP1-2.6,102.171727987654,1.20341406802469,103.116261366667,1.0460810785,-0.013275820391664,0.202138452484381,0.215414272876045
ScomberomorusNiphonius,88,Scomberomorus niphonius,Predator,2,SSP5-8.5,101.78391145679,1.40400675987654,103.116261366667,1.0460810785,-0.0187623238459408,0.424555207071766,0.443317530917706
ScomberomorusNiphonius,89,Scomberomorus niphonius,Predator,2,SSP1-2.6,102.224214432099,1.21076816802469,103.095044016667,1.0555451645,-0.0122380050086944,0.197934341461662,0.210172346470357
ScomberomorusNiphonius,89,Scomberomorus niphonius,Predator,2,SSP5-8.5,101.489033493827,1.42855688320988,103.095044016667,1.0555451645,-0.0226511372845252,0.436570173776703,0.459221311061228
ScomberomorusNiphonius,90,Scomberomorus niphonius,Predator,2,SSP1-2.6,102.043059919753,1.18615414037037,103.241441066667,1.048815092,-0.0168441179839225,0.17753114926336,0.194375267247283
ScomberomorusNiphonius,90,Scomberomorus niphonius,Predator,2,SSP5-8.5,101.769279858025,1.43381031604938,103.241441066667,1.048815092,-0.0207200498863143,0.451093826735002,0.471813876621317
ScomberomorusNiphonius,91,Scomberomorus niphonius,Predator,2,SSP1-2.6,102.251279067901,1.20370836067901,103.07403785,1.045023968,-0.0115621043304695,0.203949861041853,0.215511965372323
ScomberomorusNiphonius,91,Scomberomorus niphonius,Predator,2,SSP5-8.5,101.545218271605,1.39751942469136,103.07403785,1.045023968,-0.0215586891418761,0.41933230439898,0.440890993540856
ScomberomorusNiphonius,92,Scomberomorus niphonius,Predator,2,SSP1-2.6,102.016535104938,1.16636565160494,103.174411066667,1.063372043,-0.0162821963643115,0.133373697069937,0.149655893434249
ScomberomorusNiphonius,92,Scomberomorus niphonius,Predator,2,SSP5-8.5,101.73938091358,1.43227864444444,103.174411066667,1.063372043,-0.0202069827641335,0.429665748530942,0.449872731295076
ScomberomorusNiphonius,93,Scomberomorus niphonius,Predator,2,SSP1-2.6,101.971854691358,1.20149809061728,103.040256816667,1.10336874083333,-0.015037086255441,0.122919342127046,0.137956428382487
ScomberomorusNiphonius,93,Scomberomorus niphonius,Predator,2,SSP5-8.5,101.856733851852,1.42535212950617,103.040256816667,1.10336874083333,-0.016666732843342,0.36940336367988,0.386070096523222
ScomberomorusNiphonius,94,Scomberomorus niphonius,Predator,2,SSP1-2.6,102.184822567901,1.1978360958642,103.075353083333,1.07411962883333,-0.0125184733513418,0.157275831817173,0.169794305168514
ScomberomorusNiphonius,94,Scomberomorus niphonius,Predator,2,SSP5-8.5,101.759403240741,1.41010814154321,103.075353083333,1.07411962883333,-0.0185372879694032,0.392651126741502,0.411188414710905
ScomberomorusNiphonius,95,Scomberomorus niphonius,Predator,2,SSP1-2.6,102.160163425926,1.18712820969136,103.026573116667,1.06609903583333,-0.012183754313301,0.155134290029264,0.167318044342565
ScomberomorusNiphonius,95,Scomberomorus niphonius,Predator,2,SSP5-8.5,101.605443888889,1.42625704481481,103.026573116667,1.06609903583333,-0.0200387904280432,0.419892548299114,0.439931338727157
ScomberomorusNiphonius,96,Scomberomorus niphonius,Predator,2,SSP1-2.6,102.204036290123,1.1762518358642,103.119887483333,1.07173447133333,-0.0128704216574418,0.134249460991529,0.147119882648971
ScomberomorusNiphonius,96,Scomberomorus niphonius,Predator,2,SSP5-8.5,101.691011783951,1.44510259314815,103.119887483333,1.07173447133333,-0.0201304260548966,0.431224404902877,0.451354830957774
ScomberomorusNiphonius,97,Scomberomorus niphonius,Predator,2,SSP1-2.6,102.158729425926,1.18322675481481,102.985384033333,1.07922711616667,-0.0116271136203006,0.132728077412839,0.14435519103314
ScomberomorusNiphonius,97,Scomberomorus niphonius,Predator,2,SSP5-8.5,101.593365419753,1.42152072925926,102.985384033333,1.07922711616667,-0.0196334110960692,0.397436634851868,0.417070045947937
ScomberomorusNiphonius,98,Scomberomorus niphonius,Predator,2,SSP1-2.6,102.018718833333,1.2104006037037,102.94091775,1.08639423133333,-0.0129826614088525,0.155936888111079,0.168919549519931
ScomberomorusNiphonius,98,Scomberomorus niphonius,Predator,2,SSP5-8.5,101.745669283951,1.40985658271605,102.94091775,1.08639423133333,-0.0168491610483436,0.376000688200596,0.392849849248939
ScomberomorusNiphonius,99,Scomberomorus niphonius,Predator,2,SSP1-2.6,102.211489339506,1.19000496438272,102.865639016667,1.08069331133333,-0.00920377326874292,0.139010431633893,0.148214204902636
ScomberomorusNiphonius,99,Scomberomorus niphonius,Predator,2,SSP5-8.5,101.708060777778,1.39609419358025,102.865639016667,1.08069331133333,-0.0163271252432656,0.369439122090837,0.385766247334103
ScomberomorusNiphonius,100,Scomberomorus niphonius,Predator,2,SSP1-2.6,102.175326876543,1.19105345382716,103.001976,1.06423093383333,-0.0116251556800781,0.162426918185816,0.174052073865894
ScomberomorusNiphonius,100,Scomberomorus niphonius,Predator,2,SSP5-8.5,101.789501185185,1.41399305685185,103.001976,1.06423093383333,-0.0170832484383384,0.409963792247801,0.42704704068614
TodarodesPacificus,1,Todarodes pacificus,Invertebrate,6,SSP1-2.6,13.5336726888889,0.883132428765432,15.8637138833333,0.653057827,-0.229177159998619,0.435419045945217,0.664596205943836
TodarodesPacificus,1,Todarodes pacificus,Invertebrate,6,SSP5-8.5,13.2025204790123,0.994055775185185,15.8637138833333,0.653057827,-0.264917183343365,0.606116056546374,0.871033239889739
TodarodesPacificus,2,Todarodes pacificus,Invertebrate,6,SSP1-2.6,12.6097206765432,0.982937950567901,15.4548356166667,0.4558506975,-0.293521990991973,1.10853896409267,1.40206095508464
TodarodesPacificus,2,Todarodes pacificus,Invertebrate,6,SSP5-8.5,14.9149105012346,0.921555395679012,15.4548356166667,0.4558506975,-0.0513029886119931,1.01550950734246,1.06681249595445
TodarodesPacificus,3,Todarodes pacificus,Invertebrate,6,SSP1-2.6,14.1649957777778,0.840988487530864,13.6828434233333,0.516239613333333,0.0499621047311845,0.704045201250635,0.65408309651945
TodarodesPacificus,3,Todarodes pacificus,Invertebrate,6,SSP5-8.5,14.0167126,1.03888595567901,13.6828434233333,0.516239613333333,0.0347799605824553,1.00892453511148,0.974144574529025
TodarodesPacificus,4,Todarodes pacificus,Invertebrate,6,SSP1-2.6,13.3597909641975,0.802047349333333,14.4134922366667,0.505991237666667,-0.109522492946904,0.664575007788985,0.774097500735889
TodarodesPacificus,4,Todarodes pacificus,Invertebrate,6,SSP5-8.5,13.5021075012346,1.10484572493827,14.4134922366667,0.505991237666667,-0.0942353170535968,1.12666062618927,1.22089594324287
TodarodesPacificus,5,Todarodes pacificus,Invertebrate,6,SSP1-2.6,14.2159359382716,0.764358829876543,16.18886,0.442034915,-0.187492311141307,0.790089745305121,0.977582056446428
TodarodesPacificus,5,Todarodes pacificus,Invertebrate,6,SSP5-8.5,12.5335024,0.959142830740741,16.18886,0.442034915,-0.369211774286484,1.1175853419205,1.48679711620698
TodarodesPacificus,6,Todarodes pacificus,Invertebrate,6,SSP1-2.6,13.0667746135802,0.803733204938272,12.7777813666667,0.608005233333333,0.0322657122011806,0.402632944196727,0.370367231995547
TodarodesPacificus,6,Todarodes pacificus,Invertebrate,6,SSP5-8.5,13.8388531567901,1.16104539765432,12.7777813666667,0.608005233333333,0.115087030147478,0.933268736988415,0.818181706840937
TodarodesPacificus,7,Todarodes pacificus,Invertebrate,6,SSP1-2.6,13.5343699765432,0.820670459012346,18.2113796733333,0.526315327,-0.428212491566349,0.640875614111637,1.06908810567799
TodarodesPacificus,7,Todarodes pacificus,Invertebrate,6,SSP5-8.5,13.6765357246914,1.10418443555556,18.2113796733333,0.526315327,-0.413137382468949,1.06898185659152,1.48211923906047
TodarodesPacificus,8,Todarodes pacificus,Invertebrate,6,SSP1-2.6,14.3340703654321,0.933448452345679,15.2529863833333,0.524885508,-0.0896433939168532,0.830567589432244,0.920210983349097
TodarodesPacificus,8,Todarodes pacificus,Invertebrate,6,SSP5-8.5,13.8889440790123,0.881925776666667,15.2529863833333,0.524885508,-0.135154814557691,0.74865447739196,0.88380929194965
TodarodesPacificus,9,Todarodes pacificus,Invertebrate,6,SSP1-2.6,12.8268639469136,0.720780651975309,15.25873506,0.618476335166667,-0.250466881020924,0.22084189094242,0.471308771963345
TodarodesPacificus,9,Todarodes pacificus,Invertebrate,6,SSP5-8.5,13.1122665037037,1.08848093691358,15.25873506,0.618476335166667,-0.218718286292252,0.815525841781228,1.03424412807348
TodarodesPacificus,10,Todarodes pacificus,Invertebrate,6,SSP1-2.6,12.450494491358,0.977442715061729,14.8930484033333,0.630085902666667,-0.258436041712154,0.6334636213058,0.891899663017953
TodarodesPacificus,10,Todarodes pacificus,Invertebrate,6,SSP5-8.5,13.7164394851852,1.13551525296296,14.8930484033333,0.630085902666667,-0.118733048914412,0.849726648626763,0.968459697541175
TodarodesPacificus,11,Todarodes pacificus,Invertebrate,6,SSP1-2.6,12.5358097888889,0.89964493,15.9895519733333,0.718398396333333,-0.351074320650883,0.324571584300333,0.675645904951217
TodarodesPacificus,11,Todarodes pacificus,Invertebrate,6,SSP5-8.5,12.0591150506173,1.10968715012346,15.9895519733333,0.718398396333333,-0.407005475125123,0.627296965679323,1.03430244080445
TodarodesPacificus,12,Todarodes pacificus,Invertebrate,6,SSP1-2.6,12.7814055209877,0.74684142382716,15.6460073666667,0.607658113333333,-0.29174805683116,0.297542100922087,0.589290157753246
TodarodesPacificus,12,Todarodes pacificus,Invertebrate,6,SSP5-8.5,12.6856572320988,1.02978383074074,15.6460073666667,0.607658113333333,-0.302596283323551,0.761009769226484,1.06360605255004
TodarodesPacificus,13,Todarodes pacificus,Invertebrate,6,SSP1-2.6,12.949008354321,0.916431001111111,15.0811667166667,0.718650268333333,-0.21990642403751,0.350736410214451,0.570642834251961
TodarodesPacificus,13,Todarodes pacificus,Invertebrate,6,SSP5-8.5,11.8319959185185,0.976433447037037,15.0811667166667,0.718650268333333,-0.350054583522355,0.442231861591151,0.792286445113506
TodarodesPacificus,14,Todarodes pacificus,Invertebrate,6,SSP1-2.6,12.256663817284,0.707278227160494,15.29086188,0.642731696466667,-0.319103387066037,0.138061229111609,0.457164616177646
TodarodesPacificus,14,Todarodes pacificus,Invertebrate,6,SSP5-8.5,14.1745379950617,1.05143296055556,15.29086188,0.642731696466667,-0.109368014766974,0.710068340567029,0.819436355334003
TodarodesPacificus,15,Todarodes pacificus,Invertebrate,6,SSP1-2.6,13.1274613975309,0.71158789037037,18.5035541733333,0.447858256333333,-0.495214457753548,0.66799975665534,1.16321421440889
TodarodesPacificus,15,Todarodes pacificus,Invertebrate,6,SSP5-8.5,14.6754023,0.908597865555556,18.5035541733333,0.447858256333333,-0.334402358261875,1.02059971354754,1.35500207180942
TodarodesPacificus,16,Todarodes pacificus,Invertebrate,6,SSP1-2.6,13.3578420765432,0.759211804074074,14.4144867,0.464615212333333,-0.109832500232126,0.708466031931927,0.818298532164053
TodarodesPacificus,16,Todarodes pacificus,Invertebrate,6,SSP5-8.5,13.2381419,0.935843370740741,14.4144867,0.464615212333333,-0.122818823075276,1.01023069919361,1.13304952226889
TodarodesPacificus,17,Todarodes pacificus,Invertebrate,6,SSP1-2.6,13.1262053518519,0.772904760864198,14.6981623433333,0.41586192,-0.163185883016462,0.894186067739562,1.05737195075602
TodarodesPacificus,17,Todarodes pacificus,Invertebrate,6,SSP5-8.5,13.0794481839506,0.92248880037037,14.6981623433333,0.41586192,-0.168334116068376,1.14942681090005,1.31776092696843
TodarodesPacificus,18,Todarodes pacificus,Invertebrate,6,SSP1-2.6,13.4278365024691,0.952807484938272,19.7680491066667,0.502329440333333,-0.557943623665583,0.923550916166915,1.4814945398325
TodarodesPacificus,18,Todarodes pacificus,Invertebrate,6,SSP5-8.5,14.184266891358,0.928607921481482,19.7680491066667,0.502329440333333,-0.478878912270938,0.886435757442692,1.36531466971363
TodarodesPacificus,19,Todarodes pacificus,Invertebrate,6,SSP1-2.6,12.5447051506173,0.925039241358025,19.81152759,0.569989249333333,-0.65926156293294,0.69857985930083,1.35784142223377
TodarodesPacificus,19,Todarodes pacificus,Invertebrate,6,SSP5-8.5,11.8651106753086,0.966853403703704,19.81152759,0.569989249333333,-0.739614567374681,0.762362453291151,1.50197702066583
TodarodesPacificus,20,Todarodes pacificus,Invertebrate,6,SSP1-2.6,13.8913839407407,0.77990885037037,14.9779464733333,0.528695091833333,-0.108649502849727,0.560869589494454,0.669519092344181
TodarodesPacificus,20,Todarodes pacificus,Invertebrate,6,SSP5-8.5,12.1796472938272,1.04087022530864,14.9779464733333,0.528695091833333,-0.298367483684001,0.977282367465646,1.27564985114965
TodarodesPacificus,21,Todarodes pacificus,Invertebrate,6,SSP1-2.6,12.6031367962963,0.734904572691358,21.7652686733333,0.575988450333333,-0.788244978085779,0.351517045086664,1.13976202317244
TodarodesPacificus,21,Todarodes pacificus,Invertebrate,6,SSP5-8.5,14.2576045790123,0.923265652469136,21.7652686733333,0.575988450333333,-0.610296214190464,0.68070593301747,1.29100214720793
TodarodesPacificus,22,Todarodes pacificus,Invertebrate,6,SSP1-2.6,15.2227727493827,1.01263803598765,15.6134547233333,0.432487852,-0.0365586294675483,1.2273870647855,1.26394569425305
TodarodesPacificus,22,Todarodes pacificus,Invertebrate,6,SSP5-8.5,12.318128445679,1.08085917901235,15.6134547233333,0.432487852,-0.342006714816243,1.32144705705006,1.6634537718663
TodarodesPacificus,23,Todarodes pacificus,Invertebrate,6,SSP1-2.6,13.9584712444444,0.818738910679012,16.5415338666667,0.536851940866667,-0.244952075446603,0.60887920101997,0.853831276466573
TodarodesPacificus,23,Todarodes pacificus,Invertebrate,6,SSP5-8.5,13.4292518493827,1.06114831259259,16.5415338666667,0.536851940866667,-0.300714085515201,0.983030144912411,1.28374423042761
TodarodesPacificus,24,Todarodes pacificus,Invertebrate,6,SSP1-2.6,13.7518586814815,0.940111218271605,20.56333486,0.474549720333333,-0.580447628249113,0.986272190816652,1.56671981906577
TodarodesPacificus,24,Todarodes pacificus,Invertebrate,6,SSP5-8.5,12.8812945259259,1.04585643432099,20.56333486,0.474549720333333,-0.674796666013628,1.14005366830938,1.81485033432301
TodarodesPacificus,25,Todarodes pacificus,Invertebrate,6,SSP1-2.6,15.3183616740741,0.801565272469136,17.6388544633333,0.505563738,-0.203494862918376,0.664927016970668,0.868421879889043
TodarodesPacificus,25,Todarodes pacificus,Invertebrate,6,SSP5-8.5,12.8443299777778,1.09997110938272,17.6388544633333,0.505563738,-0.457625235373167,1.12150073824624,1.57912597361941
TodarodesPacificus,26,Todarodes pacificus,Invertebrate,6,SSP1-2.6,13.1093779320988,0.839036778641975,14.2175565166667,0.471220057,-0.117074310973295,0.832333104353179,0.949407415326473
TodarodesPacificus,26,Todarodes pacificus,Invertebrate,6,SSP5-8.5,12.3317478419753,1.28321342938272,14.2175565166667,0.471220057,-0.205296244391982,1.44528829298367,1.65058453737566
TodarodesPacificus,27,Todarodes pacificus,Invertebrate,6,SSP1-2.6,14.0326081098765,0.804009498703704,13.0384082633333,0.467515936133333,0.106015418892369,0.782197003017139,0.676181584124771
TodarodesPacificus,27,Todarodes pacificus,Invertebrate,6,SSP5-8.5,12.7246487716049,0.936379382962963,13.0384082633333,0.467515936133333,-0.0351419199640038,1.00207762706315,1.03721954702715
TodarodesPacificus,28,Todarodes pacificus,Invertebrate,6,SSP1-2.6,13.3452910604938,0.850866803148148,12.9598711633333,0.597713419333333,0.0422793947945767,0.509479373197211,0.467199978402634
TodarodesPacificus,28,Todarodes pacificus,Invertebrate,6,SSP5-8.5,13.1746357555556,1.0600998854321,12.9598711633333,0.597713419333333,0.0237116994704319,0.826674367405132,0.8029626679347
TodarodesPacificus,29,Todarodes pacificus,Invertebrate,6,SSP1-2.6,13.0844818654321,0.844214442469136,16.20395149,0.476593069,-0.308488875129979,0.824851539684426,1.13334041481441
TodarodesPacificus,29,Todarodes pacificus,Invertebrate,6,SSP5-8.5,12.4013475876543,1.10951285061728,16.20395149,0.476593069,-0.385848772095965,1.21909650127608,1.60494527337204
TodarodesPacificus,30,Todarodes pacificus,Invertebrate,6,SSP1-2.6,14.5488378148148,0.701281538271605,16.26321085,0.586703301333333,-0.160708204321111,0.257362638588307,0.418070842909418
TodarodesPacificus,30,Todarodes pacificus,Invertebrate,6,SSP5-8.5,15.0109910395062,0.929670059876543,16.26321085,0.586703301333333,-0.115592889032298,0.664087684282081,0.779680573314379
TodarodesPacificus,31,Todarodes pacificus,Invertebrate,6,SSP1-2.6,13.1549105740741,0.781265207901235,14.86176281,0.5434130135,-0.176003808328424,0.523763252830958,0.699767061159383
TodarodesPacificus,31,Todarodes pacificus,Invertebrate,6,SSP5-8.5,12.1347563876543,1.08429450444444,14.86176281,0.5434130135,-0.292460103720099,0.996635638934793,1.28909574265489
TodarodesPacificus,32,Todarodes pacificus,Invertebrate,6,SSP1-2.6,13.1337563679012,0.913099889753086,23.0325316,0.437480908333333,-0.810393393867224,1.06155263524042,1.87194602910765
TodarodesPacificus,32,Todarodes pacificus,Invertebrate,6,SSP5-8.5,12.5798198987654,1.00195870938272,23.0325316,0.437480908333333,-0.872561724609962,1.19553109222079,2.06809281683075
TodarodesPacificus,33,Todarodes pacificus,Invertebrate,6,SSP1-2.6,12.6958451506173,0.81897283082716,18.1166075566667,0.529664189,-0.512956390331999,0.628737621474055,1.14169401180605
TodarodesPacificus,33,Todarodes pacificus,Invertebrate,6,SSP5-8.5,14.0332881530864,1.1740656708642,18.1166075566667,0.529664189,-0.368459739569261,1.14836323190613,1.51682297147539
TodarodesPacificus,34,Todarodes pacificus,Invertebrate,6,SSP1-2.6,13.0811231938272,0.840858395679012,13.1846154,0.634598290333333,-0.0113690665705219,0.406019230120736,0.417388296691257
TodarodesPacificus,34,Todarodes pacificus,Invertebrate,6,SSP5-8.5,13.6261747246914,0.98291035617284,13.1846154,0.634598290333333,0.0475251233988723,0.631216210744745,0.583691087345873
TodarodesPacificus,35,Todarodes pacificus,Invertebrate,6,SSP1-2.6,13.1185155654321,0.77834100654321,12.8434529833333,0.553279672166667,0.0305713545212216,0.492393447603119,0.461822093081898
TodarodesPacificus,35,Todarodes pacificus,Invertebrate,6,SSP5-8.5,15.9483824123457,1.05451233283951,12.8434529833333,0.553279672166667,0.312376978458209,0.930495143614064,0.618118165155855
TodarodesPacificus,36,Todarodes pacificus,Invertebrate,6,SSP1-2.6,12.9235897765432,0.92202766345679,13.4972966166667,0.626467559,-0.0626636156771783,0.557570233313087,0.620233848990265
TodarodesPacificus,36,Todarodes pacificus,Invertebrate,6,SSP5-8.5,12.8842014555556,0.867489837901235,13.4972966166667,0.626467559,-0.0670673539877252,0.469607054570945,0.536674408558671
TodarodesPacificus,37,Todarodes pacificus,Invertebrate,6,SSP1-2.6,13.0880722345679,0.82482478945679,17.2845037233333,0.540838487666667,-0.401226565388197,0.60888987069607,1.01011643608427
TodarodesPacificus,37,Todarodes pacificus,Invertebrate,6,SSP5-8.5,12.4018517567901,1.06508576901235,17.2845037233333,0.540838487666667,-0.478923631485917,0.977699885352111,1.45662351683803
TodarodesPacificus,38,Todarodes pacificus,Invertebrate,6,SSP1-2.6,12.9732276506173,0.829506353580247,14.80713155,0.667370762,-0.190754730654765,0.313764549122566,0.504519279777331
TodarodesPacificus,38,Todarodes pacificus,Invertebrate,6,SSP5-8.5,12.7405853691358,1.0410490637037,14.80713155,0.667370762,-0.216860623521242,0.641477675661028,0.85833829918227
TodarodesPacificus,39,Todarodes pacificus,Invertebrate,6,SSP1-2.6,13.7393064419753,0.825512080864198,23.4903132633333,0.448625428,-0.773756774069748,0.879777933842654,1.6535347079124
TodarodesPacificus,39,Todarodes pacificus,Invertebrate,6,SSP5-8.5,13.5339289246914,1.08043724049383,23.4903132633333,0.448625428,-0.795485235878956,1.26803197308434,2.0635172089633
TodarodesPacificus,40,Todarodes pacificus,Invertebrate,6,SSP1-2.6,13.635395062963,0.875524175679012,13.8147297133333,0.614255736133333,-0.0188508353881164,0.51130759102926,0.530158426417377
TodarodesPacificus,40,Todarodes pacificus,Invertebrate,6,SSP5-8.5,13.6129793481481,1.10607878407407,13.8147297133333,0.614255736133333,-0.021224485089827,0.848542819748766,0.869767304838593
TodarodesPacificus,41,Todarodes pacificus,Invertebrate,6,SSP1-2.6,13.0352853493827,0.742036325135802,10.9702933233333,0.476447088333333,0.248820063598594,0.6391738082433,0.390353744644706
TodarodesPacificus,41,Todarodes pacificus,Invertebrate,6,SSP5-8.5,12.8869373209877,1.06935603851852,10.9702933233333,0.476447088333333,0.232307335959767,1.16635436338674,0.934047027426972
TodarodesPacificus,42,Todarodes pacificus,Invertebrate,6,SSP1-2.6,13.0099113382716,0.754438119012346,25.9855096466667,0.495194201133333,-0.998096224251909,0.607408151707479,1.60550437595939
TodarodesPacificus,42,Todarodes pacificus,Invertebrate,6,SSP5-8.5,13.0337105716049,0.992576199012346,25.9855096466667,0.495194201133333,-0.995459490729734,1.00318344038428,1.99864293111402
TodarodesPacificus,43,Todarodes pacificus,Invertebrate,6,SSP1-2.6,12.6237846740741,0.910718068641975,16.1847919,0.481254386666667,-0.358494313462405,0.920204816440872,1.27869912990328
TodarodesPacificus,43,Todarodes pacificus,Invertebrate,6,SSP5-8.5,14.5851656135802,0.960595327777778,16.1847919,0.481254386666667,-0.150137047820084,0.997129100475247,1.14726614829533
TodarodesPacificus,44,Todarodes pacificus,Invertebrate,6,SSP1-2.6,12.8395332938272,0.883454177160494,16.5691215833333,0.550532963666667,-0.367904357032036,0.682326358209172,1.05023071524121
TodarodesPacificus,44,Todarodes pacificus,Invertebrate,6,SSP5-8.5,12.9140891308642,1.14481290395062,16.5691215833333,0.550532963666667,-0.359551230231112,1.05621098466927,1.41576221490038
TodarodesPacificus,45,Todarodes pacificus,Invertebrate,6,SSP1-2.6,13.1856406530864,0.910444724691358,16.8861307566667,0.579430087666667,-0.356871121293704,0.651936829959837,1.00880795125354
TodarodesPacificus,45,Todarodes pacificus,Invertebrate,6,SSP5-8.5,13.7931642962963,1.05459121123457,16.8861307566667,0.579430087666667,-0.291885326513524,0.863977373233776,1.1558626997473
TodarodesPacificus,46,Todarodes pacificus,Invertebrate,6,SSP1-2.6,13.8876370333333,0.788803171481482,16.8869590933333,0.515483719666667,-0.282108412111132,0.613738488058416,0.895846900169547
TodarodesPacificus,46,Todarodes pacificus,Invertebrate,6,SSP5-8.5,12.5361950666667,0.957552422716049,16.8869590933333,0.515483719666667,-0.429810025453049,0.893424607608406,1.32323463306146
TodarodesPacificus,47,Todarodes pacificus,Invertebrate,6,SSP1-2.6,13.9262639938272,0.874860678765432,13.8120842633333,0.5834971841,0.0118772365112173,0.58432759294811,0.572450356436893
TodarodesPacificus,47,Todarodes pacificus,Invertebrate,6,SSP5-8.5,13.0998308061728,1.10206328469136,13.8120842633333,0.5834971841,-0.0763828623462832,0.917409472600447,0.99379233494673
TodarodesPacificus,48,Todarodes pacificus,Invertebrate,6,SSP1-2.6,13.1701359950617,0.82000739,13.6784224966667,0.681248795333333,-0.0546316139047114,0.267455137890345,0.322086751795056
TodarodesPacificus,48,Todarodes pacificus,Invertebrate,6,SSP5-8.5,11.6964039580247,1.07199106160494,13.6784224966667,0.681248795333333,-0.225836813332722,0.654039197731164,0.879876011063886
TodarodesPacificus,49,Todarodes pacificus,Invertebrate,6,SSP1-2.6,13.3001226407407,0.846299779135802,14.17754071,0.447474659033333,-0.0921677500124008,0.919362806802399,1.0115305568148
TodarodesPacificus,49,Todarodes pacificus,Invertebrate,6,SSP5-8.5,14.943436437037,0.973654112345679,14.17754071,0.447474659033333,0.0759046537927761,1.12160336697347,1.0456987131807
TodarodesPacificus,50,Todarodes pacificus,Invertebrate,6,SSP1-2.6,12.7936309580247,0.794076664197531,14.62920522,0.492943354133333,-0.193425619076534,0.687856428273681,0.881282047350215
TodarodesPacificus,50,Todarodes pacificus,Invertebrate,6,SSP5-8.5,13.1653165506173,1.03060216604938,14.62920522,0.492943354133333,-0.152109182050548,1.06399375372098,1.21610293577153
TodarodesPacificus,51,Todarodes pacificus,Invertebrate,6,SSP1-2.6,13.1973895679012,0.867925652839506,19.29019422,0.523871097333333,-0.547615075000094,0.728359596832097,1.27597467183219
TodarodesPacificus,51,Todarodes pacificus,Invertebrate,6,SSP5-8.5,13.4323262037037,0.925503240617284,19.29019422,0.523871097333333,-0.522158497361065,0.821026172856687,1.34318467021775
TodarodesPacificus,52,Todarodes pacificus,Invertebrate,6,SSP1-2.6,13.8132567271605,0.713178907160494,14.3735983233333,0.557895576666667,-0.0573677736104792,0.354268921855195,0.411636695465674
TodarodesPacificus,52,Todarodes pacificus,Invertebrate,6,SSP5-8.5,13.6065673160494,1.08322898160494,14.3735983233333,0.557895576666667,-0.0791181273638944,0.957271225613692,1.03638935297759
TodarodesPacificus,53,Todarodes pacificus,Invertebrate,6,SSP1-2.6,13.0575236358025,0.899056150493827,14.10958249,0.621779837,-0.111793983281639,0.532007388078819,0.643801371360458
TodarodesPacificus,53,Todarodes pacificus,Invertebrate,6,SSP5-8.5,13.3366819296296,0.986178919580247,14.10958249,0.621779837,-0.0812755194246216,0.665445580425115,0.746721099849737
TodarodesPacificus,54,Todarodes pacificus,Invertebrate,6,SSP1-2.6,13.3395755839506,0.949505513506173,13.4578832966667,0.411988537333333,-0.0127387496061178,1.20457217953605,1.21731092914216
TodarodesPacificus,54,Todarodes pacificus,Invertebrate,6,SSP5-8.5,12.8391556395062,1.25829553827161,13.4578832966667,0.411988537333333,-0.0679011881490593,1.61079470725874,1.6786958954078
TodarodesPacificus,55,Todarodes pacificus,Invertebrate,6,SSP1-2.6,13.1724014691358,0.782606955555556,12.7766011333333,0.626141310333333,0.044014290639281,0.321799644813143,0.277785354173862
TodarodesPacificus,55,Todarodes pacificus,Invertebrate,6,SSP5-8.5,12.2935337604938,0.937830132839506,12.7766011333333,0.626141310333333,-0.0556044214494455,0.582838346458941,0.638442767908387
TodarodesPacificus,56,Todarodes pacificus,Invertebrate,6,SSP1-2.6,12.9289881098765,0.877295111234568,15.5518796166667,0.518439802866667,-0.26647958982769,0.758885744683146,1.02536533451084
TodarodesPacificus,56,Todarodes pacificus,Invertebrate,6,SSP5-8.5,13.5878377888889,1.15048926793827,15.5518796166667,0.518439802866667,-0.194773055954814,1.14999913626469,1.3447721922195
TodarodesPacificus,57,Todarodes pacificus,Invertebrate,6,SSP1-2.6,13.8009358135802,0.818994236049383,14.8043113866667,0.554846895333333,-0.101251289457064,0.561763569893456,0.66301485935052
TodarodesPacificus,57,Todarodes pacificus,Invertebrate,6,SSP5-8.5,12.5515519962963,1.05070053649383,14.8043113866667,0.554846895333333,-0.238151621923507,0.921189907113609,1.15934152903712
TodarodesPacificus,58,Todarodes pacificus,Invertebrate,6,SSP1-2.6,14.5207519703704,0.879016858765432,15.2610742833333,0.565263552,-0.0717403558293301,0.636967159737371,0.708707515566701
TodarodesPacificus,58,Todarodes pacificus,Invertebrate,6,SSP5-8.5,14.0227886049383,1.01429198753086,15.2610742833333,0.565263552,-0.122083246744621,0.843477444818242,0.965560691562863
TodarodesPacificus,59,Todarodes pacificus,Invertebrate,6,SSP1-2.6,12.5526185555556,0.916984445061728,17.3609952833333,0.498721859333333,-0.467861307114527,0.878661822648359,1.34652312976289
TodarodesPacificus,59,Todarodes pacificus,Invertebrate,6,SSP5-8.5,12.9813380962963,0.984425543827161,17.3609952833333,0.498721859333333,-0.419410556207756,0.981046654526774,1.40045721073453
TodarodesPacificus,60,Todarodes pacificus,Invertebrate,6,SSP1-2.6,12.8000538901235,0.958595231481481,13.9757688166667,0.524432359333333,-0.126777764701196,0.870165055610405,0.996942820311602
TodarodesPacificus,60,Todarodes pacificus,Invertebrate,6,SSP5-8.5,13.2540247987654,1.05896205901235,13.9757688166667,0.524432359333333,-0.0764971250344278,1.01382228789318,1.0903194129276
TodarodesPacificus,61,Todarodes pacificus,Invertebrate,6,SSP1-2.6,12.4720534962963,0.893367977283951,15.4203415366667,0.469318158866667,-0.306135697762217,0.928688260031017,1.23482395779323
TodarodesPacificus,61,Todarodes pacificus,Invertebrate,6,SSP5-8.5,12.9693686580247,0.882185829012346,15.4203415366667,0.469318158866667,-0.24972646739521,0.910516303663031,1.16024277105824
TodarodesPacificus,62,Todarodes pacificus,Invertebrate,6,SSP1-2.6,13.5499185962963,0.822002109506173,12.1332123,0.617121675666667,0.159322625989672,0.413587127878235,0.254264501888563
TodarodesPacificus,62,Todarodes pacificus,Invertebrate,6,SSP5-8.5,12.816327791358,1.14128866333333,12.1332123,0.617121675666667,0.0790213934557201,0.887036861549237,0.808015468093517
TodarodesPacificus,63,Todarodes pacificus,Invertebrate,6,SSP1-2.6,12.954140108642,0.881483549259259,13.3887197766667,0.442361188333333,-0.047604764312975,0.994708832749338,1.04231359706231
TodarodesPacificus,63,Todarodes pacificus,Invertebrate,6,SSP5-8.5,12.2471579382716,0.942339106049383,13.3887197766667,0.442361188333333,-0.128571019534406,1.09102150256779,1.2195925221022
TodarodesPacificus,64,Todarodes pacificus,Invertebrate,6,SSP1-2.6,12.9939861123457,0.764924214938272,14.9749038833333,0.678717118333333,-0.204702674701303,0.172506418842012,0.377209093543315
TodarodesPacificus,64,Todarodes pacificus,Invertebrate,6,SSP5-8.5,11.8657660518519,1.00563436592593,14.9749038833333,0.678717118333333,-0.335741499395266,0.567223551703283,0.902965051098549
TodarodesPacificus,65,Todarodes pacificus,Invertebrate,6,SSP1-2.6,12.7440494654321,0.885359283333333,12.5290423,0.5346784874,0.0245476301725235,0.727591395477899,0.703043765305375
TodarodesPacificus,65,Todarodes pacificus,Invertebrate,6,SSP5-8.5,13.0621448012346,0.979233147160494,12.5290423,0.5346784874,0.0601156649683855,0.872980762679715,0.812865097711329
TodarodesPacificus,66,Todarodes pacificus,Invertebrate,6,SSP1-2.6,13.6351650975309,0.804857460987654,14.8701857833333,0.462564646666667,-0.125090503249374,0.799078300276127,0.924168803525501
TodarodesPacificus,66,Todarodes pacificus,Invertebrate,6,SSP5-8.5,11.7638791901235,0.997170592345679,14.8701857833333,0.462564646666667,-0.338058798503422,1.10818533028708,1.4462441287905
TodarodesPacificus,67,Todarodes pacificus,Invertebrate,6,SSP1-2.6,14.8233794024691,0.792373408765432,20.01688865,0.587411127666667,-0.433343356817097,0.431809869958654,0.865153226775751
TodarodesPacificus,67,Todarodes pacificus,Invertebrate,6,SSP5-8.5,13.993890262963,1.01778408895062,20.01688865,0.587411127666667,-0.516420660991292,0.792989042073157,1.30940970306445
TodarodesPacificus,68,Todarodes pacificus,Invertebrate,6,SSP1-2.6,13.175925554321,0.846501423209877,15.3791466533333,0.517516412666667,-0.223071145542842,0.709907876314616,0.932979021857458
TodarodesPacificus,68,Todarodes pacificus,Invertebrate,6,SSP5-8.5,13.198236117284,0.980440679135802,15.3791466533333,0.517516412666667,-0.22063032132825,0.921825726433839,1.14245604776209
TodarodesPacificus,69,Todarodes pacificus,Invertebrate,6,SSP1-2.6,12.1644609839506,0.859408737407408,16.0469575666667,0.486653403666667,-0.399627399738053,0.820449799385812,1.22007719912386
TodarodesPacificus,69,Todarodes pacificus,Invertebrate,6,SSP5-8.5,14.5486263975309,0.895527791728395,16.0469575666667,0.486653403666667,-0.141416846456564,0.879843560029957,1.02126040648652
TodarodesPacificus,70,Todarodes pacificus,Invertebrate,6,SSP1-2.6,13.7116701111111,0.806866002098765,14.6636294633333,0.526256922,-0.0968379306511659,0.616561797591458,0.713399728242624
TodarodesPacificus,70,Todarodes pacificus,Invertebrate,6,SSP5-8.5,14.1021857987654,1.03098372641975,14.6636294633333,0.526256922,-0.0563234422595418,0.970182351065654,1.0265057933252
TodarodesPacificus,71,Todarodes pacificus,Invertebrate,6,SSP1-2.6,12.8680808530864,0.90502788345679,15.7514556433333,0.673530667333333,-0.291688253008639,0.42621860533093,0.717906858339569
TodarodesPacificus,71,Todarodes pacificus,Invertebrate,6,SSP5-8.5,14.1595876407407,0.963298781160494,15.7514556433333,0.673530667333333,-0.153705907436518,0.516239704114716,0.669945611551235
TodarodesPacificus,72,Todarodes pacificus,Invertebrate,6,SSP1-2.6,13.6094105345679,0.79041197308642,13.9182072566667,0.477009193333333,-0.0323688152870423,0.728587729533136,0.760956544820178
TodarodesPacificus,72,Todarodes pacificus,Invertebrate,6,SSP5-8.5,13.3160052444444,0.932462425925926,13.9182072566667,0.477009193333333,-0.0638120521328937,0.967028521003773,1.03084057313667
TodarodesPacificus,73,Todarodes pacificus,Invertebrate,6,SSP1-2.6,13.8765071469136,0.839955230740741,15.99750065,0.577212283666667,-0.205202051912724,0.541210432724729,0.746412484637454
TodarodesPacificus,73,Todarodes pacificus,Invertebrate,6,SSP5-8.5,14.8639674814815,1.02484228790123,15.99750065,0.577212283666667,-0.10602727442544,0.828228004420326,0.934255278845766
TodarodesPacificus,74,Todarodes pacificus,Invertebrate,6,SSP1-2.6,13.4930739530864,0.865843771604938,15.2475203366667,0.540133308,-0.176355583784456,0.680791219326009,0.857146803110464
TodarodesPacificus,74,Todarodes pacificus,Invertebrate,6,SSP5-8.5,11.8719466419753,1.00695075024691,15.2475203366667,0.540133308,-0.361018127180228,0.898605701403387,1.25962382858362
TodarodesPacificus,75,Todarodes pacificus,Invertebrate,6,SSP1-2.6,12.0130206296296,0.901737939135803,15.0921045366667,0.513697222666667,-0.329195041244138,0.811789948211976,1.14098498945611
TodarodesPacificus,75,Todarodes pacificus,Invertebrate,6,SSP5-8.5,12.7931741209877,1.00644009876543,15.0921045366667,0.513697222666667,-0.238419741799439,0.970271129781795,1.20869087158123
TodarodesPacificus,76,Todarodes pacificus,Invertebrate,6,SSP1-2.6,12.6216595740741,0.761166499382716,18.0104678766667,0.464154541166667,-0.512934042837911,0.71360683333072,1.22654087616863
TodarodesPacificus,76,Todarodes pacificus,Invertebrate,6,SSP5-8.5,12.1103232493827,1.03546240796296,18.0104678766667,0.464154541166667,-0.57259828608362,1.15759803945998,1.7301963255436
TodarodesPacificus,77,Todarodes pacificus,Invertebrate,6,SSP1-2.6,13.8183029358025,1.02371193481481,20.1214390833333,0.666038915666667,-0.542153045023242,0.620131429018364,1.16228447404161
TodarodesPacificus,77,Todarodes pacificus,Invertebrate,6,SSP5-8.5,11.033663591358,1.11948850592593,20.1214390833333,0.666038915666667,-0.86682159074286,0.749161336343729,1.61598292708659
TodarodesPacificus,78,Todarodes pacificus,Invertebrate,6,SSP1-2.6,11.9970593222222,0.985431495432099,17.91789841,0.531078362333333,-0.578720612904157,0.891830831380781,1.47055144428494
TodarodesPacificus,78,Todarodes pacificus,Invertebrate,6,SSP5-8.5,13.3988220580247,0.894101460493827,17.91789841,0.531078362333333,-0.419295260252797,0.751513803214065,1.17080906346686
TodarodesPacificus,79,Todarodes pacificus,Invertebrate,6,SSP1-2.6,12.8825544753086,0.865693024691358,13.72138089,0.488917661666667,-0.0910069854159185,0.824264012817772,0.91527099823369
TodarodesPacificus,79,Todarodes pacificus,Invertebrate,6,SSP5-8.5,13.3124323827161,0.950470361234568,13.72138089,0.488917661666667,-0.0436514809793546,0.959050117421146,1.0027015984005
TodarodesPacificus,80,Todarodes pacificus,Invertebrate,6,SSP1-2.6,12.882444991358,0.803310240987654,18.0477424166667,0.575506907066667,-0.486411950247881,0.481124025538306,0.967535975786187
TodarodesPacificus,80,Todarodes pacificus,Invertebrate,6,SSP5-8.5,13.0857749345679,1.08673916012346,18.0477424166667,0.575506907066667,-0.463819019614499,0.91710055688413,1.38091957649863
TodarodesPacificus,81,Todarodes pacificus,Invertebrate,6,SSP1-2.6,12.897730091358,0.902517565308642,16.08304954,0.519518237333333,-0.3184238008835,0.796780615978328,1.11520441686183
TodarodesPacificus,81,Todarodes pacificus,Invertebrate,6,SSP5-8.5,13.5768491666667,0.997318973703704,16.08304954,0.519518237333333,-0.244392278362777,0.940880602440161,1.18527288080294
TodarodesPacificus,82,Todarodes pacificus,Invertebrate,6,SSP1-2.6,12.5303791160494,0.808767318641975,15.5941280833333,0.689065791,-0.315572824213095,0.23108296483881,0.546655789051905
TodarodesPacificus,82,Todarodes pacificus,Invertebrate,6,SSP5-8.5,15.5022266617284,0.938864308641975,15.5941280833333,0.689065791,-0.00852743752772458,0.446274928449512,0.454802365977236
TodarodesPacificus,83,Todarodes pacificus,Invertebrate,6,SSP1-2.6,13.6803386271605,0.79607331617284,13.83087923,0.469811586466667,-0.0157889301747921,0.760819011698971,0.776607941873763
TodarodesPacificus,83,Todarodes pacificus,Invertebrate,6,SSP5-8.5,13.3047752246914,0.975542678148148,13.83087923,0.469811586466667,-0.0559487344374468,1.05412269594389,1.11007143038133
TodarodesPacificus,84,Todarodes pacificus,Invertebrate,6,SSP1-2.6,13.5702283777778,0.816056648148148,16.1392143666667,0.456800109666667,-0.250125351497778,0.83710630607819,1.08723165757597
TodarodesPacificus,84,Todarodes pacificus,Invertebrate,6,SSP5-8.5,12.1170482308642,1.05532574580247,16.1392143666667,0.456800109666667,-0.413532057632686,1.20805348000138,1.62158553763406
TodarodesPacificus,85,Todarodes pacificus,Invertebrate,6,SSP1-2.6,13.1461644901235,0.982661743703704,14.8961596033333,0.497164533,-0.180298493837912,0.982971510688228,1.16327000452614
TodarodesPacificus,85,Todarodes pacificus,Invertebrate,6,SSP5-8.5,12.2467984617284,0.979830201419753,14.8961596033333,0.497164533,-0.2825357841876,0.97880838038242,1.26134416457002
TodarodesPacificus,86,Todarodes pacificus,Invertebrate,6,SSP1-2.6,12.7102021703704,0.851578289382716,14.1424459133333,0.549172549333333,-0.154044675271314,0.632879655929335,0.786924331200649
TodarodesPacificus,86,Todarodes pacificus,Invertebrate,6,SSP5-8.5,12.1278278148148,1.11808929382716,14.1424459133333,0.549172549333333,-0.221710477456483,1.02570399199684,1.24741446945332
TodarodesPacificus,87,Todarodes pacificus,Invertebrate,6,SSP1-2.6,12.865003837037,0.824099542098766,14.8110770166667,0.575507581533333,-0.203224665494428,0.517983675481681,0.721208340976109
TodarodesPacificus,87,Todarodes pacificus,Invertebrate,6,SSP5-8.5,12.8742480666667,1.08362931328395,14.8110770166667,0.575507581533333,-0.202188380145738,0.912964486410906,1.11515286655664
TodarodesPacificus,88,Todarodes pacificus,Invertebrate,6,SSP1-2.6,14.0135887641975,0.821025285555556,16.4843972133333,0.488313360166667,-0.234274667438711,0.749619403744301,0.983894071183012
TodarodesPacificus,88,Todarodes pacificus,Invertebrate,6,SSP5-8.5,13.146281517284,0.939472241728395,16.4843972133333,0.488313360166667,-0.326446348120403,0.944043285052953,1.27048963317336
TodarodesPacificus,89,Todarodes pacificus,Invertebrate,6,SSP1-2.6,15.5842676234568,0.940974319382716,14.88868362,0.731812143766667,0.0658741537052689,0.362681994046972,0.296807840341703
TodarodesPacificus,89,Todarodes pacificus,Invertebrate,6,SSP5-8.5,14.1038004962963,0.984143372469136,14.88868362,0.731812143766667,-0.0781322315269131,0.427395150192195,0.505527381719109
TodarodesPacificus,90,Todarodes pacificus,Invertebrate,6,SSP1-2.6,12.9822085320988,0.900326070493827,17.25044162,0.4475930648,-0.410097460722837,1.00825991323654,1.41835737395937
TodarodesPacificus,90,Todarodes pacificus,Invertebrate,6,SSP5-8.5,12.416980191358,0.981276291111111,17.25044162,0.4475930648,-0.474318943191987,1.13247172045928,1.60679066365126
TodarodesPacificus,91,Todarodes pacificus,Invertebrate,6,SSP1-2.6,13.5367873333333,0.689668835802469,20.1088745833333,0.503068742333333,-0.570946955033848,0.455148224900165,1.02609517993401
TodarodesPacificus,91,Todarodes pacificus,Invertebrate,6,SSP5-8.5,12.3680889098765,1.10001677617284,20.1088745833333,0.503068742333333,-0.701209746344564,1.12869806909379,1.82990781543836
TodarodesPacificus,92,Todarodes pacificus,Invertebrate,6,SSP1-2.6,12.8692482,0.892843821111111,17.5259790666667,0.4179257618,-0.44556726463799,1.09516114484215,1.54072840948014
TodarodesPacificus,92,Todarodes pacificus,Invertebrate,6,SSP5-8.5,13.4744437395062,1.05289468234568,17.5259790666667,0.4179257618,-0.379269324862385,1.3330425382639,1.71231186312629
TodarodesPacificus,93,Todarodes pacificus,Invertebrate,6,SSP1-2.6,13.0835679296296,0.976738780246914,16.4472201933333,0.523263195666667,-0.330087747327465,0.90043598946735,1.23052373679482
TodarodesPacificus,93,Todarodes pacificus,Invertebrate,6,SSP5-8.5,13.9408811617284,1.02036043345679,16.4472201933333,0.523263195666667,-0.238522016677617,0.963470167735961,1.20199218441358
TodarodesPacificus,94,Todarodes pacificus,Invertebrate,6,SSP1-2.6,12.4066646802469,0.942907879135802,17.6419492766667,0.502445033666667,-0.507894650836926,0.908151050972115,1.41604570180904
TodarodesPacificus,94,Todarodes pacificus,Invertebrate,6,SSP5-8.5,15.501286045679,0.973990705679012,17.6419492766667,0.502445033666667,-0.186622062588819,0.954942228036013,1.14156429062483
TodarodesPacificus,95,Todarodes pacificus,Invertebrate,6,SSP1-2.6,12.5181407901235,0.909788729135802,16.6471356866667,0.490161978666667,-0.411253660604811,0.892272981743116,1.30352664234793
TodarodesPacificus,95,Todarodes pacificus,Invertebrate,6,SSP5-8.5,11.865573691358,1.1471203645679,16.6471356866667,0.490161978666667,-0.48849211250626,1.22668629243355,1.71517840493981
TodarodesPacificus,96,Todarodes pacificus,Invertebrate,6,SSP1-2.6,12.9249617876543,0.786883344567901,15.42611476,0.543550321133333,-0.255214733481142,0.533736167951316,0.788950901432458
TodarodesPacificus,96,Todarodes pacificus,Invertebrate,6,SSP5-8.5,12.7889658382716,1.06408593740741,15.42611476,0.543550321133333,-0.270475141302157,0.969129160822984,1.23960430212514
TodarodesPacificus,97,Todarodes pacificus,Invertebrate,6,SSP1-2.6,13.3631080358025,0.745457400074074,19.0437081466667,0.3931691792,-0.511058830613588,0.922975678316739,1.43403450893033
TodarodesPacificus,97,Todarodes pacificus,Invertebrate,6,SSP5-8.5,13.1302573765432,1.20201833567901,19.0437081466667,0.3931691792,-0.536419228317728,1.61223676582086,2.14865599413859
TodarodesPacificus,98,Todarodes pacificus,Invertebrate,6,SSP1-2.6,13.9693394481481,0.84876705782716,15.9071547166667,0.479350709966667,-0.187412003228643,0.824287094656914,1.01169909788556
TodarodesPacificus,98,Todarodes pacificus,Invertebrate,6,SSP5-8.5,13.7907209716049,0.966720490987654,15.9071547166667,0.479350709966667,-0.205977924394253,1.01201725281051,1.21799517720477
TodarodesPacificus,99,Todarodes pacificus,Invertebrate,6,SSP1-2.6,12.5173879604938,0.837230801481482,13.6038293066667,0.600983262,-0.120079266796832,0.478300577947495,0.598379844744327
TodarodesPacificus,99,Todarodes pacificus,Invertebrate,6,SSP5-8.5,13.1724991469136,0.964968314074074,13.6038293066667,0.600983262,-0.0464837228531619,0.683156759525692,0.729640482378854
TodarodesPacificus,100,Todarodes pacificus,Invertebrate,6,SSP1-2.6,16.3119762530864,0.951690457160494,16.8272848166667,0.446400441333333,-0.0448708277500359,1.09215395141481,1.13702477916485
TodarodesPacificus,100,Todarodes pacificus,Invertebrate,6,SSP5-8.5,13.7452780827161,0.973548008444445,16.8272848166667,0.446400441333333,-0.291866313429799,1.12491367064315,1.41677998407294
TrachurusJaponicus,1,Trachurus japonicus,Mid-trophic species,14,SSP1-2.6,119.337289740741,0.607121129012346,114.311873233333,0.545158486666667,0.0620696576843715,0.155308676311305,0.0932390186269332
TrachurusJaponicus,1,Trachurus japonicus,Mid-trophic species,14,SSP5-8.5,123.109007092593,0.713890370061728,114.311873233333,0.545158486666667,0.106961058615534,0.389026834661359,0.282065776045825
TrachurusJaponicus,2,Trachurus japonicus,Mid-trophic species,14,SSP1-2.6,123.415465845679,0.603861773703704,115.713200433333,0.531108435666667,0.092969742691912,0.185211904732527,0.0922421620406151
TrachurusJaponicus,2,Trachurus japonicus,Mid-trophic species,14,SSP5-8.5,118.911146858025,0.711329583395062,115.713200433333,0.531108435666667,0.0393305063171591,0.421511720716352,0.382181214399193
TrachurusJaponicus,3,Trachurus japonicus,Mid-trophic species,14,SSP1-2.6,119.361893123457,0.607271256790124,115.375886116667,0.499173510333333,0.0490005943754685,0.282799708867745,0.233799114492276
TrachurusJaponicus,3,Trachurus japonicus,Mid-trophic species,14,SSP5-8.5,119.125987722222,0.685332360864198,115.375886116667,0.499173510333333,0.0461464479737585,0.457262434893371,0.411115986919613
TrachurusJaponicus,4,Trachurus japonicus,Mid-trophic species,14,SSP1-2.6,122.879914759259,0.603143242469136,118.0274381,0.552958027666667,0.0581268352975765,0.125330696493231,0.0672038611956548
TrachurusJaponicus,4,Trachurus japonicus,Mid-trophic species,14,SSP5-8.5,124.390540018519,0.69859352691358,118.0274381,0.552958027666667,0.075754486654746,0.337283298242876,0.26152881158813
TrachurusJaponicus,5,Trachurus japonicus,Mid-trophic species,14,SSP1-2.6,122.988878018519,0.593783612962963,119.874940616667,0.575676258833333,0.0369977568448158,0.0446795628280098,0.00768180598319403
TrachurusJaponicus,5,Trachurus japonicus,Mid-trophic species,14,SSP5-8.5,119.530425296296,0.714631811049383,119.874940616667,0.575676258833333,-0.00415221175521256,0.311942419294465,0.316094631049678
TrachurusJaponicus,6,Trachurus japonicus,Mid-trophic species,14,SSP1-2.6,120.846639648148,0.584529831851852,114.371500583333,0.503842169833333,0.0794497549717882,0.214304779823552,0.134855024851764
TrachurusJaponicus,6,Trachurus japonicus,Mid-trophic species,14,SSP5-8.5,121.019168024691,0.670972060246914,114.371500583333,0.503842169833333,0.0815079696310902,0.413280817158598,0.331772847527507
TrachurusJaponicus,7,Trachurus japonicus,Mid-trophic species,14,SSP1-2.6,122.951623154321,0.590152764382716,115.919968733333,0.568937428166667,0.0849616700229546,0.0528184591781918,-0.0321432108447628
TrachurusJaponicus,7,Trachurus japonicus,Mid-trophic species,14,SSP5-8.5,119.83756191358,0.750955173765432,115.919968733333,0.568937428166667,0.0479510668082308,0.40045679912297,0.352505732314739
TrachurusJaponicus,8,Trachurus japonicus,Mid-trophic species,14,SSP1-2.6,117.408651327161,0.600116188641975,116.709099233333,0.529806736833333,0.00862167296437458,0.179775659684534,0.171153986720159
TrachurusJaponicus,8,Trachurus japonicus,Mid-trophic species,14,SSP5-8.5,128.675368827161,0.707796752901235,116.709099233333,0.529806736833333,0.140818872549607,0.417868954630105,0.277050082080498
TrachurusJaponicus,9,Trachurus japonicus,Mid-trophic species,14,SSP1-2.6,118.861379154321,0.588489728666667,116.260250466667,0.520377706,0.0319221040453486,0.17745807959331,0.145535975547961
TrachurusJaponicus,9,Trachurus japonicus,Mid-trophic species,14,SSP5-8.5,121.198167524691,0.721789881481482,116.260250466667,0.520377706,0.0600099641414297,0.472019763243656,0.412009799102226
TrachurusJaponicus,10,Trachurus japonicus,Mid-trophic species,14,SSP1-2.6,120.752423462963,0.590739508765432,116.999951883333,0.545297402666667,0.0455442072898875,0.115478819192539,0.069934611902652
TrachurusJaponicus,10,Trachurus japonicus,Mid-trophic species,14,SSP5-8.5,121.107189037037,0.694311067098766,116.999951883333,0.545297402666667,0.0497765708182706,0.348538884023756,0.298762313205485
TrachurusJaponicus,11,Trachurus japonicus,Mid-trophic species,14,SSP1-2.6,123.545630327161,0.632639958765432,114.4392376,0.552385318166667,0.110462193536541,0.19570970739102,0.0852475138544787
TrachurusJaponicus,11,Trachurus japonicus,Mid-trophic species,14,SSP5-8.5,115.987402574074,0.703291526728395,114.4392376,0.552385318166667,0.0193863308301658,0.348447861033365,0.329061530203199
TrachurusJaponicus,12,Trachurus japonicus,Mid-trophic species,14,SSP1-2.6,118.916040376543,0.614059728395062,116.642554933333,0.524374715166667,0.0278491049668486,0.227780868660309,0.19993176369346
TrachurusJaponicus,12,Trachurus japonicus,Mid-trophic species,14,SSP5-8.5,122.455411055556,0.729455172197531,116.642554933333,0.524374715166667,0.0701622992184566,0.476221199854562,0.406058900636106
TrachurusJaponicus,13,Trachurus japonicus,Mid-trophic species,14,SSP1-2.6,122.545689407407,0.594909665462963,115.4219019,0.5420518865,0.0864027289641953,0.13423966146037,0.0478369324961747
TrachurusJaponicus,13,Trachurus japonicus,Mid-trophic species,14,SSP5-8.5,119.989615283951,0.680964922037037,115.4219019,0.5420518865,0.0559925418414452,0.329149527436088,0.273156985594643
TrachurusJaponicus,14,Trachurus japonicus,Mid-trophic species,14,SSP1-2.6,117.689371623457,0.588644936604938,115.910289466667,0.572653384333333,0.0219753968757332,0.0397355118439421,0.017760114968209
TrachurusJaponicus,14,Trachurus japonicus,Mid-trophic species,14,SSP5-8.5,123.965148895062,0.689310178888889,115.910289466667,0.572653384333333,0.096925942209624,0.26749115079659,0.170565208586966
TrachurusJaponicus,15,Trachurus japonicus,Mid-trophic species,14,SSP1-2.6,122.381704407407,0.626601132037037,121.1228266,0.589636465166667,0.0149171183222086,0.0877216276654989,0.0728045093432904
TrachurusJaponicus,15,Trachurus japonicus,Mid-trophic species,14,SSP5-8.5,120.707932265432,0.721453206851852,121.1228266,0.589636465166667,-0.00495029324689764,0.291080076700713,0.296030369947611
TrachurusJaponicus,16,Trachurus japonicus,Mid-trophic species,14,SSP1-2.6,118.160623604938,0.617165250555556,114.72247975,0.503254311166667,0.0426012315684603,0.294369207198993,0.251767975630533
TrachurusJaponicus,16,Trachurus japonicus,Mid-trophic species,14,SSP5-8.5,119.408279512346,0.710269675123457,114.72247975,0.503254311166667,0.0577547597912727,0.497079264790969,0.439324504999696
TrachurusJaponicus,17,Trachurus japonicus,Mid-trophic species,14,SSP1-2.6,119.922557709877,0.58901039,115.1580196,0.5362935885,0.0584881746895001,0.13527007732069,0.07678190263119
TrachurusJaponicus,17,Trachurus japonicus,Mid-trophic species,14,SSP5-8.5,123.499827654321,0.699215568209877,115.1580196,0.5362935885,0.100894144655208,0.382714301413717,0.281820156758509
TrachurusJaponicus,18,Trachurus japonicus,Mid-trophic species,14,SSP1-2.6,117.26350417284,0.583730812407407,117.236463533333,0.523332122666667,0.000332719847032149,0.157576407540535,0.157243687693503
TrachurusJaponicus,18,Trachurus japonicus,Mid-trophic species,14,SSP5-8.5,120.825195123457,0.673096413888889,117.236463533333,0.523332122666667,0.0434999700629346,0.363086354545296,0.319586384482361
TrachurusJaponicus,19,Trachurus japonicus,Mid-trophic species,14,SSP1-2.6,121.807946104938,0.602559225864198,115.222407283333,0.5249893635,0.0801869453530459,0.198814858087557,0.118627912734511
TrachurusJaponicus,19,Trachurus japonicus,Mid-trophic species,14,SSP5-8.5,123.596265796296,0.696896536049383,115.222407283333,0.5249893635,0.10121385113476,0.408656290434239,0.307442439299479
TrachurusJaponicus,20,Trachurus japonicus,Mid-trophic species,14,SSP1-2.6,120.703329061728,0.590300134074074,116.950146266667,0.5484486295,0.0455718009001813,0.106092172692847,0.0605203717926658
TrachurusJaponicus,20,Trachurus japonicus,Mid-trophic species,14,SSP5-8.5,120.58727632716,0.729553831604938,116.950146266667,0.5484486295,0.0441840243866003,0.411657937472048,0.367473913085448
TrachurusJaponicus,21,Trachurus japonicus,Mid-trophic species,14,SSP1-2.6,126.30929017284,0.617611360185185,117.6185027,0.573109219666667,0.102845724651191,0.107889184189984,0.00504345953879208
TrachurusJaponicus,21,Trachurus japonicus,Mid-trophic species,14,SSP5-8.5,121.296389796296,0.722875832962963,117.6185027,0.573109219666667,0.0444215814405485,0.334937754190363,0.290516172749814
TrachurusJaponicus,22,Trachurus japonicus,Mid-trophic species,14,SSP1-2.6,120.87841417284,0.59855677308642,114.153960216667,0.551766074833333,0.0825757284969514,0.117431337467669,0.0348556089707177
TrachurusJaponicus,22,Trachurus japonicus,Mid-trophic species,14,SSP5-8.5,124.232976561728,0.72379708617284,114.153960216667,0.551766074833333,0.12206726497865,0.391528544031406,0.269461279052757
TrachurusJaponicus,23,Trachurus japonicus,Mid-trophic species,14,SSP1-2.6,120.570790808642,0.589156129259259,112.559554783333,0.540894354166667,0.099191918436384,0.123303167196004,0.0241112487596199
TrachurusJaponicus,23,Trachurus japonicus,Mid-trophic species,14,SSP5-8.5,120.199725746914,0.695021479012346,112.559554783333,0.540894354166667,0.0947450770548373,0.361710724937274,0.266965647882436
TrachurusJaponicus,24,Trachurus japonicus,Mid-trophic species,14,SSP1-2.6,119.190586364198,0.595049444506173,119.380217183333,0.535591106666667,-0.00229348684678939,0.151877546079538,0.154171032926327
TrachurusJaponicus,24,Trachurus japonicus,Mid-trophic species,14,SSP5-8.5,118.443728444444,0.677790266358025,119.380217183333,0.535591106666667,-0.011361973152593,0.339706913315803,0.351068886468396
TrachurusJaponicus,25,Trachurus japonicus,Mid-trophic species,14,SSP1-2.6,122.723014814815,0.598409054814815,113.824102466667,0.549637388833333,0.108599746281977,0.122651859334354,0.0140521130523775
TrachurusJaponicus,25,Trachurus japonicus,Mid-trophic species,14,SSP5-8.5,122.688407746914,0.715713751296296,113.824102466667,0.549637388833333,0.108192858574385,0.380902552833354,0.272709694258969
TrachurusJaponicus,26,Trachurus japonicus,Mid-trophic species,14,SSP1-2.6,120.851629771605,0.617799250432099,114.51625745,0.545326520166667,0.0776845020734101,0.180017802658624,0.102333300585214
TrachurusJaponicus,26,Trachurus japonicus,Mid-trophic species,14,SSP5-8.5,120.756925407407,0.702175752,114.51625745,0.545326520166667,0.0765535030202086,0.364711859069732,0.288158356049524
TrachurusJaponicus,27,Trachurus japonicus,Mid-trophic species,14,SSP1-2.6,125.553271462963,0.596625967962963,116.161366133333,0.510542234333333,0.112169294920795,0.224796459684961,0.112627164764166
TrachurusJaponicus,27,Trachurus japonicus,Mid-trophic species,14,SSP5-8.5,121.117548407407,0.750961001481482,116.161366133333,0.510542234333333,0.0602775829390581,0.556707676176229,0.496430093237171
TrachurusJaponicus,28,Trachurus japonicus,Mid-trophic species,14,SSP1-2.6,118.591827209877,0.613337456666667,115.994904066667,0.555245563666667,0.0319431638588008,0.143555098514281,0.11161193465548
TrachurusJaponicus,28,Trachurus japonicus,Mid-trophic species,14,SSP5-8.5,123.957430833333,0.701870648703704,115.994904066667,0.555245563666667,0.0957833330545308,0.338079212562439,0.242295879507908
TrachurusJaponicus,29,Trachurus japonicus,Mid-trophic species,14,SSP1-2.6,119.587686950617,0.595043798333333,121.681470816667,0.508223356333333,-0.0250406430921454,0.227533183620998,0.252573826713143
TrachurusJaponicus,29,Trachurus japonicus,Mid-trophic species,14,SSP5-8.5,119.748358969136,0.692090248703704,121.681470816667,0.508223356333333,-0.0231036113486942,0.445497499241766,0.468601110590461
TrachurusJaponicus,30,Trachurus japonicus,Mid-trophic species,14,SSP1-2.6,118.502162135802,0.613829689012346,115.6738502,0.537612114,0.034850623550363,0.19127277942228,0.156422155871917
TrachurusJaponicus,30,Trachurus japonicus,Mid-trophic species,14,SSP5-8.5,123.459669919753,0.689011337407407,115.6738502,0.537612114,0.0939770807453586,0.357962075404392,0.263984994659033
TrachurusJaponicus,31,Trachurus japonicus,Mid-trophic species,14,SSP1-2.6,124.984821425926,0.619820337962963,117.006672783333,0.535993929666667,0.0951620920909199,0.209633432673188,0.114471340582268
TrachurusJaponicus,31,Trachurus japonicus,Mid-trophic species,14,SSP5-8.5,124.027919598765,0.712145083333333,117.006672783333,0.535993929666667,0.0840741107257942,0.409954525665202,0.325880414939408
TrachurusJaponicus,32,Trachurus japonicus,Mid-trophic species,14,SSP1-2.6,121.076979308642,0.585727916604938,119.967684683333,0.520135263833333,0.0132787436684114,0.171343804669099,0.158065061000688
TrachurusJaponicus,32,Trachurus japonicus,Mid-trophic species,14,SSP5-8.5,119.834468388889,0.718378184012346,119.967684683333,0.520135263833333,-0.00160290893695753,0.465856686157332,0.467459595094289
TrachurusJaponicus,33,Trachurus japonicus,Mid-trophic species,14,SSP1-2.6,124.357370179012,0.606269106666667,114.607487833333,0.5479559305,0.117790707963823,0.14589844094287,0.0281077329790473
TrachurusJaponicus,33,Trachurus japonicus,Mid-trophic species,14,SSP5-8.5,124.117103932099,0.732326057716049,114.607487833333,0.5479559305,0.115000634398397,0.418426262183469,0.303425627785072
TrachurusJaponicus,34,Trachurus japonicus,Mid-trophic species,14,SSP1-2.6,123.019999685185,0.590989481049383,115.613788066667,0.532204965833333,0.0895794138731036,0.151150480529732,0.0615710666566288
TrachurusJaponicus,34,Trachurus japonicus,Mid-trophic species,14,SSP5-8.5,120.549830574074,0.694801081604938,115.613788066667,0.532204965833333,0.0603161598269711,0.384618028163965,0.324301868336994
TrachurusJaponicus,35,Trachurus japonicus,Mid-trophic species,14,SSP1-2.6,127.204203938272,0.580222938209877,115.453243416667,0.551432598666667,0.139837647487118,0.0734227746713865,-0.0664148728157311
TrachurusJaponicus,35,Trachurus japonicus,Mid-trophic species,14,SSP5-8.5,124.795110197531,0.729167535185185,115.453243416667,0.551432598666667,0.112252703528427,0.403065772827571,0.290813069299144
TrachurusJaponicus,36,Trachurus japonicus,Mid-trophic species,14,SSP1-2.6,120.50919867284,0.610790356481482,117.484766483333,0.5107130545,0.0366695703812767,0.258164347482297,0.22149477710102
TrachurusJaponicus,36,Trachurus japonicus,Mid-trophic species,14,SSP5-8.5,124.379198185185,0.732747248950617,117.484766483333,0.5107130545,0.0822715182752486,0.52080270971344,0.438531191438191
TrachurusJaponicus,37,Trachurus japonicus,Mid-trophic species,14,SSP1-2.6,119.340746975309,0.611941760123457,114.880536216667,0.571062082166667,0.0549523239066153,0.0997467603484949,0.0447944364418796
TrachurusJaponicus,37,Trachurus japonicus,Mid-trophic species,14,SSP5-8.5,119.849584679012,0.672986061234568,114.880536216667,0.571062082166667,0.0610905213335246,0.236929029742464,0.175838508408939
TrachurusJaponicus,38,Trachurus japonicus,Mid-trophic species,14,SSP1-2.6,125.206913740741,0.612309529382716,114.93062865,0.563993017333333,0.123550905056923,0.118583834889705,-0.00496707016721823
TrachurusJaponicus,38,Trachurus japonicus,Mid-trophic species,14,SSP5-8.5,122.116429962963,0.708029149197531,114.93062865,0.563993017333333,0.0874939956177608,0.328131455484919,0.240637459867158
TrachurusJaponicus,39,Trachurus japonicus,Mid-trophic species,14,SSP1-2.6,118.38345312963,0.589161628580247,116.994841033333,0.553082443166667,0.0170225299160206,0.091168925931404,0.0741463960153834
TrachurusJaponicus,39,Trachurus japonicus,Mid-trophic species,14,SSP5-8.5,128.020764154321,0.701806976728395,116.994841033333,0.553082443166667,0.129932910572987,0.343579743344808,0.213646832771821
TrachurusJaponicus,40,Trachurus japonicus,Mid-trophic species,14,SSP1-2.6,116.565484246914,0.607371525925926,114.771794766667,0.5229320465,0.0223725184935693,0.215955790743432,0.193583272249863
TrachurusJaponicus,40,Trachurus japonicus,Mid-trophic species,14,SSP5-8.5,119.459170432099,0.680299504012346,114.771794766667,0.5229320465,0.0577494658776378,0.379546552657587,0.321797086779949
TrachurusJaponicus,41,Trachurus japonicus,Mid-trophic species,14,SSP1-2.6,121.186688123457,0.585968621419753,117.20742755,0.537542019666667,0.0481672355305168,0.124445875893358,0.076278640362841
TrachurusJaponicus,41,Trachurus japonicus,Mid-trophic species,14,SSP5-8.5,118.291770388889,0.677637039074074,117.20742755,0.537542019666667,0.0132857105715516,0.334135198729932,0.32084948815838
TrachurusJaponicus,42,Trachurus japonicus,Mid-trophic species,14,SSP1-2.6,120.293745858025,0.606162627345679,116.368291816667,0.525231464833333,0.0478636335328386,0.206751560441237,0.158887926908399
TrachurusJaponicus,42,Trachurus japonicus,Mid-trophic species,14,SSP5-8.5,122.217555845679,0.727918557962963,116.368291816667,0.525231464833333,0.070753530473633,0.470823699979558,0.400070169505925
TrachurusJaponicus,43,Trachurus japonicus,Mid-trophic species,14,SSP1-2.6,116.952356160494,0.577959888888889,119.341469016667,0.552110250333333,-0.0291745137718789,0.0660129853557123,0.0951874991275912
TrachurusJaponicus,43,Trachurus japonicus,Mid-trophic species,14,SSP5-8.5,118.785010425926,0.696038083209877,119.341469016667,0.552110250333333,-0.00674264796167341,0.334209858153418,0.340952506115091
TrachurusJaponicus,44,Trachurus japonicus,Mid-trophic species,14,SSP1-2.6,120.70917858642,0.607918535061728,116.620404583333,0.501803294666667,0.0497151481999593,0.276756063324162,0.227040915124203
TrachurusJaponicus,44,Trachurus japonicus,Mid-trophic species,14,SSP5-8.5,121.537088962963,0.703485533827161,116.620404583333,0.501803294666667,0.0595764092797815,0.487398813794551,0.42782240451477
TrachurusJaponicus,45,Trachurus japonicus,Mid-trophic species,14,SSP1-2.6,121.076990475309,0.582547930339506,115.294294083333,0.529332251166667,0.0706036049254289,0.138203198172961,0.0675995932475319
TrachurusJaponicus,45,Trachurus japonicus,Mid-trophic species,14,SSP5-8.5,123.883737728395,0.73780796308642,115.294294083333,0.529332251166667,0.103665700955152,0.479071802772965,0.375406101817814
TrachurusJaponicus,46,Trachurus japonicus,Mid-trophic species,14,SSP1-2.6,117.259352993827,0.600681941481482,116.068612566667,0.5648996195,0.0147251120847107,0.0886067633372964,0.0738816512525857
TrachurusJaponicus,46,Trachurus japonicus,Mid-trophic species,14,SSP5-8.5,121.332896580247,0.697516211604938,116.068612566667,0.5648996195,0.0639928671754725,0.304232219395274,0.240239352219801
TrachurusJaponicus,47,Trachurus japonicus,Mid-trophic species,14,SSP1-2.6,118.881296135802,0.598730532839506,122.403532533333,0.524656955166667,-0.0421234439742006,0.19053241303897,0.232655857013171
TrachurusJaponicus,47,Trachurus japonicus,Mid-trophic species,14,SSP5-8.5,122.037629166667,0.72985744654321,122.403532533333,0.524656955166667,-0.00431913645919568,0.476240278158615,0.480559414617811
TrachurusJaponicus,48,Trachurus japonicus,Mid-trophic species,14,SSP1-2.6,121.494231567901,0.584449125308642,114.358218183333,0.516926723166667,0.087327771041142,0.177117661463607,0.0897898904224652
TrachurusJaponicus,48,Trachurus japonicus,Mid-trophic species,14,SSP5-8.5,122.380116740741,0.713718552098765,114.358218183333,0.516926723166667,0.0978091338911199,0.465395487660094,0.367586353768974
TrachurusJaponicus,49,Trachurus japonicus,Mid-trophic species,14,SSP1-2.6,124.03470187037,0.585819666358025,113.988345733333,0.537490833833333,0.121857478261817,0.124216474534834,0.00235899627301639
TrachurusJaponicus,49,Trachurus japonicus,Mid-trophic species,14,SSP5-8.5,118.826499339506,0.727115812716049,113.988345733333,0.537490833833333,0.0599702759740497,0.435945018635132,0.375974742661082
TrachurusJaponicus,50,Trachurus japonicus,Mid-trophic species,14,SSP1-2.6,121.321086407407,0.569982453148148,113.3145628,0.5341388485,0.0984970388888076,0.0937026899137879,-0.00479434897501974
TrachurusJaponicus,50,Trachurus japonicus,Mid-trophic species,14,SSP5-8.5,125.123764487654,0.743991933395062,113.3145628,0.5341388485,0.143022540190882,0.47807216241746,0.335049622226578
TrachurusJaponicus,51,Trachurus japonicus,Mid-trophic species,14,SSP1-2.6,117.915756635802,0.619055471851852,113.693173316667,0.49325908775,0.0526108825692375,0.327723059906794,0.275112177337557
TrachurusJaponicus,51,Trachurus japonicus,Mid-trophic species,14,SSP5-8.5,126.331944993827,0.688980276358025,113.693173316667,0.49325908775,0.152073862596286,0.482117051818449,0.330043189222163
TrachurusJaponicus,52,Trachurus japonicus,Mid-trophic species,14,SSP1-2.6,119.24730204321,0.578692587777778,115.534793733333,0.540768580333333,0.0456292357275054,0.0977858345988239,0.0521565988713186
TrachurusJaponicus,52,Trachurus japonicus,Mid-trophic species,14,SSP5-8.5,117.571412271605,0.730352949938272,115.534793733333,0.540768580333333,0.0252099185179022,0.433582497696598,0.408372579178696
TrachurusJaponicus,53,Trachurus japonicus,Mid-trophic species,14,SSP1-2.6,119.703302796296,0.611885496604938,118.072716866667,0.563890852166667,0.0197873201441549,0.117845764947298,0.0980584448031427
TrachurusJaponicus,53,Trachurus japonicus,Mid-trophic species,14,SSP5-8.5,121.566178123457,0.708762032654321,118.072716866667,0.563890852166667,0.042066262305946,0.329885384169916,0.28781912186397
TrachurusJaponicus,54,Trachurus japonicus,Mid-trophic species,14,SSP1-2.6,117.610532450617,0.584721737222222,113.473492233333,0.562570345333333,0.0516619457939081,0.0557167188350878,0.00405477304117974
TrachurusJaponicus,54,Trachurus japonicus,Mid-trophic species,14,SSP5-8.5,129.600505024691,0.717150197283951,113.473492233333,0.562570345333333,0.191716021349098,0.350241797144254,0.158525775795156
TrachurusJaponicus,55,Trachurus japonicus,Mid-trophic species,14,SSP1-2.6,124.61976154321,0.585347371604938,114.984353066667,0.5555023985,0.116095307149066,0.0754998985564333,-0.0405954085926322
TrachurusJaponicus,55,Trachurus japonicus,Mid-trophic species,14,SSP5-8.5,119.874565401235,0.731079066790124,114.984353066667,0.5555023985,0.060088030530774,0.396234302475587,0.336146271944813
TrachurusJaponicus,56,Trachurus japonicus,Mid-trophic species,14,SSP1-2.6,120.93483017284,0.59173299037037,116.469367483333,0.5528454315,0.0542792491575671,0.0980701528555234,0.0437909036979564
TrachurusJaponicus,56,Trachurus japonicus,Mid-trophic species,14,SSP5-8.5,121.980737135802,0.695427924691358,116.469367483333,0.5528454315,0.0667027766402781,0.331024821412153,0.264322044771875
TrachurusJaponicus,57,Trachurus japonicus,Mid-trophic species,14,SSP1-2.6,120.601196135803,0.587839829444445,115.095845966667,0.529889709,0.0674084513807514,0.149731003938777,0.0823225525580255
TrachurusJaponicus,57,Trachurus japonicus,Mid-trophic species,14,SSP5-8.5,123.013885827161,0.712318258148148,115.095845966667,0.529889709,0.0959854116693558,0.426829860893738,0.330844449224382
TrachurusJaponicus,58,Trachurus japonicus,Mid-trophic species,14,SSP1-2.6,123.262987191358,0.607010393703704,122.664481116667,0.5597644365,0.00702209847914304,0.116901388523858,0.109879290044715
TrachurusJaponicus,58,Trachurus japonicus,Mid-trophic species,14,SSP5-8.5,124.171746944444,0.685580785185185,122.664481116667,0.5597644365,0.0176193906394456,0.292506844400141,0.274887453760695
TrachurusJaponicus,59,Trachurus japonicus,Mid-trophic species,14,SSP1-2.6,122.351000024691,0.58905816845679,114.502099833333,0.537008818666667,0.0956518373125888,0.133464324589273,0.037812487276684
TrachurusJaponicus,59,Trachurus japonicus,Mid-trophic species,14,SSP5-8.5,128.541707753086,0.676631621666667,114.502099833333,0.537008818666667,0.166862488788032,0.333424821446072,0.166562332658041
TrachurusJaponicus,60,Trachurus japonicus,Mid-trophic species,14,SSP1-2.6,123.817705697531,0.607071606975309,114.05517575,0.524999017666667,0.118485715261839,0.209551975907171,0.0910662606453319
TrachurusJaponicus,60,Trachurus japonicus,Mid-trophic species,14,SSP5-8.5,124.813658055556,0.68235006308642,114.05517575,0.524999017666667,0.130043896751928,0.378197345401046,0.248153448649117
TrachurusJaponicus,61,Trachurus japonicus,Mid-trophic species,14,SSP1-2.6,119.187689203704,0.588802878518519,115.447706283333,0.522288718,0.0459957188252715,0.172937184131435,0.126941465306163
TrachurusJaponicus,61,Trachurus japonicus,Mid-trophic species,14,SSP5-8.5,122.889239080247,0.694495876419753,115.447706283333,0.522288718,0.0901190802886776,0.411118587930674,0.320999507641996
TrachurusJaponicus,62,Trachurus japonicus,Mid-trophic species,14,SSP1-2.6,118.741696401235,0.580942979012346,119.08022745,0.5413987045,-0.00410725291599089,0.101705131132098,0.105812384048089
TrachurusJaponicus,62,Trachurus japonicus,Mid-trophic species,14,SSP5-8.5,122.991997080247,0.700832039876543,119.08022745,0.5413987045,0.0466305621196886,0.372377296642112,0.325746734522424
TrachurusJaponicus,63,Trachurus japonicus,Mid-trophic species,14,SSP1-2.6,121.666967154321,0.61143708771605,116.128292266667,0.5483808025,0.06721802842021,0.157025997205878,0.0898079687856678
TrachurusJaponicus,63,Trachurus japonicus,Mid-trophic species,14,SSP5-8.5,117.564130753086,0.706150803888889,116.128292266667,0.5483808025,0.01772845780861,0.364798248227576,0.347069790418966
TrachurusJaponicus,64,Trachurus japonicus,Mid-trophic species,14,SSP1-2.6,122.167897296296,0.614505953024691,114.354234533333,0.529881302166667,0.0953554406748968,0.213757766630194,0.118402325955298
TrachurusJaponicus,64,Trachurus japonicus,Mid-trophic species,14,SSP5-8.5,126.162368191358,0.721361717037037,114.354234533333,0.529881302166667,0.141771856609775,0.445053640598387,0.303281783988612
TrachurusJaponicus,65,Trachurus japonicus,Mid-trophic species,14,SSP1-2.6,116.622996796296,0.577611437191358,114.582034216667,0.518391230833333,0.0254714446805819,0.15605799544988,0.130586550769298
TrachurusJaponicus,65,Trachurus japonicus,Mid-trophic species,14,SSP5-8.5,124.839281561728,0.723432547839506,114.582034216667,0.518391230833333,0.123691104018341,0.480817193887628,0.357126089869288
TrachurusJaponicus,66,Trachurus japonicus,Mid-trophic species,14,SSP1-2.6,122.055588450617,0.57627455308642,116.06021125,0.5216957865,0.072664892060329,0.143547533729693,0.0708826416693635
TrachurusJaponicus,66,Trachurus japonicus,Mid-trophic species,14,SSP5-8.5,124.90376591358,0.721033525432099,116.06021125,0.5216957865,0.105943515643279,0.466857559669185,0.360914044025905
TrachurusJaponicus,67,Trachurus japonicus,Mid-trophic species,14,SSP1-2.6,119.811806209877,0.599370615987654,114.412159,0.524737749333333,0.0665296969926899,0.191851777409196,0.125322080416506
TrachurusJaponicus,67,Trachurus japonicus,Mid-trophic species,14,SSP5-8.5,117.970726777778,0.707446343024691,114.412159,0.524737749333333,0.0441885333027491,0.431024149076387,0.386835615773638
TrachurusJaponicus,68,Trachurus japonicus,Mid-trophic species,14,SSP1-2.6,119.794229444444,0.604331696790124,122.532314683333,0.568380989166667,-0.0326038580069857,0.088482311331198,0.121086169338184
TrachurusJaponicus,68,Trachurus japonicus,Mid-trophic species,14,SSP5-8.5,122.346269074074,0.735006414567901,122.532314683333,0.568380989166667,-0.00219216499361869,0.370898539657978,0.373090704651597
TrachurusJaponicus,69,Trachurus japonicus,Mid-trophic species,14,SSP1-2.6,124.550225598765,0.620953136358025,118.269674083333,0.555540157833333,0.0746474398360788,0.160593189455271,0.0859457496191923
TrachurusJaponicus,69,Trachurus japonicus,Mid-trophic species,14,SSP5-8.5,119.153186222222,0.702036650432099,118.269674083333,0.555540157833333,0.0107373355993152,0.33765514745473,0.326917811855415
TrachurusJaponicus,70,Trachurus japonicus,Mid-trophic species,14,SSP1-2.6,124.207940814815,0.615923223888889,117.1718736,0.549381833666667,0.0841311092429992,0.164941321385162,0.0808102121421625
TrachurusJaponicus,70,Trachurus japonicus,Mid-trophic species,14,SSP5-8.5,119.295842555556,0.710085483765432,117.1718736,0.549381833666667,0.0259174650822199,0.370183508363217,0.344266043280997
TrachurusJaponicus,71,Trachurus japonicus,Mid-trophic species,14,SSP1-2.6,122.704168425926,0.601375746419753,115.98037225,0.530550825166667,0.0813035862707746,0.180775721374961,0.0994721351041863
TrachurusJaponicus,71,Trachurus japonicus,Mid-trophic species,14,SSP5-8.5,122.718893074074,0.702443026234568,115.98037225,0.530550825166667,0.0814767010282683,0.404890252347554,0.323413551319285
TrachurusJaponicus,72,Trachurus japonicus,Mid-trophic species,14,SSP1-2.6,118.241638234568,0.588644386358025,116.92885955,0.565962190166667,0.0161071136799798,0.0566906567125861,0.0405835430326063
TrachurusJaponicus,72,Trachurus japonicus,Mid-trophic species,14,SSP5-8.5,118.136067104938,0.677656794567901,116.92885955,0.565962190166667,0.014818439224947,0.259849117156731,0.245030677931784
TrachurusJaponicus,73,Trachurus japonicus,Mid-trophic species,14,SSP1-2.6,118.15645567284,0.582067161049383,116.73384615,0.535866840666667,0.0174755346044144,0.11931108106716,0.101835546462746
TrachurusJaponicus,73,Trachurus japonicus,Mid-trophic species,14,SSP5-8.5,120.9203005,0.705182681358025,116.73384615,0.535866840666667,0.0508335484517591,0.39612249869235,0.345288950240591
TrachurusJaponicus,74,Trachurus japonicus,Mid-trophic species,14,SSP1-2.6,119.020748080247,0.598501581296296,115.3178185,0.525825241666667,0.0455976403730464,0.186771660288302,0.141174019915256
TrachurusJaponicus,74,Trachurus japonicus,Mid-trophic species,14,SSP5-8.5,127.397917993827,0.693050064567901,115.3178185,0.525825241666667,0.143726250147815,0.398376174948682,0.254649924800867
TrachurusJaponicus,75,Trachurus japonicus,Mid-trophic species,14,SSP1-2.6,123.615732537037,0.599961522222222,114.382662333333,0.534559505333333,0.111993975549326,0.166519425499949,0.0545254499506228
TrachurusJaponicus,75,Trachurus japonicus,Mid-trophic species,14,SSP5-8.5,118.007995555556,0.71423203537037,114.382662333333,0.534559505333333,0.0450162210286186,0.418042291660265,0.373026070631646
TrachurusJaponicus,76,Trachurus japonicus,Mid-trophic species,14,SSP1-2.6,119.11712237037,0.593548858,114.180255433333,0.545877067666667,0.0610676119377272,0.120790699621017,0.0597230876832902
TrachurusJaponicus,76,Trachurus japonicus,Mid-trophic species,14,SSP5-8.5,126.688761179012,0.691339349074074,114.180255433333,0.545877067666667,0.149975350795131,0.34081795145111,0.190842600655978
TrachurusJaponicus,77,Trachurus japonicus,Mid-trophic species,14,SSP1-2.6,121.571098228395,0.606330074074074,114.3641199,0.533724038,0.0881657913926215,0.184009392872728,0.0958436014801065
TrachurusJaponicus,77,Trachurus japonicus,Mid-trophic species,14,SSP5-8.5,123.726429296296,0.694717288209877,114.3641199,0.533724038,0.113519210158232,0.380332010338738,0.266812800180506
TrachurusJaponicus,78,Trachurus japonicus,Mid-trophic species,14,SSP1-2.6,118.35781387037,0.576643955061728,115.728830666667,0.523673183166667,0.0324066374177322,0.139014083833484,0.106607446415752
TrachurusJaponicus,78,Trachurus japonicus,Mid-trophic species,14,SSP5-8.5,129.141916901235,0.712141029938272,115.728830666667,0.523673183166667,0.158209029658674,0.443496248243295,0.285287218584621
TrachurusJaponicus,79,Trachurus japonicus,Mid-trophic species,14,SSP1-2.6,117.201530401235,0.626558190864198,116.05189725,0.518447088166667,0.0142212999225398,0.273251746861085,0.259030446938545
TrachurusJaponicus,79,Trachurus japonicus,Mid-trophic species,14,SSP5-8.5,132.220777444444,0.712258622438272,116.05189725,0.518447088166667,0.188178794249817,0.458204424052966,0.270025629803149
TrachurusJaponicus,80,Trachurus japonicus,Mid-trophic species,14,SSP1-2.6,120.658289975309,0.60986306691358,119.121623416667,0.541464727166667,0.0184917205414899,0.171617990572414,0.153126270030924
TrachurusJaponicus,80,Trachurus japonicus,Mid-trophic species,14,SSP5-8.5,121.357714783951,0.717746962839506,119.121623416667,0.541464727166667,0.0268305038641565,0.406607961765007,0.379777457900851
TrachurusJaponicus,81,Trachurus japonicus,Mid-trophic species,14,SSP1-2.6,118.144359407407,0.561207993209877,114.778830116667,0.532456652166667,0.0416941771215247,0.0758714783552583,0.0341773012337336
TrachurusJaponicus,81,Trachurus japonicus,Mid-trophic species,14,SSP5-8.5,126.534715364198,0.727994166234568,114.778830116667,0.532456652166667,0.140676674130197,0.451262810604846,0.31058613647465
TrachurusJaponicus,82,Trachurus japonicus,Mid-trophic species,14,SSP1-2.6,119.507954,0.581671929320988,115.25918805,0.562349157333333,0.0522248800335251,0.0487395188828483,-0.00348536115067685
TrachurusJaponicus,82,Trachurus japonicus,Mid-trophic species,14,SSP5-8.5,124.277308098765,0.695503985432099,115.25918805,0.562349157333333,0.108681135776181,0.306592617331736,0.197911481555555
TrachurusJaponicus,83,Trachurus japonicus,Mid-trophic species,14,SSP1-2.6,116.923388216049,0.576507759876543,118.411332483333,0.537408199333333,-0.018243618406931,0.101321693912308,0.119565312319239
TrachurusJaponicus,83,Trachurus japonicus,Mid-trophic species,14,SSP5-8.5,121.824822216049,0.719373145123457,118.411332483333,0.537408199333333,0.0410009573369576,0.420721970338751,0.379721013001794
TrachurusJaponicus,84,Trachurus japonicus,Mid-trophic species,14,SSP1-2.6,121.562375055556,0.604932217037037,116.60848275,0.513411977,0.0600240252441026,0.23665654488113,0.176632519637027
TrachurusJaponicus,84,Trachurus japonicus,Mid-trophic species,14,SSP5-8.5,118.194609135802,0.727247613518519,116.60848275,0.513411977,0.0194914935743653,0.502329705244807,0.482838211670441
TrachurusJaponicus,85,Trachurus japonicus,Mid-trophic species,14,SSP1-2.6,119.53272858642,0.600695036666667,119.28123845,0.575696591666667,0.00303854679246102,0.0613240724282194,0.0582855256357584
TrachurusJaponicus,85,Trachurus japonicus,Mid-trophic species,14,SSP5-8.5,120.584145345679,0.729941730061728,119.28123845,0.575696591666667,0.0156730894168294,0.342472629833285,0.326799540416455
TrachurusJaponicus,86,Trachurus japonicus,Mid-trophic species,14,SSP1-2.6,118.44357954321,0.61480510154321,116.08542925,0.557288838166667,0.0290130965741655,0.141703878067065,0.112690781492899
TrachurusJaponicus,86,Trachurus japonicus,Mid-trophic species,14,SSP5-8.5,129.488374061728,0.731734512222222,116.08542925,0.557288838166667,0.157635673178316,0.392895046862765,0.23525937368445
TrachurusJaponicus,87,Trachurus japonicus,Mid-trophic species,14,SSP1-2.6,122.270764808642,0.600514671419753,115.996614333333,0.5596932505,0.0759967966330853,0.101563143465698,0.0255663468326128
TrachurusJaponicus,87,Trachurus japonicus,Mid-trophic species,14,SSP5-8.5,120.405071969136,0.709447295987654,115.996614333333,0.5596932505,0.0538134686604438,0.342059162165451,0.288245693505007
TrachurusJaponicus,88,Trachurus japonicus,Mid-trophic species,14,SSP1-2.6,120.038876049383,0.587245439259259,122.137881,0.542205996166667,-0.0250090050029784,0.115122536047674,0.140131541050653
TrachurusJaponicus,88,Trachurus japonicus,Mid-trophic species,14,SSP5-8.5,118.537362506173,0.713052383827161,122.137881,0.542205996166667,-0.043168858287371,0.395166999217722,0.438335857505093
TrachurusJaponicus,89,Trachurus japonicus,Mid-trophic species,14,SSP1-2.6,121.72954204321,0.612363511851852,120.903931866667,0.559309590666667,0.00981816964716481,0.130741252406477,0.120923082759313
TrachurusJaponicus,89,Trachurus japonicus,Mid-trophic species,14,SSP5-8.5,126.904970858025,0.730885686580247,120.903931866667,0.559309590666667,0.0698874179029355,0.385998711691178,0.316111293788242
TrachurusJaponicus,90,Trachurus japonicus,Mid-trophic species,14,SSP1-2.6,118.035937506173,0.607710291234568,124.384238316667,0.569349154166667,-0.075577509188882,0.0940700646442472,0.169647573833129
TrachurusJaponicus,90,Trachurus japonicus,Mid-trophic species,14,SSP5-8.5,119.511896117284,0.683410613271605,124.384238316667,0.569349154166667,-0.0576494520189279,0.26343899411331,0.321088446132237
TrachurusJaponicus,91,Trachurus japonicus,Mid-trophic species,14,SSP1-2.6,119.310750432099,0.587378524382716,117.785014133333,0.534268439666667,0.0185680463813109,0.136725722376143,0.118157675994832
TrachurusJaponicus,91,Trachurus japonicus,Mid-trophic species,14,SSP5-8.5,120.407849061728,0.738669394320988,117.785014133333,0.534268439666667,0.0317734447645632,0.467364006223736,0.435590561459173
TrachurusJaponicus,92,Trachurus japonicus,Mid-trophic species,14,SSP1-2.6,122.737475388889,0.604366258765432,114.878681016667,0.549537428833333,0.0954647237986912,0.137205372303146,0.041740648504455
TrachurusJaponicus,92,Trachurus japonicus,Mid-trophic species,14,SSP5-8.5,121.761412240741,0.724548951728395,114.878681016667,0.549537428833333,0.0839459070245426,0.398865417886131,0.314919510861588
TrachurusJaponicus,93,Trachurus japonicus,Mid-trophic species,14,SSP1-2.6,124.210787419753,0.595965914382716,116.60609835,0.522342038333333,0.0911472321094273,0.190235002526088,0.099087770416661
TrachurusJaponicus,93,Trachurus japonicus,Mid-trophic species,14,SSP5-8.5,118.009340117284,0.729510545925926,116.60609835,0.522342038333333,0.0172578078628785,0.481934016974412,0.464676209111533
TrachurusJaponicus,94,Trachurus japonicus,Mid-trophic species,14,SSP1-2.6,122.39817467284,0.593454295185185,116.353855216667,0.529041467166667,0.0730630300940754,0.165756117498314,0.092693087404239
TrachurusJaponicus,94,Trachurus japonicus,Mid-trophic species,14,SSP5-8.5,120.941789228395,0.702908167160494,116.353855216667,0.529041467166667,0.0557938145278177,0.409955410184722,0.354161595656904
TrachurusJaponicus,95,Trachurus japonicus,Mid-trophic species,14,SSP1-2.6,119.32987637037,0.582793643703704,116.152535316667,0.533854171066667,0.0389346479015405,0.126539437030349,0.0876047891288084
TrachurusJaponicus,95,Trachurus japonicus,Mid-trophic species,14,SSP5-8.5,125.179654080247,0.734039451728395,116.152535316667,0.533854171066667,0.10797944979443,0.45941189876419,0.35143244896976
TrachurusJaponicus,96,Trachurus japonicus,Mid-trophic species,14,SSP1-2.6,121.802392333333,0.610737707222222,118.841835433333,0.540096934666667,0.0354996777182684,0.17733456031296,0.141834882594691
TrachurusJaponicus,96,Trachurus japonicus,Mid-trophic species,14,SSP5-8.5,125.540545512346,0.745557777283951,118.841835433333,0.540096934666667,0.0791105910755137,0.465101798780541,0.385991207705027
TrachurusJaponicus,97,Trachurus japonicus,Mid-trophic species,14,SSP1-2.6,120.716344345679,0.587923635617284,115.88989535,0.5379830495,0.0588662418568256,0.128068060283894,0.0692018184270679
TrachurusJaponicus,97,Trachurus japonicus,Mid-trophic species,14,SSP5-8.5,124.251097074074,0.695791569654321,115.88989535,0.5379830495,0.100503809475323,0.371094481304141,0.270590671828818
TrachurusJaponicus,98,Trachurus japonicus,Mid-trophic species,14,SSP1-2.6,117.849209901235,0.592776799938272,119.4192411,0.536971603333333,-0.0190932193087706,0.142643188446225,0.161736407754995
TrachurusJaponicus,98,Trachurus japonicus,Mid-trophic species,14,SSP5-8.5,122.827814111111,0.736171083209877,119.4192411,0.536971603333333,0.0406019874489603,0.455195285600196,0.414593298151236
TrachurusJaponicus,99,Trachurus japonicus,Mid-trophic species,14,SSP1-2.6,122.950309950617,0.59493065654321,122.100248383333,0.557854664333333,0.0100092367479431,0.0928322103320965,0.0828229735841534
TrachurusJaponicus,99,Trachurus japonicus,Mid-trophic species,14,SSP5-8.5,120.655968018519,0.747624237962963,122.100248383333,0.557854664333333,-0.0171668576500327,0.422424030605416,0.439590888255448
TrachurusJaponicus,100,Trachurus japonicus,Mid-trophic species,14,SSP1-2.6,120.518294802469,0.594978178333333,116.311801683333,0.537244553833333,0.0512546770767748,0.14725780369964,0.0960031266228652
TrachurusJaponicus,100,Trachurus japonicus,Mid-trophic species,14,SSP5-8.5,119.510109981481,0.67533593308642,116.311801683333,0.537244553833333,0.0391351798320258,0.330026369262785,0.29089118943076
TrachysalambriaCurvirostris,1,Trachysalambria curvirostris,Invertebrate,7,SSP1-2.6,26.2220399783951,0.268444391308642,29.42234786,0.17574032545,-0.166132449823821,0.611177991789756,0.777310441613577
TrachysalambriaCurvirostris,1,Trachysalambria curvirostris,Invertebrate,7,SSP5-8.5,25.8897004179012,0.365586469074074,29.42234786,0.17574032545,-0.184534104903889,1.0567674042368,1.24130150914069
TrachysalambriaCurvirostris,2,Trachysalambria curvirostris,Invertebrate,7,SSP1-2.6,28.991428762963,0.290466125654321,28.277457195,0.181501522216667,0.0359740404736179,0.678388277555464,0.642414237081846
TrachysalambriaCurvirostris,2,Trachysalambria curvirostris,Invertebrate,7,SSP5-8.5,28.7948794024691,0.333397400691358,28.277457195,0.181501522216667,0.0261598858690704,0.877261208636824,0.851101322767754
TrachysalambriaCurvirostris,3,Trachysalambria curvirostris,Invertebrate,7,SSP1-2.6,28.3867206222222,0.248615754808642,23.3345196516667,0.15414529225,0.282750421966359,0.68962689425452,0.406876472288161
TrachysalambriaCurvirostris,3,Trachysalambria curvirostris,Invertebrate,7,SSP5-8.5,27.6493918364198,0.310893758472222,23.3345196516667,0.15414529225,0.244781978655785,1.01213082452803,0.767348845872248
TrachysalambriaCurvirostris,4,Trachysalambria curvirostris,Invertebrate,7,SSP1-2.6,28.0942984666667,0.262834279191358,28.5742609683333,0.1845462306,-0.0244388100186426,0.510171175610112,0.534609985628754
TrachysalambriaCurvirostris,4,Trachysalambria curvirostris,Invertebrate,7,SSP5-8.5,22.7144297290123,0.330443608592593,28.5742609683333,0.1845462306,-0.331107100327159,0.840421821065624,1.17152892139278
TrachysalambriaCurvirostris,5,Trachysalambria curvirostris,Invertebrate,7,SSP1-2.6,27.3876280864198,0.269240512055556,28.209792475,0.162705496033333,-0.0426717263683813,0.726632520912525,0.769304247280907
TrachysalambriaCurvirostris,5,Trachysalambria curvirostris,Invertebrate,7,SSP5-8.5,25.8181005401235,0.296771461277778,28.209792475,0.162705496033333,-0.127813188560209,0.867089378676577,0.994902567236786
TrachysalambriaCurvirostris,6,Trachysalambria curvirostris,Invertebrate,7,SSP1-2.6,27.9222240944445,0.264111220092593,30.682905345,0.181668290633333,-0.136021235796279,0.539838966286139,0.675860202082418
TrachysalambriaCurvirostris,6,Trachysalambria curvirostris,Invertebrate,7,SSP5-8.5,29.5089489376543,0.323679636240741,30.682905345,0.181668290633333,-0.0562825620375714,0.833259977927458,0.889542539965029
TrachysalambriaCurvirostris,7,Trachysalambria curvirostris,Invertebrate,7,SSP1-2.6,25.1171213641975,0.281956998438272,22.5198686766667,0.2036647376,0.157472714129193,0.469278937941407,0.311806223812214
TrachysalambriaCurvirostris,7,Trachysalambria curvirostris,Invertebrate,7,SSP5-8.5,27.3216623808642,0.324761833240741,22.5198686766667,0.2036647376,0.278846852329663,0.673185879134339,0.394339026804676
TrachysalambriaCurvirostris,8,Trachysalambria curvirostris,Invertebrate,7,SSP1-2.6,23.945393745679,0.254500261469136,28.5129912116667,0.170238472133333,-0.251871237287729,0.580110030479466,0.831981267767195
TrachysalambriaCurvirostris,8,Trachysalambria curvirostris,Invertebrate,7,SSP5-8.5,25.3660653925926,0.331979470993827,28.5129912116667,0.170238472133333,-0.168719640040007,0.963536922673324,1.13225656271333
TrachysalambriaCurvirostris,9,Trachysalambria curvirostris,Invertebrate,7,SSP1-2.6,26.2617166154321,0.275993776018519,28.2307812916667,0.2030040069,-0.104307834089294,0.443127529259486,0.547435363348781
TrachysalambriaCurvirostris,9,Trachysalambria curvirostris,Invertebrate,7,SSP5-8.5,27.6913931376543,0.309485041271605,28.2307812916667,0.2030040069,-0.0278314195032181,0.608361475881752,0.63619289538497
TrachysalambriaCurvirostris,10,Trachysalambria curvirostris,Invertebrate,7,SSP1-2.6,25.6489465358025,0.247862395524691,30.0855964016667,0.176978754733333,-0.230173384230473,0.485963225780009,0.716136610010482
TrachysalambriaCurvirostris,10,Trachysalambria curvirostris,Invertebrate,7,SSP5-8.5,28.1666838777778,0.311580587682099,30.0855964016667,0.176978754733333,-0.0950832340835027,0.816029168792941,0.911112402876444
TrachysalambriaCurvirostris,11,Trachysalambria curvirostris,Invertebrate,7,SSP1-2.6,27.4049755148148,0.299696009382716,27.9246857383333,0.186711041666667,-0.0271031991516546,0.682692625908142,0.709795825059797
TrachysalambriaCurvirostris,11,Trachysalambria curvirostris,Invertebrate,7,SSP5-8.5,25.2253979111111,0.361560500827161,27.9246857383333,0.186711041666667,-0.146664017944052,0.953429829370134,1.10009384731419
TrachysalambriaCurvirostris,12,Trachysalambria curvirostris,Invertebrate,7,SSP1-2.6,26.0740598962963,0.238566188660494,25.6527082733333,0.2332486265,0.0235040913567628,0.0325210025654964,0.0090169112087336
TrachysalambriaCurvirostris,12,Trachysalambria curvirostris,Invertebrate,7,SSP5-8.5,28.1587152049383,0.283032288660494,25.6527082733333,0.2332486265,0.134470364001286,0.279098061117271,0.144627697115985
TrachysalambriaCurvirostris,13,Trachysalambria curvirostris,Invertebrate,7,SSP1-2.6,27.1547396555556,0.255939050864198,26.4213306283333,0.1914262295,0.0395009063023821,0.419011765260988,0.379510858958605
TrachysalambriaCurvirostris,13,Trachysalambria curvirostris,Invertebrate,7,SSP5-8.5,26.3686252549383,0.370954518475309,26.4213306283333,0.1914262295,-0.00288076793464599,0.954453790012784,0.95733455794743
TrachysalambriaCurvirostris,14,Trachysalambria curvirostris,Invertebrate,7,SSP1-2.6,24.9990535648148,0.238722581641975,26.78044971,0.201930691083333,-0.0993067101247216,0.241474842709788,0.34078155283451
TrachysalambriaCurvirostris,14,Trachysalambria curvirostris,Invertebrate,7,SSP5-8.5,26.8020848376543,0.337658013141975,26.78044971,0.201930691083333,0.00116503981514093,0.741702595318582,0.740537555503441
TrachysalambriaCurvirostris,15,Trachysalambria curvirostris,Invertebrate,7,SSP1-2.6,24.8324871104938,0.332145486777778,27.0403788416667,0.158632398733333,-0.122886601623588,1.06612785707431,1.18901445869789
TrachysalambriaCurvirostris,15,Trachysalambria curvirostris,Invertebrate,7,SSP5-8.5,26.2940259438272,0.343144384080247,27.0403788416667,0.158632398733333,-0.0403803107362323,1.11312828964096,1.1535086003772
TrachysalambriaCurvirostris,16,Trachysalambria curvirostris,Invertebrate,7,SSP1-2.6,28.8112419537037,0.261115376691358,30.08205649,0.208396987433333,-0.0622713454189779,0.32535299598362,0.387624341402598
TrachysalambriaCurvirostris,16,Trachysalambria curvirostris,Invertebrate,7,SSP5-8.5,23.1376050833333,0.329182512320988,30.08205649,0.208396987433333,-0.378663654532812,0.659553272935985,1.0382169274688
TrachysalambriaCurvirostris,17,Trachysalambria curvirostris,Invertebrate,7,SSP1-2.6,26.59361895,0.256502428333333,29.78958604,0.216830088066667,-0.163727958450053,0.24240752026915,0.406135478719203
TrachysalambriaCurvirostris,17,Trachysalambria curvirostris,Invertebrate,7,SSP5-8.5,26.106356626358,0.297370571722222,29.78958604,0.216830088066667,-0.190406945038363,0.455696919233716,0.646103864272078
TrachysalambriaCurvirostris,18,Trachysalambria curvirostris,Invertebrate,7,SSP1-2.6,25.8650882265432,0.258918188314815,27.80289252,0.212338942616667,-0.104228871303013,0.286127330858933,0.390356202161945
TrachysalambriaCurvirostris,18,Trachysalambria curvirostris,Invertebrate,7,SSP5-8.5,26.8506381697531,0.314579360141975,27.80289252,0.212338942616667,-0.0502786062037491,0.567055033800352,0.617333640004101
TrachysalambriaCurvirostris,19,Trachysalambria curvirostris,Invertebrate,7,SSP1-2.6,26.6758838407407,0.242453192938272,33.1439815766667,0.165998762066667,-0.313210851452767,0.546533770404594,0.859744621857361
TrachysalambriaCurvirostris,19,Trachysalambria curvirostris,Invertebrate,7,SSP5-8.5,28.5184648981482,0.308909285160494,33.1439815766667,0.165998762066667,-0.216850597515846,0.896010753247087,1.11286135076293
TrachysalambriaCurvirostris,20,Trachysalambria curvirostris,Invertebrate,7,SSP1-2.6,26.2820237401235,0.261809997055556,28.175251195,0.170412644183333,-0.100352103938888,0.619487802942247,0.719839906881135
TrachysalambriaCurvirostris,20,Trachysalambria curvirostris,Invertebrate,7,SSP5-8.5,26.0502272876543,0.337048091253086,28.175251195,0.170412644183333,-0.113132512687245,0.983922071267919,1.09705458395516
TrachysalambriaCurvirostris,21,Trachysalambria curvirostris,Invertebrate,7,SSP1-2.6,25.6404970685185,0.261665041876543,25.1599310666667,0.231260215816667,0.0272962608995736,0.178204097555357,0.150907836655784
TrachysalambriaCurvirostris,21,Trachysalambria curvirostris,Invertebrate,7,SSP5-8.5,28.1825775617284,0.311819416030864,25.1599310666667,0.231260215816667,0.1636755961916,0.431193665546649,0.267518069355049
TrachysalambriaCurvirostris,22,Trachysalambria curvirostris,Invertebrate,7,SSP1-2.6,28.6627577296296,0.247664765209877,28.0533398583333,0.187030872066667,0.0310048828125158,0.405112206927743,0.374107324115227
TrachysalambriaCurvirostris,22,Trachysalambria curvirostris,Invertebrate,7,SSP5-8.5,28.6556245716049,0.309655242111111,28.0533398583333,0.187030872066667,0.0306458017865667,0.727386442643758,0.696740640857191
TrachysalambriaCurvirostris,23,Trachysalambria curvirostris,Invertebrate,7,SSP1-2.6,26.7958735327161,0.242050450246914,27.3946581566667,0.218571408983333,-0.0318837531468971,0.147203081356016,0.179086834502913
TrachysalambriaCurvirostris,23,Trachysalambria curvirostris,Invertebrate,7,SSP5-8.5,25.6175656018519,0.26214554667284,27.3946581566667,0.218571408983333,-0.0967612160479136,0.262263341111548,0.359024557159462
TrachysalambriaCurvirostris,24,Trachysalambria curvirostris,Invertebrate,7,SSP1-2.6,26.8347794246914,0.261320650191358,30.688280065,0.198913839533333,-0.193583762180143,0.393677478504828,0.587261240684972
TrachysalambriaCurvirostris,24,Trachysalambria curvirostris,Invertebrate,7,SSP5-8.5,28.6669793191358,0.319413783395062,30.688280065,0.198913839533333,-0.0982978980057619,0.683282913583523,0.781580811589284
TrachysalambriaCurvirostris,25,Trachysalambria curvirostris,Invertebrate,7,SSP1-2.6,25.0358092123457,0.280266680753086,27.7821091666667,0.171417810766667,-0.15016304298506,0.709283223997814,0.859446266982874
TrachysalambriaCurvirostris,25,Trachysalambria curvirostris,Invertebrate,7,SSP5-8.5,24.3033702475309,0.317967125179012,27.7821091666667,0.171417810766667,-0.19299973812003,0.8913605949806,1.08436033310063
TrachysalambriaCurvirostris,26,Trachysalambria curvirostris,Invertebrate,7,SSP1-2.6,26.5280060635802,0.261989437376543,33.9772555866667,0.168892056266667,-0.357053086053222,0.63340717435835,0.990460260411571
TrachysalambriaCurvirostris,26,Trachysalambria curvirostris,Invertebrate,7,SSP5-8.5,27.2357050481482,0.294198362228395,33.9772555866667,0.168892056266667,-0.319070113187085,0.800687741815516,1.1197578550026
TrachysalambriaCurvirostris,27,Trachysalambria curvirostris,Invertebrate,7,SSP1-2.6,25.4099978842593,0.264317638024691,25.5282841433333,0.22118911625,-0.00670031651314508,0.256992301225674,0.263692617738819
TrachysalambriaCurvirostris,27,Trachysalambria curvirostris,Invertebrate,7,SSP5-8.5,29.7769292246914,0.25166384662963,25.5282841433333,0.22118911625,0.222098410456774,0.186217578986307,-0.0358808314704673
TrachysalambriaCurvirostris,28,Trachysalambria curvirostris,Invertebrate,7,SSP1-2.6,27.6051182561728,0.279273958453704,31.21764548,0.19333863475,-0.177425947991102,0.530551093161679,0.707977041152781
TrachysalambriaCurvirostris,28,Trachysalambria curvirostris,Invertebrate,7,SSP5-8.5,25.3803420518519,0.324256999697531,31.21764548,0.19333863475,-0.298650216855733,0.746007758808966,1.0446579756647
TrachysalambriaCurvirostris,29,Trachysalambria curvirostris,Invertebrate,7,SSP1-2.6,27.3584183716049,0.270040072024691,29.1720187416667,0.173904747816667,-0.0926003976469448,0.634876188280402,0.727476585927347
TrachysalambriaCurvirostris,29,Trachysalambria curvirostris,Invertebrate,7,SSP5-8.5,27.8434871209877,0.335560102802469,29.1720187416667,0.173904747816667,-0.0672453202985064,0.948273872840328,1.01551919313883
TrachysalambriaCurvirostris,30,Trachysalambria curvirostris,Invertebrate,7,SSP1-2.6,25.3359408191358,0.279031685253086,27.5154176333333,0.1767597712,-0.119054823716759,0.658638986843251,0.77769381056001
TrachysalambriaCurvirostris,30,Trachysalambria curvirostris,Invertebrate,7,SSP5-8.5,25.2858742450617,0.306669533481481,27.5154176333333,0.1767597712,-0.121908566578056,0.794894878378008,0.916803444956064
TrachysalambriaCurvirostris,31,Trachysalambria curvirostris,Invertebrate,7,SSP1-2.6,29.6530859864198,0.25298303208642,28.355311835,0.202313145866667,0.0645632310602491,0.322450558542926,0.257887327482677
TrachysalambriaCurvirostris,31,Trachysalambria curvirostris,Invertebrate,7,SSP5-8.5,27.2370586580247,0.305628718537037,28.355311835,0.202313145866667,-0.0580481078108528,0.595190047100618,0.653238154911471
TrachysalambriaCurvirostris,32,Trachysalambria curvirostris,Invertebrate,7,SSP1-2.6,26.9346220864198,0.240488511432099,25.00521046,0.187371608483333,0.107233075441985,0.360065610577549,0.252832535135565
TrachysalambriaCurvirostris,32,Trachysalambria curvirostris,Invertebrate,7,SSP5-8.5,25.7842619351852,0.334982777432099,25.00521046,0.187371608483333,0.0442620017746507,0.838184558841333,0.793922557066683
TrachysalambriaCurvirostris,33,Trachysalambria curvirostris,Invertebrate,7,SSP1-2.6,25.138880045679,0.281442994475309,29.4149029766667,0.202069161608333,-0.226626899475977,0.477993573456849,0.704620472932826
TrachysalambriaCurvirostris,33,Trachysalambria curvirostris,Invertebrate,7,SSP5-8.5,26.7170537691358,0.309522549314815,29.4149029766667,0.202069161608333,-0.138786354645327,0.615195351963084,0.753981706608411
TrachysalambriaCurvirostris,34,Trachysalambria curvirostris,Invertebrate,7,SSP1-2.6,27.3493864401235,0.286611823932099,21.9054430183333,0.178872117133333,0.320219075567792,0.68016961266386,0.359950537096068
TrachysalambriaCurvirostris,34,Trachysalambria curvirostris,Invertebrate,7,SSP5-8.5,27.4095097919753,0.328545514796296,21.9054430183333,0.178872117133333,0.323387134180451,0.877164731677227,0.553777597496776
TrachysalambriaCurvirostris,35,Trachysalambria curvirostris,Invertebrate,7,SSP1-2.6,25.2413593097531,0.281221457024691,28.3450335316667,0.225127179483333,-0.167306370724915,0.320966432253265,0.48827280297818
TrachysalambriaCurvirostris,35,Trachysalambria curvirostris,Invertebrate,7,SSP5-8.5,30.133977597284,0.318174619154321,28.3450335316667,0.225127179483333,0.0882951412048118,0.49907851311655,0.410783371911738
TrachysalambriaCurvirostris,36,Trachysalambria curvirostris,Invertebrate,7,SSP1-2.6,26.5522085592593,0.266056645944444,28.9940634116667,0.193330867466667,-0.126925669498462,0.46066144310394,0.587587112602402
TrachysalambriaCurvirostris,36,Trachysalambria curvirostris,Invertebrate,7,SSP5-8.5,26.2437536648148,0.303656091660494,28.9940634116667,0.193330867466667,-0.143783451462498,0.651366312885128,0.795149764347626
TrachysalambriaCurvirostris,37,Trachysalambria curvirostris,Invertebrate,7,SSP1-2.6,27.8951951376543,0.237609747888889,29.50303073,0.16413811475,-0.0808465208295101,0.533683735542149,0.614530256371659
TrachysalambriaCurvirostris,37,Trachysalambria curvirostris,Invertebrate,7,SSP5-8.5,26.4736830253086,0.310269259493827,29.50303073,0.16413811475,-0.156304247573705,0.918610478177412,1.07491472575112
TrachysalambriaCurvirostris,38,Trachysalambria curvirostris,Invertebrate,7,SSP1-2.6,25.8261434277778,0.251848934203704,27.7040338283333,0.199098201766667,-0.101263829822195,0.339078434833904,0.440342264656099
TrachysalambriaCurvirostris,38,Trachysalambria curvirostris,Invertebrate,7,SSP5-8.5,27.3653864271605,0.330497332055556,27.7040338283333,0.199098201766667,-0.0177438252541265,0.731158434751254,0.74890226000538
TrachysalambriaCurvirostris,39,Trachysalambria curvirostris,Invertebrate,7,SSP1-2.6,24.8800088444444,0.258392312858025,23.0466586066667,0.178946622883333,0.110429399991308,0.530033833476405,0.419604433485098
TrachysalambriaCurvirostris,39,Trachysalambria curvirostris,Invertebrate,7,SSP5-8.5,28.0897002450617,0.303124012888889,23.0466586066667,0.178946622883333,0.285483630714803,0.760378826936457,0.474895196221655
TrachysalambriaCurvirostris,40,Trachysalambria curvirostris,Invertebrate,7,SSP1-2.6,28.1667620693827,0.277136660314815,29.26811421,0.187276758233333,-0.055336066474726,0.565425699987886,0.620761766462612
TrachysalambriaCurvirostris,40,Trachysalambria curvirostris,Invertebrate,7,SSP5-8.5,27.744728491358,0.278924495166667,29.26811421,0.187276758233333,-0.0771161087511797,0.574702770817397,0.651818879568576
TrachysalambriaCurvirostris,41,Trachysalambria curvirostris,Invertebrate,7,SSP1-2.6,26.5807615302469,0.240575716462963,28.0925319733333,0.20114661655,-0.079804222136985,0.258243554418396,0.338047776555381
TrachysalambriaCurvirostris,41,Trachysalambria curvirostris,Invertebrate,7,SSP5-8.5,26.1725734722222,0.295319598382716,28.0925319733333,0.20114661655,-0.102130872767398,0.554029630789367,0.656160503556765
TrachysalambriaCurvirostris,42,Trachysalambria curvirostris,Invertebrate,7,SSP1-2.6,27.7459035623457,0.271022837228395,28.32297338,0.189075937933333,-0.0296979432398877,0.519448647085709,0.549146590325597
TrachysalambriaCurvirostris,42,Trachysalambria curvirostris,Invertebrate,7,SSP5-8.5,25.8253504302469,0.303714713123457,28.32297338,0.189075937933333,-0.133184803750622,0.683751024371282,0.816935828121904
TrachysalambriaCurvirostris,43,Trachysalambria curvirostris,Invertebrate,7,SSP1-2.6,27.3416097191358,0.265814966,31.2594934233333,0.183114302483333,-0.193196215730917,0.537677854065677,0.730874069796594
TrachysalambriaCurvirostris,43,Trachysalambria curvirostris,Invertebrate,7,SSP5-8.5,24.5137486932099,0.349934503277778,31.2594934233333,0.183114302483333,-0.35070327790058,0.934340440315727,1.28504371821631
TrachysalambriaCurvirostris,44,Trachysalambria curvirostris,Invertebrate,7,SSP1-2.6,26.852155995679,0.305978403037037,29.2235015716667,0.158536705783333,-0.122091124012141,0.948612922127976,1.07070404614012
TrachysalambriaCurvirostris,44,Trachysalambria curvirostris,Invertebrate,7,SSP5-8.5,24.8604278074074,0.331239444580247,29.2235015716667,0.158536705783333,-0.233277929764211,1.06305757753181,1.29633550729602
TrachysalambriaCurvirostris,45,Trachysalambria curvirostris,Invertebrate,7,SSP1-2.6,27.6106676160494,0.266781988888889,27.171118395,0.17821138825,0.0231518224002104,0.582071737495216,0.558919915095006
TrachysalambriaCurvirostris,45,Trachysalambria curvirostris,Invertebrate,7,SSP5-8.5,24.2158320703704,0.301174165234568,27.171118395,0.17821138825,-0.166123374147096,0.7570084883098,0.923131862456896
TrachysalambriaCurvirostris,46,Trachysalambria curvirostris,Invertebrate,7,SSP1-2.6,26.6304121969136,0.259455392969136,28.3675072566667,0.183311913166667,-0.0911646225951964,0.501185976140182,0.592350598735378
TrachysalambriaCurvirostris,46,Trachysalambria curvirostris,Invertebrate,7,SSP5-8.5,29.1947353154321,0.28135483041358,28.3675072566667,0.183311913166667,0.0414688494969086,0.618090184866003,0.576621335369095
TrachysalambriaCurvirostris,47,Trachysalambria curvirostris,Invertebrate,7,SSP1-2.6,26.1824384425926,0.280439301154321,33.5994603483333,0.194995443466667,-0.359838595901855,0.524248132449292,0.884086728351147
TrachysalambriaCurvirostris,47,Trachysalambria curvirostris,Invertebrate,7,SSP5-8.5,25.442950345679,0.298673717962963,33.5994603483333,0.194995443466667,-0.401172087433033,0.615129879748695,1.01630196718173
TrachysalambriaCurvirostris,48,Trachysalambria curvirostris,Invertebrate,7,SSP1-2.6,28.075055730679,0.283889542216049,28.6666214066667,0.1644818707,-0.0300829948457781,0.787401126820958,0.817484121666736
TrachysalambriaCurvirostris,48,Trachysalambria curvirostris,Invertebrate,7,SSP5-8.5,25.762449287037,0.332871489938272,28.6666214066667,0.1644818707,-0.1541021214656,1.0170367326655,1.1711388541311
TrachysalambriaCurvirostris,49,Trachysalambria curvirostris,Invertebrate,7,SSP1-2.6,28.3303166925926,0.242428293358025,30.041633315,0.164378723133333,-0.0846165228977704,0.560534511483607,0.645151034381377
TrachysalambriaCurvirostris,49,Trachysalambria curvirostris,Invertebrate,7,SSP5-8.5,26.7870935048395,0.346529405641975,30.041633315,0.164378723133333,-0.165425199863855,1.07595420972203,1.24137940958588
TrachysalambriaCurvirostris,50,Trachysalambria curvirostris,Invertebrate,7,SSP1-2.6,27.0208128666667,0.249792856777778,32.330478865,0.177837227033333,-0.258823800306626,0.490174863278526,0.748998663585152
TrachysalambriaCurvirostris,50,Trachysalambria curvirostris,Invertebrate,7,SSP5-8.5,29.596716395679,0.277629023691358,32.330478865,0.177837227033333,-0.127457751098216,0.642601038866929,0.770058789965145
TrachysalambriaCurvirostris,51,Trachysalambria curvirostris,Invertebrate,7,SSP1-2.6,27.2096277237654,0.285731797666667,27.75762806,0.2020609322,-0.0287670741762537,0.499871187085905,0.528638261262158
TrachysalambriaCurvirostris,51,Trachysalambria curvirostris,Invertebrate,7,SSP5-8.5,27.2551312296296,0.28364461245679,27.75762806,0.2020609322,-0.0263564255737816,0.489294053274393,0.515650478848175
TrachysalambriaCurvirostris,52,Trachysalambria curvirostris,Invertebrate,7,SSP1-2.6,26.6173525839506,0.285037167104938,30.49729896,0.1833546425,-0.196314388836139,0.636513254921994,0.832827643758133
TrachysalambriaCurvirostris,52,Trachysalambria curvirostris,Invertebrate,7,SSP5-8.5,24.8696657345679,0.329380713061728,30.49729896,0.1833546425,-0.29429435696678,0.845119285068336,1.13941364203512
TrachysalambriaCurvirostris,53,Trachysalambria curvirostris,Invertebrate,7,SSP1-2.6,26.4559994506173,0.272404992401235,29.1337147366667,0.1682659361,-0.139094745453352,0.695009998240807,0.834104743694159
TrachysalambriaCurvirostris,53,Trachysalambria curvirostris,Invertebrate,7,SSP5-8.5,26.9235621703704,0.363540017814815,29.1337147366667,0.1682659361,-0.113820365194515,1.11137103628755,1.22519140148207
TrachysalambriaCurvirostris,54,Trachysalambria curvirostris,Invertebrate,7,SSP1-2.6,27.2093478197531,0.249997167185185,26.3645737983333,0.199373341066667,0.0455017023391555,0.326439232603185,0.28093753026403
TrachysalambriaCurvirostris,54,Trachysalambria curvirostris,Invertebrate,7,SSP5-8.5,27.1171432123457,0.322609336006173,26.3645737983333,0.199373341066667,0.0406045239992584,0.694315674674729,0.65371115067547
TrachysalambriaCurvirostris,55,Trachysalambria curvirostris,Invertebrate,7,SSP1-2.6,25.1485152506173,0.252780874234568,24.2279253583333,0.178107947033333,0.0538023550785744,0.505135421489284,0.451333066410709
TrachysalambriaCurvirostris,55,Trachysalambria curvirostris,Invertebrate,7,SSP5-8.5,25.4542322771605,0.302400094425926,24.2279253583333,0.178107947033333,0.0712346814220775,0.763706700279764,0.692472018857687
TrachysalambriaCurvirostris,56,Trachysalambria curvirostris,Invertebrate,7,SSP1-2.6,27.2491948666667,0.272887679895062,27.541695335,0.20546883035,-0.015403764474526,0.409387709023929,0.424791473498455
TrachysalambriaCurvirostris,56,Trachysalambria curvirostris,Invertebrate,7,SSP5-8.5,28.893906891358,0.292242525141975,27.541695335,0.20546883035,0.0691479235781223,0.508246571105577,0.439098647527455
TrachysalambriaCurvirostris,57,Trachysalambria curvirostris,Invertebrate,7,SSP1-2.6,28.7355272907407,0.27677176704321,26.6152397933333,0.212408041893333,0.110582958096236,0.381858395469395,0.27127543737316
TrachysalambriaCurvirostris,57,Trachysalambria curvirostris,Invertebrate,7,SSP5-8.5,26.6230838481482,0.266575620654321,26.6152397933333,0.212408041893333,0.000425129053274599,0.32770645809985,0.327281329046575
TrachysalambriaCurvirostris,58,Trachysalambria curvirostris,Invertebrate,7,SSP1-2.6,25.7616811771605,0.280436907049383,21.3626645083333,0.15986453225,0.270135143350267,0.810826332348288,0.540691188998021
TrachysalambriaCurvirostris,58,Trachysalambria curvirostris,Invertebrate,7,SSP5-8.5,26.0210121938272,0.317563078444444,21.3626645083333,0.15986453225,0.284585480914636,0.990193290760567,0.705607809845931
TrachysalambriaCurvirostris,59,Trachysalambria curvirostris,Invertebrate,7,SSP1-2.6,25.0679009518519,0.293185775364198,29.0918168083333,0.15157474195,-0.214772198884076,0.951785742928228,1.1665579418123
TrachysalambriaCurvirostris,59,Trachysalambria curvirostris,Invertebrate,7,SSP5-8.5,28.905087887037,0.274445128796296,29.0918168083333,0.15157474195,-0.00928993783419129,0.856488366430394,0.865778304264586
TrachysalambriaCurvirostris,60,Trachysalambria curvirostris,Invertebrate,7,SSP1-2.6,26.1836565407407,0.270404213765432,26.01000405,0.158986565416667,0.0095999594127755,0.76621277266799,0.756612813255215
TrachysalambriaCurvirostris,60,Trachysalambria curvirostris,Invertebrate,7,SSP5-8.5,26.0466684876543,0.293251463808642,26.01000405,0.158986565416667,0.00203223174086335,0.88323344875441,0.881201217013546
TrachysalambriaCurvirostris,61,Trachysalambria curvirostris,Invertebrate,7,SSP1-2.6,28.7385182975309,0.257945029209877,29.6479176116667,0.204630032683333,-0.0449450962467802,0.334045746101275,0.378990842348055
TrachysalambriaCurvirostris,61,Trachysalambria curvirostris,Invertebrate,7,SSP5-8.5,26.4910340185185,0.312274479246914,29.6479176116667,0.204630032683333,-0.162426620196352,0.609796770499281,0.772223390695633
TrachysalambriaCurvirostris,62,Trachysalambria curvirostris,Invertebrate,7,SSP1-2.6,28.6008044185185,0.254105367827161,28.3086114233333,0.191618812116667,0.0148147396404931,0.40718764764207,0.392372908001577
TrachysalambriaCurvirostris,62,Trachysalambria curvirostris,Invertebrate,7,SSP5-8.5,25.6017070796296,0.319525366592593,28.3086114233333,0.191618812116667,-0.145000974825881,0.737691264742587,0.882692239568469
TrachysalambriaCurvirostris,63,Trachysalambria curvirostris,Invertebrate,7,SSP1-2.6,28.2039328564198,0.272272918166667,22.2426742783333,0.1714594055,0.342566094751324,0.667186444481693,0.32462034973037
TrachysalambriaCurvirostris,63,Trachysalambria curvirostris,Invertebrate,7,SSP5-8.5,27.4838855549383,0.303369500098765,22.2426742783333,0.1714594055,0.30525572425555,0.823209002171229,0.517953277915679
TrachysalambriaCurvirostris,64,Trachysalambria curvirostris,Invertebrate,7,SSP1-2.6,29.0641705592593,0.257164235580247,24.2495879133333,0.18018398785,0.261281506163944,0.513219206756909,0.251937700592965
TrachysalambriaCurvirostris,64,Trachysalambria curvirostris,Invertebrate,7,SSP5-8.5,27.9393870123457,0.275612839648148,24.2495879133333,0.18018398785,0.204340137501443,0.613172287776011,0.408832150274568
TrachysalambriaCurvirostris,65,Trachysalambria curvirostris,Invertebrate,7,SSP1-2.6,27.4762962061728,0.275015400481482,26.585570005,0.192335713266667,0.0475441438460145,0.515885739870726,0.468341596024711
TrachysalambriaCurvirostris,65,Trachysalambria curvirostris,Invertebrate,7,SSP5-8.5,27.4541771469136,0.337322624530864,26.585570005,0.192335713266667,0.0463822729616329,0.810502414498462,0.764120141536829
TrachysalambriaCurvirostris,66,Trachysalambria curvirostris,Invertebrate,7,SSP1-2.6,27.3388269777778,0.241455388907407,30.2969203816667,0.1893862896,-0.148219811419114,0.350424770213044,0.498644581632158
TrachysalambriaCurvirostris,66,Trachysalambria curvirostris,Invertebrate,7,SSP5-8.5,28.5312753065432,0.307355886518519,30.2969203816667,0.1893862896,-0.0866269194970144,0.69857822365309,0.785205143150104
TrachysalambriaCurvirostris,67,Trachysalambria curvirostris,Invertebrate,7,SSP1-2.6,26.8122256901235,0.235313360950617,29.53114738,0.1542615396,-0.139346428102718,0.60920482341473,0.748551251517448
TrachysalambriaCurvirostris,67,Trachysalambria curvirostris,Invertebrate,7,SSP5-8.5,25.8240436635803,0.280226186166667,29.53114738,0.1542615396,-0.193522487845311,0.861213362096758,1.05473584994207
TrachysalambriaCurvirostris,68,Trachysalambria curvirostris,Invertebrate,7,SSP1-2.6,27.0258580265432,0.276683757006173,26.173654245,0.173111957616667,0.0462250609998907,0.676532570052091,0.630307509052201
TrachysalambriaCurvirostris,68,Trachysalambria curvirostris,Invertebrate,7,SSP5-8.5,27.0561478679012,0.303366975141975,26.173654245,0.173111957616667,0.0478410886513417,0.809358659244233,0.761517570592891
TrachysalambriaCurvirostris,69,Trachysalambria curvirostris,Invertebrate,7,SSP1-2.6,26.1678736950617,0.289570114512346,29.375415125,0.18547018625,-0.166812538508622,0.642725417963524,0.809537956472146
TrachysalambriaCurvirostris,69,Trachysalambria curvirostris,Invertebrate,7,SSP5-8.5,26.4331059141975,0.300591801345679,29.375415125,0.18547018625,-0.152263286646602,0.696618363435445,0.848881650082047
TrachysalambriaCurvirostris,70,Trachysalambria curvirostris,Invertebrate,7,SSP1-2.6,27.3184795574074,0.274404684092593,23.8572412033333,0.164609752566667,0.195449968215614,0.737255295495087,0.541805327279473
TrachysalambriaCurvirostris,70,Trachysalambria curvirostris,Invertebrate,7,SSP5-8.5,27.8915519833333,0.298152842222222,23.8572412033333,0.164609752566667,0.225400990456894,0.85700227665189,0.631601286194997
TrachysalambriaCurvirostris,71,Trachysalambria curvirostris,Invertebrate,7,SSP1-2.6,26.5096099308642,0.28047005804321,24.3055308916667,0.177405223183333,0.125230795755185,0.660798275968593,0.535567480213409
TrachysalambriaCurvirostris,71,Trachysalambria curvirostris,Invertebrate,7,SSP5-8.5,24.9106247203704,0.339737575308642,24.3055308916667,0.177405223183333,0.0354765561928556,0.937372304282346,0.90189574808949
TrachysalambriaCurvirostris,72,Trachysalambria curvirostris,Invertebrate,7,SSP1-2.6,26.741993154321,0.26418046908642,26.1609923,0.18315143275,0.0316897334244643,0.528486824851558,0.496797091427093
TrachysalambriaCurvirostris,72,Trachysalambria curvirostris,Invertebrate,7,SSP5-8.5,26.9784385944444,0.301392460617284,26.1609923,0.18315143275,0.0443895891623134,0.71860634117981,0.674216752017497
TrachysalambriaCurvirostris,73,Trachysalambria curvirostris,Invertebrate,7,SSP1-2.6,25.2995907746914,0.300334548092593,28.9173047583333,0.178076051983333,-0.192819042686945,0.754076927553335,0.946895970240281
TrachysalambriaCurvirostris,73,Trachysalambria curvirostris,Invertebrate,7,SSP5-8.5,26.7495950493827,0.304775000141975,28.9173047583333,0.178076051983333,-0.112416040611255,0.775251054337957,0.887667094949212
TrachysalambriaCurvirostris,74,Trachysalambria curvirostris,Invertebrate,7,SSP1-2.6,27.8543707320988,0.267028397438272,23.9777685766667,0.155647373383333,0.216206319272384,0.778711944204082,0.562505624931698
TrachysalambriaCurvirostris,74,Trachysalambria curvirostris,Invertebrate,7,SSP5-8.5,25.6566784876543,0.33473161741358,23.9777685766667,0.155647373383333,0.0976370066282369,1.10472359776992,1.00708659114169
TrachysalambriaCurvirostris,75,Trachysalambria curvirostris,Invertebrate,7,SSP1-2.6,27.7085349882716,0.265789472506173,25.4082257083333,0.17650627705,0.125034800836103,0.59056447229062,0.465529671454518
TrachysalambriaCurvirostris,75,Trachysalambria curvirostris,Invertebrate,7,SSP5-8.5,26.8435399228395,0.286937877592593,25.4082257083333,0.17650627705,0.0792793022728738,0.701018934813555,0.621739632540681
TrachysalambriaCurvirostris,76,Trachysalambria curvirostris,Invertebrate,7,SSP1-2.6,27.5115627493827,0.256306336098765,28.2633156883333,0.181252518466667,-0.0388926323011654,0.499868102432722,0.538760734733887
TrachysalambriaCurvirostris,76,Trachysalambria curvirostris,Invertebrate,7,SSP5-8.5,27.0551833339506,0.333045529580247,28.2633156883333,0.181252518466667,-0.0630257067349051,0.877718375745747,0.940744082480652
TrachysalambriaCurvirostris,77,Trachysalambria curvirostris,Invertebrate,7,SSP1-2.6,25.0997939351852,0.276816020975309,28.31337686,0.147521470433333,-0.173808305890405,0.908002501517212,1.08181080740762
TrachysalambriaCurvirostris,77,Trachysalambria curvirostris,Invertebrate,7,SSP5-8.5,27.2972876351852,0.346222834333333,28.31337686,0.147521470433333,-0.0527262193785676,1.23077593634421,1.28350215572277
TrachysalambriaCurvirostris,78,Trachysalambria curvirostris,Invertebrate,7,SSP1-2.6,26.6782258135803,0.256851760740741,28.0071643583333,0.213530213283333,-0.0701331963182222,0.266495746269585,0.336628942587807
TrachysalambriaCurvirostris,78,Trachysalambria curvirostris,Invertebrate,7,SSP5-8.5,24.82377865,0.280911547679012,28.0071643583333,0.213530213283333,-0.174073184510167,0.395675714575328,0.569748899085495
TrachysalambriaCurvirostris,79,Trachysalambria curvirostris,Invertebrate,7,SSP1-2.6,23.6947539783951,0.301782452901235,24.13840892,0.1763259184,-0.0267629025678358,0.7752643689391,0.802027271506936
TrachysalambriaCurvirostris,79,Trachysalambria curvirostris,Invertebrate,7,SSP5-8.5,25.4026258,0.312276482839506,24.13840892,0.1763259184,0.0736470479727551,0.824579371786397,0.750932323813642
TrachysalambriaCurvirostris,80,Trachysalambria curvirostris,Invertebrate,7,SSP1-2.6,25.9902024845679,0.238054010740741,26.4304395383333,0.189610506366667,-0.0242325435963823,0.328250029113764,0.352482572710147
TrachysalambriaCurvirostris,80,Trachysalambria curvirostris,Invertebrate,7,SSP5-8.5,30.3406546932099,0.334605098080247,26.4304395383333,0.189610506366667,0.199051799312015,0.819420520052462,0.620368720740447
TrachysalambriaCurvirostris,81,Trachysalambria curvirostris,Invertebrate,7,SSP1-2.6,26.877556212963,0.239299108203704,25.2872960966667,0.18640130875,0.0879891882690781,0.360403030998904,0.272413842729826
TrachysalambriaCurvirostris,81,Trachysalambria curvirostris,Invertebrate,7,SSP5-8.5,26.0303483547531,0.293529232790123,25.2872960966667,0.18640130875,0.0417818372345976,0.655092200146395,0.613310362911797
TrachysalambriaCurvirostris,82,Trachysalambria curvirostris,Invertebrate,7,SSP1-2.6,28.4516682380864,0.246225558901235,31.4581422366667,0.196193082083333,-0.144920228644152,0.327706353438953,0.472626582083106
TrachysalambriaCurvirostris,82,Trachysalambria curvirostris,Invertebrate,7,SSP5-8.5,26.5875317635803,0.301945117351852,31.4581422366667,0.196193082083333,-0.242683623042514,0.622012171921454,0.864695794963968
TrachysalambriaCurvirostris,83,Trachysalambria curvirostris,Invertebrate,7,SSP1-2.6,28.5981826448148,0.240962291185185,26.75738332,0.1751779943,0.0959864319798988,0.459985836740154,0.363999404760255
TrachysalambriaCurvirostris,83,Trachysalambria curvirostris,Invertebrate,7,SSP5-8.5,27.5918966981482,0.310017637018519,26.75738332,0.1751779943,0.0443075949273511,0.82352873700615,0.779221142078799
TrachysalambriaCurvirostris,84,Trachysalambria curvirostris,Invertebrate,7,SSP1-2.6,26.6923068296296,0.27045398017284,25.8928595166667,0.158151819066667,0.0438696927018822,0.774072979396093,0.73020328669421
TrachysalambriaCurvirostris,84,Trachysalambria curvirostris,Invertebrate,7,SSP5-8.5,27.0733391895062,0.275713946185185,25.8928595166667,0.158151819066667,0.0643185383862684,0.801862093841682,0.737543555455413
TrachysalambriaCurvirostris,85,Trachysalambria curvirostris,Invertebrate,7,SSP1-2.6,29.8023646839506,0.249772514407407,28.0286875216667,0.190091553133333,0.0885226166557657,0.393920301777792,0.305397685122026
TrachysalambriaCurvirostris,85,Trachysalambria curvirostris,Invertebrate,7,SSP5-8.5,26.1045806141975,0.329516115061728,28.0286875216667,0.190091553133333,-0.10260120884549,0.793654596163349,0.896255805008839
TrachysalambriaCurvirostris,86,Trachysalambria curvirostris,Invertebrate,7,SSP1-2.6,25.0917189240741,0.298966316049383,28.8208380416667,0.166113536516667,-0.199900979406526,0.847813305293948,1.04771428470047
TrachysalambriaCurvirostris,86,Trachysalambria curvirostris,Invertebrate,7,SSP5-8.5,28.6775152635803,0.283949885623457,28.8208380416667,0.166113536516667,-0.00719225777950363,0.773466687983042,0.780658945762546
TrachysalambriaCurvirostris,87,Trachysalambria curvirostris,Invertebrate,7,SSP1-2.6,27.2583050475309,0.251743042734568,31.0643662833333,0.172970619466667,-0.188564766923527,0.541424903291895,0.729989670215422
TrachysalambriaCurvirostris,87,Trachysalambria curvirostris,Invertebrate,7,SSP5-8.5,25.4946442185185,0.318782976950617,31.0643662833333,0.172970619466667,-0.285066418346939,0.882047586668035,1.16711400501497
TrachysalambriaCurvirostris,88,Trachysalambria curvirostris,Invertebrate,7,SSP1-2.6,28.4594026240741,0.256745531580247,27.109093815,0.193802663116667,0.070128490832561,0.4057507724675,0.335622281634939
TrachysalambriaCurvirostris,88,Trachysalambria curvirostris,Invertebrate,7,SSP5-8.5,27.041351862963,0.284645392808642,27.109093815,0.193802663116667,-0.00360961126073914,0.554577353341692,0.558186964602431
TrachysalambriaCurvirostris,89,Trachysalambria curvirostris,Invertebrate,7,SSP1-2.6,24.6423677160494,0.287565523703704,24.3048214233333,0.167717507416667,0.019898347219034,0.777857426689643,0.757959079470609
TrachysalambriaCurvirostris,89,Trachysalambria curvirostris,Invertebrate,7,SSP5-8.5,27.3240378438272,0.315460234648148,24.3048214233333,0.167717507416667,0.168928161301967,0.911424863273555,0.742496701971589
TrachysalambriaCurvirostris,90,Trachysalambria curvirostris,Invertebrate,7,SSP1-2.6,25.4242850179012,0.291498742308642,27.75024283,0.179947130716667,-0.126293192735797,0.695916560369805,0.822209753105602
TrachysalambriaCurvirostris,90,Trachysalambria curvirostris,Invertebrate,7,SSP5-8.5,25.8638893302469,0.311170836135803,27.75024283,0.179947130716667,-0.101561156499119,0.790133754490585,0.891694910989703
TrachysalambriaCurvirostris,91,Trachysalambria curvirostris,Invertebrate,7,SSP1-2.6,27.407510191358,0.290693749055556,26.0997181183333,0.166365673416667,0.0705370483742189,0.80514225891065,0.734605210536431
TrachysalambriaCurvirostris,91,Trachysalambria curvirostris,Invertebrate,7,SSP5-8.5,27.3196688314815,0.283403244339506,26.0997181183333,0.166365673416667,0.0659057698990405,0.768498484166003,0.702592714266962
TrachysalambriaCurvirostris,92,Trachysalambria curvirostris,Invertebrate,7,SSP1-2.6,25.0315208253086,0.260511745839506,29.024759775,0.18146128505,-0.21353817993786,0.521686640977787,0.735224820915647
TrachysalambriaCurvirostris,92,Trachysalambria curvirostris,Invertebrate,7,SSP5-8.5,27.9496793185185,0.312569668604938,29.024759775,0.18146128505,-0.054452396237698,0.784516007095692,0.83896840333339
TrachysalambriaCurvirostris,93,Trachysalambria curvirostris,Invertebrate,7,SSP1-2.6,27.9423671740741,0.2782728335,27.3021114883333,0.1959443372,0.0334417152325027,0.506056192254192,0.472614477021689
TrachysalambriaCurvirostris,93,Trachysalambria curvirostris,Invertebrate,7,SSP5-8.5,25.4296236722222,0.311383263012346,27.3021114883333,0.1959443372,-0.102502418445545,0.668247521414313,0.770749939859858
TrachysalambriaCurvirostris,94,Trachysalambria curvirostris,Invertebrate,7,SSP1-2.6,28.1331900282099,0.254074559061728,32.75942163,0.169830614766667,-0.219636736900974,0.581155371110892,0.800792108011866
TrachysalambriaCurvirostris,94,Trachysalambria curvirostris,Invertebrate,7,SSP5-8.5,27.1894186598765,0.30018423595679,32.75942163,0.169830614766667,-0.268864581054708,0.821751664564326,1.09061624561903
TrachysalambriaCurvirostris,95,Trachysalambria curvirostris,Invertebrate,7,SSP1-2.6,27.6999334851852,0.249061529117284,25.4136505466667,0.226893595816667,0.124278885622007,0.134486306444185,0.010207420822178
TrachysalambriaCurvirostris,95,Trachysalambria curvirostris,Invertebrate,7,SSP5-8.5,24.9375397666667,0.314707722246914,25.4136505466667,0.226893595816667,-0.0272844844353864,0.471996690879144,0.49928117531453
TrachysalambriaCurvirostris,96,Trachysalambria curvirostris,Invertebrate,7,SSP1-2.6,26.1999100623457,0.254548030592593,27.2417160883333,0.196195815683333,-0.056255729233001,0.375643630515975,0.431899359748976
TrachysalambriaCurvirostris,96,Trachysalambria curvirostris,Invertebrate,7,SSP5-8.5,28.5367948549383,0.331734634740741,27.2417160883333,0.196195815683333,0.0670057172548198,0.757735371333753,0.690729654078933
TrachysalambriaCurvirostris,97,Trachysalambria curvirostris,Invertebrate,7,SSP1-2.6,27.7253059469136,0.270608166895062,25.54743082,0.184108992516667,0.118025166836062,0.555645285592529,0.437620118756466
TrachysalambriaCurvirostris,97,Trachysalambria curvirostris,Invertebrate,7,SSP5-8.5,26.2188432722222,0.337891552364198,25.54743082,0.184108992516667,0.0374258241940423,0.876000187496482,0.83857436330244
TrachysalambriaCurvirostris,98,Trachysalambria curvirostris,Invertebrate,7,SSP1-2.6,23.8723633925926,0.258531976080247,28.6582115566667,0.1930528369,-0.263607177604996,0.421346974062808,0.684954151667804
TrachysalambriaCurvirostris,98,Trachysalambria curvirostris,Invertebrate,7,SSP5-8.5,26.2427299037037,0.327348273876543,28.6582115566667,0.1930528369,-0.127030775314872,0.761830616791295,0.888861392106167
TrachysalambriaCurvirostris,99,Trachysalambria curvirostris,Invertebrate,7,SSP1-2.6,25.0516284567901,0.262963411932099,29.48647491,0.188421618516667,-0.235148971941226,0.480897578746869,0.716046550688095
TrachysalambriaCurvirostris,99,Trachysalambria curvirostris,Invertebrate,7,SSP5-8.5,27.2543234339506,0.31380737154321,29.48647491,0.188421618516667,-0.113568252374697,0.735914740793178,0.849482993167875
TrachysalambriaCurvirostris,100,Trachysalambria curvirostris,Invertebrate,7,SSP1-2.6,26.9745195635803,0.247139298117284,25.3623785783333,0.212743610283333,0.0889072113247075,0.216208633278532,0.127301421953824
TrachysalambriaCurvirostris,100,Trachysalambria curvirostris,Invertebrate,7,SSP5-8.5,30.4633040827161,0.301331183882716,25.3623785783333,0.212743610283333,0.264382373430028,0.502234179475772,0.237851806045745
TrichiurusJaponicus,1,Trichiurus japonicus,Predator,3,SSP1-2.6,5.05535915918871,0.86067144356261,4.94069904571429,0.669774977233333,0.0330984132350073,0.361786124053264,0.328687710818257
TrichiurusJaponicus,1,Trichiurus japonicus,Predator,3,SSP5-8.5,5.11292008718401,0.944690726519694,4.94069904571429,0.669774977233333,0.049432298331923,0.496165618142755,0.446733319810832
TrichiurusJaponicus,2,Trichiurus japonicus,Predator,3,SSP1-2.6,5.06652892098765,0.905656406038801,5.02014252666667,0.686436690047619,0.0132693710058585,0.399837147853367,0.386567776847509
TrichiurusJaponicus,2,Trichiurus japonicus,Predator,3,SSP5-8.5,5.07575043663139,0.954266159470899,5.02014252666667,0.686436690047619,0.0158928125589023,0.475265045174263,0.45937223261536
TrichiurusJaponicus,3,Trichiurus japonicus,Predator,3,SSP1-2.6,5.10746709982363,0.900745132627866,5.03892717333333,0.654263461047619,0.0194914002894305,0.46124724866067,0.441755848371239
TrichiurusJaponicus,3,Trichiurus japonicus,Predator,3,SSP5-8.5,5.07983309300412,0.925163728027631,5.03892717333333,0.654263461047619,0.0116644899936796,0.499837002679844,0.488172512686165
TrichiurusJaponicus,4,Trichiurus japonicus,Predator,3,SSP1-2.6,5.09374400776014,0.86810471784127,5.08046501285714,0.695723705380952,0.00376590473690911,0.319354604295519,0.31558869955861
TrichiurusJaponicus,4,Trichiurus japonicus,Predator,3,SSP5-8.5,5.1167515675485,0.945351162945326,5.08046501285714,0.695723705380952,0.010267635890628,0.442335858205822,0.432068222315194
TrichiurusJaponicus,5,Trichiurus japonicus,Predator,3,SSP1-2.6,5.06366205202822,0.865189487583774,5.05888109714286,0.689466877571429,0.00136279200099433,0.327534890640729,0.326172098639735
TrichiurusJaponicus,5,Trichiurus japonicus,Predator,3,SSP5-8.5,5.08780802945326,0.980303725996473,5.05888109714286,0.689466877571429,0.00822590587588198,0.507747561059693,0.499521655183811
TrichiurusJaponicus,6,Trichiurus japonicus,Predator,3,SSP1-2.6,5.10509325661376,0.869967424656085,5.07639628380952,0.674634718857143,0.00813261946039372,0.366854815268448,0.358722195808054
TrichiurusJaponicus,6,Trichiurus japonicus,Predator,3,SSP5-8.5,5.13016957530864,0.967788183844797,5.07639628380952,0.674634718857143,0.0152018180933703,0.520584758857821,0.505382940764451
TrichiurusJaponicus,7,Trichiurus japonicus,Predator,3,SSP1-2.6,5.10940993897707,0.840650226349206,4.95873970333333,0.703743978828571,0.043183194252506,0.256454982126033,0.213271787873527
TrichiurusJaponicus,7,Trichiurus japonicus,Predator,3,SSP5-8.5,5.10337583738977,0.944707670952381,4.95873970333333,0.703743978828571,0.0414783960437063,0.424817299138791,0.383338903095085
TrichiurusJaponicus,8,Trichiurus japonicus,Predator,3,SSP1-2.6,5.13234912627866,0.855191148888889,5.02716250714286,0.690482804552381,0.029874986512964,0.308641434684118,0.278766448171154
TrichiurusJaponicus,8,Trichiurus japonicus,Predator,3,SSP5-8.5,5.11602737689594,0.972800445502646,5.02716250714286,0.690482804552381,0.0252796583076557,0.494538402720987,0.469258744413332
TrichiurusJaponicus,9,Trichiurus japonicus,Predator,3,SSP1-2.6,5.08195455590829,0.865556340582011,5.10113945380952,0.643042106261905,-0.00543606683445665,0.428714522187614,0.43415058902207
TrichiurusJaponicus,9,Trichiurus japonicus,Predator,3,SSP5-8.5,5.09263813028219,0.973307957354497,5.10113945380952,0.643042106261905,-0.00240633465584779,0.597983141960043,0.600389476615891
TrichiurusJaponicus,10,Trichiurus japonicus,Predator,3,SSP1-2.6,5.08817643386243,0.858448965308642,5.06083795142857,0.68137253687619,0.00777241748440703,0.333288568796343,0.325516151311936
TrichiurusJaponicus,10,Trichiurus japonicus,Predator,3,SSP5-8.5,5.07152734473839,0.952066400681952,5.06083795142857,0.68137253687619,0.00304401588151903,0.482618396078134,0.479574380196615
TrichiurusJaponicus,11,Trichiurus japonicus,Predator,3,SSP1-2.6,5.06404905520282,0.819761212899471,5.08108445952381,0.738535232095238,-0.0048450651530402,0.150536983367895,0.155382048520935
TrichiurusJaponicus,11,Trichiurus japonicus,Predator,3,SSP5-8.5,5.09324852451499,0.952428635643739,5.08108445952381,0.738535232095238,0.00344966979727045,0.366944250284874,0.363494580487604
TrichiurusJaponicus,12,Trichiurus japonicus,Predator,3,SSP1-2.6,5.08353062257496,0.828073703968254,4.95468426095238,0.706884737333333,0.037037704112667,0.228284190365723,0.191246486253056
TrichiurusJaponicus,12,Trichiurus japonicus,Predator,3,SSP5-8.5,5.12738876560847,0.960859929082892,4.95468426095238,0.706884737333333,0.0494311649103873,0.442851142757963,0.393419977847575
TrichiurusJaponicus,13,Trichiurus japonicus,Predator,3,SSP1-2.6,5.12239867918871,0.866436045978836,5.03977823571429,0.687171224619048,0.0234592905569148,0.334423639331127,0.310964348774212
TrichiurusJaponicus,13,Trichiurus japonicus,Predator,3,SSP5-8.5,5.06431394320988,0.957255140483245,5.03977823571429,0.687171224619048,0.00700658950397693,0.478233877697466,0.471227288193489
TrichiurusJaponicus,14,Trichiurus japonicus,Predator,3,SSP1-2.6,5.05174834268078,0.835189875220459,5.05526140428571,0.649012228238095,-0.00100292309728935,0.363858561875033,0.364861484972323
TrichiurusJaponicus,14,Trichiurus japonicus,Predator,3,SSP5-8.5,5.0876922361552,0.92109258292769,5.05526140428571,0.649012228238095,0.00922570710861885,0.505100514271655,0.495874807163037
TrichiurusJaponicus,15,Trichiurus japonicus,Predator,3,SSP1-2.6,5.07789488959436,0.899411830123457,5.03004215666667,0.698296538190476,0.0136600408054966,0.365142039585643,0.351481998780146
TrichiurusJaponicus,15,Trichiurus japonicus,Predator,3,SSP5-8.5,5.11739545714286,0.929033480723104,5.03004215666667,0.698296538190476,0.0248392335744856,0.411890769151773,0.387051535577287
TrichiurusJaponicus,16,Trichiurus japonicus,Predator,3,SSP1-2.6,5.11940272013522,0.864884607912993,4.96284315333333,0.698512086714286,0.0448086409136788,0.308222583033943,0.263413942120264
TrichiurusJaponicus,16,Trichiurus japonicus,Predator,3,SSP5-8.5,5.11524903368607,0.99486553994709,4.96284315333333,0.698512086714286,0.0436376185252781,0.510216473286485,0.466578854761207
TrichiurusJaponicus,17,Trichiurus japonicus,Predator,3,SSP1-2.6,5.10676950352734,0.877586880828924,5.0309533452381,0.665555572785714,0.0215791330013128,0.398982825040834,0.377403692039521
TrichiurusJaponicus,17,Trichiurus japonicus,Predator,3,SSP5-8.5,5.09896462504409,0.954361424843034,5.0309533452381,0.665555572785714,0.0193725182618305,0.519976596869194,0.500604078607363
TrichiurusJaponicus,18,Trichiurus japonicus,Predator,3,SSP1-2.6,5.05148615573192,0.873482874567901,5.08632330380952,0.736302461066667,-0.00991527386711144,0.246480894382028,0.256396168249139
TrichiurusJaponicus,18,Trichiurus japonicus,Predator,3,SSP5-8.5,5.08928612216343,0.940141813630218,5.08632330380952,0.736302461066667,0.000840135128639052,0.352579869695754,0.351739734567114
TrichiurusJaponicus,19,Trichiurus japonicus,Predator,3,SSP1-2.6,5.07444087901235,0.840862907742504,5.01414120428571,0.659049221761905,0.0172462447045964,0.351484387733109,0.334238143028512
TrichiurusJaponicus,19,Trichiurus japonicus,Predator,3,SSP5-8.5,5.03592641358025,0.98156321696649,5.01414120428571,0.659049221761905,0.00625457734929173,0.574694968152828,0.568440390803537
TrichiurusJaponicus,20,Trichiurus japonicus,Predator,3,SSP1-2.6,5.0850761654321,0.849127053650794,5.15153390238095,0.701396059857143,-0.0187326847373829,0.275751112128461,0.294483796865844
TrichiurusJaponicus,20,Trichiurus japonicus,Predator,3,SSP5-8.5,5.0971989223398,0.946161290298648,5.15153390238095,0.701396059857143,-0.0152974113067479,0.431856811812542,0.447154223119289
TrichiurusJaponicus,21,Trichiurus japonicus,Predator,3,SSP1-2.6,5.06175751534392,0.884941615961199,5.03383004666667,0.73267675852381,0.00798188774900075,0.272405424296761,0.264423536547761
TrichiurusJaponicus,21,Trichiurus japonicus,Predator,3,SSP5-8.5,5.09927166719577,0.954127884761905,5.03383004666667,0.73267675852381,0.0186346918640646,0.381005795938004,0.362371104073939
TrichiurusJaponicus,22,Trichiurus japonicus,Predator,3,SSP1-2.6,5.08722031866549,0.872111250967078,5.1327957052381,0.657236453857143,-0.0128672635934217,0.408099682183795,0.420966945777217
TrichiurusJaponicus,22,Trichiurus japonicus,Predator,3,SSP5-8.5,5.10689904323927,0.938699025299824,5.1327957052381,0.657236453857143,-0.00729730063519865,0.514250159166821,0.52154745980202
TrichiurusJaponicus,23,Trichiurus japonicus,Predator,3,SSP1-2.6,5.07155390539683,0.870356800899471,5.05067755142857,0.665537186333333,0.00595091214304805,0.387087674185411,0.381136762042363
TrichiurusJaponicus,23,Trichiurus japonicus,Predator,3,SSP5-8.5,5.04920170881834,0.943193029559083,5.05067755142857,0.665537186333333,-0.000421626986858276,0.503033778699511,0.503455405686369
TrichiurusJaponicus,24,Trichiurus japonicus,Predator,3,SSP1-2.6,5.09964684620811,0.862440306313933,5.10176034047619,0.698193312761905,-0.000597785714722075,0.304798065354346,0.305395851069068
TrichiurusJaponicus,24,Trichiurus japonicus,Predator,3,SSP5-8.5,5.08640655467372,0.925380112186949,5.10176034047619,0.698193312761905,-0.00434834796742096,0.406419554603523,0.410767902570944
TrichiurusJaponicus,25,Trichiurus japonicus,Predator,3,SSP1-2.6,5.04787739029982,0.892193485626102,5.1267439452381,0.673864506209524,-0.0223659756514731,0.404898076087774,0.427264051739247
TrichiurusJaponicus,25,Trichiurus japonicus,Predator,3,SSP5-8.5,5.12703875202822,0.955403146349206,5.1267439452381,0.673864506209524,8.29579301221072e-05,0.503651089736939,0.503568131806816
TrichiurusJaponicus,26,Trichiurus japonicus,Predator,3,SSP1-2.6,5.08775826205173,0.852250048909465,5.04007347666667,0.705786536142857,0.0135853583528895,0.272044868188386,0.258459509835497
TrichiurusJaponicus,26,Trichiurus japonicus,Predator,3,SSP5-8.5,5.09665922962258,0.970766431640212,5.04007347666667,0.705786536142857,0.0161071294907407,0.459892313090735,0.443785183599995
TrichiurusJaponicus,27,Trichiurus japonicus,Predator,3,SSP1-2.6,5.06693352994709,0.845226651358025,5.06075786857143,0.686866493047619,0.00175945273104746,0.29930855032739,0.297549097596342
TrichiurusJaponicus,27,Trichiurus japonicus,Predator,3,SSP5-8.5,5.08037210017637,0.944557010952381,5.06075786857143,0.686866493047619,0.00558071734410923,0.459608168320834,0.454027450976725
TrichiurusJaponicus,28,Trichiurus japonicus,Predator,3,SSP1-2.6,4.99900350405644,0.851041683968254,5.09808034904762,0.660807949380952,-0.0283135730670722,0.364998754574042,0.393312327641114
TrichiurusJaponicus,28,Trichiurus japonicus,Predator,3,SSP5-8.5,5.10057908095238,0.917117567495591,5.09808034904762,0.660807949380952,0.000706937656734655,0.472875646024717,0.472168708367982
TrichiurusJaponicus,29,Trichiurus japonicus,Predator,3,SSP1-2.6,5.08537831516755,0.852953967195767,5.00313468047619,0.689340710809524,0.0235228150188417,0.307250663347935,0.283727848329093
TrichiurusJaponicus,29,Trichiurus japonicus,Predator,3,SSP5-8.5,5.09871458765432,0.952103552328042,5.00313468047619,0.689340710809524,0.0273012929573614,0.465901271979594,0.438599979022233
TrichiurusJaponicus,30,Trichiurus japonicus,Predator,3,SSP1-2.6,5.04348310549677,0.851958767063492,5.06019159142857,0.676220307161905,-0.00477158508988371,0.333290267282078,0.338061852371962
TrichiurusJaponicus,30,Trichiurus japonicus,Predator,3,SSP5-8.5,5.09985816038801,0.97638926728983,5.06019159142857,0.676220307161905,0.011265112767754,0.529963095167101,0.518697982399347
TrichiurusJaponicus,31,Trichiurus japonicus,Predator,3,SSP1-2.6,5.07515852328042,0.888118334691358,5.04787897857143,0.693498940285714,0.007775563239726,0.356858238988495,0.349082675748769
TrichiurusJaponicus,31,Trichiurus japonicus,Predator,3,SSP5-8.5,5.09986491975309,0.921895267848324,5.04787897857143,0.693498940285714,0.0147817123497641,0.410709184205504,0.39592747185574
TrichiurusJaponicus,32,Trichiurus japonicus,Predator,3,SSP1-2.6,5.05605765837743,0.853955873492063,5.02953493952381,0.674255626238095,0.00758790974298259,0.340865868421437,0.333277958678455
TrichiurusJaponicus,32,Trichiurus japonicus,Predator,3,SSP5-8.5,5.13768137513228,0.947454362310406,5.02953493952381,0.674255626238095,0.0306924149325953,0.49076079725313,0.460068382320535
TrichiurusJaponicus,33,Trichiurus japonicus,Predator,3,SSP1-2.6,5.09269782962963,0.858962045291005,5.05023279571429,0.642989659142857,0.0120802269198678,0.41779884917026,0.405718622250392
TrichiurusJaponicus,33,Trichiurus japonicus,Predator,3,SSP5-8.5,5.08536151619636,0.925186404897119,5.05023279571429,0.642989659142857,0.0100004463876579,0.524948530872833,0.514948084485175
TrichiurusJaponicus,34,Trichiurus japonicus,Predator,3,SSP1-2.6,5.0513521633157,0.897245686119929,4.97365545761905,0.692052415904762,0.0223630546084413,0.374621770284487,0.352258715676046
TrichiurusJaponicus,34,Trichiurus japonicus,Predator,3,SSP5-8.5,5.13029562998236,0.932106885802469,4.97365545761905,0.692052415904762,0.0447353920784251,0.429614088497718,0.384878696419292
TrichiurusJaponicus,35,Trichiurus japonicus,Predator,3,SSP1-2.6,5.06309594179894,0.891880363968254,4.96781212571429,0.682541368142857,0.027409208181272,0.385933712334047,0.358524504152775
TrichiurusJaponicus,35,Trichiurus japonicus,Predator,3,SSP5-8.5,5.07808558606702,0.94243854755438,4.96781212571429,0.682541368142857,0.031674096082104,0.465482060413528,0.433807964331424
TrichiurusJaponicus,36,Trichiurus japonicus,Predator,3,SSP1-2.6,5.10948613653733,0.88725377866843,5.03857023142857,0.657326360571429,0.0201638001129097,0.432736971304162,0.412573171191252
TrichiurusJaponicus,36,Trichiurus japonicus,Predator,3,SSP5-8.5,5.09906075555556,0.955952758888889,5.03857023142857,0.657326360571429,0.0172171220343239,0.540329482912158,0.523112360877834
TrichiurusJaponicus,37,Trichiurus japonicus,Predator,3,SSP1-2.6,5.09061058130512,0.867707833121693,5.08709845952381,0.660412916904762,0.000995689866489674,0.393841015011497,0.392845325145007
TrichiurusJaponicus,37,Trichiurus japonicus,Predator,3,SSP5-8.5,5.12289790687831,0.925347275467372,5.08709845952381,0.660412916904762,0.0101171234482825,0.486626561262044,0.476509437813761
TrichiurusJaponicus,38,Trichiurus japonicus,Predator,3,SSP1-2.6,5.12468581763668,0.888432523492064,5.03390652809524,0.652546192476191,0.0257851309906808,0.445182176758419,0.419397045767738
TrichiurusJaponicus,38,Trichiurus japonicus,Predator,3,SSP5-8.5,5.13310209791299,0.973002088515579,5.03390652809524,0.652546192476191,0.0281525280634129,0.57636287083091,0.548210342767497
TrichiurusJaponicus,39,Trichiurus japonicus,Predator,3,SSP1-2.6,5.09259307266314,0.848278604197531,5.0114546852381,0.692066594,0.0231710039868239,0.293627306199838,0.270456302213014
TrichiurusJaponicus,39,Trichiurus japonicus,Predator,3,SSP5-8.5,5.11285702527925,0.984641317671958,5.0114546852381,0.692066594,0.0289002451448237,0.508687411789744,0.47978716664492
TrichiurusJaponicus,40,Trichiurus japonicus,Predator,3,SSP1-2.6,5.09581944320988,0.894258771887125,5.04150199142857,0.697249747809524,0.0154605472015862,0.359016857410731,0.343556310209145
TrichiurusJaponicus,40,Trichiurus japonicus,Predator,3,SSP5-8.5,5.08598747714286,0.938997204091711,5.04150199142857,0.697249747809524,0.0126742965474766,0.429445354752454,0.416771058204977
TrichiurusJaponicus,41,Trichiurus japonicus,Predator,3,SSP1-2.6,5.00389981058201,0.865952887777778,5.04878732380952,0.692900703095238,-0.0128840025087723,0.321639917011012,0.334523919519784
TrichiurusJaponicus,41,Trichiurus japonicus,Predator,3,SSP5-8.5,5.14354528871252,0.962347148941799,5.04878732380952,0.692900703095238,0.026826201646923,0.47390879328774,0.447082591640817
TrichiurusJaponicus,42,Trichiurus japonicus,Predator,3,SSP1-2.6,5.07643080767196,0.90961460366843,4.96723592761905,0.691348172595238,0.0313712359133837,0.395842961577438,0.364471725664054
TrichiurusJaponicus,42,Trichiurus japonicus,Predator,3,SSP5-8.5,5.09072855978836,1.0004493317284,4.96723592761905,0.691348172595238,0.0354288706815904,0.533163742948113,0.497734872266523
TrichiurusJaponicus,43,Trichiurus japonicus,Predator,3,SSP1-2.6,5.12920790776014,0.870795511975309,5.11555907809524,0.671753967095238,0.00384413048123825,0.374401035775548,0.37055690529431
TrichiurusJaponicus,43,Trichiurus japonicus,Predator,3,SSP5-8.5,5.07414587442681,0.914653884522046,5.11555907809524,0.671753967095238,-0.0117269249313956,0.445292978169582,0.457019903100978
TrichiurusJaponicus,44,Trichiurus japonicus,Predator,3,SSP1-2.6,5.06880907171076,0.86077046813933,5.09855170952381,0.678600876619048,-0.00844067194978156,0.343065288115863,0.351505960065644
TrichiurusJaponicus,44,Trichiurus japonicus,Predator,3,SSP5-8.5,5.04544569047619,0.931746646825397,5.09855170952381,0.678600876619048,-0.015105778769552,0.457374428256443,0.472480207025995
TrichiurusJaponicus,45,Trichiurus japonicus,Predator,3,SSP1-2.6,5.10638039603175,0.89755770643445,5.02073562952381,0.698368010809524,0.0244022533966138,0.362017219801175,0.337614966404561
TrichiurusJaponicus,45,Trichiurus japonicus,Predator,3,SSP5-8.5,5.11662017930629,0.943427469435626,5.02073562952381,0.698368010809524,0.0272923812766949,0.433924130989805,0.40663174971311
TrichiurusJaponicus,46,Trichiurus japonicus,Predator,3,SSP1-2.6,5.0840985590535,0.848160776945914,5.01236740142857,0.678092571666667,0.0204998317228818,0.322855527008845,0.302355695285964
TrichiurusJaponicus,46,Trichiurus japonicus,Predator,3,SSP5-8.5,5.0915191989418,0.964331581534392,5.01236740142857,0.678092571666667,0.0226040228431673,0.508047056369117,0.48544303352595
TrichiurusJaponicus,47,Trichiurus japonicus,Predator,3,SSP1-2.6,5.05686804373898,0.877526748853616,5.07252824761905,0.669902040285714,-0.0044608614032866,0.389492956625279,0.393953818028565
TrichiurusJaponicus,47,Trichiurus japonicus,Predator,3,SSP5-8.5,5.09502996616696,0.994054530761317,5.07252824761905,0.669902040285714,0.00638563754975277,0.569374849923113,0.562989212373361
TrichiurusJaponicus,48,Trichiurus japonicus,Predator,3,SSP1-2.6,5.10982357733686,0.854747474691358,4.99128357,0.664728918619048,0.0338626112204267,0.362732136481411,0.328869525260984
TrichiurusJaponicus,48,Trichiurus japonicus,Predator,3,SSP5-8.5,5.1266233712522,0.957995968977072,4.99128357,0.664728918619048,0.0385980435929615,0.527253466637743,0.488655423044781
TrichiurusJaponicus,49,Trichiurus japonicus,Predator,3,SSP1-2.6,5.05141253985891,0.867764595661376,5.00682182380952,0.699776387142857,0.0127917533118208,0.310409742240642,0.297617988928821
TrichiurusJaponicus,49,Trichiurus japonicus,Predator,3,SSP5-8.5,5.11353615802469,0.947080105329218,5.00682182380952,0.699776387142857,0.0304261859897352,0.436592472055412,0.406166286065677
TrichiurusJaponicus,50,Trichiurus japonicus,Predator,3,SSP1-2.6,5.11253083174603,0.851038819347443,5.03973116714286,0.663515972619048,0.0206908598985726,0.35909374503584,0.338402885137268
TrichiurusJaponicus,50,Trichiurus japonicus,Predator,3,SSP5-8.5,5.140109070194,0.947439375654321,5.03973116714286,0.663515972619048,0.0284521943810765,0.513902436109404,0.485450241728327
TrichiurusJaponicus,51,Trichiurus japonicus,Predator,3,SSP1-2.6,5.09299867125221,0.859217410599647,4.92863794952381,0.700334493095238,0.0473263341896727,0.294979082116087,0.247652747926414
TrichiurusJaponicus,51,Trichiurus japonicus,Predator,3,SSP5-8.5,5.11004347520282,0.954349983597884,4.92863794952381,0.700334493095238,0.0521465587178087,0.446474289702152,0.394327730984343
TrichiurusJaponicus,52,Trichiurus japonicus,Predator,3,SSP1-2.6,5.10751147671958,0.890227713015873,4.99811875952381,0.668546296238095,0.0312353592530658,0.413146943823964,0.381911584570899
TrichiurusJaponicus,52,Trichiurus japonicus,Predator,3,SSP5-8.5,5.07023781640212,0.947246504532628,4.99811875952381,0.668546296238095,0.0206682360589563,0.502712441874454,0.482044205815498
TrichiurusJaponicus,53,Trichiurus japonicus,Predator,3,SSP1-2.6,5.07886582310406,0.881489780035273,5.06088149761905,0.687820639428571,0.00511766685645774,0.357911435628497,0.352793768772039
TrichiurusJaponicus,53,Trichiurus japonicus,Predator,3,SSP5-8.5,5.05060242786596,0.947373760388007,5.06088149761905,0.687820639428571,-0.00293321300323916,0.461901306389014,0.464834519392254
TrichiurusJaponicus,54,Trichiurus japonicus,Predator,3,SSP1-2.6,5.08165658536155,0.856497037319224,5.01906029571429,0.673959709142857,0.0178816046108614,0.345785909572167,0.327904304961306
TrichiurusJaponicus,54,Trichiurus japonicus,Predator,3,SSP5-8.5,5.10904827954145,0.964879113209876,5.01906029571429,0.673959709142857,0.0256372911996703,0.517685856431261,0.492048565231591
TrichiurusJaponicus,55,Trichiurus japonicus,Predator,3,SSP1-2.6,5.08574804850088,0.845731807312169,5.11678083904762,0.654336130738095,-0.00877644975891876,0.370168303518061,0.37894475327698
TrichiurusJaponicus,55,Trichiurus japonicus,Predator,3,SSP5-8.5,5.11966177936508,0.92453169372134,5.11678083904762,0.654336130738095,0.000812063052326045,0.498690842507862,0.497878779455536
TrichiurusJaponicus,56,Trichiurus japonicus,Predator,3,SSP1-2.6,5.00701079335685,0.849097367178131,4.98641582142857,0.685849982619048,0.00594636996444833,0.308036951871042,0.302090581906593
TrichiurusJaponicus,56,Trichiurus japonicus,Predator,3,SSP5-8.5,5.12549276419753,0.9534380129806,4.98641582142857,0.685849982619048,0.0396875163921419,0.475246098664461,0.435558582272319
TrichiurusJaponicus,57,Trichiurus japonicus,Predator,3,SSP1-2.6,5.0675610224515,0.846190661022928,5.08789832666667,0.689625225361905,-0.00577828459553227,0.295170216673559,0.300948501269092
TrichiurusJaponicus,57,Trichiurus japonicus,Predator,3,SSP5-8.5,5.08585193580247,0.94458968377425,5.08789832666667,0.689625225361905,-0.000580379489401978,0.453875232534122,0.454455612023524
TrichiurusJaponicus,58,Trichiurus japonicus,Predator,3,SSP1-2.6,5.10045152786596,0.864032402592593,4.99481046190476,0.689694990142857,0.0301950371551929,0.325126929506247,0.294931892351054
TrichiurusJaponicus,58,Trichiurus japonicus,Predator,3,SSP5-8.5,5.06444004081129,0.975496581569665,4.99481046190476,0.689694990142857,0.019972830495124,0.500178329949309,0.480205499454185
TrichiurusJaponicus,59,Trichiurus japonicus,Predator,3,SSP1-2.6,5.06959768853616,0.845958268218695,5.0596854252381,0.702860814,0.00282357152193246,0.267347472011662,0.26452390048973
TrichiurusJaponicus,59,Trichiurus japonicus,Predator,3,SSP5-8.5,5.13359246519694,0.922357036690182,5.0596854252381,0.702860814,0.0209210794990399,0.392086290129243,0.371165210630203
TrichiurusJaponicus,60,Trichiurus japonicus,Predator,3,SSP1-2.6,5.0765346962963,0.820339830246914,5.09128200761905,0.683092518428571,-0.00418494716225343,0.264140686675952,0.268325633838206
TrichiurusJaponicus,60,Trichiurus japonicus,Predator,3,SSP5-8.5,5.13108234814815,0.938876226455026,5.09128200761905,0.683092518428571,0.0112342002404742,0.458853986471243,0.447619786230769
TrichiurusJaponicus,61,Trichiurus japonicus,Predator,3,SSP1-2.6,5.09020949012346,0.854112070564374,4.95494565714286,0.671748698428571,0.0388557974715111,0.346503761644138,0.307647964172627
TrichiurusJaponicus,61,Trichiurus japonicus,Predator,3,SSP5-8.5,5.07368151305115,0.986076812857143,4.95494565714286,0.671748698428571,0.0341637259865291,0.553778412333451,0.519614686346922
TrichiurusJaponicus,62,Trichiurus japonicus,Predator,3,SSP1-2.6,5.0545249627866,0.880024748888889,5.05635352714286,0.672842966733333,-0.000521826221156012,0.387274260299653,0.387796086520809
TrichiurusJaponicus,62,Trichiurus japonicus,Predator,3,SSP5-8.5,5.11477750364491,0.951586255558495,5.05635352714286,0.672842966733333,0.0165741465623917,0.500064597180083,0.483490450617691
TrichiurusJaponicus,63,Trichiurus japonicus,Predator,3,SSP1-2.6,5.11070316878307,0.854962657010582,5.03134463952381,0.732101078190476,0.0225777861544352,0.223818558215106,0.201240772060671
TrichiurusJaponicus,63,Trichiurus japonicus,Predator,3,SSP5-8.5,5.09023340917108,0.938197960493827,5.03134463952381,0.732101078190476,0.0167877961681633,0.357849515384858,0.341061719216695
TrichiurusJaponicus,64,Trichiurus japonicus,Predator,3,SSP1-2.6,5.09892339876543,0.862049935079365,5.02016005285714,0.652796056114286,0.022459303545579,0.401139099992583,0.378679796447004
TrichiurusJaponicus,64,Trichiurus japonicus,Predator,3,SSP5-8.5,5.10803195414462,0.940957937460317,5.02016005285714,0.652796056114286,0.025034189142534,0.527497892036811,0.502463702894277
TrichiurusJaponicus,65,Trichiurus japonicus,Predator,3,SSP1-2.6,5.02624495855379,0.848030577795415,4.98643254619048,0.642694883047619,0.0114729496790772,0.399982299492557,0.38850934981348
TrichiurusJaponicus,65,Trichiurus japonicus,Predator,3,SSP5-8.5,5.09862665185185,0.945384725784832,4.98643254619048,0.642694883047619,0.0321006658579186,0.556767569723379,0.52466690386546
TrichiurusJaponicus,66,Trichiurus japonicus,Predator,3,SSP1-2.6,5.1028045617284,0.857528114797178,5.03905949714286,0.672541731619048,0.0181358967327044,0.350560181517283,0.332424284784579
TrichiurusJaponicus,66,Trichiurus japonicus,Predator,3,SSP5-8.5,5.1109884622575,0.954494683633157,5.03905949714286,0.672541731619048,0.0204478439608247,0.505113371552988,0.484665527592163
TrichiurusJaponicus,67,Trichiurus japonicus,Predator,3,SSP1-2.6,5.08114537777778,0.858830991358025,4.98598701333333,0.687078618942857,0.0272746168509541,0.32189906371879,0.294624446867836
TrichiurusJaponicus,67,Trichiurus japonicus,Predator,3,SSP5-8.5,5.12222622971781,0.98299715978542,4.98598701333333,0.687078618942857,0.0388918476838113,0.516712059323321,0.47782021163951
TrichiurusJaponicus,68,Trichiurus japonicus,Predator,3,SSP1-2.6,5.06914619781305,0.866256140176367,5.05651935380952,0.678388713380952,0.00359812292351273,0.352681505945451,0.349083383021938
TrichiurusJaponicus,68,Trichiurus japonicus,Predator,3,SSP5-8.5,5.12722325767196,0.94069640345679,5.05651935380952,0.678388713380952,0.0200330692504536,0.471617021106365,0.451583951855911
TrichiurusJaponicus,69,Trichiurus japonicus,Predator,3,SSP1-2.6,5.02933957195767,0.870776158359788,5.01337443571429,0.672941264904762,0.00458697564639985,0.371821317194633,0.367234341548233
TrichiurusJaponicus,69,Trichiurus japonicus,Predator,3,SSP5-8.5,5.05223008765432,0.947894588606702,5.01337443571429,0.672941264904762,0.0111383543193339,0.494246041729538,0.483107687410204
TrichiurusJaponicus,70,Trichiurus japonicus,Predator,3,SSP1-2.6,5.0586843622575,0.871705840282187,5.05702296761905,0.670414662571429,0.000473893866091581,0.378787672992014,0.378313779125922
TrichiurusJaponicus,70,Trichiurus japonicus,Predator,3,SSP5-8.5,5.05281513791887,0.965197710564374,5.05702296761905,0.670414662571429,-0.00120093226588277,0.525770791085067,0.52697172335095
TrichiurusJaponicus,71,Trichiurus japonicus,Predator,3,SSP1-2.6,5.05071561499118,0.864225130864197,5.08741308047619,0.690728441,-0.0104444290048952,0.323288555393086,0.333732984397981
TrichiurusJaponicus,71,Trichiurus japonicus,Predator,3,SSP5-8.5,5.10476769823633,0.985750642186949,5.08741308047619,0.690728441,0.00491306928710744,0.513104116829412,0.508191047542305
TrichiurusJaponicus,72,Trichiurus japonicus,Predator,3,SSP1-2.6,5.08096152839506,0.867500698677249,5.05906956857143,0.70608544647619,0.00622946234433148,0.297022138751384,0.290792676407052
TrichiurusJaponicus,72,Trichiurus japonicus,Predator,3,SSP5-8.5,5.09042300599647,0.955245645855379,5.05906956857143,0.70608544647619,0.00891346877549649,0.436028995716364,0.427115526940867
TrichiurusJaponicus,73,Trichiurus japonicus,Predator,3,SSP1-2.6,5.04754123036449,0.869566109610229,5.05934312857143,0.684087840904762,-0.00336929703563747,0.346114126457132,0.349483423492769
TrichiurusJaponicus,73,Trichiurus japonicus,Predator,3,SSP5-8.5,5.06298465761317,0.967118025726043,5.05934312857143,0.684087840904762,0.00103802528971378,0.499510377383982,0.498472352094268
TrichiurusJaponicus,74,Trichiurus japonicus,Predator,3,SSP1-2.6,5.05174838959436,0.890871761164021,5.01307129142857,0.670026016071429,0.011088034193431,0.411000659960165,0.399912625766734
TrichiurusJaponicus,74,Trichiurus japonicus,Predator,3,SSP5-8.5,5.11324084991182,0.950127159911817,5.01307129142857,0.670026016071429,0.028543232163507,0.503903494644854,0.475360262481347
TrichiurusJaponicus,75,Trichiurus japonicus,Predator,3,SSP1-2.6,5.07862213762493,0.862920631978248,5.04871109190476,0.664375461190476,0.00852201499172871,0.377229084008934,0.368707069017206
TrichiurusJaponicus,75,Trichiurus japonicus,Predator,3,SSP5-8.5,5.08930991634333,0.983958803186361,5.04871109190476,0.664375461190476,0.011554924919143,0.566599125325917,0.555044200406774
TrichiurusJaponicus,76,Trichiurus japonicus,Predator,3,SSP1-2.6,5.06735134514991,0.869741250194003,4.95920353904762,0.674116118095238,0.0311234230369519,0.367589139614805,0.336465716577853
TrichiurusJaponicus,76,Trichiurus japonicus,Predator,3,SSP5-8.5,5.00620778024691,0.97406267675485,4.95920353904762,0.674116118095238,0.0136097319827626,0.531017486087059,0.517407754104296
TrichiurusJaponicus,77,Trichiurus japonicus,Predator,3,SSP1-2.6,5.09103786507937,0.873236775432099,5.09361955190476,0.652621828333333,-0.000731411319477908,0.420125646906456,0.420857058225934
TrichiurusJaponicus,77,Trichiurus japonicus,Predator,3,SSP5-8.5,5.05456179914756,0.972721458418577,5.09361955190476,0.652621828333333,-0.0111051827890871,0.575779502019431,0.586884684808518
TrichiurusJaponicus,78,Trichiurus japonicus,Predator,3,SSP1-2.6,5.12417552733686,0.861654362169312,5.06275218,0.675013945976191,0.0173980291360626,0.352191964093122,0.334793934957059
TrichiurusJaponicus,78,Trichiurus japonicus,Predator,3,SSP5-8.5,5.08132356601411,0.945363562645502,5.06275218,0.675013945976191,0.0052824677397224,0.485951950704874,0.480669482965152
TrichiurusJaponicus,79,Trichiurus japonicus,Predator,3,SSP1-2.6,5.08950063626102,0.869280819322751,5.00768510666667,0.645868119380952,0.0233802655771917,0.428582702618723,0.405202437041531
TrichiurusJaponicus,79,Trichiurus japonicus,Predator,3,SSP5-8.5,5.07074039644327,0.965008734776602,5.00768510666667,0.645868119380952,0.0180525699798009,0.579302391707719,0.561249821727918
TrichiurusJaponicus,80,Trichiurus japonicus,Predator,3,SSP1-2.6,5.10596736402116,0.885848455883598,5.08039394047619,0.691659532,0.00724394663385246,0.356997865867566,0.349753919233714
TrichiurusJaponicus,80,Trichiurus japonicus,Predator,3,SSP5-8.5,5.06518868994709,0.981075562539683,5.08039394047619,0.691659532,-0.0043243560782977,0.504302208353787,0.508626564432085
TrichiurusJaponicus,81,Trichiurus japonicus,Predator,3,SSP1-2.6,5.09119075097002,0.861224888148148,5.07539312666667,0.686474027733333,0.00448354587105205,0.327184873855455,0.322701327984403
TrichiurusJaponicus,81,Trichiurus japonicus,Predator,3,SSP5-8.5,5.11783449964727,0.951986603359788,5.07539312666667,0.686474027733333,0.0120139203025476,0.471736133596988,0.45972221329444
TrichiurusJaponicus,82,Trichiurus japonicus,Predator,3,SSP1-2.6,5.07360377795415,0.881023586049383,5.11451628571429,0.652438485285714,-0.011586944198411,0.433338757741102,0.444925701939513
TrichiurusJaponicus,82,Trichiurus japonicus,Predator,3,SSP5-8.5,5.06593099876543,0.96614582037037,5.11451628571429,0.652438485285714,-0.0137703742752428,0.566399066846169,0.580169441121412
TrichiurusJaponicus,83,Trichiurus japonicus,Predator,3,SSP1-2.6,5.08280130546737,0.857300145767196,5.05680993142857,0.680435494809524,0.00739628131400063,0.333341987779671,0.325945706465671
TrichiurusJaponicus,83,Trichiurus japonicus,Predator,3,SSP5-8.5,5.05216310758377,0.957881153389183,5.05680993142857,0.680435494809524,-0.00132633654538144,0.493388267510992,0.494714604056374
TrichiurusJaponicus,84,Trichiurus japonicus,Predator,3,SSP1-2.6,5.07182946140506,0.872488014323927,5.04186462714286,0.652782894285714,0.00854885344704482,0.418532059645953,0.409983206198908
TrichiurusJaponicus,84,Trichiurus japonicus,Predator,3,SSP5-8.5,5.14981238042328,0.945056667266314,5.04186462714286,0.652782894285714,0.030562489835631,0.533797585468125,0.503235095632494
TrichiurusJaponicus,85,Trichiurus japonicus,Predator,3,SSP1-2.6,5.05436204091711,0.883049033104057,4.97021947285714,0.699972020571429,0.024219448249316,0.335196293190407,0.310976844941091
TrichiurusJaponicus,85,Trichiurus japonicus,Predator,3,SSP5-8.5,5.15757078903586,0.903685879700176,4.97021947285714,0.699972020571429,0.0533821585083574,0.368524124935772,0.315141966427415
TrichiurusJaponicus,86,Trichiurus japonicus,Predator,3,SSP1-2.6,5.09233272081129,0.893065731269841,5.0648171852381,0.668896620428571,0.00781648871816864,0.41698310811723,0.409166619399061
TrichiurusJaponicus,86,Trichiurus japonicus,Predator,3,SSP5-8.5,5.07874275296884,0.970038938950617,5.0648171852381,0.668896620428571,0.00396120499126742,0.536259404473653,0.532298199482385
TrichiurusJaponicus,87,Trichiurus japonicus,Predator,3,SSP1-2.6,5.10818317566138,0.868020755643739,5.00062633952381,0.693887760238095,0.0307014529888854,0.323027221378577,0.292325768389691
TrichiurusJaponicus,87,Trichiurus japonicus,Predator,3,SSP5-8.5,5.06856277460318,0.911864975791887,5.00062633952381,0.693887760238095,0.0194679122867321,0.394117894801536,0.374649982514804
TrichiurusJaponicus,88,Trichiurus japonicus,Predator,3,SSP1-2.6,5.06592315831864,0.841036127313345,5.0789900552381,0.681241014047619,-0.00371645521526653,0.304002478874447,0.307718934089714
TrichiurusJaponicus,88,Trichiurus japonicus,Predator,3,SSP5-8.5,5.09022808897443,0.94615585994709,5.0789900552381,0.681241014047619,0.00318865460665859,0.473912562883198,0.47072390827654
TrichiurusJaponicus,89,Trichiurus japonicus,Predator,3,SSP1-2.6,5.07372501463845,0.884892317689594,5.07135134619048,0.691802136780952,0.000675101820684588,0.355142434907292,0.354467333086607
TrichiurusJaponicus,89,Trichiurus japonicus,Predator,3,SSP5-8.5,5.07787301672546,0.955753220998236,5.07135134619048,0.691802136780952,0.00185408908063764,0.46627868732199,0.464424598241352
TrichiurusJaponicus,90,Trichiurus japonicus,Predator,3,SSP1-2.6,5.11321886190476,0.817178515170488,5.0356092452381,0.708197445238095,0.0220654425426087,0.206499634648518,0.184434192105909
TrichiurusJaponicus,90,Trichiurus japonicus,Predator,3,SSP5-8.5,5.07486000412698,0.9526509735097,5.0356092452381,0.708197445238095,0.0112016877333897,0.427796105733217,0.416594417999827
TrichiurusJaponicus,91,Trichiurus japonicus,Predator,3,SSP1-2.6,5.11275522363316,0.838471416084656,5.09027074857143,0.659685613547619,0.00635856328647157,0.345982959521839,0.339624396235368
TrichiurusJaponicus,91,Trichiurus japonicus,Predator,3,SSP5-8.5,5.06670360881834,0.924847156208113,5.09027074857143,0.659685613547619,-0.00669495766549546,0.487436317105517,0.494131274771012
TrichiurusJaponicus,92,Trichiurus japonicus,Predator,3,SSP1-2.6,5.07822695061728,0.887865570176367,5.01179833857143,0.690141911952381,0.0189965061717357,0.363448208000848,0.344451701829112
TrichiurusJaponicus,92,Trichiurus japonicus,Predator,3,SSP5-8.5,5.07605088183422,0.955023398165785,5.01179833857143,0.690141911952381,0.0183781650662799,0.468643030005399,0.450264864939119
TrichiurusJaponicus,93,Trichiurus japonicus,Predator,3,SSP1-2.6,5.07851714991182,0.839317174373898,5.03941708047619,0.64990813587619,0.0111504494483795,0.368980293518344,0.357829844069965
TrichiurusJaponicus,93,Trichiurus japonicus,Predator,3,SSP5-8.5,5.07061184850088,0.941399124303351,5.03941708047619,0.64990813587619,0.00890297748293973,0.534570702545483,0.525667725062544
TrichiurusJaponicus,94,Trichiurus japonicus,Predator,3,SSP1-2.6,5.09006945573192,0.856591311746032,5.03126421095238,0.738164134761905,0.0167643894460889,0.21466540135242,0.197901011906331
TrichiurusJaponicus,94,Trichiurus japonicus,Predator,3,SSP5-8.5,5.1043808282187,0.959660867407407,5.03126421095238,0.738164134761905,0.0208150168175208,0.378583021894257,0.357768005076736
TrichiurusJaponicus,95,Trichiurus japonicus,Predator,3,SSP1-2.6,5.0786042340388,0.880976072010582,5.02955696,0.695715669266667,0.0140007293131842,0.340605020776245,0.32660429146306
TrichiurusJaponicus,95,Trichiurus japonicus,Predator,3,SSP5-8.5,5.10888338183422,0.918565644973545,5.02955696,0.695715669266667,0.0225766818241283,0.400885012527106,0.378308330702977
TrichiurusJaponicus,96,Trichiurus japonicus,Predator,3,SSP1-2.6,5.13994864708995,0.877583813633157,5.05293691285714,0.70230043512381,0.0246317779431241,0.32144858755136,0.296816809608236
TrichiurusJaponicus,96,Trichiurus japonicus,Predator,3,SSP5-8.5,5.13141933985891,0.95171667707231,5.05293691285714,0.70230043512381,0.022235759790828,0.438443822854417,0.416208063063589
TrichiurusJaponicus,97,Trichiurus japonicus,Predator,3,SSP1-2.6,5.08536273544974,0.869813557636684,5.04176301333333,0.731030348142857,0.01242237789326,0.250774896263735,0.238352518370475
TrichiurusJaponicus,97,Trichiurus japonicus,Predator,3,SSP5-8.5,5.08658583932981,0.997577214744268,5.04176301333333,0.731030348142857,0.0127693253631179,0.448497213775915,0.435727888412797
TrichiurusJaponicus,98,Trichiurus japonicus,Predator,3,SSP1-2.6,5.06088697760141,0.890981627689594,5.11970100904762,0.677838754595238,-0.0166693034990506,0.394453559755648,0.411122863254699
TrichiurusJaponicus,98,Trichiurus japonicus,Predator,3,SSP5-8.5,5.09076299446208,0.93953462691652,5.11970100904762,0.677838754595238,-0.0081776581168213,0.471004210225196,0.479181868342017
TrichiurusJaponicus,99,Trichiurus japonicus,Predator,3,SSP1-2.6,5.05484209118166,0.865712789382716,5.00209212428571,0.703860168809524,0.0151343962129124,0.298599626163006,0.283465229950094
TrichiurusJaponicus,99,Trichiurus japonicus,Predator,3,SSP5-8.5,5.10379323248089,0.92218644361552,5.00209212428571,0.703860168809524,0.029038254980853,0.389769611150219,0.360731356169366
TrichiurusJaponicus,100,Trichiurus japonicus,Predator,3,SSP1-2.6,5.017465765097,0.870622134814815,4.86825317142857,0.666808432495238,0.0435546711596535,0.384774351027147,0.341219679867493
TrichiurusJaponicus,100,Trichiurus japonicus,Predator,3,SSP5-8.5,5.07529128888889,0.946851409188712,4.86825317142857,0.666808432495238,0.0600864292943811,0.505865690322305,0.445779261027924
