group,scenario,run,maintenance,base_mean,maintenance_index,group_label,scenario_x,point_x
Invertebrate,Base,1,0.315884302516667,0.281760974528506,112.110736075236,Invertebrate,1,1.14395107815508
Invertebrate,Base,2,0.254559974272222,0.281760974528506,90.3460724815419,Invertebrate,1,1.13406620080955
Invertebrate,Base,3,0.264326689538889,0.281760974528506,93.8123847637909,Invertebrate,1,1.14841836273484
Invertebrate,Base,4,0.2749013086,0.281760974528506,97.565430791122,Invertebrate,1,1.13850398975704
Invertebrate,Base,5,0.241378642044444,0.281760974528506,85.6678759180059,Invertebrate,1,1.14985446061939
Invertebrate,Base,6,0.307587183322222,0.281760974528506,109.165999243484,Invertebrate,1,1.1542412038343
Invertebrate,Base,7,0.284137325788889,0.281760974528506,100.843392618286,Invertebrate,1,1.12096508752182
Invertebrate,Base,8,0.272970498722222,0.281760974528506,96.8801656010051,Invertebrate,1,1.09651073007472
Invertebrate,Base,9,0.3097624478,0.281760974528506,109.938024000077,Invertebrate,1,1.14701408016309
Invertebrate,Base,10,0.3084397338,0.281760974528506,109.468578576624,Invertebrate,1,1.13796526834462
Invertebrate,Base,11,0.343845462644444,0.281760974528506,122.034452507069,Invertebrate,1,1.09228062455636
Invertebrate,Base,12,0.328046046233333,0.281760974528506,116.427069711226,Invertebrate,1,1.11771707206406
Invertebrate,Base,13,0.340761853888889,0.281760974528506,120.940046597693,Invertebrate,1,1.14426877666917
Invertebrate,Base,14,0.322855852961111,0.281760974528506,114.58501430206,Invertebrate,1,1.12115824312717
Invertebrate,Base,15,0.243255437655555,0.281760974528506,86.3339708639975,Invertebrate,1,1.12451230687276
Invertebrate,Base,16,0.263716805622222,0.281760974528506,93.5959304028962,Invertebrate,1,1.10518148111645
Invertebrate,Base,17,0.255807771511111,0.281760974528506,90.7889291407996,Invertebrate,1,1.1510136663802
Invertebrate,Base,18,0.279799599427778,0.281760974528506,99.3038868835508,Invertebrate,1,1.14189805294294
Invertebrate,Base,19,0.289350009044444,0.281760974528506,102.693429964401,Invertebrate,1,1.13782324597798
Invertebrate,Base,20,0.274080440127778,0.281760974528506,97.2740957424709,Invertebrate,1,1.12372497675475
Invertebrate,Base,21,0.308825425994444,0.281760974528506,109.605464884279,Invertebrate,1,1.11322104775812
Invertebrate,Base,22,0.245655663088889,0.281760974528506,87.1858366830131,Invertebrate,1,1.12255565736163
Invertebrate,Base,23,0.294432903205556,0.281760974528506,104.497403765108,Invertebrate,1,1.11685518693831
Invertebrate,Base,24,0.267760310044444,0.281760974528506,95.0310136073707,Invertebrate,1,1.12275059277564
Invertebrate,Base,25,0.268885373655556,0.281760974528506,95.4303107822168,Invertebrate,1,1.09917021522112
Invertebrate,Base,26,0.254479696011111,0.281760974528506,90.3175808633377,Invertebrate,1,1.10674978752341
Invertebrate,Base,27,0.275780314816667,0.281760974528506,97.8773995505066,Invertebrate,1,1.10171049868967
Invertebrate,Base,28,0.304578164605555,0.281760974528506,108.098066141073,Invertebrate,1,1.13198496499285
Invertebrate,Base,29,0.255120776616667,0.281760974528506,90.5451072646174,Invertebrate,1,1.11711955480743
Invertebrate,Base,30,0.298712632911111,0.281760974528506,106.016325863073,Invertebrate,1,1.10216727417428
Invertebrate,Base,31,0.292907763977778,0.281760974528506,103.956115451377,Invertebrate,1,1.14314840786438
Invertebrate,Base,32,0.247634552627778,0.281760974528506,87.8881658619209,Invertebrate,1,1.14313811695576
Invertebrate,Base,33,0.286571435480555,0.281760974528506,101.707284324985,Invertebrate,1,1.13098508819751
Invertebrate,Base,34,0.316051850444444,0.281760974528506,112.170200636664,Invertebrate,1,1.10963166491967
Invertebrate,Base,35,0.297151553216667,0.281760974528506,105.462281891208,Invertebrate,1,1.1535127782505
Invertebrate,Base,36,0.310823965111111,0.281760974528506,110.314767909658,Invertebrate,1,1.11601934754662
Invertebrate,Base,37,0.277863582538889,0.281760974528506,98.616773669193,Invertebrate,1,1.15324352845084
Invertebrate,Base,38,0.330092891322222,0.281760974528506,117.153517045643,Invertebrate,1,1.13550774077792
Invertebrate,Base,39,0.250069387394444,0.281760974528506,88.7523149055353,Invertebrate,1,1.15308142800909
Invertebrate,Base,40,0.301911793077778,0.281760974528506,107.151742210926,Invertebrate,1,1.11152925370913
Invertebrate,Base,41,0.26751284075,0.281760974528506,94.9431840934153,Invertebrate,1,1.11935669036862
Invertebrate,Base,42,0.2683868319,0.281760974528506,95.2533729517063,Invertebrate,1,1.15873142070603
Invertebrate,Base,43,0.26480016195,0.281760974528506,93.980425214355,Invertebrate,1,1.11276454658713
Invertebrate,Base,44,0.275238440972222,0.281760974528506,97.6850826956437,Invertebrate,1,1.13491978627816
Invertebrate,Base,45,0.292577850916667,0.281760974528506,103.839025758007,Invertebrate,1,1.13327601721883
Invertebrate,Base,46,0.267308716388889,0.281760974528506,94.870738162444,Invertebrate,1,1.12078240504116
Invertebrate,Base,47,0.305180553744445,0.281760974528506,108.311860524733,Invertebrate,1,1.10463974586409
Invertebrate,Base,48,0.321983089133333,0.281760974528506,114.275261033624,Invertebrate,1,1.1332693480067
Invertebrate,Base,49,0.244621032477778,0.281760974528506,86.8186351524098,Invertebrate,1,1.1303728340175
Invertebrate,Base,50,0.260872162133333,0.281760974528506,92.5863358365623,Invertebrate,1,1.14041438024957
Invertebrate,Base,51,0.285090195422222,0.281760974528506,101.181576298594,Invertebrate,1,1.1296332677165
Invertebrate,Base,52,0.290831919422222,0.281760974528506,103.219375894371,Invertebrate,1,1.12307434765808
Invertebrate,Base,53,0.310176211988889,0.281760974528506,110.084873360455,Invertebrate,1,1.11316062786523
Invertebrate,Base,54,0.247970525277778,0.281760974528506,88.0074061685539,Invertebrate,1,1.14423253763374
Invertebrate,Base,55,0.311646075066666,0.281760974528506,110.606543574095,Invertebrate,1,1.14343543575425
Invertebrate,Base,56,0.283971041861111,0.281760974528506,100.784376664052,Invertebrate,1,1.13195083278604
Invertebrate,Base,57,0.296085044586666,0.281760974528506,105.083766508875,Invertebrate,1,1.15851572317444
Invertebrate,Base,58,0.282012132205556,0.281760974528506,100.089138560608,Invertebrate,1,1.11464376445487
Invertebrate,Base,59,0.258029834138889,0.281760974528506,91.5775630641084,Invertebrate,1,1.15893478139211
Invertebrate,Base,60,0.273319268894444,0.281760974528506,97.0039478859031,Invertebrate,1,1.15828886041697
Invertebrate,Base,61,0.266959476638889,0.281760974528506,94.7467892193427,Invertebrate,1,1.14914071515203
Invertebrate,Base,62,0.305040148816667,0.281760974528506,108.26202930591,Invertebrate,1,1.1214781038519
Invertebrate,Base,63,0.246830897177778,0.281760974528506,87.6029398999704,Invertebrate,1,1.09800629000273
Invertebrate,Base,64,0.324377496372222,0.281760974528506,115.125061912861,Invertebrate,1,1.10248745902162
Invertebrate,Base,65,0.277136035033333,0.281760974528506,98.3585592352129,Invertebrate,1,1.15083030090202
Invertebrate,Base,66,0.261971522377778,0.281760974528506,92.9765106101571,Invertebrate,1,1.11533585556503
Invertebrate,Base,67,0.283241319122222,0.281760974528506,100.525390216368,Invertebrate,1,1.13604647764284
Invertebrate,Base,68,0.272136945016667,0.281760974528506,96.5843284266236,Invertebrate,1,1.11687641065195
Invertebrate,Base,69,0.261231424572222,0.281760974528506,92.7138419397374,Invertebrate,1,1.11559555334225
Invertebrate,Base,70,0.278567888333333,0.281760974528506,98.8667393699516,Invertebrate,1,1.10302798874117
Invertebrate,Base,71,0.326387039938889,0.281760974528506,115.838270535889,Invertebrate,1,1.1446242116075
Invertebrate,Base,72,0.258325509427778,0.281760974528506,91.6825014039136,Invertebrate,1,1.11004776665848
Invertebrate,Base,73,0.288657617727778,0.281760974528506,102.447692839937,Invertebrate,1,1.10665619808622
Invertebrate,Base,74,0.272229602505555,0.281760974528506,96.6172135658958,Invertebrate,1,1.09243246757519
Invertebrate,Base,75,0.270324148527778,0.281760974528506,95.9409474573738,Invertebrate,1,1.11233163770102
Invertebrate,Base,76,0.250454530611111,0.281760974528506,88.8890063750731,Invertebrate,1,1.12750169625413
Invertebrate,Base,77,0.316169898411111,0.281760974528506,112.212097129556,Invertebrate,1,1.15615737809148
Invertebrate,Base,78,0.288080217694444,0.281760974528506,102.242767358579,Invertebrate,1,1.09314045082591
Invertebrate,Base,79,0.264363697488889,0.281760974528506,93.8255192832404,Invertebrate,1,1.11793144641165
Invertebrate,Base,80,0.301666147855556,0.281760974528506,107.064560079819,Invertebrate,1,1.11408352531958
Invertebrate,Base,81,0.274281990116667,0.281760974528506,97.3456280010551,Invertebrate,1,1.14489414918609
Invertebrate,Base,82,0.340410858183333,0.281760974528506,120.815474447081,Invertebrate,1,1.14292286341451
Invertebrate,Base,83,0.254350133422222,0.281760974528506,90.2715977071871,Invertebrate,1,1.13070880111214
Invertebrate,Base,84,0.257423995588889,0.281760974528506,91.3625444473488,Invertebrate,1,1.12998881568294
Invertebrate,Base,85,0.2705369461,0.281760974528506,96.0164716042427,Invertebrate,1,1.13550882413145
Invertebrate,Base,86,0.276296776772222,0.281760974528506,98.0606974527161,Invertebrate,1,1.13976545488648
Invertebrate,Base,87,0.294564226566667,0.281760974528506,104.544011838256,Invertebrate,1,1.09919602072891
Invertebrate,Base,88,0.264452738705556,0.281760974528506,93.8571209686106,Invertebrate,1,1.1179069844326
Invertebrate,Base,89,0.340806740383334,0.281760974528506,120.955977297294,Invertebrate,1,1.1082217533458
Invertebrate,Base,90,0.250569867216667,0.281760974528506,88.9299405767482,Invertebrate,1,1.14485387137905
Invertebrate,Base,91,0.262586554138889,0.281760974528506,93.1947919964066,Invertebrate,1,1.11407964104135
Invertebrate,Base,92,0.24122454805,0.281760974528506,85.6131863022058,Invertebrate,1,1.14768225092348
Invertebrate,Base,93,0.274222843744445,0.281760974528506,97.3246363174762,Invertebrate,1,1.1323948354302
Invertebrate,Base,94,0.262219447188889,0.281760974528506,93.0645017918762,Invertebrate,1,1.09491150730755
Invertebrate,Base,95,0.275639778705556,0.281760974528506,97.827521773307,Invertebrate,1,1.10507619457692
Invertebrate,Base,96,0.289462791572222,0.281760974528506,102.733457696405,Invertebrate,1,1.15787856544741
Invertebrate,Base,97,0.234132248605556,0.281760974528506,83.0960529567123,Invertebrate,1,1.1231599089494
Invertebrate,Base,98,0.264445912333333,0.281760974528506,93.8546982156961,Invertebrate,1,1.15349820429087
Invertebrate,Base,99,0.304287215027778,0.281760974528506,107.994805006963,Invertebrate,1,1.14503807376232
Invertebrate,Base,100,0.261638925883333,0.281760974528506,92.8584685374387,Invertebrate,1,1.13033336390462
Invertebrate,SSP1-2.6,1,0.441283128650206,0.281760974528506,156.616128045639,Invertebrate,2,2.15096431475505
Invertebrate,SSP1-2.6,2,0.477236997156379,0.281760974528506,169.376542636886,Invertebrate,2,2.13039363538381
Invertebrate,SSP1-2.6,3,0.426290962368313,0.281760974528506,151.29524700206,Invertebrate,2,2.10687116010394
Invertebrate,SSP1-2.6,4,0.409693367841564,0.281760974528506,145.404582209136,Invertebrate,2,2.11873622026946
Invertebrate,SSP1-2.6,5,0.399318907512346,0.281760974528506,141.722574668319,Invertebrate,2,2.1422331847949
Invertebrate,SSP1-2.6,6,0.417802866302469,0.281760974528506,148.282730424827,Invertebrate,2,2.15368622675166
Invertebrate,SSP1-2.6,7,0.42701367049177,0.281760974528506,151.551743887289,Invertebrate,2,2.11982655512169
Invertebrate,SSP1-2.6,8,0.451980879641975,0.281760974528506,160.412874919358,Invertebrate,2,2.15780570347048
Invertebrate,SSP1-2.6,9,0.390925988244856,0.281760974528506,138.743837360382,Invertebrate,2,2.15582190945093
Invertebrate,SSP1-2.6,10,0.465482958475309,0.281760974528506,165.204907902608,Invertebrate,2,2.1219865557244
Invertebrate,SSP1-2.6,11,0.45391383845679,0.281760974528506,161.098902790339,Invertebrate,2,2.14121730628237
Invertebrate,SSP1-2.6,12,0.383376240347737,0.281760974528506,136.0643506395,Invertebrate,2,2.14752162086032
Invertebrate,SSP1-2.6,13,0.446706654765432,0.281760974528506,158.540995790118,Invertebrate,2,2.11440064251237
Invertebrate,SSP1-2.6,14,0.373584210382716,0.281760974528506,132.589053898563,Invertebrate,2,2.1120568086924
Invertebrate,SSP1-2.6,15,0.399490673098765,0.281760974528506,141.783536122157,Invertebrate,2,2.098418124808
Invertebrate,SSP1-2.6,16,0.398896735971193,0.281760974528506,141.572741448208,Invertebrate,2,2.12936619339511
Invertebrate,SSP1-2.6,17,0.399033557860082,0.281760974528506,141.621301007998,Invertebrate,2,2.13991983290762
Invertebrate,SSP1-2.6,18,0.459416516644033,0.281760974528506,163.051862456401,Invertebrate,2,2.1548337420756
Invertebrate,SSP1-2.6,19,0.446314320378601,0.281760974528506,158.401752096953,Invertebrate,2,2.15858115145192
Invertebrate,SSP1-2.6,20,0.399366951578189,0.281760974528506,141.739626023967,Invertebrate,2,2.11718713114131
Invertebrate,SSP1-2.6,21,0.388782130563786,0.281760974528506,137.982959213698,Invertebrate,2,2.13876162715815
Invertebrate,SSP1-2.6,22,0.475222082436213,0.281760974528506,168.661427733717,Invertebrate,2,2.13540030057728
Invertebrate,SSP1-2.6,23,0.411945457666667,0.281760974528506,146.203873107697,Invertebrate,2,2.132355104113
Invertebrate,SSP1-2.6,24,0.460191877339506,0.281760974528506,163.32704630568,Invertebrate,2,2.13105024390295
Invertebrate,SSP1-2.6,25,0.415121241991769,0.281760974528506,147.330993117988,Invertebrate,2,2.10893461897038
Invertebrate,SSP1-2.6,26,0.424761322347736,0.281760974528506,150.752361308561,Invertebrate,2,2.13982148625236
Invertebrate,SSP1-2.6,27,0.412536678283951,0.281760974528506,146.41370366293,Invertebrate,2,2.10419976574741
Invertebrate,SSP1-2.6,28,0.430833602723251,0.281760974528506,152.907478916909,Invertebrate,2,2.11635809992347
Invertebrate,SSP1-2.6,29,0.425974369164609,0.281760974528506,151.182884669329,Invertebrate,2,2.13187381793279
Invertebrate,SSP1-2.6,30,0.378585355376543,0.281760974528506,134.364014040646,Invertebrate,2,2.13319153882191
Invertebrate,SSP1-2.6,31,0.397671445794239,0.281760974528506,141.137872787279,Invertebrate,2,2.13057621591911
Invertebrate,SSP1-2.6,32,0.441497730703704,0.281760974528506,156.692292622319,Invertebrate,2,2.14272887251899
Invertebrate,SSP1-2.6,33,0.423714298434156,0.281760974528506,150.380761261631,Invertebrate,2,2.12932163750846
Invertebrate,SSP1-2.6,34,0.438135209755144,0.281760974528506,155.498897776143,Invertebrate,2,2.09771803542785
Invertebrate,SSP1-2.6,35,0.410264294633745,0.281760974528506,145.607210267595,Invertebrate,2,2.13180550231691
Invertebrate,SSP1-2.6,36,0.451714509084362,0.281760974528506,160.318337143834,Invertebrate,2,2.1335450382866
Invertebrate,SSP1-2.6,37,0.412936847576132,0.281760974528506,146.555728048263,Invertebrate,2,2.12921076295711
Invertebrate,SSP1-2.6,38,0.416328573014403,0.281760974528506,147.759487881912,Invertebrate,2,2.14603446457721
Invertebrate,SSP1-2.6,39,0.422506556355967,0.281760974528506,149.95212060967,Invertebrate,2,2.13098642938305
Invertebrate,SSP1-2.6,40,0.440405705895062,0.281760974528506,156.304721273778,Invertebrate,2,2.09196162141394
Invertebrate,SSP1-2.6,41,0.385915313537037,0.281760974528506,136.965495020317,Invertebrate,2,2.10058282230701
Invertebrate,SSP1-2.6,42,0.401377665504115,0.281760974528506,142.453250020083,Invertebrate,2,2.12601452122536
Invertebrate,SSP1-2.6,43,0.450185957106996,0.281760974528506,159.775837608572,Invertebrate,2,2.09687289212458
Invertebrate,SSP1-2.6,44,0.451572534909465,0.281760974528506,160.267948982331,Invertebrate,2,2.1169128374448
Invertebrate,SSP1-2.6,45,0.443053325987654,0.281760974528506,157.244390117919,Invertebrate,2,2.13521073627006
Invertebrate,SSP1-2.6,46,0.405023676187243,0.281760974528506,143.747258421789,Invertebrate,2,2.14380173733365
Invertebrate,SSP1-2.6,47,0.441707603927984,0.281760974528506,156.766778886654,Invertebrate,2,2.12431246631779
Invertebrate,SSP1-2.6,48,0.428940309314815,0.281760974528506,152.235528725224,Invertebrate,2,2.14769227538724
Invertebrate,SSP1-2.6,49,0.418521909786008,0.281760974528506,148.537926689939,Invertebrate,2,2.12518330330402
Invertebrate,SSP1-2.6,50,0.40740466218107,0.281760974528506,144.592295956818,Invertebrate,2,2.09177816485148
Invertebrate,SSP1-2.6,51,0.440506219765432,0.281760974528506,156.340394727328,Invertebrate,2,2.13306755435653
Invertebrate,SSP1-2.6,52,0.390929859944444,0.281760974528506,138.745211468203,Invertebrate,2,2.11973761511501
Invertebrate,SSP1-2.6,53,0.447002586244856,0.281760974528506,158.646025054699,Invertebrate,2,2.14451015900169
Invertebrate,SSP1-2.6,54,0.4556824131893,0.281760974528506,161.726588982677,Invertebrate,2,2.13712086036522
Invertebrate,SSP1-2.6,55,0.402460717757202,0.281760974528506,142.837636912164,Invertebrate,2,2.14725337062869
Invertebrate,SSP1-2.6,56,0.445249006557613,0.281760974528506,158.023660765188,Invertebrate,2,2.11357978011202
Invertebrate,SSP1-2.6,57,0.42111612441358,0.281760974528506,149.458641360206,Invertebrate,2,2.14259955522977
Invertebrate,SSP1-2.6,58,0.441638063481482,0.281760974528506,156.742098234332,Invertebrate,2,2.1559054507548
Invertebrate,SSP1-2.6,59,0.461060828557613,0.281760974528506,163.635446437941,Invertebrate,2,2.10380863723438
Invertebrate,SSP1-2.6,60,0.468241403176955,0.281760974528506,166.183909592342,Invertebrate,2,2.09932982435822
Invertebrate,SSP1-2.6,61,0.444116861942387,0.281760974528506,157.62185046583,Invertebrate,2,2.1468611226799
Invertebrate,SSP1-2.6,62,0.416825714144033,0.281760974528506,147.935928615218,Invertebrate,2,2.10455508088134
Invertebrate,SSP1-2.6,63,0.4405915863107,0.281760974528506,156.3706922323,Invertebrate,2,2.10851094821189
Invertebrate,SSP1-2.6,64,0.401593764057613,0.281760974528506,142.529945720707,Invertebrate,2,2.10202171799727
Invertebrate,SSP1-2.6,65,0.448450555226338,0.281760974528506,159.159924818108,Invertebrate,2,2.11010998583399
Invertebrate,SSP1-2.6,66,0.401697500676954,0.281760974528506,142.566762962525,Invertebrate,2,2.13032619080786
Invertebrate,SSP1-2.6,67,0.39244527554321,0.281760974528506,139.283048761427,Invertebrate,2,2.09834094054718
Invertebrate,SSP1-2.6,68,0.429430260104938,0.281760974528506,152.409417529713,Invertebrate,2,2.10807158336136
Invertebrate,SSP1-2.6,69,0.441633020907408,0.281760974528506,156.740308570564,Invertebrate,2,2.09320785206836
Invertebrate,SSP1-2.6,70,0.429391208800412,0.281760974528506,152.395557801767,Invertebrate,2,2.14639749689121
Invertebrate,SSP1-2.6,71,0.451103537944444,0.281760974528506,160.101496915715,Invertebrate,2,2.14046780744102
Invertebrate,SSP1-2.6,72,0.405552002522634,0.281760974528506,143.934767119995,Invertebrate,2,2.09706011977885
Invertebrate,SSP1-2.6,73,0.442623210467078,0.281760974528506,157.091737494079,Invertebrate,2,2.09520279400889
Invertebrate,SSP1-2.6,74,0.439123514923868,0.281760974528506,155.849657909045,Invertebrate,2,2.1065955028981
Invertebrate,SSP1-2.6,75,0.447286937847737,0.281760974528506,158.746944496561,Invertebrate,2,2.14794582404941
Invertebrate,SSP1-2.6,76,0.391407740218107,0.281760974528506,138.91481631659,Invertebrate,2,2.11840661148448
Invertebrate,SSP1-2.6,77,0.494443031218106,0.281760974528506,175.483149164109,Invertebrate,2,2.10900723492634
Invertebrate,SSP1-2.6,78,0.473949020497943,0.281760974528506,168.209604360945,Invertebrate,2,2.15361563694198
Invertebrate,SSP1-2.6,79,0.445580948658436,0.281760974528506,158.141470586572,Invertebrate,2,2.10639449678734
Invertebrate,SSP1-2.6,80,0.40528680426749,0.281760974528506,143.840645407225,Invertebrate,2,2.15832695967425
Invertebrate,SSP1-2.6,81,0.442767516652263,0.281760974528506,157.142953311112,Invertebrate,2,2.09315394828748
Invertebrate,SSP1-2.6,82,0.405327180728395,0.281760974528506,143.854975447421,Invertebrate,2,2.13223522630893
Invertebrate,SSP1-2.6,83,0.402164339506173,0.281760974528506,142.732449083536,Invertebrate,2,2.15273024377599
Invertebrate,SSP1-2.6,84,0.417303899366255,0.281760974528506,148.105641693128,Invertebrate,2,2.14615342978109
Invertebrate,SSP1-2.6,85,0.469714680156379,0.281760974528506,166.706791436391,Invertebrate,2,2.14601574420091
Invertebrate,SSP1-2.6,86,0.437525622279835,0.281760974528506,155.282548625474,Invertebrate,2,2.13490714141168
Invertebrate,SSP1-2.6,87,0.421125841771605,0.281760974528506,149.462090155072,Invertebrate,2,2.15826759842038
Invertebrate,SSP1-2.6,88,0.420399009152264,0.281760974528506,149.204129441898,Invertebrate,2,2.14252520156372
Invertebrate,SSP1-2.6,89,0.465915788115226,0.281760974528506,165.358523796591,Invertebrate,2,2.12646939019393
Invertebrate,SSP1-2.6,90,0.451140399016461,0.281760974528506,160.114579306589,Invertebrate,2,2.14038003487419
Invertebrate,SSP1-2.6,91,0.382425470018519,0.281760974528506,135.726912024798,Invertebrate,2,2.12281701403484
Invertebrate,SSP1-2.6,92,0.444945932057613,0.281760974528506,157.916096365786,Invertebrate,2,2.11410765430983
Invertebrate,SSP1-2.6,93,0.47506237267284,0.281760974528506,168.604745021131,Invertebrate,2,2.1343028858183
Invertebrate,SSP1-2.6,94,0.457756084806584,0.281760974528506,162.462557340521,Invertebrate,2,2.13686695621628
Invertebrate,SSP1-2.6,95,0.44831437114609,0.281760974528506,159.111591623465,Invertebrate,2,2.09789783083927
Invertebrate,SSP1-2.6,96,0.40550079037037,0.281760974528506,143.916591376407,Invertebrate,2,2.14410590216145
Invertebrate,SSP1-2.6,97,0.397578944244856,0.281760974528506,141.105042992614,Invertebrate,2,2.14416222036444
Invertebrate,SSP1-2.6,98,0.427187315899177,0.281760974528506,151.613372509811,Invertebrate,2,2.09322265235335
Invertebrate,SSP1-2.6,99,0.426642950561729,0.281760974528506,151.420171397287,Invertebrate,2,2.13822590088751
Invertebrate,SSP1-2.6,100,0.457994476845679,0.281760974528506,162.547165238933,Invertebrate,2,2.1530485949209
Invertebrate,SSP5-8.5,1,0.516140564576132,0.281760974528506,183.183837094485,Invertebrate,3,3.10993622530624
Invertebrate,SSP5-8.5,2,0.478681715176955,0.281760974528506,169.889288599308,Invertebrate,3,3.13100812525302
Invertebrate,SSP5-8.5,3,0.51947445704218,0.281760974528506,184.367071384339,Invertebrate,3,3.11405070230085
Invertebrate,SSP5-8.5,4,0.537923191670781,0.281760974528506,190.914725707112,Invertebrate,3,3.15533516028803
Invertebrate,SSP5-8.5,5,0.474592691228395,0.281760974528506,168.438050025406,Invertebrate,3,3.09752574525774
Invertebrate,SSP5-8.5,6,0.563701522335391,0.281760974528506,200.06373248768,Invertebrate,3,3.10566810437944
Invertebrate,SSP5-8.5,7,0.554196034257203,0.281760974528506,196.690132543936,Invertebrate,3,3.13221377622243
Invertebrate,SSP5-8.5,8,0.464420619911523,0.281760974528506,164.827872521621,Invertebrate,3,3.13440117286425
Invertebrate,SSP5-8.5,9,0.525685269176955,0.281760974528506,186.571355403859,Invertebrate,3,3.09115352865588
Invertebrate,SSP5-8.5,10,0.545579260733538,0.281760974528506,193.631946953088,Invertebrate,3,3.12872747656424
Invertebrate,SSP5-8.5,11,0.545595613090536,0.281760974528506,193.637750580444,Invertebrate,3,3.13152318677586
Invertebrate,SSP5-8.5,12,0.500244245672839,0.281760974528506,177.542062562049,Invertebrate,3,3.10825754728261
Invertebrate,SSP5-8.5,13,0.51103223968107,0.281760974528506,181.37083765281,Invertebrate,3,3.14121950251702
Invertebrate,SSP5-8.5,14,0.527631507874487,0.281760974528506,187.262096448033,Invertebrate,3,3.13100722009409
Invertebrate,SSP5-8.5,15,0.48366050741358,0.281760974528506,171.656315507472,Invertebrate,3,3.09850401487667
Invertebrate,SSP5-8.5,16,0.492497128839506,0.281760974528506,174.792527483142,Invertebrate,3,3.12054312192183
Invertebrate,SSP5-8.5,17,0.470429312656378,0.281760974528506,166.960422196008,Invertebrate,3,3.15550648570061
Invertebrate,SSP5-8.5,18,0.487667509668724,0.281760974528506,173.078443700296,Invertebrate,3,3.14820632527769
Invertebrate,SSP5-8.5,19,0.491650948958848,0.281760974528506,174.492209143431,Invertebrate,3,3.09656771409698
Invertebrate,SSP5-8.5,20,0.524839763092592,0.281760974528506,186.271276201699,Invertebrate,3,3.14587951096613
Invertebrate,SSP5-8.5,21,0.466579491598765,0.281760974528506,165.59407930056,Invertebrate,3,3.15726663906314
Invertebrate,SSP5-8.5,22,0.528152582460907,0.281760974528506,187.447031422541,Invertebrate,3,3.13523260121513
Invertebrate,SSP5-8.5,23,0.507997729125514,0.281760974528506,180.29385722263,Invertebrate,3,3.15727717784513
Invertebrate,SSP5-8.5,24,0.524852529386832,0.281760974528506,186.275807096817,Invertebrate,3,3.12799978397694
Invertebrate,SSP5-8.5,25,0.530842425816874,0.281760974528506,188.401685756935,Invertebrate,3,3.15866062893719
Invertebrate,SSP5-8.5,26,0.591384629434158,0.281760974528506,209.888764909254,Invertebrate,3,3.12086039044149
Invertebrate,SSP5-8.5,27,0.464923931576132,0.281760974528506,165.006503244152,Invertebrate,3,3.12624075354915
Invertebrate,SSP5-8.5,28,0.531413115565844,0.281760974528506,188.604229686209,Invertebrate,3,3.10595409250259
Invertebrate,SSP5-8.5,29,0.539272138613167,0.281760974528506,191.393481483934,Invertebrate,3,3.10494890213572
Invertebrate,SSP5-8.5,30,0.4771928611893,0.281760974528506,169.360878307518,Invertebrate,3,3.1262373106014
Invertebrate,SSP5-8.5,31,0.525874718870369,0.281760974528506,186.638593137449,Invertebrate,3,3.15155412933417
Invertebrate,SSP5-8.5,32,0.504561901411524,0.281760974528506,179.07444501704,Invertebrate,3,3.13783161029499
Invertebrate,SSP5-8.5,33,0.555776135718108,0.281760974528506,197.250927545284,Invertebrate,3,3.14113002819568
Invertebrate,SSP5-8.5,34,0.505027943104938,0.281760974528506,179.239848225981,Invertebrate,3,3.15820994077344
Invertebrate,SSP5-8.5,35,0.52329649330247,0.281760974528506,185.723553156411,Invertebrate,3,3.115361719938
Invertebrate,SSP5-8.5,36,0.448795314401235,0.281760974528506,159.28228355692,Invertebrate,3,3.14606920316815
Invertebrate,SSP5-8.5,37,0.523170236213993,0.281760974528506,185.678743157905,Invertebrate,3,3.11517570600193
Invertebrate,SSP5-8.5,38,0.515511376997941,0.281760974528506,182.960531656518,Invertebrate,3,3.12612085038144
Invertebrate,SSP5-8.5,39,0.520665143555557,0.281760974528506,184.789658832927,Invertebrate,3,3.10296955175605
Invertebrate,SSP5-8.5,40,0.524079681483538,0.281760974528506,186.001515064506,Invertebrate,3,3.14954380846303
Invertebrate,SSP5-8.5,41,0.520869822123457,0.281760974528506,184.862301457848,Invertebrate,3,3.1381375795193
Invertebrate,SSP5-8.5,42,0.492242381888889,0.281760974528506,174.702115050745,Invertebrate,3,3.09294930526521
Invertebrate,SSP5-8.5,43,0.505202076903292,0.281760974528506,179.301650183703,Invertebrate,3,3.09484185823239
Invertebrate,SSP5-8.5,44,0.557457107378602,0.281760974528506,197.847522465253,Invertebrate,3,3.10525000885595
Invertebrate,SSP5-8.5,45,0.515400507942388,0.281760974528506,182.921183036384,Invertebrate,3,3.10779658553097
Invertebrate,SSP5-8.5,46,0.474761790121399,0.281760974528506,168.498065041072,Invertebrate,3,3.14687440173235
Invertebrate,SSP5-8.5,47,0.531959283831276,0.281760974528506,188.798070677264,Invertebrate,3,3.12806205999106
Invertebrate,SSP5-8.5,48,0.530941107732511,0.281760974528506,188.436709030049,Invertebrate,3,3.12551184713282
Invertebrate,SSP5-8.5,49,0.502953537979424,0.281760974528506,178.503619538177,Invertebrate,3,3.1036083081048
Invertebrate,SSP5-8.5,50,0.498500318382715,0.281760974528506,176.923124012081,Invertebrate,3,3.10606067850906
Invertebrate,SSP5-8.5,51,0.469163645082305,0.281760974528506,166.51122316261,Invertebrate,3,3.09689529282507
Invertebrate,SSP5-8.5,52,0.534820362226338,0.281760974528506,189.813498168545,Invertebrate,3,3.11239460516721
Invertebrate,SSP5-8.5,53,0.513854851185185,0.281760974528506,182.372612830809,Invertebrate,3,3.15204754736088
Invertebrate,SSP5-8.5,54,0.589084013738685,0.281760974528506,209.072251657437,Invertebrate,3,3.12940290306695
Invertebrate,SSP5-8.5,55,0.478174338734568,0.281760974528506,169.70921524343,Invertebrate,3,3.09236699579004
Invertebrate,SSP5-8.5,56,0.547515241483538,0.281760974528506,194.319047341365,Invertebrate,3,3.12551675580442
Invertebrate,SSP5-8.5,57,0.501994136316873,0.281760974528506,178.163117570452,Invertebrate,3,3.14174052522331
Invertebrate,SSP5-8.5,58,0.500308658185184,0.281760974528506,177.564923255391,Invertebrate,3,3.11717580019683
Invertebrate,SSP5-8.5,59,0.483934801759259,0.281760974528506,171.753665520595,Invertebrate,3,3.09739079131931
Invertebrate,SSP5-8.5,60,0.515506746277779,0.281760974528506,182.958888164133,Invertebrate,3,3.10556392041408
Invertebrate,SSP5-8.5,61,0.463587315156379,0.281760974528506,164.532123702418,Invertebrate,3,3.13562209112942
Invertebrate,SSP5-8.5,62,0.554236506732509,0.281760974528506,196.704496660675,Invertebrate,3,3.12217805199046
Invertebrate,SSP5-8.5,63,0.479723078674897,0.281760974528506,170.258879703855,Invertebrate,3,3.12071002720576
Invertebrate,SSP5-8.5,64,0.497242164425927,0.281760974528506,176.476591642262,Invertebrate,3,3.13289584568702
Invertebrate,SSP5-8.5,65,0.492788258884774,0.281760974528506,174.895852667105,Invertebrate,3,3.13307243365888
Invertebrate,SSP5-8.5,66,0.495923806185185,0.281760974528506,176.008692124613,Invertebrate,3,3.14021148795169
Invertebrate,SSP5-8.5,67,0.494602887055557,0.281760974528506,175.539883719957,Invertebrate,3,3.13139251194615
Invertebrate,SSP5-8.5,68,0.490201985771605,0.281760974528506,173.977956525705,Invertebrate,3,3.10014599280711
Invertebrate,SSP5-8.5,69,0.457164020078189,0.281760974528506,162.252427201177,Invertebrate,3,3.13938781374972
Invertebrate,SSP5-8.5,70,0.507263743864196,0.281760974528506,180.033357959896,Invertebrate,3,3.12156656718999
Invertebrate,SSP5-8.5,71,0.50436878236214,0.281760974528506,179.005904989555,Invertebrate,3,3.15250219453219
Invertebrate,SSP5-8.5,72,0.47317226254321,0.281760974528506,167.933924609329,Invertebrate,3,3.14552890170552
Invertebrate,SSP5-8.5,73,0.506958502569957,0.281760974528506,179.925024541917,Invertebrate,3,3.12236440580245
Invertebrate,SSP5-8.5,74,0.5159020690679,0.281760974528506,183.099192473763,Invertebrate,3,3.10455046873633
Invertebrate,SSP5-8.5,75,0.493932290818929,0.281760974528506,175.30188190379,Invertebrate,3,3.13057778789476
Invertebrate,SSP5-8.5,76,0.522116259329217,0.281760974528506,185.304675426722,Invertebrate,3,3.11754518375918
Invertebrate,SSP5-8.5,77,0.550134550847738,0.281760974528506,195.248668403538,Invertebrate,3,3.12574720617104
Invertebrate,SSP5-8.5,78,0.45248894636214,0.281760974528506,160.593193262242,Invertebrate,3,3.15419862384163
Invertebrate,SSP5-8.5,79,0.485064830633745,0.281760974528506,172.154724920811,Invertebrate,3,3.11403607672732
Invertebrate,SSP5-8.5,80,0.536581327273664,0.281760974528506,190.438483601773,Invertebrate,3,3.1268325732965
Invertebrate,SSP5-8.5,81,0.494021637444444,0.281760974528506,175.333591982045,Invertebrate,3,3.13018845199887
Invertebrate,SSP5-8.5,82,0.480688962372428,0.281760974528506,170.601682215504,Invertebrate,3,3.10278667649906
Invertebrate,SSP5-8.5,83,0.495165560483539,0.281760974528506,175.739582570703,Invertebrate,3,3.14578855239693
Invertebrate,SSP5-8.5,84,0.509605697189301,0.281760974528506,180.864542381026,Invertebrate,3,3.09658336401638
Invertebrate,SSP5-8.5,85,0.500020535403292,0.281760974528506,177.462665381541,Invertebrate,3,3.14505897416081
Invertebrate,SSP5-8.5,86,0.527872029150206,0.281760974528506,187.347460035421,Invertebrate,3,3.10819839986227
Invertebrate,SSP5-8.5,87,0.525896674909465,0.281760974528506,186.646385571846,Invertebrate,3,3.10498706431128
Invertebrate,SSP5-8.5,88,0.471913747388889,0.281760974528506,167.48726404662,Invertebrate,3,3.10842948468402
Invertebrate,SSP5-8.5,89,0.496858474006173,0.281760974528506,176.340415785972,Invertebrate,3,3.15435623594839
Invertebrate,SSP5-8.5,90,0.491125798028807,0.281760974528506,174.305827430732,Invertebrate,3,3.1499881414203
Invertebrate,SSP5-8.5,91,0.530302540265432,0.281760974528506,188.210074568642,Invertebrate,3,3.14122202974558
Invertebrate,SSP5-8.5,92,0.51702027491358,0.281760974528506,183.496055753908,Invertebrate,3,3.14119910820387
Invertebrate,SSP5-8.5,93,0.509890205160494,0.281760974528506,180.965517319684,Invertebrate,3,3.1372226001909
Invertebrate,SSP5-8.5,94,0.489121002746913,0.281760974528506,173.594304025034,Invertebrate,3,3.142539732554
Invertebrate,SSP5-8.5,95,0.553707212946502,0.281760974528506,196.516644603841,Invertebrate,3,3.15139641342964
Invertebrate,SSP5-8.5,96,0.527836344860083,0.281760974528506,187.334795297098,Invertebrate,3,3.12124165759701
Invertebrate,SSP5-8.5,97,0.579847823462962,0.281760974528506,205.794228399895,Invertebrate,3,3.13451883747708
Invertebrate,SSP5-8.5,98,0.49590325482716,0.281760974528506,176.001398226634,Invertebrate,3,3.14937024462223
Invertebrate,SSP5-8.5,99,0.484510615917695,0.281760974528506,171.958028157898,Invertebrate,3,3.11233917041682
Invertebrate,SSP5-8.5,100,0.489896500006173,0.281760974528506,173.86953634227,Invertebrate,3,3.09874794655573
Mid-trophic species,Base,1,0.412550754390489,0.4095000320054,100.7449870932,Mid-trophic species,1,1.11499754056055
Mid-trophic species,Base,2,0.41041773400045,0.4095000320054,100.224103033779,Mid-trophic species,1,1.15845637409575
Mid-trophic species,Base,3,0.403719973347778,0.4095000320054,98.5885083746353,Mid-trophic species,1,1.12928712277301
Mid-trophic species,Base,4,0.419380180244894,0.4095000320054,102.412734424246,Mid-trophic species,1,1.15582629677467
Mid-trophic species,Base,5,0.410317855789153,0.4095000320054,100.199712752096,Mid-trophic species,1,1.15032782973442
Mid-trophic species,Base,6,0.397228292500847,0.4095000320054,97.0032384504451,Mid-trophic species,1,1.14468446058873
Mid-trophic species,Base,7,0.420466707129974,0.4095000320054,102.678064534175,Mid-trophic species,1,1.11517221278604
Mid-trophic species,Base,8,0.404951561094604,0.4095000320054,98.8892623796581,Mid-trophic species,1,1.14610070569441
Mid-trophic species,Base,9,0.403256878180132,0.4095000320054,98.4754204304468,Mid-trophic species,1,1.1516150925504
Mid-trophic species,Base,10,0.41042762916664,0.4095000320054,100.22651943559,Mid-trophic species,1,1.1425472651748
Mid-trophic species,Base,11,0.417907785373863,0.4095000320054,102.053175265284,Mid-trophic species,1,1.1111615941301
Mid-trophic species,Base,12,0.408667670960715,0.4095000320054,99.7967372455116,Mid-trophic species,1,1.13101294621266
Mid-trophic species,Base,13,0.411152762253677,0.4095000320054,100.403597098682,Mid-trophic species,1,1.13299105942622
Mid-trophic species,Base,14,0.416535171756322,0.4095000320054,101.717982710885,Mid-trophic species,1,1.12175772623997
Mid-trophic species,Base,15,0.420536624667858,0.4095000320054,102.695138412666,Mid-trophic species,1,1.11489224008843
Mid-trophic species,Base,16,0.403479501720953,0.4095000320054,98.5297851492309,Mid-trophic species,1,1.09868200517911
Mid-trophic species,Base,17,0.419966036413413,0.4095000320054,102.555800632483,Mid-trophic species,1,1.12090035091806
Mid-trophic species,Base,18,0.406308839710265,0.4095000320054,99.2207101231453,Mid-trophic species,1,1.15027530371211
Mid-trophic species,Base,19,0.412631425841296,0.4095000320054,100.764687079647,Mid-trophic species,1,1.1075928923944
Mid-trophic species,Base,20,0.400656518417777,0.4095000320054,97.8404119911019,Mid-trophic species,1,1.12396856722794
Mid-trophic species,Base,21,0.40914175211701,0.4095000320054,99.9125079706013,Mid-trophic species,1,1.14390621065348
Mid-trophic species,Base,22,0.406962292048096,0.4095000320054,99.380283331145,Mid-trophic species,1,1.09340242987406
Mid-trophic species,Base,23,0.407593586722037,0.4095000320054,99.5344456326348,Mid-trophic species,1,1.15666186109278
Mid-trophic species,Base,24,0.410658741698862,0.4095000320054,100.282957167986,Mid-trophic species,1,1.11938889167737
Mid-trophic species,Base,25,0.407640563084842,0.4095000320054,99.5459172710068,Mid-trophic species,1,1.14375294432603
Mid-trophic species,Base,26,0.405417441718334,0.4095000320054,99.0030305328494,Mid-trophic species,1,1.11123774684127
Mid-trophic species,Base,27,0.401222993787249,0.4095000320054,97.9787454038486,Mid-trophic species,1,1.1510953770848
Mid-trophic species,Base,28,0.407555409998863,0.4095000320054,99.5251228682416,Mid-trophic species,1,1.13956237415038
Mid-trophic species,Base,29,0.406834492989232,0.4095000320054,99.3490747722011,Mid-trophic species,1,1.0927088751616
Mid-trophic species,Base,30,0.409241608819868,0.4095000320054,99.9368929999184,Mid-trophic species,1,1.09436975254957
Mid-trophic species,Base,31,0.40622172283336,0.4095000320054,99.1994361621938,Mid-trophic species,1,1.14526400897373
Mid-trophic species,Base,32,0.403775110922064,0.4095000320054,98.6019729826882,Mid-trophic species,1,1.12937537756562
Mid-trophic species,Base,33,0.408373354747989,0.4095000320054,99.7248651601091,Mid-trophic species,1,1.12560944644734
Mid-trophic species,Base,34,0.424743004390132,0.4095000320054,103.722337287762,Mid-trophic species,1,1.12853811828513
Mid-trophic species,Base,35,0.406092169583942,0.4095000320054,99.1677992295218,Mid-trophic species,1,1.09388590544928
Mid-trophic species,Base,36,0.397228271944392,0.4095000320054,97.0032334305542,Mid-trophic species,1,1.13723769556172
Mid-trophic species,Base,37,0.406299154608572,0.4095000320054,99.2183450191315,Mid-trophic species,1,1.13562581269722
Mid-trophic species,Base,38,0.406584464401323,0.4095000320054,99.2880177347488,Mid-trophic species,1,1.10194909148104
Mid-trophic species,Base,39,0.421077325004392,0.4095000320054,102.827177556567,Mid-trophic species,1,1.09310247387458
Mid-trophic species,Base,40,0.41699143102574,0.4095000320054,101.829401327188,Mid-trophic species,1,1.10273880454618
Mid-trophic species,Base,41,0.411088378809048,0.4095000320054,100.38787464701,Mid-trophic species,1,1.12969600537419
Mid-trophic species,Base,42,0.401886774211456,0.4095000320054,98.1408407328662,Mid-trophic species,1,1.1149167445302
Mid-trophic species,Base,43,0.410860346603731,0.4095000320054,100.332189131139,Mid-trophic species,1,1.15132088307757
Mid-trophic species,Base,44,0.397429568247222,0.4095000320054,97.0523900330198,Mid-trophic species,1,1.15506426796317
Mid-trophic species,Base,45,0.40421851276082,0.4095000320054,98.7102518115284,Mid-trophic species,1,1.10797270720452
Mid-trophic species,Base,46,0.416002866386032,0.4095000320054,101.587993619631,Mid-trophic species,1,1.15891865751147
Mid-trophic species,Base,47,0.40881209456053,0.4095000320054,99.8320055210982,Mid-trophic species,1,1.14096654969454
Mid-trophic species,Base,48,0.404454354345345,0.4095000320054,98.7678443795607,Mid-trophic species,1,1.13940603961423
Mid-trophic species,Base,49,0.412781928473147,0.4095000320054,100.801439856226,Mid-trophic species,1,1.14459647273179
Mid-trophic species,Base,50,0.407997011194894,0.4095000320054,99.6329619797232,Mid-trophic species,1,1.12277916763816
Mid-trophic species,Base,51,0.409619257275133,0.4095000320054,100.029114837708,Mid-trophic species,1,1.14386920600664
Mid-trophic species,Base,52,0.411903860525609,0.4095000320054,100.587015465771,Mid-trophic species,1,1.11078270938341
Mid-trophic species,Base,53,0.414866985042566,0.4095000320054,101.310611139853,Mid-trophic species,1,1.14564185767435
Mid-trophic species,Base,54,0.403513636837302,0.4095000320054,98.5381209523278,Mid-trophic species,1,1.11394998210296
Mid-trophic species,Base,55,0.419971328914021,0.4095000320054,102.557093062323,Mid-trophic species,1,1.10616188085359
Mid-trophic species,Base,56,0.412208346427883,0.4095000320054,100.661370991651,Mid-trophic species,1,1.14316602903884
Mid-trophic species,Base,57,0.408150537068678,0.4095000320054,99.670453032662,Mid-trophic species,1,1.1284239603458
Mid-trophic species,Base,58,0.408244121681031,0.4095000320054,99.6933064160659,Mid-trophic species,1,1.11954089545924
Mid-trophic species,Base,59,0.408928824006375,0.4095000320054,99.8605108780511,Mid-trophic species,1,1.11608101898152
Mid-trophic species,Base,60,0.413386832586482,0.4095000320054,100.949157576874,Mid-trophic species,1,1.11969630438089
Mid-trophic species,Base,61,0.401552234552064,0.4095000320054,98.0591460727332,Mid-trophic species,1,1.11181747695152
Mid-trophic species,Base,62,0.404443971341825,0.4095000320054,98.7653088477639,Mid-trophic species,1,1.10295519348234
Mid-trophic species,Base,63,0.41697514416045,0.4095000320054,101.825424071017,Mid-trophic species,1,1.1157636670405
Mid-trophic species,Base,64,0.403679418096005,0.4095000320054,98.5786047730227,Mid-trophic species,1,1.14251975742169
Mid-trophic species,Base,65,0.408593391076561,0.4095000320054,99.7785980810799,Mid-trophic species,1,1.12593920098618
Mid-trophic species,Base,66,0.409485851990609,0.4095000320054,99.996537237196,Mid-trophic species,1,1.1369168333374
Mid-trophic species,Base,67,0.408267306870477,0.4095000320054,99.6989682445478,Mid-trophic species,1,1.10153899706155
Mid-trophic species,Base,68,0.412272659932382,0.4095000320054,100.677076363927,Mid-trophic species,1,1.11016404600814
Mid-trophic species,Base,69,0.420292895107222,0.4095000320054,102.635619599092,Mid-trophic species,1,1.13907493621111
Mid-trophic species,Base,70,0.419593973896773,0.4095000320054,102.464942882163,Mid-trophic species,1,1.13481592170149
Mid-trophic species,Base,71,0.401206926491349,0.4095000320054,97.9748217665727,Mid-trophic species,1,1.11429568737838
Mid-trophic species,Base,72,0.405454585375423,0.4095000320054,99.012101022272,Mid-trophic species,1,1.14244393312372
Mid-trophic species,Base,73,0.413320243079656,0.4095000320054,100.932896404317,Mid-trophic species,1,1.115291623611
Mid-trophic species,Base,74,0.413481979688916,0.4095000320054,100.972392520708,Mid-trophic species,1,1.15733852295671
Mid-trophic species,Base,75,0.400235642920053,0.4095000320054,97.7376340998127,Mid-trophic species,1,1.13363303434476
Mid-trophic species,Base,76,0.414207453826296,0.4095000320054,101.149553468371,Mid-trophic species,1,1.11952675789036
Mid-trophic species,Base,77,0.403154182894948,0.4095000320054,98.4503422186867,Mid-trophic species,1,1.09765985258576
Mid-trophic species,Base,78,0.402180488120053,0.4095000320054,98.212565735465,Mid-trophic species,1,1.10181918816827
Mid-trophic species,Base,79,0.404343728563122,0.4095000320054,98.7408295386386,Mid-trophic species,1,1.09782666605711
Mid-trophic species,Base,80,0.403673323554418,0.4095000320054,98.5771164845953,Mid-trophic species,1,1.13791739446018
Mid-trophic species,Base,81,0.416163490759921,0.4095000320054,101.627218127894,Mid-trophic species,1,1.09835127822496
Mid-trophic species,Base,82,0.417248174414788,0.4095000320054,101.89209812059,Mid-trophic species,1,1.1220114348419
Mid-trophic species,Base,83,0.412887058922884,0.4095000320054,100.827112735717,Mid-trophic species,1,1.15247951096855
Mid-trophic species,Base,84,0.409375644473823,0.4095000320054,99.9696245367876,Mid-trophic species,1,1.13263584815338
Mid-trophic species,Base,85,0.410113576322382,0.4095000320054,100.149827660325,Mid-trophic species,1,1.14067959186342
Mid-trophic species,Base,86,0.404262569678756,0.4095000320054,98.7210105208063,Mid-trophic species,1,1.14190611113887
Mid-trophic species,Base,87,0.414619972851244,0.4095000320054,101.250290707127,Mid-trophic species,1,1.1458365816772
Mid-trophic species,Base,88,0.41482235084926,0.4095000320054,101.2997114598,Mid-trophic species,1,1.10691350834072
Mid-trophic species,Base,89,0.420927038420556,0.4095000320054,102.790477538963,Mid-trophic species,1,1.13237732378487
Mid-trophic species,Base,90,0.417454712793624,0.4095000320054,101.942534839196,Mid-trophic species,1,1.13161272727698
Mid-trophic species,Base,91,0.407590171764974,0.4095000320054,99.5336116993514,Mid-trophic species,1,1.12362128063571
Mid-trophic species,Base,92,0.409827846055185,0.4095000320054,100.080052264753,Mid-trophic species,1,1.12784159699269
Mid-trophic species,Base,93,0.397875820393519,0.4095000320054,97.1613649076033,Mid-trophic species,1,1.14322025885806
Mid-trophic species,Base,94,0.410117690984154,0.4095000320054,100.150832461655,Mid-trophic species,1,1.13293563927338
Mid-trophic species,Base,95,0.405463072307883,0.4095000320054,99.0141735330893,Mid-trophic species,1,1.1217871078942
Mid-trophic species,Base,96,0.406634253799047,0.4095000320054,99.3001763168812,Mid-trophic species,1,1.1028993931124
Mid-trophic species,Base,97,0.41127654387537,0.4095000320054,100.433824598565,Mid-trophic species,1,1.11089392039087
Mid-trophic species,Base,98,0.407517170310767,0.4095000320054,99.5157847278003,Mid-trophic species,1,1.11970731873903
Mid-trophic species,Base,99,0.414094137362514,0.4095000320054,101.121881562406,Mid-trophic species,1,1.14927297261264
Mid-trophic species,Base,100,0.408776141296032,0.4095000320054,99.8232257258142,Mid-trophic species,1,1.12538838224206
Mid-trophic species,SSP1-2.6,1,0.478197828437193,0.4095000320054,116.776017353495,Mid-trophic species,2,2.1048361982042
Mid-trophic species,SSP1-2.6,2,0.477868099102303,0.4095000320054,116.695497375688,Mid-trophic species,2,2.1408208591789
Mid-trophic species,SSP1-2.6,3,0.471911784862513,0.4095000320054,115.24096409748,Mid-trophic species,2,2.13520760796126
Mid-trophic species,SSP1-2.6,4,0.469626996034255,0.4095000320054,114.683018151281,Mid-trophic species,2,2.14293893083651
Mid-trophic species,SSP1-2.6,5,0.470150333554066,0.4095000320054,114.81081729143,Mid-trophic species,2,2.15158101301827
Mid-trophic species,SSP1-2.6,6,0.460426133450362,0.4095000320054,112.43616543705,Mid-trophic species,2,2.11488890255336
Mid-trophic species,SSP1-2.6,7,0.471716407898902,0.4095000320054,115.193252998984,Mid-trophic species,2,2.14326859368943
Mid-trophic species,SSP1-2.6,8,0.477602055000617,0.4095000320054,116.630529346166,Mid-trophic species,2,2.09996952562127
Mid-trophic species,SSP1-2.6,9,0.471008596858339,0.4095000320054,115.02040538354,Mid-trophic species,2,2.12159512742329
Mid-trophic species,SSP1-2.6,10,0.471378431330149,0.4095000320054,115.110719044811,Mid-trophic species,2,2.13449483989645
Mid-trophic species,SSP1-2.6,11,0.472514453570781,0.4095000320054,115.388135931709,Mid-trophic species,2,2.10391094251722
Mid-trophic species,SSP1-2.6,12,0.478679828884177,0.4095000320054,116.893721971153,Mid-trophic species,2,2.14364688204229
Mid-trophic species,SSP1-2.6,13,0.47163551585876,0.4095000320054,115.173499144572,Mid-trophic species,2,2.09299661285337
Mid-trophic species,SSP1-2.6,14,0.4757707705864,0.4095000320054,116.183329279966,Mid-trophic species,2,2.10419450182654
Mid-trophic species,SSP1-2.6,15,0.475694696378582,0.4095000320054,116.164751941291,Mid-trophic species,2,2.12927888983395
Mid-trophic species,SSP1-2.6,16,0.47436417639464,0.4095000320054,115.839838661694,Mid-trophic species,2,2.12804224772751
Mid-trophic species,SSP1-2.6,17,0.476495541530356,0.4095000320054,116.360318507636,Mid-trophic species,2,2.10746088329796
Mid-trophic species,SSP1-2.6,18,0.47172703693011,0.4095000320054,115.195848610798,Mid-trophic species,2,2.10664581576083
Mid-trophic species,SSP1-2.6,19,0.482651112536116,0.4095000320054,117.86351033295,Mid-trophic species,2,2.13867069599498
Mid-trophic species,SSP1-2.6,20,0.469217239377376,0.4095000320054,114.582955483429,Mid-trophic species,2,2.11352233481035
Mid-trophic species,SSP1-2.6,21,0.479184032288311,0.4095000320054,117.016848555947,Mid-trophic species,2,2.10922985079419
Mid-trophic species,SSP1-2.6,22,0.469426427771429,0.4095000320054,114.634039336348,Mid-trophic species,2,2.12361860124115
Mid-trophic species,SSP1-2.6,23,0.478706880891211,0.4095000320054,116.900328077361,Mid-trophic species,2,2.14709169494081
Mid-trophic species,SSP1-2.6,24,0.471153958806408,0.4095000320054,115.055902803982,Mid-trophic species,2,2.13807457533758
Mid-trophic species,SSP1-2.6,25,0.472493686157388,0.4095000320054,115.383064524683,Mid-trophic species,2,2.09437162762228
Mid-trophic species,SSP1-2.6,26,0.470138289279375,0.4095000320054,114.807876076839,Mid-trophic species,2,2.12916237405781
Mid-trophic species,SSP1-2.6,27,0.471029595010484,0.4095000320054,115.025533137021,Mid-trophic species,2,2.14932645319123
Mid-trophic species,SSP1-2.6,28,0.474791205082216,0.4095000320054,115.94411916333,Mid-trophic species,2,2.14645666579623
Mid-trophic species,SSP1-2.6,29,0.473079845496296,0.4095000320054,115.526204767197,Mid-trophic species,2,2.10524769979902
Mid-trophic species,SSP1-2.6,30,0.471559356920018,0.4095000320054,115.154901114586,Mid-trophic species,2,2.13242432221212
Mid-trophic species,SSP1-2.6,31,0.47644456316605,0.4095000320054,116.347869579597,Mid-trophic species,2,2.12747723873984
Mid-trophic species,SSP1-2.6,32,0.460461178425729,0.4095000320054,112.444723427923,Mid-trophic species,2,2.15304314412922
Mid-trophic species,SSP1-2.6,33,0.469130415386576,0.4095000320054,114.561753045331,Mid-trophic species,2,2.12678283252474
Mid-trophic species,SSP1-2.6,34,0.466354499856438,0.4095000320054,113.883873847973,Mid-trophic species,2,2.13392949532345
Mid-trophic species,SSP1-2.6,35,0.47207815892529,0.4095000320054,115.281592681063,Mid-trophic species,2,2.13804098518752
Mid-trophic species,SSP1-2.6,36,0.477264780409456,0.4095000320054,116.548166815079,Mid-trophic species,2,2.11450213265978
Mid-trophic species,SSP1-2.6,37,0.480753648229404,0.4095000320054,117.400149122104,Mid-trophic species,2,2.13818054091651
Mid-trophic species,SSP1-2.6,38,0.472260745958839,0.4095000320054,115.326180475759,Mid-trophic species,2,2.12128931921534
Mid-trophic species,SSP1-2.6,39,0.468092995396679,0.4095000320054,114.30841485026,Mid-trophic species,2,2.10066999637429
Mid-trophic species,SSP1-2.6,40,0.472707899598874,0.4095000320054,115.435375495316,Mid-trophic species,2,2.13658588262275
Mid-trophic species,SSP1-2.6,41,0.465238675299549,0.4095000320054,113.611389239993,Mid-trophic species,2,2.15370847268961
Mid-trophic species,SSP1-2.6,42,0.479191264101382,0.4095000320054,117.018614566326,Mid-trophic species,2,2.1184522972405
Mid-trophic species,SSP1-2.6,43,0.468646677047795,0.4095000320054,114.443624034104,Mid-trophic species,2,2.12187902896758
Mid-trophic species,SSP1-2.6,44,0.47565578085293,0.4095000320054,116.155248761167,Mid-trophic species,2,2.13650317342672
Mid-trophic species,SSP1-2.6,45,0.476199053243681,0.4095000320054,116.287916001287,Mid-trophic species,2,2.13382668927498
Mid-trophic species,SSP1-2.6,46,0.470917386002842,0.4095000320054,114.998131672095,Mid-trophic species,2,2.09167961259559
Mid-trophic species,SSP1-2.6,47,0.47054759400876,0.4095000320054,114.907828383895,Mid-trophic species,2,2.12696259820275
Mid-trophic species,SSP1-2.6,48,0.476150031978346,0.4095000320054,116.275944997256,Mid-trophic species,2,2.13659269408975
Mid-trophic species,SSP1-2.6,49,0.483726035200274,0.4095000320054,118.126006689517,Mid-trophic species,2,2.12758729101531
Mid-trophic species,SSP1-2.6,50,0.465315977346296,0.4095000320054,113.63026641721,Mid-trophic species,2,2.14140344616584
Mid-trophic species,SSP1-2.6,51,0.474705091642397,0.4095000320054,115.923090241941,Mid-trophic species,2,2.15271512587555
Mid-trophic species,SSP1-2.6,52,0.471323056079523,0.4095000320054,115.097196396143,Mid-trophic species,2,2.15797626289167
Mid-trophic species,SSP1-2.6,53,0.483429717369921,0.4095000320054,118.05364580864,Mid-trophic species,2,2.15586600429565
Mid-trophic species,SSP1-2.6,54,0.467042770542926,0.4095000320054,114.051949704553,Mid-trophic species,2,2.14934970303532
Mid-trophic species,SSP1-2.6,55,0.471730082227543,0.4095000320054,115.196592273117,Mid-trophic species,2,2.10098473638296
Mid-trophic species,SSP1-2.6,56,0.473035962628983,0.4095000320054,115.515488561121,Mid-trophic species,2,2.10671126824617
Mid-trophic species,SSP1-2.6,57,0.479551666723428,0.4095000320054,117.106624967762,Mid-trophic species,2,2.10171110163815
Mid-trophic species,SSP1-2.6,58,0.472019824346129,0.4095000320054,115.267347363701,Mid-trophic species,2,2.14907671873271
Mid-trophic species,SSP1-2.6,59,0.465422227721458,0.4095000320054,113.656212782743,Mid-trophic species,2,2.13746660091542
Mid-trophic species,SSP1-2.6,60,0.475849169558838,0.4095000320054,116.202474326684,Mid-trophic species,2,2.15566476457659
Mid-trophic species,SSP1-2.6,61,0.466497230694885,0.4095000320054,113.918728750852,Mid-trophic species,2,2.09724346011505
Mid-trophic species,SSP1-2.6,62,0.472544463288184,0.4095000320054,115.395464311454,Mid-trophic species,2,2.13007590609137
Mid-trophic species,SSP1-2.6,63,0.481776503844357,0.4095000320054,117.649930693535,Mid-trophic species,2,2.10495051513333
Mid-trophic species,SSP1-2.6,64,0.477737513175592,0.4095000320054,116.663608262988,Mid-trophic species,2,2.12819309333153
Mid-trophic species,SSP1-2.6,65,0.468512462535733,0.4095000320054,114.410848820045,Mid-trophic species,2,2.11161049767211
Mid-trophic species,SSP1-2.6,66,0.468145851795993,0.4095000320054,114.321322394871,Mid-trophic species,2,2.13344781841338
Mid-trophic species,SSP1-2.6,67,0.47578837536166,0.4095000320054,116.187628370047,Mid-trophic species,2,2.11157906932104
Mid-trophic species,SSP1-2.6,68,0.484515950165296,0.4095000320054,118.318904101797,Mid-trophic species,2,2.15256429243088
Mid-trophic species,SSP1-2.6,69,0.471331097314012,0.4095000320054,115.099160067415,Mid-trophic species,2,2.12093165251426
Mid-trophic species,SSP1-2.6,70,0.469631019562581,0.4095000320054,114.684000697804,Mid-trophic species,2,2.09547983413469
Mid-trophic species,SSP1-2.6,71,0.466007881522094,0.4095000320054,113.799229572697,Mid-trophic species,2,2.15808255134244
Mid-trophic species,SSP1-2.6,72,0.474194751638703,0.4095000320054,115.798465098154,Mid-trophic species,2,2.09521883537062
Mid-trophic species,SSP1-2.6,73,0.468965416784646,0.4095000320054,114.521460349596,Mid-trophic species,2,2.1437743774401
Mid-trophic species,SSP1-2.6,74,0.471915390469342,0.4095000320054,115.241844587479,Mid-trophic species,2,2.12773400214035
Mid-trophic species,SSP1-2.6,75,0.464694892991936,0.4095000320054,113.47859747806,Mid-trophic species,2,2.12990210389253
Mid-trophic species,SSP1-2.6,76,0.471124326775573,0.4095000320054,115.048666655381,Mid-trophic species,2,2.11765030733496
Mid-trophic species,SSP1-2.6,77,0.476273932241348,0.4095000320054,116.306201469373,Mid-trophic species,2,2.12030042753555
Mid-trophic species,SSP1-2.6,78,0.473046391809592,0.4095000320054,115.518035369373,Mid-trophic species,2,2.10049055700377
Mid-trophic species,SSP1-2.6,79,0.482361660269911,0.4095000320054,117.792826024382,Mid-trophic species,2,2.14819666511938
Mid-trophic species,SSP1-2.6,80,0.475558997279551,0.4095000320054,116.13161419076,Mid-trophic species,2,2.1163960335413
Mid-trophic species,SSP1-2.6,81,0.471737459952606,0.4095000320054,115.198393915238,Mid-trophic species,2,2.13467238348536
Mid-trophic species,SSP1-2.6,82,0.475273791699384,0.4095000320054,116.06196692388,Mid-trophic species,2,2.09812669138704
Mid-trophic species,SSP1-2.6,83,0.466536826537566,0.4095000320054,113.928398064549,Mid-trophic species,2,2.09315661481023
Mid-trophic species,SSP1-2.6,84,0.475726900259358,0.4095000320054,116.172616136226,Mid-trophic species,2,2.09716661682259
Mid-trophic species,SSP1-2.6,85,0.474787425435431,0.4095000320054,115.943196172734,Mid-trophic species,2,2.11179965844098
Mid-trophic species,SSP1-2.6,86,0.47159826839706,0.4095000320054,115.16440330604,Mid-trophic species,2,2.09586898192484
Mid-trophic species,SSP1-2.6,87,0.474246691412473,0.4095000320054,115.811148802601,Mid-trophic species,2,2.15894082281459
Mid-trophic species,SSP1-2.6,88,0.470044957691632,0.4095000320054,114.785084482102,Mid-trophic species,2,2.10714429234527
Mid-trophic species,SSP1-2.6,89,0.4690491015607,0.4095000320054,114.541896190747,Mid-trophic species,2,2.11633354228456
Mid-trophic species,SSP1-2.6,90,0.473119146954027,0.4095000320054,115.535802192022,Mid-trophic species,2,2.15427157959435
Mid-trophic species,SSP1-2.6,91,0.46537862054325,0.4095000320054,113.645563900008,Mid-trophic species,2,2.09706295073777
Mid-trophic species,SSP1-2.6,92,0.467266130985597,0.4095000320054,114.106494374935,Mid-trophic species,2,2.15577464988269
Mid-trophic species,SSP1-2.6,93,0.472335659867618,0.4095000320054,115.344474469147,Mid-trophic species,2,2.12751182627305
Mid-trophic species,SSP1-2.6,94,0.470104770000215,0.4095000320054,114.799690661322,Mid-trophic species,2,2.1449629052775
Mid-trophic species,SSP1-2.6,95,0.472376581763532,0.4095000320054,115.354467605341,Mid-trophic species,2,2.10689297508169
Mid-trophic species,SSP1-2.6,96,0.482157102115266,0.4095000320054,117.742872876969,Mid-trophic species,2,2.10062289975397
Mid-trophic species,SSP1-2.6,97,0.475677906407035,0.4095000320054,116.16065182646,Mid-trophic species,2,2.12416477562115
Mid-trophic species,SSP1-2.6,98,0.466468334228248,0.4095000320054,113.911672227195,Mid-trophic species,2,2.11702576842997
Mid-trophic species,SSP1-2.6,99,0.472145278402724,0.4095000320054,115.297983272563,Mid-trophic species,2,2.15090232372563
Mid-trophic species,SSP1-2.6,100,0.476878657267685,0.4095000320054,116.453875456937,Mid-trophic species,2,2.14925805103499
Mid-trophic species,SSP5-8.5,1,0.568378777986303,0.4095000320054,138.798225534402,Mid-trophic species,3,3.0924940996347
Mid-trophic species,SSP5-8.5,2,0.563008414409593,0.4095000320054,137.486781540024,Mid-trophic species,3,3.1367398056183
Mid-trophic species,SSP5-8.5,3,0.563453941192368,0.4095000320054,137.595579280672,Mid-trophic species,3,3.09527726303041
Mid-trophic species,SSP5-8.5,4,0.558139437628953,0.4095000320054,136.297776314116,Mid-trophic species,3,3.09609534793813
Mid-trophic species,SSP5-8.5,5,0.566082323773369,0.4095000320054,138.237430898639,Mid-trophic species,3,3.09597388156597
Mid-trophic species,SSP5-8.5,6,0.553412653866334,0.4095000320054,135.143494655218,Mid-trophic species,3,3.15119983316306
Mid-trophic species,SSP5-8.5,7,0.561741472991026,0.4095000320054,137.177394160403,Mid-trophic species,3,3.0925708109634
Mid-trophic species,SSP5-8.5,8,0.559199423200832,0.4095000320054,136.556625029387,Mid-trophic species,3,3.12563409556635
Mid-trophic species,SSP5-8.5,9,0.574828812451332,0.4095000320054,140.373325402757,Mid-trophic species,3,3.1188075483162
Mid-trophic species,SSP5-8.5,10,0.56393392023881,0.4095000320054,137.712790271864,Mid-trophic species,3,3.12730201530643
Mid-trophic species,SSP5-8.5,11,0.559531338724986,0.4095000320054,136.637678875104,Mid-trophic species,3,3.12351887812559
Mid-trophic species,SSP5-8.5,12,0.572547846464188,0.4095000320054,139.816312995218,Mid-trophic species,3,3.09918590125442
Mid-trophic species,SSP5-8.5,13,0.556263124868695,0.4095000320054,135.839580315676,Mid-trophic species,3,3.13649298649002
Mid-trophic species,SSP5-8.5,14,0.564503772007036,0.4095000320054,137.851948201946,Mid-trophic species,3,3.11080340563785
Mid-trophic species,SSP5-8.5,15,0.571110633093278,0.4095000320054,139.465345166505,Mid-trophic species,3,3.12132813907228
Mid-trophic species,SSP5-8.5,16,0.564869490154164,0.4095000320054,137.941256655803,Mid-trophic species,3,3.13335243355669
Mid-trophic species,SSP5-8.5,17,0.563592602485431,0.4095000320054,137.629440399653,Mid-trophic species,3,3.12981086132023
Mid-trophic species,SSP5-8.5,18,0.555134068792392,0.4095000320054,135.563864567676,Mid-trophic species,3,3.14544437837601
Mid-trophic species,SSP5-8.5,19,0.571697439675005,0.4095000320054,139.608643465861,Mid-trophic species,3,3.1362554929005
Mid-trophic species,SSP5-8.5,20,0.568648096103234,0.4095000320054,138.863993079184,Mid-trophic species,3,3.1289949719822
Mid-trophic species,SSP5-8.5,21,0.568509453707662,0.4095000320054,138.830136574975,Mid-trophic species,3,3.11919380379654
Mid-trophic species,SSP5-8.5,22,0.564354487446689,0.4095000320054,137.815492878703,Mid-trophic species,3,3.13763925771322
Mid-trophic species,SSP5-8.5,23,0.570900578767431,0.4095000320054,139.414049852847,Mid-trophic species,3,3.09923529404402
Mid-trophic species,SSP5-8.5,24,0.557727087563717,0.4095000320054,136.197080335359,Mid-trophic species,3,3.1587112253122
Mid-trophic species,SSP5-8.5,25,0.569372738607995,0.4095000320054,139.040950941974,Mid-trophic species,3,3.1099345855359
Mid-trophic species,SSP5-8.5,26,0.562968049585078,0.4095000320054,137.476924440791,Mid-trophic species,3,3.14081248066016
Mid-trophic species,SSP5-8.5,27,0.572784223721683,0.4095000320054,139.87403637471,Mid-trophic species,3,3.11474584520143
Mid-trophic species,SSP5-8.5,28,0.562150432314325,0.4095000320054,137.277262119216,Mid-trophic species,3,3.1537931021126
Mid-trophic species,SSP5-8.5,29,0.559561467361925,0.4095000320054,136.645036295027,Mid-trophic species,3,3.1441395285679
Mid-trophic species,SSP5-8.5,30,0.565011461058054,0.4095000320054,137.975925982493,Mid-trophic species,3,3.1023210374359
Mid-trophic species,SSP5-8.5,31,0.570015709555517,0.4095000320054,139.1979645921,Mid-trophic species,3,3.11587868037727
Mid-trophic species,SSP5-8.5,32,0.566741018520527,0.4095000320054,138.398284304176,Mid-trophic species,3,3.15802438482363
Mid-trophic species,SSP5-8.5,33,0.564609188805702,0.4095000320054,137.877691007911,Mid-trophic species,3,3.14635843364149
Mid-trophic species,SSP5-8.5,34,0.56718803797717,0.4095000320054,138.507446556119,Mid-trophic species,3,3.1515671390444
Mid-trophic species,SSP5-8.5,35,0.562558877207045,0.4095000320054,137.377004453965,Mid-trophic species,3,3.10387732314039
Mid-trophic species,SSP5-8.5,36,0.576809897511758,0.4095000320054,140.857106820483,Mid-trophic species,3,3.14481598453037
Mid-trophic species,SSP5-8.5,37,0.559872325832874,0.4095000320054,136.720948003611,Mid-trophic species,3,3.11423142950144
Mid-trophic species,SSP5-8.5,38,0.565191408589683,0.4095000320054,138.019869210225,Mid-trophic species,3,3.09983362710103
Mid-trophic species,SSP5-8.5,39,0.556425767912845,0.4095000320054,135.879297783671,Mid-trophic species,3,3.13893903954327
Mid-trophic species,SSP5-8.5,40,0.563409599565825,0.4095000320054,137.584751045488,Mid-trophic species,3,3.09512964915298
Mid-trophic species,SSP5-8.5,41,0.564865193381089,0.4095000320054,137.940207382851,Mid-trophic species,3,3.12503728830162
Mid-trophic species,SSP5-8.5,42,0.57297151544562,0.4095000320054,139.919773055858,Mid-trophic species,3,3.11211180836614
Mid-trophic species,SSP5-8.5,43,0.568703153119283,0.4095000320054,138.877438014897,Mid-trophic species,3,3.12659407967981
Mid-trophic species,SSP5-8.5,44,0.558314852137326,0.4095000320054,136.340612576549,Mid-trophic species,3,3.10665069762804
Mid-trophic species,SSP5-8.5,45,0.563329876452754,0.4095000320054,137.56528264333,Mid-trophic species,3,3.09198752150498
Mid-trophic species,SSP5-8.5,46,0.569275427241917,0.4095000320054,139.017187484471,Mid-trophic species,3,3.11176046949718
Mid-trophic species,SSP5-8.5,47,0.56600577790146,0.4095000320054,138.218738379487,Mid-trophic species,3,3.15104802958295
Mid-trophic species,SSP5-8.5,48,0.569616933981144,0.4095000320054,139.100583507069,Mid-trophic species,3,3.15178002694342
Mid-trophic species,SSP5-8.5,49,0.572053878367225,0.4095000320054,139.69568587474,Mid-trophic species,3,3.11404049946833
Mid-trophic species,SSP5-8.5,50,0.568385846941143,0.4095000320054,138.799951774765,Mid-trophic species,3,3.1264625755921
Mid-trophic species,SSP5-8.5,51,0.554297329418696,0.4095000320054,135.359532624258,Mid-trophic species,3,3.13773954593763
Mid-trophic species,SSP5-8.5,52,0.572600116247943,0.4095000320054,139.829077288178,Mid-trophic species,3,3.15044368079957
Mid-trophic species,SSP5-8.5,53,0.557826393194228,0.4095000320054,136.221330792685,Mid-trophic species,3,3.1097561738519
Mid-trophic species,SSP5-8.5,54,0.55631539124032,0.4095000320054,135.852343775393,Mid-trophic species,3,3.11195222893078
Mid-trophic species,SSP5-8.5,55,0.565246458703194,0.4095000320054,138.033312460337,Mid-trophic species,3,3.11370064529311
Mid-trophic species,SSP5-8.5,56,0.567969710877346,0.4095000320054,138.698331254308,Mid-trophic species,3,3.10652513091173
Mid-trophic species,SSP5-8.5,57,0.577028852027984,0.4095000320054,140.910575562635,Mid-trophic species,3,3.15316084647086
Mid-trophic species,SSP5-8.5,58,0.552760896331492,0.4095000320054,134.98433531849,Mid-trophic species,3,3.1303031048933
Mid-trophic species,SSP5-8.5,59,0.560559432495688,0.4095000320054,136.888739605348,Mid-trophic species,3,3.09151808457729
Mid-trophic species,SSP5-8.5,60,0.552218112502136,0.4095000320054,134.851787385173,Mid-trophic species,3,3.14562901969906
Mid-trophic species,SSP5-8.5,61,0.559184682828023,0.4095000320054,136.553025427028,Mid-trophic species,3,3.15479064776469
Mid-trophic species,SSP5-8.5,62,0.565881580960925,0.4095000320054,138.18840945865,Mid-trophic species,3,3.11128314485773
Mid-trophic species,SSP5-8.5,63,0.563774698799746,0.4095000320054,137.673908360601,Mid-trophic species,3,3.09459476683289
Mid-trophic species,SSP5-8.5,64,0.567881952945267,0.4095000320054,138.676900747538,Mid-trophic species,3,3.12194967314601
Mid-trophic species,SSP5-8.5,65,0.563745893927602,0.4095000320054,137.666874204339,Mid-trophic species,3,3.10496554946993
Mid-trophic species,SSP5-8.5,66,0.56600478830098,0.4095000320054,138.218496718827,Mid-trophic species,3,3.12381321112346
Mid-trophic species,SSP5-8.5,67,0.563011260877181,0.4095000320054,137.48747664805,Mid-trophic species,3,3.13830079086311
Mid-trophic species,SSP5-8.5,68,0.559221310506437,0.4095000320054,136.561969914342,Mid-trophic species,3,3.09815889803134
Mid-trophic species,SSP5-8.5,69,0.558159004102567,0.4095000320054,136.302554451377,Mid-trophic species,3,3.12030125798099
Mid-trophic species,SSP5-8.5,70,0.554923824024368,0.4095000320054,135.512522747996,Mid-trophic species,3,3.12721938332543
Mid-trophic species,SSP5-8.5,71,0.559119738377052,0.4095000320054,136.537165977481,Mid-trophic species,3,3.11964145400748
Mid-trophic species,SSP5-8.5,72,0.559235353008152,0.4095000320054,136.565399096422,Mid-trophic species,3,3.14799759204406
Mid-trophic species,SSP5-8.5,73,0.563008161446689,0.4095000320054,137.486719766426,Mid-trophic species,3,3.15397704625223
Mid-trophic species,SSP5-8.5,74,0.55784724912767,0.4095000320054,136.226423816327,Mid-trophic species,3,3.10149829947203
Mid-trophic species,SSP5-8.5,75,0.56727634278979,0.4095000320054,138.52901061124,Mid-trophic species,3,3.12550713815633
Mid-trophic species,SSP5-8.5,76,0.559647257377093,0.4095000320054,136.665986236043,Mid-trophic species,3,3.121442510386
Mid-trophic species,SSP5-8.5,77,0.553916939531844,0.4095000320054,135.266641328258,Mid-trophic species,3,3.11073819415458
Mid-trophic species,SSP5-8.5,78,0.56880380709999,0.4095000320054,138.902017739644,Mid-trophic species,3,3.13594889363833
Mid-trophic species,SSP5-8.5,79,0.558651435027122,0.4095000320054,136.422806194007,Mid-trophic species,3,3.13784258138295
Mid-trophic species,SSP5-8.5,80,0.566203595949128,0.4095000320054,138.267045591259,Mid-trophic species,3,3.13638133874349
Mid-trophic species,SSP5-8.5,81,0.55990489863933,0.4095000320054,136.72890229028,Mid-trophic species,3,3.14980085721239
Mid-trophic species,SSP5-8.5,82,0.557397213223418,0.4095000320054,136.116524947199,Mid-trophic species,3,3.15107412596513
Mid-trophic species,SSP5-8.5,83,0.56770648192859,0.4095000320054,138.634050685765,Mid-trophic species,3,3.15169004055206
Mid-trophic species,SSP5-8.5,84,0.570654594462248,0.4095000320054,139.353980430146,Mid-trophic species,3,3.12305467343796
Mid-trophic species,SSP5-8.5,85,0.560876627787449,0.4095000320054,136.966198767001,Mid-trophic species,3,3.12943537126388
Mid-trophic species,SSP5-8.5,86,0.570112786237419,0.4095000320054,139.221670739674,Mid-trophic species,3,3.1125106778238
Mid-trophic species,SSP5-8.5,87,0.571150067319077,0.4095000320054,139.474975013322,Mid-trophic species,3,3.14263906020578
Mid-trophic species,SSP5-8.5,88,0.573359685390722,0.4095000320054,140.014564243834,Mid-trophic species,3,3.13657116694655
Mid-trophic species,SSP5-8.5,89,0.574113271148463,0.4095000320054,140.198590055517,Mid-trophic species,3,3.15321387826186
Mid-trophic species,SSP5-8.5,90,0.555600123591682,0.4095000320054,135.677675254579,Mid-trophic species,3,3.1018449097639
Mid-trophic species,SSP5-8.5,91,0.569814950029435,0.4095000320054,139.148939070637,Mid-trophic species,3,3.1372799891606
Mid-trophic species,SSP5-8.5,92,0.56916107413396,0.4095000320054,138.989262429766,Mid-trophic species,3,3.13512922883872
Mid-trophic species,SSP5-8.5,93,0.574440083577248,0.4095000320054,140.278397724197,Mid-trophic species,3,3.15687099974882
Mid-trophic species,SSP5-8.5,94,0.563579796636831,0.4095000320054,137.626313208542,Mid-trophic species,3,3.09979696291592
Mid-trophic species,SSP5-8.5,95,0.571698561537105,0.4095000320054,139.608917424838,Mid-trophic species,3,3.10402814851049
Mid-trophic species,SSP5-8.5,96,0.571733845097256,0.4095000320054,139.61753367817,Mid-trophic species,3,3.13667169150244
Mid-trophic species,SSP5-8.5,97,0.562751372133598,0.4095000320054,137.424011758362,Mid-trophic species,3,3.14210275120474
Mid-trophic species,SSP5-8.5,98,0.566955771556594,0.4095000320054,138.450727043928,Mid-trophic species,3,3.10942395490781
Mid-trophic species,SSP5-8.5,99,0.578663311237312,0.4095000320054,141.309710869493,Mid-trophic species,3,3.14382871594932
Mid-trophic species,SSP5-8.5,100,0.563816389827102,0.4095000320054,137.684089318867,Mid-trophic species,3,3.10696883410029
Predator,Base,1,0.538141745078334,0.537433579695063,100.131767982133,Predator,1,1.10205759410467
Predator,Base,2,0.537631781447737,0.537433579695063,100.036879301957,Predator,1,1.14244751671143
Predator,Base,3,0.530196862075238,0.537433579695063,98.6534675365967,Predator,1,1.13435369618516
Predator,Base,4,0.533844602294406,0.537433579695063,99.3322007525668,Predator,1,1.15006821389031
Predator,Base,5,0.537883868592858,0.537433579695063,100.083785032199,Predator,1,1.12465153412521
Predator,Base,6,0.541324493375119,0.537433579695063,100.723980381402,Predator,1,1.14172090909258
Predator,Base,7,0.533012611021309,0.537433579695063,99.1773925484408,Predator,1,1.09172671195492
Predator,Base,8,0.532423813203094,0.537433579695063,99.0678352300185,Predator,1,1.14389108885825
Predator,Base,9,0.529819750975477,0.537433579695063,98.5832986610354,Predator,1,1.11789084642939
Predator,Base,10,0.536041880590713,0.537433579695063,99.7410472369183,Predator,1,1.10071674026269
Predator,Base,11,0.545336552287977,0.537433579695063,101.470502196271,Predator,1,1.10431670475751
Predator,Base,12,0.546096494401667,0.537433579695063,101.61190424899,Predator,1,1.15676608229615
Predator,Base,13,0.536125890211428,0.537433579695063,99.7566788654373,Predator,1,1.10658522836026
Predator,Base,14,0.524022665132858,0.537433579695063,97.5046377694126,Predator,1,1.12484614932723
Predator,Base,15,0.550595489376785,0.537433579695063,102.4490300158,Predator,1,1.14134720783774
Predator,Base,16,0.529533976361904,0.537433579695063,98.5301247202229,Predator,1,1.11573978103139
Predator,Base,17,0.522978339364762,0.537433579695063,97.3103205909644,Predator,1,1.14046602946892
Predator,Base,18,0.56571535515,0.537433579695063,105.262375951831,Predator,1,1.09895911745355
Predator,Base,19,0.536261416469476,0.537433579695063,99.7818961691505,Predator,1,1.10718748735078
Predator,Base,20,0.55440158977762,0.537433579695063,103.157229232343,Predator,1,1.12541117443237
Predator,Base,21,0.538815611397618,0.537433579695063,100.257153954418,Predator,1,1.15264107043017
Predator,Base,22,0.525422846948452,0.537433579695063,97.7651689063744,Predator,1,1.09963349947147
Predator,Base,23,0.532889674311667,0.537433579695063,99.1545177757642,Predator,1,1.1422525201207
Predator,Base,24,0.533012614535477,0.537433579695063,99.1773932023202,Predator,1,1.12570530778263
Predator,Base,25,0.526351899002382,0.537433579695063,97.938037161919,Predator,1,1.1395433148006
Predator,Base,26,0.536564130052381,0.537433579695063,99.8382219355972,Predator,1,1.15806485553365
Predator,Base,27,0.539827083611071,0.537433579695063,100.445358088225,Predator,1,1.15834055347648
Predator,Base,28,0.540473248217738,0.537433579695063,100.565589616563,Predator,1,1.12937295947038
Predator,Base,29,0.54181904205488,0.537433579695063,100.81600080931,Predator,1,1.14151916224323
Predator,Base,30,0.528614636729643,0.537433579695063,98.359063650168,Predator,1,1.12494529656786
Predator,Base,31,0.539544014570596,0.537433579695063,100.392687572059,Predator,1,1.13623106701951
Predator,Base,32,0.531799648064524,0.537433579695063,98.9516971318139,Predator,1,1.12232617439143
Predator,Base,33,0.532714059384048,0.537433579695063,99.1218411931587,Predator,1,1.10852840377856
Predator,Base,34,0.535006412703691,0.537433579695063,99.5483782400145,Predator,1,1.15295804573223
Predator,Base,35,0.53554048762238,0.537433579695063,99.6477532956246,Predator,1,1.14089972788934
Predator,Base,36,0.526345274212858,0.537433579695063,97.9368044906133,Predator,1,1.14260727345478
Predator,Base,37,0.536241147749525,0.537433579695063,99.7781247784676,Predator,1,1.13290227676276
Predator,Base,38,0.54043357797238,0.537433579695063,100.558208193656,Predator,1,1.13801413050853
Predator,Base,39,0.543160835335833,0.537433579695063,101.065667620549,Predator,1,1.10328377076518
Predator,Base,40,0.533041582285715,0.537433579695063,99.1827832172602,Predator,1,1.11890439791512
Predator,Base,41,0.529743280287143,0.537433579695063,98.5690697979305,Predator,1,1.11082363679726
Predator,Base,42,0.548931966865477,0.537433579695063,102.139499206011,Predator,1,1.15182794256229
Predator,Base,43,0.522745321223811,0.537433579695063,97.2669630208842,Predator,1,1.14439247043431
Predator,Base,44,0.534152838504762,0.537433579695063,99.3895541115682,Predator,1,1.10489473591559
Predator,Base,45,0.540476243591547,0.537433579695063,100.566146964284,Predator,1,1.10862925391365
Predator,Base,46,0.54378264764,0.537433579695063,101.181367928022,Predator,1,1.10163538976666
Predator,Base,47,0.531052265856428,0.537433579695063,98.8126320945082,Predator,1,1.12029163734056
Predator,Base,48,0.545770464630928,0.537433579695063,101.551240051021,Predator,1,1.11242634032015
Predator,Base,49,0.541840786213213,0.537433579695063,100.820046734082,Predator,1,1.09455875724182
Predator,Base,50,0.524734394304761,0.537433579695063,97.6370688639317,Predator,1,1.14889380742516
Predator,Base,51,0.53667653540831,0.537433579695063,99.859137144504,Predator,1,1.10717627568822
Predator,Base,52,0.527503563485356,0.537433579695063,98.152326801883,Predator,1,1.11490641801432
Predator,Base,53,0.550512648110476,0.537433579695063,102.433615782407,Predator,1,1.1111297663888
Predator,Base,54,0.529605783184882,0.537433579695063,98.5434857802108,Predator,1,1.15060225370061
Predator,Base,55,0.539384345422858,0.537433579695063,100.362978012818,Predator,1,1.14324422572367
Predator,Base,56,0.543010974336429,0.537433579695063,101.037783058612,Predator,1,1.13224416935071
Predator,Base,57,0.539937889324642,0.537433579695063,100.46597565247,Predator,1,1.13484950643685
Predator,Base,58,0.536629121195713,0.537433579695063,99.850314805449,Predator,1,1.12660283771902
Predator,Base,59,0.5461877870275,0.537433579695063,101.628891022665,Predator,1,1.14810794542171
Predator,Base,60,0.538395406409644,0.537433579695063,100.17896662042,Predator,1,1.15615975701716
Predator,Base,61,0.535818171938809,0.537433579695063,99.6994218788543,Predator,1,1.09418785371352
Predator,Base,62,0.540139201805501,0.537433579695063,100.50343376608,Predator,1,1.15316556945909
Predator,Base,63,0.551443821239287,0.537433579695063,102.606878705304,Predator,1,1.14515455944091
Predator,Base,64,0.535034065481904,0.537433579695063,99.5535235787611,Predator,1,1.13298210975062
Predator,Base,65,0.526219295636905,0.537433579695063,97.9133637193789,Predator,1,1.13930798206013
Predator,Base,66,0.541184349468096,0.537433579695063,100.697903874031,Predator,1,1.09607309213653
Predator,Base,67,0.541261953994882,0.537433579695063,100.712343709895,Predator,1,1.12351837237272
Predator,Base,68,0.528063146995237,0.537433579695063,98.2564482284225,Predator,1,1.11767843260244
Predator,Base,69,0.532819615534523,0.537433579695063,99.141481973799,Predator,1,1.11042035344895
Predator,Base,70,0.530267093272856,0.537433579695063,98.6665354207542,Predator,1,1.12842789834365
Predator,Base,71,0.533778843260001,0.537433579695063,99.3199650016035,Predator,1,1.12739037419762
Predator,Base,72,0.539539303824547,0.537433579695063,100.391811045875,Predator,1,1.12713765145279
Predator,Base,73,0.540438011137858,0.537433579695063,100.559033070561,Predator,1,1.09542591285892
Predator,Base,74,0.538285898696192,0.537433579695063,100.158590574413,Predator,1,1.13584779061098
Predator,Base,75,0.536988368867618,0.537433579695063,99.9171598418363,Predator,1,1.10766171518806
Predator,Base,76,0.53823366763881,0.537433579695063,100.148871967435,Predator,1,1.11914889509883
Predator,Base,77,0.541653649768332,0.537433579695063,100.785226348466,Predator,1,1.13816096623521
Predator,Base,78,0.53347119952738,0.537433579695063,99.262721884641,Predator,1,1.11662244298309
Predator,Base,79,0.529766010049404,0.537433579695063,98.5732991135371,Predator,1,1.12567277069855
Predator,Base,80,0.544981921075,0.537433579695063,101.40451614211,Predator,1,1.12142417947296
Predator,Base,81,0.535388623467501,0.537433579695063,99.6194960075398,Predator,1,1.11252409164235
Predator,Base,82,0.524114158703094,0.537433579695063,97.5216619327126,Predator,1,1.11260837157909
Predator,Base,83,0.53275887297738,0.537433579695063,99.1301796362753,Predator,1,1.11763607027475
Predator,Base,84,0.527466275575595,0.537433579695063,98.1453886589813,Predator,1,1.13714798330981
Predator,Base,85,0.543894919206191,0.537433579695063,101.202258242739,Predator,1,1.09560417470429
Predator,Base,86,0.52257262099381,0.537433579695063,97.234828774621,Predator,1,1.1241095698243
Predator,Base,87,0.545887961366191,0.537433579695063,101.573102610359,Predator,1,1.14660427611135
Predator,Base,88,0.542597164505238,0.537433579695063,100.960785668269,Predator,1,1.13571592527349
Predator,Base,89,0.540136821219405,0.537433579695063,100.502990811604,Predator,1,1.13370069645904
Predator,Base,90,0.54612728923619,0.537433579695063,101.617634228598,Predator,1,1.12339395976532
Predator,Base,91,0.533968063435238,0.537433579695063,99.3551731058951,Predator,1,1.0990469894167
Predator,Base,92,0.527788935988095,0.537433579695063,98.2054259221317,Predator,1,1.11574093297124
Predator,Base,93,0.54096016565738,0.537433579695063,100.656190103402,Predator,1,1.14778574440256
Predator,Base,94,0.545530750127142,0.537433579695063,101.506636492025,Predator,1,1.11299159673788
Predator,Base,95,0.539722996454166,0.537433579695063,100.425990642491,Predator,1,1.13627554235049
Predator,Base,96,0.551488486587618,0.537433579695063,102.615189564547,Predator,1,1.14546114640124
Predator,Base,97,0.562154236597382,0.537433579695063,104.599760386455,Predator,1,1.12039945650753
Predator,Base,98,0.550611928995475,0.537433579695063,102.452088927508,Predator,1,1.15532254928723
Predator,Base,99,0.544586176645714,0.537433579695063,101.330880172153,Predator,1,1.15182198319957
Predator,Base,100,0.536132665578809,0.537433579695063,99.7579395546903,Predator,1,1.09942208891734
Predator,SSP1-2.6,1,0.672967718521516,0.537433579695063,125.218770085664,Predator,2,2.13601450647507
Predator,SSP1-2.6,2,0.694670669563404,0.537433579695063,129.257027437243,Predator,2,2.10091068407241
Predator,SSP1-2.6,3,0.688238839288448,0.537433579695063,128.060259963464,Predator,2,2.13444880666491
Predator,SSP1-2.6,4,0.677289861433775,0.537433579695063,126.022989076728,Predator,2,2.14355188245326
Predator,SSP1-2.6,5,0.665229197497177,0.537433579695063,123.77886731131,Predator,2,2.13581987471227
Predator,SSP1-2.6,6,0.670922252235627,0.537433579695063,124.838171186904,Predator,2,2.11913813254051
Predator,SSP1-2.6,7,0.668312409420636,0.537433579695063,124.352559026891,Predator,2,2.10477264053468
Predator,SSP1-2.6,8,0.675744393404321,0.537433579695063,125.735424605909,Predator,2,2.15300502303895
Predator,SSP1-2.6,9,0.661681591623898,0.537433579695063,123.118766043486,Predator,2,2.1439307521591
Predator,SSP1-2.6,10,0.676521932889505,0.537433579695063,125.880100992826,Predator,2,2.12574897329789
Predator,SSP1-2.6,11,0.663687673346473,0.537433579695063,123.492036676057,Predator,2,2.14800392543338
Predator,SSP1-2.6,12,0.664817767044223,0.537433579695063,123.702312650698,Predator,2,2.15579749580845
Predator,SSP1-2.6,13,0.67637452529224,0.537433579695063,125.852672934209,Predator,2,2.1046423497377
Predator,SSP1-2.6,14,0.678996465106966,0.537433579695063,126.340535976971,Predator,2,2.11496673262119
Predator,SSP1-2.6,15,0.684194466301852,0.537433579695063,127.307725484898,Predator,2,2.10778234126698
Predator,SSP1-2.6,16,0.679789784617754,0.537433579695063,126.488148545438,Predator,2,2.12602750816848
Predator,SSP1-2.6,17,0.680137196306613,0.537433579695063,126.552791266322,Predator,2,2.09520212484896
Predator,SSP1-2.6,18,0.667538134245679,0.537433579695063,124.208490028561,Predator,2,2.12561368094012
Predator,SSP1-2.6,19,0.67065561727575,0.537433579695063,124.788558551975,Predator,2,2.11937455577496
Predator,SSP1-2.6,20,0.679173374393563,0.537433579695063,126.373453400311,Predator,2,2.15890040185023
Predator,SSP1-2.6,21,0.680685768297706,0.537433579695063,126.654863785014,Predator,2,2.12852237748727
Predator,SSP1-2.6,22,0.676378609200413,0.537433579695063,125.85343282498,Predator,2,2.1151240197029
Predator,SSP1-2.6,23,0.678870742263757,0.537433579695063,126.317142789802,Predator,2,2.13969047426991
Predator,SSP1-2.6,24,0.674604319519842,0.537433579695063,125.523291622866,Predator,2,2.14288736763503
Predator,SSP1-2.6,25,0.683646158933068,0.537433579695063,127.205702204348,Predator,2,2.10130878247228
Predator,SSP1-2.6,26,0.674244963948662,0.537433579695063,125.456426509714,Predator,2,2.1239464458283
Predator,SSP1-2.6,27,0.669989756719137,0.537433579695063,124.664662207986,Predator,2,2.15176338184159
Predator,SSP1-2.6,28,0.666386247245459,0.537433579695063,123.994158984923,Predator,2,2.11172116787359
Predator,SSP1-2.6,29,0.673639305856348,0.537433579695063,125.343732008441,Predator,2,2.12864470539987
Predator,SSP1-2.6,30,0.658696379002294,0.537433579695063,122.563309009466,Predator,2,2.12573672696669
Predator,SSP1-2.6,31,0.676236244213581,0.537433579695063,125.826943042389,Predator,2,2.12170341402851
Predator,SSP1-2.6,32,0.685833458442769,0.537433579695063,127.612691940818,Predator,2,2.09425482521486
Predator,SSP1-2.6,33,0.6638563929388,0.537433579695063,123.52343024704,Predator,2,2.12493305753544
Predator,SSP1-2.6,34,0.68792106696702,0.537433579695063,128.001132224999,Predator,2,2.11946594392695
Predator,SSP1-2.6,35,0.68050427404515,0.537433579695063,126.621093239329,Predator,2,2.15665589341801
Predator,SSP1-2.6,36,0.676004865936243,0.537433579695063,125.78389060092,Predator,2,2.13433888513409
Predator,SSP1-2.6,37,0.671184120480424,0.537433579695063,124.886896881518,Predator,2,2.12887290725298
Predator,SSP1-2.6,38,0.669483989408818,0.537433579695063,124.570554335045,Predator,2,2.14960297401156
Predator,SSP1-2.6,39,0.66726827643642,0.537433579695063,124.158277719644,Predator,2,2.13408289180975
Predator,SSP1-2.6,40,0.680857870427337,0.537433579695063,126.686886743038,Predator,2,2.15210266618989
Predator,SSP1-2.6,41,0.672636897112963,0.537433579695063,125.15721431002,Predator,2,2.10588039466552
Predator,SSP1-2.6,42,0.677738954114022,0.537433579695063,126.10655152932,Predator,2,2.12165506463125
Predator,SSP1-2.6,43,0.677340240132717,0.537433579695063,126.032363016289,Predator,2,2.14405708777998
Predator,SSP1-2.6,44,0.675855574470018,0.537433579695063,125.756112011738,Predator,2,2.11782505327649
Predator,SSP1-2.6,45,0.680615713080835,0.537433579695063,126.641828645507,Predator,2,2.1165723903114
Predator,SSP1-2.6,46,0.678109481404688,0.537433579695063,126.175495358783,Predator,2,2.13665737903211
Predator,SSP1-2.6,47,0.669713979630688,0.537433579695063,124.613348501722,Predator,2,2.13932803548407
Predator,SSP1-2.6,48,0.668331697890741,0.537433579695063,124.356148022971,Predator,2,2.15265467396937
Predator,SSP1-2.6,49,0.675403744091887,0.537433579695063,125.672040157057,Predator,2,2.15367183025833
Predator,SSP1-2.6,50,0.666650039323281,0.537433579695063,124.043242646196,Predator,2,2.1190837566508
Predator,SSP1-2.6,51,0.671510458767197,0.537433579695063,124.947618484913,Predator,2,2.11141682933178
Predator,SSP1-2.6,52,0.677451575130511,0.537433579695063,126.053079064188,Predator,2,2.1202487036027
Predator,SSP1-2.6,53,0.673908619403263,0.537433579695063,125.393843046733,Predator,2,2.09125647070538
Predator,SSP1-2.6,54,0.663846663271164,0.537433579695063,123.521619852602,Predator,2,2.12339816943277
Predator,SSP1-2.6,55,0.672897386880203,0.537433579695063,125.205683511998,Predator,2,2.1108583733933
Predator,SSP1-2.6,56,0.665349320800089,0.537433579695063,123.80121859479,Predator,2,2.10575496488437
Predator,SSP1-2.6,57,0.670709601691843,0.537433579695063,124.798603405541,Predator,2,2.11496383184101
Predator,SSP1-2.6,58,0.674970364552469,0.537433579695063,125.591401440797,Predator,2,2.13637854237854
Predator,SSP1-2.6,59,0.673044047979673,0.537433579695063,125.23297267014,Predator,2,2.15783697045688
Predator,SSP1-2.6,60,0.654557699867901,0.537433579695063,121.793227032686,Predator,2,2.10365584124252
Predator,SSP1-2.6,61,0.658018280415786,0.537433579695063,122.437135541315,Predator,2,2.1301578138629
Predator,SSP1-2.6,62,0.685549654753705,0.537433579695063,127.559884728952,Predator,2,2.12858500032779
Predator,SSP1-2.6,63,0.66734586563783,0.537433579695063,124.172714703923,Predator,2,2.14993928204291
Predator,SSP1-2.6,64,0.674803400780953,0.537433579695063,125.560334574522,Predator,2,2.1518753797235
Predator,SSP1-2.6,65,0.675512564262434,0.537433579695063,125.692288272295,Predator,2,2.09296587861422
Predator,SSP1-2.6,66,0.661561978269047,0.537433579695063,123.09650964579,Predator,2,2.0940210389914
Predator,SSP1-2.6,67,0.677404238291358,0.537433579695063,126.044271121971,Predator,2,2.13781844982784
Predator,SSP1-2.6,68,0.675768424202118,0.537433579695063,125.739896004553,Predator,2,2.1350371257076
Predator,SSP1-2.6,69,0.683930790649206,0.537433579695063,127.258663486801,Predator,2,2.11217237676773
Predator,SSP1-2.6,70,0.677784958759436,0.537433579695063,126.115111590907,Predator,2,2.12437614691071
Predator,SSP1-2.6,71,0.676661437417284,0.537433579695063,125.906058531218,Predator,2,2.1466873767022
Predator,SSP1-2.6,72,0.665203786694003,0.537433579695063,123.774139135749,Predator,2,2.09693032664433
Predator,SSP1-2.6,73,0.670423631209965,0.537433579695063,124.74539301961,Predator,2,2.14783273038548
Predator,SSP1-2.6,74,0.677312848713845,0.537433579695063,126.027266308545,Predator,2,2.13497822084092
Predator,SSP1-2.6,75,0.673628188154747,0.537433579695063,125.34166334321,Predator,2,2.10474401765224
Predator,SSP1-2.6,76,0.672006933273809,0.537433579695063,125.03999725047,Predator,2,2.13594740889967
Predator,SSP1-2.6,77,0.670751612925308,0.537433579695063,124.806420414945,Predator,2,2.14517917562835
Predator,SSP1-2.6,78,0.673222187474426,0.537433579695063,125.266118997702,Predator,2,2.10366097487789
Predator,SSP1-2.6,79,0.681309200885626,0.537433579695063,126.770865577882,Predator,2,2.1131041770177
Predator,SSP1-2.6,80,0.674301192433862,0.537433579695063,125.466888916107,Predator,2,2.11420762001071
Predator,SSP1-2.6,81,0.673628731075616,0.537433579695063,125.341764364227,Predator,2,2.09635114611126
Predator,SSP1-2.6,82,0.674555870899383,0.537433579695063,125.514276812052,Predator,2,2.10357270450611
Predator,SSP1-2.6,83,0.669020868881922,0.537433579695063,124.484381727975,Predator,2,2.15585426967032
Predator,SSP1-2.6,84,0.668410776746415,0.537433579695063,124.37086218648,Predator,2,2.15075618549902
Predator,SSP1-2.6,85,0.669464097826323,0.537433579695063,124.566853118142,Predator,2,2.11730503238644
Predator,SSP1-2.6,86,0.683319253674251,0.537433579695063,127.144875104746,Predator,2,2.1266923586512
Predator,SSP1-2.6,87,0.677040351549206,0.537433579695063,125.97656289608,Predator,2,2.12039490716998
Predator,SSP1-2.6,88,0.672130678338521,0.537433579695063,125.063022433374,Predator,2,2.10485824807268
Predator,SSP1-2.6,89,0.676563493533509,0.537433579695063,125.887834161272,Predator,2,2.10127778075915
Predator,SSP1-2.6,90,0.660651777231511,0.537433579695063,122.927148989529,Predator,2,2.09332939535473
Predator,SSP1-2.6,91,0.670930239300176,0.537433579695063,124.839657336049,Predator,2,2.15597458115779
Predator,SSP1-2.6,92,0.680507331813845,0.537433579695063,126.621662196836,Predator,2,2.10658249553107
Predator,SSP1-2.6,93,0.672939409550881,0.537433579695063,125.213502649519,Predator,2,2.15571910541318
Predator,SSP1-2.6,94,0.675318003239595,0.537433579695063,125.656086399136,Predator,2,2.11345903744269
Predator,SSP1-2.6,95,0.681466832039375,0.537433579695063,126.80019592859,Predator,2,2.10896496683359
Predator,SSP1-2.6,96,0.677417454536685,0.537433579695063,126.046730262193,Predator,2,2.09862437079009
Predator,SSP1-2.6,97,0.676889923553923,0.537433579695063,125.9485728335,Predator,2,2.14309700121451
Predator,SSP1-2.6,98,0.686975276810052,0.537433579695063,127.825149518911,Predator,2,2.13942145218886
Predator,SSP1-2.6,99,0.671741620898149,0.537433579695063,124.990630708132,Predator,2,2.09719847170077
Predator,SSP1-2.6,100,0.673307981898148,0.537433579695063,125.282082723633,Predator,2,2.13691545773204
Predator,SSP5-8.5,1,0.779088416429307,0.537433579695063,144.96459578714,Predator,3,3.10965923920088
Predator,SSP5-8.5,2,0.79962327221217,0.537433579695063,148.785506232393,Predator,3,3.12849735812563
Predator,SSP5-8.5,3,0.784185307832834,0.537433579695063,145.912971846266,Predator,3,3.10547721136268
Predator,SSP5-8.5,4,0.790145320045592,0.537433579695063,147.021948366888,Predator,3,3.10361087591201
Predator,SSP5-8.5,5,0.796092018639242,0.537433579695063,148.128447628996,Predator,3,3.14229410635587
Predator,SSP5-8.5,6,0.796486904859347,0.537433579695063,148.201923912397,Predator,3,3.12564610650018
Predator,SSP5-8.5,7,0.789423183585626,0.537433579695063,146.887580793433,Predator,3,3.14935313333292
Predator,SSP5-8.5,8,0.809777553896648,0.537433579695063,150.674908396329,Predator,3,3.1119229837684
Predator,SSP5-8.5,9,0.790328803749735,0.537433579695063,147.056089088844,Predator,3,3.14705798433721
Predator,SSP5-8.5,10,0.787348480385302,0.537433579695063,146.501541796484,Predator,3,3.09558087178972
Predator,SSP5-8.5,11,0.806810642883158,0.537433579695063,150.122856733466,Predator,3,3.15493504334148
Predator,SSP5-8.5,12,0.801732491131216,0.537433579695063,149.177967552031,Predator,3,3.15420764109027
Predator,SSP5-8.5,13,0.78705929557575,0.537433579695063,146.447733322195,Predator,3,3.10361680022161
Predator,SSP5-8.5,14,0.787530023199823,0.537433579695063,146.535321378069,Predator,3,3.15765816212166
Predator,SSP5-8.5,15,0.780315577846825,0.537433579695063,145.192933104324,Predator,3,3.13199028242752
Predator,SSP5-8.5,16,0.794247744237389,0.537433579695063,147.785284404455,Predator,3,3.15167338507995
Predator,SSP5-8.5,17,0.801521060770019,0.537433579695063,149.138626809437,Predator,3,3.15486329893209
Predator,SSP5-8.5,18,0.799288042568357,0.537433579695063,148.723130218597,Predator,3,3.10667809950933
Predator,SSP5-8.5,19,0.800905530729894,0.537433579695063,149.024095439724,Predator,3,3.15093130682874
Predator,SSP5-8.5,20,0.777733220673428,0.537433579695063,144.71243518403,Predator,3,3.14718100998737
Predator,SSP5-8.5,21,0.792949511667637,0.537433579695063,147.543722913174,Predator,3,3.11928240728378
Predator,SSP5-8.5,22,0.796070395513228,0.537433579695063,148.124424224648,Predator,3,3.15536879098509
Predator,SSP5-8.5,23,0.779072234367549,0.537433579695063,144.961584798924,Predator,3,3.09421749438718
Predator,SSP5-8.5,24,0.794641717338096,0.537433579695063,147.858590784181,Predator,3,3.13578743803781
Predator,SSP5-8.5,25,0.787020207763846,0.537433579695063,146.440460272393,Predator,3,3.15727304615267
Predator,SSP5-8.5,26,0.791611187759436,0.537433579695063,147.294701646405,Predator,3,3.09661610472202
Predator,SSP5-8.5,27,0.794756484835627,0.537433579695063,147.879945515606,Predator,3,3.13294463947043
Predator,SSP5-8.5,28,0.776702493613404,0.537433579695063,144.520648310458,Predator,3,3.12616278694198
Predator,SSP5-8.5,29,0.78902138191843,0.537433579695063,146.812817756218,Predator,3,3.11718566897977
Predator,SSP5-8.5,30,0.794447279223075,0.537433579695063,147.822411780418,Predator,3,3.11798143683001
Predator,SSP5-8.5,31,0.798898802018871,0.537433579695063,148.650704422333,Predator,3,3.12939486296754
Predator,SSP5-8.5,32,0.798484423378219,0.537433579695063,148.573601193895,Predator,3,3.12381236997526
Predator,SSP5-8.5,33,0.779806170614094,0.537433579695063,145.098147952823,Predator,3,3.10829446519911
Predator,SSP5-8.5,34,0.775703441335184,0.537433579695063,144.334755147848,Predator,3,3.1221520676706
Predator,SSP5-8.5,35,0.808441142579954,0.537433579695063,150.426243004514,Predator,3,3.13276119907293
Predator,SSP5-8.5,36,0.783604721637037,0.537433579695063,145.80494246036,Predator,3,3.15260013158526
Predator,SSP5-8.5,37,0.784960454266843,0.537433579695063,146.057202959336,Predator,3,3.14655251316726
Predator,SSP5-8.5,38,0.801825724604205,0.537433579695063,149.195315458174,Predator,3,3.11335131933447
Predator,SSP5-8.5,39,0.799983204926631,0.537433579695063,148.852478734309,Predator,3,3.10561166413967
Predator,SSP5-8.5,40,0.788777762184655,0.537433579695063,146.767487553012,Predator,3,3.09582312280312
Predator,SSP5-8.5,41,0.803324284136685,0.537433579695063,149.474151688193,Predator,3,3.15265177140012
Predator,SSP5-8.5,42,0.810039247939506,0.537433579695063,150.723601677275,Predator,3,3.10577248357516
Predator,SSP5-8.5,43,0.77580672571014,0.537433579695063,144.353973220343,Predator,3,3.13576212637685
Predator,SSP5-8.5,44,0.791817597214374,0.537433579695063,147.333108151457,Predator,3,3.10141535847262
Predator,SSP5-8.5,45,0.787953944045326,0.537433579695063,146.614200119838,Predator,3,3.1351110081356
Predator,SSP5-8.5,46,0.79830814716724,0.537433579695063,148.540801566623,Predator,3,3.1326326772077
Predator,SSP5-8.5,47,0.791028593489713,0.537433579695063,147.186298619178,Predator,3,3.14192605435289
Predator,SSP5-8.5,48,0.794962704096737,0.537433579695063,147.918316631386,Predator,3,3.1020336717125
Predator,SSP5-8.5,49,0.78936598421502,0.537433579695063,146.876937734874,Predator,3,3.13044540475588
Predator,SSP5-8.5,50,0.784098797837345,0.537433579695063,145.896874974251,Predator,3,3.09526316420361
Predator,SSP5-8.5,51,0.785252812788978,0.537433579695063,146.111601964754,Predator,3,3.0925583385285
Predator,SSP5-8.5,52,0.790363722404762,0.537433579695063,147.062586385691,Predator,3,3.15139945850708
Predator,SSP5-8.5,53,0.794627174744533,0.537433579695063,147.855884850999,Predator,3,3.10455265927129
Predator,SSP5-8.5,54,0.792607508487037,0.537433579695063,147.480086550743,Predator,3,3.1278167281663
Predator,SSP5-8.5,55,0.780856878351941,0.537433579695063,145.293652621222,Predator,3,3.10613611269463
Predator,SSP5-8.5,56,0.803144768297619,0.537433579695063,149.440749264927,Predator,3,3.09951398670115
Predator,SSP5-8.5,57,0.772895691521648,0.537433579695063,143.812318530633,Predator,3,3.14807519694231
Predator,SSP5-8.5,58,0.798495384735627,0.537433579695063,148.57564076824,Predator,3,3.11896748404577
Predator,SSP5-8.5,59,0.778291750801557,0.537433579695063,144.816360608348,Predator,3,3.10914009178896
Predator,SSP5-8.5,60,0.78973444971746,0.537433579695063,146.945497928423,Predator,3,3.14962936508376
Predator,SSP5-8.5,61,0.80098850251799,0.537433579695063,149.039533959242,Predator,3,3.10800690011308
Predator,SSP5-8.5,62,0.798453546110921,0.537433579695063,148.567855876062,Predator,3,3.0949462401038
Predator,SSP5-8.5,63,0.794346512800618,0.537433579695063,147.803662222098,Predator,3,3.09647242015041
Predator,SSP5-8.5,64,0.791198514995945,0.537433579695063,147.217915829686,Predator,3,3.1051418389203
Predator,SSP5-8.5,65,0.786926806100529,0.537433579695063,146.423081071158,Predator,3,3.15441356418468
Predator,SSP5-8.5,66,0.788505919796561,0.537433579695063,146.716905974494,Predator,3,3.12260603029281
Predator,SSP5-8.5,67,0.794746645016724,0.537433579695063,147.878114625376,Predator,3,3.1533644127734
Predator,SSP5-8.5,68,0.77881554104074,0.537433579695063,144.913821998736,Predator,3,3.13665009119734
Predator,SSP5-8.5,69,0.801423133138095,0.537433579695063,149.120405463466,Predator,3,3.10879185787588
Predator,SSP5-8.5,70,0.798875998055909,0.537433579695063,148.646461300239,Predator,3,3.1423532899851
Predator,SSP5-8.5,71,0.797069774106613,0.537433579695063,148.310378104559,Predator,3,3.15383254352119
Predator,SSP5-8.5,72,0.798360480258289,0.537433579695063,148.550539158955,Predator,3,3.10935286328755
Predator,SSP5-8.5,73,0.800062479308054,0.537433579695063,148.867229279199,Predator,3,3.09257824646775
Predator,SSP5-8.5,74,0.796303085472399,0.537433579695063,148.167720730107,Predator,3,3.14389331272058
Predator,SSP5-8.5,75,0.796978446670665,0.537433579695063,148.293384853784,Predator,3,3.14838134374376
Predator,SSP5-8.5,76,0.788502375483773,0.537433579695063,146.716246485969,Predator,3,3.14397162653413
Predator,SSP5-8.5,77,0.802366432074397,0.537433579695063,149.295924629357,Predator,3,3.13092941686232
Predator,SSP5-8.5,78,0.785726239344091,0.537433579695063,146.199692209391,Predator,3,3.142897391418
Predator,SSP5-8.5,79,0.788255979537978,0.537433579695063,146.670399714367,Predator,3,3.13861367798038
Predator,SSP5-8.5,80,0.789251070466401,0.537433579695063,146.855555790581,Predator,3,3.14792944016773
Predator,SSP5-8.5,81,0.805453760705379,0.537433579695063,149.870382338668,Predator,3,3.10347944995761
Predator,SSP5-8.5,82,0.795020791588579,0.537433579695063,147.929124942225,Predator,3,3.14291995275486
Predator,SSP5-8.5,83,0.787426028054704,0.537433579695063,146.515971052923,Predator,3,3.1426077415105
Predator,SSP5-8.5,84,0.802593351265344,0.537433579695063,149.338147370831,Predator,3,3.14771224863548
Predator,SSP5-8.5,85,0.797386137934304,0.537433579695063,148.369243765292,Predator,3,3.11616147068702
Predator,SSP5-8.5,86,0.793843884032099,0.537433579695063,147.710138336075,Predator,3,3.15344579006173
Predator,SSP5-8.5,87,0.773460526093033,0.537433579695063,143.917417019586,Predator,3,3.12858603236824
Predator,SSP5-8.5,88,0.780454587943562,0.537433579695063,145.218798644176,Predator,3,3.11348232753295
Predator,SSP5-8.5,89,0.794182459500795,0.537433579695063,147.77313690585,Predator,3,3.1100612618085
Predator,SSP5-8.5,90,0.794717119617548,0.537433579695063,147.872620848974,Predator,3,3.10932399086934
Predator,SSP5-8.5,91,0.776058657012523,0.537433579695063,144.400849953004,Predator,3,3.13897534255777
Predator,SSP5-8.5,92,0.798002108631569,0.537433579695063,148.483857127862,Predator,3,3.13994820372108
Predator,SSP5-8.5,93,0.788472701967812,0.537433579695063,146.71072514955,Predator,3,3.12476886416599
Predator,SSP5-8.5,94,0.796815524496605,0.537433579695063,148.263070005546,Predator,3,3.10370713579841
Predator,SSP5-8.5,95,0.782661093324558,0.537433579695063,145.629362007606,Predator,3,3.14624082346074
Predator,SSP5-8.5,96,0.814753451385979,0.537433579695063,151.600771177764,Predator,3,3.14751708456874
Predator,SSP5-8.5,97,0.79994890470829,0.537433579695063,148.84609650967,Predator,3,3.14251073227264
Predator,SSP5-8.5,98,0.780958996151353,0.537433579695063,145.312653629582,Predator,3,3.11949907379504
Predator,SSP5-8.5,99,0.784286391655115,0.537433579695063,145.931780463014,Predator,3,3.12984652766306
Predator,SSP5-8.5,100,0.789149241579894,0.537433579695063,146.836608540102,Predator,3,3.15205001037289
Prey,Base,1,1.17581781322222,1.17127525635444,100.387830003505,Prey,1,1.11812456078921
Prey,Base,2,1.16010474833333,1.17127525635444,99.0462952273164,Prey,1,1.12603174522612
Prey,Base,3,1.14752997344444,1.17127525635444,97.9726983233719,Prey,1,1.09987967497762
Prey,Base,4,1.161372071,1.17127525635444,99.154495469727,Prey,1,1.15719890290033
Prey,Base,5,1.13971566,1.17127525635444,97.3055354680101,Prey,1,1.15181453355681
Prey,Base,6,1.16674019144444,1.17127525635444,99.6128096375809,Prey,1,1.11707053207047
Prey,Base,7,1.141309666,1.17127525635444,97.4416269624178,Prey,1,1.12671416118462
Prey,Base,8,1.17762333077778,1.17127525635444,100.54197972585,Prey,1,1.09910927633941
Prey,Base,9,1.15915818655556,1.17127525635444,98.9654805962009,Prey,1,1.09144273135904
Prey,Base,10,1.15742032044444,1.17127525635444,98.817106753102,Prey,1,1.12237174534611
Prey,Base,11,1.17851308488889,1.17127525635444,100.617944287236,Prey,1,1.11466885083541
Prey,Base,12,1.168403644,1.17127525635444,99.7548302724859,Prey,1,1.10773868984263
Prey,Base,13,1.16418313366667,1.17127525635444,99.394495644871,Prey,1,1.10305464714486
Prey,Base,14,1.12426088177778,1.17127525635444,95.9860524397148,Prey,1,1.11897890521958
Prey,Base,15,1.16736434377778,1.17127525635444,99.6660979086302,Prey,1,1.11464455899224
Prey,Base,16,1.10118941766667,1.17127525635444,94.0162794093411,Prey,1,1.15879616726842
Prey,Base,17,1.14959194111111,1.17127525635444,98.1487429939549,Prey,1,1.0959535217993
Prey,Base,18,1.18312203788889,1.17127525635444,101.011442995161,Prey,1,1.14024495665077
Prey,Base,19,1.13673464722222,1.17127525635444,97.051025457523,Prey,1,1.11480124279298
Prey,Base,20,1.18050013755556,1.17127525635444,100.787592937789,Prey,1,1.15645122241974
Prey,Base,21,1.20123691566667,1.17127525635444,102.558037416882,Prey,1,1.15495559426956
Prey,Base,22,1.17173679566667,1.17127525635444,100.039404854642,Prey,1,1.09237803258281
Prey,Base,23,1.11853554266667,1.17127525635444,95.4972400038634,Prey,1,1.15560756732244
Prey,Base,24,1.22177828877778,1.17127525635444,104.311798797878,Prey,1,1.15374117433652
Prey,Base,25,1.20859087344444,1.17127525635444,103.185896473741,Prey,1,1.15468206099141
Prey,Base,26,1.20968808377778,1.17127525635444,103.279573030757,Prey,1,1.11307960935682
Prey,Base,27,1.18062453411111,1.17127525635444,100.798213545957,Prey,1,1.11691432894394
Prey,Base,28,1.14731056266667,1.17127525635444,97.9539656833217,Prey,1,1.1297971248515
Prey,Base,29,1.13688156988889,1.17127525635444,97.0635692781043,Prey,1,1.13128285412118
Prey,Base,30,1.20006600888889,1.17127525635444,102.458068876487,Prey,1,1.11874040365499
Prey,Base,31,1.15790257955556,1.17127525635444,98.8582806025881,Prey,1,1.15618775898125
Prey,Base,32,1.25116444844444,1.17127525635444,106.820701765582,Prey,1,1.14283691145666
Prey,Base,33,1.19422131233333,1.17127525635444,101.959066056796,Prey,1,1.15216788142547
Prey,Base,34,1.16534088533333,1.17127525635444,99.4933410409792,Prey,1,1.11398903754726
Prey,Base,35,1.19885459588889,1.17127525635444,102.354642035237,Prey,1,1.09497986532282
Prey,Base,36,1.110860037,1.17127525635444,94.8419281439886,Prey,1,1.15721354183648
Prey,Base,37,1.14240178322222,1.17127525635444,97.5348686847452,Prey,1,1.14002682229411
Prey,Base,38,1.20525868988889,1.17127525635444,102.901404546035,Prey,1,1.11277819507476
Prey,Base,39,1.21924758933333,1.17127525635444,104.095735201322,Prey,1,1.13548952859268
Prey,Base,40,1.13970050944444,1.17127525635444,97.3042419586085,Prey,1,1.10486865986232
Prey,Base,41,1.126503062,1.17127525635444,96.1774831226439,Prey,1,1.11633059986494
Prey,Base,42,1.17592649933333,1.17127525635444,100.397109300624,Prey,1,1.12970093931444
Prey,Base,43,1.120937659,1.17127525635444,95.7023255565802,Prey,1,1.118619458979
Prey,Base,44,1.17773537077778,1.17127525635444,100.551545368033,Prey,1,1.15717734706867
Prey,Base,45,1.16994023044444,1.17127525635444,99.8860194559083,Prey,1,1.10944732420798
Prey,Base,46,1.15951291355556,1.17127525635444,98.995766133104,Prey,1,1.14730021953397
Prey,Base,47,1.14703454555556,1.17127525635444,97.9304001627822,Prey,1,1.14298997864313
Prey,Base,48,1.13522839511111,1.17127525635444,96.9224261293175,Prey,1,1.15293641493376
Prey,Base,49,1.18862883277778,1.17127525635444,101.481596774899,Prey,1,1.15064924250171
Prey,Base,50,1.13448739022222,1.17127525635444,96.8591613343967,Prey,1,1.14123695059493
Prey,Base,51,1.21565484211111,1.17127525635444,103.78899712223,Prey,1,1.10901297584828
Prey,Base,52,1.15805023177778,1.17127525635444,98.8708867104538,Prey,1,1.11443437562976
Prey,Base,53,1.18721669033333,1.17127525635444,101.36103225031,Prey,1,1.0972993844375
Prey,Base,54,1.14975499666667,1.17127525635444,98.1626641926378,Prey,1,1.13393791904394
Prey,Base,55,1.18205859577778,1.17127525635444,100.920649468589,Prey,1,1.15779163873103
Prey,Base,56,1.20241579944444,1.17127525635444,102.658687009826,Prey,1,1.14419355315063
Prey,Base,57,1.14339660144444,1.17127525635444,97.619803307655,Prey,1,1.14744216992613
Prey,Base,58,1.20124501433333,1.17127525635444,102.55872885697,Prey,1,1.09514219326153
Prey,Base,59,1.22581183077778,1.17127525635444,104.65617062492,Prey,1,1.14111862530839
Prey,Base,60,1.16420141644444,1.17127525635444,99.3960565740951,Prey,1,1.10160747484956
Prey,Base,61,1.140837238,1.17127525635444,97.401292463978,Prey,1,1.14217761798576
Prey,Base,62,1.08863091222222,1.17127525635444,92.944071542205,Prey,1,1.09263370330445
Prey,Base,63,1.18393935233333,1.17127525635444,101.081222873119,Prey,1,1.14470888528228
Prey,Base,64,1.20370605877778,1.17127525635444,102.768845516662,Prey,1,1.09715137655288
Prey,Base,65,1.21038966666667,1.17127525635444,103.339472092492,Prey,1,1.12881847085152
Prey,Base,66,1.15708237466667,1.17127525635444,98.788253947074,Prey,1,1.15209814968891
Prey,Base,67,1.18011667555556,1.17127525635444,100.754854091995,Prey,1,1.13602085310034
Prey,Base,68,1.20200142722222,1.17127525635444,102.623309141133,Prey,1,1.09152055841871
Prey,Base,69,1.140686253,1.17127525635444,97.3884018134515,Prey,1,1.13498779670708
Prey,Base,70,1.16285293577778,1.17127525635444,99.2809273028717,Prey,1,1.12533451348264
Prey,Base,71,1.16740817488889,1.17127525635444,99.6698400786174,Prey,1,1.11106224176381
Prey,Base,72,1.18057648644444,1.17127525635444,100.794111378989,Prey,1,1.10781274125073
Prey,Base,73,1.16220670633333,1.17127525635444,99.2257541536957,Prey,1,1.11504864177015
Prey,Base,74,1.17395810022222,1.17127525635444,100.2290532352,Prey,1,1.11025619878992
Prey,Base,75,1.175122996,1.17127525635444,100.328508574281,Prey,1,1.14393958757166
Prey,Base,76,1.17374849622222,1.17127525635444,100.211157868687,Prey,1,1.12060721624922
Prey,Base,77,1.11835688044444,1.17127525635444,95.4819863543681,Prey,1,1.10985954914149
Prey,Base,78,1.142883017,1.17127525635444,97.5759549943184,Prey,1,1.14545529751759
Prey,Base,79,1.13930821122222,1.17127525635444,97.2707487024254,Prey,1,1.10900964314211
Prey,Base,80,1.18038074233333,1.17127525635444,100.777399328594,Prey,1,1.12005546368938
Prey,Base,81,1.192493153,1.17127525635444,101.811520949533,Prey,1,1.15415970778652
Prey,Base,82,1.23732003122222,1.17127525635444,105.638706572983,Prey,1,1.13417428160831
Prey,Base,83,1.14903981166667,1.17127525635444,98.1016038230858,Prey,1,1.15576270459034
Prey,Base,84,1.192411011,1.17127525635444,101.804507909724,Prey,1,1.11647257186845
Prey,Base,85,1.23613636766667,1.17127525635444,105.537648896819,Prey,1,1.09136799329612
Prey,Base,86,1.20024079033333,1.17127525635444,102.47299119671,Prey,1,1.11032544628996
Prey,Base,87,1.14466415955556,1.17127525635444,97.7280236516128,Prey,1,1.09631274967827
Prey,Base,88,1.16280390188889,1.17127525635444,99.276740935182,Prey,1,1.13664711890183
Prey,Base,89,1.154602391,1.17127525635444,98.5765203128821,Prey,1,1.0975033789454
Prey,Base,90,1.16274742766667,1.17127525635444,99.2719193339475,Prey,1,1.14767465831339
Prey,Base,91,1.14596603577778,1.17127525635444,97.8391739738925,Prey,1,1.10726343672536
Prey,Base,92,1.20605454577778,1.17127525635444,102.969352356301,Prey,1,1.14823160484619
Prey,Base,93,1.24769915688889,1.17127525635444,106.524845472474,Prey,1,1.09317557294294
Prey,Base,94,1.18428142377778,1.17127525635444,101.110427916305,Prey,1,1.11415007442608
Prey,Base,95,1.16008755322222,1.17127525635444,99.044827159839,Prey,1,1.0948791884901
Prey,Base,96,1.20713010066667,1.17127525635444,103.061180035837,Prey,1,1.13578137853462
Prey,Base,97,1.16805052911111,1.17127525635444,99.7246823728377,Prey,1,1.14508036281727
Prey,Base,98,1.21667730044444,1.17127525635444,103.876291575672,Prey,1,1.14780502011906
Prey,Base,99,1.20159791233333,1.17127525635444,102.588858239289,Prey,1,1.09405845210049
Prey,Base,100,1.18553157244444,1.17127525635444,101.217161893641,Prey,1,1.10260899396427
Prey,SSP1-2.6,1,1.49244274654321,1.17127525635444,127.420325704514,Prey,2,2.15247877551802
Prey,SSP1-2.6,2,1.4544292209465,1.17127525635444,124.174843876867,Prey,2,2.12441829701979
Prey,SSP1-2.6,3,1.48596367032922,1.17127525635444,126.867161435155,Prey,2,2.1370528667504
Prey,SSP1-2.6,4,1.47673400119342,1.17127525635444,126.079159717734,Prey,2,2.11841122928169
Prey,SSP1-2.6,5,1.53592301197531,1.17127525635444,131.132541530487,Prey,2,2.09131749842316
Prey,SSP1-2.6,6,1.48903216185185,1.17127525635444,127.129140120864,Prey,2,2.09930362864304
Prey,SSP1-2.6,7,1.48849914156379,1.17127525635444,127.083632432968,Prey,2,2.09759821037762
Prey,SSP1-2.6,8,1.44967133975309,1.17127525635444,123.768630122448,Prey,2,2.15780460711848
Prey,SSP1-2.6,9,1.52712260786008,1.17127525635444,130.381189184616,Prey,2,2.10212080794014
Prey,SSP1-2.6,10,1.52304168049383,1.17127525635444,130.032771735847,Prey,2,2.10939420258347
Prey,SSP1-2.6,11,1.49183640921811,1.17127525635444,127.368558425916,Prey,2,2.14078869506065
Prey,SSP1-2.6,12,1.51445191242798,1.17127525635444,129.299402869797,Prey,2,2.1442210983159
Prey,SSP1-2.6,13,1.52075787209877,1.17127525635444,129.837786963252,Prey,2,2.14520367467124
Prey,SSP1-2.6,14,1.4806860572428,1.17127525635444,126.416574516513,Prey,2,2.12379038232844
Prey,SSP1-2.6,15,1.47235664547325,1.17127525635444,125.705434097183,Prey,2,2.14694327165931
Prey,SSP1-2.6,16,1.55425147868313,1.17127525635444,132.697371540204,Prey,2,2.10388615305908
Prey,SSP1-2.6,17,1.52217836333333,1.17127525635444,129.959064282726,Prey,2,2.13668919360079
Prey,SSP1-2.6,18,1.49549616082305,1.17127525635444,127.681017140047,Prey,2,2.15093336370587
Prey,SSP1-2.6,19,1.5497676036214,1.17127525635444,132.314551614878,Prey,2,2.13842022089288
Prey,SSP1-2.6,20,1.47224527164609,1.17127525635444,125.695925330857,Prey,2,2.09486852757633
Prey,SSP1-2.6,21,1.55531587930041,1.17127525635444,132.788246901184,Prey,2,2.10644536176045
Prey,SSP1-2.6,22,1.53909133296296,1.17127525635444,131.403043359196,Prey,2,2.09562135372497
Prey,SSP1-2.6,23,1.46700067378601,1.17127525635444,125.248157154109,Prey,2,2.14136121073551
Prey,SSP1-2.6,24,1.47166990230453,1.17127525635444,125.646802006648,Prey,2,2.13872252616379
Prey,SSP1-2.6,25,1.5785405026749,1.17127525635444,134.771096214229,Prey,2,2.12538529927749
Prey,SSP1-2.6,26,1.53509546971193,1.17127525635444,131.061888431748,Prey,2,2.09484550098609
Prey,SSP1-2.6,27,1.5042312817284,1.17127525635444,128.426795799501,Prey,2,2.13123068290483
Prey,SSP1-2.6,28,1.51381731506173,1.17127525635444,129.245222832884,Prey,2,2.12352324068733
Prey,SSP1-2.6,29,1.48888416246914,1.17127525635444,127.116504373468,Prey,2,2.11336787916254
Prey,SSP1-2.6,30,1.46535314300412,1.17127525635444,125.107495872916,Prey,2,2.11837868885696
Prey,SSP1-2.6,31,1.48762738518519,1.17127525635444,127.00920446449,Prey,2,2.10845434141438
Prey,SSP1-2.6,32,1.49829604061728,1.17127525635444,127.920062554781,Prey,2,2.14341870990675
Prey,SSP1-2.6,33,1.47112129547325,1.17127525635444,125.599963586021,Prey,2,2.14339635404386
Prey,SSP1-2.6,34,1.46018193641975,1.17127525635444,124.665993625147,Prey,2,2.12770417964645
Prey,SSP1-2.6,35,1.49287921823045,1.17127525635444,127.457590359843,Prey,2,2.10914554137737
Prey,SSP1-2.6,36,1.49225990893004,1.17127525635444,127.40471557255,Prey,2,2.14242086256668
Prey,SSP1-2.6,37,1.47668499283951,1.17127525635444,126.074975530145,Prey,2,2.12390714912862
Prey,SSP1-2.6,38,1.514806748107,1.17127525635444,129.329697685392,Prey,2,2.11575275268033
Prey,SSP1-2.6,39,1.49665881740741,1.17127525635444,127.78028130345,Prey,2,2.15591053687688
Prey,SSP1-2.6,40,1.5040941026749,1.17127525635444,128.415083859651,Prey,2,2.12121768167522
Prey,SSP1-2.6,41,1.48568553835391,1.17127525635444,126.843415353796,Prey,2,2.11974101355765
Prey,SSP1-2.6,42,1.50007492518519,1.17127525635444,128.071938431802,Prey,2,2.13468817854114
Prey,SSP1-2.6,43,1.50129325979424,1.17127525635444,128.17595621946,Prey,2,2.11246260343678
Prey,SSP1-2.6,44,1.48426206804938,1.17127525635444,126.721883690184,Prey,2,2.14452306130435
Prey,SSP1-2.6,45,1.54772704835391,1.17127525635444,132.140335071293,Prey,2,2.11018680453859
Prey,SSP1-2.6,46,1.50695796600823,1.17127525635444,128.659591998775,Prey,2,2.14675139900763
Prey,SSP1-2.6,47,1.49419387703704,1.17127525635444,127.569832021183,Prey,2,2.14710714169778
Prey,SSP1-2.6,48,1.46054002958848,1.17127525635444,124.696566555531,Prey,2,2.10961907225288
Prey,SSP1-2.6,49,1.50697894201646,1.17127525635444,128.66138286801,Prey,2,2.11291392067261
Prey,SSP1-2.6,50,1.51670531312757,1.17127525635444,129.491791523733,Prey,2,2.11884981457237
Prey,SSP1-2.6,51,1.508053651893,1.17127525635444,128.753138402903,Prey,2,2.15833210168499
Prey,SSP1-2.6,52,1.47839643279835,1.17127525635444,126.221093186909,Prey,2,2.09590396449436
Prey,SSP1-2.6,53,1.50233997156379,1.17127525635444,128.265321359197,Prey,2,2.14864690395724
Prey,SSP1-2.6,54,1.47082963934156,1.17127525635444,125.575062852388,Prey,2,2.15254840402678
Prey,SSP1-2.6,55,1.47740856271605,1.17127525635444,126.136751775534,Prey,2,2.10298315980751
Prey,SSP1-2.6,56,1.50715036526749,1.17127525635444,128.676018475661,Prey,2,2.12239975684136
Prey,SSP1-2.6,57,1.4646948044856,1.17127525635444,125.051288886988,Prey,2,2.15687610803638
Prey,SSP1-2.6,58,1.44785704769547,1.17127525635444,123.613731259198,Prey,2,2.09448811176512
Prey,SSP1-2.6,59,1.50126705674897,1.17127525635444,128.173719081338,Prey,2,2.14788334195968
Prey,SSP1-2.6,60,1.54320824078189,1.17127525635444,131.754532712069,Prey,2,2.09527335085534
Prey,SSP1-2.6,61,1.47027327604938,1.17127525635444,125.527562208183,Prey,2,2.14669377866201
Prey,SSP1-2.6,62,1.4541420200823,1.17127525635444,124.15032352073,Prey,2,2.10814965446293
Prey,SSP1-2.6,63,1.50304609654321,1.17127525635444,128.325608211121,Prey,2,2.15660229778476
Prey,SSP1-2.6,64,1.48840066625514,1.17127525635444,127.075224903815,Prey,2,2.11210869565234
Prey,SSP1-2.6,65,1.48595617950617,1.17127525635444,126.866521890948,Prey,2,2.14620535543561
Prey,SSP1-2.6,66,1.49957914139918,1.17127525635444,128.029609885773,Prey,2,2.13973324124422
Prey,SSP1-2.6,67,1.47244263769547,1.17127525635444,125.712775857521,Prey,2,2.09748630408663
Prey,SSP1-2.6,68,1.41618010135802,1.17127525635444,120.909247734459,Prey,2,2.13595465325844
Prey,SSP1-2.6,69,1.4701068563786,1.17127525635444,125.513353791342,Prey,2,2.12028252755105
Prey,SSP1-2.6,70,1.51444511596708,1.17127525635444,129.298822608167,Prey,2,2.11673932403047
Prey,SSP1-2.6,71,1.44786422473251,1.17127525635444,123.614344013289,Prey,2,2.12924784225412
Prey,SSP1-2.6,72,1.50574463230453,1.17127525635444,128.556001173551,Prey,2,2.13375345005747
Prey,SSP1-2.6,73,1.50715927358025,1.17127525635444,128.676779040926,Prey,2,2.09503165041655
Prey,SSP1-2.6,74,1.47013843316872,1.17127525635444,125.516049723826,Prey,2,2.09218992985133
Prey,SSP1-2.6,75,1.44119969469136,1.17127525635444,123.045346247393,Prey,2,2.14914632118121
Prey,SSP1-2.6,76,1.50874893325103,1.17127525635444,128.812499458664,Prey,2,2.11623698420916
Prey,SSP1-2.6,77,1.55410431666667,1.17127525635444,132.684807284649,Prey,2,2.1229747347841
Prey,SSP1-2.6,78,1.46892625670782,1.17127525635444,125.412557700553,Prey,2,2.14957817304321
Prey,SSP1-2.6,79,1.53767136004115,1.17127525635444,131.281810291724,Prey,2,2.15355231237412
Prey,SSP1-2.6,80,1.53206860995885,1.17127525635444,130.803464142781,Prey,2,2.15774073498417
Prey,SSP1-2.6,81,1.44394943246914,1.17127525635444,123.280110685799,Prey,2,2.14062077176385
Prey,SSP1-2.6,82,1.42752377617284,1.17127525635444,121.877736973285,Prey,2,2.10989842480794
Prey,SSP1-2.6,83,1.51990023230453,1.17127525635444,129.764564226787,Prey,2,2.15134598003421
Prey,SSP1-2.6,84,1.45047764975309,1.17127525635444,123.837470473649,Prey,2,2.13656233330723
Prey,SSP1-2.6,85,1.47133860942387,1.17127525635444,125.618517205201,Prey,2,2.1234526859466
Prey,SSP1-2.6,86,1.45693290983539,1.17127525635444,124.388601392473,Prey,2,2.09504195856676
Prey,SSP1-2.6,87,1.44871816679012,1.17127525635444,123.687251047991,Prey,2,2.13069218702614
Prey,SSP1-2.6,88,1.47294616971193,1.17127525635444,125.755765924436,Prey,2,2.09493937187735
Prey,SSP1-2.6,89,1.44979124748971,1.17127525635444,123.778867488599,Prey,2,2.13197880028281
Prey,SSP1-2.6,90,1.4659900762963,1.17127525635444,125.161875344242,Prey,2,2.12324715177715
Prey,SSP1-2.6,91,1.48290322069959,1.17127525635444,126.605869342368,Prey,2,2.14238644176535
Prey,SSP1-2.6,92,1.5141416126749,1.17127525635444,129.272910399185,Prey,2,2.14753328617103
Prey,SSP1-2.6,93,1.5184780154321,1.17127525635444,129.643139577482,Prey,2,2.1155862799082
Prey,SSP1-2.6,94,1.50552653934156,1.17127525635444,128.537381044611,Prey,2,2.09772398057301
Prey,SSP1-2.6,95,1.50251363506173,1.17127525635444,128.280148232471,Prey,2,2.10634474635776
Prey,SSP1-2.6,96,1.53924184242798,1.17127525635444,131.415893409959,Prey,2,2.12654284873884
Prey,SSP1-2.6,97,1.49613773399177,1.17127525635444,127.735792750241,Prey,2,2.14111007093824
Prey,SSP1-2.6,98,1.48586472954733,1.17127525635444,126.85871416528,Prey,2,2.12630293781403
Prey,SSP1-2.6,99,1.5712925818107,1.17127525635444,134.152290273876,Prey,2,2.12249861121271
Prey,SSP1-2.6,100,1.49540351958848,1.17127525635444,127.673107706798,Prey,2,2.09896848982479
Prey,SSP5-8.5,1,1.78002854683128,1.17127525635444,151.973546540338,Prey,3,3.1406985859992
Prey,SSP5-8.5,2,1.89960101164609,1.17127525635444,162.182288180366,Prey,3,3.14511321100965
Prey,SSP5-8.5,3,1.8579069518107,1.17127525635444,158.622573279092,Prey,3,3.1499490691619
Prey,SSP5-8.5,4,1.86712968530864,1.17127525635444,159.409982852367,Prey,3,3.10958846188709
Prey,SSP5-8.5,5,1.93392701333333,1.17127525635444,165.112940177069,Prey,3,3.14815064612124
Prey,SSP5-8.5,6,1.8624496809465,1.17127525635444,159.010417990329,Prey,3,3.1370988527853
Prey,SSP5-8.5,7,1.84111958390947,1.17127525635444,157.189317704866,Prey,3,3.09460840958916
Prey,SSP5-8.5,8,1.84423408950617,1.17127525635444,157.455224935451,Prey,3,3.1117230213983
Prey,SSP5-8.5,9,1.85514780547325,1.17127525635444,158.387005565825,Prey,3,3.10732206457108
Prey,SSP5-8.5,10,1.82701175090535,1.17127525635444,155.98483285576,Prey,3,3.12157375982404
Prey,SSP5-8.5,11,1.86133965209877,1.17127525635444,158.915647026654,Prey,3,3.10866858536564
Prey,SSP5-8.5,12,1.87864477855967,1.17127525635444,160.393107287769,Prey,3,3.12431719346996
Prey,SSP5-8.5,13,1.75774786481481,1.17127525635444,150.071288134759,Prey,3,3.10523897858616
Prey,SSP5-8.5,14,1.92758702160494,1.17127525635444,164.57165052769,Prey,3,3.13968080317136
Prey,SSP5-8.5,15,1.90890699703704,1.17127525635444,162.976805552817,Prey,3,3.12481199229509
Prey,SSP5-8.5,16,1.87721278909465,1.17127525635444,160.270848283555,Prey,3,3.11644740670547
Prey,SSP5-8.5,17,1.85189063613169,1.17127525635444,158.108918128744,Prey,3,3.12951207834948
Prey,SSP5-8.5,18,1.81061378477366,1.17127525635444,154.584823247196,Prey,3,3.10520293436944
Prey,SSP5-8.5,19,1.85226408921811,1.17127525635444,158.140802443246,Prey,3,3.12427597798407
Prey,SSP5-8.5,20,1.89319498119342,1.17127525635444,161.635360340995,Prey,3,3.14256348631438
Prey,SSP5-8.5,21,1.81092864082305,1.17127525635444,154.611704720845,Prey,3,3.14090492650121
Prey,SSP5-8.5,22,1.79571463296296,1.17127525635444,153.312777950425,Prey,3,3.13774474899843
Prey,SSP5-8.5,23,1.82013408337449,1.17127525635444,155.397638044502,Prey,3,3.10412057734747
Prey,SSP5-8.5,24,1.81429887065844,1.17127525635444,154.899444926839,Prey,3,3.13780516985711
Prey,SSP5-8.5,25,1.83319895016461,1.17127525635444,156.513077538271,Prey,3,3.12008830436133
Prey,SSP5-8.5,26,1.84206198004115,1.17127525635444,157.2697766855,Prey,3,3.12524779740162
Prey,SSP5-8.5,27,1.82345787411523,1.17127525635444,155.681413418626,Prey,3,3.15289502787124
Prey,SSP5-8.5,28,1.82669543185185,1.17127525635444,155.957826475169,Prey,3,3.14668955871929
Prey,SSP5-8.5,29,1.89163604246914,1.17127525635444,161.502262786358,Prey,3,3.14945332035609
Prey,SSP5-8.5,30,1.82858046024691,1.17127525635444,156.118764596659,Prey,3,3.11198063999042
Prey,SSP5-8.5,31,1.71756548946502,1.17127525635444,146.640636361677,Prey,3,3.12670610189624
Prey,SSP5-8.5,32,1.85388623024691,1.17127525635444,158.279296022787,Prey,3,3.11241035817191
Prey,SSP5-8.5,33,1.79314110201646,1.17127525635444,153.093057527532,Prey,3,3.14701663076039
Prey,SSP5-8.5,34,1.81414062522634,1.17127525635444,154.8859344022,Prey,3,3.12289820858464
Prey,SSP5-8.5,35,1.7571235308642,1.17127525635444,150.017984357767,Prey,3,3.11341156684328
Prey,SSP5-8.5,36,1.88380748596708,1.17127525635444,160.833883901071,Prey,3,3.13873995552771
Prey,SSP5-8.5,37,1.85638840045268,1.17127525635444,158.492923877742,Prey,3,3.12802587980498
Prey,SSP5-8.5,38,1.84998561176955,1.17127525635444,157.946272811019,Prey,3,3.15292240413558
Prey,SSP5-8.5,39,1.85139239053498,1.17127525635444,158.066379400635,Prey,3,3.12667897100374
Prey,SSP5-8.5,40,1.86513636720165,1.17127525635444,159.239799277142,Prey,3,3.12356301011331
Prey,SSP5-8.5,41,1.7655026644856,1.17127525635444,150.733369881019,Prey,3,3.10470017896127
Prey,SSP5-8.5,42,1.78017490378601,1.17127525635444,151.986042062115,Prey,3,3.1416829670202
Prey,SSP5-8.5,43,1.87724465316872,1.17127525635444,160.273568743489,Prey,3,3.10340976252034
Prey,SSP5-8.5,44,1.89526849242798,1.17127525635444,161.812390567094,Prey,3,3.11948984393198
Prey,SSP5-8.5,45,1.8274649237037,1.17127525635444,156.023523402315,Prey,3,3.13609818859305
Prey,SSP5-8.5,46,1.80781867761317,1.17127525635444,154.346185305745,Prey,3,3.11920081131719
Prey,SSP5-8.5,47,1.80515270234568,1.17127525635444,154.118572261499,Prey,3,3.13213442441542
Prey,SSP5-8.5,48,1.87942220300412,1.17127525635444,160.459481476093,Prey,3,3.09892674361821
Prey,SSP5-8.5,49,1.89415642580247,1.17127525635444,161.717445624009,Prey,3,3.12978307589702
Prey,SSP5-8.5,50,1.83632579156379,1.17127525635444,156.780037963006,Prey,3,3.09547720652819
Prey,SSP5-8.5,51,1.87914054518519,1.17127525635444,160.435434368686,Prey,3,3.09859706339706
Prey,SSP5-8.5,52,1.80183170407407,1.17127525635444,153.835035300089,Prey,3,3.15410919152387
Prey,SSP5-8.5,53,1.90975600090535,1.17127525635444,163.049290979595,Prey,3,3.1329603501074
Prey,SSP5-8.5,54,1.77212110411523,1.17127525635444,151.298432584574,Prey,3,3.1147681069402
Prey,SSP5-8.5,55,1.80326751374486,1.17127525635444,153.957620462117,Prey,3,3.1380707017621
Prey,SSP5-8.5,56,1.82419226847737,1.17127525635444,155.744113826421,Prey,3,3.15724118098337
Prey,SSP5-8.5,57,1.84777941880658,1.17127525635444,157.757914613319,Prey,3,3.10623326336406
Prey,SSP5-8.5,58,1.84208088691358,1.17127525635444,157.271390898071,Prey,3,3.09142595179193
Prey,SSP5-8.5,59,1.89482523975309,1.17127525635444,161.774546971194,Prey,3,3.1297704058094
Prey,SSP5-8.5,60,1.73265959967078,1.17127525635444,147.929326626742,Prey,3,3.1180961092459
Prey,SSP5-8.5,61,1.83426686020576,1.17127525635444,156.60425252343,Prey,3,3.13700864857063
Prey,SSP5-8.5,62,1.85095801839506,1.17127525635444,158.029293998416,Prey,3,3.14112449023034
Prey,SSP5-8.5,63,1.76056073695473,1.17127525635444,150.31144279735,Prey,3,3.11943307149503
Prey,SSP5-8.5,64,1.84758128518519,1.17127525635444,157.740998553639,Prey,3,3.10202977896389
Prey,SSP5-8.5,65,1.82137325098765,1.17127525635444,155.503434492129,Prey,3,3.11275641057454
Prey,SSP5-8.5,66,1.84323185909465,1.17127525635444,157.36965748185,Prey,3,3.15050863937475
Prey,SSP5-8.5,67,1.84067942917695,1.17127525635444,157.151738602078,Prey,3,3.13835003930796
Prey,SSP5-8.5,68,1.87394179024691,1.17127525635444,159.991580124342,Prey,3,3.11273447769228
Prey,SSP5-8.5,69,1.81723070703704,1.17127525635444,155.149756402531,Prey,3,3.1531008396158
Prey,SSP5-8.5,70,1.8374400544856,1.17127525635444,156.87517041934,Prey,3,3.14199461470731
Prey,SSP5-8.5,71,1.85991466588477,1.17127525635444,158.793985939197,Prey,3,3.11780264456477
Prey,SSP5-8.5,72,1.86217924024691,1.17127525635444,158.98732856723,Prey,3,3.10635822087806
Prey,SSP5-8.5,73,1.83860595946502,1.17127525635444,156.974711921058,Prey,3,3.10536512515135
Prey,SSP5-8.5,74,1.8654899572428,1.17127525635444,159.269987743878,Prey,3,3.15724907862209
Prey,SSP5-8.5,75,1.78418929399177,1.17127525635444,152.32877876589,Prey,3,3.14396343187802
Prey,SSP5-8.5,76,1.82666519329218,1.17127525635444,155.955244796822,Prey,3,3.12113335028291
Prey,SSP5-8.5,77,1.8538659400823,1.17127525635444,158.277563708841,Prey,3,3.10063439098652
Prey,SSP5-8.5,78,1.82168113255144,1.17127525635444,155.529720504928,Prey,3,3.0922266091248
Prey,SSP5-8.5,79,1.79602488514403,1.17127525635444,153.339266359481,Prey,3,3.12032409627549
Prey,SSP5-8.5,80,1.84155673271605,1.17127525635444,157.226640170632,Prey,3,3.09798485677782
Prey,SSP5-8.5,81,1.77296820386831,1.17127525635444,151.370755443653,Prey,3,3.13849745805003
Prey,SSP5-8.5,82,1.82179772769547,1.17127525635444,155.539675051768,Prey,3,3.1450428020386
Prey,SSP5-8.5,83,1.81098459452675,1.17127525635444,154.616481881755,Prey,3,3.11575304269977
Prey,SSP5-8.5,84,1.81585734218107,1.17127525635444,155.032502593188,Prey,3,3.09425560258981
Prey,SSP5-8.5,85,1.8134706081893,1.17127525635444,154.828730339072,Prey,3,3.13690772582777
Prey,SSP5-8.5,86,1.84076754481481,1.17127525635444,157.159261653332,Prey,3,3.14865161108132
Prey,SSP5-8.5,87,1.81251494847737,1.17127525635444,154.74713895338,Prey,3,3.10456430122908
Prey,SSP5-8.5,88,1.83033064020576,1.17127525635444,156.268189759477,Prey,3,3.13348599092755
Prey,SSP5-8.5,89,1.83560915308642,1.17127525635444,156.718853499876,Prey,3,3.15580891837552
Prey,SSP5-8.5,90,1.81110521131687,1.17127525635444,154.626779784786,Prey,3,3.10719128398038
Prey,SSP5-8.5,91,1.80762235761317,1.17127525635444,154.329424087668,Prey,3,3.15637704732828
Prey,SSP5-8.5,92,1.7924653963786,1.17127525635444,153.035367788575,Prey,3,3.1043883944815
Prey,SSP5-8.5,93,1.84729678658436,1.17127525635444,157.716708908716,Prey,3,3.15578909825906
Prey,SSP5-8.5,94,1.87494063345679,1.17127525635444,160.076858388734,Prey,3,3.12474694406055
Prey,SSP5-8.5,95,1.87514014263374,1.17127525635444,160.09389188926,Prey,3,3.10481680838298
Prey,SSP5-8.5,96,1.83649087390947,1.17127525635444,156.794132203005,Prey,3,3.15639415947255
Prey,SSP5-8.5,97,1.73131364020576,1.17127525635444,147.814412608221,Prey,3,3.11162590970844
Prey,SSP5-8.5,98,1.87980751613169,1.17127525635444,160.492378365657,Prey,3,3.10298562715761
Prey,SSP5-8.5,99,1.86611158489712,1.17127525635444,159.323060465337,Prey,3,3.12031189131457
Prey,SSP5-8.5,100,1.80623388028807,1.17127525635444,154.210880020629,Prey,3,3.15464607256837
