species,scenario,run,latin,species_order,maintenance,base_mean,maintenance_index,scenario_x,point_x,species_label
DecapterusMaruadsi,Base,1,Decapterus maruadsi,10,0.416642804888889,0.411889757907778,101.153960954323,1,1.14283630885184,bolditalic('Decapterus maruadsi')
DecapterusMaruadsi,Base,2,Decapterus maruadsi,10,0.414729363666667,0.411889757907778,100.689409169413,1,1.13353289487958,bolditalic('Decapterus maruadsi')
DecapterusMaruadsi,Base,3,Decapterus maruadsi,10,0.426780791555556,0.411889757907778,103.615295928556,1,1.14704081198573,bolditalic('Decapterus maruadsi')
DecapterusMaruadsi,Base,4,Decapterus maruadsi,10,0.415703927888889,0.411889757907778,100.926017194622,1,1.13770963741839,bolditalic('Decapterus maruadsi')
DecapterusMaruadsi,Base,5,Decapterus maruadsi,10,0.397988226666667,0.411889757907778,96.6249388400128,1,1.14839243352413,bolditalic('Decapterus maruadsi')
DecapterusMaruadsi,Base,6,Decapterus maruadsi,10,0.409534795888889,0.411889757907778,99.428254290456,1,1.15252113302052,bolditalic('Decapterus maruadsi')
DecapterusMaruadsi,Base,7,Decapterus maruadsi,10,0.408954134444444,0.411889757907778,99.2872793248743,1,1.12120243531466,bolditalic('Decapterus maruadsi')
DecapterusMaruadsi,Base,8,Decapterus maruadsi,10,0.406029855555556,0.411889757907778,98.5773129242185,1,1.09818656948209,bolditalic('Decapterus maruadsi')
DecapterusMaruadsi,Base,9,Decapterus maruadsi,10,0.407482815111111,0.411889757907778,98.9300673998178,1,1.14571913427114,bolditalic('Decapterus maruadsi')
DecapterusMaruadsi,Base,10,Decapterus maruadsi,10,0.404808289333333,0.411889757907778,98.2807369111542,1,1.13720260550082,bolditalic('Decapterus maruadsi')
DecapterusMaruadsi,Base,11,Decapterus maruadsi,10,0.416984649,0.411889757907778,101.236955033333,1,1.0942052937001,bolditalic('Decapterus maruadsi')
DecapterusMaruadsi,Base,12,Decapterus maruadsi,10,0.417836847777778,0.411889757907778,101.443854758664,1,1.1181454795897,bolditalic('Decapterus maruadsi')
DecapterusMaruadsi,Base,13,Decapterus maruadsi,10,0.407247292444445,0.411889757907778,98.8728864036546,1,1.14313531921804,bolditalic('Decapterus maruadsi')
DecapterusMaruadsi,Base,14,Decapterus maruadsi,10,0.415714057,0.411889757907778,100.928476374758,1,1.12138422882557,bolditalic('Decapterus maruadsi')
DecapterusMaruadsi,Base,15,Decapterus maruadsi,10,0.408992348,0.411889757907778,99.2965569422033,1,1.12454099470377,bolditalic('Decapterus maruadsi')
DecapterusMaruadsi,Base,16,Decapterus maruadsi,10,0.426300592,0.411889757907778,103.498711442941,1,1.1063472763449,bolditalic('Decapterus maruadsi')
DecapterusMaruadsi,Base,17,Decapterus maruadsi,10,0.417168867888889,0.411889757907778,101.281680323378,1,1.14948345071077,bolditalic('Decapterus maruadsi')
DecapterusMaruadsi,Base,18,Decapterus maruadsi,10,0.413812031333333,0.411889757907778,100.466696097354,1,1.14090404982865,bolditalic('Decapterus maruadsi')
DecapterusMaruadsi,Base,19,Decapterus maruadsi,10,0.411598490777778,0.411889757907778,99.9292851729358,1,1.13706893739104,bolditalic('Decapterus maruadsi')
DecapterusMaruadsi,Base,20,Decapterus maruadsi,10,0.393242880555556,0.411889757907778,95.472847529169,1,1.12379997812212,bolditalic('Decapterus maruadsi')
DecapterusMaruadsi,Base,21,Decapterus maruadsi,10,0.391684659444444,0.411889757907778,95.0945372941617,1,1.11391392730176,bolditalic('Decapterus maruadsi')
DecapterusMaruadsi,Base,22,Decapterus maruadsi,10,0.410979937,0.411889757907778,99.7791105774518,1,1.12269944222271,bolditalic('Decapterus maruadsi')
DecapterusMaruadsi,Base,23,Decapterus maruadsi,10,0.418034947222222,0.411889757907778,101.49195001732,1,1.117334293589,bolditalic('Decapterus maruadsi')
DecapterusMaruadsi,Base,24,Decapterus maruadsi,10,0.420564088333333,0.411889757907778,102.105983520838,1,1.12288291084766,bolditalic('Decapterus maruadsi')
DecapterusMaruadsi,Base,25,Decapterus maruadsi,10,0.415096512222222,0.411889757907778,100.778546747735,1,1.10068961432576,bolditalic('Decapterus maruadsi')
DecapterusMaruadsi,Base,26,Decapterus maruadsi,10,0.416058758888889,0.411889757907778,101.012164274802,1,1.1078233294338,bolditalic('Decapterus maruadsi')
DecapterusMaruadsi,Base,27,Decapterus maruadsi,10,0.412379050666667,0.411889757907778,100.118792164528,1,1.10308046935499,bolditalic('Decapterus maruadsi')
DecapterusMaruadsi,Base,28,Decapterus maruadsi,10,0.418041269222222,0.411889757907778,101.493484894038,1,1.13157408469915,bolditalic('Decapterus maruadsi')
DecapterusMaruadsi,Base,29,Decapterus maruadsi,10,0.415588047111111,0.411889757907778,100.89788326423,1,1.11758311040699,bolditalic('Decapterus maruadsi')
DecapterusMaruadsi,Base,30,Decapterus maruadsi,10,0.418637946333333,0.411889757907778,101.638348197788,1,1.10351037569344,bolditalic('Decapterus maruadsi')
DecapterusMaruadsi,Base,31,Decapterus maruadsi,10,0.410520795555556,0.411889757907778,99.6676386518627,1,1.1420808544606,bolditalic('Decapterus maruadsi')
DecapterusMaruadsi,Base,32,Decapterus maruadsi,10,0.405902182444444,0.411889757907778,98.5463160109278,1,1.14207116889954,bolditalic('Decapterus maruadsi')
DecapterusMaruadsi,Base,33,Decapterus maruadsi,10,0.404383879222222,0.411889757907778,98.1776971771082,1,1.1306330241859,bolditalic('Decapterus maruadsi')
DecapterusMaruadsi,Base,34,Decapterus maruadsi,10,0.421341741,0.411889757907778,102.294784687105,1,1.11053568463027,bolditalic('Decapterus maruadsi')
DecapterusMaruadsi,Base,35,Decapterus maruadsi,10,0.401309444888889,0.411889757907778,97.4312755256086,1,1.15183555600047,bolditalic('Decapterus maruadsi')
DecapterusMaruadsi,Base,36,Decapterus maruadsi,10,0.416128539555556,0.411889757907778,101.029105863013,1,1.11654762122035,bolditalic('Decapterus maruadsi')
DecapterusMaruadsi,Base,37,Decapterus maruadsi,10,0.408056772555556,0.411889757907778,99.0694147454184,1,1.15158214442432,bolditalic('Decapterus maruadsi')
DecapterusMaruadsi,Base,38,Decapterus maruadsi,10,0.410099760222222,0.411889757907778,99.5654182578736,1,1.13488963837922,bolditalic('Decapterus maruadsi')
DecapterusMaruadsi,Base,39,Decapterus maruadsi,10,0.412529293333333,0.411889757907778,100.15526859148,1,1.15142957930267,bolditalic('Decapterus maruadsi')
DecapterusMaruadsi,Base,40,Decapterus maruadsi,10,0.423747895777778,0.411889757907778,102.878959149223,1,1.11232165054977,bolditalic('Decapterus maruadsi')
DecapterusMaruadsi,Base,41,Decapterus maruadsi,10,0.414983651222222,0.411889757907778,100.75114596929,1,1.1196886497587,bolditalic('Decapterus maruadsi')
DecapterusMaruadsi,Base,42,Decapterus maruadsi,10,0.415788880444444,0.411889757907778,100.946642265754,1,1.15674721948802,bolditalic('Decapterus maruadsi')
DecapterusMaruadsi,Base,43,Decapterus maruadsi,10,0.406769578333333,0.411889757907778,98.7569053427176,1,1.11348427914083,bolditalic('Decapterus maruadsi')
DecapterusMaruadsi,Base,44,Decapterus maruadsi,10,0.411700188,0.411889757907778,99.953975571342,1,1.13433626943827,bolditalic('Decapterus maruadsi')
DecapterusMaruadsi,Base,45,Decapterus maruadsi,10,0.419891883222222,0.411889757907778,101.942783271692,1,1.13278919267654,bolditalic('Decapterus maruadsi')
DecapterusMaruadsi,Base,46,Decapterus maruadsi,10,0.417827289555556,0.411889757907778,101.441534180878,1,1.12103049886227,bolditalic('Decapterus maruadsi')
DecapterusMaruadsi,Base,47,Decapterus maruadsi,10,0.418846611555556,0.411889757907778,101.689008652003,1,1.10583740787208,bolditalic('Decapterus maruadsi')
DecapterusMaruadsi,Base,48,Decapterus maruadsi,10,0.406672017666667,0.411889757907778,98.7332192313752,1,1.13278291577101,bolditalic('Decapterus maruadsi')
DecapterusMaruadsi,Base,49,Decapterus maruadsi,10,0.414794441222222,0.411889757907778,100.70520892027,1,1.13005678495765,bolditalic('Decapterus maruadsi')
DecapterusMaruadsi,Base,50,Decapterus maruadsi,10,0.416004213888889,0.411889757907778,100.9989216537,1,1.13950765199959,bolditalic('Decapterus maruadsi')
DecapterusMaruadsi,Base,51,Decapterus maruadsi,10,0.407302270777778,0.411889757907778,98.8862342309014,1,1.12936072255671,bolditalic('Decapterus maruadsi')
DecapterusMaruadsi,Base,52,Decapterus maruadsi,10,0.410558343555556,0.411889757907778,99.6767546833442,1,1.12318762132525,bolditalic('Decapterus maruadsi')
DecapterusMaruadsi,Base,53,Decapterus maruadsi,10,0.417823968222222,0.411889757907778,101.440727816246,1,1.11385706152022,bolditalic('Decapterus maruadsi')
DecapterusMaruadsi,Base,54,Decapterus maruadsi,10,0.412560561111111,0.411889757907778,100.162859889195,1,1.14310121189058,bolditalic('Decapterus maruadsi')
DecapterusMaruadsi,Base,55,Decapterus maruadsi,10,0.405883407222222,0.411889757907778,98.5417576984518,1,1.14235099835694,bolditalic('Decapterus maruadsi')
DecapterusMaruadsi,Base,56,Decapterus maruadsi,10,0.408788811444444,0.411889757907778,99.2471416431704,1,1.13154196026921,bolditalic('Decapterus maruadsi')
DecapterusMaruadsi,Base,57,Decapterus maruadsi,10,0.418860526666667,0.411889757907778,101.692387010131,1,1.15654421004653,bolditalic('Decapterus maruadsi')
DecapterusMaruadsi,Base,58,Decapterus maruadsi,10,0.416330545555556,0.411889757907778,101.078149568549,1,1.11525295478106,bolditalic('Decapterus maruadsi')
DecapterusMaruadsi,Base,59,Decapterus maruadsi,10,0.409521139333333,0.411889757907778,99.4249387053283,1,1.1569386177808,bolditalic('Decapterus maruadsi')
DecapterusMaruadsi,Base,60,Decapterus maruadsi,10,0.411052924,0.411889757907778,99.7968306102029,1,1.15633069215715,bolditalic('Decapterus maruadsi')
DecapterusMaruadsi,Base,61,Decapterus maruadsi,10,0.411485900777778,0.411889757907778,99.9019501887954,1,1.14772067308426,bolditalic('Decapterus maruadsi')
DecapterusMaruadsi,Base,62,Decapterus maruadsi,10,0.411425872,0.411889757907778,99.8873761974238,1,1.12168527421355,bolditalic('Decapterus maruadsi')
DecapterusMaruadsi,Base,63,Decapterus maruadsi,10,0.414203257,0.411889757907778,100.561679198816,1,1.09959415529668,bolditalic('Decapterus maruadsi')
DecapterusMaruadsi,Base,64,Decapterus maruadsi,10,0.408222088,0.411889757907778,99.1095505927586,1,1.103811726138,bolditalic('Decapterus maruadsi')
DecapterusMaruadsi,Base,65,Decapterus maruadsi,10,0.419193573555556,0.411889757907778,101.77324526953,1,1.14931087143719,bolditalic('Decapterus maruadsi')
DecapterusMaruadsi,Base,66,Decapterus maruadsi,10,0.415233064888889,0.411889757907778,100.811699469803,1,1.11590433464944,bolditalic('Decapterus maruadsi')
DecapterusMaruadsi,Base,67,Decapterus maruadsi,10,0.409852028444444,0.411889757907778,99.5052730920806,1,1.13539668484032,bolditalic('Decapterus maruadsi')
DecapterusMaruadsi,Base,68,Decapterus maruadsi,10,0.407713366666667,0.411889757907778,98.9860414926739,1,1.1173542688489,bolditalic('Decapterus maruadsi')
DecapterusMaruadsi,Base,69,Decapterus maruadsi,10,0.425996886333333,0.411889757907778,103.424976745529,1,1.11614875608683,bolditalic('Decapterus maruadsi')
DecapterusMaruadsi,Base,70,Decapterus maruadsi,10,0.415467998,0.411889757907778,100.868737331658,1,1.10432045999169,bolditalic('Decapterus maruadsi')
DecapterusMaruadsi,Base,71,Decapterus maruadsi,10,0.407208917777778,0.411889757907778,98.8635696712207,1,1.14346984621882,bolditalic('Decapterus maruadsi')
DecapterusMaruadsi,Base,72,Decapterus maruadsi,10,0.407469218,0.411889757907778,98.9267662468151,1,1.11092730979621,bolditalic('Decapterus maruadsi')
DecapterusMaruadsi,Base,73,Decapterus maruadsi,10,0.408376350444444,0.411889757907778,99.1470029550673,1,1.10773524525762,bolditalic('Decapterus maruadsi')
DecapterusMaruadsi,Base,74,Decapterus maruadsi,10,0.423236062888889,0.411889757907778,102.75469461507,1,1.09434820477664,bolditalic('Decapterus maruadsi')
DecapterusMaruadsi,Base,75,Decapterus maruadsi,10,0.410774011222222,0.411889757907778,99.7291152149004,1,1.11307683548331,bolditalic('Decapterus maruadsi')
DecapterusMaruadsi,Base,76,Decapterus maruadsi,10,0.405002620444444,0.411889757907778,98.3279172809935,1,1.12735453765094,bolditalic('Decapterus maruadsi')
DecapterusMaruadsi,Base,77,Decapterus maruadsi,10,0.401938604777778,0.411889757907778,97.5840251089157,1,1.15432459114492,bolditalic('Decapterus maruadsi')
DecapterusMaruadsi,Base,78,Decapterus maruadsi,10,0.406737733666667,0.411889757907778,98.7491739859518,1,1.0950145419538,bolditalic('Decapterus maruadsi')
DecapterusMaruadsi,Base,79,Decapterus maruadsi,10,0.416342911555556,0.411889757907778,101.081151828197,1,1.11834724368155,bolditalic('Decapterus maruadsi')
DecapterusMaruadsi,Base,80,Decapterus maruadsi,10,0.410841305444444,0.411889757907778,99.7454531356498,1,1.11472567088902,bolditalic('Decapterus maruadsi')
DecapterusMaruadsi,Base,81,Decapterus maruadsi,10,0.410714747555556,0.411889757907778,99.7147269798136,1,1.14372390511632,bolditalic('Decapterus maruadsi')
DecapterusMaruadsi,Base,82,Decapterus maruadsi,10,0.404051382777778,0.411889757907778,98.0969725564881,1,1.1418685773313,bolditalic('Decapterus maruadsi')
DecapterusMaruadsi,Base,83,Decapterus maruadsi,10,0.417108159444445,0.411889757907778,101.266941320215,1,1.13037298928201,bolditalic('Decapterus maruadsi')
DecapterusMaruadsi,Base,84,Decapterus maruadsi,10,0.415995249444444,0.411889757907778,100.996745235308,1,1.12969535593689,bolditalic('Decapterus maruadsi')
DecapterusMaruadsi,Base,85,Decapterus maruadsi,10,0.417737414555556,0.411889757907778,101.419714021898,1,1.13489065800607,bolditalic('Decapterus maruadsi')
DecapterusMaruadsi,Base,86,Decapterus maruadsi,10,0.405108386666667,0.411889757907778,98.3535955650956,1,1.13889689871669,bolditalic('Decapterus maruadsi')
DecapterusMaruadsi,Base,87,Decapterus maruadsi,10,0.404269331666667,0.411889757907778,98.1498869309547,1,1.1007139018625,bolditalic('Decapterus maruadsi')
DecapterusMaruadsi,Base,88,Decapterus maruadsi,10,0.412800289222222,0.411889757907778,100.221061897501,1,1.11832422064245,bolditalic('Decapterus maruadsi')
DecapterusMaruadsi,Base,89,Decapterus maruadsi,10,0.408881157888889,0.411889757907778,99.2695618278611,1,1.10920870903134,bolditalic('Decapterus maruadsi')
DecapterusMaruadsi,Base,90,Decapterus maruadsi,10,0.409574501777778,0.411889757907778,99.4378942215606,1,1.14368599659204,bolditalic('Decapterus maruadsi')
DecapterusMaruadsi,Base,91,Decapterus maruadsi,10,0.413516324666667,0.411889757907778,100.394903424438,1,1.11472201509774,bolditalic('Decapterus maruadsi')
DecapterusMaruadsi,Base,92,Decapterus maruadsi,10,0.410803415666667,0.411889757907778,99.7362541261941,1,1.14634800086916,bolditalic('Decapterus maruadsi')
DecapterusMaruadsi,Base,93,Decapterus maruadsi,10,0.415662251111111,0.411889757907778,100.915898764392,1,1.13195984511077,bolditalic('Decapterus maruadsi')
DecapterusMaruadsi,Base,94,Decapterus maruadsi,10,0.410468578,0.411889757907778,99.654961095659,1,1.0966814186424,bolditalic('Decapterus maruadsi')
DecapterusMaruadsi,Base,95,Decapterus maruadsi,10,0.411381244333333,0.411889757907778,99.8765413403266,1,1.10624818313122,bolditalic('Decapterus maruadsi')
DecapterusMaruadsi,Base,96,Decapterus maruadsi,10,0.401845873111111,0.411889757907778,97.5615113986603,1,1.15594453218579,bolditalic('Decapterus maruadsi')
DecapterusMaruadsi,Base,97,Decapterus maruadsi,10,0.407077108222222,0.411889757907778,98.8315684978422,1,1.12326814959943,bolditalic('Decapterus maruadsi')
DecapterusMaruadsi,Base,98,Decapterus maruadsi,10,0.405842598111111,0.411889757907778,98.5318499232941,1,1.15182183933258,bolditalic('Decapterus maruadsi')
DecapterusMaruadsi,Base,99,Decapterus maruadsi,10,0.413819758888889,0.411889757907778,100.468572219643,1,1.14385936354101,bolditalic('Decapterus maruadsi')
DecapterusMaruadsi,Base,100,Decapterus maruadsi,10,0.40499641,0.411889757907778,98.3264094881133,1,1.13001963661611,bolditalic('Decapterus maruadsi')
DecapterusMaruadsi,SSP1-2.6,1,Decapterus maruadsi,10,0.452212927119342,0.411889757907778,109.789796526233,2,2.1494370021224,bolditalic('Decapterus maruadsi')
DecapterusMaruadsi,SSP1-2.6,2,Decapterus maruadsi,10,0.446229914444444,0.411889757907778,108.337220306496,2,2.13007636271417,bolditalic('Decapterus maruadsi')
DecapterusMaruadsi,SSP1-2.6,3,Decapterus maruadsi,10,0.443821167572016,0.411889757907778,107.7524165268,2,2.10793756245077,bolditalic('Decapterus maruadsi')
DecapterusMaruadsi,SSP1-2.6,4,Decapterus maruadsi,10,0.447058479465021,0.411889757907778,108.538382147661,2,2.11910467790067,bolditalic('Decapterus maruadsi')
DecapterusMaruadsi,SSP1-2.6,5,Decapterus maruadsi,10,0.450277135308642,0.411889757907778,109.319818389235,2,2.14121946804225,bolditalic('Decapterus maruadsi')
DecapterusMaruadsi,SSP1-2.6,6,Decapterus maruadsi,10,0.447099091769547,0.411889757907778,108.548242141445,2,2.15199880164862,bolditalic('Decapterus maruadsi')
DecapterusMaruadsi,SSP1-2.6,7,Decapterus maruadsi,10,0.444153193621399,0.411889757907778,107.833026943303,2,2.12013087540865,bolditalic('Decapterus maruadsi')
DecapterusMaruadsi,SSP1-2.6,8,Decapterus maruadsi,10,0.450256016872428,0.411889757907778,109.314691183275,2,2.15587595620751,bolditalic('Decapterus maruadsi')
DecapterusMaruadsi,SSP1-2.6,9,Decapterus maruadsi,10,0.451273516008231,0.411889757907778,109.561723093214,2,2.15400885595381,bolditalic('Decapterus maruadsi')
DecapterusMaruadsi,SSP1-2.6,10,Decapterus maruadsi,10,0.44714794218107,0.411889757907778,108.560102210938,2,2.12216381715238,bolditalic('Decapterus maruadsi')
DecapterusMaruadsi,SSP1-2.6,11,Decapterus maruadsi,10,0.448849601851852,0.411889757907778,108.973236948599,2,2.14026334708929,bolditalic('Decapterus maruadsi')
DecapterusMaruadsi,SSP1-2.6,12,Decapterus maruadsi,10,0.447382211481481,0.411889757907778,108.616978910568,2,2.14619681963325,bolditalic('Decapterus maruadsi')
DecapterusMaruadsi,SSP1-2.6,13,Decapterus maruadsi,10,0.453831268312757,0.411889757907778,110.182702919836,2,2.11502413412929,bolditalic('Decapterus maruadsi')
DecapterusMaruadsi,SSP1-2.6,14,Decapterus maruadsi,10,0.450493252222222,0.411889757907778,109.372287990489,2,2.11281817288697,bolditalic('Decapterus maruadsi')
DecapterusMaruadsi,SSP1-2.6,15,Decapterus maruadsi,10,0.445911571604938,0.411889757907778,108.259931946348,2,2.09998176452518,bolditalic('Decapterus maruadsi')
DecapterusMaruadsi,SSP1-2.6,16,Decapterus maruadsi,10,0.449238185432099,0.411889757907778,109.06757859531,2,2.12910935848951,bolditalic('Decapterus maruadsi')
DecapterusMaruadsi,SSP1-2.6,17,Decapterus maruadsi,10,0.448025421234568,0.411889757907778,108.773139567816,2,2.13904219567776,bolditalic('Decapterus maruadsi')
DecapterusMaruadsi,SSP1-2.6,18,Decapterus maruadsi,10,0.446644803744856,0.411889757907778,108.437948545654,2,2.15307881607115,bolditalic('Decapterus maruadsi')
DecapterusMaruadsi,SSP1-2.6,19,Decapterus maruadsi,10,0.448605819135803,0.411889757907778,108.914050549479,2,2.1566057896018,bolditalic('Decapterus maruadsi')
DecapterusMaruadsi,SSP1-2.6,20,Decapterus maruadsi,10,0.445339839300412,0.411889757907778,108.121124827805,2,2.11764671166241,bolditalic('Decapterus maruadsi')
DecapterusMaruadsi,SSP1-2.6,21,Decapterus maruadsi,10,0.447520906707819,0.411889757907778,108.65065181058,2,2.13795211967826,bolditalic('Decapterus maruadsi')
DecapterusMaruadsi,SSP1-2.6,22,Decapterus maruadsi,10,0.443730842304527,0.411889757907778,107.730487050343,2,2.13478851819038,bolditalic('Decapterus maruadsi')
DecapterusMaruadsi,SSP1-2.6,23,Decapterus maruadsi,10,0.455259963744856,0.411889757907778,110.5295664688,2,2.13192245092988,bolditalic('Decapterus maruadsi')
DecapterusMaruadsi,SSP1-2.6,24,Decapterus maruadsi,10,0.447493690946502,0.411889757907778,108.644044275239,2,2.13069434720278,bolditalic('Decapterus maruadsi')
DecapterusMaruadsi,SSP1-2.6,25,Decapterus maruadsi,10,0.450533673950617,0.411889757907778,109.38210171555,2,2.10987964138389,bolditalic('Decapterus maruadsi')
DecapterusMaruadsi,SSP1-2.6,26,Decapterus maruadsi,10,0.44008118473251,0.411889757907778,106.844410739401,2,2.13894963411987,bolditalic('Decapterus maruadsi')
DecapterusMaruadsi,SSP1-2.6,27,Decapterus maruadsi,10,0.449073098436214,0.411889757907778,109.02749821149,2,2.10542330893874,bolditalic('Decapterus maruadsi')
DecapterusMaruadsi,SSP1-2.6,28,Decapterus maruadsi,10,0.448033986090535,0.411889757907778,108.775218972755,2,2.11686644698679,bolditalic('Decapterus maruadsi')
DecapterusMaruadsi,SSP1-2.6,29,Decapterus maruadsi,10,0.455926928477366,0.411889757907778,110.691494440959,2,2.13146947570145,bolditalic('Decapterus maruadsi')
DecapterusMaruadsi,SSP1-2.6,30,Decapterus maruadsi,10,0.439061671316872,0.411889757907778,106.596889795735,2,2.13270968359709,bolditalic('Decapterus maruadsi')
DecapterusMaruadsi,SSP1-2.6,31,Decapterus maruadsi,10,0.445621562633745,0.411889757907778,108.189522579369,2,2.13024820321798,bolditalic('Decapterus maruadsi')
DecapterusMaruadsi,SSP1-2.6,32,Decapterus maruadsi,10,0.445860059218107,0.411889757907778,108.247425593412,2,2.14168599766493,bolditalic('Decapterus maruadsi')
DecapterusMaruadsi,SSP1-2.6,33,Decapterus maruadsi,10,0.443694556625514,0.411889757907778,107.721677489455,2,2.12906742353737,bolditalic('Decapterus maruadsi')
DecapterusMaruadsi,SSP1-2.6,34,Decapterus maruadsi,10,0.450485542304527,0.411889757907778,109.370416150379,2,2.09932285687327,bolditalic('Decapterus maruadsi')
DecapterusMaruadsi,SSP1-2.6,35,Decapterus maruadsi,10,0.448993141399177,0.411889757907778,109.008085969379,2,2.13140517865121,bolditalic('Decapterus maruadsi')
DecapterusMaruadsi,SSP1-2.6,36,Decapterus maruadsi,10,0.441264877037037,0.411889757907778,107.131791593574,2,2.13304238897562,bolditalic('Decapterus maruadsi')
DecapterusMaruadsi,SSP1-2.6,37,Decapterus maruadsi,10,0.457375217078189,0.411889757907778,111.04311488624,2,2.12896307101846,bolditalic('Decapterus maruadsi')
DecapterusMaruadsi,SSP1-2.6,38,Decapterus maruadsi,10,0.445978070288066,0.411889757907778,108.276076723403,2,2.14479714313149,bolditalic('Decapterus maruadsi')
DecapterusMaruadsi,SSP1-2.6,39,Decapterus maruadsi,10,0.446511894279835,0.411889757907778,108.405680332505,2,2.13063428647816,bolditalic('Decapterus maruadsi')
DecapterusMaruadsi,SSP1-2.6,40,Decapterus maruadsi,10,0.443568315843621,0.411889757907778,107.691028321937,2,2.09390505544841,bolditalic('Decapterus maruadsi')
DecapterusMaruadsi,SSP1-2.6,41,Decapterus maruadsi,10,0.45229379090535,0.411889757907778,109.809428911951,2,2.10201912687719,bolditalic('Decapterus maruadsi')
DecapterusMaruadsi,SSP1-2.6,42,Decapterus maruadsi,10,0.444036403827161,0.411889757907778,107.804672318796,2,2.12595484350622,bolditalic('Decapterus maruadsi')
DecapterusMaruadsi,SSP1-2.6,43,Decapterus maruadsi,10,0.442278781481481,0.411889757907778,107.377950772087,2,2.09852742788196,bolditalic('Decapterus maruadsi')
DecapterusMaruadsi,SSP1-2.6,44,Decapterus maruadsi,10,0.451581177942387,0.411889757907778,109.636418306739,2,2.11738855288923,bolditalic('Decapterus maruadsi')
DecapterusMaruadsi,SSP1-2.6,45,Decapterus maruadsi,10,0.446934126419753,0.411889757907778,108.508191291278,2,2.13461010472476,bolditalic('Decapterus maruadsi')
DecapterusMaruadsi,SSP1-2.6,46,Decapterus maruadsi,10,0.446773364320988,0.411889757907778,108.469160920729,2,2.14269575278461,bolditalic('Decapterus maruadsi')
DecapterusMaruadsi,SSP1-2.6,47,Decapterus maruadsi,10,0.440396118641975,0.411889757907778,106.920871467889,2,2.12435290947557,bolditalic('Decapterus maruadsi')
DecapterusMaruadsi,SSP1-2.6,48,Decapterus maruadsi,10,0.449041950246914,0.411889757907778,109.019935947874,2,2.14635743565857,bolditalic('Decapterus maruadsi')
DecapterusMaruadsi,SSP1-2.6,49,Decapterus maruadsi,10,0.45091060617284,0.411889757907778,109.473614605828,2,2.12517252075672,bolditalic('Decapterus maruadsi')
DecapterusMaruadsi,SSP1-2.6,50,Decapterus maruadsi,10,0.449320330987654,0.411889757907778,109.087522173411,2,2.09373239044845,bolditalic('Decapterus maruadsi')
DecapterusMaruadsi,SSP1-2.6,51,Decapterus maruadsi,10,0.442494827942387,0.411889757907778,107.4304032686,2,2.13259299233556,bolditalic('Decapterus maruadsi')
DecapterusMaruadsi,SSP1-2.6,52,Decapterus maruadsi,10,0.450893412962963,0.411889757907778,109.469440379704,2,2.12004716716707,bolditalic('Decapterus maruadsi')
DecapterusMaruadsi,SSP1-2.6,53,Decapterus maruadsi,10,0.454252166378601,0.411889757907778,110.284889987555,2,2.14336250258982,bolditalic('Decapterus maruadsi')
DecapterusMaruadsi,SSP1-2.6,54,Decapterus maruadsi,10,0.447128531728395,0.411889757907778,108.555389675047,2,2.13640786857903,bolditalic('Decapterus maruadsi')
DecapterusMaruadsi,SSP1-2.6,55,Decapterus maruadsi,10,0.44046254308642,0.411889757907778,106.936998221024,2,2.145944348827,bolditalic('Decapterus maruadsi')
DecapterusMaruadsi,SSP1-2.6,56,Decapterus maruadsi,10,0.451902583045268,0.411889757907778,109.714450133632,2,2.11425155775249,bolditalic('Decapterus maruadsi')
DecapterusMaruadsi,SSP1-2.6,57,Decapterus maruadsi,10,0.451120191440329,0.411889757907778,109.524498431771,2,2.14156428727508,bolditalic('Decapterus maruadsi')
DecapterusMaruadsi,SSP1-2.6,58,Decapterus maruadsi,10,0.443811481234568,0.411889757907778,107.750064844763,2,2.15408748306334,bolditalic('Decapterus maruadsi')
DecapterusMaruadsi,SSP1-2.6,59,Decapterus maruadsi,10,0.444256896954733,0.411889757907778,107.858204392206,2,2.1050551879853,bolditalic('Decapterus maruadsi')
DecapterusMaruadsi,SSP1-2.6,60,Decapterus maruadsi,10,0.440099117654321,0.411889757907778,106.848764555311,2,2.10083983469009,bolditalic('Decapterus maruadsi')
DecapterusMaruadsi,SSP1-2.6,61,Decapterus maruadsi,10,0.4467947281893,0.411889757907778,108.47434771353,2,2.14557517428696,bolditalic('Decapterus maruadsi')
DecapterusMaruadsi,SSP1-2.6,62,Decapterus maruadsi,10,0.441034941234568,0.411889757907778,107.075966995352,2,2.10575772318244,bolditalic('Decapterus maruadsi')
DecapterusMaruadsi,SSP1-2.6,63,Decapterus maruadsi,10,0.44844850090535,0.411889757907778,108.875856293022,2,2.10948089243472,bolditalic('Decapterus maruadsi')
DecapterusMaruadsi,SSP1-2.6,64,Decapterus maruadsi,10,0.445584795596708,0.411889757907778,108.180596152739,2,2.10337338164449,bolditalic('Decapterus maruadsi')
DecapterusMaruadsi,SSP1-2.6,65,Decapterus maruadsi,10,0.44142787781893,0.411889757907778,107.171365479247,2,2.11098586902022,bolditalic('Decapterus maruadsi')
DecapterusMaruadsi,SSP1-2.6,66,Decapterus maruadsi,10,0.448501411234568,0.411889757907778,108.888702043178,2,2.13001288546622,bolditalic('Decapterus maruadsi')
DecapterusMaruadsi,SSP1-2.6,67,Decapterus maruadsi,10,0.447979726584362,0.411889757907778,108.762045664817,2,2.09990912051499,bolditalic('Decapterus maruadsi')
DecapterusMaruadsi,SSP1-2.6,68,Decapterus maruadsi,10,0.446823070411523,0.411889757907778,108.48122873489,2,2.1090673725754,bolditalic('Decapterus maruadsi')
DecapterusMaruadsi,SSP1-2.6,69,Decapterus maruadsi,10,0.44837469909465,0.411889757907778,108.857938437751,2,2.09507797841728,bolditalic('Decapterus maruadsi')
DecapterusMaruadsi,SSP1-2.6,70,Decapterus maruadsi,10,0.442475025226338,0.411889757907778,107.425595497669,2,2.14513882060349,bolditalic('Decapterus maruadsi')
DecapterusMaruadsi,SSP1-2.6,71,Decapterus maruadsi,10,0.447023787078189,0.411889757907778,108.529959411683,2,2.13955793641508,bolditalic('Decapterus maruadsi')
DecapterusMaruadsi,SSP1-2.6,72,Decapterus maruadsi,10,0.447949357860082,0.411889757907778,108.754672642377,2,2.0987036421448,bolditalic('Decapterus maruadsi')
DecapterusMaruadsi,SSP1-2.6,73,Decapterus maruadsi,10,0.443063254979424,0.411889757907778,107.568407923031,2,2.0969555708319,bolditalic('Decapterus maruadsi')
DecapterusMaruadsi,SSP1-2.6,74,Decapterus maruadsi,10,0.449654764814815,0.411889757907778,109.168717158413,2,2.10767812037468,bolditalic('Decapterus maruadsi')
DecapterusMaruadsi,SSP1-2.6,75,Decapterus maruadsi,10,0.444289257037037,0.411889757907778,107.866060883338,2,2.14659606969357,bolditalic('Decapterus maruadsi')
DecapterusMaruadsi,SSP1-2.6,76,Decapterus maruadsi,10,0.44401001345679,0.411889757907778,107.798265174684,2,2.11879445786774,bolditalic('Decapterus maruadsi')
DecapterusMaruadsi,SSP1-2.6,77,Decapterus maruadsi,10,0.449818444279835,0.411889757907778,109.20845581709,2,2.10994798581302,bolditalic('Decapterus maruadsi')
DecapterusMaruadsi,SSP1-2.6,78,Decapterus maruadsi,10,0.443224776625514,0.411889757907778,107.60762269907,2,2.15193236418068,bolditalic('Decapterus maruadsi')
DecapterusMaruadsi,SSP1-2.6,79,Decapterus maruadsi,10,0.453867539176955,0.411889757907778,110.191508883932,2,2.10748893815279,bolditalic('Decapterus maruadsi')
DecapterusMaruadsi,SSP1-2.6,80,Decapterus maruadsi,10,0.449252022839506,0.411889757907778,109.070938088267,2,2.15636655028164,bolditalic('Decapterus maruadsi')
DecapterusMaruadsi,SSP1-2.6,81,Decapterus maruadsi,10,0.453849786995885,0.411889757907778,110.187198948876,2,2.09502724544704,bolditalic('Decapterus maruadsi')
DecapterusMaruadsi,SSP1-2.6,82,Decapterus maruadsi,10,0.442883331399177,0.411889757907778,107.524725462666,2,2.13180962476134,bolditalic('Decapterus maruadsi')
DecapterusMaruadsi,SSP1-2.6,83,Decapterus maruadsi,10,0.445824450041152,0.411889757907778,108.238780276001,2,2.15109905296564,bolditalic('Decapterus maruadsi')
DecapterusMaruadsi,SSP1-2.6,84,Decapterus maruadsi,10,0.449596285761317,0.411889757907778,109.154519414387,2,2.1449091103822,bolditalic('Decapterus maruadsi')
DecapterusMaruadsi,SSP1-2.6,85,Decapterus maruadsi,10,0.450688652098766,0.411889757907778,109.419727838845,2,2.1447795239538,bolditalic('Decapterus maruadsi')
DecapterusMaruadsi,SSP1-2.6,86,Decapterus maruadsi,10,0.455303765349794,0.411889757907778,110.540200771813,2,2.13432436838746,bolditalic('Decapterus maruadsi')
DecapterusMaruadsi,SSP1-2.6,87,Decapterus maruadsi,10,0.455250442757202,0.411889757907778,110.52725493095,2,2.15631068086624,bolditalic('Decapterus maruadsi')
DecapterusMaruadsi,SSP1-2.6,88,Decapterus maruadsi,10,0.447489908971193,0.411889757907778,108.643126074377,2,2.14149430735409,bolditalic('Decapterus maruadsi')
DecapterusMaruadsi,SSP1-2.6,89,Decapterus maruadsi,10,0.445164410123457,0.411889757907778,108.078533533997,2,2.12638295547664,bolditalic('Decapterus maruadsi')
DecapterusMaruadsi,SSP1-2.6,90,Decapterus maruadsi,10,0.448412032798354,0.411889757907778,108.867002441647,2,2.13947532694042,bolditalic('Decapterus maruadsi')
DecapterusMaruadsi,SSP1-2.6,91,Decapterus maruadsi,10,0.443510473662551,0.411889757907778,107.67698519997,2,2.12294542497396,bolditalic('Decapterus maruadsi')
DecapterusMaruadsi,SSP1-2.6,92,Decapterus maruadsi,10,0.450933681975309,0.411889757907778,109.479217027842,2,2.1147483805269,bolditalic('Decapterus maruadsi')
DecapterusMaruadsi,SSP1-2.6,93,Decapterus maruadsi,10,0.449124569341564,0.411889757907778,109.039994493411,2,2.13375565724075,bolditalic('Decapterus maruadsi')
DecapterusMaruadsi,SSP1-2.6,94,Decapterus maruadsi,10,0.441093469135803,0.411889757907778,107.090176598799,2,2.13616889996827,bolditalic('Decapterus maruadsi')
DecapterusMaruadsi,SSP1-2.6,95,Decapterus maruadsi,10,0.444795178106996,0.411889757907778,107.988890125932,2,2.09949207608402,bolditalic('Decapterus maruadsi')
DecapterusMaruadsi,SSP1-2.6,96,Decapterus maruadsi,10,0.453373444032922,0.411889757907778,110.071550779962,2,2.14298202556372,bolditalic('Decapterus maruadsi')
DecapterusMaruadsi,SSP1-2.6,97,Decapterus maruadsi,10,0.450768390288066,0.411889757907778,109.439086948356,2,2.14303503093123,bolditalic('Decapterus maruadsi')
DecapterusMaruadsi,SSP1-2.6,98,Decapterus maruadsi,10,0.448698138888889,0.411889757907778,108.93646425395,2,2.09509190809727,bolditalic('Decapterus maruadsi')
DecapterusMaruadsi,SSP1-2.6,99,Decapterus maruadsi,10,0.451583588765432,0.411889757907778,109.637003614579,2,2.13744790671766,bolditalic('Decapterus maruadsi')
DecapterusMaruadsi,SSP1-2.6,100,Decapterus maruadsi,10,0.447180761728395,0.411889757907778,108.568070252555,2,2.15139867757261,bolditalic('Decapterus maruadsi')
DecapterusMaruadsi,SSP5-8.5,1,Decapterus maruadsi,10,0.498204381358025,0.411889757907778,120.955758620629,3,3.11082232969999,bolditalic('Decapterus maruadsi')
DecapterusMaruadsi,SSP5-8.5,2,Decapterus maruadsi,10,0.49626144436214,0.411889757907778,120.484045751206,3,3.13065470612049,bolditalic('Decapterus maruadsi')
DecapterusMaruadsi,SSP5-8.5,3,Decapterus maruadsi,10,0.489209300041152,0.411889757907778,118.771902104613,3,3.1146947786361,bolditalic('Decapterus maruadsi')
DecapterusMaruadsi,SSP5-8.5,4,Decapterus maruadsi,10,0.489858055967078,0.411889757907778,118.929409280616,3,3.15355073909462,bolditalic('Decapterus maruadsi')
DecapterusMaruadsi,SSP5-8.5,5,Decapterus maruadsi,10,0.499132612345679,0.411889757907778,121.181117705149,3,3.09914187788963,bolditalic('Decapterus maruadsi')
DecapterusMaruadsi,SSP5-8.5,6,Decapterus maruadsi,10,0.506423171769547,0.411889757907778,122.951144583434,3,3.10680527471006,bolditalic('Decapterus maruadsi')
DecapterusMaruadsi,SSP5-8.5,7,Decapterus maruadsi,10,0.495617413580247,0.411889757907778,120.327685761785,3,3.13178943644464,bolditalic('Decapterus maruadsi')
DecapterusMaruadsi,SSP5-8.5,8,Decapterus maruadsi,10,0.492511611934156,0.411889757907778,119.573648647129,3,3.13384816269577,bolditalic('Decapterus maruadsi')
DecapterusMaruadsi,SSP5-8.5,9,Decapterus maruadsi,10,0.500714674279835,0.411889757907778,121.565216096474,3,3.09314449755847,bolditalic('Decapterus maruadsi')
DecapterusMaruadsi,SSP5-8.5,10,Decapterus maruadsi,10,0.50152543781893,0.411889757907778,121.762056033261,3,3.12850821323693,bolditalic('Decapterus maruadsi')
DecapterusMaruadsi,SSP5-8.5,11,Decapterus maruadsi,10,0.50690516600823,0.411889757907778,123.068164788338,3,3.13113946990669,bolditalic('Decapterus maruadsi')
DecapterusMaruadsi,SSP5-8.5,12,Decapterus maruadsi,10,0.495817096584362,0.411889757907778,120.376165482458,3,3.10924239744246,bolditalic('Decapterus maruadsi')
DecapterusMaruadsi,SSP5-8.5,13,Decapterus maruadsi,10,0.497065451728395,0.411889757907778,120.679245401312,3,3.14026541413367,bolditalic('Decapterus maruadsi')
DecapterusMaruadsi,SSP5-8.5,14,Decapterus maruadsi,10,0.494625886255144,0.411889757907778,120.086959376613,3,3.1306538542062,bolditalic('Decapterus maruadsi')
DecapterusMaruadsi,SSP5-8.5,15,Decapterus maruadsi,10,0.506443694897119,0.411889757907778,122.956127258331,3,3.10006260223687,bolditalic('Decapterus maruadsi')
DecapterusMaruadsi,SSP5-8.5,16,Decapterus maruadsi,10,0.496381560946502,0.411889757907778,120.513208065164,3,3.12080529122055,bolditalic('Decapterus maruadsi')
DecapterusMaruadsi,SSP5-8.5,17,Decapterus maruadsi,10,0.493707740082305,0.411889757907778,119.864048717824,3,3.15371198654175,bolditalic('Decapterus maruadsi')
DecapterusMaruadsi,SSP5-8.5,18,Decapterus maruadsi,10,0.493130570205761,0.411889757907778,119.723921447004,3,3.14684124732018,bolditalic('Decapterus maruadsi')
DecapterusMaruadsi,SSP5-8.5,19,Decapterus maruadsi,10,0.505090348888889,0.411889757907778,122.627557299441,3,3.09824020150304,bolditalic('Decapterus maruadsi')
DecapterusMaruadsi,SSP5-8.5,20,Decapterus maruadsi,10,0.502025554938272,0.411889757907778,121.883476172932,3,3.14465130443871,bolditalic('Decapterus maruadsi')
DecapterusMaruadsi,SSP5-8.5,21,Decapterus maruadsi,10,0.498529188353909,0.411889757907778,121.034616370706,3,3.15536860147119,bolditalic('Decapterus maruadsi')
DecapterusMaruadsi,SSP5-8.5,22,Decapterus maruadsi,10,0.495845297860082,0.411889757907778,120.383012284346,3,3.13463068349659,bolditalic('Decapterus maruadsi')
DecapterusMaruadsi,SSP5-8.5,23,Decapterus maruadsi,10,0.509027316666667,0.411889757907778,123.583387761887,3,3.15537852032483,bolditalic('Decapterus maruadsi')
DecapterusMaruadsi,SSP5-8.5,24,Decapterus maruadsi,10,0.49569263835391,0.411889757907778,120.345949088857,3,3.12782332609594,bolditalic('Decapterus maruadsi')
DecapterusMaruadsi,SSP5-8.5,25,Decapterus maruadsi,10,0.504160752263375,0.411889757907778,122.401866660704,3,3.15668059194088,bolditalic('Decapterus maruadsi')
DecapterusMaruadsi,SSP5-8.5,26,Decapterus maruadsi,10,0.495900874115226,0.411889757907778,120.396505277089,3,3.12110389688611,bolditalic('Decapterus maruadsi')
DecapterusMaruadsi,SSP5-8.5,27,Decapterus maruadsi,10,0.495022068518519,0.411889757907778,120.183145857527,3,3.12616776804626,bolditalic('Decapterus maruadsi')
DecapterusMaruadsi,SSP5-8.5,28,Decapterus maruadsi,10,0.491316362962963,0.411889757907778,119.283462026013,3,3.10707444000244,bolditalic('Decapterus maruadsi')
DecapterusMaruadsi,SSP5-8.5,29,Decapterus maruadsi,10,0.491760541563786,0.411889757907778,119.391301221404,3,3.10612837848067,bolditalic('Decapterus maruadsi')
DecapterusMaruadsi,SSP5-8.5,30,Decapterus maruadsi,10,0.504089802633745,0.411889757907778,122.384641267679,3,3.12616452762485,bolditalic('Decapterus maruadsi')
DecapterusMaruadsi,SSP5-8.5,31,Decapterus maruadsi,10,0.494993369588477,0.411889757907778,120.176178233426,3,3.14999212172627,bolditalic('Decapterus maruadsi')
DecapterusMaruadsi,SSP5-8.5,32,Decapterus maruadsi,10,0.508383383045268,0.411889757907778,123.427051361422,3,3.1370768096894,bolditalic('Decapterus maruadsi')
DecapterusMaruadsi,SSP5-8.5,33,Decapterus maruadsi,10,0.505744072757202,0.411889757907778,122.786270609438,3,3.1401812030077,bolditalic('Decapterus maruadsi')
DecapterusMaruadsi,SSP5-8.5,34,Decapterus maruadsi,10,0.498798285596708,0.411889757907778,121.099948716955,3,3.15625641484559,bolditalic('Decapterus maruadsi')
DecapterusMaruadsi,SSP5-8.5,35,Decapterus maruadsi,10,0.497947672427984,0.411889757907778,120.893433951197,3,3.1159286775887,bolditalic('Decapterus maruadsi')
DecapterusMaruadsi,SSP5-8.5,36,Decapterus maruadsi,10,0.50217599399177,0.411889757907778,121.920000279348,3,3.14482983827591,bolditalic('Decapterus maruadsi')
DecapterusMaruadsi,SSP5-8.5,37,Decapterus maruadsi,10,0.497475428148148,0.411889757907778,120.77878087455,3,3.11575360564888,bolditalic('Decapterus maruadsi')
DecapterusMaruadsi,SSP5-8.5,38,Decapterus maruadsi,10,0.496538871028807,0.411889757907778,120.551400343386,3,3.12605491800606,bolditalic('Decapterus maruadsi')
DecapterusMaruadsi,SSP5-8.5,39,Decapterus maruadsi,10,0.508149332592593,0.411889757907778,123.370227794391,3,3.10426546047628,bolditalic('Decapterus maruadsi')
DecapterusMaruadsi,SSP5-8.5,40,Decapterus maruadsi,10,0.494723309794239,0.411889757907778,120.110612195656,3,3.14810005502403,bolditalic('Decapterus maruadsi')
DecapterusMaruadsi,SSP5-8.5,41,Decapterus maruadsi,10,0.504376896337449,0.411889757907778,122.454342856075,3,3.13736478072405,bolditalic('Decapterus maruadsi')
DecapterusMaruadsi,SSP5-8.5,42,Decapterus maruadsi,10,0.491739459794239,0.411889757907778,119.386182917503,3,3.09483464024961,bolditalic('Decapterus maruadsi')
DecapterusMaruadsi,SSP5-8.5,43,Decapterus maruadsi,10,0.504592204567901,0.411889757907778,122.506616122482,3,3.09661586657167,bolditalic('Decapterus maruadsi')
DecapterusMaruadsi,SSP5-8.5,44,Decapterus maruadsi,10,0.493443041934156,0.411889757907778,119.799784398775,3,3.10641177304089,bolditalic('Decapterus maruadsi')
DecapterusMaruadsi,SSP5-8.5,45,Decapterus maruadsi,10,0.491988730164609,0.411889757907778,119.446701628052,3,3.10880855108798,bolditalic('Decapterus maruadsi')
DecapterusMaruadsi,SSP5-8.5,46,Decapterus maruadsi,10,0.489597192962963,0.411889757907778,118.866076070914,3,3.14558767221868,bolditalic('Decapterus maruadsi')
DecapterusMaruadsi,SSP5-8.5,47,Decapterus maruadsi,10,0.500303227572017,0.411889757907778,121.465323661686,3,3.12788193881512,bolditalic('Decapterus maruadsi')
DecapterusMaruadsi,SSP5-8.5,48,Decapterus maruadsi,10,0.497297385185185,0.411889757907778,120.735554996862,3,3.12548173847795,bolditalic('Decapterus maruadsi')
DecapterusMaruadsi,SSP5-8.5,49,Decapterus maruadsi,10,0.503573008971193,0.411889757907778,122.259172339979,3,3.10486664292216,bolditalic('Decapterus maruadsi')
DecapterusMaruadsi,SSP5-8.5,50,Decapterus maruadsi,10,0.492509338641975,0.411889757907778,119.573096729501,3,3.10717475624383,bolditalic('Decapterus maruadsi')
DecapterusMaruadsi,SSP5-8.5,51,Decapterus maruadsi,10,0.496141001893004,0.411889757907778,120.454804317832,3,3.09854851089418,bolditalic('Decapterus maruadsi')
DecapterusMaruadsi,SSP5-8.5,52,Decapterus maruadsi,10,0.504253256666667,0.411889757907778,122.424325195182,3,3.1131360989809,bolditalic('Decapterus maruadsi')
DecapterusMaruadsi,SSP5-8.5,53,Decapterus maruadsi,10,0.497190979259259,0.411889757907778,120.709721403313,3,3.15045651516318,bolditalic('Decapterus maruadsi')
DecapterusMaruadsi,SSP5-8.5,54,Decapterus maruadsi,10,0.498923888641975,0.411889757907778,121.130443052601,3,3.12914390876889,bolditalic('Decapterus maruadsi')
DecapterusMaruadsi,SSP5-8.5,55,Decapterus maruadsi,10,0.498082627654321,0.411889757907778,120.926198841254,3,3.09428658427298,bolditalic('Decapterus maruadsi')
DecapterusMaruadsi,SSP5-8.5,56,Decapterus maruadsi,10,0.501235479012346,0.411889757907778,121.691658845417,3,3.12548635840416,bolditalic('Decapterus maruadsi')
DecapterusMaruadsi,SSP5-8.5,57,Decapterus maruadsi,10,0.505459917283951,0.411889757907778,122.71728237465,3,3.14075578844547,bolditalic('Decapterus maruadsi')
DecapterusMaruadsi,SSP5-8.5,58,Decapterus maruadsi,10,0.495553069958848,0.411889757907778,120.312064197965,3,3.11763604724407,bolditalic('Decapterus maruadsi')
DecapterusMaruadsi,SSP5-8.5,59,Decapterus maruadsi,10,0.503850568641975,0.411889757907778,122.326559223351,3,3.09901486241817,bolditalic('Decapterus maruadsi')
DecapterusMaruadsi,SSP5-8.5,60,Decapterus maruadsi,10,0.494899870288066,0.411889757907778,120.153478154432,3,3.10670721921325,bolditalic('Decapterus maruadsi')
DecapterusMaruadsi,SSP5-8.5,61,Decapterus maruadsi,10,0.495419149300412,0.411889757907778,120.27955048383,3,3.13499726223946,bolditalic('Decapterus maruadsi')
DecapterusMaruadsi,SSP5-8.5,62,Decapterus maruadsi,10,0.494203643209877,0.411889757907778,119.984445770203,3,3.12234404893219,bolditalic('Decapterus maruadsi')
DecapterusMaruadsi,SSP5-8.5,63,Decapterus maruadsi,10,0.506937031152264,0.411889757907778,123.075901116669,3,3.1209623785466,bolditalic('Decapterus maruadsi')
DecapterusMaruadsi,SSP5-8.5,64,Decapterus maruadsi,10,0.490708349794239,0.411889757907778,119.13584651554,3,3.13243138417602,bolditalic('Decapterus maruadsi')
DecapterusMaruadsi,SSP5-8.5,65,Decapterus maruadsi,10,0.495828529835391,0.411889757907778,120.378941286131,3,3.13259758462012,bolditalic('Decapterus maruadsi')
DecapterusMaruadsi,SSP5-8.5,66,Decapterus maruadsi,10,0.493308403127572,0.411889757907778,119.767096330185,3,3.13931669454277,bolditalic('Decapterus maruadsi')
DecapterusMaruadsi,SSP5-8.5,67,Decapterus maruadsi,10,0.49667745872428,0.411889757907778,120.585047136687,3,3.13101648183167,bolditalic('Decapterus maruadsi')
DecapterusMaruadsi,SSP5-8.5,68,Decapterus maruadsi,10,0.499119644156379,0.411889757907778,121.177969243929,3,3.10160799323022,bolditalic('Decapterus maruadsi')
DecapterusMaruadsi,SSP5-8.5,69,Decapterus maruadsi,10,0.501536961440329,0.411889757907778,121.76485377736,3,3.13854147176445,bolditalic('Decapterus maruadsi')
DecapterusMaruadsi,SSP5-8.5,70,Decapterus maruadsi,10,0.497013555761317,0.411889757907778,120.666645921455,3,3.12176853382587,bolditalic('Decapterus maruadsi')
DecapterusMaruadsi,SSP5-8.5,71,Decapterus maruadsi,10,0.499277675925926,0.411889757907778,121.21633673584,3,3.15088441838324,bolditalic('Decapterus maruadsi')
DecapterusMaruadsi,SSP5-8.5,72,Decapterus maruadsi,10,0.490791408888889,0.411889757907778,119.156011885777,3,3.14432131925225,bolditalic('Decapterus maruadsi')
DecapterusMaruadsi,SSP5-8.5,73,Decapterus maruadsi,10,0.504935499711934,0.411889757907778,122.589962488212,3,3.12251944075525,bolditalic('Decapterus maruadsi')
DecapterusMaruadsi,SSP5-8.5,74,Decapterus maruadsi,10,0.507978383539095,0.411889757907778,123.328724200234,3,3.10575338234007,bolditalic('Decapterus maruadsi')
DecapterusMaruadsi,SSP5-8.5,75,Decapterus maruadsi,10,0.497602693251029,0.411889757907778,120.809678730211,3,3.13024968272448,bolditalic('Decapterus maruadsi')
DecapterusMaruadsi,SSP5-8.5,76,Decapterus maruadsi,10,0.490850248230453,0.411889757907778,119.170297101768,3,3.11798370236158,bolditalic('Decapterus maruadsi')
DecapterusMaruadsi,SSP5-8.5,77,Decapterus maruadsi,10,0.489014318353909,0.411889757907778,118.724563785682,3,3.12570325286686,bolditalic('Decapterus maruadsi')
DecapterusMaruadsi,SSP5-8.5,78,Decapterus maruadsi,10,0.497135057160494,0.411889757907778,120.696144445476,3,3.1524810577333,bolditalic('Decapterus maruadsi')
DecapterusMaruadsi,SSP5-8.5,79,Decapterus maruadsi,10,0.49645857255144,0.411889757907778,120.531905205227,3,3.11468101339042,bolditalic('Decapterus maruadsi')
DecapterusMaruadsi,SSP5-8.5,80,Decapterus maruadsi,10,0.497019748888889,0.411889757907778,120.668149510086,3,3.1267247748673,bolditalic('Decapterus maruadsi')
DecapterusMaruadsi,SSP5-8.5,81,Decapterus maruadsi,10,0.495953882427984,0.411889757907778,120.409374816023,3,3.12988324894011,bolditalic('Decapterus maruadsi')
DecapterusMaruadsi,SSP5-8.5,82,Decapterus maruadsi,10,0.501172130781893,0.411889757907778,121.676278946005,3,3.10409334258735,bolditalic('Decapterus maruadsi')
DecapterusMaruadsi,SSP5-8.5,83,Decapterus maruadsi,10,0.500930456954733,0.411889757907778,121.617604550121,3,3.14456569637358,bolditalic('Decapterus maruadsi')
DecapterusMaruadsi,SSP5-8.5,84,Decapterus maruadsi,10,0.495914137530864,0.411889757907778,120.399725414367,3,3.09825493083894,bolditalic('Decapterus maruadsi')
DecapterusMaruadsi,SSP5-8.5,85,Decapterus maruadsi,10,0.497781724897119,0.411889757907778,120.85314464376,3,3.14387903450429,bolditalic('Decapterus maruadsi')
DecapterusMaruadsi,SSP5-8.5,86,Decapterus maruadsi,10,0.495567094609054,0.411889757907778,120.315469150367,3,3.10918672928214,bolditalic('Decapterus maruadsi')
DecapterusMaruadsi,SSP5-8.5,87,Decapterus maruadsi,10,0.505099031399177,0.411889757907778,122.629665268897,3,3.10616429582238,bolditalic('Decapterus maruadsi')
DecapterusMaruadsi,SSP5-8.5,88,Decapterus maruadsi,10,0.502779497201646,0.411889757907778,122.066520846634,3,3.10940422087908,bolditalic('Decapterus maruadsi')
DecapterusMaruadsi,SSP5-8.5,89,Decapterus maruadsi,10,0.495972978230453,0.411889757907778,120.414010960064,3,3.15262939853966,bolditalic('Decapterus maruadsi')
DecapterusMaruadsi,SSP5-8.5,90,Decapterus maruadsi,10,0.497178461111111,0.411889757907778,120.706682204618,3,3.14851825074852,bolditalic('Decapterus maruadsi')
DecapterusMaruadsi,SSP5-8.5,91,Decapterus maruadsi,10,0.496101954691358,0.411889757907778,120.445324305062,3,3.14026779270172,bolditalic('Decapterus maruadsi')
DecapterusMaruadsi,SSP5-8.5,92,Decapterus maruadsi,10,0.494780628436214,0.411889757907778,120.124528211016,3,3.140246219486,bolditalic('Decapterus maruadsi')
DecapterusMaruadsi,SSP5-8.5,93,Decapterus maruadsi,10,0.501824085473251,0.411889757907778,121.834562729188,3,3.13650362370908,bolditalic('Decapterus maruadsi')
DecapterusMaruadsi,SSP5-8.5,94,Decapterus maruadsi,10,0.510105471769547,0.411889757907778,123.845145934355,3,3.14150798358023,bolditalic('Decapterus maruadsi')
DecapterusMaruadsi,SSP5-8.5,95,Decapterus maruadsi,10,0.495475989382716,0.411889757907778,120.293350312841,3,3.1498436832279,bolditalic('Decapterus maruadsi')
DecapterusMaruadsi,SSP5-8.5,96,Decapterus maruadsi,10,0.505771745226338,0.411889757907778,122.79298902586,3,3.12146273656189,bolditalic('Decapterus maruadsi')
DecapterusMaruadsi,SSP5-8.5,97,Decapterus maruadsi,10,0.506196634238683,0.411889757907778,122.896145029181,3,3.13395890586078,bolditalic('Decapterus maruadsi')
DecapterusMaruadsi,SSP5-8.5,98,Decapterus maruadsi,10,0.49913265436214,0.411889757907778,121.181127906049,3,3.14793670082092,bolditalic('Decapterus maruadsi')
DecapterusMaruadsi,SSP5-8.5,99,Decapterus maruadsi,10,0.501744739423868,0.411889757907778,121.815298824743,3,3.11308392509818,bolditalic('Decapterus maruadsi')
DecapterusMaruadsi,SSP5-8.5,100,Decapterus maruadsi,10,0.502095713621399,0.411889757907778,121.900509537268,3,3.10029218499362,bolditalic('Decapterus maruadsi')
EngraulisJaponicus,Base,1,Engraulis japonicus,1,1.17581781322222,1.17127525635444,100.387830003505,1,1.11558592052758,bolditalic('Engraulis japonicus')
EngraulisJaponicus,Base,2,Engraulis japonicus,1,1.16010474833333,1.17127525635444,99.0462952273164,1,1.15648835209012,bolditalic('Engraulis japonicus')
EngraulisJaponicus,Base,3,Engraulis japonicus,1,1.14752997344444,1.17127525635444,97.9726983233719,1,1.12903493908048,bolditalic('Engraulis japonicus')
EngraulisJaponicus,Base,4,Engraulis japonicus,1,1.161372071,1.17127525635444,99.154495469727,1,1.15401298519969,bolditalic('Engraulis japonicus')
EngraulisJaponicus,Base,5,Engraulis japonicus,1,1.13971566,1.17127525635444,97.3055354680101,1,1.1488379573971,bolditalic('Engraulis japonicus')
EngraulisJaponicus,Base,6,Engraulis japonicus,1,1.16674019144444,1.17127525635444,99.6128096375809,1,1.14352655114234,bolditalic('Engraulis japonicus')
EngraulisJaponicus,Base,7,Engraulis japonicus,1,1.141309666,1.17127525635444,97.4416269624178,1,1.11575031791627,bolditalic('Engraulis japonicus')
EngraulisJaponicus,Base,8,Engraulis japonicus,1,1.17762333077778,1.17127525635444,100.54197972585,1,1.14485948771238,bolditalic('Engraulis japonicus')
EngraulisJaponicus,Base,9,Engraulis japonicus,1,1.15915818655556,1.17127525635444,98.9654805962009,1,1.15004949887097,bolditalic('Engraulis japonicus')
EngraulisJaponicus,Base,10,Engraulis japonicus,1,1.15742032044444,1.17127525635444,98.817106753102,1,1.14151507310569,bolditalic('Engraulis japonicus')
EngraulisJaponicus,Base,11,Engraulis japonicus,1,1.17851308488889,1.17127525635444,100.617944287236,1,1.1119756180048,bolditalic('Engraulis japonicus')
EngraulisJaponicus,Base,12,Engraulis japonicus,1,1.168403644,1.17127525635444,99.7548302724859,1,1.13065924349427,bolditalic('Engraulis japonicus')
EngraulisJaponicus,Base,13,Engraulis japonicus,1,1.16418313366667,1.17127525635444,99.394495644871,1,1.13252099710703,bolditalic('Engraulis japonicus')
EngraulisJaponicus,Base,14,Engraulis japonicus,1,1.12426088177778,1.17127525635444,95.9860524397148,1,1.12194844822586,bolditalic('Engraulis japonicus')
EngraulisJaponicus,Base,15,Engraulis japonicus,1,1.16736434377778,1.17127525635444,99.6660979086302,1,1.11548681420088,bolditalic('Engraulis japonicus')
EngraulisJaponicus,Base,16,Engraulis japonicus,1,1.10118941766667,1.17127525635444,94.0162794093411,1,1.10023012252152,bolditalic('Engraulis japonicus')
EngraulisJaponicus,Base,17,Engraulis japonicus,1,1.14959194111111,1.17127525635444,98.1487429939549,1,1.12114150674641,bolditalic('Engraulis japonicus')
EngraulisJaponicus,Base,18,Engraulis japonicus,1,1.18312203788889,1.17127525635444,101.011442995161,1,1.14878852114081,bolditalic('Engraulis japonicus')
EngraulisJaponicus,Base,19,Engraulis japonicus,1,1.13673464722222,1.17127525635444,97.051025457523,1,1.10861683990061,bolditalic('Engraulis japonicus')
EngraulisJaponicus,Base,20,Engraulis japonicus,1,1.18050013755556,1.17127525635444,100.787592937789,1,1.12402923974395,bolditalic('Engraulis japonicus')
EngraulisJaponicus,Base,21,Engraulis japonicus,1,1.20123691566667,1.17127525635444,102.558037416882,1,1.14279408061504,bolditalic('Engraulis japonicus')
EngraulisJaponicus,Base,22,Engraulis japonicus,1,1.17173679566667,1.17127525635444,100.039404854642,1,1.0952611104697,bolditalic('Engraulis japonicus')
EngraulisJaponicus,Base,23,Engraulis japonicus,1,1.11853554266667,1.17127525635444,95.4972400038634,1,1.15479939867556,bolditalic('Engraulis japonicus')
EngraulisJaponicus,Base,24,Engraulis japonicus,1,1.22177828877778,1.17127525635444,104.311798797878,1,1.11971895687282,bolditalic('Engraulis japonicus')
EngraulisJaponicus,Base,25,Engraulis japonicus,1,1.20859087344444,1.17127525635444,103.185896473741,1,1.14264982995391,bolditalic('Engraulis japonicus')
EngraulisJaponicus,Base,26,Engraulis japonicus,1,1.20968808377778,1.17127525635444,103.279573030757,1,1.11204729114473,bolditalic('Engraulis japonicus')
EngraulisJaponicus,Base,27,Engraulis japonicus,1,1.18062453411111,1.17127525635444,100.798213545957,1,1.14956035490334,bolditalic('Engraulis japonicus')
EngraulisJaponicus,Base,28,Engraulis japonicus,1,1.14731056266667,1.17127525635444,97.9539656833217,1,1.13870576390624,bolditalic('Engraulis japonicus')
EngraulisJaponicus,Base,29,Engraulis japonicus,1,1.13688156988889,1.17127525635444,97.0635692781043,1,1.09460835309327,bolditalic('Engraulis japonicus')
EngraulisJaponicus,Base,30,Engraulis japonicus,1,1.20006600888889,1.17127525635444,102.458068876487,1,1.09617153181136,bolditalic('Engraulis japonicus')
EngraulisJaponicus,Base,31,Engraulis japonicus,1,1.15790257955556,1.17127525635444,98.8582806025881,1,1.14407200844586,bolditalic('Engraulis japonicus')
EngraulisJaponicus,Base,32,Engraulis japonicus,1,1.25116444844444,1.17127525635444,106.820701765582,1,1.1291180024147,bolditalic('Engraulis japonicus')
EngraulisJaponicus,Base,33,Engraulis japonicus,1,1.19422131233333,1.17127525635444,101.959066056796,1,1.12557359665632,bolditalic('Engraulis japonicus')
EngraulisJaponicus,Base,34,Engraulis japonicus,1,1.16534088533333,1.17127525635444,99.4933410409792,1,1.12832999368012,bolditalic('Engraulis japonicus')
EngraulisJaponicus,Base,35,Engraulis japonicus,1,1.19885459588889,1.17127525635444,102.354642035237,1,1.0957161463052,bolditalic('Engraulis japonicus')
EngraulisJaponicus,Base,36,Engraulis japonicus,1,1.110860037,1.17127525635444,94.8419281439886,1,1.13651783111691,bolditalic('Engraulis japonicus')
EngraulisJaponicus,Base,37,Engraulis japonicus,1,1.14240178322222,1.17127525635444,97.5348686847452,1,1.13500076489151,bolditalic('Engraulis japonicus')
EngraulisJaponicus,Base,38,Engraulis japonicus,1,1.20525868988889,1.17127525635444,102.901404546035,1,1.10330502727628,bolditalic('Engraulis japonicus')
EngraulisJaponicus,Base,39,Engraulis japonicus,1,1.21924758933333,1.17127525635444,104.095735201322,1,1.09497879894078,bolditalic('Engraulis japonicus')
EngraulisJaponicus,Base,40,Engraulis japonicus,1,1.13970050944444,1.17127525635444,97.3042419586085,1,1.1040482866317,bolditalic('Engraulis japonicus')
EngraulisJaponicus,Base,41,Engraulis japonicus,1,1.126503062,1.17127525635444,96.1774831226439,1,1.12941976976395,bolditalic('Engraulis japonicus')
EngraulisJaponicus,Base,42,Engraulis japonicus,1,1.17592649933333,1.17127525635444,100.397109300624,1,1.1155098772049,bolditalic('Engraulis japonicus')
EngraulisJaponicus,Base,43,Engraulis japonicus,1,1.120937659,1.17127525635444,95.7023255565802,1,1.14977259583771,bolditalic('Engraulis japonicus')
EngraulisJaponicus,Base,44,Engraulis japonicus,1,1.17773537077778,1.17127525635444,100.551545368033,1,1.1532957816124,bolditalic('Engraulis japonicus')
EngraulisJaponicus,Base,45,Engraulis japonicus,1,1.16994023044444,1.17127525635444,99.8860194559083,1,1.10897431266308,bolditalic('Engraulis japonicus')
EngraulisJaponicus,Base,46,Engraulis japonicus,1,1.15951291355556,1.17127525635444,98.995766133104,1,1.15692344236374,bolditalic('Engraulis japonicus')
EngraulisJaponicus,Base,47,Engraulis japonicus,1,1.14703454555556,1.17127525635444,97.9304001627822,1,1.14002734088898,bolditalic('Engraulis japonicus')
EngraulisJaponicus,Base,48,Engraulis japonicus,1,1.13522839511111,1.17127525635444,96.9224261293175,1,1.13855862551928,bolditalic('Engraulis japonicus')
EngraulisJaponicus,Base,49,Engraulis japonicus,1,1.18862883277778,1.17127525635444,101.481596774899,1,1.14344373904169,bolditalic('Engraulis japonicus')
EngraulisJaponicus,Base,50,Engraulis japonicus,1,1.13448739022222,1.17127525635444,96.8591613343967,1,1.12290980483592,bolditalic('Engraulis japonicus')
EngraulisJaponicus,Base,51,Engraulis japonicus,1,1.21565484211111,1.17127525635444,103.78899712223,1,1.14275925271213,bolditalic('Engraulis japonicus')
EngraulisJaponicus,Base,52,Engraulis japonicus,1,1.15805023177778,1.17127525635444,98.8708867104538,1,1.11161902059615,bolditalic('Engraulis japonicus')
EngraulisJaponicus,Base,53,Engraulis japonicus,1,1.18721669033333,1.17127525635444,101.36103225031,1,1.14442763075233,bolditalic('Engraulis japonicus')
EngraulisJaponicus,Base,54,Engraulis japonicus,1,1.14975499666667,1.17127525635444,98.1626641926378,1,1.11459998315573,bolditalic('Engraulis japonicus')
EngraulisJaponicus,Base,55,Engraulis japonicus,1,1.18205859577778,1.17127525635444,100.920649468589,1,1.10727000550926,bolditalic('Engraulis japonicus')
EngraulisJaponicus,Base,56,Engraulis japonicus,1,1.20241579944444,1.17127525635444,102.658687009826,1,1.14209743909538,bolditalic('Engraulis japonicus')
EngraulisJaponicus,Base,57,Engraulis japonicus,1,1.14339660144444,1.17127525635444,97.619803307655,1,1.12822255091369,bolditalic('Engraulis japonicus')
EngraulisJaponicus,Base,58,Engraulis japonicus,1,1.20124501433333,1.17127525635444,102.55872885697,1,1.11986201925576,bolditalic('Engraulis japonicus')
EngraulisJaponicus,Base,59,Engraulis japonicus,1,1.22581183077778,1.17127525635444,104.65617062492,1,1.11660566492379,bolditalic('Engraulis japonicus')
EngraulisJaponicus,Base,60,Engraulis japonicus,1,1.16420141644444,1.17127525635444,99.3960565740951,1,1.12000828647614,bolditalic('Engraulis japonicus')
EngraulisJaponicus,Base,61,Engraulis japonicus,1,1.140837238,1.17127525635444,97.401292463978,1,1.11259291948378,bolditalic('Engraulis japonicus')
EngraulisJaponicus,Base,62,Engraulis japonicus,1,1.08863091222222,1.17127525635444,92.944071542205,1,1.10425194680691,bolditalic('Engraulis japonicus')
EngraulisJaponicus,Base,63,Engraulis japonicus,1,1.18393935233333,1.17127525635444,101.081222873119,1,1.116306980744,bolditalic('Engraulis japonicus')
EngraulisJaponicus,Base,64,Engraulis japonicus,1,1.20370605877778,1.17127525635444,102.768845516662,1,1.14148918345571,bolditalic('Engraulis japonicus')
EngraulisJaponicus,Base,65,Engraulis japonicus,1,1.21038966666667,1.17127525635444,103.339472092492,1,1.12588395386934,bolditalic('Engraulis japonicus')
EngraulisJaponicus,Base,66,Engraulis japonicus,1,1.15708237466667,1.17127525635444,98.788253947074,1,1.13621584314108,bolditalic('Engraulis japonicus')
EngraulisJaponicus,Base,67,Engraulis japonicus,1,1.18011667555556,1.17127525635444,100.754854091995,1,1.10291905605793,bolditalic('Engraulis japonicus')
EngraulisJaponicus,Base,68,Engraulis japonicus,1,1.20200142722222,1.17127525635444,102.623309141133,1,1.11103674918413,bolditalic('Engraulis japonicus')
EngraulisJaponicus,Base,69,Engraulis japonicus,1,1.140686253,1.17127525635444,97.3884018134515,1,1.13824699878693,bolditalic('Engraulis japonicus')
EngraulisJaponicus,Base,70,Engraulis japonicus,1,1.16285293577778,1.17127525635444,99.2809273028717,1,1.13423851454258,bolditalic('Engraulis japonicus')
EngraulisJaponicus,Base,71,Engraulis japonicus,1,1.16740817488889,1.17127525635444,99.6698400786174,1,1.11492535282671,bolditalic('Engraulis japonicus')
EngraulisJaponicus,Base,72,Engraulis japonicus,1,1.18057648644444,1.17127525635444,100.794111378989,1,1.14141781941056,bolditalic('Engraulis japonicus')
EngraulisJaponicus,Base,73,Engraulis japonicus,1,1.16220670633333,1.17127525635444,99.2257541536957,1,1.11586270457506,bolditalic('Engraulis japonicus')
EngraulisJaponicus,Base,74,Engraulis japonicus,1,1.17395810022222,1.17127525635444,100.2290532352,1,1.15543625690043,bolditalic('Engraulis japonicus')
EngraulisJaponicus,Base,75,Engraulis japonicus,1,1.175122996,1.17127525635444,100.328508574281,1,1.13312520879507,bolditalic('Engraulis japonicus')
EngraulisJaponicus,Base,76,Engraulis japonicus,1,1.17374849622222,1.17127525635444,100.211157868687,1,1.11984871330857,bolditalic('Engraulis japonicus')
EngraulisJaponicus,Base,77,Engraulis japonicus,1,1.11835688044444,1.17127525635444,95.4819863543681,1,1.0992680965513,bolditalic('Engraulis japonicus')
EngraulisJaponicus,Base,78,Engraulis japonicus,1,1.142883017,1.17127525635444,97.5759549943184,1,1.10318276533484,bolditalic('Engraulis japonicus')
EngraulisJaponicus,Base,79,Engraulis japonicus,1,1.13930821122222,1.17127525635444,97.2707487024254,1,1.09942509746552,bolditalic('Engraulis japonicus')
EngraulisJaponicus,Base,80,Engraulis japonicus,1,1.18038074233333,1.17127525635444,100.777399328594,1,1.13715754772723,bolditalic('Engraulis japonicus')
EngraulisJaponicus,Base,81,Engraulis japonicus,1,1.192493153,1.17127525635444,101.811520949533,1,1.09991885009408,bolditalic('Engraulis japonicus')
EngraulisJaponicus,Base,82,Engraulis japonicus,1,1.23732003122222,1.17127525635444,105.638706572983,1,1.12218723279238,bolditalic('Engraulis japonicus')
EngraulisJaponicus,Base,83,Engraulis japonicus,1,1.14903981166667,1.17127525635444,98.1016038230858,1,1.15086306914687,bolditalic('Engraulis japonicus')
EngraulisJaponicus,Base,84,Engraulis japonicus,1,1.192411011,1.17127525635444,101.804507909724,1,1.13218668061495,bolditalic('Engraulis japonicus')
EngraulisJaponicus,Base,85,Engraulis japonicus,1,1.23613636766667,1.17127525635444,105.537648896819,1,1.13975726293027,bolditalic('Engraulis japonicus')
EngraulisJaponicus,Base,86,Engraulis japonicus,1,1.20024079033333,1.17127525635444,102.47299119671,1,1.14091163401306,bolditalic('Engraulis japonicus')
EngraulisJaponicus,Base,87,Engraulis japonicus,1,1.14466415955556,1.17127525635444,97.7280236516128,1,1.14461090040207,bolditalic('Engraulis japonicus')
EngraulisJaponicus,Base,88,Engraulis japonicus,1,1.16280390188889,1.17127525635444,99.276740935182,1,1.10797741961479,bolditalic('Engraulis japonicus')
EngraulisJaponicus,Base,89,Engraulis japonicus,1,1.154602391,1.17127525635444,98.5765203128821,1,1.13194336356223,bolditalic('Engraulis japonicus')
EngraulisJaponicus,Base,90,Engraulis japonicus,1,1.16274742766667,1.17127525635444,99.2719193339475,1,1.13122374331951,bolditalic('Engraulis japonicus')
EngraulisJaponicus,Base,91,Engraulis japonicus,1,1.14596603577778,1.17127525635444,97.8391739738925,1,1.12370238177478,bolditalic('Engraulis japonicus')
EngraulisJaponicus,Base,92,Engraulis japonicus,1,1.20605454577778,1.17127525635444,102.969352356301,1,1.12767444422841,bolditalic('Engraulis japonicus')
EngraulisJaponicus,Base,93,Engraulis japonicus,1,1.24769915688889,1.17127525635444,106.524845472474,1,1.14214847892523,bolditalic('Engraulis japonicus')
EngraulisJaponicus,Base,94,Engraulis japonicus,1,1.18428142377778,1.17127525635444,101.110427916305,1,1.13246883696318,bolditalic('Engraulis japonicus')
EngraulisJaponicus,Base,95,Engraulis japonicus,1,1.16008755322222,1.17127525635444,99.044827159839,1,1.12197610154748,bolditalic('Engraulis japonicus')
EngraulisJaponicus,Base,96,Engraulis japonicus,1,1.20713010066667,1.17127525635444,103.061180035837,1,1.10419942881167,bolditalic('Engraulis japonicus')
EngraulisJaponicus,Base,97,Engraulis japonicus,1,1.16805052911111,1.17127525635444,99.7246823728377,1,1.11172368977964,bolditalic('Engraulis japonicus')
EngraulisJaponicus,Base,98,Engraulis japonicus,1,1.21667730044444,1.17127525635444,103.876291575672,1,1.12001865293086,bolditalic('Engraulis japonicus')
EngraulisJaponicus,Base,99,Engraulis japonicus,1,1.20159791233333,1.17127525635444,102.588858239289,1,1.14784515069425,bolditalic('Engraulis japonicus')
EngraulisJaponicus,Base,100,Engraulis japonicus,1,1.18553157244444,1.17127525635444,101.217161893641,1,1.12536553622782,bolditalic('Engraulis japonicus')
EngraulisJaponicus,SSP1-2.6,1,Engraulis japonicus,1,1.49244274654321,1.17127525635444,127.420325704514,2,2.10602230419219,bolditalic('Engraulis japonicus')
EngraulisJaponicus,SSP1-2.6,2,Engraulis japonicus,1,1.4544292209465,1.17127525635444,124.174843876867,2,2.13989022040367,bolditalic('Engraulis japonicus')
EngraulisJaponicus,SSP1-2.6,3,Engraulis japonicus,1,1.48596367032922,1.17127525635444,126.867161435155,2,2.13460716043413,bolditalic('Engraulis japonicus')
EngraulisJaponicus,SSP1-2.6,4,Engraulis japonicus,1,1.47673400119342,1.17127525635444,126.079159717734,2,2.14188369961083,bolditalic('Engraulis japonicus')
EngraulisJaponicus,SSP1-2.6,5,Engraulis japonicus,1,1.53592301197531,1.17127525635444,131.132541530487,2,2.15001742401719,bolditalic('Engraulis japonicus')
EngraulisJaponicus,SSP1-2.6,6,Engraulis japonicus,1,1.48903216185185,1.17127525635444,127.129140120864,2,2.11548367299139,bolditalic('Engraulis japonicus')
EngraulisJaponicus,SSP1-2.6,7,Engraulis japonicus,1,1.48849914156379,1.17127525635444,127.083632432968,2,2.14219397053123,bolditalic('Engraulis japonicus')
EngraulisJaponicus,SSP1-2.6,8,Engraulis japonicus,1,1.44967133975309,1.17127525635444,123.768630122448,2,2.10144190646708,bolditalic('Engraulis japonicus')
EngraulisJaponicus,SSP1-2.6,9,Engraulis japonicus,1,1.52712260786008,1.17127525635444,130.381189184616,2,2.12179541404545,bolditalic('Engraulis japonicus')
EngraulisJaponicus,SSP1-2.6,10,Engraulis japonicus,1,1.52304168049383,1.17127525635444,130.032771735847,2,2.13393631990254,bolditalic('Engraulis japonicus')
EngraulisJaponicus,SSP1-2.6,11,Engraulis japonicus,1,1.49183640921811,1.17127525635444,127.368558425916,2,2.10515147531033,bolditalic('Engraulis japonicus')
EngraulisJaponicus,SSP1-2.6,12,Engraulis japonicus,1,1.51445191242798,1.17127525635444,129.299402869797,2,2.14255000662804,bolditalic('Engraulis japonicus')
EngraulisJaponicus,SSP1-2.6,13,Engraulis japonicus,1,1.52075787209877,1.17127525635444,129.837786963252,2,2.09487916503847,bolditalic('Engraulis japonicus')
EngraulisJaponicus,SSP1-2.6,14,Engraulis japonicus,1,1.4806860572428,1.17127525635444,126.416574516513,2,2.10541835466027,bolditalic('Engraulis japonicus')
EngraulisJaponicus,SSP1-2.6,15,Engraulis japonicus,1,1.47235664547325,1.17127525635444,125.705434097183,2,2.12902719043195,bolditalic('Engraulis japonicus')
EngraulisJaponicus,SSP1-2.6,16,Engraulis japonicus,1,1.55425147868313,1.17127525635444,132.697371540204,2,2.12786329197884,bolditalic('Engraulis japonicus')
EngraulisJaponicus,SSP1-2.6,17,Engraulis japonicus,1,1.52217836333333,1.17127525635444,129.959064282726,2,2.10849259604514,bolditalic('Engraulis japonicus')
EngraulisJaponicus,SSP1-2.6,18,Engraulis japonicus,1,1.49549616082305,1.17127525635444,127.681017140047,2,2.10772547365725,bolditalic('Engraulis japonicus')
EngraulisJaponicus,SSP1-2.6,19,Engraulis japonicus,1,1.5497676036214,1.17127525635444,132.314551614878,2,2.13786653740704,bolditalic('Engraulis japonicus')
EngraulisJaponicus,SSP1-2.6,20,Engraulis japonicus,1,1.47224527164609,1.17127525635444,125.695925330857,2,2.11419749158621,bolditalic('Engraulis japonicus')
EngraulisJaponicus,SSP1-2.6,21,Engraulis japonicus,1,1.55531587930041,1.17127525635444,132.788246901184,2,2.11015750662982,bolditalic('Engraulis japonicus')
EngraulisJaponicus,SSP1-2.6,22,Engraulis japonicus,1,1.53909133296296,1.17127525635444,131.403043359196,2,2.12369985999167,bolditalic('Engraulis japonicus')
EngraulisJaponicus,SSP1-2.6,23,Engraulis japonicus,1,1.46700067378601,1.17127525635444,125.248157154109,2,2.14579218347371,bolditalic('Engraulis japonicus')
EngraulisJaponicus,SSP1-2.6,24,Engraulis japonicus,1,1.47166990230453,1.17127525635444,125.646802006648,2,2.13730548267066,bolditalic('Engraulis japonicus')
EngraulisJaponicus,SSP1-2.6,25,Engraulis japonicus,1,1.5785405026749,1.17127525635444,134.771096214229,2,2.09617329658568,bolditalic('Engraulis japonicus')
EngraulisJaponicus,SSP1-2.6,26,Engraulis japonicus,1,1.53509546971193,1.17127525635444,131.061888431748,2,2.12891752852499,bolditalic('Engraulis japonicus')
EngraulisJaponicus,SSP1-2.6,27,Engraulis japonicus,1,1.5042312817284,1.17127525635444,128.426795799501,2,2.14789548535645,bolditalic('Engraulis japonicus')
EngraulisJaponicus,SSP1-2.6,28,Engraulis japonicus,1,1.51381731506173,1.17127525635444,129.245222832884,2,2.14519450898469,bolditalic('Engraulis japonicus')
EngraulisJaponicus,SSP1-2.6,29,Engraulis japonicus,1,1.48888416246914,1.17127525635444,127.116504373468,2,2.10640959981084,bolditalic('Engraulis japonicus')
EngraulisJaponicus,SSP1-2.6,30,Engraulis japonicus,1,1.46535314300412,1.17127525635444,125.107495872916,2,2.13198759737611,bolditalic('Engraulis japonicus')
EngraulisJaponicus,SSP1-2.6,31,Engraulis japonicus,1,1.48762738518519,1.17127525635444,127.00920446449,2,2.12733151881397,bolditalic('Engraulis japonicus')
EngraulisJaponicus,SSP1-2.6,32,Engraulis japonicus,1,1.49829604061728,1.17127525635444,127.920062554781,2,2.15139354741573,bolditalic('Engraulis japonicus')
EngraulisJaponicus,SSP1-2.6,33,Engraulis japonicus,1,1.47112129547325,1.17127525635444,125.599963586021,2,2.12667796002328,bolditalic('Engraulis japonicus')
EngraulisJaponicus,SSP1-2.6,34,Engraulis japonicus,1,1.46018193641975,1.17127525635444,124.665993625147,2,2.13340423089266,bolditalic('Engraulis japonicus')
EngraulisJaponicus,SSP1-2.6,35,Engraulis japonicus,1,1.49287921823045,1.17127525635444,127.457590359843,2,2.13727386841178,bolditalic('Engraulis japonicus')
EngraulisJaponicus,SSP1-2.6,36,Engraulis japonicus,1,1.49225990893004,1.17127525635444,127.40471557255,2,2.11511965426803,bolditalic('Engraulis japonicus')
EngraulisJaponicus,SSP1-2.6,37,Engraulis japonicus,1,1.47668499283951,1.17127525635444,126.074975530145,2,2.13740521498024,bolditalic('Engraulis japonicus')
EngraulisJaponicus,SSP1-2.6,38,Engraulis japonicus,1,1.514806748107,1.17127525635444,129.329697685392,2,2.12150759455562,bolditalic('Engraulis japonicus')
EngraulisJaponicus,SSP1-2.6,39,Engraulis japonicus,1,1.49665881740741,1.17127525635444,127.78028130345,2,2.10210117305815,bolditalic('Engraulis japonicus')
EngraulisJaponicus,SSP1-2.6,40,Engraulis japonicus,1,1.5040941026749,1.17127525635444,128.415083859651,2,2.13590436011553,bolditalic('Engraulis japonicus')
EngraulisJaponicus,SSP1-2.6,41,Engraulis japonicus,1,1.48568553835391,1.17127525635444,126.843415353796,2,2.15201973900199,bolditalic('Engraulis japonicus')
EngraulisJaponicus,SSP1-2.6,42,Engraulis japonicus,1,1.50007492518519,1.17127525635444,128.071938431802,2,2.11883745622635,bolditalic('Engraulis japonicus')
EngraulisJaponicus,SSP1-2.6,43,Engraulis japonicus,1,1.50129325979424,1.17127525635444,128.17595621946,2,2.1220626154989,bolditalic('Engraulis japonicus')
EngraulisJaponicus,SSP1-2.6,44,Engraulis japonicus,1,1.48426206804938,1.17127525635444,126.721883690184,2,2.13582651616633,bolditalic('Engraulis japonicus')
EngraulisJaponicus,SSP1-2.6,45,Engraulis japonicus,1,1.54772704835391,1.17127525635444,132.140335071293,2,2.13330747225881,bolditalic('Engraulis japonicus')
EngraulisJaponicus,SSP1-2.6,46,Engraulis japonicus,1,1.50695796600823,1.17127525635444,128.659591998775,2,2.09363963538408,bolditalic('Engraulis japonicus')
EngraulisJaponicus,SSP1-2.6,47,Engraulis japonicus,1,1.49419387703704,1.17127525635444,127.569832021183,2,2.12684715124965,bolditalic('Engraulis japonicus')
EngraulisJaponicus,SSP1-2.6,48,Engraulis japonicus,1,1.46054002958848,1.17127525635444,124.696566555531,2,2.135910770908,bolditalic('Engraulis japonicus')
EngraulisJaponicus,SSP1-2.6,49,Engraulis japonicus,1,1.50697894201646,1.17127525635444,128.66138286801,2,2.12743509742618,bolditalic('Engraulis japonicus')
EngraulisJaponicus,SSP1-2.6,50,Engraulis japonicus,1,1.51670531312757,1.17127525635444,129.491791523733,2,2.14043853756785,bolditalic('Engraulis japonicus')
EngraulisJaponicus,SSP1-2.6,51,Engraulis japonicus,1,1.508053651893,1.17127525635444,128.753138402903,2,2.15108482435346,bolditalic('Engraulis japonicus')
EngraulisJaponicus,SSP1-2.6,52,Engraulis japonicus,1,1.47839643279835,1.17127525635444,126.221093186909,2,2.15603648272157,bolditalic('Engraulis japonicus')
EngraulisJaponicus,SSP1-2.6,53,Engraulis japonicus,1,1.50233997156379,1.17127525635444,128.265321359197,2,2.15405035698414,bolditalic('Engraulis japonicus')
EngraulisJaponicus,SSP1-2.6,54,Engraulis japonicus,1,1.47082963934156,1.17127525635444,125.575062852388,2,2.14791736756265,bolditalic('Engraulis japonicus')
EngraulisJaponicus,SSP1-2.6,55,Engraulis japonicus,1,1.47740856271605,1.17127525635444,126.136751775534,2,2.10239739894867,bolditalic('Engraulis japonicus')
EngraulisJaponicus,SSP1-2.6,56,Engraulis japonicus,1,1.50715036526749,1.17127525635444,128.676018475661,2,2.1077870759964,bolditalic('Engraulis japonicus')
EngraulisJaponicus,SSP1-2.6,57,Engraulis japonicus,1,1.4646948044856,1.17127525635444,125.051288886988,2,2.10308103683591,bolditalic('Engraulis japonicus')
EngraulisJaponicus,SSP1-2.6,58,Engraulis japonicus,1,1.44785704769547,1.17127525635444,123.613731259198,2,2.1476604411602,bolditalic('Engraulis japonicus')
EngraulisJaponicus,SSP1-2.6,59,Engraulis japonicus,1,1.50126705674897,1.17127525635444,128.173719081338,2,2.1367332714498,bolditalic('Engraulis japonicus')
EngraulisJaponicus,SSP1-2.6,60,Engraulis japonicus,1,1.54320824078189,1.17127525635444,131.754532712069,2,2.15386095489562,bolditalic('Engraulis japonicus')
EngraulisJaponicus,SSP1-2.6,61,Engraulis japonicus,1,1.47027327604938,1.17127525635444,125.527562208183,2,2.09887619775534,bolditalic('Engraulis japonicus')
EngraulisJaponicus,SSP1-2.6,62,Engraulis japonicus,1,1.4541420200823,1.17127525635444,124.15032352073,2,2.12977732338011,bolditalic('Engraulis japonicus')
EngraulisJaponicus,SSP1-2.6,63,Engraulis japonicus,1,1.50304609654321,1.17127525635444,128.325608211121,2,2.10612989659607,bolditalic('Engraulis japonicus')
EngraulisJaponicus,SSP1-2.6,64,Engraulis japonicus,1,1.48840066625514,1.17127525635444,127.075224903815,2,2.12800526431203,bolditalic('Engraulis japonicus')
EngraulisJaponicus,SSP1-2.6,65,Engraulis japonicus,1,1.48595617950617,1.17127525635444,126.866521890948,2,2.1123981154561,bolditalic('Engraulis japonicus')
EngraulisJaponicus,SSP1-2.6,66,Engraulis japonicus,1,1.49957914139918,1.17127525635444,128.029609885773,2,2.13295088791847,bolditalic('Engraulis japonicus')
EngraulisJaponicus,SSP1-2.6,67,Engraulis japonicus,1,1.47244263769547,1.17127525635444,125.712775857521,2,2.11236853583157,bolditalic('Engraulis japonicus')
EngraulisJaponicus,SSP1-2.6,68,Engraulis japonicus,1,1.41618010135802,1.17127525635444,120.909247734459,2,2.15094286346436,bolditalic('Engraulis japonicus')
EngraulisJaponicus,SSP1-2.6,69,Engraulis japonicus,1,1.4701068563786,1.17127525635444,125.513353791342,2,2.12117096707225,bolditalic('Engraulis japonicus')
EngraulisJaponicus,SSP1-2.6,70,Engraulis japonicus,1,1.51444511596708,1.17127525635444,129.298822608167,2,2.09721631447971,bolditalic('Engraulis japonicus')
EngraulisJaponicus,SSP1-2.6,71,Engraulis japonicus,1,1.44786422473251,1.17127525635444,123.614344013289,2,2.15613651891053,bolditalic('Engraulis japonicus')
EngraulisJaponicus,SSP1-2.6,72,Engraulis japonicus,1,1.50574463230453,1.17127525635444,128.556001173551,2,2.09697066858411,bolditalic('Engraulis japonicus')
EngraulisJaponicus,SSP1-2.6,73,Engraulis japonicus,1,1.50715927358025,1.17127525635444,128.676779040926,2,2.14267000229657,bolditalic('Engraulis japonicus')
EngraulisJaponicus,SSP1-2.6,74,Engraulis japonicus,1,1.47013843316872,1.17127525635444,125.516049723826,2,2.12757317848504,bolditalic('Engraulis japonicus')
EngraulisJaponicus,SSP1-2.6,75,Engraulis japonicus,1,1.44119969469136,1.17127525635444,123.045346247393,2,2.12961374484003,bolditalic('Engraulis japonicus')
EngraulisJaponicus,SSP1-2.6,76,Engraulis japonicus,1,1.50874893325103,1.17127525635444,128.812499458664,2,2.11808264219761,bolditalic('Engraulis japonicus')
EngraulisJaponicus,SSP1-2.6,77,Engraulis japonicus,1,1.55410431666667,1.17127525635444,132.684807284649,2,2.12057687297463,bolditalic('Engraulis japonicus')
EngraulisJaponicus,SSP1-2.6,78,Engraulis japonicus,1,1.46892625670782,1.17127525635444,125.412557700553,2,2.10193228894472,bolditalic('Engraulis japonicus')
EngraulisJaponicus,SSP1-2.6,79,Engraulis japonicus,1,1.53767136004115,1.17127525635444,131.281810291724,2,2.14683215540648,bolditalic('Engraulis japonicus')
EngraulisJaponicus,SSP1-2.6,80,Engraulis japonicus,1,1.53206860995885,1.17127525635444,130.803464142781,2,2.11690214921534,bolditalic('Engraulis japonicus')
EngraulisJaponicus,SSP1-2.6,81,Engraulis japonicus,1,1.44394943246914,1.17127525635444,123.280110685799,2,2.13410341975093,bolditalic('Engraulis japonicus')
EngraulisJaponicus,SSP1-2.6,82,Engraulis japonicus,1,1.42752377617284,1.17127525635444,121.877736973285,2,2.09970747424662,bolditalic('Engraulis japonicus')
EngraulisJaponicus,SSP1-2.6,83,Engraulis japonicus,1,1.51990023230453,1.17127525635444,129.764564226787,2,2.09502975511551,bolditalic('Engraulis japonicus')
EngraulisJaponicus,SSP1-2.6,84,Engraulis japonicus,1,1.45047764975309,1.17127525635444,123.837470473649,2,2.09880387465656,bolditalic('Engraulis japonicus')
EngraulisJaponicus,SSP1-2.6,85,Engraulis japonicus,1,1.47133860942387,1.17127525635444,125.618517205201,2,2.11257614912093,bolditalic('Engraulis japonicus')
EngraulisJaponicus,SSP1-2.6,86,Engraulis japonicus,1,1.45693290983539,1.17127525635444,124.388601392473,2,2.09758257122338,bolditalic('Engraulis japonicus')
EngraulisJaponicus,SSP1-2.6,87,Engraulis japonicus,1,1.44871816679012,1.17127525635444,123.687251047991,2,2.1569443038255,bolditalic('Engraulis japonicus')
EngraulisJaponicus,SSP1-2.6,88,Engraulis japonicus,1,1.47294616971193,1.17127525635444,125.755765924436,2,2.10819462808967,bolditalic('Engraulis japonicus')
EngraulisJaponicus,SSP1-2.6,89,Engraulis japonicus,1,1.44979124748971,1.17127525635444,123.778867488599,2,2.11684333391488,bolditalic('Engraulis japonicus')
EngraulisJaponicus,SSP1-2.6,90,Engraulis japonicus,1,1.4659900762963,1.17127525635444,125.161875344242,2,2.15254972197115,bolditalic('Engraulis japonicus')
EngraulisJaponicus,SSP1-2.6,91,Engraulis japonicus,1,1.48290322069959,1.17127525635444,126.605869342368,2,2.09870630657673,bolditalic('Engraulis japonicus')
EngraulisJaponicus,SSP1-2.6,92,Engraulis japonicus,1,1.5141416126749,1.17127525635444,129.272910399185,2,2.15396437636018,bolditalic('Engraulis japonicus')
EngraulisJaponicus,SSP1-2.6,93,Engraulis japonicus,1,1.5184780154321,1.17127525635444,129.643139577482,2,2.1273640717864,bolditalic('Engraulis japonicus')
EngraulisJaponicus,SSP1-2.6,94,Engraulis japonicus,1,1.50552653934156,1.17127525635444,128.537381044611,2,2.14378861673176,bolditalic('Engraulis japonicus')
EngraulisJaponicus,SSP1-2.6,95,Engraulis japonicus,1,1.50251363506173,1.17127525635444,128.280148232471,2,2.10795809419453,bolditalic('Engraulis japonicus')
EngraulisJaponicus,SSP1-2.6,96,Engraulis japonicus,1,1.53924184242798,1.17127525635444,131.415893409959,2,2.10205684682727,bolditalic('Engraulis japonicus')
EngraulisJaponicus,SSP1-2.6,97,Engraulis japonicus,1,1.49613773399177,1.17127525635444,127.735792750241,2,2.12421390646696,bolditalic('Engraulis japonicus')
EngraulisJaponicus,SSP1-2.6,98,Engraulis japonicus,1,1.48586472954733,1.17127525635444,126.85871416528,2,2.11749484087527,bolditalic('Engraulis japonicus')
EngraulisJaponicus,SSP1-2.6,99,Engraulis japonicus,1,1.5712925818107,1.17127525635444,134.152290273876,2,2.14937865762413,bolditalic('Engraulis japonicus')
EngraulisJaponicus,SSP1-2.6,100,Engraulis japonicus,1,1.49540351958848,1.17127525635444,127.673107706798,2,2.14783110685647,bolditalic('Engraulis japonicus')
EngraulisJaponicus,SSP5-8.5,1,Engraulis japonicus,1,1.78002854683128,1.17127525635444,151.973546540338,3,3.09440621142089,bolditalic('Engraulis japonicus')
EngraulisJaponicus,SSP5-8.5,2,Engraulis japonicus,1,1.89960101164609,1.17127525635444,162.182288180366,3,3.13604922881722,bolditalic('Engraulis japonicus')
EngraulisJaponicus,SSP5-8.5,3,Engraulis japonicus,1,1.8579069518107,1.17127525635444,158.622573279092,3,3.09702565932274,bolditalic('Engraulis japonicus')
EngraulisJaponicus,SSP5-8.5,4,Engraulis japonicus,1,1.86712968530864,1.17127525635444,159.409982852367,3,3.09779562158883,bolditalic('Engraulis japonicus')
EngraulisJaponicus,SSP5-8.5,5,Engraulis japonicus,1,1.93392701333333,1.17127525635444,165.112940177069,3,3.09768130029738,bolditalic('Engraulis japonicus')
EngraulisJaponicus,SSP5-8.5,6,Engraulis japonicus,1,1.8624496809465,1.17127525635444,159.010417990329,3,3.14965866650641,bolditalic('Engraulis japonicus')
EngraulisJaponicus,SSP5-8.5,7,Engraulis japonicus,1,1.84111958390947,1.17127525635444,157.189317704866,3,3.09447841031849,bolditalic('Engraulis japonicus')
EngraulisJaponicus,SSP5-8.5,8,Engraulis japonicus,1,1.84423408950617,1.17127525635444,157.455224935451,3,3.12559679582715,bolditalic('Engraulis japonicus')
EngraulisJaponicus,SSP5-8.5,9,Engraulis japonicus,1,1.85514780547325,1.17127525635444,158.387005565825,3,3.11917181017995,bolditalic('Engraulis japonicus')
EngraulisJaponicus,SSP5-8.5,10,Engraulis japonicus,1,1.82701175090535,1.17127525635444,155.98483285576,3,3.12716660264134,bolditalic('Engraulis japonicus')
EngraulisJaponicus,SSP5-8.5,11,Engraulis japonicus,1,1.86133965209877,1.17127525635444,158.915647026654,3,3.12360600294173,bolditalic('Engraulis japonicus')
EngraulisJaponicus,SSP5-8.5,12,Engraulis japonicus,1,1.87864477855967,1.17127525635444,160.393107287769,3,3.10070437765121,bolditalic('Engraulis japonicus')
EngraulisJaponicus,SSP5-8.5,13,Engraulis japonicus,1,1.75774786481481,1.17127525635444,150.071288134759,3,3.13581692846119,bolditalic('Engraulis japonicus')
EngraulisJaponicus,SSP5-8.5,14,Engraulis japonicus,1,1.92758702160494,1.17127525635444,164.57165052769,3,3.11163849942386,bolditalic('Engraulis japonicus')
EngraulisJaponicus,SSP5-8.5,15,Engraulis japonicus,1,1.90890699703704,1.17127525635444,162.976805552817,3,3.12154413089156,bolditalic('Engraulis japonicus')
EngraulisJaponicus,SSP5-8.5,16,Engraulis japonicus,1,1.87721278909465,1.17127525635444,160.270848283555,3,3.13286111393571,bolditalic('Engraulis japonicus')
EngraulisJaponicus,SSP5-8.5,17,Engraulis japonicus,1,1.85189063613169,1.17127525635444,158.108918128744,3,3.12952786947787,bolditalic('Engraulis japonicus')
EngraulisJaponicus,SSP5-8.5,18,Engraulis japonicus,1,1.81061378477366,1.17127525635444,154.584823247196,3,3.1442417678833,bolditalic('Engraulis japonicus')
EngraulisJaponicus,SSP5-8.5,19,Engraulis japonicus,1,1.85226408921811,1.17127525635444,158.140802443246,3,3.13559340508282,bolditalic('Engraulis japonicus')
EngraulisJaponicus,SSP5-8.5,20,Engraulis japonicus,1,1.89319498119342,1.17127525635444,161.635360340995,3,3.12875997363031,bolditalic('Engraulis japonicus')
EngraulisJaponicus,SSP5-8.5,21,Engraulis japonicus,1,1.81092864082305,1.17127525635444,154.611704720845,3,3.11953534474969,bolditalic('Engraulis japonicus')
EngraulisJaponicus,SSP5-8.5,22,Engraulis japonicus,1,1.79571463296296,1.17127525635444,153.312777950425,3,3.13689577196538,bolditalic('Engraulis japonicus')
EngraulisJaponicus,SSP5-8.5,23,Engraulis japonicus,1,1.82013408337449,1.17127525635444,155.397638044502,3,3.10075086498261,bolditalic('Engraulis japonicus')
EngraulisJaponicus,SSP5-8.5,24,Engraulis japonicus,1,1.81429887065844,1.17127525635444,154.899444926839,3,3.15672821205854,bolditalic('Engraulis japonicus')
EngraulisJaponicus,SSP5-8.5,25,Engraulis japonicus,1,1.83319895016461,1.17127525635444,156.513077538271,3,3.11082078638673,bolditalic('Engraulis japonicus')
EngraulisJaponicus,SSP5-8.5,26,Engraulis japonicus,1,1.84206198004115,1.17127525635444,157.2697766855,3,3.13988233473897,bolditalic('Engraulis japonicus')
EngraulisJaponicus,SSP5-8.5,27,Engraulis japonicus,1,1.82345787411523,1.17127525635444,155.681413418626,3,3.11534903077781,bolditalic('Engraulis japonicus')
EngraulisJaponicus,SSP5-8.5,28,Engraulis japonicus,1,1.82669543185185,1.17127525635444,155.957826475169,3,3.15209939022362,bolditalic('Engraulis japonicus')
EngraulisJaponicus,SSP5-8.5,29,Engraulis japonicus,1,1.89163604246914,1.17127525635444,161.502262786358,3,3.14301367394626,bolditalic('Engraulis japonicus')
EngraulisJaponicus,SSP5-8.5,30,Engraulis japonicus,1,1.82858046024691,1.17127525635444,156.118764596659,3,3.10365509405732,bolditalic('Engraulis japonicus')
EngraulisJaponicus,SSP5-8.5,31,Engraulis japonicus,1,1.71756548946502,1.17127525635444,146.640636361677,3,3.11641522859037,bolditalic('Engraulis japonicus')
EngraulisJaponicus,SSP5-8.5,32,Engraulis japonicus,1,1.85388623024691,1.17127525635444,158.279296022787,3,3.15608177395165,bolditalic('Engraulis japonicus')
EngraulisJaponicus,SSP5-8.5,33,Engraulis japonicus,1,1.79314110201646,1.17127525635444,153.093057527532,3,3.14510205519199,bolditalic('Engraulis japonicus')
EngraulisJaponicus,SSP5-8.5,34,Engraulis japonicus,1,1.81414062522634,1.17127525635444,154.8859344022,3,3.15000436615944,bolditalic('Engraulis japonicus')
EngraulisJaponicus,SSP5-8.5,35,Engraulis japonicus,1,1.7571235308642,1.17127525635444,150.017984357767,3,3.1051198335439,bolditalic('Engraulis japonicus')
EngraulisJaponicus,SSP5-8.5,36,Engraulis japonicus,1,1.88380748596708,1.17127525635444,160.833883901071,3,3.14365033838153,bolditalic('Engraulis japonicus')
EngraulisJaponicus,SSP5-8.5,37,Engraulis japonicus,1,1.85638840045268,1.17127525635444,158.492923877742,3,3.11486487482488,bolditalic('Engraulis japonicus')
EngraulisJaponicus,SSP5-8.5,38,Engraulis japonicus,1,1.84998561176955,1.17127525635444,157.946272811019,3,3.10131400197744,bolditalic('Engraulis japonicus')
EngraulisJaponicus,SSP5-8.5,39,Engraulis japonicus,1,1.85139239053498,1.17127525635444,158.066379400635,3,3.13811909604073,bolditalic('Engraulis japonicus')
EngraulisJaponicus,SSP5-8.5,40,Engraulis japonicus,1,1.86513636720165,1.17127525635444,159.239799277142,3,3.09688672861457,bolditalic('Engraulis japonicus')
EngraulisJaponicus,SSP5-8.5,41,Engraulis japonicus,1,1.7655026644856,1.17127525635444,150.733369881019,3,3.12503509487212,bolditalic('Engraulis japonicus')
EngraulisJaponicus,SSP5-8.5,42,Engraulis japonicus,1,1.78017490378601,1.17127525635444,151.986042062115,3,3.11286993728578,bolditalic('Engraulis japonicus')
EngraulisJaponicus,SSP5-8.5,43,Engraulis japonicus,1,1.87724465316872,1.17127525635444,160.273568743489,3,3.12650031028688,bolditalic('Engraulis japonicus')
EngraulisJaponicus,SSP5-8.5,44,Engraulis japonicus,1,1.89526849242798,1.17127525635444,161.812390567094,3,3.1077300683558,bolditalic('Engraulis japonicus')
EngraulisJaponicus,SSP5-8.5,45,Engraulis japonicus,1,1.8274649237037,1.17127525635444,156.023523402315,3,3.09392943200469,bolditalic('Engraulis japonicus')
EngraulisJaponicus,SSP5-8.5,46,Engraulis japonicus,1,1.80781867761317,1.17127525635444,154.346185305745,3,3.11253926540911,bolditalic('Engraulis japonicus')
EngraulisJaponicus,SSP5-8.5,47,Engraulis japonicus,1,1.80515270234568,1.17127525635444,154.118572261499,3,3.14951579254866,bolditalic('Engraulis japonicus')
EngraulisJaponicus,SSP5-8.5,48,Engraulis japonicus,1,1.87942220300412,1.17127525635444,160.459481476093,3,3.15020473124087,bolditalic('Engraulis japonicus')
EngraulisJaponicus,SSP5-8.5,49,Engraulis japonicus,1,1.89415642580247,1.17127525635444,161.717445624009,3,3.1146851759702,bolditalic('Engraulis japonicus')
EngraulisJaponicus,SSP5-8.5,50,Engraulis japonicus,1,1.83632579156379,1.17127525635444,156.780037963006,3,3.12637654173374,bolditalic('Engraulis japonicus')
EngraulisJaponicus,SSP5-8.5,51,Engraulis japonicus,1,1.87914054518519,1.17127525635444,160.435434368686,3,3.13699016088247,bolditalic('Engraulis japonicus')
EngraulisJaponicus,SSP5-8.5,52,Engraulis japonicus,1,1.80183170407407,1.17127525635444,153.835035300089,3,3.14894699369371,bolditalic('Engraulis japonicus')
EngraulisJaponicus,SSP5-8.5,53,Engraulis japonicus,1,1.90975600090535,1.17127525635444,163.049290979595,3,3.11065286950767,bolditalic('Engraulis japonicus')
EngraulisJaponicus,SSP5-8.5,54,Engraulis japonicus,1,1.77212110411523,1.17127525635444,151.298432584574,3,3.11271974487603,bolditalic('Engraulis japonicus')
EngraulisJaponicus,SSP5-8.5,55,Engraulis japonicus,1,1.80326751374486,1.17127525635444,153.957620462117,3,3.11436531321704,bolditalic('Engraulis japonicus')
EngraulisJaponicus,SSP5-8.5,56,Engraulis japonicus,1,1.82419226847737,1.17127525635444,155.744113826421,3,3.10761188791692,bolditalic('Engraulis japonicus')
EngraulisJaponicus,SSP5-8.5,57,Engraulis japonicus,1,1.84777941880658,1.17127525635444,157.757914613319,3,3.15150432609022,bolditalic('Engraulis japonicus')
EngraulisJaponicus,SSP5-8.5,58,Engraulis japonicus,1,1.84208088691358,1.17127525635444,157.271390898071,3,3.12999115754664,bolditalic('Engraulis japonicus')
EngraulisJaponicus,SSP5-8.5,59,Engraulis japonicus,1,1.89482523975309,1.17127525635444,161.774546971194,3,3.09348760901392,bolditalic('Engraulis japonicus')
EngraulisJaponicus,SSP5-8.5,60,Engraulis japonicus,1,1.73265959967078,1.17127525635444,147.929326626742,3,3.14441554795206,bolditalic('Engraulis japonicus')
EngraulisJaponicus,SSP5-8.5,61,Engraulis japonicus,1,1.83426686020576,1.17127525635444,156.60425252343,3,3.15303825671971,bolditalic('Engraulis japonicus')
EngraulisJaponicus,SSP5-8.5,62,Engraulis japonicus,1,1.85095801839506,1.17127525635444,158.029293998416,3,3.11209001868963,bolditalic('Engraulis japonicus')
EngraulisJaponicus,SSP5-8.5,63,Engraulis japonicus,1,1.76056073695473,1.17127525635444,150.31144279735,3,3.09638330996037,bolditalic('Engraulis japonicus')
EngraulisJaponicus,SSP5-8.5,64,Engraulis japonicus,1,1.84758128518519,1.17127525635444,157.740998553639,3,3.12212910413742,bolditalic('Engraulis japonicus')
EngraulisJaponicus,SSP5-8.5,65,Engraulis japonicus,1,1.82137325098765,1.17127525635444,155.503434492129,3,3.10614404655993,bolditalic('Engraulis japonicus')
EngraulisJaponicus,SSP5-8.5,66,Engraulis japonicus,1,1.84323185909465,1.17127525635444,157.36965748185,3,3.12388302223384,bolditalic('Engraulis japonicus')
EngraulisJaponicus,SSP5-8.5,67,Engraulis japonicus,1,1.84067942917695,1.17127525635444,157.151738602078,3,3.13751839140058,bolditalic('Engraulis japonicus')
EngraulisJaponicus,SSP5-8.5,68,Engraulis japonicus,1,1.87394179024691,1.17127525635444,159.991580124342,3,3.09973778638244,bolditalic('Engraulis japonicus')
EngraulisJaponicus,SSP5-8.5,69,Engraulis japonicus,1,1.81723070703704,1.17127525635444,155.149756402531,3,3.12057765457034,bolditalic('Engraulis japonicus')
EngraulisJaponicus,SSP5-8.5,70,Engraulis japonicus,1,1.8374400544856,1.17127525635444,156.87517041934,3,3.12708883136511,bolditalic('Engraulis japonicus')
EngraulisJaponicus,SSP5-8.5,71,Engraulis japonicus,1,1.85991466588477,1.17127525635444,158.793985939197,3,3.11995666259527,bolditalic('Engraulis japonicus')
EngraulisJaponicus,SSP5-8.5,72,Engraulis japonicus,1,1.86217924024691,1.17127525635444,158.98732856723,3,3.14664479251206,bolditalic('Engraulis japonicus')
EngraulisJaponicus,SSP5-8.5,73,Engraulis japonicus,1,1.83860595946502,1.17127525635444,156.974711921058,3,3.15227251411974,bolditalic('Engraulis japonicus')
EngraulisJaponicus,SSP5-8.5,74,Engraulis japonicus,1,1.8654899572428,1.17127525635444,159.269987743878,3,3.10288075244427,bolditalic('Engraulis japonicus')
EngraulisJaponicus,SSP5-8.5,75,Engraulis japonicus,1,1.78418929399177,1.17127525635444,152.32877876589,3,3.12547730650008,bolditalic('Engraulis japonicus')
EngraulisJaponicus,SSP5-8.5,76,Engraulis japonicus,1,1.82666519329218,1.17127525635444,155.955244796822,3,3.12165177448094,bolditalic('Engraulis japonicus')
EngraulisJaponicus,SSP5-8.5,77,Engraulis japonicus,1,1.8538659400823,1.17127525635444,158.277563708841,3,3.11157712391019,bolditalic('Engraulis japonicus')
EngraulisJaponicus,SSP5-8.5,78,Engraulis japonicus,1,1.82168113255144,1.17127525635444,155.529720504928,3,3.13530484107137,bolditalic('Engraulis japonicus')
EngraulisJaponicus,SSP5-8.5,79,Engraulis japonicus,1,1.79602488514403,1.17127525635444,153.339266359481,3,3.13708713541925,bolditalic('Engraulis japonicus')
EngraulisJaponicus,SSP5-8.5,80,Engraulis japonicus,1,1.84155673271605,1.17127525635444,157.226640170632,3,3.13571184822917,bolditalic('Engraulis japonicus')
EngraulisJaponicus,SSP5-8.5,81,Engraulis japonicus,1,1.77296820386831,1.17127525635444,151.370755443653,3,3.14834198325872,bolditalic('Engraulis japonicus')
EngraulisJaponicus,SSP5-8.5,82,Engraulis japonicus,1,1.82179772769547,1.17127525635444,155.539675051768,3,3.14954035384953,bolditalic('Engraulis japonicus')
EngraulisJaponicus,SSP5-8.5,83,Engraulis japonicus,1,1.81098459452675,1.17127525635444,154.616481881755,3,3.15012003816664,bolditalic('Engraulis japonicus')
EngraulisJaponicus,SSP5-8.5,84,Engraulis japonicus,1,1.81585734218107,1.17127525635444,155.032502593188,3,3.1231691044122,bolditalic('Engraulis japonicus')
EngraulisJaponicus,SSP5-8.5,85,Engraulis japonicus,1,1.8134706081893,1.17127525635444,154.828730339072,3,3.12917446707189,bolditalic('Engraulis japonicus')
EngraulisJaponicus,SSP5-8.5,86,Engraulis japonicus,1,1.84076754481481,1.17127525635444,157.159261653332,3,3.11324534383416,bolditalic('Engraulis japonicus')
EngraulisJaponicus,SSP5-8.5,87,Engraulis japonicus,1,1.81251494847737,1.17127525635444,154.74713895338,3,3.14160146842897,bolditalic('Engraulis japonicus')
EngraulisJaponicus,SSP5-8.5,88,Engraulis japonicus,1,1.83033064020576,1.17127525635444,156.268189759477,3,3.13589051006734,bolditalic('Engraulis japonicus')
EngraulisJaponicus,SSP5-8.5,89,Engraulis japonicus,1,1.83560915308642,1.17127525635444,156.718853499876,3,3.1515542383641,bolditalic('Engraulis japonicus')
EngraulisJaponicus,SSP5-8.5,90,Engraulis japonicus,1,1.81110521131687,1.17127525635444,154.626779784786,3,3.10320697389543,bolditalic('Engraulis japonicus')
EngraulisJaponicus,SSP5-8.5,91,Engraulis japonicus,1,1.80762235761317,1.17127525635444,154.329424087668,3,3.13655763685703,bolditalic('Engraulis japonicus')
EngraulisJaponicus,SSP5-8.5,92,Engraulis japonicus,1,1.7924653963786,1.17127525635444,153.035367788575,3,3.13453339184821,bolditalic('Engraulis japonicus')
EngraulisJaponicus,SSP5-8.5,93,Engraulis japonicus,1,1.84729678658436,1.17127525635444,157.716708908716,3,3.15499623505771,bolditalic('Engraulis japonicus')
EngraulisJaponicus,SSP5-8.5,94,Engraulis japonicus,1,1.87494063345679,1.17127525635444,160.076858388734,3,3.1012794945091,bolditalic('Engraulis japonicus')
EngraulisJaponicus,SSP5-8.5,95,Engraulis japonicus,1,1.87514014263374,1.17127525635444,160.09389188926,3,3.10526178683341,bolditalic('Engraulis japonicus')
EngraulisJaponicus,SSP5-8.5,96,Engraulis japonicus,1,1.83649087390947,1.17127525635444,156.794132203005,3,3.13598512141407,bolditalic('Engraulis japonicus')
EngraulisJaponicus,SSP5-8.5,97,Engraulis japonicus,1,1.73131364020576,1.17127525635444,147.814412608221,3,3.14109670701623,bolditalic('Engraulis japonicus')
EngraulisJaponicus,SSP5-8.5,98,Engraulis japonicus,1,1.87980751613169,1.17127525635444,160.492378365657,3,3.1103401928544,bolditalic('Engraulis japonicus')
EngraulisJaponicus,SSP5-8.5,99,Engraulis japonicus,1,1.86611158489712,1.17127525635444,159.323060465337,3,3.14272114442289,bolditalic('Engraulis japonicus')
EngraulisJaponicus,SSP5-8.5,100,Engraulis japonicus,1,1.80623388028807,1.17127525635444,154.210880020629,3,3.10802949091792,bolditalic('Engraulis japonicus')
LarimichthysPolyactis,Base,1,Larimichthys polyactis,13,0.196323845485,0.201681993625633,97.3432689531128,1,1.10340714739263,bolditalic('Larimichthys polyactis')
LarimichthysPolyactis,Base,2,Larimichthys polyactis,13,0.224683054446667,0.201681993625633,111.404617937151,1,1.14142119219899,bolditalic('Larimichthys polyactis')
LarimichthysPolyactis,Base,3,Larimichthys polyactis,13,0.197827169786667,0.201681993625633,98.0886623690751,1,1.13380347876251,bolditalic('Larimichthys polyactis')
LarimichthysPolyactis,Base,4,Larimichthys polyactis,13,0.21060021584,0.201681993625633,104.421922876725,1,1.14859361307323,bolditalic('Larimichthys polyactis')
LarimichthysPolyactis,Base,5,Larimichthys polyactis,13,0.197336797033333,0.201681993625633,97.8455208052108,1,1.12467203211784,bolditalic('Larimichthys polyactis')
LarimichthysPolyactis,Base,6,Larimichthys polyactis,13,0.188100112973333,0.201681993625633,93.2656949645632,1,1.14073732620478,bolditalic('Larimichthys polyactis')
LarimichthysPolyactis,Base,7,Larimichthys polyactis,13,0.20305175432,0.201681993625633,100.67916856123,1,1.09368396419287,bolditalic('Larimichthys polyactis')
LarimichthysPolyactis,Base,8,Larimichthys polyactis,13,0.205959998386667,0.201681993625633,102.121163463395,1,1.14277984833717,bolditalic('Larimichthys polyactis')
LarimichthysPolyactis,Base,9,Larimichthys polyactis,13,0.20385502332,0.201681993625633,101.077453497609,1,1.11830903193355,bolditalic('Larimichthys polyactis')
LarimichthysPolyactis,Base,10,Larimichthys polyactis,13,0.202043004093333,0.201681993625633,100.17899985081,1,1.10214516730607,bolditalic('Larimichthys polyactis')
LarimichthysPolyactis,Base,11,Larimichthys polyactis,13,0.21040691934,0.201681993625633,104.32608065674,1,1.10553336918354,bolditalic('Larimichthys polyactis')
LarimichthysPolyactis,Base,12,Larimichthys polyactis,13,0.199838596666667,0.201681993625633,99.0859883295342,1,1.1548974892199,bolditalic('Larimichthys polyactis')
LarimichthysPolyactis,Base,13,Larimichthys polyactis,13,0.20635089368,0.201681993625633,102.314981109832,1,1.10766845022142,bolditalic('Larimichthys polyactis')
LarimichthysPolyactis,Base,14,Larimichthys polyactis,13,0.203260973813333,0.201681993625633,100.782905880349,1,1.12485519936681,bolditalic('Larimichthys polyactis')
LarimichthysPolyactis,Base,15,Larimichthys polyactis,13,0.194288565,0.201681993625633,96.3341156576639,1,1.14038560737669,bolditalic('Larimichthys polyactis')
LarimichthysPolyactis,Base,16,Larimichthys polyactis,13,0.210554679606667,0.201681993625633,104.39934464229,1,1.11628449979424,bolditalic('Larimichthys polyactis')
LarimichthysPolyactis,Base,17,Larimichthys polyactis,13,0.207613498473333,0.201681993625633,102.941018551567,1,1.13955626302958,bolditalic('Larimichthys polyactis')
LarimichthysPolyactis,Base,18,Larimichthys polyactis,13,0.201940902726667,0.201681993625633,100.128374921518,1,1.10049093407393,bolditalic('Larimichthys polyactis')
LarimichthysPolyactis,Base,19,Larimichthys polyactis,13,0.211301753973333,0.201681993625633,104.769766588859,1,1.1082352822125,bolditalic('Larimichthys polyactis')
LarimichthysPolyactis,Base,20,Larimichthys polyactis,13,0.199775264173333,0.201681993625633,99.0545861739945,1,1.12538698770106,bolditalic('Larimichthys polyactis')
LarimichthysPolyactis,Base,21,Larimichthys polyactis,13,0.195120266686667,0.201681993625633,96.7464983754839,1,1.15101512511075,bolditalic('Larimichthys polyactis')
LarimichthysPolyactis,Base,22,Larimichthys polyactis,13,0.201338354126667,0.201681993625633,99.8296131980904,1,1.10112564656138,bolditalic('Larimichthys polyactis')
LarimichthysPolyactis,Base,23,Larimichthys polyactis,13,0.201844418793333,0.201681993625633,100.080535284673,1,1.14123766599596,bolditalic('Larimichthys polyactis')
LarimichthysPolyactis,Base,24,Larimichthys polyactis,13,0.186360416673333,0.201681993625633,92.4031012006255,1,1.12566381908953,bolditalic('Larimichthys polyactis')
LarimichthysPolyactis,Base,25,Larimichthys polyactis,13,0.19652118588,0.201681993625633,97.4411162578981,1,1.13868782569468,bolditalic('Larimichthys polyactis')
LarimichthysPolyactis,Base,26,Larimichthys polyactis,13,0.208062614093333,0.201681993625633,103.163703587512,1,1.15611986403167,bolditalic('Larimichthys polyactis')
LarimichthysPolyactis,Base,27,Larimichthys polyactis,13,0.206776506726667,0.201681993625633,102.526012862849,1,1.15637934444845,bolditalic('Larimichthys polyactis')
LarimichthysPolyactis,Base,28,Larimichthys polyactis,13,0.18985387928,0.201681993625633,94.1352650610996,1,1.12911572656035,bolditalic('Larimichthys polyactis')
LarimichthysPolyactis,Base,29,Larimichthys polyactis,13,0.20165681196,0.201681993625633,99.9875141725938,1,1.14054744681716,bolditalic('Larimichthys polyactis')
LarimichthysPolyactis,Base,30,Larimichthys polyactis,13,0.218712414436667,0.201681993625633,108.444194994743,1,1.12494851441681,bolditalic('Larimichthys polyactis')
LarimichthysPolyactis,Base,31,Larimichthys polyactis,13,0.204474543546667,0.201681993625633,101.384630264126,1,1.13557041601837,bolditalic('Larimichthys polyactis')
LarimichthysPolyactis,Base,32,Larimichthys polyactis,13,0.202839059313333,0.201681993625633,100.57370797804,1,1.12248345825076,bolditalic('Larimichthys polyactis')
LarimichthysPolyactis,Base,33,Larimichthys polyactis,13,0.20436599168,0.201681993625633,101.330806982873,1,1.10949732120335,bolditalic('Larimichthys polyactis')
LarimichthysPolyactis,Base,34,Larimichthys polyactis,13,0.204779664473333,0.201681993625633,101.535918399066,1,1.1513134548068,bolditalic('Larimichthys polyactis')
LarimichthysPolyactis,Base,35,Larimichthys polyactis,13,0.185486960533333,0.201681993625633,91.970015368669,1,1.1399644497782,bolditalic('Larimichthys polyactis')
LarimichthysPolyactis,Base,36,Larimichthys polyactis,13,0.205880443266667,0.201681993625633,102.0817176415,1,1.14157155148685,bolditalic('Larimichthys polyactis')
LarimichthysPolyactis,Base,37,Larimichthys polyactis,13,0.19255705708,0.201681993625633,95.4755819388759,1,1.13243743695319,bolditalic('Larimichthys polyactis')
LarimichthysPolyactis,Base,38,Larimichthys polyactis,13,0.199670326666667,0.201681993625633,99.0025550011666,1,1.13724859341979,bolditalic('Larimichthys polyactis')
LarimichthysPolyactis,Base,39,Larimichthys polyactis,13,0.19693619482,0.201681993625633,97.6468901758069,1,1.10456119601429,bolditalic('Larimichthys polyactis')
LarimichthysPolyactis,Base,40,Larimichthys polyactis,13,0.20772841296,0.201681993625633,102.997996611235,1,1.11926296274364,bolditalic('Larimichthys polyactis')
LarimichthysPolyactis,Base,41,Larimichthys polyactis,13,0.21708758768,0.201681993625633,107.638557006216,1,1.11165754051507,bolditalic('Larimichthys polyactis')
LarimichthysPolyactis,Base,42,Larimichthys polyactis,13,0.192267179593333,0.201681993625633,95.3318519600831,1,1.15024982829392,bolditalic('Larimichthys polyactis')
LarimichthysPolyactis,Base,43,Larimichthys polyactis,13,0.18606135152,0.201681993625633,92.2548157002907,1,1.14325173687935,bolditalic('Larimichthys polyactis')
LarimichthysPolyactis,Base,44,Larimichthys polyactis,13,0.200749826843333,0.201681993625633,99.5378036652937,1,1.10607739850879,bolditalic('Larimichthys polyactis')
LarimichthysPolyactis,Base,45,Larimichthys polyactis,13,0.198361176546667,0.201681993625633,98.3534389861643,1,1.10959223897755,bolditalic('Larimichthys polyactis')
LarimichthysPolyactis,Base,46,Larimichthys polyactis,13,0.201063109106667,0.201681993625633,99.6931384364857,1,1.10300977860391,bolditalic('Larimichthys polyactis')
LarimichthysPolyactis,Base,47,Larimichthys polyactis,13,0.211654084876667,0.201681993625633,104.944462850533,1,1.12056859984994,bolditalic('Larimichthys polyactis')
LarimichthysPolyactis,Base,48,Larimichthys polyactis,13,0.202630568146667,0.201681993625633,100.470331785194,1,1.11316596736014,bolditalic('Larimichthys polyactis')
LarimichthysPolyactis,Base,49,Larimichthys polyactis,13,0.194362869466667,0.201681993625633,96.3709580476717,1,1.09634941858053,bolditalic('Larimichthys polyactis')
LarimichthysPolyactis,Base,50,Larimichthys polyactis,13,0.19209819084,0.201681993625633,95.2480622521894,1,1.14748828934133,bolditalic('Larimichthys polyactis')
LarimichthysPolyactis,Base,51,Larimichthys polyactis,13,0.195812096233333,0.201681993625633,97.0895282782675,1,1.1082247300595,bolditalic('Larimichthys polyactis')
LarimichthysPolyactis,Base,52,Larimichthys polyactis,13,0.185620383126667,0.201681993625633,92.0361703044347,1,1.11550015813112,bolditalic('Larimichthys polyactis')
LarimichthysPolyactis,Base,53,Larimichthys polyactis,13,0.19896954388,0.201681993625633,98.6550858126342,1,1.11194566248357,bolditalic('Larimichthys polyactis')
LarimichthysPolyactis,Base,54,Larimichthys polyactis,13,0.1843269402,0.201681993625633,91.3948423884344,1,1.14909623877704,bolditalic('Larimichthys polyactis')
LarimichthysPolyactis,Base,55,Larimichthys polyactis,13,0.200191926833333,0.201681993625633,99.2611800560311,1,1.14217103597522,bolditalic('Larimichthys polyactis')
LarimichthysPolyactis,Base,56,Larimichthys polyactis,13,0.204414353713333,0.201681993625633,101.354786333961,1,1.13181804174185,bolditalic('Larimichthys polyactis')
LarimichthysPolyactis,Base,57,Larimichthys polyactis,13,0.19964607554,0.201681993625633,98.9905305629751,1,1.13427012370527,bolditalic('Larimichthys polyactis')
LarimichthysPolyactis,Base,58,Larimichthys polyactis,13,0.195382071593333,0.201681993625633,96.8763091245546,1,1.12650855314732,bolditalic('Larimichthys polyactis')
LarimichthysPolyactis,Base,59,Larimichthys polyactis,13,0.196813194986667,0.201681993625633,97.5859031580162,1,1.14674865451455,bolditalic('Larimichthys polyactis')
LarimichthysPolyactis,Base,60,Larimichthys polyactis,13,0.203846084646667,0.201681993625633,101.073021434452,1,1.1543268301338,bolditalic('Larimichthys polyactis')
LarimichthysPolyactis,Base,61,Larimichthys polyactis,13,0.214228915926667,0.201681993625633,106.221141548374,1,1.09600033290684,bolditalic('Larimichthys polyactis')
LarimichthysPolyactis,Base,62,Larimichthys polyactis,13,0.215002729866667,0.201681993625633,106.604821779856,1,1.15150877125561,bolditalic('Larimichthys polyactis')
LarimichthysPolyactis,Base,63,Larimichthys polyactis,13,0.194681388433333,0.201681993625633,96.5288893339209,1,1.14396899712086,bolditalic('Larimichthys polyactis')
LarimichthysPolyactis,Base,64,Larimichthys polyactis,13,0.199571908213333,0.201681993625633,98.9537561711051,1,1.13251257388294,bolditalic('Larimichthys polyactis')
LarimichthysPolyactis,Base,65,Larimichthys polyactis,13,0.197504084953333,0.201681993625633,97.9284671887687,1,1.13846633605659,bolditalic('Larimichthys polyactis')
LarimichthysPolyactis,Base,66,Larimichthys polyactis,13,0.213304797,0.201681993625633,105.762935582609,1,1.09777467495203,bolditalic('Larimichthys polyactis')
LarimichthysPolyactis,Base,67,Larimichthys polyactis,13,0.220221307246667,0.201681993625633,109.192349444664,1,1.12360552693903,bolditalic('Larimichthys polyactis')
LarimichthysPolyactis,Base,68,Larimichthys polyactis,13,0.20905092393,0.201681993625633,103.653737337625,1,1.11810911303759,bolditalic('Larimichthys polyactis')
LarimichthysPolyactis,Base,69,Larimichthys polyactis,13,0.197112424926667,0.201681993625633,97.7342703645381,1,1.11127797971666,bolditalic('Larimichthys polyactis')
LarimichthysPolyactis,Base,70,Larimichthys polyactis,13,0.200309700226667,0.201681993625633,99.3195756476339,1,1.12822625726461,bolditalic('Larimichthys polyactis')
LarimichthysPolyactis,Base,71,Larimichthys polyactis,13,0.19221574946,0.201681993625633,95.3063513527118,1,1.12724976395071,bolditalic('Larimichthys polyactis')
LarimichthysPolyactis,Base,72,Larimichthys polyactis,13,0.19055013622,0.201681993625633,94.4804901986954,1,1.12701190724969,bolditalic('Larimichthys polyactis')
LarimichthysPolyactis,Base,73,Larimichthys polyactis,13,0.208111288886667,0.201681993625633,103.187838014418,1,1.09716556504369,bolditalic('Larimichthys polyactis')
LarimichthysPolyactis,Base,74,Larimichthys polyactis,13,0.20566123292,0.201681993625633,101.973026556725,1,1.13520968528092,bolditalic('Larimichthys polyactis')
LarimichthysPolyactis,Base,75,Larimichthys polyactis,13,0.193375586026667,0.201681993625633,95.8814332159048,1,1.10868161429465,bolditalic('Larimichthys polyactis')
LarimichthysPolyactis,Base,76,Larimichthys polyactis,13,0.213985862846667,0.201681993625633,106.100628519109,1,1.11949307774007,bolditalic('Larimichthys polyactis')
LarimichthysPolyactis,Base,77,Larimichthys polyactis,13,0.193008902846667,0.201681993625633,95.6996206636744,1,1.13738679175079,bolditalic('Larimichthys polyactis')
LarimichthysPolyactis,Base,78,Larimichthys polyactis,13,0.20932536926,0.201681993625633,103.789815588869,1,1.11711524045467,bolditalic('Larimichthys polyactis')
LarimichthysPolyactis,Base,79,Larimichthys polyactis,13,0.200806783186667,0.201681993625633,99.5660443338383,1,1.12563319595158,bolditalic('Larimichthys polyactis')
LarimichthysPolyactis,Base,80,Larimichthys polyactis,13,0.187286436006667,0.201681993625633,92.8622494451896,1,1.1216345218569,bolditalic('Larimichthys polyactis')
LarimichthysPolyactis,Base,81,Larimichthys polyactis,13,0.205555897566667,0.201681993625633,101.920798119551,1,1.11325796860456,bolditalic('Larimichthys polyactis')
LarimichthysPolyactis,Base,82,Larimichthys polyactis,13,0.209809223313333,0.201681993625633,104.029724985159,1,1.11333729089797,bolditalic('Larimichthys polyactis')
LarimichthysPolyactis,Base,83,Larimichthys polyactis,13,0.208944494633333,0.201681993625633,103.600966490435,1,1.11806924261153,bolditalic('Larimichthys polyactis')
LarimichthysPolyactis,Base,84,Larimichthys polyactis,13,0.202553592385,0.201681993625633,100.43216488676,1,1.13643339605629,bolditalic('Larimichthys polyactis')
LarimichthysPolyactis,Base,85,Larimichthys polyactis,13,0.201542015286667,0.201681993625633,99.9305945283216,1,1.09733334089816,bolditalic('Larimichthys polyactis')
LarimichthysPolyactis,Base,86,Larimichthys polyactis,13,0.196287689273333,0.201681993625633,97.3253416156162,1,1.12416194806993,bolditalic('Larimichthys polyactis')
LarimichthysPolyactis,Base,87,Larimichthys polyactis,13,0.209856666073333,0.201681993625633,104.053248532873,1,1.14533343634009,bolditalic('Larimichthys polyactis')
LarimichthysPolyactis,Base,88,Larimichthys polyactis,13,0.208322206806667,0.201681993625633,103.292417464575,1,1.13508557672799,bolditalic('Larimichthys polyactis')
LarimichthysPolyactis,Base,89,Larimichthys polyactis,13,0.20457439944,0.201681993625633,101.434141820184,1,1.13318889078498,bolditalic('Larimichthys polyactis')
LarimichthysPolyactis,Base,90,Larimichthys polyactis,13,0.219843201913333,0.201681993625633,109.004873445178,1,1.1234884327203,bolditalic('Larimichthys polyactis')
LarimichthysPolyactis,Base,91,Larimichthys polyactis,13,0.212951269433333,0.201681993625633,105.587645979253,1,1.10057363709807,bolditalic('Larimichthys polyactis')
LarimichthysPolyactis,Base,92,Larimichthys polyactis,13,0.196597727353333,0.201681993625633,97.4790678231107,1,1.11628558397293,bolditalic('Larimichthys polyactis')
LarimichthysPolyactis,Base,93,Larimichthys polyactis,13,0.1888034904,0.201681993625633,93.6144506536668,1,1.14644540649652,bolditalic('Larimichthys polyactis')
LarimichthysPolyactis,Base,94,Larimichthys polyactis,13,0.196859199293333,0.201681993625633,97.6087134772911,1,1.11369797340035,bolditalic('Larimichthys polyactis')
LarimichthysPolyactis,Base,95,Larimichthys polyactis,13,0.18891200086,0.201681993625633,93.6682534042492,1,1.1356122751534,bolditalic('Larimichthys polyactis')
LarimichthysPolyactis,Base,96,Larimichthys polyactis,13,0.19558952178,0.201681993625633,96.9791691681993,1,1.14425754955411,bolditalic('Larimichthys polyactis')
LarimichthysPolyactis,Base,97,Larimichthys polyactis,13,0.200517461413333,0.201681993625633,99.4225898944345,1,1.12067007671297,bolditalic('Larimichthys polyactis')
LarimichthysPolyactis,Base,98,Larimichthys polyactis,13,0.206221565553333,0.201681993625633,102.250856333821,1,1.15353886991739,bolditalic('Larimichthys polyactis')
LarimichthysPolyactis,Base,99,Larimichthys polyactis,13,0.211128877926667,0.201681993625633,104.684049443982,1,1.15024421948195,bolditalic('Larimichthys polyactis')
LarimichthysPolyactis,Base,100,Larimichthys polyactis,13,0.200576171966667,0.201681993625633,99.4517003530722,1,1.10092667192221,bolditalic('Larimichthys polyactis')
LarimichthysPolyactis,SSP1-2.6,1,Larimichthys polyactis,13,0.241513656567901,0.201681993625633,119.749736813989,2,2.13536659432948,bolditalic('Larimichthys polyactis')
LarimichthysPolyactis,SSP1-2.6,2,Larimichthys polyactis,13,0.246605205124691,0.201681993625633,122.274279766614,2,2.10232770265639,bolditalic('Larimichthys polyactis')
LarimichthysPolyactis,SSP1-2.6,3,Larimichthys polyactis,13,0.254411357009877,0.201681993625633,126.144804717729,2,2.13389299450815,bolditalic('Larimichthys polyactis')
LarimichthysPolyactis,SSP1-2.6,4,Larimichthys polyactis,13,0.24841945355679,0.201681993625633,123.173838720531,2,2.14246059525013,bolditalic('Larimichthys polyactis')
LarimichthysPolyactis,SSP1-2.6,5,Larimichthys polyactis,13,0.251349023108642,0.201681993625633,124.626407439824,2,2.1351834114939,bolditalic('Larimichthys polyactis')
LarimichthysPolyactis,SSP1-2.6,6,Larimichthys polyactis,13,0.249193744560494,0.201681993625633,123.55775549455,2,2.11948294827342,bolditalic('Larimichthys polyactis')
LarimichthysPolyactis,SSP1-2.6,7,Larimichthys polyactis,13,0.244545465946914,0.201681993625633,121.252999115451,2,2.10596248520911,bolditalic('Larimichthys polyactis')
LarimichthysPolyactis,SSP1-2.6,8,Larimichthys polyactis,13,0.252191537608642,0.201681993625633,125.044151475796,2,2.15135766874254,bolditalic('Larimichthys polyactis')
LarimichthysPolyactis,SSP1-2.6,9,Larimichthys polyactis,13,0.239576599471605,0.201681993625633,118.789285629689,2,2.14281717850268,bolditalic('Larimichthys polyactis')
LarimichthysPolyactis,SSP1-2.6,10,Larimichthys polyactis,13,0.245570603481482,0.201681993625633,121.761293146138,2,2.12570491604507,bolditalic('Larimichthys polyactis')
LarimichthysPolyactis,SSP1-2.6,11,Larimichthys polyactis,13,0.257676786301235,0.201681993625633,127.763902800138,2,2.14665075334907,bolditalic('Larimichthys polyactis')
LarimichthysPolyactis,SSP1-2.6,12,Larimichthys polyactis,13,0.247426341449383,0.201681993625633,122.68142386011,2,2.15398587840796,bolditalic('Larimichthys polyactis')
LarimichthysPolyactis,SSP1-2.6,13,Larimichthys polyactis,13,0.245535248580247,0.201681993625633,121.743763122461,2,2.10583985857666,bolditalic('Larimichthys polyactis')
LarimichthysPolyactis,SSP1-2.6,14,Larimichthys polyactis,13,0.244699774923457,0.201681993625633,121.329510148375,2,2.11555692481995,bolditalic('Larimichthys polyactis')
LarimichthysPolyactis,SSP1-2.6,15,Larimichthys polyactis,13,0.248334132355556,0.201681993625633,123.131533902089,2,2.10879514472187,bolditalic('Larimichthys polyactis')
LarimichthysPolyactis,SSP1-2.6,16,Larimichthys polyactis,13,0.250777973424691,0.201681993625633,124.343263826611,2,2.12596706651151,bolditalic('Larimichthys polyactis')
LarimichthysPolyactis,SSP1-2.6,17,Larimichthys polyactis,13,0.236276479188889,0.201681993625633,117.152986710093,2,2.09695494103432,bolditalic('Larimichthys polyactis')
LarimichthysPolyactis,SSP1-2.6,18,Larimichthys polyactis,13,0.249282665064198,0.201681993625633,123.601844955441,2,2.12557758206129,bolditalic('Larimichthys polyactis')
LarimichthysPolyactis,SSP1-2.6,19,Larimichthys polyactis,13,0.254542174412346,0.201681993625633,126.209667921487,2,2.11970546425879,bolditalic('Larimichthys polyactis')
LarimichthysPolyactis,SSP1-2.6,20,Larimichthys polyactis,13,0.257330692320988,0.201681993625633,127.592298992567,2,2.15690626056492,bolditalic('Larimichthys polyactis')
LarimichthysPolyactis,SSP1-2.6,21,Larimichthys polyactis,13,0.245967556666667,0.201681993625633,121.958114477606,2,2.12831517881155,bolditalic('Larimichthys polyactis')
LarimichthysPolyactis,SSP1-2.6,22,Larimichthys polyactis,13,0.241824336058025,0.201681993625633,119.903781051919,2,2.11570495972037,bolditalic('Larimichthys polyactis')
LarimichthysPolyactis,SSP1-2.6,23,Larimichthys polyactis,13,0.249134869206173,0.201681993625633,123.528563322625,2,2.13882632872462,bolditalic('Larimichthys polyactis')
LarimichthysPolyactis,SSP1-2.6,24,Larimichthys polyactis,13,0.243791235440741,0.201681993625633,120.879028939625,2,2.14183516953886,bolditalic('Larimichthys polyactis')
LarimichthysPolyactis,SSP1-2.6,25,Larimichthys polyactis,13,0.25579304071358,0.201681993625633,126.829885065689,2,2.10270238350332,bolditalic('Larimichthys polyactis')
LarimichthysPolyactis,SSP1-2.6,26,Larimichthys polyactis,13,0.237356117090123,0.201681993625633,117.688303662204,2,2.12400841960311,bolditalic('Larimichthys polyactis')
LarimichthysPolyactis,SSP1-2.6,27,Larimichthys polyactis,13,0.243837988851852,0.201681993625633,120.90221068742,2,2.15018906526268,bolditalic('Larimichthys polyactis')
LarimichthysPolyactis,SSP1-2.6,28,Larimichthys polyactis,13,0.246375599791358,0.201681993625633,122.160434534719,2,2.11250227564573,bolditalic('Larimichthys polyactis')
LarimichthysPolyactis,SSP1-2.6,29,Larimichthys polyactis,13,0.257766412002469,0.201681993625633,127.80834191918,2,2.12843031096458,bolditalic('Larimichthys polyactis')
LarimichthysPolyactis,SSP1-2.6,30,Larimichthys polyactis,13,0.246924663496296,0.201681993625633,122.432676838094,2,2.12569339008629,bolditalic('Larimichthys polyactis')
LarimichthysPolyactis,SSP1-2.6,31,Larimichthys polyactis,13,0.259892297681482,0.201681993625633,128.862419995659,2,2.12189733085036,bolditalic('Larimichthys polyactis')
LarimichthysPolyactis,SSP1-2.6,32,Larimichthys polyactis,13,0.250639433493827,0.201681993625633,124.274571560944,2,2.0960633649081,bolditalic('Larimichthys polyactis')
LarimichthysPolyactis,SSP1-2.6,33,Larimichthys polyactis,13,0.250674369116049,0.201681993625633,124.291893693473,2,2.12493699532747,bolditalic('Larimichthys polyactis')
LarimichthysPolyactis,SSP1-2.6,34,Larimichthys polyactis,13,0.243863473516049,0.201681993625633,120.91484675063,2,2.11979147663713,bolditalic('Larimichthys polyactis')
LarimichthysPolyactis,SSP1-2.6,35,Larimichthys polyactis,13,0.25000053408642,0.201681993625633,123.957786013598,2,2.15479378204048,bolditalic('Larimichthys polyactis')
LarimichthysPolyactis,SSP1-2.6,36,Larimichthys polyactis,13,0.243887635683951,0.201681993625633,120.926827080389,2,2.13378953894973,bolditalic('Larimichthys polyactis')
LarimichthysPolyactis,SSP1-2.6,37,Larimichthys polyactis,13,0.253253038133333,0.201681993625633,125.570475370958,2,2.12864508917928,bolditalic('Larimichthys polyactis')
LarimichthysPolyactis,SSP1-2.6,38,Larimichthys polyactis,13,0.237508699182716,0.201681993625633,117.763958454112,2,2.14815574024618,bolditalic('Larimichthys polyactis')
LarimichthysPolyactis,SSP1-2.6,39,Larimichthys polyactis,13,0.251050194345679,0.201681993625633,124.478239148947,2,2.13354860405624,bolditalic('Larimichthys polyactis')
LarimichthysPolyactis,SSP1-2.6,40,Larimichthys polyactis,13,0.249221515019753,0.201681993625633,123.571524923719,2,2.15050839170814,bolditalic('Larimichthys polyactis')
LarimichthysPolyactis,SSP1-2.6,41,Larimichthys polyactis,13,0.249526768224691,0.201681993625633,123.722878646206,2,2.10700507733226,bolditalic('Larimichthys polyactis')
LarimichthysPolyactis,SSP1-2.6,42,Larimichthys polyactis,13,0.245878943446914,0.201681993625633,121.914177377342,2,2.1218518255353,bolditalic('Larimichthys polyactis')
LarimichthysPolyactis,SSP1-2.6,43,Larimichthys polyactis,13,0.246063313750617,0.201681993625633,122.00559372066,2,2.14293608261645,bolditalic('Larimichthys polyactis')
LarimichthysPolyactis,SSP1-2.6,44,Larimichthys polyactis,13,0.247223101444444,0.201681993625633,122.580651351228,2,2.11824710896611,bolditalic('Larimichthys polyactis')
LarimichthysPolyactis,SSP1-2.6,45,Larimichthys polyactis,13,0.258815302975309,0.201681993625633,128.328413619179,2,2.11706813205779,bolditalic('Larimichthys polyactis')
LarimichthysPolyactis,SSP1-2.6,46,Larimichthys polyactis,13,0.252293701259259,0.201681993625633,125.094807287344,2,2.13597165085375,bolditalic('Larimichthys polyactis')
LarimichthysPolyactis,SSP1-2.6,47,Larimichthys polyactis,13,0.240219040128395,0.201681993625633,119.107827035018,2,2.13848520986736,bolditalic('Larimichthys polyactis')
LarimichthysPolyactis,SSP1-2.6,48,Larimichthys polyactis,13,0.252695687580247,0.201681993625633,125.294124198964,2,2.15102792844176,bolditalic('Larimichthys polyactis')
LarimichthysPolyactis,SSP1-2.6,49,Larimichthys polyactis,13,0.255245004259259,0.201681993625633,126.558152104075,2,2.15198525200784,bolditalic('Larimichthys polyactis')
LarimichthysPolyactis,SSP1-2.6,50,Larimichthys polyactis,13,0.239244283775309,0.201681993625633,118.624513509818,2,2.11943177096546,bolditalic('Larimichthys polyactis')
LarimichthysPolyactis,SSP1-2.6,51,Larimichthys polyactis,13,0.239862870651852,0.201681993625633,118.931227493264,2,2.11221583937109,bolditalic('Larimichthys polyactis')
LarimichthysPolyactis,SSP1-2.6,52,Larimichthys polyactis,13,0.245923861439506,0.201681993625633,121.936449069417,2,2.12052819162607,bolditalic('Larimichthys polyactis')
LarimichthysPolyactis,SSP1-2.6,53,Larimichthys polyactis,13,0.245019991523457,0.201681993625633,121.488283172304,2,2.0932413841933,bolditalic('Larimichthys polyactis')
LarimichthysPolyactis,SSP1-2.6,54,Larimichthys polyactis,13,0.259552420365432,0.201681993625633,128.693898597224,2,2.12349239476025,bolditalic('Larimichthys polyactis')
LarimichthysPolyactis,SSP1-2.6,55,Larimichthys polyactis,13,0.24728312597284,0.201681993625633,122.610413318232,2,2.11169023378193,bolditalic('Larimichthys polyactis')
LarimichthysPolyactis,SSP1-2.6,56,Larimichthys polyactis,13,0.241973978832099,0.201681993625633,119.977978441277,2,2.10688702577353,bolditalic('Larimichthys polyactis')
LarimichthysPolyactis,SSP1-2.6,57,Larimichthys polyactis,13,0.256305559997531,0.201681993625633,127.084007545706,2,2.1155541946739,bolditalic('Larimichthys polyactis')
LarimichthysPolyactis,SSP1-2.6,58,Larimichthys polyactis,13,0.247924699044444,0.201681993625633,122.928524548725,2,2.13570921635628,bolditalic('Larimichthys polyactis')
LarimichthysPolyactis,SSP1-2.6,59,Larimichthys polyactis,13,0.241131825669136,0.201681993625633,119.560413567078,2,2.15590538395941,bolditalic('Larimichthys polyactis')
LarimichthysPolyactis,SSP1-2.6,60,Larimichthys polyactis,13,0.249328649728395,0.201681993625633,123.624645535389,2,2.10491137999296,bolditalic('Larimichthys polyactis')
LarimichthysPolyactis,SSP1-2.6,61,Larimichthys polyactis,13,0.245769582888889,0.201681993625633,121.859953122584,2,2.12985441304743,bolditalic('Larimichthys polyactis')
LarimichthysPolyactis,SSP1-2.6,62,Larimichthys polyactis,13,0.250795487425926,0.201681993625633,124.351947795329,2,2.12837411795557,bolditalic('Larimichthys polyactis')
LarimichthysPolyactis,SSP1-2.6,63,Larimichthys polyactis,13,0.250461677283951,0.201681993625633,124.18643468433,2,2.14847226545215,bolditalic('Larimichthys polyactis')
LarimichthysPolyactis,SSP1-2.6,64,Larimichthys polyactis,13,0.24420612014321,0.201681993625633,121.084741256828,2,2.15029447503388,bolditalic('Larimichthys polyactis')
LarimichthysPolyactis,SSP1-2.6,65,Larimichthys polyactis,13,0.257564577045679,0.201681993625633,127.708266075442,2,2.09485023869574,bolditalic('Larimichthys polyactis')
LarimichthysPolyactis,SSP1-2.6,66,Larimichthys polyactis,13,0.247319986251852,0.201681993625633,122.6286897535,2,2.09584333081543,bolditalic('Larimichthys polyactis')
LarimichthysPolyactis,SSP1-2.6,67,Larimichthys polyactis,13,0.250288937192593,0.201681993625633,124.100784950185,2,2.13706442336738,bolditalic('Larimichthys polyactis')
LarimichthysPolyactis,SSP1-2.6,68,Larimichthys polyactis,13,0.245103527518519,0.201681993625633,121.529702831818,2,2.13444670654833,bolditalic('Larimichthys polyactis')
LarimichthysPolyactis,SSP1-2.6,69,Larimichthys polyactis,13,0.250402663306173,0.201681993625633,124.157173778724,2,2.11292694284022,bolditalic('Larimichthys polyactis')
LarimichthysPolyactis,SSP1-2.6,70,Larimichthys polyactis,13,0.250625545051852,0.201681993625633,124.267685253582,2,2.12441284415126,bolditalic('Larimichthys polyactis')
LarimichthysPolyactis,SSP1-2.6,71,Larimichthys polyactis,13,0.251199400851852,0.201681993625633,124.552220223554,2,2.1454116486609,bolditalic('Larimichthys polyactis')
LarimichthysPolyactis,SSP1-2.6,72,Larimichthys polyactis,13,0.259456772062963,0.201681993625633,128.646473291301,2,2.09858148390055,bolditalic('Larimichthys polyactis')
LarimichthysPolyactis,SSP1-2.6,73,Larimichthys polyactis,13,0.251330125001235,0.201681993625633,124.617037189626,2,2.14648962859809,bolditalic('Larimichthys polyactis')
LarimichthysPolyactis,SSP1-2.6,74,Larimichthys polyactis,13,0.24143437268642,0.201681993625633,119.710425480311,2,2.1343912666738,bolditalic('Larimichthys polyactis')
LarimichthysPolyactis,SSP1-2.6,75,Larimichthys polyactis,13,0.241450006360494,0.201681993625633,119.718177126253,2,2.10593554602563,bolditalic('Larimichthys polyactis')
LarimichthysPolyactis,SSP1-2.6,76,Larimichthys polyactis,13,0.241765094098765,0.201681993625633,119.874407106236,2,2.13530344367027,bolditalic('Larimichthys polyactis')
LarimichthysPolyactis,SSP1-2.6,77,Larimichthys polyactis,13,0.243280375261728,0.201681993625633,120.625729093749,2,2.14399216529727,bolditalic('Larimichthys polyactis')
LarimichthysPolyactis,SSP1-2.6,78,Larimichthys polyactis,13,0.245075704453086,0.201681993625633,121.515907318926,2,2.10491621164978,bolditalic('Larimichthys polyactis')
LarimichthysPolyactis,SSP1-2.6,79,Larimichthys polyactis,13,0.252447267471605,0.201681993625633,125.170950035432,2,2.11380393131077,bolditalic('Larimichthys polyactis')
LarimichthysPolyactis,SSP1-2.6,80,Larimichthys polyactis,13,0.260273162180247,0.201681993625633,129.051264072375,2,2.11484246589243,bolditalic('Larimichthys polyactis')
LarimichthysPolyactis,SSP1-2.6,81,Larimichthys polyactis,13,0.24330759921358,0.201681993625633,120.639227548104,2,2.0980363728106,bolditalic('Larimichthys polyactis')
LarimichthysPolyactis,SSP1-2.6,82,Larimichthys polyactis,13,0.235922350720988,0.201681993625633,116.977399161827,2,2.10483313365281,bolditalic('Larimichthys polyactis')
LarimichthysPolyactis,SSP1-2.6,83,Larimichthys polyactis,13,0.245034532893827,0.201681993625633,121.495493221207,2,2.15403931263089,bolditalic('Larimichthys polyactis')
LarimichthysPolyactis,SSP1-2.6,84,Larimichthys polyactis,13,0.241663301901235,0.201681993625633,119.823935472304,2,2.14924111576378,bolditalic('Larimichthys polyactis')
LarimichthysPolyactis,SSP1-2.6,85,Larimichthys polyactis,13,0.249628326753086,0.201681993625633,123.773234419951,2,2.11775767754018,bolditalic('Larimichthys polyactis')
LarimichthysPolyactis,SSP1-2.6,86,Larimichthys polyactis,13,0.245703520017284,0.201681993625633,121.827197163354,2,2.1265928081423,bolditalic('Larimichthys polyactis')
LarimichthysPolyactis,SSP1-2.6,87,Larimichthys polyactis,13,0.249087901755556,0.201681993625633,123.505275447603,2,2.12066579498351,bolditalic('Larimichthys polyactis')
LarimichthysPolyactis,SSP1-2.6,88,Larimichthys polyactis,13,0.249829516009877,0.201681993625633,123.872990106205,2,2.10604305700958,bolditalic('Larimichthys polyactis')
LarimichthysPolyactis,SSP1-2.6,89,Larimichthys polyactis,13,0.249358319432099,0.201681993625633,123.639356667092,2,2.10267320542037,bolditalic('Larimichthys polyactis')
LarimichthysPolyactis,SSP1-2.6,90,Larimichthys polyactis,13,0.265972023997531,0.201681993625633,131.876931210445,2,2.09519237209857,bolditalic('Larimichthys polyactis')
LarimichthysPolyactis,SSP1-2.6,91,Larimichthys polyactis,13,0.241398109103704,0.201681993625633,119.692444905018,2,2.15415254697204,bolditalic('Larimichthys polyactis')
LarimichthysPolyactis,SSP1-2.6,92,Larimichthys polyactis,13,0.248507053320988,0.201681993625633,123.217273319041,2,2.10766587814689,bolditalic('Larimichthys polyactis')
LarimichthysPolyactis,SSP1-2.6,93,Larimichthys polyactis,13,0.249191783103704,0.201681993625633,123.556782945264,2,2.15391209921241,bolditalic('Larimichthys polyactis')
LarimichthysPolyactis,SSP1-2.6,94,Larimichthys polyactis,13,0.243362096588889,0.201681993625633,120.666248986324,2,2.11413791759312,bolditalic('Larimichthys polyactis')
LarimichthysPolyactis,SSP1-2.6,95,Larimichthys polyactis,13,0.249633226411111,0.201681993625633,123.775663817805,2,2.10990820407867,bolditalic('Larimichthys polyactis')
LarimichthysPolyactis,SSP1-2.6,96,Larimichthys polyactis,13,0.251484747165432,0.201681993625633,124.69370351041,2,2.10017587839067,bolditalic('Larimichthys polyactis')
LarimichthysPolyactis,SSP1-2.6,97,Larimichthys polyactis,13,0.252548762348148,0.201681993625633,125.221274248674,2,2.14203247173131,bolditalic('Larimichthys polyactis')
LarimichthysPolyactis,SSP1-2.6,98,Larimichthys polyactis,13,0.245989668530864,0.201681993625633,121.969078205105,2,2.13857313147187,bolditalic('Larimichthys polyactis')
LarimichthysPolyactis,SSP1-2.6,99,Larimichthys polyactis,13,0.251730373422222,0.201681993625633,124.815492398141,2,2.09883385571837,bolditalic('Larimichthys polyactis')
LarimichthysPolyactis,SSP1-2.6,100,Larimichthys polyactis,13,0.252780944518519,0.201681993625633,125.336397153896,2,2.13621454845369,bolditalic('Larimichthys polyactis')
LarimichthysPolyactis,SSP5-8.5,1,Larimichthys polyactis,13,0.297451642150617,0.201681993625633,147.485472948444,3,3.11056163689494,bolditalic('Larimichthys polyactis')
LarimichthysPolyactis,SSP5-8.5,2,Larimichthys polyactis,13,0.281974734614815,0.201681993625633,139.811556572682,3,3.12829163117707,bolditalic('Larimichthys polyactis')
LarimichthysPolyactis,SSP5-8.5,3,Larimichthys polyactis,13,0.296230065824691,0.201681993625633,146.879778655183,3,3.10662561069429,bolditalic('Larimichthys polyactis')
LarimichthysPolyactis,SSP5-8.5,4,Larimichthys polyactis,13,0.28909135777284,0.201681993625633,143.340192436543,3,3.10486905968189,bolditalic('Larimichthys polyactis')
LarimichthysPolyactis,SSP5-8.5,5,Larimichthys polyactis,13,0.281269091246914,0.201681993625633,139.461677361744,3,3.14127680598199,bolditalic('Larimichthys polyactis')
LarimichthysPolyactis,SSP5-8.5,6,Larimichthys polyactis,13,0.292671475762963,0.201681993625633,145.115322643144,3,3.12560810023546,bolditalic('Larimichthys polyactis')
LarimichthysPolyactis,SSP5-8.5,7,Larimichthys polyactis,13,0.287119984622222,0.201681993625633,142.36272632012,3,3.14792059607804,bolditalic('Larimichthys polyactis')
LarimichthysPolyactis,SSP5-8.5,8,Larimichthys polyactis,13,0.283040561212346,0.201681993625633,140.340025464907,3,3.11269222001731,bolditalic('Larimichthys polyactis')
LarimichthysPolyactis,SSP5-8.5,9,Larimichthys polyactis,13,0.298785321293827,0.201681993625633,148.146751191105,3,3.14576045584679,bolditalic('Larimichthys polyactis')
LarimichthysPolyactis,SSP5-8.5,10,Larimichthys polyactis,13,0.290572837651852,0.201681993625633,144.074754730569,3,3.09731140874326,bolditalic('Larimichthys polyactis')
LarimichthysPolyactis,SSP5-8.5,11,Larimichthys polyactis,13,0.285502161551852,0.201681993625633,141.560560969963,3,3.15317415843904,bolditalic('Larimichthys polyactis')
LarimichthysPolyactis,SSP5-8.5,12,Larimichthys polyactis,13,0.287791516333333,0.201681993625633,142.695691945379,3,3.15248954455555,bolditalic('Larimichthys polyactis')
LarimichthysPolyactis,SSP5-8.5,13,Larimichthys polyactis,13,0.285737090955556,0.201681993625633,141.677046036121,3,3.1048746355027,bolditalic('Larimichthys polyactis')
LarimichthysPolyactis,SSP5-8.5,14,Larimichthys polyactis,13,0.286321365812346,0.201681993625633,141.966747087904,3,3.15573709376156,bolditalic('Larimichthys polyactis')
LarimichthysPolyactis,SSP5-8.5,15,Larimichthys polyactis,13,0.29076664908642,0.201681993625633,144.170852270604,3,3.13157908934355,bolditalic('Larimichthys polyactis')
LarimichthysPolyactis,SSP5-8.5,16,Larimichthys polyactis,13,0.291096734739506,0.201681993625633,144.334518667961,3,3.15010436242819,bolditalic('Larimichthys polyactis')
LarimichthysPolyactis,SSP5-8.5,17,Larimichthys polyactis,13,0.288164975614815,0.201681993625633,142.880864292582,3,3.15310663428903,bolditalic('Larimichthys polyactis')
LarimichthysPolyactis,SSP5-8.5,18,Larimichthys polyactis,13,0.28153817960679,0.201681993625633,139.595099466037,3,3.10775585836172,bolditalic('Larimichthys polyactis')
LarimichthysPolyactis,SSP5-8.5,19,Larimichthys polyactis,13,0.300471294828395,0.201681993625633,148.982707591703,3,3.14940593583882,bolditalic('Larimichthys polyactis')
LarimichthysPolyactis,SSP5-8.5,20,Larimichthys polyactis,13,0.29480610514321,0.201681993625633,146.173736109747,3,3.14587624469399,bolditalic('Larimichthys polyactis')
LarimichthysPolyactis,SSP5-8.5,21,Larimichthys polyactis,13,0.285531474350617,0.201681993625633,141.57509513746,3,3.11961873626709,bolditalic('Larimichthys polyactis')
LarimichthysPolyactis,SSP5-8.5,22,Larimichthys polyactis,13,0.290904548819753,0.201681993625633,144.239227107075,3,3.15358239151537,bolditalic('Larimichthys polyactis')
LarimichthysPolyactis,SSP5-8.5,23,Larimichthys polyactis,13,0.287885992288889,0.201681993625633,142.742535966433,3,3.09602823001146,bolditalic('Larimichthys polyactis')
LarimichthysPolyactis,SSP5-8.5,24,Larimichthys polyactis,13,0.304525974985185,0.201681993625633,150.993139997641,3,3.13515288285911,bolditalic('Larimichthys polyactis')
LarimichthysPolyactis,SSP5-8.5,25,Larimichthys polyactis,13,0.281881878706173,0.201681993625633,139.765515819627,3,3.1553746316731,bolditalic('Larimichthys polyactis')
LarimichthysPolyactis,SSP5-8.5,26,Larimichthys polyactis,13,0.293951305065432,0.201681993625633,145.749900514704,3,3.09828574562073,bolditalic('Larimichthys polyactis')
LarimichthysPolyactis,SSP5-8.5,27,Larimichthys polyactis,13,0.294300442469136,0.201681993625633,145.923013343186,3,3.13247730773687,bolditalic('Larimichthys polyactis')
LarimichthysPolyactis,SSP5-8.5,28,Larimichthys polyactis,13,0.287262319782716,0.201681993625633,142.433300374816,3,3.12609438771009,bolditalic('Larimichthys polyactis')
LarimichthysPolyactis,SSP5-8.5,29,Larimichthys polyactis,13,0.297795920787654,0.201681993625633,147.656176654238,3,3.11764533551037,bolditalic('Larimichthys polyactis')
LarimichthysPolyactis,SSP5-8.5,30,Larimichthys polyactis,13,0.296002359444444,0.201681993625633,146.766874981358,3,3.11839429348707,bolditalic('Larimichthys polyactis')
LarimichthysPolyactis,SSP5-8.5,31,Larimichthys polyactis,13,0.306699416390123,0.201681993625633,152.070797633737,3,3.12913634161651,bolditalic('Larimichthys polyactis')
LarimichthysPolyactis,SSP5-8.5,32,Larimichthys polyactis,13,0.284195514209877,0.201681993625633,140.912685907601,3,3.12388223056495,bolditalic('Larimichthys polyactis')
LarimichthysPolyactis,SSP5-8.5,33,Larimichthys polyactis,13,0.279185259493827,0.201681993625633,138.428450886923,3,3.10927714371681,bolditalic('Larimichthys polyactis')
LarimichthysPolyactis,SSP5-8.5,34,Larimichthys polyactis,13,0.290588870092593,0.201681993625633,144.08270409702,3,3.12231959310174,bolditalic('Larimichthys polyactis')
LarimichthysPolyactis,SSP5-8.5,35,Larimichthys polyactis,13,0.286693913451852,0.201681993625633,142.151467415589,3,3.132304657951,bolditalic('Larimichthys polyactis')
LarimichthysPolyactis,SSP5-8.5,36,Larimichthys polyactis,13,0.298416631641975,0.201681993625633,147.963943769766,3,3.15097659443319,bolditalic('Larimichthys polyactis')
LarimichthysPolyactis,SSP5-8.5,37,Larimichthys polyactis,13,0.292042688997531,0.201681993625633,144.803551247925,3,3.14528471827507,bolditalic('Larimichthys polyactis')
LarimichthysPolyactis,SSP5-8.5,38,Larimichthys polyactis,13,0.288881390516049,0.201681993625633,143.236084353806,3,3.11403653584421,bolditalic('Larimichthys polyactis')
LarimichthysPolyactis,SSP5-8.5,39,Larimichthys polyactis,13,0.294048623092593,0.201681993625633,145.798153720363,3,3.10675215448439,bolditalic('Larimichthys polyactis')
LarimichthysPolyactis,SSP5-8.5,40,Larimichthys polyactis,13,0.286441853269136,0.201681993625633,142.026488393821,3,3.09753940969706,bolditalic('Larimichthys polyactis')
LarimichthysPolyactis,SSP5-8.5,41,Larimichthys polyactis,13,0.292489440869136,0.201681993625633,145.025064266303,3,3.15102519661188,bolditalic('Larimichthys polyactis')
LarimichthysPolyactis,SSP5-8.5,42,Larimichthys polyactis,13,0.291738428765432,0.201681993625633,144.652689871245,3,3.10690351395309,bolditalic('Larimichthys polyactis')
LarimichthysPolyactis,SSP5-8.5,43,Larimichthys polyactis,13,0.284937800609877,0.201681993625633,141.280733836252,3,3.13512906011939,bolditalic('Larimichthys polyactis')
LarimichthysPolyactis,SSP5-8.5,44,Larimichthys polyactis,13,0.291308325997531,0.201681993625633,144.439431979369,3,3.10280269032717,bolditalic('Larimichthys polyactis')
LarimichthysPolyactis,SSP5-8.5,45,Larimichthys polyactis,13,0.289942943195062,0.201681993625633,143.76243410865,3,3.13451624295116,bolditalic('Larimichthys polyactis')
LarimichthysPolyactis,SSP5-8.5,46,Larimichthys polyactis,13,0.295501945746914,0.201681993625633,146.518754815282,3,3.13218369619548,bolditalic('Larimichthys polyactis')
LarimichthysPolyactis,SSP5-8.5,47,Larimichthys polyactis,13,0.283503008762963,0.201681993625633,140.56932087314,3,3.14093040409684,bolditalic('Larimichthys polyactis')
LarimichthysPolyactis,SSP5-8.5,48,Larimichthys polyactis,13,0.288215157417284,0.201681993625633,142.905745939955,3,3.1033846322,bolditalic('Larimichthys polyactis')
LarimichthysPolyactis,SSP5-8.5,49,Larimichthys polyactis,13,0.286759360671605,0.201681993625633,142.183918116108,3,3.13012508682907,bolditalic('Larimichthys polyactis')
LarimichthysPolyactis,SSP5-8.5,50,Larimichthys polyactis,13,0.290615476565432,0.201681993625633,144.095896386704,3,3.0970123898387,bolditalic('Larimichthys polyactis')
LarimichthysPolyactis,SSP5-8.5,51,Larimichthys polyactis,13,0.285733641125926,0.201681993625633,141.675335506803,3,3.09446667155623,bolditalic('Larimichthys polyactis')
LarimichthysPolyactis,SSP5-8.5,52,Larimichthys polyactis,13,0.28775705941358,0.201681993625633,142.678607167936,3,3.14984654918313,bolditalic('Larimichthys polyactis')
LarimichthysPolyactis,SSP5-8.5,53,Larimichthys polyactis,13,0.301562683639506,0.201681993625633,149.523850998455,3,3.10575544402003,bolditalic('Larimichthys polyactis')
LarimichthysPolyactis,SSP5-8.5,54,Larimichthys polyactis,13,0.291886639020988,0.201681993625633,144.726176974824,3,3.12765103827417,bolditalic('Larimichthys polyactis')
LarimichthysPolyactis,SSP5-8.5,55,Larimichthys polyactis,13,0.284761816565432,0.201681993625633,141.193475652573,3,3.10724575312436,bolditalic('Larimichthys polyactis')
LarimichthysPolyactis,SSP5-8.5,56,Larimichthys polyactis,13,0.301447823730864,0.201681993625633,149.466900000214,3,3.10101316395402,bolditalic('Larimichthys polyactis')
LarimichthysPolyactis,SSP5-8.5,57,Larimichthys polyactis,13,0.295669871865432,0.201681993625633,146.602017636865,3,3.1467178324163,bolditalic('Larimichthys polyactis')
LarimichthysPolyactis,SSP5-8.5,58,Larimichthys polyactis,13,0.294503521669136,0.201681993625633,146.023706120141,3,3.11932233792543,bolditalic('Larimichthys polyactis')
LarimichthysPolyactis,SSP5-8.5,59,Larimichthys polyactis,13,0.279192042567901,0.201681993625633,138.431814139116,3,3.11007302756608,bolditalic('Larimichthys polyactis')
LarimichthysPolyactis,SSP5-8.5,60,Larimichthys polyactis,13,0.279912541195062,0.201681993625633,138.789059034512,3,3.14818057890236,bolditalic('Larimichthys polyactis')
LarimichthysPolyactis,SSP5-8.5,61,Larimichthys polyactis,13,0.295674884034568,0.201681993625633,146.604502821113,3,3.10900649422407,bolditalic('Larimichthys polyactis')
LarimichthysPolyactis,SSP5-8.5,62,Larimichthys polyactis,13,0.292650747014815,0.201681993625633,145.105044706192,3,3.09671410833299,bolditalic('Larimichthys polyactis')
LarimichthysPolyactis,SSP5-8.5,63,Larimichthys polyactis,13,0.284580725582716,0.201681993625633,141.103685295258,3,3.09815051308274,bolditalic('Larimichthys polyactis')
LarimichthysPolyactis,SSP5-8.5,64,Larimichthys polyactis,13,0.29189264431358,0.201681993625633,144.729154579559,3,3.10630996604264,bolditalic('Larimichthys polyactis')
LarimichthysPolyactis,SSP5-8.5,65,Larimichthys polyactis,13,0.275188465871605,0.201681993625633,136.446720366329,3,3.15268335452676,bolditalic('Larimichthys polyactis')
LarimichthysPolyactis,SSP5-8.5,66,Larimichthys polyactis,13,0.290167888528395,0.201681993625633,143.873968772349,3,3.12274685204029,bolditalic('Larimichthys polyactis')
LarimichthysPolyactis,SSP5-8.5,67,Larimichthys polyactis,13,0.287540009518519,0.201681993625633,142.570987300065,3,3.15169591790438,bolditalic('Larimichthys polyactis')
LarimichthysPolyactis,SSP5-8.5,68,Larimichthys polyactis,13,0.293384942619753,0.201681993625633,145.469080975241,3,3.13596479171515,bolditalic('Larimichthys polyactis')
LarimichthysPolyactis,SSP5-8.5,69,Larimichthys polyactis,13,0.287415237571605,0.201681993625633,142.509121615047,3,3.10974527800083,bolditalic('Larimichthys polyactis')
LarimichthysPolyactis,SSP5-8.5,70,Larimichthys polyactis,13,0.292928075101235,0.201681993625633,145.242552314796,3,3.14133250822127,bolditalic('Larimichthys polyactis')
LarimichthysPolyactis,SSP5-8.5,71,Larimichthys polyactis,13,0.288563873162963,0.201681993625633,143.078649697703,3,3.15213651154935,bolditalic('Larimichthys polyactis')
LarimichthysPolyactis,SSP5-8.5,72,Larimichthys polyactis,13,0.302289601446914,0.201681993625633,149.884278716538,3,3.11027328309417,bolditalic('Larimichthys polyactis')
LarimichthysPolyactis,SSP5-8.5,73,Larimichthys polyactis,13,0.288000851893827,0.201681993625633,142.799486814088,3,3.09448540844023,bolditalic('Larimichthys polyactis')
LarimichthysPolyactis,SSP5-8.5,74,Larimichthys polyactis,13,0.298912007419753,0.201681993625633,148.209565983664,3,3.14278194138408,bolditalic('Larimichthys polyactis')
LarimichthysPolyactis,SSP5-8.5,75,Larimichthys polyactis,13,0.300478795846914,0.201681993625633,148.986426822352,3,3.14700597058237,bolditalic('Larimichthys polyactis')
LarimichthysPolyactis,SSP5-8.5,76,Larimichthys polyactis,13,0.294189133525926,0.201681993625633,145.867823020436,3,3.14285564850271,bolditalic('Larimichthys polyactis')
LarimichthysPolyactis,SSP5-8.5,77,Larimichthys polyactis,13,0.274201064506173,0.201681993625633,135.957137063585,3,3.13058062763512,bolditalic('Larimichthys polyactis')
LarimichthysPolyactis,SSP5-8.5,78,Larimichthys polyactis,13,0.286471650407407,0.201681993625633,142.041262711416,3,3.14184460368752,bolditalic('Larimichthys polyactis')
LarimichthysPolyactis,SSP5-8.5,79,Larimichthys polyactis,13,0.288416150681482,0.201681993625633,143.005404447185,3,3.1378128733933,bolditalic('Larimichthys polyactis')
LarimichthysPolyactis,SSP5-8.5,80,Larimichthys polyactis,13,0.291106516614815,0.201681993625633,144.339368816025,3,3.14658064956963,bolditalic('Larimichthys polyactis')
LarimichthysPolyactis,SSP5-8.5,81,Larimichthys polyactis,13,0.281147667907407,0.201681993625633,139.401472017021,3,3.10474536466599,bolditalic('Larimichthys polyactis')
LarimichthysPolyactis,SSP5-8.5,82,Larimichthys polyactis,13,0.281172982632099,0.201681993625633,139.414023819111,3,3.14186583788693,bolditalic('Larimichthys polyactis')
LarimichthysPolyactis,SSP5-8.5,83,Larimichthys polyactis,13,0.285863613298765,0.201681993625633,141.739779620283,3,3.14157199200988,bolditalic('Larimichthys polyactis')
LarimichthysPolyactis,SSP5-8.5,84,Larimichthys polyactis,13,0.296430947496296,0.201681993625633,146.979381831448,3,3.14637623400986,bolditalic('Larimichthys polyactis')
LarimichthysPolyactis,SSP5-8.5,85,Larimichthys polyactis,13,0.282837137558025,0.201681993625633,140.239161897137,3,3.11668138417602,bolditalic('Larimichthys polyactis')
LarimichthysPolyactis,SSP5-8.5,86,Larimichthys polyactis,13,0.286347733458025,0.201681993625633,141.979820959897,3,3.15177250829339,bolditalic('Larimichthys polyactis')
LarimichthysPolyactis,SSP5-8.5,87,Larimichthys polyactis,13,0.301703553246914,0.201681993625633,149.593698387841,3,3.12837508928776,bolditalic('Larimichthys polyactis')
LarimichthysPolyactis,SSP5-8.5,88,Larimichthys polyactis,13,0.309138143446914,0.201681993625633,153.279991877085,3,3.11415983767808,bolditalic('Larimichthys polyactis')
LarimichthysPolyactis,SSP5-8.5,89,Larimichthys polyactis,13,0.288260066737037,0.201681993625633,142.928013331776,3,3.11094001111388,bolditalic('Larimichthys polyactis')
LarimichthysPolyactis,SSP5-8.5,90,Larimichthys polyactis,13,0.294393506780247,0.201681993625633,145.969157428455,3,3.11024610905349,bolditalic('Larimichthys polyactis')
LarimichthysPolyactis,SSP5-8.5,91,Larimichthys polyactis,13,0.29784626731358,0.201681993625633,147.681139976457,3,3.13815326358378,bolditalic('Larimichthys polyactis')
LarimichthysPolyactis,SSP5-8.5,92,Larimichthys polyactis,13,0.294411274693827,0.201681993625633,145.977967294552,3,3.13906889761984,bolditalic('Larimichthys polyactis')
LarimichthysPolyactis,SSP5-8.5,93,Larimichthys polyactis,13,0.282749063560494,0.201681993625633,140.195492159473,3,3.12478246039152,bolditalic('Larimichthys polyactis')
LarimichthysPolyactis,SSP5-8.5,94,Larimichthys polyactis,13,0.284813406037037,0.201681993625633,141.219055264653,3,3.10495965722203,bolditalic('Larimichthys polyactis')
LarimichthysPolyactis,SSP5-8.5,95,Larimichthys polyactis,13,0.277664034866667,0.201681993625633,137.674181951054,3,3.14499136325717,bolditalic('Larimichthys polyactis')
LarimichthysPolyactis,SSP5-8.5,96,Larimichthys polyactis,13,0.304139878402469,0.201681993625633,150.801701696295,3,3.14619255018234,bolditalic('Larimichthys polyactis')
LarimichthysPolyactis,SSP5-8.5,97,Larimichthys polyactis,13,0.27553860117284,0.201681993625633,136.620327982428,3,3.14148068919778,bolditalic('Larimichthys polyactis')
LarimichthysPolyactis,SSP5-8.5,98,Larimichthys polyactis,13,0.288667990711111,0.201681993625633,143.130274310429,3,3.11982265768945,bolditalic('Larimichthys polyactis')
LarimichthysPolyactis,SSP5-8.5,99,Larimichthys polyactis,13,0.31464795295679,0.201681993625633,156.011921193543,3,3.12956143780053,bolditalic('Larimichthys polyactis')
LarimichthysPolyactis,SSP5-8.5,100,Larimichthys polyactis,13,0.292190145980247,0.201681993625633,144.876664856168,3,3.15045883329213,bolditalic('Larimichthys polyactis')
MiichthysMiiuy,Base,1,Miichthys miiuy,5,0.3773640495,0.37506727196,100.612364157501,1,1.11852899838984,bolditalic('Miichthys miiuy')
MiichthysMiiuy,Base,2,Miichthys miiuy,5,0.388689196666667,0.37506727196,103.631861728559,1,1.12597105433047,bolditalic('Miichthys miiuy')
MiichthysMiiuy,Base,3,Miichthys miiuy,5,0.358878040166667,0.37506727196,95.6836458407228,1,1.10135734115541,bolditalic('Miichthys miiuy')
MiichthysMiiuy,Base,4,Miichthys miiuy,5,0.339595366066667,0.37506727196,90.5425216900514,1,1.15530484978855,bolditalic('Miichthys miiuy')
MiichthysMiiuy,Base,5,Miichthys miiuy,5,0.389097472666667,0.37506727196,103.740715801021,1,1.15023720805347,bolditalic('Miichthys miiuy')
MiichthysMiiuy,Base,6,Miichthys miiuy,5,0.4029154945,0.37506727196,107.424860717512,1,1.11753697136045,bolditalic('Miichthys miiuy')
MiichthysMiiuy,Base,7,Miichthys miiuy,5,0.3545592605,0.37506727196,94.532177826972,1,1.12661332817376,bolditalic('Miichthys miiuy')
MiichthysMiiuy,Base,8,Miichthys miiuy,5,0.3611538145,0.37506727196,96.2904101476804,1,1.10063226008415,bolditalic('Miichthys miiuy')
MiichthysMiiuy,Base,9,Miichthys miiuy,5,0.384910321333333,0.37506727196,102.624342380474,1,1.09341668833792,bolditalic('Miichthys miiuy')
MiichthysMiiuy,Base,10,Miichthys miiuy,5,0.373463150166667,0.37506727196,99.5723109123997,1,1.12252634856105,bolditalic('Miichthys miiuy')
MiichthysMiiuy,Base,11,Miichthys miiuy,5,0.350136903666667,0.37506727196,93.3530941894627,1,1.11527656549215,bolditalic('Miichthys miiuy')
MiichthysMiiuy,Base,12,Miichthys miiuy,5,0.374224148,0.37506727196,99.7752072699934,1,1.10875406102836,bolditalic('Miichthys miiuy')
MiichthysMiiuy,Base,13,Miichthys miiuy,5,0.355194313833333,0.37506727196,94.7014950083977,1,1.10434555025399,bolditalic('Miichthys miiuy')
MiichthysMiiuy,Base,14,Miichthys miiuy,5,0.372483933833333,0.37506727196,99.3112333920347,1,1.11933308726549,bolditalic('Miichthys miiuy')
MiichthysMiiuy,Base,15,Miichthys miiuy,5,0.406783819333333,0.37506727196,108.456228987294,1,1.11525370258093,bolditalic('Miichthys miiuy')
MiichthysMiiuy,Base,16,Miichthys miiuy,5,0.365215862333333,0.37506727196,97.3734286185019,1,1.1568081574291,bolditalic('Miichthys miiuy')
MiichthysMiiuy,Base,17,Miichthys miiuy,5,0.349602295333333,0.37506727196,93.2105575371602,1,1.09766213816404,bolditalic('Miichthys miiuy')
MiichthysMiiuy,Base,18,Miichthys miiuy,5,0.417977630433333,0.37506727196,111.440709888947,1,1.13934819449484,bolditalic('Miichthys miiuy')
MiichthysMiiuy,Base,19,Miichthys miiuy,5,0.357557463833333,0.37506727196,95.3315553140199,1,1.11540116968751,bolditalic('Miichthys miiuy')
MiichthysMiiuy,Base,20,Miichthys miiuy,5,0.398783345333333,0.37506727196,106.323151910696,1,1.1546011505127,bolditalic('Miichthys miiuy')
MiichthysMiiuy,Base,21,Miichthys miiuy,5,0.356637962333333,0.37506727196,95.0863988930945,1,1.153193500489,bolditalic('Miichthys miiuy')
MiichthysMiiuy,Base,22,Miichthys miiuy,5,0.360112551233333,0.37506727196,96.0127897460854,1,1.09429697184265,bolditalic('Miichthys miiuy')
MiichthysMiiuy,Base,23,Miichthys miiuy,5,0.367009345166667,0.37506727196,97.8516049264377,1,1.15380712218583,bolditalic('Miichthys miiuy')
MiichthysMiiuy,Base,24,Miichthys miiuy,5,0.364350511166667,0.37506727196,97.1427096964952,1,1.15205051702261,bolditalic('Miichthys miiuy')
MiichthysMiiuy,Base,25,Miichthys miiuy,5,0.350062639666667,0.37506727196,93.3332940081214,1,1.15293605740368,bolditalic('Miichthys miiuy')
MiichthysMiiuy,Base,26,Miichthys miiuy,5,0.37024915,0.37506727196,98.7153979245318,1,1.11378080880642,bolditalic('Miichthys miiuy')
MiichthysMiiuy,Base,27,Miichthys miiuy,5,0.384001619666667,0.37506727196,102.382065398556,1,1.11738995665312,bolditalic('Miichthys miiuy')
MiichthysMiiuy,Base,28,Miichthys miiuy,5,0.380384631666667,0.37506727196,101.417708263075,1,1.1295149410367,bolditalic('Miichthys miiuy')
MiichthysMiiuy,Base,29,Miichthys miiuy,5,0.381667112833333,0.37506727196,101.75964190073,1,1.13091327446699,bolditalic('Miichthys miiuy')
MiichthysMiiuy,Base,30,Miichthys miiuy,5,0.365853325333333,0.37506727196,97.5433882624529,1,1.11910861520469,bolditalic('Miichthys miiuy')
MiichthysMiiuy,Base,31,Miichthys miiuy,5,0.372787612933333,0.37506727196,99.392199960622,1,1.15435318492353,bolditalic('Miichthys miiuy')
MiichthysMiiuy,Base,32,Miichthys miiuy,5,0.360275277,0.37506727196,96.0561755008106,1,1.14178768137097,bolditalic('Miichthys miiuy')
MiichthysMiiuy,Base,33,Miichthys miiuy,5,0.374059677666667,0.37506727196,99.731356380932,1,1.15056977075338,bolditalic('Miichthys miiuy')
MiichthysMiiuy,Base,34,Miichthys miiuy,5,0.358208443166667,0.37506727196,95.5051186670505,1,1.11463674122095,bolditalic('Miichthys miiuy')
MiichthysMiiuy,Base,35,Miichthys miiuy,5,0.376945602,0.37506727196,100.500798171535,1,1.09674575559795,bolditalic('Miichthys miiuy')
MiichthysMiiuy,Base,36,Miichthys miiuy,5,0.379083941833333,0.37506727196,101.070919851882,1,1.1553186276108,bolditalic('Miichthys miiuy')
MiichthysMiiuy,Base,37,Miichthys miiuy,5,0.361506006333333,0.37506727196,96.3843111248285,1,1.13914289157093,bolditalic('Miichthys miiuy')
MiichthysMiiuy,Base,38,Miichthys miiuy,5,0.409608343666667,0.37506727196,109.20930038128,1,1.11349712477624,bolditalic('Miichthys miiuy')
MiichthysMiiuy,Base,39,Miichthys miiuy,5,0.3710493995,0.37506727196,98.9287595158587,1,1.13487249749899,bolditalic('Miichthys miiuy')
MiichthysMiiuy,Base,40,Miichthys miiuy,5,0.369000363666667,0.37506727196,98.3824479641668,1,1.106052856341,bolditalic('Miichthys miiuy')
MiichthysMiiuy,Base,41,Miichthys miiuy,5,0.340690205833333,0.37506727196,90.8344265957886,1,1.11684056457877,bolditalic('Miichthys miiuy')
MiichthysMiiuy,Base,42,Miichthys miiuy,5,0.372834718833333,0.37506727196,99.4047592809151,1,1.12942441347241,bolditalic('Miichthys miiuy')
MiichthysMiiuy,Base,43,Miichthys miiuy,5,0.369898348666667,0.37506727196,98.6218676808772,1,1.11899478492141,bolditalic('Miichthys miiuy')
MiichthysMiiuy,Base,44,Miichthys miiuy,5,0.3584807584,0.37506727196,95.5777230379704,1,1.15528456194699,bolditalic('Miichthys miiuy')
MiichthysMiiuy,Base,45,Miichthys miiuy,5,0.360766351666667,0.37506727196,96.1871052575181,1,1.11036218748987,bolditalic('Miichthys miiuy')
MiichthysMiiuy,Base,46,Miichthys miiuy,5,0.396333405,0.37506727196,105.669951667302,1,1.14598844191432,bolditalic('Miichthys miiuy')
MiichthysMiiuy,Base,47,Miichthys miiuy,5,0.382857320666667,0.37506727196,102.076973729528,1,1.1419317446053,bolditalic('Miichthys miiuy')
MiichthysMiiuy,Base,48,Miichthys miiuy,5,0.4116165795,0.37506727196,109.744733884405,1,1.15129309640825,bolditalic('Miichthys miiuy')
MiichthysMiiuy,Base,49,Miichthys miiuy,5,0.35309613075,0.37506727196,94.1420798740491,1,1.14914046353102,bolditalic('Miichthys miiuy')
MiichthysMiiuy,Base,50,Miichthys miiuy,5,0.355052068666667,0.37506727196,94.6635697674343,1,1.14028183585405,bolditalic('Miichthys miiuy')
MiichthysMiiuy,Base,51,Miichthys miiuy,5,0.3692882481,0.37506727196,98.4592033770901,1,1.10995338903368,bolditalic('Miichthys miiuy')
MiichthysMiiuy,Base,52,Miichthys miiuy,5,0.358163843833333,0.37506727196,95.4932276446478,1,1.11505588294566,bolditalic('Miichthys miiuy')
MiichthysMiiuy,Base,53,Miichthys miiuy,5,0.429257247166667,0.37506727196,114.448068188804,1,1.09892883241177,bolditalic('Miichthys miiuy')
MiichthysMiiuy,Base,54,Miichthys miiuy,5,0.359654728166667,0.37506727196,95.890725492312,1,1.13341215910018,bolditalic('Miichthys miiuy')
MiichthysMiiuy,Base,55,Miichthys miiuy,5,0.416625783,0.37506727196,111.080281897918,1,1.15586271880567,bolditalic('Miichthys miiuy')
MiichthysMiiuy,Base,56,Miichthys miiuy,5,0.3755480255,0.37506727196,100.128177949915,1,1.14306452061236,bolditalic('Miichthys miiuy')
MiichthysMiiuy,Base,57,Miichthys miiuy,5,0.362459992333333,0.37506727196,96.6386617630526,1,1.14612204228342,bolditalic('Miichthys miiuy')
MiichthysMiiuy,Base,58,Miichthys miiuy,5,0.3500247335,0.37506727196,93.323187510034,1,1.09689853483438,bolditalic('Miichthys miiuy')
MiichthysMiiuy,Base,59,Miichthys miiuy,5,0.388475725583333,0.37506727196,103.574946316501,1,1.14017047087848,bolditalic('Miichthys miiuy')
MiichthysMiiuy,Base,60,Miichthys miiuy,5,0.379126352166667,0.37506727196,101.08222724565,1,1.10298350574076,bolditalic('Miichthys miiuy')
MiichthysMiiuy,Base,61,Miichthys miiuy,5,0.363719716833333,0.37506727196,96.9745280446978,1,1.14116716986895,bolditalic('Miichthys miiuy')
MiichthysMiiuy,Base,62,Miichthys miiuy,5,0.4014251035,0.37506727196,107.027494401807,1,1.09453760311008,bolditalic('Miichthys miiuy')
MiichthysMiiuy,Base,63,Miichthys miiuy,5,0.371578478666667,0.37506727196,99.0698219881726,1,1.1435495390892,bolditalic('Miichthys miiuy')
MiichthysMiiuy,Base,64,Miichthys miiuy,5,0.3860139785,0.37506727196,102.918598171148,1,1.0987895308733,bolditalic('Miichthys miiuy')
MiichthysMiiuy,Base,65,Miichthys miiuy,5,0.371713372666667,0.37506727196,99.1057872696259,1,1.12859385491908,bolditalic('Miichthys miiuy')
MiichthysMiiuy,Base,66,Miichthys miiuy,5,0.393104718,0.37506727196,104.809122893006,1,1.15050414088368,bolditalic('Miichthys miiuy')
MiichthysMiiuy,Base,67,Miichthys miiuy,5,0.3621469955,0.37506727196,96.5552109112368,1,1.13537256762385,bolditalic('Miichthys miiuy')
MiichthysMiiuy,Base,68,Miichthys miiuy,5,0.347651775833333,0.37506727196,92.6905122957274,1,1.09348993733525,bolditalic('Miichthys miiuy')
MiichthysMiiuy,Base,69,Miichthys miiuy,5,0.355192935666667,0.37506727196,94.7011275632035,1,1.13440027925372,bolditalic('Miichthys miiuy')
MiichthysMiiuy,Base,70,Miichthys miiuy,5,0.387264036833333,0.37506727196,103.251887270674,1,1.12531483621895,bolditalic('Miichthys miiuy')
MiichthysMiiuy,Base,71,Miichthys miiuy,5,0.370871453666667,0.37506727196,98.8813158046537,1,1.11188210989535,bolditalic('Miichthys miiuy')
MiichthysMiiuy,Base,72,Miichthys miiuy,5,0.363644646233333,0.37506727196,96.9545128086022,1,1.10882375647128,bolditalic('Miichthys miiuy')
MiichthysMiiuy,Base,73,Miichthys miiuy,5,0.396855773,0.37506727196,105.809224816161,1,1.11563401578367,bolditalic('Miichthys miiuy')
MiichthysMiiuy,Base,74,Miichthys miiuy,5,0.380717732166667,0.37506727196,101.506519131125,1,1.11112348121405,bolditalic('Miichthys miiuy')
MiichthysMiiuy,Base,75,Miichthys miiuy,5,0.3756517985,0.37506727196,100.155845786529,1,1.14282549418509,bolditalic('Miichthys miiuy')
MiichthysMiiuy,Base,76,Miichthys miiuy,5,0.371530224333333,0.37506727196,99.0569564739191,1,1.12086561529338,bolditalic('Miichthys miiuy')
MiichthysMiiuy,Base,77,Miichthys miiuy,5,0.390827211333333,0.37506727196,104.201896713348,1,1.11075016389787,bolditalic('Miichthys miiuy')
MiichthysMiiuy,Base,78,Miichthys miiuy,5,0.3646506145,0.37506727196,97.2227228983309,1,1.14425204472244,bolditalic('Miichthys miiuy')
MiichthysMiiuy,Base,79,Miichthys miiuy,5,0.393527574,0.37506727196,104.921864268117,1,1.10995025236905,bolditalic('Miichthys miiuy')
MiichthysMiiuy,Base,80,Miichthys miiuy,5,0.388162957,0.37506727196,103.491556320434,1,1.12034631876647,bolditalic('Miichthys miiuy')
MiichthysMiiuy,Base,81,Miichthys miiuy,5,0.348790566166667,0.37506727196,92.994135250453,1,1.1524444308579,bolditalic('Miichthys miiuy')
MiichthysMiiuy,Base,82,Miichthys miiuy,5,0.364722006333333,0.37506727196,97.2417573059346,1,1.1336346179843,bolditalic('Miichthys miiuy')
MiichthysMiiuy,Base,83,Miichthys miiuy,5,0.3846770876,0.37506727196,102.562157873648,1,1.15395313373208,bolditalic('Miichthys miiuy')
MiichthysMiiuy,Base,84,Miichthys miiuy,5,0.353518024666667,0.37506727196,94.2545647396206,1,1.11697418528795,bolditalic('Miichthys miiuy')
MiichthysMiiuy,Base,85,Miichthys miiuy,5,0.3467365475,0.37506727196,92.4464951815307,1,1.09334634663165,bolditalic('Miichthys miiuy')
MiichthysMiiuy,Base,86,Miichthys miiuy,5,0.344575472833333,0.37506727196,91.8703119663507,1,1.11118865533173,bolditalic('Miichthys miiuy')
MiichthysMiiuy,Base,87,Miichthys miiuy,5,0.413877618666667,0.37506727196,110.347569518357,1,1.09800023499131,bolditalic('Miichthys miiuy')
MiichthysMiiuy,Base,88,Miichthys miiuy,5,0.4178738285,0.37506727196,111.413034338161,1,1.13596199426055,bolditalic('Miichthys miiuy')
MiichthysMiiuy,Base,89,Miichthys miiuy,5,0.38794938,0.37506727196,103.434612668997,1,1.09912082724273,bolditalic('Miichthys miiuy')
MiichthysMiiuy,Base,90,Miichthys miiuy,5,0.402958159666667,0.37506727196,107.436236054646,1,1.14634085488319,bolditalic('Miichthys miiuy')
MiichthysMiiuy,Base,91,Miichthys miiuy,5,0.405880067666667,0.37506727196,108.215271768621,1,1.10830676397681,bolditalic('Miichthys miiuy')
MiichthysMiiuy,Base,92,Miichthys miiuy,5,0.3318950965,0.37506727196,88.4894847704536,1,1.14686503985524,bolditalic('Miichthys miiuy')
MiichthysMiiuy,Base,93,Miichthys miiuy,5,0.383196104166667,0.37506727196,102.167299792431,1,1.09504759806395,bolditalic('Miichthys miiuy')
MiichthysMiiuy,Base,94,Miichthys miiuy,5,0.344767299,0.37506727196,91.921456435892,1,1.1147883053422,bolditalic('Miichthys miiuy')
MiichthysMiiuy,Base,95,Miichthys miiuy,5,0.3713850545,0.37506727196,99.0182514617291,1,1.09665100093186,bolditalic('Miichthys miiuy')
MiichthysMiiuy,Base,96,Miichthys miiuy,5,0.406390067,0.37506727196,108.351247197953,1,1.13514717979729,bolditalic('Miichthys miiuy')
MiichthysMiiuy,Base,97,Miichthys miiuy,5,0.412685751333333,0.37506727196,110.029795235598,1,1.14389916500449,bolditalic('Miichthys miiuy')
MiichthysMiiuy,Base,98,Miichthys miiuy,5,0.411852104333333,0.37506727196,109.807529241649,1,1.14646354834735,bolditalic('Miichthys miiuy')
MiichthysMiiuy,Base,99,Miichthys miiuy,5,0.367190856666667,0.37506727196,97.8999993115441,1,1.09587854315341,bolditalic('Miichthys miiuy')
MiichthysMiiuy,Base,100,Miichthys miiuy,5,0.38786504,0.37506727196,103.41212603625,1,1.10392611196637,bolditalic('Miichthys miiuy')
MiichthysMiiuy,SSP1-2.6,1,Miichthys miiuy,5,0.596714669259259,0.37506727196,159.095371382576,2,2.15086237695813,bolditalic('Miichthys miiuy')
MiichthysMiiuy,SSP1-2.6,2,Miichthys miiuy,5,0.611538157222222,0.37506727196,163.047592509602,2,2.12445251484215,bolditalic('Miichthys miiuy')
MiichthysMiiuy,SSP1-2.6,3,Miichthys miiuy,5,0.617044261790124,0.37506727196,164.515623708146,2,2.13634387458861,bolditalic('Miichthys miiuy')
MiichthysMiiuy,SSP1-2.6,4,Miichthys miiuy,5,0.620160473703704,0.37506727196,165.346464505664,2,2.11879880402982,bolditalic('Miichthys miiuy')
MiichthysMiiuy,SSP1-2.6,5,Miichthys miiuy,5,0.576230394012346,0.37506727196,153.633877731086,2,2.09329882204533,bolditalic('Miichthys miiuy')
MiichthysMiiuy,SSP1-2.6,6,Miichthys miiuy,5,0.586064309592593,0.37506727196,156.255784870266,2,2.10081517989933,bolditalic('Miichthys miiuy')
MiichthysMiiuy,SSP1-2.6,7,Miichthys miiuy,5,0.616297782283951,0.37506727196,164.316598210061,2,2.09921008035541,bolditalic('Miichthys miiuy')
MiichthysMiiuy,SSP1-2.6,8,Miichthys miiuy,5,0.611045966851852,0.37506727196,162.91636528527,2,2.1558749243468,bolditalic('Miichthys miiuy')
MiichthysMiiuy,SSP1-2.6,9,Miichthys miiuy,5,0.57481106454321,0.37506727196,153.255457758125,2,2.10346664276719,bolditalic('Miichthys miiuy')
MiichthysMiiuy,SSP1-2.6,10,Miichthys miiuy,5,0.626871131975309,0.37506727196,167.135652412286,2,2.11031219066679,bolditalic('Miichthys miiuy')
MiichthysMiiuy,SSP1-2.6,11,Miichthys miiuy,5,0.611493332839506,0.37506727196,163.035641484795,2,2.13985994829237,bolditalic('Miichthys miiuy')
MiichthysMiiuy,SSP1-2.6,12,Miichthys miiuy,5,0.61132731191358,0.37506727196,162.991377178539,2,2.14309044547379,bolditalic('Miichthys miiuy')
MiichthysMiiuy,SSP1-2.6,13,Miichthys miiuy,5,0.608412296790124,0.37506727196,162.214179235295,2,2.14401522321999,bolditalic('Miichthys miiuy')
MiichthysMiiuy,SSP1-2.6,14,Miichthys miiuy,5,0.651300499814815,0.37506727196,173.648982064283,2,2.12386153630912,bolditalic('Miichthys miiuy')
MiichthysMiiuy,SSP1-2.6,15,Miichthys miiuy,5,0.604838758827161,0.37506727196,161.261406698174,2,2.14565249097347,bolditalic('Miichthys miiuy')
MiichthysMiiuy,SSP1-2.6,16,Miichthys miiuy,5,0.622821581851852,0.37506727196,166.055966066342,2,2.10512814405561,bolditalic('Miichthys miiuy')
MiichthysMiiuy,SSP1-2.6,17,Miichthys miiuy,5,0.616256215432099,0.37506727196,164.305515704346,2,2.13600159397721,bolditalic('Miichthys miiuy')
MiichthysMiiuy,SSP1-2.6,18,Miichthys miiuy,5,0.583956299074074,0.37506727196,155.693749556573,2,2.14940787172318,bolditalic('Miichthys miiuy')
MiichthysMiiuy,SSP1-2.6,19,Miichthys miiuy,5,0.629886317592593,0.37506727196,167.939557696137,2,2.13763079613447,bolditalic('Miichthys miiuy')
MiichthysMiiuy,SSP1-2.6,20,Miichthys miiuy,5,0.652749525185185,0.37506727196,174.035319523906,2,2.09664096713066,bolditalic('Miichthys miiuy')
MiichthysMiiuy,SSP1-2.6,21,Miichthys miiuy,5,0.623306387160494,0.37506727196,166.185224294102,2,2.10753681106865,bolditalic('Miichthys miiuy')
MiichthysMiiuy,SSP1-2.6,22,Miichthys miiuy,5,0.607976340925926,0.37506727196,162.097945189621,2,2.09734950938821,bolditalic('Miichthys miiuy')
MiichthysMiiuy,SSP1-2.6,23,Miichthys miiuy,5,0.623365095864198,0.37506727196,166.200877140429,2,2.1403987865746,bolditalic('Miichthys miiuy')
MiichthysMiiuy,SSP1-2.6,24,Miichthys miiuy,5,0.618184949259259,0.37506727196,164.819752475014,2,2.13791531874239,bolditalic('Miichthys miiuy')
MiichthysMiiuy,SSP1-2.6,25,Miichthys miiuy,5,0.595840443148148,0.37506727196,158.8622862332,2,2.12536263461411,bolditalic('Miichthys miiuy')
MiichthysMiiuy,SSP1-2.6,26,Miichthys miiuy,5,0.614072290679012,0.37506727196,163.72324022569,2,2.09661929504573,bolditalic('Miichthys miiuy')
MiichthysMiiuy,SSP1-2.6,27,Miichthys miiuy,5,0.608079763888889,0.37506727196,162.125519699767,2,2.13086417214572,bolditalic('Miichthys miiuy')
MiichthysMiiuy,SSP1-2.6,28,Miichthys miiuy,5,0.593651671234568,0.37506727196,158.278718410248,2,2.12361010888219,bolditalic('Miichthys miiuy')
MiichthysMiiuy,SSP1-2.6,29,Miichthys miiuy,5,0.604001932839506,0.37506727196,161.038293126232,2,2.11405212156475,bolditalic('Miichthys miiuy')
MiichthysMiiuy,SSP1-2.6,30,Miichthys miiuy,5,0.558131327592593,0.37506727196,148.80832568407,2,2.11876817774773,bolditalic('Miichthys miiuy')
MiichthysMiiuy,SSP1-2.6,31,Miichthys miiuy,5,0.59986222691358,0.37506727196,159.934569545048,2,2.10942761544883,bolditalic('Miichthys miiuy')
MiichthysMiiuy,SSP1-2.6,32,Miichthys miiuy,5,0.640475711790123,0.37506727196,170.762889665945,2,2.14233525638282,bolditalic('Miichthys miiuy')
MiichthysMiiuy,SSP1-2.6,33,Miichthys miiuy,5,0.581637700493827,0.37506727196,155.075567498691,2,2.14231421557069,bolditalic('Miichthys miiuy')
MiichthysMiiuy,SSP1-2.6,34,Miichthys miiuy,5,0.614145692592593,0.37506727196,163.742810558552,2,2.12754511025548,bolditalic('Miichthys miiuy')
MiichthysMiiuy,SSP1-2.6,35,Miichthys miiuy,5,0.612009497345679,0.37506727196,163.173260665342,2,2.11007815659046,bolditalic('Miichthys miiuy')
MiichthysMiiuy,SSP1-2.6,36,Miichthys miiuy,5,0.604919583827161,0.37506727196,161.282956165707,2,2.14139610594511,bolditalic('Miichthys miiuy')
MiichthysMiiuy,SSP1-2.6,37,Miichthys miiuy,5,0.593156024197531,0.37506727196,158.146569573468,2,2.12397143447399,bolditalic('Miichthys miiuy')
MiichthysMiiuy,SSP1-2.6,38,Miichthys miiuy,5,0.578928417901235,0.37506727196,154.353221723642,2,2.11629670840502,bolditalic('Miichthys miiuy')
MiichthysMiiuy,SSP1-2.6,39,Miichthys miiuy,5,0.60690713037037,0.37506727196,161.812873514353,2,2.15409227000177,bolditalic('Miichthys miiuy')
MiichthysMiiuy,SSP1-2.6,40,Miichthys miiuy,5,0.595351767037037,0.37506727196,158.731995976586,2,2.12144017098844,bolditalic('Miichthys miiuy')
MiichthysMiiuy,SSP1-2.6,41,Miichthys miiuy,5,0.59971077191358,0.37506727196,159.894188789028,2,2.12005036570132,bolditalic('Miichthys miiuy')
MiichthysMiiuy,SSP1-2.6,42,Miichthys miiuy,5,0.572106234135803,0.37506727196,152.534299019515,2,2.13411828568578,bolditalic('Miichthys miiuy')
MiichthysMiiuy,SSP1-2.6,43,Miichthys miiuy,5,0.622941167777778,0.37506727196,166.087849926883,2,2.11320009735227,bolditalic('Miichthys miiuy')
MiichthysMiiuy,SSP1-2.6,44,Miichthys miiuy,5,0.620642298765432,0.37506727196,165.474928143456,2,2.14337464593351,bolditalic('Miichthys miiuy')
MiichthysMiiuy,SSP1-2.6,45,Miichthys miiuy,5,0.601943235123457,0.37506727196,160.489405534603,2,2.1110581689775,bolditalic('Miichthys miiuy')
MiichthysMiiuy,SSP1-2.6,46,Miichthys miiuy,5,0.637553473271605,0.37506727196,169.983765829507,2,2.14547190494835,bolditalic('Miichthys miiuy')
MiichthysMiiuy,SSP1-2.6,47,Miichthys miiuy,5,0.583799800555556,0.37506727196,155.65202410351,2,2.14580672159791,bolditalic('Miichthys miiuy')
MiichthysMiiuy,SSP1-2.6,48,Miichthys miiuy,5,0.59452997537037,0.37506727196,158.512890837827,2,2.1105238327086,bolditalic('Miichthys miiuy')
MiichthysMiiuy,SSP1-2.6,49,Miichthys miiuy,5,0.607685434382716,0.37506727196,162.020384025275,2,2.1136248665154,bolditalic('Miichthys miiuy')
MiichthysMiiuy,SSP1-2.6,50,Miichthys miiuy,5,0.59600162,0.37506727196,158.905259018057,2,2.11921159018576,bolditalic('Miichthys miiuy')
MiichthysMiiuy,SSP1-2.6,51,Miichthys miiuy,5,0.598020081419753,0.37506727196,159.443418855146,2,2.15637138982117,bolditalic('Miichthys miiuy')
MiichthysMiiuy,SSP1-2.6,52,Miichthys miiuy,5,0.581439903950617,0.37506727196,155.022831214296,2,2.09761549599469,bolditalic('Miichthys miiuy')
MiichthysMiiuy,SSP1-2.6,53,Miichthys miiuy,5,0.60296117308642,0.37506727196,160.760806970842,2,2.14725590960681,bolditalic('Miichthys miiuy')
MiichthysMiiuy,SSP1-2.6,54,Miichthys miiuy,5,0.566416885123457,0.37506727196,151.017411400231,2,2.15092790967226,bolditalic('Miichthys miiuy')
MiichthysMiiuy,SSP1-2.6,55,Miichthys miiuy,5,0.601496805493827,0.37506727196,160.370378985766,2,2.10427826805413,bolditalic('Miichthys miiuy')
MiichthysMiiuy,SSP1-2.6,56,Miichthys miiuy,5,0.58826417962963,0.37506727196,156.842311661991,2,2.12255271232128,bolditalic('Miichthys miiuy')
MiichthysMiiuy,SSP1-2.6,57,Miichthys miiuy,5,0.606444917716049,0.37506727196,161.689638913823,2,2.15500104285777,bolditalic('Miichthys miiuy')
MiichthysMiiuy,SSP1-2.6,58,Miichthys miiuy,5,0.589263225987654,0.37506727196,157.108676240485,2,2.09628292872012,bolditalic('Miichthys miiuy')
MiichthysMiiuy,SSP1-2.6,59,Miichthys miiuy,5,0.61913968654321,0.37506727196,165.074303419692,2,2.14653726302087,bolditalic('Miichthys miiuy')
MiichthysMiiuy,SSP1-2.6,60,Miichthys miiuy,5,0.56877203308642,0.37506727196,151.645338212042,2,2.09702197727561,bolditalic('Miichthys miiuy')
MiichthysMiiuy,SSP1-2.6,61,Miichthys miiuy,5,0.564431902530864,0.37506727196,150.488177649118,2,2.14541767403483,bolditalic('Miichthys miiuy')
MiichthysMiiuy,SSP1-2.6,62,Miichthys miiuy,5,0.61465925,0.37506727196,163.879734637458,2,2.10914085125923,bolditalic('Miichthys miiuy')
MiichthysMiiuy,SSP1-2.6,63,Miichthys miiuy,5,0.575857295185185,0.37506727196,153.53440255555,2,2.15474333909154,bolditalic('Miichthys miiuy')
MiichthysMiiuy,SSP1-2.6,64,Miichthys miiuy,5,0.615572099259259,0.37506727196,164.123117445691,2,2.11286700767279,bolditalic('Miichthys miiuy')
MiichthysMiiuy,SSP1-2.6,65,Miichthys miiuy,5,0.608089132592593,0.37506727196,162.128017572657,2,2.14495798158646,bolditalic('Miichthys miiuy')
MiichthysMiiuy,SSP1-2.6,66,Miichthys miiuy,5,0.576829552716049,0.37506727196,153.793624728091,2,2.13886657999456,bolditalic('Miichthys miiuy')
MiichthysMiiuy,SSP1-2.6,67,Miichthys miiuy,5,0.626888517777778,0.37506727196,167.140287794728,2,2.09910475678742,bolditalic('Miichthys miiuy')
MiichthysMiiuy,SSP1-2.6,68,Miichthys miiuy,5,0.609778801666667,0.37506727196,162.578515176792,2,2.13531026189029,bolditalic('Miichthys miiuy')
MiichthysMiiuy,SSP1-2.6,69,Miichthys miiuy,5,0.636548817777778,0.37506727196,169.715905749746,2,2.1205600259304,bolditalic('Miichthys miiuy')
MiichthysMiiuy,SSP1-2.6,70,Miichthys miiuy,5,0.611353403333333,0.37506727196,162.99833364254,2,2.11722524614632,bolditalic('Miichthys miiuy')
MiichthysMiiuy,SSP1-2.6,71,Miichthys miiuy,5,0.626978204135802,0.37506727196,167.164199867235,2,2.12899796918035,bolditalic('Miichthys miiuy')
MiichthysMiiuy,SSP1-2.6,72,Miichthys miiuy,5,0.586489240617284,0.37506727196,156.369079486048,2,2.13323854123056,bolditalic('Miichthys miiuy')
MiichthysMiiuy,SSP1-2.6,73,Miichthys miiuy,5,0.597208148703704,0.37506727196,159.226942298339,2,2.0967944945097,bolditalic('Miichthys miiuy')
MiichthysMiiuy,SSP1-2.6,74,Miichthys miiuy,5,0.581028120617284,0.37506727196,154.913042020699,2,2.09411993397772,bolditalic('Miichthys miiuy')
MiichthysMiiuy,SSP1-2.6,75,Miichthys miiuy,5,0.592280201111111,0.37506727196,157.913058640391,2,2.14772594934702,bolditalic('Miichthys miiuy')
MiichthysMiiuy,SSP1-2.6,76,Miichthys miiuy,5,0.589441540802469,0.37506727196,157.156218329103,2,2.11675245572627,bolditalic('Miichthys miiuy')
MiichthysMiiuy,SSP1-2.6,77,Miichthys miiuy,5,0.598421818148148,0.37506727196,159.550529434615,2,2.1230938680321,bolditalic('Miichthys miiuy')
MiichthysMiiuy,SSP1-2.6,78,Miichthys miiuy,5,0.611349977160494,0.37506727196,162.997420160321,2,2.14813239815831,bolditalic('Miichthys miiuy')
MiichthysMiiuy,SSP1-2.6,79,Miichthys miiuy,5,0.615961422592593,0.37506727196,164.2269183802,2,2.1518727645874,bolditalic('Miichthys miiuy')
MiichthysMiiuy,SSP1-2.6,80,Miichthys miiuy,5,0.593809658641975,0.37506727196,158.320840829136,2,2.15581480939686,bolditalic('Miichthys miiuy')
MiichthysMiiuy,SSP1-2.6,81,Miichthys miiuy,5,0.614613242901235,0.37506727196,163.867468278273,2,2.13970190283656,bolditalic('Miichthys miiuy')
MiichthysMiiuy,SSP1-2.6,82,Miichthys miiuy,5,0.601915364938272,0.37506727196,160.481974818231,2,2.11078675276041,bolditalic('Miichthys miiuy')
MiichthysMiiuy,SSP1-2.6,83,Miichthys miiuy,5,0.587797634012346,0.37506727196,156.717921811912,2,2.14979621650279,bolditalic('Miichthys miiuy')
MiichthysMiiuy,SSP1-2.6,84,Miichthys miiuy,5,0.59149375117284,0.37506727196,157.703376272169,2,2.13588219605386,bolditalic('Miichthys miiuy')
MiichthysMiiuy,SSP1-2.6,85,Miichthys miiuy,5,0.560771496851852,0.37506727196,149.512244542536,2,2.12354370442033,bolditalic('Miichthys miiuy')
MiichthysMiiuy,SSP1-2.6,86,Miichthys miiuy,5,0.595353925740741,0.37506727196,158.732571527658,2,2.09680419629812,bolditalic('Miichthys miiuy')
MiichthysMiiuy,SSP1-2.6,87,Miichthys miiuy,5,0.60996798382716,0.37506727196,162.628954704481,2,2.13035735249519,bolditalic('Miichthys miiuy')
MiichthysMiiuy,SSP1-2.6,88,Miichthys miiuy,5,0.608049222469136,0.37506727196,162.11737678194,2,2.09670764411986,bolditalic('Miichthys miiuy')
MiichthysMiiuy,SSP1-2.6,89,Miichthys miiuy,5,0.574594326790123,0.37506727196,153.197671390375,2,2.13156828261912,bolditalic('Miichthys miiuy')
MiichthysMiiuy,SSP1-2.6,90,Miichthys miiuy,5,0.603648295864198,0.37506727196,160.944006847011,2,2.12335026049614,bolditalic('Miichthys miiuy')
MiichthysMiiuy,SSP1-2.6,91,Miichthys miiuy,5,0.60530160691358,0.37506727196,161.384810716872,2,2.1413637098968,bolditalic('Miichthys miiuy')
MiichthysMiiuy,SSP1-2.6,92,Miichthys miiuy,5,0.631989424876543,0.37506727196,168.50028571513,2,2.14620779874921,bolditalic('Miichthys miiuy')
MiichthysMiiuy,SSP1-2.6,93,Miichthys miiuy,5,0.614529746666667,0.37506727196,163.845206609284,2,2.11614002814889,bolditalic('Miichthys miiuy')
MiichthysMiiuy,SSP1-2.6,94,Miichthys miiuy,5,0.61128053654321,0.37506727196,162.978905983672,2,2.09932845230401,bolditalic('Miichthys miiuy')
MiichthysMiiuy,SSP1-2.6,95,Miichthys miiuy,5,0.62171121345679,0.37506727196,165.759920935755,2,2.10744211421907,bolditalic('Miichthys miiuy')
MiichthysMiiuy,SSP1-2.6,96,Miichthys miiuy,5,0.619763476419753,0.37506727196,165.240617551363,2,2.12645209293067,bolditalic('Miichthys miiuy')
MiichthysMiiuy,SSP1-2.6,97,Miichthys miiuy,5,0.618365615617284,0.37506727196,164.867921529349,2,2.14016241970658,bolditalic('Miichthys miiuy')
MiichthysMiiuy,SSP1-2.6,98,Miichthys miiuy,5,0.611713792098765,0.37506727196,163.094420076194,2,2.12622629441321,bolditalic('Miichthys miiuy')
MiichthysMiiuy,SSP1-2.6,99,Miichthys miiuy,5,0.594586355679012,0.37506727196,158.52792289017,2,2.12264575172961,bolditalic('Miichthys miiuy')
MiichthysMiiuy,SSP1-2.6,100,Miichthys miiuy,5,0.595240730246914,0.37506727196,158.702391476694,2,2.10049975512922,bolditalic('Miichthys miiuy')
MiichthysMiiuy,SSP5-8.5,1,Miichthys miiuy,5,0.727813634074074,0.37506727196,194.048824966976,3,3.13977513976395,bolditalic('Miichthys miiuy')
MiichthysMiiuy,SSP5-8.5,2,Miichthys miiuy,5,0.758512745864198,0.37506727196,202.233786461937,3,3.14393008095026,bolditalic('Miichthys miiuy')
MiichthysMiiuy,SSP5-8.5,3,Miichthys miiuy,5,0.738530776790124,0.37506727196,196.906217098272,3,3.14848147685826,bolditalic('Miichthys miiuy')
MiichthysMiiuy,SSP5-8.5,4,Miichthys miiuy,5,0.749428207592593,0.37506727196,199.811677429567,3,3.11049502295256,bolditalic('Miichthys miiuy')
MiichthysMiiuy,SSP5-8.5,5,Miichthys miiuy,5,0.732253131358025,0.37506727196,195.232478571502,3,3.14678884340823,bolditalic('Miichthys miiuy')
MiichthysMiiuy,SSP5-8.5,6,Miichthys miiuy,5,0.755400107037037,0.37506727196,201.403898316566,3,3.13638715556264,bolditalic('Miichthys miiuy')
MiichthysMiiuy,SSP5-8.5,7,Miichthys miiuy,5,0.755271331481482,0.37506727196,201.369564327657,3,3.09639615020156,bolditalic('Miichthys miiuy')
MiichthysMiiuy,SSP5-8.5,8,Miichthys miiuy,5,0.788703043148148,0.37506727196,210.283088424804,3,3.11250402013958,bolditalic('Miichthys miiuy')
MiichthysMiiuy,SSP5-8.5,9,Miichthys miiuy,5,0.724953764259259,0.37506727196,193.28632980181,3,3.10836194312573,bolditalic('Miichthys miiuy')
MiichthysMiiuy,SSP5-8.5,10,Miichthys miiuy,5,0.739685327037037,0.37506727196,197.214041942834,3,3.1217753033638,bolditalic('Miichthys miiuy')
MiichthysMiiuy,SSP5-8.5,11,Miichthys miiuy,5,0.810222609691358,0.37506727196,216.020610238093,3,3.10962925681472,bolditalic('Miichthys miiuy')
MiichthysMiiuy,SSP5-8.5,12,Miichthys miiuy,5,0.761179059567901,0.37506727196,202.944675921785,3,3.12435735855997,bolditalic('Miichthys miiuy')
MiichthysMiiuy,SSP5-8.5,13,Miichthys miiuy,5,0.737424776358025,0.37506727196,196.611336548892,3,3.1064013916105,bolditalic('Miichthys miiuy')
MiichthysMiiuy,SSP5-8.5,14,Miichthys miiuy,5,0.760352019259259,0.37506727196,202.724171396205,3,3.13881722651422,bolditalic('Miichthys miiuy')
MiichthysMiiuy,SSP5-8.5,15,Miichthys miiuy,5,0.735544355925926,0.37506727196,196.109981039447,3,3.12482305157185,bolditalic('Miichthys miiuy')
MiichthysMiiuy,SSP5-8.5,16,Miichthys miiuy,5,0.72817531345679,0.37506727196,194.145255503511,3,3.11695050042868,bolditalic('Miichthys miiuy')
MiichthysMiiuy,SSP5-8.5,17,Miichthys miiuy,5,0.792581456790123,0.37506727196,211.317146561017,3,3.12924666197598,bolditalic('Miichthys miiuy')
MiichthysMiiuy,SSP5-8.5,18,Miichthys miiuy,5,0.778535450123457,0.37506727196,207.572216593317,3,3.10636746764183,bolditalic('Miichthys miiuy')
MiichthysMiiuy,SSP5-8.5,19,Miichthys miiuy,5,0.750546840185185,0.37506727196,200.109925950892,3,3.12431856751442,bolditalic('Miichthys miiuy')
MiichthysMiiuy,SSP5-8.5,20,Miichthys miiuy,5,0.718936455740741,0.37506727196,191.682002000274,3,3.14153034006059,bolditalic('Miichthys miiuy')
MiichthysMiiuy,SSP5-8.5,21,Miichthys miiuy,5,0.749648590246914,0.37506727196,199.870435596647,3,3.13996934258938,bolditalic('Miichthys miiuy')
MiichthysMiiuy,SSP5-8.5,22,Miichthys miiuy,5,0.759096367345679,0.37506727196,202.389390942816,3,3.13699505788088,bolditalic('Miichthys miiuy')
MiichthysMiiuy,SSP5-8.5,23,Miichthys miiuy,5,0.709040210617284,0.37506727196,189.043476630747,3,3.10534877867997,bolditalic('Miichthys miiuy')
MiichthysMiiuy,SSP5-8.5,24,Miichthys miiuy,5,0.773196886950617,0.37506727196,206.148855086742,3,3.1370519245714,bolditalic('Miichthys miiuy')
MiichthysMiiuy,SSP5-8.5,25,Miichthys miiuy,5,0.746061490864198,0.37506727196,198.914047329558,3,3.12037722763419,bolditalic('Miichthys miiuy')
MiichthysMiiuy,SSP5-8.5,26,Miichthys miiuy,5,0.728245559506173,0.37506727196,194.16398442353,3,3.12523322108388,bolditalic('Miichthys miiuy')
MiichthysMiiuy,SSP5-8.5,27,Miichthys miiuy,5,0.776843695123457,0.37506727196,207.121162842037,3,3.15125414387882,bolditalic('Miichthys miiuy')
MiichthysMiiuy,SSP5-8.5,28,Miichthys miiuy,5,0.721756869135803,0.37506727196,192.433977340677,3,3.14541370232403,bolditalic('Miichthys miiuy')
MiichthysMiiuy,SSP5-8.5,29,Miichthys miiuy,5,0.737748670432099,0.37506727196,196.697692810366,3,3.1480148897469,bolditalic('Miichthys miiuy')
MiichthysMiiuy,SSP5-8.5,30,Miichthys miiuy,5,0.732974583209877,0.37506727196,195.424831225489,3,3.11274648469687,bolditalic('Miichthys miiuy')
MiichthysMiiuy,SSP5-8.5,31,Miichthys miiuy,5,0.801372761296296,0.37506727196,213.661073947758,3,3.12660574296117,bolditalic('Miichthys miiuy')
MiichthysMiiuy,SSP5-8.5,32,Miichthys miiuy,5,0.791683285061728,0.37506727196,211.077677058999,3,3.11315092533827,bolditalic('Miichthys miiuy')
MiichthysMiiuy,SSP5-8.5,33,Miichthys miiuy,5,0.750553463271605,0.37506727196,200.111691790493,3,3.14572153483331,bolditalic('Miichthys miiuy')
MiichthysMiiuy,SSP5-8.5,34,Miichthys miiuy,5,0.696234778271605,0.37506727196,185.629307146228,3,3.12302184337378,bolditalic('Miichthys miiuy')
MiichthysMiiuy,SSP5-8.5,35,Miichthys miiuy,5,0.819324891975309,0.37506727196,218.447450158405,3,3.11409323938191,bolditalic('Miichthys miiuy')
MiichthysMiiuy,SSP5-8.5,36,Miichthys miiuy,5,0.714664111481481,0.37506727196,190.542914540861,3,3.13793172284961,bolditalic('Miichthys miiuy')
MiichthysMiiuy,SSP5-8.5,37,Miichthys miiuy,5,0.725623091111111,0.37506727196,193.464784948898,3,3.12784788687527,bolditalic('Miichthys miiuy')
MiichthysMiiuy,SSP5-8.5,38,Miichthys miiuy,5,0.777589303518519,0.37506727196,207.31995608549,3,3.15127990977466,bolditalic('Miichthys miiuy')
MiichthysMiiuy,SSP5-8.5,39,Miichthys miiuy,5,0.741102758641975,0.37506727196,197.591955909449,3,3.12658020800352,bolditalic('Miichthys miiuy')
MiichthysMiiuy,SSP5-8.5,40,Miichthys miiuy,5,0.767559898703704,0.37506727196,204.645927833864,3,3.12364753893018,bolditalic('Miichthys miiuy')
MiichthysMiiuy,SSP5-8.5,41,Miichthys miiuy,5,0.785288380246914,0.37506727196,209.372674971935,3,3.1058942860812,bolditalic('Miichthys miiuy')
MiichthysMiiuy,SSP5-8.5,42,Miichthys miiuy,5,0.780642550740741,0.37506727196,208.1340093102,3,3.14070161601901,bolditalic('Miichthys miiuy')
MiichthysMiiuy,SSP5-8.5,43,Miichthys miiuy,5,0.738072743827161,0.37506727196,196.784096882192,3,3.10467977648973,bolditalic('Miichthys miiuy')
MiichthysMiiuy,SSP5-8.5,44,Miichthys miiuy,5,0.768246039814815,0.37506727196,204.828865979207,3,3.11981397075951,bolditalic('Miichthys miiuy')
MiichthysMiiuy,SSP5-8.5,45,Miichthys miiuy,5,0.746426707098765,0.37506727196,199.011420857421,3,3.13544535396993,bolditalic('Miichthys miiuy')
MiichthysMiiuy,SSP5-8.5,46,Miichthys miiuy,5,0.758744516049383,0.37506727196,202.295580759257,3,3.11954194006324,bolditalic('Miichthys miiuy')
MiichthysMiiuy,SSP5-8.5,47,Miichthys miiuy,5,0.73440645462963,0.37506727196,195.806595118742,3,3.13171475239098,bolditalic('Miichthys miiuy')
MiichthysMiiuy,SSP5-8.5,48,Miichthys miiuy,5,0.747668722098766,0.37506727196,199.342565452766,3,3.10046046458185,bolditalic('Miichthys miiuy')
MiichthysMiiuy,SSP5-8.5,49,Miichthys miiuy,5,0.75440516308642,0.37506727196,201.138627517166,3,3.12950171849132,bolditalic('Miichthys miiuy')
MiichthysMiiuy,SSP5-8.5,50,Miichthys miiuy,5,0.736883228703704,0.37506727196,196.466949742896,3,3.09721384143829,bolditalic('Miichthys miiuy')
MiichthysMiiuy,SSP5-8.5,51,Miichthys miiuy,5,0.732903274814815,0.37506727196,195.4058190641,3,3.10015017731488,bolditalic('Miichthys miiuy')
MiichthysMiiuy,SSP5-8.5,52,Miichthys miiuy,5,0.741698862222222,0.37506727196,197.750888352989,3,3.15239688614011,bolditalic('Miichthys miiuy')
MiichthysMiiuy,SSP5-8.5,53,Miichthys miiuy,5,0.784876599074074,0.37506727196,209.262886354366,3,3.13249209421873,bolditalic('Miichthys miiuy')
MiichthysMiiuy,SSP5-8.5,54,Miichthys miiuy,5,0.744103122469136,0.37506727196,198.391909424849,3,3.11536998300254,bolditalic('Miichthys miiuy')
MiichthysMiiuy,SSP5-8.5,55,Miichthys miiuy,5,0.730497084567901,0.37506727196,194.764283417884,3,3.13730183695257,bolditalic('Miichthys miiuy')
MiichthysMiiuy,SSP5-8.5,56,Miichthys miiuy,5,0.777823340246914,0.37506727196,207.382354685926,3,3.15534464092553,bolditalic('Miichthys miiuy')
MiichthysMiiuy,SSP5-8.5,57,Miichthys miiuy,5,0.709957745339506,0.37506727196,189.288108671668,3,3.10733718904853,bolditalic('Miichthys miiuy')
MiichthysMiiuy,SSP5-8.5,58,Miichthys miiuy,5,0.759551655740741,0.37506727196,202.510779405393,3,3.09340089580417,bolditalic('Miichthys miiuy')
MiichthysMiiuy,SSP5-8.5,59,Miichthys miiuy,5,0.740158485061729,0.37506727196,197.340194785288,3,3.12948979370296,bolditalic('Miichthys miiuy')
MiichthysMiiuy,SSP5-8.5,60,Miichthys miiuy,5,0.758118364012346,0.37506727196,202.128636831101,3,3.11850222046673,bolditalic('Miichthys miiuy')
MiichthysMiiuy,SSP5-8.5,61,Miichthys miiuy,5,0.754438528888889,0.37506727196,201.147523468629,3,3.13630225747824,bolditalic('Miichthys miiuy')
MiichthysMiiuy,SSP5-8.5,62,Miichthys miiuy,5,0.772255739691358,0.37506727196,205.897927498648,3,3.14017599080503,bolditalic('Miichthys miiuy')
MiichthysMiiuy,SSP5-8.5,63,Miichthys miiuy,5,0.774043578395062,0.37506727196,206.374598975304,3,3.11976053787768,bolditalic('Miichthys miiuy')
MiichthysMiiuy,SSP5-8.5,64,Miichthys miiuy,5,0.747358964506173,0.37506727196,199.25997824355,3,3.1033809684366,bolditalic('Miichthys miiuy')
MiichthysMiiuy,SSP5-8.5,65,Miichthys miiuy,5,0.769586607839506,0.37506727196,205.186286667417,3,3.11347662171721,bolditalic('Miichthys miiuy')
MiichthysMiiuy,SSP5-8.5,66,Miichthys miiuy,5,0.725430391790123,0.37506727196,193.413407679966,3,3.14900813117623,bolditalic('Miichthys miiuy')
MiichthysMiiuy,SSP5-8.5,67,Miichthys miiuy,5,0.737438006234568,0.37506727196,196.614863883195,3,3.13756474287808,bolditalic('Miichthys miiuy')
MiichthysMiiuy,SSP5-8.5,68,Miichthys miiuy,5,0.723053372345679,0.37506727196,192.779649519191,3,3.1134559790045,bolditalic('Miichthys miiuy')
MiichthysMiiuy,SSP5-8.5,69,Miichthys miiuy,5,0.787750617222222,0.37506727196,210.029153731716,3,3.15144784905016,bolditalic('Miichthys miiuy')
MiichthysMiiuy,SSP5-8.5,70,Miichthys miiuy,5,0.752955576790123,0.37506727196,200.752140504124,3,3.14099493148923,bolditalic('Miichthys miiuy')
MiichthysMiiuy,SSP5-8.5,71,Miichthys miiuy,5,0.74153261691358,0.37506727196,197.706564222074,3,3.1182260184139,bolditalic('Miichthys miiuy')
MiichthysMiiuy,SSP5-8.5,72,Miichthys miiuy,5,0.761784210617284,0.37506727196,203.106020591028,3,3.10745479612052,bolditalic('Miichthys miiuy')
MiichthysMiiuy,SSP5-8.5,73,Miichthys miiuy,5,0.756237210493827,0.37506727196,201.627085867006,3,3.10652011778951,bolditalic('Miichthys miiuy')
MiichthysMiiuy,SSP5-8.5,74,Miichthys miiuy,5,0.77640471845679,0.37506727196,207.004123393521,3,3.15535207399726,bolditalic('Miichthys miiuy')
MiichthysMiiuy,SSP5-8.5,75,Miichthys miiuy,5,0.739535882777778,0.37506727196,197.174197288173,3,3.14284793588519,bolditalic('Miichthys miiuy')
MiichthysMiiuy,SSP5-8.5,76,Miichthys miiuy,5,0.702490605555556,0.37506727196,187.297228543704,3,3.12136080026627,bolditalic('Miichthys miiuy')
MiichthysMiiuy,SSP5-8.5,77,Miichthys miiuy,5,0.753902125185185,0.37506727196,201.004508136766,3,3.10206766210496,bolditalic('Miichthys miiuy')
MiichthysMiiuy,SSP5-8.5,78,Miichthys miiuy,5,0.732946079691358,0.37506727196,195.41723165052,3,3.09415445564687,bolditalic('Miichthys miiuy')
MiichthysMiiuy,SSP5-8.5,79,Miichthys miiuy,5,0.721470038703704,0.37506727196,192.357502944338,3,3.12059914943576,bolditalic('Miichthys miiuy')
MiichthysMiiuy,SSP5-8.5,80,Miichthys miiuy,5,0.721170127654321,0.37506727196,192.277541009025,3,3.09957398284972,bolditalic('Miichthys miiuy')
MiichthysMiiuy,SSP5-8.5,81,Miichthys miiuy,5,0.780296620555556,0.37506727196,208.041777806402,3,3.13770348992944,bolditalic('Miichthys miiuy')
MiichthysMiiuy,SSP5-8.5,82,Miichthys miiuy,5,0.748149527469136,0.37506727196,199.470757221634,3,3.14386381368339,bolditalic('Miichthys miiuy')
MiichthysMiiuy,SSP5-8.5,83,Miichthys miiuy,5,0.768343325864198,0.37506727196,204.854804272589,3,3.11629698136449,bolditalic('Miichthys miiuy')
MiichthysMiiuy,SSP5-8.5,84,Miichthys miiuy,5,0.769664355740741,0.37506727196,205.207015722455,3,3.09606409655511,bolditalic('Miichthys miiuy')
MiichthysMiiuy,SSP5-8.5,85,Miichthys miiuy,5,0.793188938827161,0.37506727196,211.479112715479,3,3.13620727136731,bolditalic('Miichthys miiuy')
MiichthysMiiuy,SSP5-8.5,86,Miichthys miiuy,5,0.723475369320988,0.37506727196,192.892161862138,3,3.14726033984125,bolditalic('Miichthys miiuy')
MiichthysMiiuy,SSP5-8.5,87,Miichthys miiuy,5,0.718895919135802,0.37506727196,191.671194177793,3,3.10576640115678,bolditalic('Miichthys miiuy')
MiichthysMiiuy,SSP5-8.5,88,Miichthys miiuy,5,0.726058517407408,0.37506727196,193.580877801794,3,3.13298681499064,bolditalic('Miichthys miiuy')
MiichthysMiiuy,SSP5-8.5,89,Miichthys miiuy,5,0.745834005864198,0.37506727196,198.853395543331,3,3.15399662905931,bolditalic('Miichthys miiuy')
MiichthysMiiuy,SSP5-8.5,90,Miichthys miiuy,5,0.746247524753087,0.37506727196,198.963647468733,3,3.10823885551095,bolditalic('Miichthys miiuy')
MiichthysMiiuy,SSP5-8.5,91,Miichthys miiuy,5,0.735558165617284,0.37506727196,196.113662963302,3,3.15453133866191,bolditalic('Miichthys miiuy')
MiichthysMiiuy,SSP5-8.5,92,Miichthys miiuy,5,0.759939234259259,0.37506727196,202.614115139405,3,3.10560084186494,bolditalic('Miichthys miiuy')
MiichthysMiiuy,SSP5-8.5,93,Miichthys miiuy,5,0.742173618333333,0.37506727196,197.877467275386,3,3.15397797483206,bolditalic('Miichthys miiuy')
MiichthysMiiuy,SSP5-8.5,94,Miichthys miiuy,5,0.772155965432099,0.37506727196,205.871325801641,3,3.12476182970405,bolditalic('Miichthys miiuy')
MiichthysMiiuy,SSP5-8.5,95,Miichthys miiuy,5,0.739942279074074,0.37506727196,197.282550196218,3,3.10600405494869,bolditalic('Miichthys miiuy')
MiichthysMiiuy,SSP5-8.5,96,Miichthys miiuy,5,0.816617734567901,0.37506727196,217.725670997759,3,3.15454744420946,bolditalic('Miichthys miiuy')
MiichthysMiiuy,SSP5-8.5,97,Miichthys miiuy,5,0.735121506481482,0.37506727196,195.99724141217,3,3.11241262090206,bolditalic('Miichthys miiuy')
MiichthysMiiuy,SSP5-8.5,98,Miichthys miiuy,5,0.729081087160494,0.37506727196,194.386751835348,3,3.10428059026599,bolditalic('Miichthys miiuy')
MiichthysMiiuy,SSP5-8.5,99,Miichthys miiuy,5,0.773762827777778,0.37506727196,206.299745572122,3,3.12058766241372,bolditalic('Miichthys miiuy')
MiichthysMiiuy,SSP5-8.5,100,Miichthys miiuy,5,0.749502166975309,0.37506727196,199.831396394202,3,3.1529021859467,bolditalic('Miichthys miiuy')
MuraenesoxCinereus,Base,1,Muraenesox cinereus,4,0.0252356224133333,0.0256333098057267,98.4485523117872,1,1.14897200103104,bolditalic('Muraenesox cinereus')
MuraenesoxCinereus,Base,2,Muraenesox cinereus,4,0.0260179952433333,0.0256333098057267,101.500724801136,1,1.09537287373841,bolditalic('Muraenesox cinereus')
MuraenesoxCinereus,Base,3,Muraenesox cinereus,4,0.0251220195866667,0.0256333098057267,98.005367925816,1,1.1429355416894,bolditalic('Muraenesox cinereus')
MuraenesoxCinereus,Base,4,Muraenesox cinereus,4,0.0260293495633333,0.0256333098057267,101.545019978334,1,1.15345367835462,bolditalic('Muraenesox cinereus')
MuraenesoxCinereus,Base,5,Muraenesox cinereus,4,0.0257564019666667,0.0256333098057267,100.480203929469,1,1.13459139280021,bolditalic('Muraenesox cinereus')
MuraenesoxCinereus,Base,6,Muraenesox cinereus,4,0.0265069526433333,0.0256333098057267,103.40823266378,1,1.1237708593607,bolditalic('Muraenesox cinereus')
MuraenesoxCinereus,Base,7,Muraenesox cinereus,4,0.0250984817566667,0.0256333098057267,97.9135427570088,1,1.14545961487293,bolditalic('Muraenesox cinereus')
MuraenesoxCinereus,Base,8,Muraenesox cinereus,4,0.0254238239266667,0.0256333098057267,99.1827591495299,1,1.15349804610014,bolditalic('Muraenesox cinereus')
MuraenesoxCinereus,Base,9,Muraenesox cinereus,4,0.02512852464,0.0256333098057267,98.0307452703049,1,1.10886253583431,bolditalic('Muraenesox cinereus')
MuraenesoxCinereus,Base,10,Muraenesox cinereus,4,0.0255010534866667,0.0256333098057267,99.4840450957667,1,1.13604156427085,bolditalic('Muraenesox cinereus')
MuraenesoxCinereus,Base,11,Muraenesox cinereus,4,0.0253550982233333,0.0256333098057267,98.9146482272406,1,1.09476072394848,bolditalic('Muraenesox cinereus')
MuraenesoxCinereus,Base,12,Muraenesox cinereus,4,0.0260031602733333,0.0256333098057267,101.442851002893,1,1.09905426898599,bolditalic('Muraenesox cinereus')
MuraenesoxCinereus,Base,13,Muraenesox cinereus,4,0.02530246856,0.0256333098057267,98.709330756605,1,1.12787006977201,bolditalic('Muraenesox cinereus')
MuraenesoxCinereus,Base,14,Muraenesox cinereus,4,0.0248560232933333,0.0256333098057267,96.9676701203068,1,1.10072510504723,bolditalic('Muraenesox cinereus')
MuraenesoxCinereus,Base,15,Muraenesox cinereus,4,0.02562363665,0.0256333098057267,99.9622633370408,1,1.1004863204509,bolditalic('Muraenesox cinereus')
MuraenesoxCinereus,Base,16,Muraenesox cinereus,4,0.0261998375666667,0.0256333098057267,102.210123332624,1,1.14629436214268,bolditalic('Muraenesox cinereus')
MuraenesoxCinereus,Base,17,Muraenesox cinereus,4,0.02547637334,0.0256333098057267,99.3877635509574,1,1.10810186232626,bolditalic('Muraenesox cinereus')
MuraenesoxCinereus,Base,18,Muraenesox cinereus,4,0.0249570001,0.0256333098057267,97.3615982061919,1,1.14669769631326,bolditalic('Muraenesox cinereus')
MuraenesoxCinereus,Base,19,Muraenesox cinereus,4,0.0253991222826667,0.0256333098057267,99.0863937398843,1,1.11686448335648,bolditalic('Muraenesox cinereus')
MuraenesoxCinereus,Base,20,Muraenesox cinereus,4,0.0248972062533333,0.0256333098057267,97.1283320102934,1,1.15208059221506,bolditalic('Muraenesox cinereus')
MuraenesoxCinereus,Base,21,Muraenesox cinereus,4,0.0274503534,0.0256333098057267,107.088603102934,1,1.12049904863536,bolditalic('Muraenesox cinereus')
MuraenesoxCinereus,Base,22,Muraenesox cinereus,4,0.0256593702033333,0.0256333098057267,100.101666143796,1,1.13679560606182,bolditalic('Muraenesox cinereus')
MuraenesoxCinereus,Base,23,Muraenesox cinereus,4,0.0263611052466667,0.0256333098057267,102.839256601882,1,1.12491417084634,bolditalic('Muraenesox cinereus')
MuraenesoxCinereus,Base,24,Muraenesox cinereus,4,0.0258561950466667,0.0256333098057267,100.86951409174,1,1.14693204349279,bolditalic('Muraenesox cinereus')
MuraenesoxCinereus,Base,25,Muraenesox cinereus,4,0.0251869299666667,0.0256333098057267,98.2585946081756,1,1.12563232147694,bolditalic('Muraenesox cinereus')
MuraenesoxCinereus,Base,26,Muraenesox cinereus,4,0.0255638210666667,0.0256333098057267,99.7289123426252,1,1.13946435618401,bolditalic('Muraenesox cinereus')
MuraenesoxCinereus,Base,27,Muraenesox cinereus,4,0.0254574568966667,0.0256333098057267,99.3139672153431,1,1.10938188816607,bolditalic('Muraenesox cinereus')
MuraenesoxCinereus,Base,28,Muraenesox cinereus,4,0.0252861568233333,0.0256333098057267,98.6456958347384,1,1.15588476102054,bolditalic('Muraenesox cinereus')
MuraenesoxCinereus,Base,29,Muraenesox cinereus,4,0.0264999117433333,0.0256333098057267,103.380764888243,1,1.10705554383993,bolditalic('Muraenesox cinereus')
MuraenesoxCinereus,Base,30,Muraenesox cinereus,4,0.0244840004233333,0.0256333098057267,95.5163441978273,1,1.09381490790844,bolditalic('Muraenesox cinereus')
MuraenesoxCinereus,Base,31,Muraenesox cinereus,4,0.0256459173966667,0.0256333098057267,100.049184405118,1,1.09995711785555,bolditalic('Muraenesox cinereus')
MuraenesoxCinereus,Base,32,Muraenesox cinereus,4,0.02592761052,0.0256333098057267,101.148118274635,1,1.15025623947382,bolditalic('Muraenesox cinereus')
MuraenesoxCinereus,Base,33,Muraenesox cinereus,4,0.0260354172266667,0.0256333098057267,101.568690988357,1,1.13752993056178,bolditalic('Muraenesox cinereus')
MuraenesoxCinereus,Base,34,Muraenesox cinereus,4,0.0257147817433333,0.0256333098057267,100.317836199165,1,1.15231879296899,bolditalic('Muraenesox cinereus')
MuraenesoxCinereus,Base,35,Muraenesox cinereus,4,0.0253462345133333,0.0256333098057267,98.8800693528495,1,1.15044593155384,bolditalic('Muraenesox cinereus')
MuraenesoxCinereus,Base,36,Muraenesox cinereus,4,0.02563166878,0.0256333098057267,99.9935980732137,1,1.14205580478907,bolditalic('Muraenesox cinereus')
MuraenesoxCinereus,Base,37,Muraenesox cinereus,4,0.0253267875933333,0.0256333098057267,98.8042035354916,1,1.15327977271378,bolditalic('Muraenesox cinereus')
MuraenesoxCinereus,Base,38,Muraenesox cinereus,4,0.0257591344133333,0.0256333098057267,100.490863679175,1,1.094106997177,bolditalic('Muraenesox cinereus')
MuraenesoxCinereus,Base,39,Muraenesox cinereus,4,0.02492020301,0.0256333098057267,97.2180463579176,1,1.11567470785975,bolditalic('Muraenesox cinereus')
MuraenesoxCinereus,Base,40,Muraenesox cinereus,4,0.025693466,0.0256333098057267,100.234679776936,1,1.13071574433148,bolditalic('Muraenesox cinereus')
MuraenesoxCinereus,Base,41,Muraenesox cinereus,4,0.02485330422,0.0256333098057267,96.9570625423003,1,1.13506005108356,bolditalic('Muraenesox cinereus')
MuraenesoxCinereus,Base,42,Muraenesox cinereus,4,0.0244526748666667,0.0256333098057267,95.3941377527602,1,1.11591923575103,bolditalic('Muraenesox cinereus')
MuraenesoxCinereus,Base,43,Muraenesox cinereus,4,0.0251502909666667,0.0256333098057267,98.1156594964882,1,1.1129247790277,bolditalic('Muraenesox cinereus')
MuraenesoxCinereus,Base,44,Muraenesox cinereus,4,0.025388657,0.0256333098057267,99.045566851956,1,1.15136423952878,bolditalic('Muraenesox cinereus')
MuraenesoxCinereus,Base,45,Muraenesox cinereus,4,0.0253767815566667,0.0256333098057267,98.9992386819955,1,1.09763727098703,bolditalic('Muraenesox cinereus')
MuraenesoxCinereus,Base,46,Muraenesox cinereus,4,0.0269934113933333,0.0256333098057267,105.305992858179,1,1.1285140067786,bolditalic('Muraenesox cinereus')
MuraenesoxCinereus,Base,47,Muraenesox cinereus,4,0.02655955114,0.0256333098057267,103.613428547828,1,1.14095357091725,bolditalic('Muraenesox cinereus')
MuraenesoxCinereus,Base,48,Muraenesox cinereus,4,0.0255088065713333,0.0256333098057267,99.5142912275591,1,1.15312077119947,bolditalic('Muraenesox cinereus')
MuraenesoxCinereus,Base,49,Muraenesox cinereus,4,0.0254754121266667,0.0256333098057267,99.3840136905586,1,1.12956480532885,bolditalic('Muraenesox cinereus')
MuraenesoxCinereus,Base,50,Muraenesox cinereus,4,0.0242410386,0.0256333098057267,94.5685078662155,1,1.1335518463552,bolditalic('Muraenesox cinereus')
MuraenesoxCinereus,Base,51,Muraenesox cinereus,4,0.025407272438,0.0256333098057267,99.1181889134107,1,1.14234998582304,bolditalic('Muraenesox cinereus')
MuraenesoxCinereus,Base,52,Muraenesox cinereus,4,0.0256862440366667,0.0256333098057267,100.206505641843,1,1.15014733874798,bolditalic('Muraenesox cinereus')
MuraenesoxCinereus,Base,53,Muraenesox cinereus,4,0.0251556258466667,0.0256333098057267,98.1364717912735,1,1.1508561693579,bolditalic('Muraenesox cinereus')
MuraenesoxCinereus,Base,54,Muraenesox cinereus,4,0.0259700432633333,0.0256333098057267,101.313655786782,1,1.14622214029729,bolditalic('Muraenesox cinereus')
MuraenesoxCinereus,Base,55,Muraenesox cinereus,4,0.0255314082866667,0.0256333098057267,99.6024644502319,1,1.13842747092247,bolditalic('Muraenesox cinereus')
MuraenesoxCinereus,Base,56,Muraenesox cinereus,4,0.0251049967266667,0.0256333098057267,97.9389587881393,1,1.110163692981,bolditalic('Muraenesox cinereus')
MuraenesoxCinereus,Base,57,Muraenesox cinereus,4,0.02558332127,0.0256333098057267,99.804986027534,1,1.10352367480099,bolditalic('Muraenesox cinereus')
MuraenesoxCinereus,Base,58,Muraenesox cinereus,4,0.0259084088066667,0.0256333098057267,101.073209051133,1,1.11141507034004,bolditalic('Muraenesox cinereus')
MuraenesoxCinereus,Base,59,Muraenesox cinereus,4,0.0262916675266667,0.0256333098057267,102.568367978734,1,1.13487486107647,bolditalic('Muraenesox cinereus')
MuraenesoxCinereus,Base,60,Muraenesox cinereus,4,0.0253664058766667,0.0256333098057267,98.9587613496547,1,1.117491074875,bolditalic('Muraenesox cinereus')
MuraenesoxCinereus,Base,61,Muraenesox cinereus,4,0.0265878244933333,0.0256333098057267,103.723727816817,1,1.11823159477115,bolditalic('Muraenesox cinereus')
MuraenesoxCinereus,Base,62,Muraenesox cinereus,4,0.025810002322,0.0256333098057267,100.689308238431,1,1.11407214672863,bolditalic('Muraenesox cinereus')
MuraenesoxCinereus,Base,63,Muraenesox cinereus,4,0.0261944964333333,0.0256333098057267,102.189286642497,1,1.14514352381229,bolditalic('Muraenesox cinereus')
MuraenesoxCinereus,Base,64,Muraenesox cinereus,4,0.02580850848,0.0256333098057267,100.683480500962,1,1.09712803772092,bolditalic('Muraenesox cinereus')
MuraenesoxCinereus,Base,65,Muraenesox cinereus,4,0.0256916128333333,0.0256333098057267,100.227450251444,1,1.1177632291913,bolditalic('Muraenesox cinereus')
MuraenesoxCinereus,Base,66,Muraenesox cinereus,4,0.0254520445866667,0.0256333098057267,99.2928528526602,1,1.10422944882512,bolditalic('Muraenesox cinereus')
MuraenesoxCinereus,Base,67,Muraenesox cinereus,4,0.02505356737,0.0256333098057267,97.7383239225816,1,1.15558031375706,bolditalic('Muraenesox cinereus')
MuraenesoxCinereus,Base,68,Muraenesox cinereus,4,0.0256449849333333,0.0256333098057267,100.045546703469,1,1.14509279051423,bolditalic('Muraenesox cinereus')
MuraenesoxCinereus,Base,69,Muraenesox cinereus,4,0.0256207842333333,0.0256333098057267,99.9511355634981,1,1.13248381216824,bolditalic('Muraenesox cinereus')
MuraenesoxCinereus,Base,70,Muraenesox cinereus,4,0.0254134248533333,0.0256333098057267,99.1421905557267,1,1.09890254309773,bolditalic('Muraenesox cinereus')
MuraenesoxCinereus,Base,71,Muraenesox cinereus,4,0.0252564712066667,0.0256333098057267,98.5298870808491,1,1.13646179279685,bolditalic('Muraenesox cinereus')
MuraenesoxCinereus,Base,72,Muraenesox cinereus,4,0.0254853660886667,0.0256333098057267,99.4228458276312,1,1.09915079730749,bolditalic('Muraenesox cinereus')
MuraenesoxCinereus,Base,73,Muraenesox cinereus,4,0.02522084498,0.0256333098057267,98.3909029740883,1,1.13069432538748,bolditalic('Muraenesox cinereus')
MuraenesoxCinereus,Base,74,Muraenesox cinereus,4,0.02547093288,0.0256333098057267,99.3665393702284,1,1.11142687731981,bolditalic('Muraenesox cinereus')
MuraenesoxCinereus,Base,75,Muraenesox cinereus,4,0.0268649469466667,0.0256333098057267,104.804830707679,1,1.13104609270394,bolditalic('Muraenesox cinereus')
MuraenesoxCinereus,Base,76,Muraenesox cinereus,4,0.02605849046,0.0256333098057267,101.658703684759,1,1.13376502205431,bolditalic('Muraenesox cinereus')
MuraenesoxCinereus,Base,77,Muraenesox cinereus,4,0.0269040885733333,0.0256333098057267,104.957529001279,1,1.11252125672996,bolditalic('Muraenesox cinereus')
MuraenesoxCinereus,Base,78,Muraenesox cinereus,4,0.0273946623,0.0256333098057267,106.87134243538,1,1.14254439476132,bolditalic('Muraenesox cinereus')
MuraenesoxCinereus,Base,79,Muraenesox cinereus,4,0.0257391849833333,0.0256333098057267,100.413037482904,1,1.1396174608618,bolditalic('Muraenesox cinereus')
MuraenesoxCinereus,Base,80,Muraenesox cinereus,4,0.0248191738,0.0256333098057267,96.8239138375147,1,1.12547291025519,bolditalic('Muraenesox cinereus')
MuraenesoxCinereus,Base,81,Muraenesox cinereus,4,0.0250584628033333,0.0256333098057267,97.7574218594864,1,1.15384950584173,bolditalic('Muraenesox cinereus')
MuraenesoxCinereus,Base,82,Muraenesox cinereus,4,0.02583823736,0.0256333098057267,100.79945803264,1,1.12523102204502,bolditalic('Muraenesox cinereus')
MuraenesoxCinereus,Base,83,Muraenesox cinereus,4,0.0254750091666667,0.0256333098057267,99.3824416735111,1,1.11850758305192,bolditalic('Muraenesox cinereus')
MuraenesoxCinereus,Base,84,Muraenesox cinereus,4,0.02581452985,0.0256333098057267,100.70697091264,1,1.10065615434945,bolditalic('Muraenesox cinereus')
MuraenesoxCinereus,Base,85,Muraenesox cinereus,4,0.0258891785866667,0.0256333098057267,100.998188618166,1,1.1141177803874,bolditalic('Muraenesox cinereus')
MuraenesoxCinereus,Base,86,Muraenesox cinereus,4,0.0261446005466667,0.0256333098057267,101.994634110129,1,1.12683384814858,bolditalic('Muraenesox cinereus')
MuraenesoxCinereus,Base,87,Muraenesox cinereus,4,0.02498265456,0.0256333098057267,97.4616807167785,1,1.1253901207,bolditalic('Muraenesox cinereus')
MuraenesoxCinereus,Base,88,Muraenesox cinereus,4,0.0251927369733333,0.0256333098057267,98.2812487512052,1,1.10034987519681,bolditalic('Muraenesox cinereus')
MuraenesoxCinereus,Base,89,Muraenesox cinereus,4,0.0252506035966667,0.0256333098057267,98.5069965136751,1,1.10697214919329,bolditalic('Muraenesox cinereus')
MuraenesoxCinereus,Base,90,Muraenesox cinereus,4,0.02453846004,0.0256333098057267,95.7288006347036,1,1.11743306110799,bolditalic('Muraenesox cinereus')
MuraenesoxCinereus,Base,91,Muraenesox cinereus,4,0.0252826045266667,0.0256333098057267,98.6318377075846,1,1.1049308167696,bolditalic('Muraenesox cinereus')
MuraenesoxCinereus,Base,92,Muraenesox cinereus,4,0.0257466925,0.0256333098057267,100.442325611217,1,1.1262122528851,bolditalic('Muraenesox cinereus')
MuraenesoxCinereus,Base,93,Muraenesox cinereus,4,0.0273676817533333,0.0256333098057267,106.766086630058,1,1.10839021734893,bolditalic('Muraenesox cinereus')
MuraenesoxCinereus,Base,94,Muraenesox cinereus,4,0.0250719379133333,0.0256333098057267,97.8099906073466,1,1.10380018928647,bolditalic('Muraenesox cinereus')
MuraenesoxCinereus,Base,95,Muraenesox cinereus,4,0.0256922262166667,0.0256333098057267,100.229843166515,1,1.107425986588,bolditalic('Muraenesox cinereus')
MuraenesoxCinereus,Base,96,Muraenesox cinereus,4,0.0255289728933333,0.0256333098057267,99.5929635572459,1,1.13111326609552,bolditalic('Muraenesox cinereus')
MuraenesoxCinereus,Base,97,Muraenesox cinereus,4,0.0256737307466667,0.0256333098057267,100.157689121094,1,1.15237548150122,bolditalic('Muraenesox cinereus')
MuraenesoxCinereus,Base,98,Muraenesox cinereus,4,0.02636262572,0.0256333098057267,102.845188232814,1,1.11523843757808,bolditalic('Muraenesox cinereus')
MuraenesoxCinereus,Base,99,Muraenesox cinereus,4,0.0266003697733333,0.0256333098057267,103.77266913612,1,1.15653931522369,bolditalic('Muraenesox cinereus')
MuraenesoxCinereus,Base,100,Muraenesox cinereus,4,0.0256262559866667,0.0256333098057267,99.9724818249636,1,1.11237306793034,bolditalic('Muraenesox cinereus')
MuraenesoxCinereus,SSP1-2.6,1,Muraenesox cinereus,4,0.0361582301530864,0.0256333098057267,141.059544893451,2,2.11372909496725,bolditalic('Muraenesox cinereus')
MuraenesoxCinereus,SSP1-2.6,2,Muraenesox cinereus,4,0.0368684799925926,0.0256333098057267,143.830353052402,2,2.13736484995484,bolditalic('Muraenesox cinereus')
MuraenesoxCinereus,SSP1-2.6,3,Muraenesox cinereus,4,0.0347739711925926,0.0256333098057267,135.659309921904,2,2.14714022049308,bolditalic('Muraenesox cinereus')
MuraenesoxCinereus,SSP1-2.6,4,Muraenesox cinereus,4,0.0360858444987654,0.0256333098057267,140.777155865777,2,2.09564766542614,bolditalic('Muraenesox cinereus')
MuraenesoxCinereus,SSP1-2.6,5,Muraenesox cinereus,4,0.0364160716024691,0.0256333098057267,142.065429234322,2,2.11343931563199,bolditalic('Muraenesox cinereus')
MuraenesoxCinereus,SSP1-2.6,6,Muraenesox cinereus,4,0.0368476934592593,0.0256333098057267,143.749261170429,2,2.10856938664615,bolditalic('Muraenesox cinereus')
MuraenesoxCinereus,SSP1-2.6,7,Muraenesox cinereus,4,0.0357503057777778,0.0256333098057267,139.468160954349,2,2.11847673378885,bolditalic('Muraenesox cinereus')
MuraenesoxCinereus,SSP1-2.6,8,Muraenesox cinereus,4,0.0364305525061728,0.0256333098057267,142.12192175836,2,2.15197908824682,bolditalic('Muraenesox cinereus')
MuraenesoxCinereus,SSP1-2.6,9,Muraenesox cinereus,4,0.0359768706296296,0.0256333098057267,140.352029848257,2,2.14055503863096,bolditalic('Muraenesox cinereus')
MuraenesoxCinereus,SSP1-2.6,10,Muraenesox cinereus,4,0.0364369009407407,0.0256333098057267,142.146688105804,2,2.11169334354997,bolditalic('Muraenesox cinereus')
MuraenesoxCinereus,SSP1-2.6,11,Muraenesox cinereus,4,0.0353590638197531,0.0256333098057267,137.941858026674,2,2.09450285616517,bolditalic('Muraenesox cinereus')
MuraenesoxCinereus,SSP1-2.6,12,Muraenesox cinereus,4,0.0350128181592593,0.0256333098057267,136.591093481955,2,2.10703648202121,bolditalic('Muraenesox cinereus')
MuraenesoxCinereus,SSP1-2.6,13,Muraenesox cinereus,4,0.0363753965481482,0.0256333098057267,141.90674877273,2,2.13659466081858,bolditalic('Muraenesox cinereus')
MuraenesoxCinereus,SSP1-2.6,14,Muraenesox cinereus,4,0.0348561382320988,0.0256333098057267,135.979857834479,2,2.15206501710415,bolditalic('Muraenesox cinereus')
MuraenesoxCinereus,SSP1-2.6,15,Muraenesox cinereus,4,0.0355635708864198,0.0256333098057267,138.739675664025,2,2.10420430977643,bolditalic('Muraenesox cinereus')
MuraenesoxCinereus,SSP1-2.6,16,Muraenesox cinereus,4,0.0360361867925926,0.0256333098057267,140.583432516943,2,2.11981384852529,bolditalic('Muraenesox cinereus')
MuraenesoxCinereus,SSP1-2.6,17,Muraenesox cinereus,4,0.0352667455703704,0.0256333098057267,137.581708478753,2,2.13666945597529,bolditalic('Muraenesox cinereus')
MuraenesoxCinereus,SSP1-2.6,18,Muraenesox cinereus,4,0.0361426040814815,0.0256333098057267,140.998584870249,2,2.09537511652708,bolditalic('Muraenesox cinereus')
MuraenesoxCinereus,SSP1-2.6,19,Muraenesox cinereus,4,0.0355928260518519,0.0256333098057267,138.853805152779,2,2.10715723714232,bolditalic('Muraenesox cinereus')
MuraenesoxCinereus,SSP1-2.6,20,Muraenesox cinereus,4,0.0366288590469136,0.0256333098057267,142.895550065604,2,2.14184088468552,bolditalic('Muraenesox cinereus')
MuraenesoxCinereus,SSP1-2.6,21,Muraenesox cinereus,4,0.0358041375382716,0.0256333098057267,139.678168015091,2,2.11711428467929,bolditalic('Muraenesox cinereus')
MuraenesoxCinereus,SSP1-2.6,22,Muraenesox cinereus,4,0.0358653112666667,0.0256333098057267,139.916817369617,2,2.14820327690244,bolditalic('Muraenesox cinereus')
MuraenesoxCinereus,SSP1-2.6,23,Muraenesox cinereus,4,0.0357376568592593,0.0256333098057267,139.418815323159,2,2.12465372428298,bolditalic('Muraenesox cinereus')
MuraenesoxCinereus,SSP1-2.6,24,Muraenesox cinereus,4,0.0357089723827161,0.0256333098057267,139.306912191021,2,2.12829404495657,bolditalic('Muraenesox cinereus')
MuraenesoxCinereus,SSP1-2.6,25,Muraenesox cinereus,4,0.0362288159703704,0.0256333098057267,141.334912443795,2,2.10942016753554,bolditalic('Muraenesox cinereus')
MuraenesoxCinereus,SSP1-2.6,26,Muraenesox cinereus,4,0.0353679228728395,0.0256333098057267,137.976418733636,2,2.12891840979457,bolditalic('Muraenesox cinereus')
MuraenesoxCinereus,SSP1-2.6,27,Muraenesox cinereus,4,0.0361356430493827,0.0256333098057267,140.971428673287,2,2.12841527181864,bolditalic('Muraenesox cinereus')
MuraenesoxCinereus,SSP1-2.6,28,Muraenesox cinereus,4,0.0365716753222222,0.0256333098057267,142.672466409515,2,2.15315962255001,bolditalic('Muraenesox cinereus')
MuraenesoxCinereus,SSP1-2.6,29,Muraenesox cinereus,4,0.0356272285135802,0.0256333098057267,138.988015139663,2,2.11807965500653,bolditalic('Muraenesox cinereus')
MuraenesoxCinereus,SSP1-2.6,30,Muraenesox cinereus,4,0.0358156754888889,0.0256333098057267,139.723179567265,2,2.11073171488941,bolditalic('Muraenesox cinereus')
MuraenesoxCinereus,SSP1-2.6,31,Muraenesox cinereus,4,0.0367260443234568,0.0256333098057267,143.27468673301,2,2.14711041666567,bolditalic('Muraenesox cinereus')
MuraenesoxCinereus,SSP1-2.6,32,Muraenesox cinereus,4,0.0365285046,0.0256333098057267,142.504049913364,2,2.15452349196374,bolditalic('Muraenesox cinereus')
MuraenesoxCinereus,SSP1-2.6,33,Muraenesox cinereus,4,0.0368102099209877,0.0256333098057267,143.603031368052,2,2.09363457524776,bolditalic('Muraenesox cinereus')
MuraenesoxCinereus,SSP1-2.6,34,Muraenesox cinereus,4,0.0367420248962963,0.0256333098057267,143.337029727187,2,2.11936587533355,bolditalic('Muraenesox cinereus')
MuraenesoxCinereus,SSP1-2.6,35,Muraenesox cinereus,4,0.0368625848666667,0.0256333098057267,143.807355140815,2,2.12298138739169,bolditalic('Muraenesox cinereus')
MuraenesoxCinereus,SSP1-2.6,36,Muraenesox cinereus,4,0.0367375209407407,0.0256333098057267,143.319459013183,2,2.13070679202676,bolditalic('Muraenesox cinereus')
MuraenesoxCinereus,SSP1-2.6,37,Muraenesox cinereus,4,0.0355434137382716,0.0256333098057267,138.661039123129,2,2.15407050409913,bolditalic('Muraenesox cinereus')
MuraenesoxCinereus,SSP1-2.6,38,Muraenesox cinereus,4,0.0366928844518519,0.0256333098057267,143.145324306323,2,2.1000594933182,bolditalic('Muraenesox cinereus')
MuraenesoxCinereus,SSP1-2.6,39,Muraenesox cinereus,4,0.0367247437703704,0.0256333098057267,143.269613049212,2,2.09363380043209,bolditalic('Muraenesox cinereus')
MuraenesoxCinereus,SSP1-2.6,40,Muraenesox cinereus,4,0.035800066982716,0.0256333098057267,139.662288069869,2,2.10547584824264,bolditalic('Muraenesox cinereus')
MuraenesoxCinereus,SSP1-2.6,41,Muraenesox cinereus,4,0.0355921568469136,0.0256333098057267,138.851194467919,2,2.11366227388382,bolditalic('Muraenesox cinereus')
MuraenesoxCinereus,SSP1-2.6,42,Muraenesox cinereus,4,0.0367059355037037,0.0256333098057267,143.19623872959,2,2.12214130580425,bolditalic('Muraenesox cinereus')
MuraenesoxCinereus,SSP1-2.6,43,Muraenesox cinereus,4,0.0371966221358025,0.0256333098057267,145.110492627419,2,2.12800590837002,bolditalic('Muraenesox cinereus')
MuraenesoxCinereus,SSP1-2.6,44,Muraenesox cinereus,4,0.0356754139382716,0.0256333098057267,139.175994862362,2,2.12074095441401,bolditalic('Muraenesox cinereus')
MuraenesoxCinereus,SSP1-2.6,45,Muraenesox cinereus,4,0.0347390953950617,0.0256333098057267,135.523253369726,2,2.13424934376776,bolditalic('Muraenesox cinereus')
MuraenesoxCinereus,SSP1-2.6,46,Muraenesox cinereus,4,0.037078080154321,0.0256333098057267,144.648039739439,2,2.12971073572338,bolditalic('Muraenesox cinereus')
MuraenesoxCinereus,SSP1-2.6,47,Muraenesox cinereus,4,0.0355577207185185,0.0256333098057267,138.716853141511,2,2.1424837436527,bolditalic('Muraenesox cinereus')
MuraenesoxCinereus,SSP1-2.6,48,Muraenesox cinereus,4,0.0354541644641975,0.0256333098057267,138.312862181679,2,2.11115027560294,bolditalic('Muraenesox cinereus')
MuraenesoxCinereus,SSP1-2.6,49,Muraenesox cinereus,4,0.0363942094098766,0.0256333098057267,141.980141018488,2,2.11446829198301,bolditalic('Muraenesox cinereus')
MuraenesoxCinereus,SSP1-2.6,50,Muraenesox cinereus,4,0.0357421804765432,0.0256333098057267,139.436462740985,2,2.1063726131022,bolditalic('Muraenesox cinereus')
MuraenesoxCinereus,SSP1-2.6,51,Muraenesox cinereus,4,0.0359182763209877,0.0256333098057267,140.123443258831,2,2.15066148598492,bolditalic('Muraenesox cinereus')
MuraenesoxCinereus,SSP1-2.6,52,Muraenesox cinereus,4,0.0364992263333333,0.0256333098057267,142.389830302676,2,2.13555781398714,bolditalic('Muraenesox cinereus')
MuraenesoxCinereus,SSP1-2.6,53,Muraenesox cinereus,4,0.0360898832567901,0.0256333098057267,140.7929117633,2,2.13766131983697,bolditalic('Muraenesox cinereus')
MuraenesoxCinereus,SSP1-2.6,54,Muraenesox cinereus,4,0.0357028114444445,0.0256333098057267,139.282877299241,2,2.11592263767123,bolditalic('Muraenesox cinereus')
MuraenesoxCinereus,SSP1-2.6,55,Muraenesox cinereus,4,0.0351418339740741,0.0256333098057267,137.094406615501,2,2.09857079008222,bolditalic('Muraenesox cinereus')
MuraenesoxCinereus,SSP1-2.6,56,Muraenesox cinereus,4,0.0367985174419753,0.0256333098057267,143.557416973731,2,2.14337833221257,bolditalic('Muraenesox cinereus')
MuraenesoxCinereus,SSP1-2.6,57,Muraenesox cinereus,4,0.0354578296333333,0.0256333098057267,138.327160643967,2,2.10198953327537,bolditalic('Muraenesox cinereus')
MuraenesoxCinereus,SSP1-2.6,58,Muraenesox cinereus,4,0.0351327661728395,0.0256333098057267,137.059031545706,2,2.12474628344178,bolditalic('Muraenesox cinereus')
MuraenesoxCinereus,SSP1-2.6,59,Muraenesox cinereus,4,0.0364152557987654,0.0256333098057267,142.06224664218,2,2.14552300871909,bolditalic('Muraenesox cinereus')
MuraenesoxCinereus,SSP1-2.6,60,Muraenesox cinereus,4,0.0356719489160494,0.0256333098057267,139.162477207996,2,2.13422829708457,bolditalic('Muraenesox cinereus')
MuraenesoxCinereus,SSP1-2.6,61,Muraenesox cinereus,4,0.0350356872716049,0.0256333098057267,136.680309866881,2,2.14582847297192,bolditalic('Muraenesox cinereus')
MuraenesoxCinereus,SSP1-2.6,62,Muraenesox cinereus,4,0.0354179084592593,0.0256333098057267,138.171421200343,2,2.09988584801555,bolditalic('Muraenesox cinereus')
MuraenesoxCinereus,SSP1-2.6,63,Muraenesox cinereus,4,0.0366431827012346,0.0256333098057267,142.95142913245,2,2.14075635436177,bolditalic('Muraenesox cinereus')
MuraenesoxCinereus,SSP1-2.6,64,Muraenesox cinereus,4,0.0356746548345679,0.0256333098057267,139.173033466782,2,2.12364681623876,bolditalic('Muraenesox cinereus')
MuraenesoxCinereus,SSP1-2.6,65,Muraenesox cinereus,4,0.0347921993777778,0.0256333098057267,135.730421242773,2,2.14674369342625,bolditalic('Muraenesox cinereus')
MuraenesoxCinereus,SSP1-2.6,66,Muraenesox cinereus,4,0.0362542706246914,0.0256333098057267,141.434215477675,2,2.13258019737899,bolditalic('Muraenesox cinereus')
MuraenesoxCinereus,SSP1-2.6,67,Muraenesox cinereus,4,0.0359377483506173,0.0256333098057267,140.199407033221,2,2.14073905044794,bolditalic('Muraenesox cinereus')
MuraenesoxCinereus,SSP1-2.6,68,Muraenesox cinereus,4,0.0364351009530864,0.0256333098057267,142.139666040889,2,2.12813221076131,bolditalic('Muraenesox cinereus')
MuraenesoxCinereus,SSP1-2.6,69,Muraenesox cinereus,4,0.0366680318296296,0.0256333098057267,143.048369904372,2,2.0935477566123,bolditalic('Muraenesox cinereus')
MuraenesoxCinereus,SSP1-2.6,70,Muraenesox cinereus,4,0.0369405225333333,0.0256333098057267,144.11140353432,2,2.15463942722976,bolditalic('Muraenesox cinereus')
MuraenesoxCinereus,SSP1-2.6,71,Muraenesox cinereus,4,0.0363442292987654,0.0256333098057267,141.785159911912,2,2.12571905249357,bolditalic('Muraenesox cinereus')
MuraenesoxCinereus,SSP1-2.6,72,Muraenesox cinereus,4,0.0362055822345679,0.0256333098057267,141.244273599343,2,2.11069720117748,bolditalic('Muraenesox cinereus')
MuraenesoxCinereus,SSP1-2.6,73,Muraenesox cinereus,4,0.0353332126987654,0.0256333098057267,137.841008307369,2,2.10085621030629,bolditalic('Muraenesox cinereus')
MuraenesoxCinereus,SSP1-2.6,74,Muraenesox cinereus,4,0.0359368249259259,0.0256333098057267,140.195804592887,2,2.09713788408041,bolditalic('Muraenesox cinereus')
MuraenesoxCinereus,SSP1-2.6,75,Muraenesox cinereus,4,0.0363860884185185,0.0256333098057267,141.948459618701,2,2.09338446499407,bolditalic('Muraenesox cinereus')
MuraenesoxCinereus,SSP1-2.6,76,Muraenesox cinereus,4,0.0369196521604938,0.0256333098057267,144.029984579852,2,2.11818480291963,bolditalic('Muraenesox cinereus')
MuraenesoxCinereus,SSP1-2.6,77,Muraenesox cinereus,4,0.0362613436148148,0.0256333098057267,141.461808442364,2,2.12872970318794,bolditalic('Muraenesox cinereus')
MuraenesoxCinereus,SSP1-2.6,78,Muraenesox cinereus,4,0.0350969111234568,0.0256333098057267,136.919154761731,2,2.12669574549794,bolditalic('Muraenesox cinereus')
MuraenesoxCinereus,SSP1-2.6,79,Muraenesox cinereus,4,0.0360007520592593,0.0256333098057267,140.445195458982,2,2.1529305100292,bolditalic('Muraenesox cinereus')
MuraenesoxCinereus,SSP1-2.6,80,Muraenesox cinereus,4,0.0356440991604938,0.0256333098057267,139.053830467615,2,2.10065792347491,bolditalic('Muraenesox cinereus')
MuraenesoxCinereus,SSP1-2.6,81,Muraenesox cinereus,4,0.0368233341790123,0.0256333098057267,143.654231381332,2,2.11337590263784,bolditalic('Muraenesox cinereus')
MuraenesoxCinereus,SSP1-2.6,82,Muraenesox cinereus,4,0.0365647956345679,0.0256333098057267,142.645627551379,2,2.11005443358421,bolditalic('Muraenesox cinereus')
MuraenesoxCinereus,SSP1-2.6,83,Muraenesox cinereus,4,0.0366322781555556,0.0256333098057267,142.908888603108,2,2.13117308489978,bolditalic('Muraenesox cinereus')
MuraenesoxCinereus,SSP1-2.6,84,Muraenesox cinereus,4,0.0363943163654321,0.0256333098057267,141.980558270713,2,2.12505690483749,bolditalic('Muraenesox cinereus')
MuraenesoxCinereus,SSP1-2.6,85,Muraenesox cinereus,4,0.0356590598061728,0.0256333098057267,139.112194548541,2,2.09850456637144,bolditalic('Muraenesox cinereus')
MuraenesoxCinereus,SSP1-2.6,86,Muraenesox cinereus,4,0.0352328730567901,0.0256333098057267,137.449565911769,2,2.14106704576314,bolditalic('Muraenesox cinereus')
MuraenesoxCinereus,SSP1-2.6,87,Muraenesox cinereus,4,0.0361992806148148,0.0256333098057267,141.219689884634,2,2.11433412078023,bolditalic('Muraenesox cinereus')
MuraenesoxCinereus,SSP1-2.6,88,Muraenesox cinereus,4,0.0360232955469136,0.0256333098057267,140.533141525351,2,2.13592314344645,bolditalic('Muraenesox cinereus')
MuraenesoxCinereus,SSP1-2.6,89,Muraenesox cinereus,4,0.0359991616296296,0.0256333098057267,140.438990916371,2,2.1544412702173,bolditalic('Muraenesox cinereus')
MuraenesoxCinereus,SSP1-2.6,90,Muraenesox cinereus,4,0.0356261575209877,0.0256333098057267,138.98383701128,2,2.15381463125348,bolditalic('Muraenesox cinereus')
MuraenesoxCinereus,SSP1-2.6,91,Muraenesox cinereus,4,0.0362395735234568,0.0256333098057267,141.376879529465,2,2.15629166980088,bolditalic('Muraenesox cinereus')
MuraenesoxCinereus,SSP1-2.6,92,Muraenesox cinereus,4,0.0358086805975309,0.0256333098057267,139.695891279444,2,2.11405056104064,bolditalic('Muraenesox cinereus')
MuraenesoxCinereus,SSP1-2.6,93,Muraenesox cinereus,4,0.036412626545679,0.0256333098057267,142.051989468579,2,2.12865203613043,bolditalic('Muraenesox cinereus')
MuraenesoxCinereus,SSP1-2.6,94,Muraenesox cinereus,4,0.0355640688049383,0.0256333098057267,138.741618130769,2,2.09437023203075,bolditalic('Muraenesox cinereus')
MuraenesoxCinereus,SSP1-2.6,95,Muraenesox cinereus,4,0.0360518329987654,0.0256333098057267,140.644471088596,2,2.11223510980606,bolditalic('Muraenesox cinereus')
MuraenesoxCinereus,SSP1-2.6,96,Muraenesox cinereus,4,0.0360706922296296,0.0256333098057267,140.718044228417,2,2.1229910337925,bolditalic('Muraenesox cinereus')
MuraenesoxCinereus,SSP1-2.6,97,Muraenesox cinereus,4,0.0361537661469136,0.0256333098057267,141.042130028938,2,2.12683479809761,bolditalic('Muraenesox cinereus')
MuraenesoxCinereus,SSP1-2.6,98,Muraenesox cinereus,4,0.0348050837481481,0.0256333098057267,135.780685412589,2,2.12675973582268,bolditalic('Muraenesox cinereus')
MuraenesoxCinereus,SSP1-2.6,99,Muraenesox cinereus,4,0.0366623741481482,0.0256333098057267,143.026298304863,2,2.11595279708505,bolditalic('Muraenesox cinereus')
MuraenesoxCinereus,SSP1-2.6,100,Muraenesox cinereus,4,0.0363156087037037,0.0256333098057267,141.673505992545,2,2.09629824689031,bolditalic('Muraenesox cinereus')
MuraenesoxCinereus,SSP5-8.5,1,Muraenesox cinereus,4,0.0452122850617284,0.0256333098057267,176.380987880183,3,3.09512543918192,bolditalic('Muraenesox cinereus')
MuraenesoxCinereus,SSP5-8.5,2,Muraenesox cinereus,4,0.0457723156740741,0.0256333098057267,178.565764706079,3,3.15647877550125,bolditalic('Muraenesox cinereus')
MuraenesoxCinereus,SSP5-8.5,3,Muraenesox cinereus,4,0.0452963757111111,0.0256333098057267,176.709040129463,3,3.1201551181227,bolditalic('Muraenesox cinereus')
MuraenesoxCinereus,SSP5-8.5,4,Muraenesox cinereus,4,0.043366472545679,0.0256333098057267,169.18015220957,3,3.1341664789319,bolditalic('Muraenesox cinereus')
MuraenesoxCinereus,SSP5-8.5,5,Muraenesox cinereus,4,0.0442095930049383,0.0256333098057267,172.469311766604,3,3.15105352450907,bolditalic('Muraenesox cinereus')
MuraenesoxCinereus,SSP5-8.5,6,Muraenesox cinereus,4,0.0450076847283951,0.0256333098057267,175.582806393344,3,3.13259338825941,bolditalic('Muraenesox cinereus')
MuraenesoxCinereus,SSP5-8.5,7,Muraenesox cinereus,4,0.0447281866,0.0256333098057267,174.49243558086,3,3.11213179019094,bolditalic('Muraenesox cinereus')
MuraenesoxCinereus,SSP5-8.5,8,Muraenesox cinereus,4,0.0446096871209877,0.0256333098057267,174.030148502405,3,3.13242054691911,bolditalic('Muraenesox cinereus')
MuraenesoxCinereus,SSP5-8.5,9,Muraenesox cinereus,4,0.0441843738790123,0.0256333098057267,172.370927569959,3,3.15630459041893,bolditalic('Muraenesox cinereus')
MuraenesoxCinereus,SSP5-8.5,10,Muraenesox cinereus,4,0.0440934838839506,0.0256333098057267,172.016349890562,3,3.15341532725096,bolditalic('Muraenesox cinereus')
MuraenesoxCinereus,SSP5-8.5,11,Muraenesox cinereus,4,0.0448915068148148,0.0256333098057267,175.129576145433,3,3.13693979731202,bolditalic('Muraenesox cinereus')
MuraenesoxCinereus,SSP5-8.5,12,Muraenesox cinereus,4,0.0457461424790124,0.0256333098057267,178.463658519792,3,3.15508025331795,bolditalic('Muraenesox cinereus')
MuraenesoxCinereus,SSP5-8.5,13,Muraenesox cinereus,4,0.044546402745679,0.0256333098057267,173.78326514716,3,3.12183839254081,bolditalic('Muraenesox cinereus')
MuraenesoxCinereus,SSP5-8.5,14,Muraenesox cinereus,4,0.0447776453654321,0.0256333098057267,174.685382827263,3,3.11032511353493,bolditalic('Muraenesox cinereus')
MuraenesoxCinereus,SSP5-8.5,15,Muraenesox cinereus,4,0.0456865847382716,0.0256333098057267,178.231313414177,3,3.10840225441754,bolditalic('Muraenesox cinereus')
MuraenesoxCinereus,SSP5-8.5,16,Muraenesox cinereus,4,0.0460014767555556,0.0256333098057267,179.459761943339,3,3.136620323807,bolditalic('Muraenesox cinereus')
MuraenesoxCinereus,SSP5-8.5,17,Muraenesox cinereus,4,0.0452010036074074,0.0256333098057267,176.336976964673,3,3.12710022288561,bolditalic('Muraenesox cinereus')
MuraenesoxCinereus,SSP5-8.5,18,Muraenesox cinereus,4,0.045411857754321,0.0256333098057267,177.159555666025,3,3.12321753543615,bolditalic('Muraenesox cinereus')
MuraenesoxCinereus,SSP5-8.5,19,Muraenesox cinereus,4,0.0453066931135802,0.0256333098057267,176.749290111019,3,3.11297321538627,bolditalic('Muraenesox cinereus')
MuraenesoxCinereus,SSP5-8.5,20,Muraenesox cinereus,4,0.0447161219012346,0.0256333098057267,174.445369092542,3,3.13210103392601,bolditalic('Muraenesox cinereus')
MuraenesoxCinereus,SSP5-8.5,21,Muraenesox cinereus,4,0.0444085493777778,0.0256333098057267,173.245475181892,3,3.1271514865011,bolditalic('Muraenesox cinereus')
MuraenesoxCinereus,SSP5-8.5,22,Muraenesox cinereus,4,0.0457043216296296,0.0256333098057267,178.300508112374,3,3.12899280185998,bolditalic('Muraenesox cinereus')
MuraenesoxCinereus,SSP5-8.5,23,Muraenesox cinereus,4,0.0449238149481482,0.0256333098057267,175.255615792978,3,3.11096800941229,bolditalic('Muraenesox cinereus')
MuraenesoxCinereus,SSP5-8.5,24,Muraenesox cinereus,4,0.0462638031777778,0.0256333098057267,180.483142943336,3,3.15203810167313,bolditalic('Muraenesox cinereus')
MuraenesoxCinereus,SSP5-8.5,25,Muraenesox cinereus,4,0.0440127464345679,0.0256333098057267,171.70137905771,3,3.1454695957154,bolditalic('Muraenesox cinereus')
MuraenesoxCinereus,SSP5-8.5,26,Muraenesox cinereus,4,0.0447146137802469,0.0256333098057267,174.439485650259,3,3.12268852366507,bolditalic('Muraenesox cinereus')
MuraenesoxCinereus,SSP5-8.5,27,Muraenesox cinereus,4,0.0467226765382716,0.0256333098057267,182.273287735294,3,3.10470070917904,bolditalic('Muraenesox cinereus')
MuraenesoxCinereus,SSP5-8.5,28,Muraenesox cinereus,4,0.0444099581925926,0.0256333098057267,173.250971213523,3,3.13986844518781,bolditalic('Muraenesox cinereus')
MuraenesoxCinereus,SSP5-8.5,29,Muraenesox cinereus,4,0.0452688937407407,0.0256333098057267,176.601828183059,3,3.15318343178928,bolditalic('Muraenesox cinereus')
MuraenesoxCinereus,SSP5-8.5,30,Muraenesox cinereus,4,0.045251284417284,0.0256333098057267,176.533131149433,3,3.13389032368362,bolditalic('Muraenesox cinereus')
MuraenesoxCinereus,SSP5-8.5,31,Muraenesox cinereus,4,0.0448947920790124,0.0256333098057267,175.14239253248,3,3.12748714050651,bolditalic('Muraenesox cinereus')
MuraenesoxCinereus,SSP5-8.5,32,Muraenesox cinereus,4,0.0468970419432099,0.0256333098057267,182.953517507648,3,3.14330933120847,bolditalic('Muraenesox cinereus')
MuraenesoxCinereus,SSP5-8.5,33,Muraenesox cinereus,4,0.0449613720654321,0.0256333098057267,175.40213263988,3,3.1501540081948,bolditalic('Muraenesox cinereus')
MuraenesoxCinereus,SSP5-8.5,34,Muraenesox cinereus,4,0.0447296121925926,0.0256333098057267,174.49799706552,3,3.13298276546598,bolditalic('Muraenesox cinereus')
MuraenesoxCinereus,SSP5-8.5,35,Muraenesox cinereus,4,0.0455101333209877,0.0256333098057267,177.542945744839,3,3.14019294881821,bolditalic('Muraenesox cinereus')
MuraenesoxCinereus,SSP5-8.5,36,Muraenesox cinereus,4,0.0449020184617284,0.0256333098057267,175.170583908353,3,3.10894563736022,bolditalic('Muraenesox cinereus')
MuraenesoxCinereus,SSP5-8.5,37,Muraenesox cinereus,4,0.0450928974641975,0.0256333098057267,175.915236096914,3,3.1157460065335,bolditalic('Muraenesox cinereus')
MuraenesoxCinereus,SSP5-8.5,38,Muraenesox cinereus,4,0.0449479542839506,0.0256333098057267,175.349787540542,3,3.14252802397311,bolditalic('Muraenesox cinereus')
MuraenesoxCinereus,SSP5-8.5,39,Muraenesox cinereus,4,0.0451895353679012,0.0256333098057267,176.292237367667,3,3.13969134908915,bolditalic('Muraenesox cinereus')
MuraenesoxCinereus,SSP5-8.5,40,Muraenesox cinereus,4,0.0449165349555556,0.0256333098057267,175.227215275652,3,3.09884578746557,bolditalic('Muraenesox cinereus')
MuraenesoxCinereus,SSP5-8.5,41,Muraenesox cinereus,4,0.0451302295802469,0.0256333098057267,176.060875174865,3,3.12895991913974,bolditalic('Muraenesox cinereus')
MuraenesoxCinereus,SSP5-8.5,42,Muraenesox cinereus,4,0.0451305748444444,0.0256333098057267,176.062222110552,3,3.15261101610959,bolditalic('Muraenesox cinereus')
MuraenesoxCinereus,SSP5-8.5,43,Muraenesox cinereus,4,0.0442955169604938,0.0256333098057267,172.804516062135,3,3.14476775869727,bolditalic('Muraenesox cinereus')
MuraenesoxCinereus,SSP5-8.5,44,Muraenesox cinereus,4,0.0445456976493827,0.0256333098057267,173.78051444387,3,3.10689499998093,bolditalic('Muraenesox cinereus')
MuraenesoxCinereus,SSP5-8.5,45,Muraenesox cinereus,4,0.0454559401407407,0.0256333098057267,177.331528722777,3,3.15618891178072,bolditalic('Muraenesox cinereus')
MuraenesoxCinereus,SSP5-8.5,46,Muraenesox cinereus,4,0.0451438257148148,0.0256333098057267,176.113916060615,3,3.10327065970004,bolditalic('Muraenesox cinereus')
MuraenesoxCinereus,SSP5-8.5,47,Muraenesox cinereus,4,0.0445755349876543,0.0256333098057267,173.896915090129,3,3.13279841861129,bolditalic('Muraenesox cinereus')
MuraenesoxCinereus,SSP5-8.5,48,Muraenesox cinereus,4,0.0454522287679012,0.0256333098057267,177.317050011805,3,3.12049389380217,bolditalic('Muraenesox cinereus')
MuraenesoxCinereus,SSP5-8.5,49,Muraenesox cinereus,4,0.0452835743703704,0.0256333098057267,176.659099872673,3,3.1340326975137,bolditalic('Muraenesox cinereus')
MuraenesoxCinereus,SSP5-8.5,50,Muraenesox cinereus,4,0.0459291205098765,0.0256333098057267,179.177487643892,3,3.12693217743933,bolditalic('Muraenesox cinereus')
MuraenesoxCinereus,SSP5-8.5,51,Muraenesox cinereus,4,0.0449127187308642,0.0256333098057267,175.212327519368,3,3.12480551503599,bolditalic('Muraenesox cinereus')
MuraenesoxCinereus,SSP5-8.5,52,Muraenesox cinereus,4,0.0447235132345679,0.0256333098057267,174.474203969463,3,3.12935629181564,bolditalic('Muraenesox cinereus')
MuraenesoxCinereus,SSP5-8.5,53,Muraenesox cinereus,4,0.0455834863679012,0.0256333098057267,177.829108739276,3,3.09339106091857,bolditalic('Muraenesox cinereus')
MuraenesoxCinereus,SSP5-8.5,54,Muraenesox cinereus,4,0.0443720055530864,0.0256333098057267,173.102911365638,3,3.1491177713573,bolditalic('Muraenesox cinereus')
MuraenesoxCinereus,SSP5-8.5,55,Muraenesox cinereus,4,0.044670169562963,0.0256333098057267,174.266101028371,3,3.15266029275954,bolditalic('Muraenesox cinereus')
MuraenesoxCinereus,SSP5-8.5,56,Muraenesox cinereus,4,0.045374719962963,0.0256333098057267,177.014674682494,3,3.1058617964536,bolditalic('Muraenesox cinereus')
MuraenesoxCinereus,SSP5-8.5,57,Muraenesox cinereus,4,0.0456809535777778,0.0256333098057267,178.209345277653,3,3.14217974975705,bolditalic('Muraenesox cinereus')
MuraenesoxCinereus,SSP5-8.5,58,Muraenesox cinereus,4,0.045736128854321,0.0256333098057267,178.424593628183,3,3.09910491019487,bolditalic('Muraenesox cinereus')
MuraenesoxCinereus,SSP5-8.5,59,Muraenesox cinereus,4,0.044570921145679,0.0256333098057267,173.87891569009,3,3.0935672557205,bolditalic('Muraenesox cinereus')
MuraenesoxCinereus,SSP5-8.5,60,Muraenesox cinereus,4,0.0445583918592593,0.0256333098057267,173.830036764525,3,3.14268645767868,bolditalic('Muraenesox cinereus')
MuraenesoxCinereus,SSP5-8.5,61,Muraenesox cinereus,4,0.044363634745679,0.0256333098057267,173.070255389992,3,3.12756249861419,bolditalic('Muraenesox cinereus')
MuraenesoxCinereus,SSP5-8.5,62,Muraenesox cinereus,4,0.0435179806135803,0.0256333098057267,169.771211534525,3,3.14620685878396,bolditalic('Muraenesox cinereus')
MuraenesoxCinereus,SSP5-8.5,63,Muraenesox cinereus,4,0.0451666841654321,0.0256333098057267,176.203090852284,3,3.12032641980052,bolditalic('Muraenesox cinereus')
MuraenesoxCinereus,SSP5-8.5,64,Muraenesox cinereus,4,0.045670262091358,0.0256333098057267,178.167635929539,3,3.10884666518867,bolditalic('Muraenesox cinereus')
MuraenesoxCinereus,SSP5-8.5,65,Muraenesox cinereus,4,0.0452063473827161,0.0256333098057267,176.357823961604,3,3.11180420169234,bolditalic('Muraenesox cinereus')
MuraenesoxCinereus,SSP5-8.5,66,Muraenesox cinereus,4,0.0442975907382716,0.0256333098057267,172.812606229942,3,3.10730673143268,bolditalic('Muraenesox cinereus')
MuraenesoxCinereus,SSP5-8.5,67,Muraenesox cinereus,4,0.0447148834296296,0.0256333098057267,174.440537599401,3,3.11319504651427,bolditalic('Muraenesox cinereus')
MuraenesoxCinereus,SSP5-8.5,68,Muraenesox cinereus,4,0.0434090226814815,0.0256333098057267,169.346147690158,3,3.14445011329651,bolditalic('Muraenesox cinereus')
MuraenesoxCinereus,SSP5-8.5,69,Muraenesox cinereus,4,0.0458269109827161,0.0256333098057267,178.778750500952,3,3.10244159035385,bolditalic('Muraenesox cinereus')
MuraenesoxCinereus,SSP5-8.5,70,Muraenesox cinereus,4,0.046203212091358,0.0256333098057267,180.246766576495,3,3.14506601572037,bolditalic('Muraenesox cinereus')
MuraenesoxCinereus,SSP5-8.5,71,Muraenesox cinereus,4,0.0447657773876543,0.0256333098057267,174.639083781733,3,3.14288404166698,bolditalic('Muraenesox cinereus')
MuraenesoxCinereus,SSP5-8.5,72,Muraenesox cinereus,4,0.0450089106716049,0.0256333098057267,175.587589011036,3,3.10416100500524,bolditalic('Muraenesox cinereus')
MuraenesoxCinereus,SSP5-8.5,73,Muraenesox cinereus,4,0.0448862806419753,0.0256333098057267,175.109187936188,3,3.14445763497055,bolditalic('Muraenesox cinereus')
MuraenesoxCinereus,SSP5-8.5,74,Muraenesox cinereus,4,0.0441854016074074,0.0256333098057267,172.374936917183,3,3.12838228727877,bolditalic('Muraenesox cinereus')
MuraenesoxCinereus,SSP5-8.5,75,Muraenesox cinereus,4,0.0456737922,0.0256333098057267,178.18140749735,3,3.1464074755311,bolditalic('Muraenesox cinereus')
MuraenesoxCinereus,SSP5-8.5,76,Muraenesox cinereus,4,0.0458986328345679,0.0256333098057267,179.058549919737,3,3.14302345901728,bolditalic('Muraenesox cinereus')
MuraenesoxCinereus,SSP5-8.5,77,Muraenesox cinereus,4,0.0448730981506173,0.0256333098057267,175.057760744546,3,3.1286895827502,bolditalic('Muraenesox cinereus')
MuraenesoxCinereus,SSP5-8.5,78,Muraenesox cinereus,4,0.0456659823851852,0.0256333098057267,178.150940051382,3,3.11496247299016,bolditalic('Muraenesox cinereus')
MuraenesoxCinereus,SSP5-8.5,79,Muraenesox cinereus,4,0.044182758437037,0.0256333098057267,172.364625449837,3,3.13866835919023,bolditalic('Muraenesox cinereus')
MuraenesoxCinereus,SSP5-8.5,80,Muraenesox cinereus,4,0.0450258306839506,0.0256333098057267,175.653596922125,3,3.12816516292095,bolditalic('Muraenesox cinereus')
MuraenesoxCinereus,SSP5-8.5,81,Muraenesox cinereus,4,0.0457909959432099,0.0256333098057267,178.63863968507,3,3.10079169784486,bolditalic('Muraenesox cinereus')
MuraenesoxCinereus,SSP5-8.5,82,Muraenesox cinereus,4,0.0444004587,0.0256333098057267,173.213912040655,3,3.14070904526115,bolditalic('Muraenesox cinereus')
MuraenesoxCinereus,SSP5-8.5,83,Muraenesox cinereus,4,0.0444137529037037,0.0256333098057267,173.265775041588,3,3.11330285856128,bolditalic('Muraenesox cinereus')
MuraenesoxCinereus,SSP5-8.5,84,Muraenesox cinereus,4,0.0445293078567901,0.0256333098057267,173.71657501226,3,3.12206017498672,bolditalic('Muraenesox cinereus')
MuraenesoxCinereus,SSP5-8.5,85,Muraenesox cinereus,4,0.044792627654321,0.0256333098057267,174.743831342116,3,3.14185029792786,bolditalic('Muraenesox cinereus')
MuraenesoxCinereus,SSP5-8.5,86,Muraenesox cinereus,4,0.0458274998320988,0.0256333098057267,178.781047704813,3,3.09368718521297,bolditalic('Muraenesox cinereus')
MuraenesoxCinereus,SSP5-8.5,87,Muraenesox cinereus,4,0.046477492962963,0.0256333098057267,181.316783962794,3,3.10726392963529,bolditalic('Muraenesox cinereus')
MuraenesoxCinereus,SSP5-8.5,88,Muraenesox cinereus,4,0.0455972145432099,0.0256333098057267,177.882664738922,3,3.14605840839446,bolditalic('Muraenesox cinereus')
MuraenesoxCinereus,SSP5-8.5,89,Muraenesox cinereus,4,0.0465857279308642,0.0256333098057267,181.73902739808,3,3.15545220384002,bolditalic('Muraenesox cinereus')
MuraenesoxCinereus,SSP5-8.5,90,Muraenesox cinereus,4,0.0461596641580247,0.0256333098057267,180.076878514191,3,3.1252581987977,bolditalic('Muraenesox cinereus')
MuraenesoxCinereus,SSP5-8.5,91,Muraenesox cinereus,4,0.0463098815333333,0.0256333098057267,180.662902622849,3,3.13630774927139,bolditalic('Muraenesox cinereus')
MuraenesoxCinereus,SSP5-8.5,92,Muraenesox cinereus,4,0.0447671576567901,0.0256333098057267,174.644468451705,3,3.12277430514991,bolditalic('Muraenesox cinereus')
MuraenesoxCinereus,SSP5-8.5,93,Muraenesox cinereus,4,0.0449659357283951,0.0256333098057267,175.419936282865,3,3.1018432803303,bolditalic('Muraenesox cinereus')
MuraenesoxCinereus,SSP5-8.5,94,Muraenesox cinereus,4,0.0453371236037037,0.0256333098057267,176.868004745821,3,3.14238944321871,bolditalic('Muraenesox cinereus')
MuraenesoxCinereus,SSP5-8.5,95,Muraenesox cinereus,4,0.0458794044358025,0.0256333098057267,178.983536591723,3,3.15676268027723,bolditalic('Muraenesox cinereus')
MuraenesoxCinereus,SSP5-8.5,96,Muraenesox cinereus,4,0.0455768007555556,0.0256333098057267,177.803027002675,3,3.15604757130146,bolditalic('Muraenesox cinereus')
MuraenesoxCinereus,SSP5-8.5,97,Muraenesox cinereus,4,0.0455761683481482,0.0256333098057267,177.800559871383,3,3.1136939073503,bolditalic('Muraenesox cinereus')
MuraenesoxCinereus,SSP5-8.5,98,Muraenesox cinereus,4,0.0453636878123457,0.0256333098057267,176.971636344094,3,3.09838992108405,bolditalic('Muraenesox cinereus')
MuraenesoxCinereus,SSP5-8.5,99,Muraenesox cinereus,4,0.0451021016469136,0.0256333098057267,175.95114321459,3,3.11238338069618,bolditalic('Muraenesox cinereus')
MuraenesoxCinereus,SSP5-8.5,100,Muraenesox cinereus,4,0.0462503333037037,0.0256333098057267,180.430594621733,3,3.14373841078579,bolditalic('Muraenesox cinereus')
PampusArgenteus,Base,1,Pampus argenteus,12,0.12705863615,0.122371665396622,103.83011111125,1,1.11086248749495,bolditalic('Pampus argenteus')
PampusArgenteus,Base,2,Pampus argenteus,12,0.131576865738889,0.122371665396622,107.52232987304,1,1.14920437161624,bolditalic('Pampus argenteus')
PampusArgenteus,Base,3,Pampus argenteus,12,0.131192351177778,0.122371665396622,107.208111250727,1,1.13190043532848,bolditalic('Pampus argenteus')
PampusArgenteus,Base,4,Pampus argenteus,12,0.129928122,0.122371665396622,106.175005119761,1,1.13743656763434,bolditalic('Pampus argenteus')
PampusArgenteus,Base,5,Pampus argenteus,12,0.124479079177778,0.122371665396622,101.722141947096,1,1.13265219786763,bolditalic('Pampus argenteus')
PampusArgenteus,Base,6,Pampus argenteus,12,0.120831290983333,0.122371665396622,98.7412327777867,1,1.10320730258524,bolditalic('Pampus argenteus')
PampusArgenteus,Base,7,Pampus argenteus,12,0.117874793667778,0.122371665396622,96.3252345105631,1,1.11218577109277,bolditalic('Pampus argenteus')
PampusArgenteus,Base,8,Pampus argenteus,12,0.122129691177778,0.122371665396622,99.8022628701996,1,1.12563733045757,bolditalic('Pampus argenteus')
PampusArgenteus,Base,9,Pampus argenteus,12,0.120929835766667,0.122371665396622,98.8217618635147,1,1.15138877016306,bolditalic('Pampus argenteus')
PampusArgenteus,Base,10,Pampus argenteus,12,0.123610282831111,0.122371665396622,101.012176659094,1,1.15195310467482,bolditalic('Pampus argenteus')
PampusArgenteus,Base,11,Pampus argenteus,12,0.123146018122222,0.122371665396622,100.632787600863,1,1.11336851879954,bolditalic('Pampus argenteus')
PampusArgenteus,Base,12,Pampus argenteus,12,0.125217093572222,0.122371665396622,102.325234494748,1,1.13081692492962,bolditalic('Pampus argenteus')
PampusArgenteus,Base,13,Pampus argenteus,12,0.1216745309,0.122371665396622,99.4303137949764,1,1.11992330032587,bolditalic('Pampus argenteus')
PampusArgenteus,Base,14,Pampus argenteus,12,0.124075076105556,0.122371665396622,101.391997651918,1,1.10529485009611,bolditalic('Pampus argenteus')
PampusArgenteus,Base,15,Pampus argenteus,12,0.126829358116667,0.122371665396622,103.642749083782,1,1.10986190377176,bolditalic('Pampus argenteus')
PampusArgenteus,Base,16,Pampus argenteus,12,0.122613986455556,0.122371665396622,100.198020561499,1,1.15170816543698,bolditalic('Pampus argenteus')
PampusArgenteus,Base,17,Pampus argenteus,12,0.123268218044444,0.122371665396622,100.732647255323,1,1.1486555313617,bolditalic('Pampus argenteus')
PampusArgenteus,Base,18,Pampus argenteus,12,0.129140069994444,0.122371665396622,105.531022705203,1,1.14739719882607,bolditalic('Pampus argenteus')
PampusArgenteus,Base,19,Pampus argenteus,12,0.12441903775,0.122371665396622,101.673077134925,1,1.11764646305144,bolditalic('Pampus argenteus')
PampusArgenteus,Base,20,Pampus argenteus,12,0.121177939627778,0.122371665396622,99.0245080305353,1,1.12483574314415,bolditalic('Pampus argenteus')
PampusArgenteus,Base,21,Pampus argenteus,12,0.123099584283333,0.122371665396622,100.594842674039,1,1.15288145440817,bolditalic('Pampus argenteus')
PampusArgenteus,Base,22,Pampus argenteus,12,0.115424605705556,0.122371665396622,94.3229834549118,1,1.10719411754608,bolditalic('Pampus argenteus')
PampusArgenteus,Base,23,Pampus argenteus,12,0.127101718466667,0.122371665396622,103.865317232314,1,1.10780733138323,bolditalic('Pampus argenteus')
PampusArgenteus,Base,24,Pampus argenteus,12,0.119932427288889,0.122371665396622,98.0066969752946,1,1.1026194922477,bolditalic('Pampus argenteus')
PampusArgenteus,Base,25,Pampus argenteus,12,0.121336507711111,0.122371665396622,99.1540871147286,1,1.14342887352407,bolditalic('Pampus argenteus')
PampusArgenteus,Base,26,Pampus argenteus,12,0.11973481805,0.122371665396622,97.8452141367237,1,1.12115595118701,bolditalic('Pampus argenteus')
PampusArgenteus,Base,27,Pampus argenteus,12,0.125803318094444,0.122371665396622,102.804286994624,1,1.1204483281672,bolditalic('Pampus argenteus')
PampusArgenteus,Base,28,Pampus argenteus,12,0.12052883691,0.122371665396622,98.4940725611199,1,1.13032475371659,bolditalic('Pampus argenteus')
PampusArgenteus,Base,29,Pampus argenteus,12,0.120224794266667,0.122371665396622,98.2456141926344,1,1.12614534911513,bolditalic('Pampus argenteus')
PampusArgenteus,Base,30,Pampus argenteus,12,0.121960185644444,0.122371665396622,99.6637458917924,1,1.09376961018145,bolditalic('Pampus argenteus')
PampusArgenteus,Base,31,Pampus argenteus,12,0.123568881055556,0.122371665396622,100.978343847045,1,1.1544896812737,bolditalic('Pampus argenteus')
PampusArgenteus,Base,32,Pampus argenteus,12,0.120500090422222,0.122371665396622,98.4705814304854,1,1.10187441554666,bolditalic('Pampus argenteus')
PampusArgenteus,Base,33,Pampus argenteus,12,0.118986613622222,0.122371665396622,97.2337944707798,1,1.12157969777286,bolditalic('Pampus argenteus')
PampusArgenteus,Base,34,Pampus argenteus,12,0.122602814905556,0.122371665396622,100.188891364831,1,1.14400603306294,bolditalic('Pampus argenteus')
PampusArgenteus,Base,35,Pampus argenteus,12,0.121235557516667,0.122371665396622,99.0715923688111,1,1.12979375845194,bolditalic('Pampus argenteus')
PampusArgenteus,Base,36,Pampus argenteus,12,0.120923736305556,0.122371665396622,98.8167774898108,1,1.15589812655747,bolditalic('Pampus argenteus')
PampusArgenteus,Base,37,Pampus argenteus,12,0.1238990802,0.122371665396622,101.248176854035,1,1.15657550799847,bolditalic('Pampus argenteus')
PampusArgenteus,Base,38,Pampus argenteus,12,0.1163100945,0.122371665396622,95.0465895213766,1,1.13451184020936,bolditalic('Pampus argenteus')
PampusArgenteus,Base,39,Pampus argenteus,12,0.127014682211111,0.122371665396622,103.794192715642,1,1.1409016199857,bolditalic('Pampus argenteus')
PampusArgenteus,Base,40,Pampus argenteus,12,0.1196465666,0.122371665396622,97.7730965842544,1,1.14055209079385,bolditalic('Pampus argenteus')
PampusArgenteus,Base,41,Pampus argenteus,12,0.119193731461111,0.122371665396622,97.4030475721556,1,1.12482752969861,bolditalic('Pampus argenteus')
PampusArgenteus,Base,42,Pampus argenteus,12,0.117995217077778,0.122371665396622,96.4236424300841,1,1.13305148617923,bolditalic('Pampus argenteus')
PampusArgenteus,Base,43,Pampus argenteus,12,0.126703155222222,0.122371665396622,103.539618269933,1,1.10898915152252,bolditalic('Pampus argenteus')
PampusArgenteus,Base,44,Pampus argenteus,12,0.127669498433333,0.122371665396622,104.329297161675,1,1.14829445113242,bolditalic('Pampus argenteus')
PampusArgenteus,Base,45,Pampus argenteus,12,0.124296265194444,0.122371665396622,101.572749534448,1,1.14381547515094,bolditalic('Pampus argenteus')
PampusArgenteus,Base,46,Pampus argenteus,12,0.123699294127778,0.122371665396622,101.084915145065,1,1.09694550569355,bolditalic('Pampus argenteus')
PampusArgenteus,Base,47,Pampus argenteus,12,0.120799788916667,0.122371665396622,98.715489835935,1,1.15582754309475,bolditalic('Pampus argenteus')
PampusArgenteus,Base,48,Pampus argenteus,12,0.120048284111111,0.122371665396622,98.1013731585814,1,1.11721436291933,bolditalic('Pampus argenteus')
PampusArgenteus,Base,49,Pampus argenteus,12,0.123072100983333,0.122371665396622,100.572383798521,1,1.14701487021148,bolditalic('Pampus argenteus')
PampusArgenteus,Base,50,Pampus argenteus,12,0.12125212635,0.122371665396622,99.085132131696,1,1.154310744524,bolditalic('Pampus argenteus')
PampusArgenteus,Base,51,Pampus argenteus,12,0.118980877111111,0.122371665396622,97.2291066935134,1,1.11572432789207,bolditalic('Pampus argenteus')
PampusArgenteus,Base,52,Pampus argenteus,12,0.12062406435,0.122371665396622,98.5718907714804,1,1.10045787230134,bolditalic('Pampus argenteus')
PampusArgenteus,Base,53,Pampus argenteus,12,0.118737861188889,0.122371665396622,97.0305183018016,1,1.10728515376151,bolditalic('Pampus argenteus')
PampusArgenteus,Base,54,Pampus argenteus,12,0.120241850572222,0.122371665396622,98.2595523093543,1,1.13328207939863,bolditalic('Pampus argenteus')
PampusArgenteus,Base,55,Pampus argenteus,12,0.124209015216667,0.122371665396622,101.501450367689,1,1.12683155417442,bolditalic('Pampus argenteus')
PampusArgenteus,Base,56,Pampus argenteus,12,0.114481461983333,0.122371665396622,93.5522627826335,1,1.10160818727314,bolditalic('Pampus argenteus')
PampusArgenteus,Base,57,Pampus argenteus,12,0.125311473474444,0.122371665396622,102.402360111954,1,1.13259922842681,bolditalic('Pampus argenteus')
PampusArgenteus,Base,58,Pampus argenteus,12,0.125766917361111,0.122371665396622,102.774540947436,1,1.10226776197553,bolditalic('Pampus argenteus')
PampusArgenteus,Base,59,Pampus argenteus,12,0.117579866577778,0.122371665396622,96.0842252139714,1,1.09303228677809,bolditalic('Pampus argenteus')
PampusArgenteus,Base,60,Pampus argenteus,12,0.121307951316667,0.122371665396622,99.1307513250656,1,1.14201159857214,bolditalic('Pampus argenteus')
PampusArgenteus,Base,61,Pampus argenteus,12,0.125049669822222,0.122371665396622,102.188418713531,1,1.11413881832361,bolditalic('Pampus argenteus')
PampusArgenteus,Base,62,Pampus argenteus,12,0.11593671397,0.122371665396622,94.7414694359468,1,1.11827587790787,bolditalic('Pampus argenteus')
PampusArgenteus,Base,63,Pampus argenteus,12,0.122823934655556,0.122371665396622,100.369586584826,1,1.11947082407773,bolditalic('Pampus argenteus')
PampusArgenteus,Base,64,Pampus argenteus,12,0.12312992965,0.122371665396622,100.619640380737,1,1.14831622649729,bolditalic('Pampus argenteus')
PampusArgenteus,Base,65,Pampus argenteus,12,0.122665970966667,0.122371665396622,100.240501401277,1,1.10965351198614,bolditalic('Pampus argenteus')
PampusArgenteus,Base,66,Pampus argenteus,12,0.12570095285,0.122371665396622,102.720635894418,1,1.15407808898389,bolditalic('Pampus argenteus')
PampusArgenteus,Base,67,Pampus argenteus,12,0.127956665255556,0.122371665396622,104.563964902195,1,1.11398613059521,bolditalic('Pampus argenteus')
PampusArgenteus,Base,68,Pampus argenteus,12,0.1208179262,0.122371665396622,98.730311308924,1,1.15548766028881,bolditalic('Pampus argenteus')
PampusArgenteus,Base,69,Pampus argenteus,12,0.119875557566667,0.122371665396622,97.9602240258274,1,1.11425066252053,bolditalic('Pampus argenteus')
PampusArgenteus,Base,70,Pampus argenteus,12,0.125750765566667,0.122371665396622,102.76134198149,1,1.11334402213991,bolditalic('Pampus argenteus')
PampusArgenteus,Base,71,Pampus argenteus,12,0.121233219438889,0.122371665396622,99.0696817322512,1,1.11049232418835,bolditalic('Pampus argenteus')
PampusArgenteus,Base,72,Pampus argenteus,12,0.127273397194444,0.122371665396622,104.005610107483,1,1.12548849852383,bolditalic('Pampus argenteus')
PampusArgenteus,Base,73,Pampus argenteus,12,0.131089955377778,0.122371665396622,107.124435181052,1,1.11795048704743,bolditalic('Pampus argenteus')
PampusArgenteus,Base,74,Pampus argenteus,12,0.1234770676,0.122371665396622,100.903315485488,1,1.10222734579444,bolditalic('Pampus argenteus')
PampusArgenteus,Base,75,Pampus argenteus,12,0.120638714583333,0.122371665396622,98.5838626877615,1,1.10921684931219,bolditalic('Pampus argenteus')
PampusArgenteus,Base,76,Pampus argenteus,12,0.120132120327778,0.122371665396622,98.1698826590407,1,1.14714357337356,bolditalic('Pampus argenteus')
PampusArgenteus,Base,77,Pampus argenteus,12,0.12014493865,0.122371665396622,98.1803575693727,1,1.10953793781996,bolditalic('Pampus argenteus')
PampusArgenteus,Base,78,Pampus argenteus,12,0.118414479422222,0.122371665396622,96.766256337548,1,1.14596171621978,bolditalic('Pampus argenteus')
PampusArgenteus,Base,79,Pampus argenteus,12,0.123087569722222,0.122371665396622,100.585024583329,1,1.1325368129164,bolditalic('Pampus argenteus')
PampusArgenteus,Base,80,Pampus argenteus,12,0.122800061094444,0.122371665396622,100.350077525245,1,1.12926064480841,bolditalic('Pampus argenteus')
PampusArgenteus,Base,81,Pampus argenteus,12,0.126339010111111,0.122371665396622,103.242045208448,1,1.11940727069974,bolditalic('Pampus argenteus')
PampusArgenteus,Base,82,Pampus argenteus,12,0.113779899894444,0.122371665396622,92.9789584260938,1,1.11826643677056,bolditalic('Pampus argenteus')
PampusArgenteus,Base,83,Pampus argenteus,12,0.11288573015,0.122371665396622,92.2482584380321,1,1.10613345590234,bolditalic('Pampus argenteus')
PampusArgenteus,Base,84,Pampus argenteus,12,0.120732127361111,0.122371665396622,98.6601979876654,1,1.13083572293818,bolditalic('Pampus argenteus')
PampusArgenteus,Base,85,Pampus argenteus,12,0.123842402444444,0.122371665396622,101.201860776394,1,1.13453746889532,bolditalic('Pampus argenteus')
PampusArgenteus,Base,86,Pampus argenteus,12,0.116331521427778,0.122371665396622,95.064099234682,1,1.12039635108411,bolditalic('Pampus argenteus')
PampusArgenteus,Base,87,Pampus argenteus,12,0.128729655588889,0.122371665396622,105.195639179756,1,1.10417998853326,bolditalic('Pampus argenteus')
PampusArgenteus,Base,88,Pampus argenteus,12,0.117677034733333,0.122371665396622,96.1636293433833,1,1.13872039534152,bolditalic('Pampus argenteus')
PampusArgenteus,Base,89,Pampus argenteus,12,0.122669615377778,0.122371665396622,100.243479550752,1,1.13082696162164,bolditalic('Pampus argenteus')
PampusArgenteus,Base,90,Pampus argenteus,12,0.128917618227778,0.122371665396622,105.349238984318,1,1.11277110598981,bolditalic('Pampus argenteus')
PampusArgenteus,Base,91,Pampus argenteus,12,0.117558140061111,0.122371665396622,96.0664706818282,1,1.15252502135932,bolditalic('Pampus argenteus')
PampusArgenteus,Base,92,Pampus argenteus,12,0.125067096644444,0.122371665396622,102.202659610038,1,1.13305381253362,bolditalic('Pampus argenteus')
PampusArgenteus,Base,93,Pampus argenteus,12,0.126072864066667,0.122371665396622,103.024555282507,1,1.09986542254686,bolditalic('Pampus argenteus')
PampusArgenteus,Base,94,Pampus argenteus,12,0.115294653661111,0.122371665396622,94.2167889007854,1,1.11916709391773,bolditalic('Pampus argenteus')
PampusArgenteus,Base,95,Pampus argenteus,12,0.125761880977778,0.122371665396622,102.770425302432,1,1.11656948843598,bolditalic('Pampus argenteus')
PampusArgenteus,Base,96,Pampus argenteus,12,0.122620796077778,0.122371665396622,100.203585266531,1,1.11893840239942,bolditalic('Pampus argenteus')
PampusArgenteus,Base,97,Pampus argenteus,12,0.122640005111111,0.122371665396622,100.219282555009,1,1.13296719454229,bolditalic('Pampus argenteus')
PampusArgenteus,Base,98,Pampus argenteus,12,0.119601007547778,0.122371665396622,97.7358665179033,1,1.1026830304563,bolditalic('Pampus argenteus')
PampusArgenteus,Base,99,Pampus argenteus,12,0.120366806466667,0.122371665396622,98.3616640964579,1,1.15690819075704,bolditalic('Pampus argenteus')
PampusArgenteus,Base,100,Pampus argenteus,12,0.119301071666667,0.122371665396622,97.4907641241924,1,1.11392541898787,bolditalic('Pampus argenteus')
PampusArgenteus,SSP1-2.6,1,Pampus argenteus,12,0.147134642123457,0.122371665396622,120.2358745765,2,2.14596718133986,bolditalic('Pampus argenteus')
PampusArgenteus,SSP1-2.6,2,Pampus argenteus,12,0.150136280069959,0.122371665396622,122.688760983474,2,2.15304298345745,bolditalic('Pampus argenteus')
PampusArgenteus,SSP1-2.6,3,Pampus argenteus,12,0.150930316109054,0.122371665396622,123.337633446329,2,2.10660698261857,bolditalic('Pampus argenteus')
PampusArgenteus,SSP1-2.6,4,Pampus argenteus,12,0.155433692872428,0.122371665396622,127.017714737025,2,2.15236248764396,bolditalic('Pampus argenteus')
PampusArgenteus,SSP1-2.6,5,Pampus argenteus,12,0.148307829553498,0.122371665396622,121.194582972139,2,2.11258016815782,bolditalic('Pampus argenteus')
PampusArgenteus,SSP1-2.6,6,Pampus argenteus,12,0.144223025806584,0.122371665396622,117.856552282049,2,2.14967207066715,bolditalic('Pampus argenteus')
PampusArgenteus,SSP1-2.6,7,Pampus argenteus,12,0.145401113312757,0.122371665396622,118.819264934814,2,2.14284586368501,bolditalic('Pampus argenteus')
PampusArgenteus,SSP1-2.6,8,Pampus argenteus,12,0.153360191952675,0.122371665396622,125.323285791376,2,2.14693310983479,bolditalic('Pampus argenteus')
PampusArgenteus,SSP1-2.6,9,Pampus argenteus,12,0.148939923975309,0.122371665396622,121.711119557436,2,2.1021212247014,bolditalic('Pampus argenteus')
PampusArgenteus,SSP1-2.6,10,Pampus argenteus,12,0.145151450469136,0.122371665396622,118.615244794358,2,2.12770215405524,bolditalic('Pampus argenteus')
PampusArgenteus,SSP1-2.6,11,Pampus argenteus,12,0.148193921018519,0.122371665396622,121.101498895356,2,2.0966243300885,bolditalic('Pampus argenteus')
PampusArgenteus,SSP1-2.6,12,Pampus argenteus,12,0.146819998971193,0.122371665396622,119.978753656192,2,2.10802490848303,bolditalic('Pampus argenteus')
PampusArgenteus,SSP1-2.6,13,Pampus argenteus,12,0.151912655378601,0.122371665396622,124.140384039257,2,2.09304582627118,bolditalic('Pampus argenteus')
PampusArgenteus,SSP1-2.6,14,Pampus argenteus,12,0.153156234257202,0.122371665396622,125.156615104324,2,2.13146346336603,bolditalic('Pampus argenteus')
PampusArgenteus,SSP1-2.6,15,Pampus argenteus,12,0.14530640613786,0.122371665396622,118.741871876062,2,2.1303404943943,bolditalic('Pampus argenteus')
PampusArgenteus,SSP1-2.6,16,Pampus argenteus,12,0.150280434705761,0.122371665396622,122.806561648632,2,2.11269707234204,bolditalic('Pampus argenteus')
PampusArgenteus,SSP1-2.6,17,Pampus argenteus,12,0.152648998458848,0.122371665396622,124.742110817968,2,2.14831495028734,bolditalic('Pampus argenteus')
PampusArgenteus,SSP1-2.6,18,Pampus argenteus,12,0.142198414802469,0.122371665396622,116.202075326495,2,2.12215034478903,bolditalic('Pampus argenteus')
PampusArgenteus,SSP1-2.6,19,Pampus argenteus,12,0.144589863800412,0.122371665396622,118.156325920529,2,2.15481780204177,bolditalic('Pampus argenteus')
PampusArgenteus,SSP1-2.6,20,Pampus argenteus,12,0.146659404102881,0.122371665396622,119.847518318509,2,2.11622471860051,bolditalic('Pampus argenteus')
PampusArgenteus,SSP1-2.6,21,Pampus argenteus,12,0.149632060584362,0.122371665396622,122.276721575526,2,2.14992857049406,bolditalic('Pampus argenteus')
PampusArgenteus,SSP1-2.6,22,Pampus argenteus,12,0.145691138598765,0.122371665396622,119.056268562303,2,2.15577614323795,bolditalic('Pampus argenteus')
PampusArgenteus,SSP1-2.6,23,Pampus argenteus,12,0.151116887253086,0.122371665396622,123.490096145457,2,2.15585538232327,bolditalic('Pampus argenteus')
PampusArgenteus,SSP1-2.6,24,Pampus argenteus,12,0.150838153788066,0.122371665396622,123.262319998,2,2.11153537790477,bolditalic('Pampus argenteus')
PampusArgenteus,SSP1-2.6,25,Pampus argenteus,12,0.145761369874486,0.122371665396622,119.113660341268,2,2.1150558386296,bolditalic('Pampus argenteus')
PampusArgenteus,SSP1-2.6,26,Pampus argenteus,12,0.148566271327161,0.122371665396622,121.405777101781,2,2.10108781944215,bolditalic('Pampus argenteus')
PampusArgenteus,SSP1-2.6,27,Pampus argenteus,12,0.159027750010288,0.122371665396622,129.954715819923,2,2.11359221555293,bolditalic('Pampus argenteus')
PampusArgenteus,SSP1-2.6,28,Pampus argenteus,12,0.151475553738683,0.122371665396622,123.783192169308,2,2.13592624174058,bolditalic('Pampus argenteus')
PampusArgenteus,SSP1-2.6,29,Pampus argenteus,12,0.14723945290535,0.122371665396622,120.321524127443,2,2.13935513930023,bolditalic('Pampus argenteus')
PampusArgenteus,SSP1-2.6,30,Pampus argenteus,12,0.146477420102881,0.122371665396622,119.698804153828,2,2.10243444903195,bolditalic('Pampus argenteus')
PampusArgenteus,SSP1-2.6,31,Pampus argenteus,12,0.149374620193416,0.122371665396622,122.066345758451,2,2.11014119338989,bolditalic('Pampus argenteus')
PampusArgenteus,SSP1-2.6,32,Pampus argenteus,12,0.151285204901235,0.122371665396622,123.627642404719,2,2.12694080892205,bolditalic('Pampus argenteus')
PampusArgenteus,SSP1-2.6,33,Pampus argenteus,12,0.148413731625514,0.122371665396622,121.28112430642,2,2.0935265519321,bolditalic('Pampus argenteus')
PampusArgenteus,SSP1-2.6,34,Pampus argenteus,12,0.149105591047325,0.122371665396622,121.846499811909,2,2.09904855401814,bolditalic('Pampus argenteus')
PampusArgenteus,SSP1-2.6,35,Pampus argenteus,12,0.148904220034979,0.122371665396622,121.681942917391,2,2.13656764692068,bolditalic('Pampus argenteus')
PampusArgenteus,SSP1-2.6,36,Pampus argenteus,12,0.14884511263786,0.122371665396622,121.633641378855,2,2.1473735408932,bolditalic('Pampus argenteus')
PampusArgenteus,SSP1-2.6,37,Pampus argenteus,12,0.144750623730453,0.122371665396622,118.287696143791,2,2.13458269830048,bolditalic('Pampus argenteus')
PampusArgenteus,SSP1-2.6,38,Pampus argenteus,12,0.146817383707819,0.122371665396622,119.976616508376,2,2.1080767185539,bolditalic('Pampus argenteus')
PampusArgenteus,SSP1-2.6,39,Pampus argenteus,12,0.145642700609054,0.122371665396622,119.016685878228,2,2.15221065624058,bolditalic('Pampus argenteus')
PampusArgenteus,SSP1-2.6,40,Pampus argenteus,12,0.142585644034979,0.122371665396622,116.518512331135,2,2.10775427402556,bolditalic('Pampus argenteus')
PampusArgenteus,SSP1-2.6,41,Pampus argenteus,12,0.145506153751029,0.122371665396622,118.905102156962,2,2.11668403923512,bolditalic('Pampus argenteus')
PampusArgenteus,SSP1-2.6,42,Pampus argenteus,12,0.15124462487037,0.122371665396622,123.594481108161,2,2.09518782575428,bolditalic('Pampus argenteus')
PampusArgenteus,SSP1-2.6,43,Pampus argenteus,12,0.154058118312757,0.122371665396622,125.893619093468,2,2.11067572538555,bolditalic('Pampus argenteus')
PampusArgenteus,SSP1-2.6,44,Pampus argenteus,12,0.151605266325103,0.122371665396622,123.889191042494,2,2.12843845495582,bolditalic('Pampus argenteus')
PampusArgenteus,SSP1-2.6,45,Pampus argenteus,12,0.150658394240741,0.122371665396622,123.115423617418,2,2.13742145729065,bolditalic('Pampus argenteus')
PampusArgenteus,SSP1-2.6,46,Pampus argenteus,12,0.14599165308642,0.122371665396622,119.301843783234,2,2.13640477070212,bolditalic('Pampus argenteus')
PampusArgenteus,SSP1-2.6,47,Pampus argenteus,12,0.154650577487654,0.122371665396622,126.377766443246,2,2.13570266257226,bolditalic('Pampus argenteus')
PampusArgenteus,SSP1-2.6,48,Pampus argenteus,12,0.150795136039095,0.122371665396622,123.227166640536,2,2.12616656152904,bolditalic('Pampus argenteus')
PampusArgenteus,SSP1-2.6,49,Pampus argenteus,12,0.148990789176955,0.122371665396622,121.752685716956,2,2.12035823479295,bolditalic('Pampus argenteus')
PampusArgenteus,SSP1-2.6,50,Pampus argenteus,12,0.14619104631893,0.122371665396622,119.464784470413,2,2.12651805883646,bolditalic('Pampus argenteus')
PampusArgenteus,SSP1-2.6,51,Pampus argenteus,12,0.150106995685185,0.122371665396622,122.664830292755,2,2.15444484683871,bolditalic('Pampus argenteus')
PampusArgenteus,SSP1-2.6,52,Pampus argenteus,12,0.147544188646091,0.122371665396622,120.570548883094,2,2.14779954107106,bolditalic('Pampus argenteus')
PampusArgenteus,SSP1-2.6,53,Pampus argenteus,12,0.151102211012346,0.122371665396622,123.478102976375,2,2.15082276165485,bolditalic('Pampus argenteus')
PampusArgenteus,SSP1-2.6,54,Pampus argenteus,12,0.141619813528807,0.122371665396622,115.729252412966,2,2.12470075277984,bolditalic('Pampus argenteus')
PampusArgenteus,SSP1-2.6,55,Pampus argenteus,12,0.142686584800412,0.122371665396622,116.600999371829,2,2.09825960440934,bolditalic('Pampus argenteus')
PampusArgenteus,SSP1-2.6,56,Pampus argenteus,12,0.149372158707819,0.122371665396622,122.064334275165,2,2.14283114820719,bolditalic('Pampus argenteus')
PampusArgenteus,SSP1-2.6,57,Pampus argenteus,12,0.149108339475309,0.122371665396622,121.848745779531,2,2.14705565777421,bolditalic('Pampus argenteus')
PampusArgenteus,SSP1-2.6,58,Pampus argenteus,12,0.151249338423868,0.122371665396622,123.598332942229,2,2.11396653680503,bolditalic('Pampus argenteus')
PampusArgenteus,SSP1-2.6,59,Pampus argenteus,12,0.151577144454733,0.122371665396622,123.866210338359,2,2.12710532513261,bolditalic('Pampus argenteus')
PampusArgenteus,SSP1-2.6,60,Pampus argenteus,12,0.149624252411523,0.122371665396622,122.270340872269,2,2.11383915822208,bolditalic('Pampus argenteus')
PampusArgenteus,SSP1-2.6,61,Pampus argenteus,12,0.146923885514403,0.122371665396622,120.063647935332,2,2.10775306008756,bolditalic('Pampus argenteus')
PampusArgenteus,SSP1-2.6,62,Pampus argenteus,12,0.147142844121399,0.122371665396622,120.242577106792,2,2.13246990168095,bolditalic('Pampus argenteus')
PampusArgenteus,SSP1-2.6,63,Pampus argenteus,12,0.145759539973251,0.122371665396622,119.112164977755,2,2.09721506886184,bolditalic('Pampus argenteus')
PampusArgenteus,SSP1-2.6,64,Pampus argenteus,12,0.148711142164609,0.122371665396622,121.524163034488,2,2.12058302792907,bolditalic('Pampus argenteus')
PampusArgenteus,SSP1-2.6,65,Pampus argenteus,12,0.152764879014403,0.122371665396622,124.836806395723,2,2.14627057237923,bolditalic('Pampus argenteus')
PampusArgenteus,SSP1-2.6,66,Pampus argenteus,12,0.140913902736626,0.122371665396622,115.15239437161,2,2.12938059480488,bolditalic('Pampus argenteus')
PampusArgenteus,SSP1-2.6,67,Pampus argenteus,12,0.15301354594856,0.122371665396622,125.040012696259,2,2.1222249109149,bolditalic('Pampus argenteus')
PampusArgenteus,SSP1-2.6,68,Pampus argenteus,12,0.147377770609054,0.122371665396622,120.434554953047,2,2.12619218376279,bolditalic('Pampus argenteus')
PampusArgenteus,SSP1-2.6,69,Pampus argenteus,12,0.151778727430041,0.122371665396622,124.030940445328,2,2.12538340175152,bolditalic('Pampus argenteus')
PampusArgenteus,SSP1-2.6,70,Pampus argenteus,12,0.144105246347737,0.122371665396622,117.760304953498,2,2.13666168034077,bolditalic('Pampus argenteus')
PampusArgenteus,SSP1-2.6,71,Pampus argenteus,12,0.147051525843621,0.122371665396622,120.167953395917,2,2.12888029065728,bolditalic('Pampus argenteus')
PampusArgenteus,SSP1-2.6,72,Pampus argenteus,12,0.147400756697531,0.122371665396622,120.453338785401,2,2.10109559895098,bolditalic('Pampus argenteus')
PampusArgenteus,SSP1-2.6,73,Pampus argenteus,12,0.148073712899177,0.122371665396622,121.003266907622,2,2.14950013832748,bolditalic('Pampus argenteus')
PampusArgenteus,SSP1-2.6,74,Pampus argenteus,12,0.160146985969136,0.122371665396622,130.869336010161,2,2.15322609975934,bolditalic('Pampus argenteus')
PampusArgenteus,SSP1-2.6,75,Pampus argenteus,12,0.14739306218107,0.122371665396622,120.447050960163,2,2.14769277879596,bolditalic('Pampus argenteus')
PampusArgenteus,SSP1-2.6,76,Pampus argenteus,12,0.147804947475309,0.122371665396622,120.783636470301,2,2.13099209588766,bolditalic('Pampus argenteus')
PampusArgenteus,SSP1-2.6,77,Pampus argenteus,12,0.149286040722222,0.122371665396622,121.993960152758,2,2.14460390388966,bolditalic('Pampus argenteus')
PampusArgenteus,SSP1-2.6,78,Pampus argenteus,12,0.150862078018519,0.122371665396622,123.281870463686,2,2.15258895103633,bolditalic('Pampus argenteus')
PampusArgenteus,SSP1-2.6,79,Pampus argenteus,12,0.15564903937037,0.122371665396622,127.193692155689,2,2.09485478532314,bolditalic('Pampus argenteus')
PampusArgenteus,SSP1-2.6,80,Pampus argenteus,12,0.150194119047325,0.122371665396622,122.736025991414,2,2.13163548064232,bolditalic('Pampus argenteus')
PampusArgenteus,SSP1-2.6,81,Pampus argenteus,12,0.151431863425926,0.122371665396622,123.747489204397,2,2.14270920290053,bolditalic('Pampus argenteus')
PampusArgenteus,SSP1-2.6,82,Pampus argenteus,12,0.150443839798354,0.122371665396622,122.940093452799,2,2.14056668314338,bolditalic('Pampus argenteus')
PampusArgenteus,SSP1-2.6,83,Pampus argenteus,12,0.149156288390947,0.122371665396622,121.887928800766,2,2.13302602027357,bolditalic('Pampus argenteus')
PampusArgenteus,SSP1-2.6,84,Pampus argenteus,12,0.147736660798354,0.122371665396622,120.727833783679,2,2.12860071477294,bolditalic('Pampus argenteus')
PampusArgenteus,SSP1-2.6,85,Pampus argenteus,12,0.15435530004321,0.122371665396622,126.136470843087,2,2.11793352727592,bolditalic('Pampus argenteus')
PampusArgenteus,SSP1-2.6,86,Pampus argenteus,12,0.148682493298354,0.122371665396622,121.500751678467,2,2.13115887619555,bolditalic('Pampus argenteus')
PampusArgenteus,SSP1-2.6,87,Pampus argenteus,12,0.151930516131687,0.122371665396622,124.15497953653,2,2.14216937075555,bolditalic('Pampus argenteus')
PampusArgenteus,SSP1-2.6,88,Pampus argenteus,12,0.149301416279835,0.122371665396622,122.006524791446,2,2.13893994507194,bolditalic('Pampus argenteus')
PampusArgenteus,SSP1-2.6,89,Pampus argenteus,12,0.155492398228395,0.122371665396622,127.065687734513,2,2.10143170787394,bolditalic('Pampus argenteus')
PampusArgenteus,SSP1-2.6,90,Pampus argenteus,12,0.149820818942387,0.122371665396622,122.430971627949,2,2.09593216371536,bolditalic('Pampus argenteus')
PampusArgenteus,SSP1-2.6,91,Pampus argenteus,12,0.148406352792181,0.122371665396622,121.275094451953,2,2.13731300520897,bolditalic('Pampus argenteus')
PampusArgenteus,SSP1-2.6,92,Pampus argenteus,12,0.149094046213992,0.122371665396622,121.837065574583,2,2.09344719289243,bolditalic('Pampus argenteus')
PampusArgenteus,SSP1-2.6,93,Pampus argenteus,12,0.15232871468107,0.122371665396622,124.480380476439,2,2.12182200028002,bolditalic('Pampus argenteus')
PampusArgenteus,SSP1-2.6,94,Pampus argenteus,12,0.146713724670782,0.122371665396622,119.89190814333,2,2.13412647795677,bolditalic('Pampus argenteus')
PampusArgenteus,SSP1-2.6,95,Pampus argenteus,12,0.151925294347737,0.122371665396622,124.150712385361,2,2.11371972569823,bolditalic('Pampus argenteus')
PampusArgenteus,SSP1-2.6,96,Pampus argenteus,12,0.152053082580247,0.122371665396622,124.255138709948,2,2.10104380750656,bolditalic('Pampus argenteus')
PampusArgenteus,SSP1-2.6,97,Pampus argenteus,12,0.151668617327161,0.122371665396622,123.940960381297,2,2.11191187253594,bolditalic('Pampus argenteus')
PampusArgenteus,SSP1-2.6,98,Pampus argenteus,12,0.152069138985597,0.122371665396622,124.268259725584,2,2.11582573209703,bolditalic('Pampus argenteus')
PampusArgenteus,SSP1-2.6,99,Pampus argenteus,12,0.147973695755144,0.122371665396622,120.921534634298,2,2.12475240181386,bolditalic('Pampus argenteus')
PampusArgenteus,SSP1-2.6,100,Pampus argenteus,12,0.144995323897119,0.122371665396622,118.487660870816,2,2.09308142231405,bolditalic('Pampus argenteus')
PampusArgenteus,SSP5-8.5,1,Pampus argenteus,12,0.174434756388889,0.122371665396622,142.545053892601,3,3.09915956377983,bolditalic('Pampus argenteus')
PampusArgenteus,SSP5-8.5,2,Pampus argenteus,12,0.176506293399177,0.122371665396622,144.237877965538,3,3.12032884536684,bolditalic('Pampus argenteus')
PampusArgenteus,SSP5-8.5,3,Pampus argenteus,12,0.174589141049383,0.122371665396622,142.671214356295,3,3.13790204845369,bolditalic('Pampus argenteus')
PampusArgenteus,SSP5-8.5,4,Pampus argenteus,12,0.166714769606996,0.122371665396622,136.23641475063,3,3.11826975572109,bolditalic('Pampus argenteus')
PampusArgenteus,SSP5-8.5,5,Pampus argenteus,12,0.165484194327161,0.122371665396622,135.230810000669,3,3.1362322460264,bolditalic('Pampus argenteus')
PampusArgenteus,SSP5-8.5,6,Pampus argenteus,12,0.182348202074074,0.122371665396622,149.011784290963,3,3.15271257427335,bolditalic('Pampus argenteus')
PampusArgenteus,SSP5-8.5,7,Pampus argenteus,12,0.169239826104938,0.122371665396622,138.299847073593,3,3.12001986260712,bolditalic('Pampus argenteus')
PampusArgenteus,SSP5-8.5,8,Pampus argenteus,12,0.17388644236214,0.122371665396622,142.096981191317,3,3.12302630786598,bolditalic('Pampus argenteus')
PampusArgenteus,SSP5-8.5,9,Pampus argenteus,12,0.170125315014403,0.122371665396622,139.023453234051,3,3.14134805075824,bolditalic('Pampus argenteus')
PampusArgenteus,SSP5-8.5,10,Pampus argenteus,12,0.176270646960905,0.122371665396622,144.045311788141,3,3.111205819875,bolditalic('Pampus argenteus')
PampusArgenteus,SSP5-8.5,11,Pampus argenteus,12,0.172482953950617,0.122371665396622,140.950074832746,3,3.15397411611676,bolditalic('Pampus argenteus')
PampusArgenteus,SSP5-8.5,12,Pampus argenteus,12,0.171089135411523,0.122371665396622,139.811070526009,3,3.13361141391099,bolditalic('Pampus argenteus')
PampusArgenteus,SSP5-8.5,13,Pampus argenteus,12,0.16744634981893,0.122371665396622,136.834249396063,3,3.14201859922707,bolditalic('Pampus argenteus')
PampusArgenteus,SSP5-8.5,14,Pampus argenteus,12,0.176663042746914,0.122371665396622,144.365970810585,3,3.09923856802285,bolditalic('Pampus argenteus')
PampusArgenteus,SSP5-8.5,15,Pampus argenteus,12,0.171583462325103,0.122371665396622,140.215025895888,3,3.09566938123107,bolditalic('Pampus argenteus')
PampusArgenteus,SSP5-8.5,16,Pampus argenteus,12,0.175054134864198,0.122371665396622,143.051199227227,3,3.13129750318825,bolditalic('Pampus argenteus')
PampusArgenteus,SSP5-8.5,17,Pampus argenteus,12,0.17241463609465,0.122371665396622,140.894246667177,3,3.10950383476913,bolditalic('Pampus argenteus')
PampusArgenteus,SSP5-8.5,18,Pampus argenteus,12,0.176949274489712,0.122371665396622,144.599874420436,3,3.12913287256658,bolditalic('Pampus argenteus')
PampusArgenteus,SSP5-8.5,19,Pampus argenteus,12,0.170334174084362,0.122371665396622,139.194129239221,3,3.11171124759316,bolditalic('Pampus argenteus')
PampusArgenteus,SSP5-8.5,20,Pampus argenteus,12,0.171535998950617,0.122371665396622,140.176239650451,3,3.11994002245367,bolditalic('Pampus argenteus')
PampusArgenteus,SSP5-8.5,21,Pampus argenteus,12,0.173600135746914,0.122371665396622,141.863016397018,3,3.13999309015274,bolditalic('Pampus argenteus')
PampusArgenteus,SSP5-8.5,22,Pampus argenteus,12,0.167525647903292,0.122371665396622,136.899050413607,3,3.14282369309664,bolditalic('Pampus argenteus')
PampusArgenteus,SSP5-8.5,23,Pampus argenteus,12,0.170662204162551,0.122371665396622,139.462189722934,3,3.12519389587641,bolditalic('Pampus argenteus')
PampusArgenteus,SSP5-8.5,24,Pampus argenteus,12,0.177369267290123,0.122371665396622,144.943085243832,3,3.14551414169371,bolditalic('Pampus argenteus')
PampusArgenteus,SSP5-8.5,25,Pampus argenteus,12,0.174937180950617,0.122371665396622,142.955626519933,3,3.13391884560883,bolditalic('Pampus argenteus')
PampusArgenteus,SSP5-8.5,26,Pampus argenteus,12,0.170678594479424,0.122371665396622,139.475583605267,3,3.09955598068237,bolditalic('Pampus argenteus')
PampusArgenteus,SSP5-8.5,27,Pampus argenteus,12,0.176349183006173,0.122371665396622,144.109490080569,3,3.11559634017944,bolditalic('Pampus argenteus')
PampusArgenteus,SSP5-8.5,28,Pampus argenteus,12,0.177247012127572,0.122371665396622,144.843180447934,3,3.1160903493613,bolditalic('Pampus argenteus')
PampusArgenteus,SSP5-8.5,29,Pampus argenteus,12,0.174311137382716,0.122371665396622,142.444034587379,3,3.11768240225315,bolditalic('Pampus argenteus')
PampusArgenteus,SSP5-8.5,30,Pampus argenteus,12,0.167437037572016,0.122371665396622,136.826639589591,3,3.15328383003175,bolditalic('Pampus argenteus')
PampusArgenteus,SSP5-8.5,31,Pampus argenteus,12,0.171689625415638,0.122371665396622,140.30178052997,3,3.10185636052489,bolditalic('Pampus argenteus')
PampusArgenteus,SSP5-8.5,32,Pampus argenteus,12,0.16674818787037,0.122371665396622,136.263723575157,3,3.11387660488486,bolditalic('Pampus argenteus')
PampusArgenteus,SSP5-8.5,33,Pampus argenteus,12,0.168822336271605,0.122371665396622,137.95868163143,3,3.09638876457512,bolditalic('Pampus argenteus')
PampusArgenteus,SSP5-8.5,34,Pampus argenteus,12,0.168925950718107,0.122371665396622,138.043353557865,3,3.09742917594314,bolditalic('Pampus argenteus')
PampusArgenteus,SSP5-8.5,35,Pampus argenteus,12,0.174291644979424,0.122371665396622,142.428105733891,3,3.12764893354476,bolditalic('Pampus argenteus')
PampusArgenteus,SSP5-8.5,36,Pampus argenteus,12,0.171299907588477,0.122371665396622,139.983309888994,3,3.11421272017062,bolditalic('Pampus argenteus')
PampusArgenteus,SSP5-8.5,37,Pampus argenteus,12,0.169008467148148,0.122371665396622,138.110784551612,3,3.10067710232735,bolditalic('Pampus argenteus')
PampusArgenteus,SSP5-8.5,38,Pampus argenteus,12,0.163981780403292,0.122371665396622,134.003063431233,3,3.11427368752658,bolditalic('Pampus argenteus')
PampusArgenteus,SSP5-8.5,39,Pampus argenteus,12,0.172683324903292,0.122371665396622,141.113814495867,3,3.09387400233746,bolditalic('Pampus argenteus')
PampusArgenteus,SSP5-8.5,40,Pampus argenteus,12,0.170721362444444,0.122371665396622,139.510532843624,3,3.10189751923084,bolditalic('Pampus argenteus')
PampusArgenteus,SSP5-8.5,41,Pampus argenteus,12,0.170957461444444,0.122371665396622,139.703468846607,3,3.13009299726784,bolditalic('Pampus argenteus')
PampusArgenteus,SSP5-8.5,42,Pampus argenteus,12,0.170356662668724,0.122371665396622,139.212506519852,3,3.14837105472386,bolditalic('Pampus argenteus')
PampusArgenteus,SSP5-8.5,43,Pampus argenteus,12,0.176107935580247,0.122371665396622,143.912346873321,3,3.11074339258671,bolditalic('Pampus argenteus')
PampusArgenteus,SSP5-8.5,44,Pampus argenteus,12,0.175313544049383,0.122371665396622,143.263183908766,3,3.13587443621457,bolditalic('Pampus argenteus')
PampusArgenteus,SSP5-8.5,45,Pampus argenteus,12,0.168630353932099,0.122371665396622,137.801796997325,3,3.09306087177992,bolditalic('Pampus argenteus')
PampusArgenteus,SSP5-8.5,46,Pampus argenteus,12,0.16863212208642,0.122371665396622,137.803241902332,3,3.1360432356149,bolditalic('Pampus argenteus')
PampusArgenteus,SSP5-8.5,47,Pampus argenteus,12,0.178445064314815,0.122371665396622,145.822207891387,3,3.11941303499043,bolditalic('Pampus argenteus')
PampusArgenteus,SSP5-8.5,48,Pampus argenteus,12,0.172637318123457,0.122371665396622,141.076218554285,3,3.09915691372752,bolditalic('Pampus argenteus')
PampusArgenteus,SSP5-8.5,49,Pampus argenteus,12,0.176964456444444,0.122371665396622,144.612280850211,3,3.10867397511005,bolditalic('Pampus argenteus')
PampusArgenteus,SSP5-8.5,50,Pampus argenteus,12,0.16764810231893,0.122371665396622,136.999118035667,3,3.12899277736247,bolditalic('Pampus argenteus')
PampusArgenteus,SSP5-8.5,51,Pampus argenteus,12,0.171493334329218,0.122371665396622,140.141374862707,3,3.09565938442946,bolditalic('Pampus argenteus')
PampusArgenteus,SSP5-8.5,52,Pampus argenteus,12,0.17516084745679,0.122371665396622,143.138402904848,3,3.12028390446305,bolditalic('Pampus argenteus')
PampusArgenteus,SSP5-8.5,53,Pampus argenteus,12,0.174191353234568,0.122371665396622,142.346149061543,3,3.14800600393117,bolditalic('Pampus argenteus')
PampusArgenteus,SSP5-8.5,54,Pampus argenteus,12,0.173829596257202,0.122371665396622,142.050527541484,3,3.11923544585705,bolditalic('Pampus argenteus')
PampusArgenteus,SSP5-8.5,55,Pampus argenteus,12,0.17042175145679,0.122371665396622,139.265695947204,3,3.14287109942734,bolditalic('Pampus argenteus')
PampusArgenteus,SSP5-8.5,56,Pampus argenteus,12,0.173685767228395,0.122371665396622,141.932992956709,3,3.15429950165749,bolditalic('Pampus argenteus')
PampusArgenteus,SSP5-8.5,57,Pampus argenteus,12,0.17334945963786,0.122371665396622,141.658168233645,3,3.11475470232964,bolditalic('Pampus argenteus')
PampusArgenteus,SSP5-8.5,58,Pampus argenteus,12,0.174826350641975,0.122371665396622,142.865057916259,3,3.15325447522104,bolditalic('Pampus argenteus')
PampusArgenteus,SSP5-8.5,59,Pampus argenteus,12,0.176467003102881,0.122371665396622,144.205770617674,3,3.13393734364212,bolditalic('Pampus argenteus')
PampusArgenteus,SSP5-8.5,60,Pampus argenteus,12,0.167924864300412,0.122371665396622,137.225283121012,3,3.11107752160728,bolditalic('Pampus argenteus')
PampusArgenteus,SSP5-8.5,61,Pampus argenteus,12,0.173848828528807,0.122371665396622,142.066243819875,3,3.14976789180934,bolditalic('Pampus argenteus')
PampusArgenteus,SSP5-8.5,62,Pampus argenteus,12,0.172215567343621,0.122371665396622,140.73157114063,3,3.15392353413999,bolditalic('Pampus argenteus')
PampusArgenteus,SSP5-8.5,63,Pampus argenteus,12,0.169053501415638,0.122371665396622,138.147585772992,3,3.13466112069786,bolditalic('Pampus argenteus')
PampusArgenteus,SSP5-8.5,64,Pampus argenteus,12,0.168355149670782,0.122371665396622,137.576904853849,3,3.15622476369143,bolditalic('Pampus argenteus')
PampusArgenteus,SSP5-8.5,65,Pampus argenteus,12,0.171286032837449,0.122371665396622,139.971971683387,3,3.11070739482343,bolditalic('Pampus argenteus')
PampusArgenteus,SSP5-8.5,66,Pampus argenteus,12,0.166023829619342,0.122371665396622,135.671790590769,3,3.13817328813672,bolditalic('Pampus argenteus')
PampusArgenteus,SSP5-8.5,67,Pampus argenteus,12,0.171807198014403,0.122371665396622,140.397858816053,3,3.09630184240639,bolditalic('Pampus argenteus')
PampusArgenteus,SSP5-8.5,68,Pampus argenteus,12,0.167470599709877,0.122371665396622,136.85406598585,3,3.10002902020514,bolditalic('Pampus argenteus')
PampusArgenteus,SSP5-8.5,69,Pampus argenteus,12,0.171477990281893,0.122371665396622,140.12883597368,3,3.11341286374629,bolditalic('Pampus argenteus')
PampusArgenteus,SSP5-8.5,70,Pampus argenteus,12,0.172715248123457,0.122371665396622,141.139901597044,3,3.15007736706734,bolditalic('Pampus argenteus')
PampusArgenteus,SSP5-8.5,71,Pampus argenteus,12,0.171154973520576,0.122371665396622,139.86487228546,3,3.1451775495857,bolditalic('Pampus argenteus')
PampusArgenteus,SSP5-8.5,72,Pampus argenteus,12,0.174194459588477,0.122371665396622,142.348687520016,3,3.1553995243758,bolditalic('Pampus argenteus')
PampusArgenteus,SSP5-8.5,73,Pampus argenteus,12,0.173815634446502,0.122371665396622,142.039118192225,3,3.13358811560273,bolditalic('Pampus argenteus')
PampusArgenteus,SSP5-8.5,74,Pampus argenteus,12,0.169874000711934,0.122371665396622,138.818083550102,3,3.09359943541884,bolditalic('Pampus argenteus')
PampusArgenteus,SSP5-8.5,75,Pampus argenteus,12,0.169543179121399,0.122371665396622,138.547741890974,3,3.13982265666127,bolditalic('Pampus argenteus')
PampusArgenteus,SSP5-8.5,76,Pampus argenteus,12,0.176338235806584,0.122371665396622,144.100544219162,3,3.13749905845523,bolditalic('Pampus argenteus')
PampusArgenteus,SSP5-8.5,77,Pampus argenteus,12,0.170164235109054,0.122371665396622,139.05525805956,3,3.14376596207917,bolditalic('Pampus argenteus')
PampusArgenteus,SSP5-8.5,78,Pampus argenteus,12,0.175696301034979,0.122371665396622,143.575966270889,3,3.09700880604982,bolditalic('Pampus argenteus')
PampusArgenteus,SSP5-8.5,79,Pampus argenteus,12,0.169170548944444,0.122371665396622,138.243234981023,3,3.13398251377046,bolditalic('Pampus argenteus')
PampusArgenteus,SSP5-8.5,80,Pampus argenteus,12,0.175729789467078,0.122371665396622,143.603332436079,3,3.09825055778027,bolditalic('Pampus argenteus')
PampusArgenteus,SSP5-8.5,81,Pampus argenteus,12,0.167540488763374,0.122371665396622,136.911178106757,3,3.15056791187823,bolditalic('Pampus argenteus')
PampusArgenteus,SSP5-8.5,82,Pampus argenteus,12,0.169184439261317,0.122371665396622,138.254585906769,3,3.11493983207643,bolditalic('Pampus argenteus')
PampusArgenteus,SSP5-8.5,83,Pampus argenteus,12,0.176949401355967,0.122371665396622,144.599978093337,3,3.14356963127852,bolditalic('Pampus argenteus')
PampusArgenteus,SSP5-8.5,84,Pampus argenteus,12,0.166664486748971,0.122371665396622,136.195324472205,3,3.11160048273206,bolditalic('Pampus argenteus')
PampusArgenteus,SSP5-8.5,85,Pampus argenteus,12,0.175589369744856,0.122371665396622,143.488583877443,3,3.10930696620047,bolditalic('Pampus argenteus')
PampusArgenteus,SSP5-8.5,86,Pampus argenteus,12,0.179824425458848,0.122371665396622,146.949397865931,3,3.12236763772368,bolditalic('Pampus argenteus')
PampusArgenteus,SSP5-8.5,87,Pampus argenteus,12,0.166568781063786,0.122371665396622,136.117115448184,3,3.13741613252461,bolditalic('Pampus argenteus')
PampusArgenteus,SSP5-8.5,88,Pampus argenteus,12,0.1783764306893,0.122371665396622,145.766121684427,3,3.10370567423105,bolditalic('Pampus argenteus')
PampusArgenteus,SSP5-8.5,89,Pampus argenteus,12,0.176400919925926,0.122371665396622,144.151768592989,3,3.10780883002281,bolditalic('Pampus argenteus')
PampusArgenteus,SSP5-8.5,90,Pampus argenteus,12,0.174490546728395,0.122371665396622,142.590644789256,3,3.11457261152566,bolditalic('Pampus argenteus')
PampusArgenteus,SSP5-8.5,91,Pampus argenteus,12,0.168190055954733,0.122371665396622,137.441993135917,3,3.0969008500576,bolditalic('Pampus argenteus')
PampusArgenteus,SSP5-8.5,92,Pampus argenteus,12,0.179238443580247,0.122371665396622,146.470543650209,3,3.11054659979045,bolditalic('Pampus argenteus')
PampusArgenteus,SSP5-8.5,93,Pampus argenteus,12,0.168949160427984,0.122371665396622,138.062320129744,3,3.12255816370249,bolditalic('Pampus argenteus')
PampusArgenteus,SSP5-8.5,94,Pampus argenteus,12,0.175097402286008,0.122371665396622,143.086556612999,3,3.10182958082855,bolditalic('Pampus argenteus')
PampusArgenteus,SSP5-8.5,95,Pampus argenteus,12,0.170242640971193,0.122371665396622,139.119329968596,3,3.12874163918197,bolditalic('Pampus argenteus')
PampusArgenteus,SSP5-8.5,96,Pampus argenteus,12,0.17227848255144,0.122371665396622,140.782984355948,3,3.123980502069,bolditalic('Pampus argenteus')
PampusArgenteus,SSP5-8.5,97,Pampus argenteus,12,0.167366375438272,0.122371665396622,136.76889572093,3,3.14049921163917,bolditalic('Pampus argenteus')
PampusArgenteus,SSP5-8.5,98,Pampus argenteus,12,0.172647019353909,0.122371665396622,141.08414623135,3,3.10855177564919,bolditalic('Pampus argenteus')
PampusArgenteus,SSP5-8.5,99,Pampus argenteus,12,0.169475602753086,0.122371665396622,138.492519656241,3,3.15398849776387,bolditalic('Pampus argenteus')
PampusArgenteus,SSP5-8.5,100,Pampus argenteus,12,0.171435085611111,0.122371665396622,140.093775021749,3,3.09603239195049,bolditalic('Pampus argenteus')
PennahiaArgentata,Base,1,Pennahia argentata,11,0.0945881615190476,0.100717103857898,93.9146956136684,1,1.14026740819216,bolditalic('Pennahia argentata')
PennahiaArgentata,Base,2,Pennahia argentata,11,0.10011858748381,0.100717103857898,99.4057450510761,1,1.15641010038555,bolditalic('Pennahia argentata')
PennahiaArgentata,Base,3,Pennahia argentata,11,0.0985598944333333,0.100717103857898,97.8581498653807,1,1.1562394644469,bolditalic('Pennahia argentata')
PennahiaArgentata,Base,4,Pennahia argentata,11,0.103852776590476,0.100717103857898,103.113346802547,1,1.12713697338104,bolditalic('Pennahia argentata')
PennahiaArgentata,Base,5,Pennahia argentata,11,0.0981493786238095,0.100717103857898,97.4505569205885,1,1.12625960040092,bolditalic('Pennahia argentata')
PennahiaArgentata,Base,6,Pennahia argentata,11,0.104093736009524,0.100717103857898,103.352590595128,1,1.14969385775924,bolditalic('Pennahia argentata')
PennahiaArgentata,Base,7,Pennahia argentata,11,0.0998274778809524,0.100717103857898,99.1167081430368,1,1.12598499496281,bolditalic('Pennahia argentata')
PennahiaArgentata,Base,8,Pennahia argentata,11,0.101033515547619,0.100717103857898,100.314158844527,1,1.13556026123464,bolditalic('Pennahia argentata')
PennahiaArgentata,Base,9,Pennahia argentata,11,0.102683064239683,0.100717103857898,101.951962781375,1,1.1157779328227,bolditalic('Pennahia argentata')
PennahiaArgentata,Base,10,Pennahia argentata,11,0.0983466787253968,0.100717103857898,97.6464522492168,1,1.09533255296946,bolditalic('Pennahia argentata')
PennahiaArgentata,Base,11,Pennahia argentata,11,0.099827196147619,0.100717103857898,99.1164284156393,1,1.15268562930822,bolditalic('Pennahia argentata')
PennahiaArgentata,Base,12,Pennahia argentata,11,0.0968854452142857,0.100717103857898,96.1956226928261,1,1.15275760523975,bolditalic('Pennahia argentata')
PennahiaArgentata,Base,13,Pennahia argentata,11,0.100623355447619,0.100717103857898,99.9069190766131,1,1.14540717734396,bolditalic('Pennahia argentata')
PennahiaArgentata,Base,14,Pennahia argentata,11,0.099244702252381,0.100717103857898,98.5380818658221,1,1.11171038690209,bolditalic('Pennahia argentata')
PennahiaArgentata,Base,15,Pennahia argentata,11,0.0997560297571429,0.100717103857898,99.0457687285057,1,1.11817044371367,bolditalic('Pennahia argentata')
PennahiaArgentata,Base,16,Pennahia argentata,11,0.100461308446825,0.100717103857898,99.7460258473732,1,1.12881888841093,bolditalic('Pennahia argentata')
PennahiaArgentata,Base,17,Pennahia argentata,11,0.10553628462381,0.100717103857898,104.784868290803,1,1.10342828865349,bolditalic('Pennahia argentata')
PennahiaArgentata,Base,18,Pennahia argentata,11,0.10182099872381,0.100717103857898,101.096035155527,1,1.12534953905642,bolditalic('Pennahia argentata')
PennahiaArgentata,Base,19,Pennahia argentata,11,0.0980705989333333,0.100717103857898,97.3723381400054,1,1.13949078759551,bolditalic('Pennahia argentata')
PennahiaArgentata,Base,20,Pennahia argentata,11,0.102380532466667,0.100717103857898,101.651585028811,1,1.13513964121044,bolditalic('Pennahia argentata')
PennahiaArgentata,Base,21,Pennahia argentata,11,0.100468904347619,0.100717103857898,99.7535676654984,1,1.13392060872912,bolditalic('Pennahia argentata')
PennahiaArgentata,Base,22,Pennahia argentata,11,0.0986579880563492,0.100717103857898,97.9555450636722,1,1.1153022660464,bolditalic('Pennahia argentata')
PennahiaArgentata,Base,23,Pennahia argentata,11,0.0991468437333333,0.100717103857898,98.440920097563,1,1.14729071757197,bolditalic('Pennahia argentata')
PennahiaArgentata,Base,24,Pennahia argentata,11,0.100761809780952,0.100717103857898,100.044387617734,1,1.155509050861,bolditalic('Pennahia argentata')
PennahiaArgentata,Base,25,Pennahia argentata,11,0.103785575685714,0.100717103857898,103.046624366945,1,1.12381800758839,bolditalic('Pennahia argentata')
PennahiaArgentata,Base,26,Pennahia argentata,11,0.105540177494444,0.100717103857898,104.788733444272,1,1.13477879917622,bolditalic('Pennahia argentata')
PennahiaArgentata,Base,27,Pennahia argentata,11,0.0976865723857143,0.100717103857898,96.9910458540787,1,1.10142408271134,bolditalic('Pennahia argentata')
PennahiaArgentata,Base,28,Pennahia argentata,11,0.100395002247619,0.100717103857898,99.6801917470404,1,1.14662114778161,bolditalic('Pennahia argentata')
PennahiaArgentata,Base,29,Pennahia argentata,11,0.101070294880952,0.100717103857898,100.350676309708,1,1.12589809803665,bolditalic('Pennahia argentata')
PennahiaArgentata,Base,30,Pennahia argentata,11,0.102128741738095,0.100717103857898,101.401587045422,1,1.10305047063529,bolditalic('Pennahia argentata')
PennahiaArgentata,Base,31,Pennahia argentata,11,0.104845600985714,0.100717103857898,104.099102307033,1,1.11607664455473,bolditalic('Pennahia argentata')
PennahiaArgentata,Base,32,Pennahia argentata,11,0.096721521252381,0.100717103857898,96.0328658664026,1,1.11549712982774,bolditalic('Pennahia argentata')
PennahiaArgentata,Base,33,Pennahia argentata,11,0.0994139770801587,0.100717103857898,98.7061514600556,1,1.13328261379898,bolditalic('Pennahia argentata')
PennahiaArgentata,Base,34,Pennahia argentata,11,0.0998516896285714,0.100717103857898,99.1407475034747,1,1.14203263559937,bolditalic('Pennahia argentata')
PennahiaArgentata,Base,35,Pennahia argentata,11,0.104108408271429,0.100717103857898,103.367158390809,1,1.13669403767586,bolditalic('Pennahia argentata')
PennahiaArgentata,Base,36,Pennahia argentata,11,0.100247134561905,0.100717103857898,99.5333768764276,1,1.10573417328298,bolditalic('Pennahia argentata')
PennahiaArgentata,Base,37,Pennahia argentata,11,0.103830645549206,0.100717103857898,103.091373333868,1,1.10026205416024,bolditalic('Pennahia argentata')
PennahiaArgentata,Base,38,Pennahia argentata,11,0.100790408819048,0.100717103857898,100.072783031225,1,1.11689621390402,bolditalic('Pennahia argentata')
PennahiaArgentata,Base,39,Pennahia argentata,11,0.103841862228571,0.100717103857898,103.10251015069,1,1.12431631857157,bolditalic('Pennahia argentata')
PennahiaArgentata,Base,40,Pennahia argentata,11,0.0989676353333333,0.100717103857898,98.2629876579519,1,1.14574748577178,bolditalic('Pennahia argentata')
PennahiaArgentata,Base,41,Pennahia argentata,11,0.102917974147619,0.100717103857898,102.185200135248,1,1.13254956132174,bolditalic('Pennahia argentata')
PennahiaArgentata,Base,42,Pennahia argentata,11,0.101717141553175,0.100717103857898,100.992917445966,1,1.10894633118808,bolditalic('Pennahia argentata')
PennahiaArgentata,Base,43,Pennahia argentata,11,0.0981563472468254,0.100717103857898,97.4574759271415,1,1.14996982476115,bolditalic('Pennahia argentata')
PennahiaArgentata,Base,44,Pennahia argentata,11,0.107615770066667,0.100717103857898,106.849547836981,1,1.15590006007254,bolditalic('Pennahia argentata')
PennahiaArgentata,Base,45,Pennahia argentata,11,0.0981395270015873,0.100717103857898,97.4407754417285,1,1.12239121994376,bolditalic('Pennahia argentata')
PennahiaArgentata,Base,46,Pennahia argentata,11,0.10061160517619,0.100717103857898,99.8952524668926,1,1.13992211289704,bolditalic('Pennahia argentata')
PennahiaArgentata,Base,47,Pennahia argentata,11,0.101599101480952,0.100717103857898,100.875717816805,1,1.11412009222806,bolditalic('Pennahia argentata')
PennahiaArgentata,Base,48,Pennahia argentata,11,0.100170475214286,0.100717103857898,99.4572633419011,1,1.13846183885634,bolditalic('Pennahia argentata')
PennahiaArgentata,Base,49,Pennahia argentata,11,0.1042871002,0.100717103857898,103.544578036257,1,1.10602752746642,bolditalic('Pennahia argentata')
PennahiaArgentata,Base,50,Pennahia argentata,11,0.100588061990476,0.100717103857898,99.8718769082117,1,1.13477150224149,bolditalic('Pennahia argentata')
PennahiaArgentata,Base,51,Pennahia argentata,11,0.102004844261905,0.100717103857898,101.278571716899,1,1.10008515396714,bolditalic('Pennahia argentata')
PennahiaArgentata,Base,52,Pennahia argentata,11,0.0957825562380952,0.100717103857898,95.1005862651041,1,1.12044982263446,bolditalic('Pennahia argentata')
PennahiaArgentata,Base,53,Pennahia argentata,11,0.102205313247619,0.100717103857898,101.477613367259,1,1.14607868815959,bolditalic('Pennahia argentata')
PennahiaArgentata,Base,54,Pennahia argentata,11,0.0973153045904762,0.100717103857898,96.6224214784593,1,1.12616052292287,bolditalic('Pennahia argentata')
PennahiaArgentata,Base,55,Pennahia argentata,11,0.101920657961905,0.100717103857898,101.194984821749,1,1.10376926381886,bolditalic('Pennahia argentata')
PennahiaArgentata,Base,56,Pennahia argentata,11,0.0981083046361905,0.100717103857898,97.4097753789777,1,1.09686432029307,bolditalic('Pennahia argentata')
PennahiaArgentata,Base,57,Pennahia argentata,11,0.0959697712142857,0.100717103857898,95.286468274236,1,1.14372059009969,bolditalic('Pennahia argentata')
PennahiaArgentata,Base,58,Pennahia argentata,11,0.0990067188428571,0.100717103857898,98.3017928936336,1,1.11052595804632,bolditalic('Pennahia argentata')
PennahiaArgentata,Base,59,Pennahia argentata,11,0.105746347890476,0.100717103857898,104.993435911018,1,1.14904723230004,bolditalic('Pennahia argentata')
PennahiaArgentata,Base,60,Pennahia argentata,11,0.0998809887888889,0.100717103857898,99.1698380543297,1,1.11273429451883,bolditalic('Pennahia argentata')
PennahiaArgentata,Base,61,Pennahia argentata,11,0.102110517119048,0.100717103857898,101.383492185315,1,1.1087686355859,bolditalic('Pennahia argentata')
PennahiaArgentata,Base,62,Pennahia argentata,11,0.0990931898809524,0.100717103857898,98.3876482595874,1,1.14846892279387,bolditalic('Pennahia argentata')
PennahiaArgentata,Base,63,Pennahia argentata,11,0.10498417532381,0.100717103857898,104.236689998485,1,1.14719272218645,bolditalic('Pennahia argentata')
PennahiaArgentata,Base,64,Pennahia argentata,11,0.0963215556126984,0.100717103857898,95.6357479744437,1,1.11640313203633,bolditalic('Pennahia argentata')
PennahiaArgentata,Base,65,Pennahia argentata,11,0.0989027758238095,0.100717103857898,98.1985899468985,1,1.13118186601996,bolditalic('Pennahia argentata')
PennahiaArgentata,Base,66,Pennahia argentata,11,0.0974627996380952,0.100717103857898,96.7688663641533,1,1.12644232875109,bolditalic('Pennahia argentata')
PennahiaArgentata,Base,67,Pennahia argentata,11,0.10209155137619,0.100717103857898,101.364661478184,1,1.13176723314822,bolditalic('Pennahia argentata')
PennahiaArgentata,Base,68,Pennahia argentata,11,0.101885277014286,0.100717103857898,101.159855785802,1,1.10152031457424,bolditalic('Pennahia argentata')
PennahiaArgentata,Base,69,Pennahia argentata,11,0.0984078138,0.100717103857898,97.7071520432552,1,1.14783524948359,bolditalic('Pennahia argentata')
PennahiaArgentata,Base,70,Pennahia argentata,11,0.0992282959039682,0.100717103857898,98.521792330297,1,1.09368992909789,bolditalic('Pennahia argentata')
PennahiaArgentata,Base,71,Pennahia argentata,11,0.101676824371429,0.100717103857898,100.952887321785,1,1.15419886748493,bolditalic('Pennahia argentata')
PennahiaArgentata,Base,72,Pennahia argentata,11,0.104631526638095,0.100717103857898,103.886552164684,1,1.13042408627272,bolditalic('Pennahia argentata')
PennahiaArgentata,Base,73,Pennahia argentata,11,0.100185102352381,0.100717103857898,99.4717863350519,1,1.12437236919999,bolditalic('Pennahia argentata')
PennahiaArgentata,Base,74,Pennahia argentata,11,0.105812269707937,0.100717103857898,105.058888366396,1,1.15490016902983,bolditalic('Pennahia argentata')
PennahiaArgentata,Base,75,Pennahia argentata,11,0.0956557902380952,0.100717103857898,94.9747228366056,1,1.12111408999562,bolditalic('Pennahia argentata')
PennahiaArgentata,Base,76,Pennahia argentata,11,0.0999210266222222,0.100717103857898,99.2095908190535,1,1.11017824108899,bolditalic('Pennahia argentata')
PennahiaArgentata,Base,77,Pennahia argentata,11,0.102491435528571,0.100717103857898,101.76169846303,1,1.09939916570485,bolditalic('Pennahia argentata')
PennahiaArgentata,Base,78,Pennahia argentata,11,0.100665244588095,0.100717103857898,99.9485099672082,1,1.1317656892091,bolditalic('Pennahia argentata')
PennahiaArgentata,Base,79,Pennahia argentata,11,0.100050983180952,0.100717103857898,99.3386220895646,1,1.155143881917,bolditalic('Pennahia argentata')
PennahiaArgentata,Base,80,Pennahia argentata,11,0.100785314514286,0.100717103857898,100.067724997816,1,1.13553372113407,bolditalic('Pennahia argentata')
PennahiaArgentata,Base,81,Pennahia argentata,11,0.100278648642857,0.100717103857898,99.5646665777245,1,1.09800702662766,bolditalic('Pennahia argentata')
PennahiaArgentata,Base,82,Pennahia argentata,11,0.101111350069841,0.100717103857898,100.391439186435,1,1.15521271570027,bolditalic('Pennahia argentata')
PennahiaArgentata,Base,83,Pennahia argentata,11,0.10436868197619,0.100717103857898,103.625578951757,1,1.11188234299421,bolditalic('Pennahia argentata')
PennahiaArgentata,Base,84,Pennahia argentata,11,0.101196618785714,0.100717103857898,100.476100790678,1,1.11170186573267,bolditalic('Pennahia argentata')
PennahiaArgentata,Base,85,Pennahia argentata,11,0.0996069954142857,0.100717103857898,98.8977955073262,1,1.13781249047816,bolditalic('Pennahia argentata')
PennahiaArgentata,Base,86,Pennahia argentata,11,0.100356324604762,0.100717103857898,99.6417894882627,1,1.12280090382695,bolditalic('Pennahia argentata')
PennahiaArgentata,Base,87,Pennahia argentata,11,0.101982894661905,0.100717103857898,101.256778397632,1,1.11957327269018,bolditalic('Pennahia argentata')
PennahiaArgentata,Base,88,Pennahia argentata,11,0.09783939,0.100717103857898,97.1427754098663,1,1.12935104995966,bolditalic('Pennahia argentata')
PennahiaArgentata,Base,89,Pennahia argentata,11,0.0977826103,0.100717103857898,97.086399980247,1,1.1128885191381,bolditalic('Pennahia argentata')
PennahiaArgentata,Base,90,Pennahia argentata,11,0.10234285377619,0.100717103857898,101.614174609891,1,1.09785283669829,bolditalic('Pennahia argentata')
PennahiaArgentata,Base,91,Pennahia argentata,11,0.102243910325397,0.100717103857898,101.51593563458,1,1.11423014305532,bolditalic('Pennahia argentata')
PennahiaArgentata,Base,92,Pennahia argentata,11,0.0981597505333333,0.100717103857898,97.4608549823144,1,1.13904876570404,bolditalic('Pennahia argentata')
PennahiaArgentata,Base,93,Pennahia argentata,11,0.102590375533333,0.100717103857898,101.859934016845,1,1.13434658071399,bolditalic('Pennahia argentata')
PennahiaArgentata,Base,94,Pennahia argentata,11,0.10343835802381,0.100717103857898,102.701878888169,1,1.11229732073843,bolditalic('Pennahia argentata')
PennahiaArgentata,Base,95,Pennahia argentata,11,0.10383728847619,0.100717103857898,103.097968963339,1,1.14260132466257,bolditalic('Pennahia argentata')
PennahiaArgentata,Base,96,Pennahia argentata,11,0.0991204510253968,0.100717103857898,98.4147153052034,1,1.11536792472005,bolditalic('Pennahia argentata')
PennahiaArgentata,Base,97,Pennahia argentata,11,0.103057732555556,0.100717103857898,102.323963465987,1,1.10384498651326,bolditalic('Pennahia argentata')
PennahiaArgentata,Base,98,Pennahia argentata,11,0.0963411364190476,0.100717103857898,95.6551893658252,1,1.13373830813169,bolditalic('Pennahia argentata')
PennahiaArgentata,Base,99,Pennahia argentata,11,0.102800511442857,0.100717103857898,102.068573762703,1,1.13941406083107,bolditalic('Pennahia argentata')
PennahiaArgentata,Base,100,Pennahia argentata,11,0.0990266051095238,0.100717103857898,98.321537570461,1,1.14670350010693,bolditalic('Pennahia argentata')
PennahiaArgentata,SSP1-2.6,1,Pennahia argentata,11,0.126974869639624,0.100717103857898,126.070810990329,2,2.10535445386171,bolditalic('Pennahia argentata')
PennahiaArgentata,SSP1-2.6,2,Pennahia argentata,11,0.12812510740682,0.100717103857898,127.212859086567,2,2.09853305394948,bolditalic('Pennahia argentata')
PennahiaArgentata,SSP1-2.6,3,Pennahia argentata,11,0.128245195477954,0.100717103857898,127.332092132926,2,2.15697949226201,bolditalic('Pennahia argentata')
PennahiaArgentata,SSP1-2.6,4,Pennahia argentata,11,0.128689942070547,0.100717103857898,127.773672138265,2,2.1118558216393,bolditalic('Pennahia argentata')
PennahiaArgentata,SSP1-2.6,5,Pennahia argentata,11,0.128948883989418,0.100717103857898,128.030770395614,2,2.10340517370403,bolditalic('Pennahia argentata')
PennahiaArgentata,SSP1-2.6,6,Pennahia argentata,11,0.124000574689006,0.100717103857898,123.117692963013,2,2.10438928049803,bolditalic('Pennahia argentata')
PennahiaArgentata,SSP1-2.6,7,Pennahia argentata,11,0.126058359641975,0.100717103857898,125.160826526377,2,2.13380183878541,bolditalic('Pennahia argentata')
PennahiaArgentata,SSP1-2.6,8,Pennahia argentata,11,0.127050339444444,0.100717103857898,126.145743451578,2,2.12287920624018,bolditalic('Pennahia argentata')
PennahiaArgentata,SSP1-2.6,9,Pennahia argentata,11,0.12701603005291,0.100717103857898,126.111678342257,2,2.09318150386214,bolditalic('Pennahia argentata')
PennahiaArgentata,SSP1-2.6,10,Pennahia argentata,11,0.125685627801881,0.100717103857898,124.790748529873,2,2.14281100679934,bolditalic('Pennahia argentata')
PennahiaArgentata,SSP1-2.6,11,Pennahia argentata,11,0.12652329582716,0.100717103857898,125.622452374794,2,2.13229807245731,bolditalic('Pennahia argentata')
PennahiaArgentata,SSP1-2.6,12,Pennahia argentata,11,0.12241438138448,0.100717103857898,121.542793324552,2,2.10347997452319,bolditalic('Pennahia argentata')
PennahiaArgentata,SSP1-2.6,13,Pennahia argentata,11,0.128232358232804,0.100717103857898,127.319346288717,2,2.1389854812175,bolditalic('Pennahia argentata')
PennahiaArgentata,SSP1-2.6,14,Pennahia argentata,11,0.12977441387478,0.100717103857898,128.850422523942,2,2.10039784602821,bolditalic('Pennahia argentata')
PennahiaArgentata,SSP1-2.6,15,Pennahia argentata,11,0.126533206393298,0.100717103857898,125.63229237789,2,2.13902595417202,bolditalic('Pennahia argentata')
PennahiaArgentata,SSP1-2.6,16,Pennahia argentata,11,0.125442129375661,0.100717103857898,124.548983807802,2,2.11231251129508,bolditalic('Pennahia argentata')
PennahiaArgentata,SSP1-2.6,17,Pennahia argentata,11,0.130326676287478,0.100717103857898,129.398752838799,2,2.14059742569923,bolditalic('Pennahia argentata')
PennahiaArgentata,SSP1-2.6,18,Pennahia argentata,11,0.127994796197531,0.100717103857898,127.083475690602,2,2.10304214094579,bolditalic('Pennahia argentata')
PennahiaArgentata,SSP1-2.6,19,Pennahia argentata,11,0.126918730114638,0.100717103857898,126.015071177689,2,2.1058769415766,bolditalic('Pennahia argentata')
PennahiaArgentata,SSP1-2.6,20,Pennahia argentata,11,0.124220494027631,0.100717103857898,123.336046480143,2,2.0930255317688,bolditalic('Pennahia argentata')
PennahiaArgentata,SSP1-2.6,21,Pennahia argentata,11,0.128012166678424,0.100717103857898,127.100722494003,2,2.12202275465429,bolditalic('Pennahia argentata')
PennahiaArgentata,SSP1-2.6,22,Pennahia argentata,11,0.127740155827748,0.100717103857898,126.830648355394,2,2.11139718434215,bolditalic('Pennahia argentata')
PennahiaArgentata,SSP1-2.6,23,Pennahia argentata,11,0.130818233976484,0.100717103857898,129.886810646437,2,2.11210155914724,bolditalic('Pennahia argentata')
PennahiaArgentata,SSP1-2.6,24,Pennahia argentata,11,0.126488910761905,0.100717103857898,125.588312130547,2,2.13259550632536,bolditalic('Pennahia argentata')
PennahiaArgentata,SSP1-2.6,25,Pennahia argentata,11,0.127918946356261,0.100717103857898,127.008165898755,2,2.12263881570101,bolditalic('Pennahia argentata')
PennahiaArgentata,SSP1-2.6,26,Pennahia argentata,11,0.126666281835097,0.100717103857898,125.764420325082,2,2.11769625197351,bolditalic('Pennahia argentata')
PennahiaArgentata,SSP1-2.6,27,Pennahia argentata,11,0.128062381708995,0.100717103857898,127.150579994514,2,2.10496654371917,bolditalic('Pennahia argentata')
PennahiaArgentata,SSP1-2.6,28,Pennahia argentata,11,0.128159226529101,0.100717103857898,127.246735281349,2,2.10932893487811,bolditalic('Pennahia argentata')
PennahiaArgentata,SSP1-2.6,29,Pennahia argentata,11,0.125408959148148,0.100717103857898,124.516049751676,2,2.10813976021111,bolditalic('Pennahia argentata')
PennahiaArgentata,SSP1-2.6,30,Pennahia argentata,11,0.128405411141093,0.100717103857898,127.4911670636,2,2.09721588326991,bolditalic('Pennahia argentata')
PennahiaArgentata,SSP1-2.6,31,Pennahia argentata,11,0.129525355876543,0.100717103857898,128.603137813901,2,2.13591963118315,bolditalic('Pennahia argentata')
PennahiaArgentata,SSP1-2.6,32,Pennahia argentata,11,0.127141732348618,0.100717103857898,126.236485640018,2,2.15026397548616,bolditalic('Pennahia argentata')
PennahiaArgentata,SSP1-2.6,33,Pennahia argentata,11,0.124840833038801,0.100717103857898,123.951968689388,2,2.14657712571323,bolditalic('Pennahia argentata')
PennahiaArgentata,SSP1-2.6,34,Pennahia argentata,11,0.126845162116402,0.100717103857898,125.942026982197,2,2.12037180261314,bolditalic('Pennahia argentata')
PennahiaArgentata,SSP1-2.6,35,Pennahia argentata,11,0.126837178689594,0.100717103857898,125.934100397236,2,2.1074999962151,bolditalic('Pennahia argentata')
PennahiaArgentata,SSP1-2.6,36,Pennahia argentata,11,0.128457788104056,0.100717103857898,127.543171103586,2,2.14299855104089,bolditalic('Pennahia argentata')
PennahiaArgentata,SSP1-2.6,37,Pennahia argentata,11,0.126996281035273,0.100717103857898,126.092069937249,2,2.09324841815233,bolditalic('Pennahia argentata')
PennahiaArgentata,SSP1-2.6,38,Pennahia argentata,11,0.126092144795414,0.100717103857898,125.194371130168,2,2.09617147803307,bolditalic('Pennahia argentata')
PennahiaArgentata,SSP1-2.6,39,Pennahia argentata,11,0.127031531398589,0.100717103857898,126.127069318651,2,2.10663755194843,bolditalic('Pennahia argentata')
PennahiaArgentata,SSP1-2.6,40,Pennahia argentata,11,0.130815353559083,0.100717103857898,129.883950737553,2,2.11336207793653,bolditalic('Pennahia argentata')
PennahiaArgentata,SSP1-2.6,41,Pennahia argentata,11,0.126408908712522,0.100717103857898,125.50887969423,2,2.09300730286539,bolditalic('Pennahia argentata')
PennahiaArgentata,SSP1-2.6,42,Pennahia argentata,11,0.127193604834215,0.100717103857898,126.287988794507,2,2.11113951577246,bolditalic('Pennahia argentata')
PennahiaArgentata,SSP1-2.6,43,Pennahia argentata,11,0.124491779778954,0.100717103857898,123.605400682092,2,2.15094045558572,bolditalic('Pennahia argentata')
PennahiaArgentata,SSP1-2.6,44,Pennahia argentata,11,0.12494421615873,0.100717103857898,124.054615723476,2,2.09461544163525,bolditalic('Pennahia argentata')
PennahiaArgentata,SSP1-2.6,45,Pennahia argentata,11,0.129997773276896,0.100717103857898,129.072191611377,2,2.12264944374561,bolditalic('Pennahia argentata')
PennahiaArgentata,SSP1-2.6,46,Pennahia argentata,11,0.127652285226925,0.100717103857898,126.743403391572,2,2.14750895439088,bolditalic('Pennahia argentata')
PennahiaArgentata,SSP1-2.6,47,Pennahia argentata,11,0.128354057850088,0.100717103857898,127.440179407047,2,2.12144976566732,bolditalic('Pennahia argentata')
PennahiaArgentata,SSP1-2.6,48,Pennahia argentata,11,0.126757884248677,0.100717103857898,125.855370531225,2,2.12129785962403,bolditalic('Pennahia argentata')
PennahiaArgentata,SSP1-2.6,49,Pennahia argentata,11,0.127818833123457,0.100717103857898,126.908765470259,2,2.11776525530219,bolditalic('Pennahia argentata')
PennahiaArgentata,SSP1-2.6,50,Pennahia argentata,11,0.126716608022634,0.100717103857898,125.814388191124,2,2.12269428578019,bolditalic('Pennahia argentata')
PennahiaArgentata,SSP1-2.6,51,Pennahia argentata,11,0.126309906791005,0.100717103857898,125.410582664505,2,2.12534186810255,bolditalic('Pennahia argentata')
PennahiaArgentata,SSP1-2.6,52,Pennahia argentata,11,0.127216573354497,0.100717103857898,126.310793779363,2,2.12453309522569,bolditalic('Pennahia argentata')
PennahiaArgentata,SSP1-2.6,53,Pennahia argentata,11,0.129853917971781,0.100717103857898,128.92936055329,2,2.14919174000621,bolditalic('Pennahia argentata')
PennahiaArgentata,SSP1-2.6,54,Pennahia argentata,11,0.129204503128748,0.100717103857898,128.284569531549,2,2.09681567594409,bolditalic('Pennahia argentata')
PennahiaArgentata,SSP1-2.6,55,Pennahia argentata,11,0.129442790814227,0.100717103857898,128.521160613254,2,2.14686810258031,bolditalic('Pennahia argentata')
PennahiaArgentata,SSP1-2.6,56,Pennahia argentata,11,0.125210587534392,0.100717103857898,124.319090540025,2,2.10242980082333,bolditalic('Pennahia argentata')
PennahiaArgentata,SSP1-2.6,57,Pennahia argentata,11,0.130090496756614,0.100717103857898,129.164254901688,2,2.11335730613768,bolditalic('Pennahia argentata')
PennahiaArgentata,SSP1-2.6,58,Pennahia argentata,11,0.12624813132863,0.100717103857898,125.349247042243,2,2.1224694917202,bolditalic('Pennahia argentata')
PennahiaArgentata,SSP1-2.6,59,Pennahia argentata,11,0.126149724632863,0.100717103857898,125.251541000273,2,2.11129436448216,bolditalic('Pennahia argentata')
PennahiaArgentata,SSP1-2.6,60,Pennahia argentata,11,0.1248950999806,0.100717103857898,124.005849251597,2,2.12591450619698,bolditalic('Pennahia argentata')
PennahiaArgentata,SSP1-2.6,61,Pennahia argentata,11,0.125464816768078,0.100717103857898,124.571509666418,2,2.09973263882101,bolditalic('Pennahia argentata')
PennahiaArgentata,SSP1-2.6,62,Pennahia argentata,11,0.123651344154615,0.100717103857898,122.770948943364,2,2.15508593223989,bolditalic('Pennahia argentata')
PennahiaArgentata,SSP1-2.6,63,Pennahia argentata,11,0.127535733261611,0.100717103857898,126.627681274028,2,2.11783155499399,bolditalic('Pennahia argentata')
PennahiaArgentata,SSP1-2.6,64,Pennahia argentata,11,0.127768921093474,0.100717103857898,126.859208812977,2,2.10670688825846,bolditalic('Pennahia argentata')
PennahiaArgentata,SSP1-2.6,65,Pennahia argentata,11,0.128374251,0.100717103857898,127.460228782117,2,2.13797723317146,bolditalic('Pennahia argentata')
PennahiaArgentata,SSP1-2.6,66,Pennahia argentata,11,0.129555040843034,0.100717103857898,128.632611423997,2,2.14407458235323,bolditalic('Pennahia argentata')
PennahiaArgentata,SSP1-2.6,67,Pennahia argentata,11,0.125039845777778,0.100717103857898,124.149564461461,2,2.13270994542539,bolditalic('Pennahia argentata')
PennahiaArgentata,SSP1-2.6,68,Pennahia argentata,11,0.127733677823045,0.100717103857898,126.824216473961,2,2.11909019480646,bolditalic('Pennahia argentata')
PennahiaArgentata,SSP1-2.6,69,Pennahia argentata,11,0.123901660898883,0.100717103857898,123.019483437188,2,2.09832475599647,bolditalic('Pennahia argentata')
PennahiaArgentata,SSP1-2.6,70,Pennahia argentata,11,0.128121474095238,0.100717103857898,127.209251644095,2,2.11165410022438,bolditalic('Pennahia argentata')
PennahiaArgentata,SSP1-2.6,71,Pennahia argentata,11,0.127008951451499,0.100717103857898,126.104650140353,2,2.12060056036711,bolditalic('Pennahia argentata')
PennahiaArgentata,SSP1-2.6,72,Pennahia argentata,11,0.130819512458554,0.100717103857898,129.888080025739,2,2.13607575792074,bolditalic('Pennahia argentata')
PennahiaArgentata,SSP1-2.6,73,Pennahia argentata,11,0.130327636970018,0.100717103857898,129.399706681297,2,2.11091392464936,bolditalic('Pennahia argentata')
PennahiaArgentata,SSP1-2.6,74,Pennahia argentata,11,0.128334703308642,0.100717103857898,127.420962669567,2,2.1337199703753,bolditalic('Pennahia argentata')
PennahiaArgentata,SSP1-2.6,75,Pennahia argentata,11,0.127643220428571,0.100717103857898,126.73440313441,2,2.10479226994514,bolditalic('Pennahia argentata')
PennahiaArgentata,SSP1-2.6,76,Pennahia argentata,11,0.129172561970312,0.100717103857898,128.252855793552,2,2.12964445053041,bolditalic('Pennahia argentata')
PennahiaArgentata,SSP1-2.6,77,Pennahia argentata,11,0.129378673474427,0.100717103857898,128.45749978769,2,2.11307863345742,bolditalic('Pennahia argentata')
PennahiaArgentata,SSP1-2.6,78,Pennahia argentata,11,0.127885281482657,0.100717103857898,126.974740718409,2,2.10204980112612,bolditalic('Pennahia argentata')
PennahiaArgentata,SSP1-2.6,79,Pennahia argentata,11,0.127289718094356,0.100717103857898,126.38341773007,2,2.14769505250454,bolditalic('Pennahia argentata')
PennahiaArgentata,SSP1-2.6,80,Pennahia argentata,11,0.12692472189418,0.100717103857898,126.021020295875,2,2.15177666398883,bolditalic('Pennahia argentata')
PennahiaArgentata,SSP1-2.6,81,Pennahia argentata,11,0.12514925562963,0.100717103857898,124.258195317255,2,2.10575383494794,bolditalic('Pennahia argentata')
PennahiaArgentata,SSP1-2.6,82,Pennahia argentata,11,0.131420199444444,0.100717103857898,130.48449013175,2,2.15631958848238,bolditalic('Pennahia argentata')
PennahiaArgentata,SSP1-2.6,83,Pennahia argentata,11,0.128636604763668,0.100717103857898,127.720714591993,2,2.10295583973825,bolditalic('Pennahia argentata')
PennahiaArgentata,SSP1-2.6,84,Pennahia argentata,11,0.127934462280423,0.100717103857898,127.023571349833,2,2.10651594272256,bolditalic('Pennahia argentata')
PennahiaArgentata,SSP1-2.6,85,Pennahia argentata,11,0.131497327316285,0.100717103857898,130.561068854615,2,2.11920482523739,bolditalic('Pennahia argentata')
PennahiaArgentata,SSP1-2.6,86,Pennahia argentata,11,0.12672950056261,0.100717103857898,125.827188936462,2,2.10619386714697,bolditalic('Pennahia argentata')
PennahiaArgentata,SSP1-2.6,87,Pennahia argentata,11,0.124567409490888,0.100717103857898,123.68049191192,2,2.13007587896287,bolditalic('Pennahia argentata')
PennahiaArgentata,SSP1-2.6,88,Pennahia argentata,11,0.128194261432099,0.100717103857898,127.281520736506,2,2.09363194432855,bolditalic('Pennahia argentata')
PennahiaArgentata,SSP1-2.6,89,Pennahia argentata,11,0.126730723555556,0.100717103857898,125.828403221721,2,2.10836673338711,bolditalic('Pennahia argentata')
PennahiaArgentata,SSP1-2.6,90,Pennahia argentata,11,0.128032464726631,0.100717103857898,127.120876020494,2,2.15499487221241,bolditalic('Pennahia argentata')
PennahiaArgentata,SSP1-2.6,91,Pennahia argentata,11,0.125411032608466,0.100717103857898,124.518108448996,2,2.15699428384006,bolditalic('Pennahia argentata')
PennahiaArgentata,SSP1-2.6,92,Pennahia argentata,11,0.125532543946502,0.100717103857898,124.638754628624,2,2.1458356654346,bolditalic('Pennahia argentata')
PennahiaArgentata,SSP1-2.6,93,Pennahia argentata,11,0.124231181375661,0.100717103857898,123.346657734458,2,2.14937153173983,bolditalic('Pennahia argentata')
PennahiaArgentata,SSP1-2.6,94,Pennahia argentata,11,0.125567647982363,0.100717103857898,124.673608724419,2,2.09499760121107,bolditalic('Pennahia argentata')
PennahiaArgentata,SSP1-2.6,95,Pennahia argentata,11,0.127224150261023,0.100717103857898,126.318316738459,2,2.10235479044914,bolditalic('Pennahia argentata')
PennahiaArgentata,SSP1-2.6,96,Pennahia argentata,11,0.129479833283363,0.100717103857898,128.557939340716,2,2.15108388093114,bolditalic('Pennahia argentata')
PennahiaArgentata,SSP1-2.6,97,Pennahia argentata,11,0.131011176571429,0.100717103857898,130.078379493787,2,2.12119057591259,bolditalic('Pennahia argentata')
PennahiaArgentata,SSP1-2.6,98,Pennahia argentata,11,0.127001496992945,0.100717103857898,126.097248757402,2,2.11215094619989,bolditalic('Pennahia argentata')
PennahiaArgentata,SSP1-2.6,99,Pennahia argentata,11,0.123942193961199,0.100717103857898,123.059727904874,2,2.13972929234803,bolditalic('Pennahia argentata')
PennahiaArgentata,SSP1-2.6,100,Pennahia argentata,11,0.127617512770723,0.100717103857898,126.708878514595,2,2.12071067494154,bolditalic('Pennahia argentata')
PennahiaArgentata,SSP5-8.5,1,Pennahia argentata,11,0.153235716532628,0.100717103857898,152.144681154482,3,3.10787712594867,bolditalic('Pennahia argentata')
PennahiaArgentata,SSP5-8.5,2,Pennahia argentata,11,0.149560172425044,0.100717103857898,148.495306850819,3,3.14892208009958,bolditalic('Pennahia argentata')
PennahiaArgentata,SSP5-8.5,3,Pennahia argentata,11,0.146386322269841,0.100717103857898,145.344054448167,3,3.13626211391389,bolditalic('Pennahia argentata')
PennahiaArgentata,SSP5-8.5,4,Pennahia argentata,11,0.148829043747795,0.100717103857898,147.769383795803,3,3.14876651637256,bolditalic('Pennahia argentata')
PennahiaArgentata,SSP5-8.5,5,Pennahia argentata,11,0.145159892522928,0.100717103857898,144.126356857653,3,3.15391195632517,bolditalic('Pennahia argentata')
PennahiaArgentata,SSP5-8.5,6,Pennahia argentata,11,0.147009416677837,0.100717103857898,145.962712435866,3,3.09523229438067,bolditalic('Pennahia argentata')
PennahiaArgentata,SSP5-8.5,7,Pennahia argentata,11,0.146724658550265,0.100717103857898,145.67998178073,3,3.11601082928479,bolditalic('Pennahia argentata')
PennahiaArgentata,SSP5-8.5,8,Pennahia argentata,11,0.146001645599647,0.100717103857898,144.962116668526,3,3.11171399630606,bolditalic('Pennahia argentata')
PennahiaArgentata,SSP5-8.5,9,Pennahia argentata,11,0.147527663305115,0.100717103857898,146.477269157046,3,3.09723957920075,bolditalic('Pennahia argentata')
PennahiaArgentata,SSP5-8.5,10,Pennahia argentata,11,0.149772968610229,0.100717103857898,148.706587931225,3,3.1459047883749,bolditalic('Pennahia argentata')
PennahiaArgentata,SSP5-8.5,11,Pennahia argentata,11,0.144021875701352,0.100717103857898,142.996442694135,3,3.09516247352958,bolditalic('Pennahia argentata')
PennahiaArgentata,SSP5-8.5,12,Pennahia argentata,11,0.14932445735097,0.100717103857898,148.261270063575,3,3.09730746474862,bolditalic('Pennahia argentata')
PennahiaArgentata,SSP5-8.5,13,Pennahia argentata,11,0.145765375472663,0.100717103857898,144.727528780338,3,3.15163142777979,bolditalic('Pennahia argentata')
PennahiaArgentata,SSP5-8.5,14,Pennahia argentata,11,0.149467019904762,0.100717103857898,148.402817574704,3,3.1543415414393,bolditalic('Pennahia argentata')
PennahiaArgentata,SSP5-8.5,15,Pennahia argentata,11,0.147410692497942,0.100717103857898,146.361131179788,3,3.15679986609519,bolditalic('Pennahia argentata')
PennahiaArgentata,SSP5-8.5,16,Pennahia argentata,11,0.147325263985891,0.100717103857898,146.276310917113,3,3.13366394583881,bolditalic('Pennahia argentata')
PennahiaArgentata,SSP5-8.5,17,Pennahia argentata,11,0.14741112313933,0.100717103857898,146.361558755018,3,3.09798767244816,bolditalic('Pennahia argentata')
PennahiaArgentata,SSP5-8.5,18,Pennahia argentata,11,0.145069222201058,0.100717103857898,144.036332106745,3,3.14823364405334,bolditalic('Pennahia argentata')
PennahiaArgentata,SSP5-8.5,19,Pennahia argentata,11,0.146286184744268,0.100717103857898,145.244629899866,3,3.12722661717236,bolditalic('Pennahia argentata')
PennahiaArgentata,SSP5-8.5,20,Pennahia argentata,11,0.148320494266314,0.100717103857898,147.264455176927,3,3.14614652115107,bolditalic('Pennahia argentata')
PennahiaArgentata,SSP5-8.5,21,Pennahia argentata,11,0.14330611661552,0.100717103857898,142.285779799338,3,3.14340218889713,bolditalic('Pennahia argentata')
PennahiaArgentata,SSP5-8.5,22,Pennahia argentata,11,0.146704407171076,0.100717103857898,145.659874590974,3,3.102654878214,bolditalic('Pennahia argentata')
PennahiaArgentata,SSP5-8.5,23,Pennahia argentata,11,0.147689864932981,0.100717103857898,146.638315912416,3,3.12613516943157,bolditalic('Pennahia argentata')
PennahiaArgentata,SSP5-8.5,24,Pennahia argentata,11,0.144494759802469,0.100717103857898,143.465959869474,3,3.10728966489434,bolditalic('Pennahia argentata')
PennahiaArgentata,SSP5-8.5,25,Pennahia argentata,11,0.148538452752499,0.100717103857898,147.480861802849,3,3.13352958121896,bolditalic('Pennahia argentata')
PennahiaArgentata,SSP5-8.5,26,Pennahia argentata,11,0.152261134597296,0.100717103857898,151.177038223936,3,3.13471829017997,bolditalic('Pennahia argentata')
PennahiaArgentata,SSP5-8.5,27,Pennahia argentata,11,0.14423631727866,0.100717103857898,143.209357451504,3,3.09341512140632,bolditalic('Pennahia argentata')
PennahiaArgentata,SSP5-8.5,28,Pennahia argentata,11,0.151382446425044,0.100717103857898,150.304606294706,3,3.12242560878396,bolditalic('Pennahia argentata')
PennahiaArgentata,SSP5-8.5,29,Pennahia argentata,11,0.145675349091711,0.100717103857898,144.638143385501,3,3.12871090438962,bolditalic('Pennahia argentata')
PennahiaArgentata,SSP5-8.5,30,Pennahia argentata,11,0.149447287469724,0.100717103857898,148.383225634227,3,3.09994702905417,bolditalic('Pennahia argentata')
PennahiaArgentata,SSP5-8.5,31,Pennahia argentata,11,0.150743449638448,0.100717103857898,149.670159153039,3,3.13046000501514,bolditalic('Pennahia argentata')
PennahiaArgentata,SSP5-8.5,32,Pennahia argentata,11,0.147570748902998,0.100717103857898,146.520047986294,3,3.098273850739,bolditalic('Pennahia argentata')
PennahiaArgentata,SSP5-8.5,33,Pennahia argentata,11,0.145067057632569,0.100717103857898,144.034182949943,3,3.11072337561846,bolditalic('Pennahia argentata')
PennahiaArgentata,SSP5-8.5,34,Pennahia argentata,11,0.146989622344503,0.100717103857898,145.943059037808,3,3.1509940944016,bolditalic('Pennahia argentata')
PennahiaArgentata,SSP5-8.5,35,Pennahia argentata,11,0.147616669389183,0.100717103857898,146.565641519493,3,3.12678832501173,bolditalic('Pennahia argentata')
PennahiaArgentata,SSP5-8.5,36,Pennahia argentata,11,0.15134902404174,0.100717103857898,150.271421878133,3,3.14940368424356,bolditalic('Pennahia argentata')
PennahiaArgentata,SSP5-8.5,37,Pennahia argentata,11,0.148960859421517,0.100717103857898,147.900260944443,3,3.09991467800736,bolditalic('Pennahia argentata')
PennahiaArgentata,SSP5-8.5,38,Pennahia argentata,11,0.149491020571429,0.100717103857898,148.426647357082,3,3.13067152644694,bolditalic('Pennahia argentata')
PennahiaArgentata,SSP5-8.5,39,Pennahia argentata,11,0.147324870705467,0.100717103857898,146.275920436838,3,3.11777623079717,bolditalic('Pennahia argentata')
PennahiaArgentata,SSP5-8.5,40,Pennahia argentata,11,0.147460749302763,0.100717103857898,146.410831581114,3,3.10188016889989,bolditalic('Pennahia argentata')
PennahiaArgentata,SSP5-8.5,41,Pennahia argentata,11,0.15424680212522,0.100717103857898,153.148567836945,3,3.10935379910469,bolditalic('Pennahia argentata')
PennahiaArgentata,SSP5-8.5,42,Pennahia argentata,11,0.145436281525573,0.100717103857898,144.400777975873,3,3.09490953616798,bolditalic('Pennahia argentata')
PennahiaArgentata,SSP5-8.5,43,Pennahia argentata,11,0.152570369982363,0.100717103857898,151.484071858961,3,3.09549729330838,bolditalic('Pennahia argentata')
PennahiaArgentata,SSP5-8.5,44,Pennahia argentata,11,0.146613629249265,0.100717103857898,145.569743006234,3,3.11260295978189,bolditalic('Pennahia argentata')
PennahiaArgentata,SSP5-8.5,45,Pennahia argentata,11,0.149911919130511,0.100717103857898,148.844549126454,3,3.13857266488671,bolditalic('Pennahia argentata')
PennahiaArgentata,SSP5-8.5,46,Pennahia argentata,11,0.148638998118166,0.100717103857898,147.580691287431,3,3.15533292654157,bolditalic('Pennahia argentata')
PennahiaArgentata,SSP5-8.5,47,Pennahia argentata,11,0.146714867544974,0.100717103857898,145.67026048721,3,3.13876470254362,bolditalic('Pennahia argentata')
PennahiaArgentata,SSP5-8.5,48,Pennahia argentata,11,0.150284020707231,0.100717103857898,149.214001347047,3,3.13975447846949,bolditalic('Pennahia argentata')
PennahiaArgentata,SSP5-8.5,49,Pennahia argentata,11,0.14876184138154,0.100717103857898,147.702659909113,3,3.1224790494591,bolditalic('Pennahia argentata')
PennahiaArgentata,SSP5-8.5,50,Pennahia argentata,11,0.142990048931217,0.100717103857898,141.971962510917,3,3.1230352730453,bolditalic('Pennahia argentata')
PennahiaArgentata,SSP5-8.5,51,Pennahia argentata,11,0.14954750396649,0.100717103857898,148.482728591448,3,3.15505027699471,bolditalic('Pennahia argentata')
PennahiaArgentata,SSP5-8.5,52,Pennahia argentata,11,0.150312738469136,0.100717103857898,149.242514639035,3,3.13002826221287,bolditalic('Pennahia argentata')
PennahiaArgentata,SSP5-8.5,53,Pennahia argentata,11,0.146868380828336,0.100717103857898,145.822680758923,3,3.14307111616433,bolditalic('Pennahia argentata')
PennahiaArgentata,SSP5-8.5,54,Pennahia argentata,11,0.149430268943563,0.100717103857898,148.366328279647,3,3.10862804681063,bolditalic('Pennahia argentata')
PennahiaArgentata,SSP5-8.5,55,Pennahia argentata,11,0.148684316497355,0.100717103857898,147.625687000625,3,3.13858679062128,bolditalic('Pennahia argentata')
PennahiaArgentata,SSP5-8.5,56,Pennahia argentata,11,0.148941035664903,0.100717103857898,147.880578332597,3,3.10234546013176,bolditalic('Pennahia argentata')
PennahiaArgentata,SSP5-8.5,57,Pennahia argentata,11,0.1452345665,0.100717103857898,144.200499157433,3,3.14512398606539,bolditalic('Pennahia argentata')
PennahiaArgentata,SSP5-8.5,58,Pennahia argentata,11,0.150057406624339,0.100717103857898,148.989000752101,3,3.12813007918,bolditalic('Pennahia argentata')
PennahiaArgentata,SSP5-8.5,59,Pennahia argentata,11,0.145130328963845,0.100717103857898,144.097003790547,3,3.13110061003268,bolditalic('Pennahia argentata')
PennahiaArgentata,SSP5-8.5,60,Pennahia argentata,11,0.145489800463845,0.100717103857898,144.453915860325,3,3.15469120390713,bolditalic('Pennahia argentata')
PennahiaArgentata,SSP5-8.5,61,Pennahia argentata,11,0.145695260954145,0.100717103857898,144.657913475854,3,3.10222431243956,bolditalic('Pennahia argentata')
PennahiaArgentata,SSP5-8.5,62,Pennahia argentata,11,0.146239900137566,0.100717103857898,145.19867483868,3,3.12367951725423,bolditalic('Pennahia argentata')
PennahiaArgentata,SSP5-8.5,63,Pennahia argentata,11,0.145788864876249,0.100717103857898,144.750850939819,3,3.14697611521184,bolditalic('Pennahia argentata')
PennahiaArgentata,SSP5-8.5,64,Pennahia argentata,11,0.149745345860082,0.100717103857898,148.679161854532,3,3.09304103986919,bolditalic('Pennahia argentata')
PennahiaArgentata,SSP5-8.5,65,Pennahia argentata,11,0.146862358169312,0.100717103857898,145.816700981116,3,3.1387996403724,bolditalic('Pennahia argentata')
PennahiaArgentata,SSP5-8.5,66,Pennahia argentata,11,0.148455966816579,0.100717103857898,147.398963165219,3,3.14480169415474,bolditalic('Pennahia argentata')
PennahiaArgentata,SSP5-8.5,67,Pennahia argentata,11,0.143834718433862,0.100717103857898,142.810617982819,3,3.14416591249406,bolditalic('Pennahia argentata')
PennahiaArgentata,SSP5-8.5,68,Pennahia argentata,11,0.144015363548501,0.100717103857898,142.989976907688,3,3.12338172821701,bolditalic('Pennahia argentata')
PennahiaArgentata,SSP5-8.5,69,Pennahia argentata,11,0.145282082589065,0.100717103857898,144.247676932851,3,3.09737202233076,bolditalic('Pennahia argentata')
PennahiaArgentata,SSP5-8.5,70,Pennahia argentata,11,0.147889486195179,0.100717103857898,146.836515875036,3,3.11227509768307,bolditalic('Pennahia argentata')
PennahiaArgentata,SSP5-8.5,71,Pennahia argentata,11,0.1509500354903,0.100717103857898,149.875274117567,3,3.15240493404865,bolditalic('Pennahia argentata')
PennahiaArgentata,SSP5-8.5,72,Pennahia argentata,11,0.151759474326279,0.100717103857898,150.678949764477,3,3.11051839496195,bolditalic('Pennahia argentata')
PennahiaArgentata,SSP5-8.5,73,Pennahia argentata,11,0.146650318578483,0.100717103857898,145.606171108128,3,3.13139266106486,bolditalic('Pennahia argentata')
PennahiaArgentata,SSP5-8.5,74,Pennahia argentata,11,0.146969638440917,0.100717103857898,145.923217419234,3,3.13332920321822,bolditalic('Pennahia argentata')
PennahiaArgentata,SSP5-8.5,75,Pennahia argentata,11,0.145082982994709,0.100717103857898,144.049994923808,3,3.12585447753966,bolditalic('Pennahia argentata')
PennahiaArgentata,SSP5-8.5,76,Pennahia argentata,11,0.146193088234568,0.100717103857898,145.152196235539,3,3.12012899634242,bolditalic('Pennahia argentata')
PennahiaArgentata,SSP5-8.5,77,Pennahia argentata,11,0.14827328829806,0.100717103857898,147.217585314267,3,3.11440036697686,bolditalic('Pennahia argentata')
PennahiaArgentata,SSP5-8.5,78,Pennahia argentata,11,0.145060538647266,0.100717103857898,144.027710379691,3,3.09939155033231,bolditalic('Pennahia argentata')
PennahiaArgentata,SSP5-8.5,79,Pennahia argentata,11,0.149372715066432,0.100717103857898,148.309184185024,3,3.14049385474622,bolditalic('Pennahia argentata')
PennahiaArgentata,SSP5-8.5,80,Pennahia argentata,11,0.150065566186949,0.100717103857898,148.997102218781,3,3.09825969804823,bolditalic('Pennahia argentata')
PennahiaArgentata,SSP5-8.5,81,Pennahia argentata,11,0.151258389300999,0.100717103857898,150.181432455017,3,3.09623170094192,bolditalic('Pennahia argentata')
PennahiaArgentata,SSP5-8.5,82,Pennahia argentata,11,0.1453552854903,0.100717103857898,144.320358630826,3,3.13631931661069,bolditalic('Pennahia argentata')
PennahiaArgentata,SSP5-8.5,83,Pennahia argentata,11,0.14925586335097,0.100717103857898,148.193164451546,3,3.15226444625855,bolditalic('Pennahia argentata')
PennahiaArgentata,SSP5-8.5,84,Pennahia argentata,11,0.149353109719577,0.100717103857898,148.289718427864,3,3.11071357557178,bolditalic('Pennahia argentata')
PennahiaArgentata,SSP5-8.5,85,Pennahia argentata,11,0.147070090934156,0.100717103857898,146.022954692638,3,3.13242790286243,bolditalic('Pennahia argentata')
PennahiaArgentata,SSP5-8.5,86,Pennahia argentata,11,0.151144772238095,0.100717103857898,150.068624343433,3,3.13429312317073,bolditalic('Pennahia argentata')
PennahiaArgentata,SSP5-8.5,87,Pennahia argentata,11,0.150127209784832,0.100717103857898,149.058306915423,3,3.13252457675338,bolditalic('Pennahia argentata')
PennahiaArgentata,SSP5-8.5,88,Pennahia argentata,11,0.150255215677249,0.100717103857898,149.185401408329,3,3.15222560673952,bolditalic('Pennahia argentata')
PennahiaArgentata,SSP5-8.5,89,Pennahia argentata,11,0.148481769645503,0.100717103857898,147.424582278493,3,3.12120255576074,bolditalic('Pennahia argentata')
PennahiaArgentata,SSP5-8.5,90,Pennahia argentata,11,0.150510957837743,0.100717103857898,149.439322689519,3,3.14770156775415,bolditalic('Pennahia argentata')
PennahiaArgentata,SSP5-8.5,91,Pennahia argentata,11,0.145475255710758,0.100717103857898,144.439474665603,3,3.11079391551018,bolditalic('Pennahia argentata')
PennahiaArgentata,SSP5-8.5,92,Pennahia argentata,11,0.146804127970018,0.100717103857898,145.75888537973,3,3.13702966746688,bolditalic('Pennahia argentata')
PennahiaArgentata,SSP5-8.5,93,Pennahia argentata,11,0.151274208569665,0.100717103857898,150.197139090792,3,3.12473108123243,bolditalic('Pennahia argentata')
PennahiaArgentata,SSP5-8.5,94,Pennahia argentata,11,0.144636186765432,0.100717103857898,143.606379875159,3,3.14928773200512,bolditalic('Pennahia argentata')
PennahiaArgentata,SSP5-8.5,95,Pennahia argentata,11,0.151579772242798,0.100717103857898,150.500527156402,3,3.09530856597424,bolditalic('Pennahia argentata')
PennahiaArgentata,SSP5-8.5,96,Pennahia argentata,11,0.147807219320988,0.100717103857898,146.754834739419,3,3.12545534560084,bolditalic('Pennahia argentata')
PennahiaArgentata,SSP5-8.5,97,Pennahia argentata,11,0.141417739313933,0.100717103857898,140.41084770811,3,3.1069038964659,bolditalic('Pennahia argentata')
PennahiaArgentata,SSP5-8.5,98,Pennahia argentata,11,0.152077288895944,0.100717103857898,150.99450150047,3,3.12575200293958,bolditalic('Pennahia argentata')
PennahiaArgentata,SSP5-8.5,99,Pennahia argentata,11,0.145467495074074,0.100717103857898,144.431769284504,3,3.15333006495237,bolditalic('Pennahia argentata')
PennahiaArgentata,SSP5-8.5,100,Pennahia argentata,11,0.152480417982363,0.100717103857898,151.394760315485,3,3.11894186808169,bolditalic('Pennahia argentata')
PortunusTrituberculatus,Base,1,Portunus trituberculatus,8,0.1188547551,0.123453598446667,96.2748405842108,1,1.14950146469474,bolditalic('Portunus trituberculatus')
PortunusTrituberculatus,Base,2,Portunus trituberculatus,8,0.1263277031,0.123453598446667,102.328084956207,1,1.12488621157408,bolditalic('Portunus trituberculatus')
PortunusTrituberculatus,Base,3,Portunus trituberculatus,8,0.122595163033333,0.123453598446667,99.3046493385897,1,1.10467020979524,bolditalic('Portunus trituberculatus')
PortunusTrituberculatus,Base,4,Portunus trituberculatus,8,0.134166457533333,0.123453598446667,108.677640199605,1,1.12578852386773,bolditalic('Portunus trituberculatus')
PortunusTrituberculatus,Base,5,Portunus trituberculatus,8,0.1193955151,0.123453598446667,96.7128675083377,1,1.14541712418199,bolditalic('Portunus trituberculatus')
PortunusTrituberculatus,Base,6,Portunus trituberculatus,8,0.133088026,0.123453598446667,107.804088074027,1,1.14196906168759,bolditalic('Portunus trituberculatus')
PortunusTrituberculatus,Base,7,Portunus trituberculatus,8,0.122431912766667,0.123453598446667,99.1724132039448,1,1.13117480039597,bolditalic('Portunus trituberculatus')
PortunusTrituberculatus,Base,8,Portunus trituberculatus,8,0.123787516033333,0.123453598446667,100.270480237812,1,1.15275046277046,bolditalic('Portunus trituberculatus')
PortunusTrituberculatus,Base,9,Portunus trituberculatus,8,0.107807001333333,0.123453598446667,87.3259286807317,1,1.14327489374578,bolditalic('Portunus trituberculatus')
PortunusTrituberculatus,Base,10,Portunus trituberculatus,8,0.118254544,0.123453598446667,95.7886570241104,1,1.14229004153609,bolditalic('Portunus trituberculatus')
PortunusTrituberculatus,Base,11,Portunus trituberculatus,8,0.126426949933333,0.123453598446667,102.408476969548,1,1.10579729998112,bolditalic('Portunus trituberculatus')
PortunusTrituberculatus,Base,12,Portunus trituberculatus,8,0.143231398866667,0.123453598446667,116.020432509745,1,1.12222129829228,bolditalic('Portunus trituberculatus')
PortunusTrituberculatus,Base,13,Portunus trituberculatus,8,0.112209063833333,0.123453598446667,90.8916914899071,1,1.09447009116411,bolditalic('Portunus trituberculatus')
PortunusTrituberculatus,Base,14,Portunus trituberculatus,8,0.123905171333333,0.123453598446667,100.365783494648,1,1.10903704862297,bolditalic('Portunus trituberculatus')
PortunusTrituberculatus,Base,15,Portunus trituberculatus,8,0.1232756579,0.123453598446667,99.8558644309234,1,1.13134752258658,bolditalic('Portunus trituberculatus')
PortunusTrituberculatus,Base,16,Portunus trituberculatus,8,0.1181382171,0.123453598446667,95.6944297990933,1,1.11220030494034,bolditalic('Portunus trituberculatus')
PortunusTrituberculatus,Base,17,Portunus trituberculatus,8,0.134731306466667,0.123453598446667,109.135179664182,1,1.09482154615223,bolditalic('Portunus trituberculatus')
PortunusTrituberculatus,Base,18,Portunus trituberculatus,8,0.124730415333333,0.123453598446667,101.034248416192,1,1.1559875677526,bolditalic('Portunus trituberculatus')
PortunusTrituberculatus,Base,19,Portunus trituberculatus,8,0.132062015733333,0.123453598446667,106.972998272209,1,1.10680753187835,bolditalic('Portunus trituberculatus')
PortunusTrituberculatus,Base,20,Portunus trituberculatus,8,0.123133584366667,0.123453598446667,99.7407818937429,1,1.14260255357623,bolditalic('Portunus trituberculatus')
PortunusTrituberculatus,Base,21,Portunus trituberculatus,8,0.119227611833333,0.123453598446667,96.5768623462528,1,1.14579293373227,bolditalic('Portunus trituberculatus')
PortunusTrituberculatus,Base,22,Portunus trituberculatus,8,0.1174482652,0.123453598446667,95.135554311719,1,1.11316395424306,bolditalic('Portunus trituberculatus')
PortunusTrituberculatus,Base,23,Portunus trituberculatus,8,0.127875359766667,0.123453598446667,103.581719265891,1,1.10714583522081,bolditalic('Portunus trituberculatus')
PortunusTrituberculatus,Base,24,Portunus trituberculatus,8,0.129817370266667,0.123453598446667,105.154788438791,1,1.14683487010002,bolditalic('Portunus trituberculatus')
PortunusTrituberculatus,Base,25,Portunus trituberculatus,8,0.1296745722,0.123453598446667,105.039119014438,1,1.14222239765525,bolditalic('Portunus trituberculatus')
PortunusTrituberculatus,Base,26,Portunus trituberculatus,8,0.123326974766667,0.123453598446667,99.897432167557,1,1.11954918317497,bolditalic('Portunus trituberculatus')
PortunusTrituberculatus,Base,27,Portunus trituberculatus,8,0.138635892066667,0.123453598446667,112.297975766627,1,1.14016769205034,bolditalic('Portunus trituberculatus')
PortunusTrituberculatus,Base,28,Portunus trituberculatus,8,0.122682439733333,0.123453598446667,99.3753452932627,1,1.14676171527803,bolditalic('Portunus trituberculatus')
PortunusTrituberculatus,Base,29,Portunus trituberculatus,8,0.114864513033333,0.123453598446667,93.0426609500214,1,1.11709048056602,bolditalic('Portunus trituberculatus')
PortunusTrituberculatus,Base,30,Portunus trituberculatus,8,0.1326748262,0.123453598446667,107.469387583155,1,1.10401400768757,bolditalic('Portunus trituberculatus')
PortunusTrituberculatus,Base,31,Portunus trituberculatus,8,0.132997132566667,0.123453598446667,107.730462489616,1,1.11966600713134,bolditalic('Portunus trituberculatus')
PortunusTrituberculatus,Base,32,Portunus trituberculatus,8,0.118051141066667,0.123453598446667,95.6238963886228,1,1.11717254452407,bolditalic('Portunus trituberculatus')
PortunusTrituberculatus,Base,33,Portunus trituberculatus,8,0.127980955833333,0.123453598446667,103.667254291192,1,1.12913710455596,bolditalic('Portunus trituberculatus')
PortunusTrituberculatus,Base,34,Portunus trituberculatus,8,0.134685143866667,0.123453598446667,109.097786991484,1,1.11805126146972,bolditalic('Portunus trituberculatus')
PortunusTrituberculatus,Base,35,Portunus trituberculatus,8,0.113047808,0.123453598446667,91.5710918291604,1,1.15052155905962,bolditalic('Portunus trituberculatus')
PortunusTrituberculatus,Base,36,Portunus trituberculatus,8,0.112673468866667,0.123453598446667,91.2678692920751,1,1.15598126265407,bolditalic('Portunus trituberculatus')
PortunusTrituberculatus,Base,37,Portunus trituberculatus,8,0.1286141452,0.123453598446667,104.180150937895,1,1.1196425563097,bolditalic('Portunus trituberculatus')
PortunusTrituberculatus,Base,38,Portunus trituberculatus,8,0.1238097102,0.123453598446667,100.288457977584,1,1.11937150248885,bolditalic('Portunus trituberculatus')
PortunusTrituberculatus,Base,39,Portunus trituberculatus,8,0.1226361113,0.123453598446667,99.3378182920931,1,1.14387428161502,bolditalic('Portunus trituberculatus')
PortunusTrituberculatus,Base,40,Portunus trituberculatus,8,0.104202884866667,0.123453598446667,84.4065188684507,1,1.10910416612029,bolditalic('Portunus trituberculatus')
PortunusTrituberculatus,Base,41,Portunus trituberculatus,8,0.124944817366667,0.123453598446667,101.207918553014,1,1.14566354525089,bolditalic('Portunus trituberculatus')
PortunusTrituberculatus,Base,42,Portunus trituberculatus,8,0.120890356633333,0.123453598446667,97.9237204540125,1,1.10594398646057,bolditalic('Portunus trituberculatus')
PortunusTrituberculatus,Base,43,Portunus trituberculatus,8,0.1300317967,0.123453598446667,105.328478340123,1,1.12060140733421,bolditalic('Portunus trituberculatus')
PortunusTrituberculatus,Base,44,Portunus trituberculatus,8,0.116645653466667,0.123453598446667,94.4854220001203,1,1.15638520593941,bolditalic('Portunus trituberculatus')
PortunusTrituberculatus,Base,45,Portunus trituberculatus,8,0.120092076833333,0.123453598446667,97.2770970991292,1,1.13620947253704,bolditalic('Portunus trituberculatus')
PortunusTrituberculatus,Base,46,Portunus trituberculatus,8,0.103130516333333,0.123453598446667,83.5378778998383,1,1.11619023996592,bolditalic('Portunus trituberculatus')
PortunusTrituberculatus,Base,47,Portunus trituberculatus,8,0.137049033666667,0.123453598446667,111.012587232015,1,1.09931695567071,bolditalic('Portunus trituberculatus')
PortunusTrituberculatus,Base,48,Portunus trituberculatus,8,0.120218601366667,0.123453598446667,97.3795846206968,1,1.14354963515699,bolditalic('Portunus trituberculatus')
PortunusTrituberculatus,Base,49,Portunus trituberculatus,8,0.122009715266667,0.123453598446667,98.8304243876509,1,1.12857245372236,bolditalic('Portunus trituberculatus')
PortunusTrituberculatus,Base,50,Portunus trituberculatus,8,0.111835905233333,0.123453598446667,90.5894252095433,1,1.13566006891429,bolditalic('Portunus trituberculatus')
PortunusTrituberculatus,Base,51,Portunus trituberculatus,8,0.129338556733333,0.123453598446667,104.766939449893,1,1.11741894026101,bolditalic('Portunus trituberculatus')
PortunusTrituberculatus,Base,52,Portunus trituberculatus,8,0.1312455391,0.123453598446667,106.311635101264,1,1.12430075626075,bolditalic('Portunus trituberculatus')
PortunusTrituberculatus,Base,53,Portunus trituberculatus,8,0.140482862866667,0.123453598446667,113.794060792288,1,1.15207007929683,bolditalic('Portunus trituberculatus')
PortunusTrituberculatus,Base,54,Portunus trituberculatus,8,0.132549697433333,0.123453598446667,107.368030661817,1,1.14885359741747,bolditalic('Portunus trituberculatus')
PortunusTrituberculatus,Base,55,Portunus trituberculatus,8,0.130688967833333,0.123453598446667,105.860800720031,1,1.13474186187983,bolditalic('Portunus trituberculatus')
PortunusTrituberculatus,Base,56,Portunus trituberculatus,8,0.128004492366667,0.123453598446667,103.686319376074,1,1.15412225185335,bolditalic('Portunus trituberculatus')
PortunusTrituberculatus,Base,57,Portunus trituberculatus,8,0.121000196533333,0.123453598446667,98.0126930731845,1,1.14897262959182,bolditalic('Portunus trituberculatus')
PortunusTrituberculatus,Base,58,Portunus trituberculatus,8,0.120908312366667,0.123453598446667,97.9382649740265,1,1.10799941524863,bolditalic('Portunus trituberculatus')
PortunusTrituberculatus,Base,59,Portunus trituberculatus,8,0.123792901133333,0.123453598446667,100.274842281582,1,1.12269367361069,bolditalic('Portunus trituberculatus')
PortunusTrituberculatus,Base,60,Portunus trituberculatus,8,0.136538881933333,0.123453598446667,110.599353644859,1,1.11468506066501,bolditalic('Portunus trituberculatus')
PortunusTrituberculatus,Base,61,Portunus trituberculatus,8,0.126930238366667,0.123453598446667,102.816151139979,1,1.14036671440303,bolditalic('Portunus trituberculatus')
PortunusTrituberculatus,Base,62,Portunus trituberculatus,8,0.106379958666667,0.123453598446667,86.1699942368422,1,1.12133571791649,bolditalic('Portunus trituberculatus')
PortunusTrituberculatus,Base,63,Portunus trituberculatus,8,0.1266720977,0.123453598446667,102.60705179422,1,1.11700081346929,bolditalic('Portunus trituberculatus')
PortunusTrituberculatus,Base,64,Portunus trituberculatus,8,0.114231382933333,0.123453598446667,92.52981231056,1,1.11281659559906,bolditalic('Portunus trituberculatus')
PortunusTrituberculatus,Base,65,Portunus trituberculatus,8,0.104393904433333,0.123453598446667,84.5612487176162,1,1.1083703276962,bolditalic('Portunus trituberculatus')
PortunusTrituberculatus,Base,66,Portunus trituberculatus,8,0.133963630866667,0.123453598446667,108.513346352185,1,1.14916233359277,bolditalic('Portunus trituberculatus')
PortunusTrituberculatus,Base,67,Portunus trituberculatus,8,0.1080512901,0.123453598446667,87.5238076974155,1,1.13853859511018,bolditalic('Portunus trituberculatus')
PortunusTrituberculatus,Base,68,Portunus trituberculatus,8,0.125782464766667,0.123453598446667,101.886430488299,1,1.13448384870589,bolditalic('Portunus trituberculatus')
PortunusTrituberculatus,Base,69,Portunus trituberculatus,8,0.1115706838,0.123453598446667,90.3745902945063,1,1.12430443280935,bolditalic('Portunus trituberculatus')
PortunusTrituberculatus,Base,70,Portunus trituberculatus,8,0.144836990433333,0.123453598446667,117.320995301651,1,1.14652353915572,bolditalic('Portunus trituberculatus')
PortunusTrituberculatus,Base,71,Portunus trituberculatus,8,0.1282252293,0.123453598446667,103.865120914555,1,1.11833425791562,bolditalic('Portunus trituberculatus')
PortunusTrituberculatus,Base,72,Portunus trituberculatus,8,0.1148159022,0.123453598446667,93.0032851570558,1,1.1501283877939,bolditalic('Portunus trituberculatus')
PortunusTrituberculatus,Base,73,Portunus trituberculatus,8,0.110684517533333,0.123453598446667,89.6567770611806,1,1.14497556272149,bolditalic('Portunus trituberculatus')
PortunusTrituberculatus,Base,74,Portunus trituberculatus,8,0.120908126133333,0.123453598446667,97.938114121126,1,1.13660228145123,bolditalic('Portunus trituberculatus')
PortunusTrituberculatus,Base,75,Portunus trituberculatus,8,0.120768945866667,0.123453598446667,97.8253751905341,1,1.10253887495399,bolditalic('Portunus trituberculatus')
PortunusTrituberculatus,Base,76,Portunus trituberculatus,8,0.1059565322,0.123453598446667,85.8270099318121,1,1.10741186614335,bolditalic('Portunus trituberculatus')
PortunusTrituberculatus,Base,77,Portunus trituberculatus,8,0.134949309133333,0.123453598446667,109.311766389404,1,1.13160934594274,bolditalic('Portunus trituberculatus')
PortunusTrituberculatus,Base,78,Portunus trituberculatus,8,0.119632077466667,0.123453598446667,96.9044879792219,1,1.14268877625465,bolditalic('Portunus trituberculatus')
PortunusTrituberculatus,Base,79,Portunus trituberculatus,8,0.1278475124,0.123453598446667,103.559162315736,1,1.09886352998018,bolditalic('Portunus trituberculatus')
PortunusTrituberculatus,Base,80,Portunus trituberculatus,8,0.139881030133333,0.123453598446667,113.306563675228,1,1.1555539163053,bolditalic('Portunus trituberculatus')
PortunusTrituberculatus,Base,81,Portunus trituberculatus,8,0.116926424266667,0.123453598446667,94.7128522277789,1,1.12614351665974,bolditalic('Portunus trituberculatus')
PortunusTrituberculatus,Base,82,Portunus trituberculatus,8,0.135973701466667,0.123453598446667,110.14154563134,1,1.13020897626877,bolditalic('Portunus trituberculatus')
PortunusTrituberculatus,Base,83,Portunus trituberculatus,8,0.1180608195,0.123453598446667,95.6317361222999,1,1.12614009593427,bolditalic('Portunus trituberculatus')
PortunusTrituberculatus,Base,84,Portunus trituberculatus,8,0.157320058033333,0.123453598446667,127.432541467228,1,1.13310583786666,bolditalic('Portunus trituberculatus')
PortunusTrituberculatus,Base,85,Portunus trituberculatus,8,0.124354752166667,0.123453598446667,100.72995338438,1,1.09314251925051,bolditalic('Portunus trituberculatus')
PortunusTrituberculatus,Base,86,Portunus trituberculatus,8,0.113604244466667,0.123453598446667,92.0218170195706,1,1.11972938531637,bolditalic('Portunus trituberculatus')
PortunusTrituberculatus,Base,87,Portunus trituberculatus,8,0.1352144787,0.123453598446667,109.526559291355,1,1.1207520968169,bolditalic('Portunus trituberculatus')
PortunusTrituberculatus,Base,88,Portunus trituberculatus,8,0.111242192833333,0.123453598446667,90.1085057325331,1,1.11525320483744,bolditalic('Portunus trituberculatus')
PortunusTrituberculatus,Base,89,Portunus trituberculatus,8,0.122890569966667,0.123453598446667,99.5439351407461,1,1.11135207878053,bolditalic('Portunus trituberculatus')
PortunusTrituberculatus,Base,90,Portunus trituberculatus,8,0.124169406133333,0.123453598446667,100.579819216024,1,1.13681222568452,bolditalic('Portunus trituberculatus')
PortunusTrituberculatus,Base,91,Portunus trituberculatus,8,0.118325246666667,0.123453598446667,95.8459276647046,1,1.14504378819466,bolditalic('Portunus trituberculatus')
PortunusTrituberculatus,Base,92,Portunus trituberculatus,8,0.1242865973,0.123453598446667,100.67474651514,1,1.15398846304417,bolditalic('Portunus trituberculatus')
PortunusTrituberculatus,Base,93,Portunus trituberculatus,8,0.103460998366667,0.123453598446667,83.8055752675069,1,1.10992695963383,bolditalic('Portunus trituberculatus')
PortunusTrituberculatus,Base,94,Portunus trituberculatus,8,0.114382693133333,0.123453598446667,92.6523767411669,1,1.09546592308581,bolditalic('Portunus trituberculatus')
PortunusTrituberculatus,Base,95,Portunus trituberculatus,8,0.109863761633333,0.123453598446667,88.9919475946223,1,1.13025351853669,bolditalic('Portunus trituberculatus')
PortunusTrituberculatus,Base,96,Portunus trituberculatus,8,0.1286422379,0.123453598446667,104.202906613188,1,1.12751350514591,bolditalic('Portunus trituberculatus')
PortunusTrituberculatus,Base,97,Portunus trituberculatus,8,0.1251185741,0.123453598446667,101.348665145676,1,1.13681968489289,bolditalic('Portunus trituberculatus')
PortunusTrituberculatus,Base,98,Portunus trituberculatus,8,0.120934190133333,0.123453598446667,97.9592265069357,1,1.14529338483512,bolditalic('Portunus trituberculatus')
PortunusTrituberculatus,Base,99,Portunus trituberculatus,8,0.123456764566667,0.123453598446667,100.002564623502,1,1.15109765194356,bolditalic('Portunus trituberculatus')
PortunusTrituberculatus,Base,100,Portunus trituberculatus,8,0.125772726033333,0.123453598446667,101.878541910359,1,1.10867210869491,bolditalic('Portunus trituberculatus')
PortunusTrituberculatus,SSP1-2.6,1,Portunus trituberculatus,8,0.172272565876543,0.123453598446667,139.54438594268,2,2.1320257320106,bolditalic('Portunus trituberculatus')
PortunusTrituberculatus,SSP1-2.6,2,Portunus trituberculatus,8,0.158306915246914,0.123453598446667,128.231916476136,2,2.149427813977,bolditalic('Portunus trituberculatus')
PortunusTrituberculatus,SSP1-2.6,3,Portunus trituberculatus,8,0.189268644765432,0.123453598446667,153.311565759825,2,2.15384903809428,bolditalic('Portunus trituberculatus')
PortunusTrituberculatus,SSP1-2.6,4,Portunus trituberculatus,8,0.164198475,0.123453598446667,133.004203252071,2,2.15034720304608,bolditalic('Portunus trituberculatus')
PortunusTrituberculatus,SSP1-2.6,5,Portunus trituberculatus,8,0.164357380604938,0.123453598446667,133.132920119734,2,2.112053798154,bolditalic('Portunus trituberculatus')
PortunusTrituberculatus,SSP1-2.6,6,Portunus trituberculatus,8,0.185564173876543,0.123453598446667,150.310866764008,2,2.14125425203145,bolditalic('Portunus trituberculatus')
PortunusTrituberculatus,SSP1-2.6,7,Portunus trituberculatus,8,0.178413554024691,0.123453598446667,144.518714941928,2,2.14640076895058,bolditalic('Portunus trituberculatus')
PortunusTrituberculatus,SSP1-2.6,8,Portunus trituberculatus,8,0.167993925111111,0.123453598446667,136.078597323096,2,2.15335387717187,bolditalic('Portunus trituberculatus')
PortunusTrituberculatus,SSP1-2.6,9,Portunus trituberculatus,8,0.176003536740741,0.123453598446667,142.566550473437,2,2.09748975630105,bolditalic('Portunus trituberculatus')
PortunusTrituberculatus,SSP1-2.6,10,Portunus trituberculatus,8,0.171143764839506,0.123453598446667,138.630033464308,2,2.13430506023765,bolditalic('Portunus trituberculatus')
PortunusTrituberculatus,SSP1-2.6,11,Portunus trituberculatus,8,0.162400575987654,0.123453598446667,131.547867402029,2,2.11624147626758,bolditalic('Portunus trituberculatus')
PortunusTrituberculatus,SSP1-2.6,12,Portunus trituberculatus,8,0.164721108555556,0.123453598446667,133.42754737661,2,2.1123575514704,bolditalic('Portunus trituberculatus')
PortunusTrituberculatus,SSP1-2.6,13,Portunus trituberculatus,8,0.167749912320988,0.123453598446667,135.880941853192,2,2.14418155406415,bolditalic('Portunus trituberculatus')
PortunusTrituberculatus,SSP1-2.6,14,Portunus trituberculatus,8,0.174751822345679,0.123453598446667,141.552635601119,2,2.10832448740304,bolditalic('Portunus trituberculatus')
PortunusTrituberculatus,SSP1-2.6,15,Portunus trituberculatus,8,0.154738642148148,0.123453598446667,125.341540542455,2,2.09661480619013,bolditalic('Portunus trituberculatus')
PortunusTrituberculatus,SSP1-2.6,16,Portunus trituberculatus,8,0.176363027148148,0.123453598446667,142.857745231573,2,2.1022373060137,bolditalic('Portunus trituberculatus')
PortunusTrituberculatus,SSP1-2.6,17,Portunus trituberculatus,8,0.167693484382716,0.123453598446667,135.835234041527,2,2.11425692544878,bolditalic('Portunus trituberculatus')
PortunusTrituberculatus,SSP1-2.6,18,Portunus trituberculatus,8,0.166523876679012,0.123453598446667,134.887827308616,2,2.12600156974792,bolditalic('Portunus trituberculatus')
PortunusTrituberculatus,SSP1-2.6,19,Portunus trituberculatus,8,0.171450526839506,0.123453598446667,138.878517108251,2,2.11096348169446,bolditalic('Portunus trituberculatus')
PortunusTrituberculatus,SSP1-2.6,20,Portunus trituberculatus,8,0.156382007308642,0.123453598446667,126.672700736383,2,2.13591297450662,bolditalic('Portunus trituberculatus')
PortunusTrituberculatus,SSP1-2.6,21,Portunus trituberculatus,8,0.169776777123457,0.123453598446667,137.522744788037,2,2.0964019241333,bolditalic('Portunus trituberculatus')
PortunusTrituberculatus,SSP1-2.6,22,Portunus trituberculatus,8,0.165363446111111,0.123453598446667,133.947854247886,2,2.15244905491173,bolditalic('Portunus trituberculatus')
PortunusTrituberculatus,SSP1-2.6,23,Portunus trituberculatus,8,0.175047012074074,0.123453598446667,141.791745462726,2,2.1382553101182,bolditalic('Portunus trituberculatus')
PortunusTrituberculatus,SSP1-2.6,24,Portunus trituberculatus,8,0.179143763555556,0.123453598446667,145.110199953344,2,2.10185816347599,bolditalic('Portunus trituberculatus')
PortunusTrituberculatus,SSP1-2.6,25,Portunus trituberculatus,8,0.163531772753086,0.123453598446667,132.46416047057,2,2.14267465505004,bolditalic('Portunus trituberculatus')
PortunusTrituberculatus,SSP1-2.6,26,Portunus trituberculatus,8,0.173257751024691,0.123453598446667,140.342406543573,2,2.11672290989757,bolditalic('Portunus trituberculatus')
PortunusTrituberculatus,SSP1-2.6,27,Portunus trituberculatus,8,0.169282898123457,0.123453598446667,137.122692455651,2,2.11539656127989,bolditalic('Portunus trituberculatus')
PortunusTrituberculatus,SSP1-2.6,28,Portunus trituberculatus,8,0.162360046567901,0.123453598446667,131.515037723297,2,2.15399783943594,bolditalic('Portunus trituberculatus')
PortunusTrituberculatus,SSP1-2.6,29,Portunus trituberculatus,8,0.163668593,0.123453598446667,132.574987735742,2,2.10377002559602,bolditalic('Portunus trituberculatus')
PortunusTrituberculatus,SSP1-2.6,30,Portunus trituberculatus,8,0.155442842604938,0.123453598446667,125.91195765921,2,2.11809183460474,bolditalic('Portunus trituberculatus')
PortunusTrituberculatus,SSP1-2.6,31,Portunus trituberculatus,8,0.158766097395062,0.123453598446667,128.60386363193,2,2.11726274313033,bolditalic('Portunus trituberculatus')
PortunusTrituberculatus,SSP1-2.6,32,Portunus trituberculatus,8,0.170904790925926,0.123453598446667,138.436459589923,2,2.10309210662544,bolditalic('Portunus trituberculatus')
PortunusTrituberculatus,SSP1-2.6,33,Portunus trituberculatus,8,0.17072707,0.123453598446667,138.292501918246,2,2.10386935073137,bolditalic('Portunus trituberculatus')
PortunusTrituberculatus,SSP1-2.6,34,Portunus trituberculatus,8,0.186935409654321,0.123453598446667,151.421596459239,2,2.13489256592095,bolditalic('Portunus trituberculatus')
PortunusTrituberculatus,SSP1-2.6,35,Portunus trituberculatus,8,0.171230420333333,0.123453598446667,138.700226228972,2,2.12612689784169,bolditalic('Portunus trituberculatus')
PortunusTrituberculatus,SSP1-2.6,36,Portunus trituberculatus,8,0.167059217851852,0.123453598446667,135.321464869267,2,2.11488539065421,bolditalic('Portunus trituberculatus')
PortunusTrituberculatus,SSP1-2.6,37,Portunus trituberculatus,8,0.176376005382716,0.123453598446667,142.868257873352,2,2.13875000046194,bolditalic('Portunus trituberculatus')
PortunusTrituberculatus,SSP1-2.6,38,Portunus trituberculatus,8,0.167630431259259,0.123453598446667,135.784159691123,2,2.12006573647261,bolditalic('Portunus trituberculatus')
PortunusTrituberculatus,SSP1-2.6,39,Portunus trituberculatus,8,0.183615275345679,0.123453598446667,148.732218141866,2,2.15225495037436,bolditalic('Portunus trituberculatus')
PortunusTrituberculatus,SSP1-2.6,40,Portunus trituberculatus,8,0.168556281691358,0.123453598446667,136.53411792948,2,2.14201690839231,bolditalic('Portunus trituberculatus')
PortunusTrituberculatus,SSP1-2.6,41,Portunus trituberculatus,8,0.175133899012346,0.123453598446667,141.862125702238,2,2.09684301911294,bolditalic('Portunus trituberculatus')
PortunusTrituberculatus,SSP1-2.6,42,Portunus trituberculatus,8,0.178672040271605,0.123453598446667,144.728094214923,2,2.12595756141841,bolditalic('Portunus trituberculatus')
PortunusTrituberculatus,SSP1-2.6,43,Portunus trituberculatus,8,0.174024836679012,0.123453598446667,140.963761987216,2,2.10479932789505,bolditalic('Portunus trituberculatus')
PortunusTrituberculatus,SSP1-2.6,44,Portunus trituberculatus,8,0.165285024530864,0.123453598446667,133.884331125649,2,2.15636675979197,bolditalic('Portunus trituberculatus')
PortunusTrituberculatus,SSP1-2.6,45,Portunus trituberculatus,8,0.151933264382716,0.123453598446667,123.069125804667,2,2.1378502895534,bolditalic('Portunus trituberculatus')
PortunusTrituberculatus,SSP1-2.6,46,Portunus trituberculatus,8,0.166812464111111,0.123453598446667,135.121589171964,2,2.09440395464003,bolditalic('Portunus trituberculatus')
PortunusTrituberculatus,SSP1-2.6,47,Portunus trituberculatus,8,0.169822831864198,0.123453598446667,137.560050092475,2,2.10498635751009,bolditalic('Portunus trituberculatus')
PortunusTrituberculatus,SSP1-2.6,48,Portunus trituberculatus,8,0.182923995728395,0.123453598446667,148.172267175687,2,2.15280056448281,bolditalic('Portunus trituberculatus')
PortunusTrituberculatus,SSP1-2.6,49,Portunus trituberculatus,8,0.166837656864198,0.123453598446667,135.141995829529,2,2.13015059667826,bolditalic('Portunus trituberculatus')
PortunusTrituberculatus,SSP1-2.6,50,Portunus trituberculatus,8,0.178344465567901,0.123453598446667,144.462751845138,2,2.11186152288318,bolditalic('Portunus trituberculatus')
PortunusTrituberculatus,SSP1-2.6,51,Portunus trituberculatus,8,0.167861208790123,0.123453598446667,135.971094323865,2,2.13717041835189,bolditalic('Portunus trituberculatus')
PortunusTrituberculatus,SSP1-2.6,52,Portunus trituberculatus,8,0.174573505567901,0.123453598446667,141.408195276964,2,2.12092988237739,bolditalic('Portunus trituberculatus')
PortunusTrituberculatus,SSP1-2.6,53,Portunus trituberculatus,8,0.169546615839506,0.123453598446667,137.336309328198,2,2.10797688816488,bolditalic('Portunus trituberculatus')
PortunusTrituberculatus,SSP1-2.6,54,Portunus trituberculatus,8,0.167544558876543,0.123453598446667,135.714601262858,2,2.11843777319789,bolditalic('Portunus trituberculatus')
PortunusTrituberculatus,SSP1-2.6,55,Portunus trituberculatus,8,0.171994323481481,0.123453598446667,139.319003775969,2,2.11842805108428,bolditalic('Portunus trituberculatus')
PortunusTrituberculatus,SSP1-2.6,56,Portunus trituberculatus,8,0.18556422854321,0.123453598446667,150.310911045153,2,2.11774777753651,bolditalic('Portunus trituberculatus')
PortunusTrituberculatus,SSP1-2.6,57,Portunus trituberculatus,8,0.167582370148148,0.123453598446667,135.745229184669,2,2.14797951745987,bolditalic('Portunus trituberculatus')
PortunusTrituberculatus,SSP1-2.6,58,Portunus trituberculatus,8,0.16546042462963,0.123453598446667,134.026408878726,2,2.11645168921351,bolditalic('Portunus trituberculatus')
PortunusTrituberculatus,SSP1-2.6,59,Portunus trituberculatus,8,0.173012265246914,0.123453598446667,140.143557922823,2,2.13286169673502,bolditalic('Portunus trituberculatus')
PortunusTrituberculatus,SSP1-2.6,60,Portunus trituberculatus,8,0.175724764283951,0.123453598446667,142.340738945626,2,2.14686071056128,bolditalic('Portunus trituberculatus')
PortunusTrituberculatus,SSP1-2.6,61,Portunus trituberculatus,8,0.181037579333333,0.123453598446667,146.644230391991,2,2.10098076438904,bolditalic('Portunus trituberculatus')
PortunusTrituberculatus,SSP1-2.6,62,Portunus trituberculatus,8,0.174369665098765,0.123453598446667,141.243080228313,2,2.14347140367329,bolditalic('Portunus trituberculatus')
PortunusTrituberculatus,SSP1-2.6,63,Portunus trituberculatus,8,0.168018291506173,0.123453598446667,136.098334613356,2,2.13880989687145,bolditalic('Portunus trituberculatus')
PortunusTrituberculatus,SSP1-2.6,64,Portunus trituberculatus,8,0.182692841654321,0.123453598446667,147.985027535059,2,2.15678908252716,bolditalic('Portunus trituberculatus')
PortunusTrituberculatus,SSP1-2.6,65,Portunus trituberculatus,8,0.184976981864198,0.123453598446667,149.835228937543,2,2.13969818618894,bolditalic('Portunus trituberculatus')
PortunusTrituberculatus,SSP1-2.6,66,Portunus trituberculatus,8,0.158779652135802,0.123453598446667,128.614843255781,2,2.1251465202421,bolditalic('Portunus trituberculatus')
PortunusTrituberculatus,SSP1-2.6,67,Portunus trituberculatus,8,0.14964905691358,0.123453598446667,121.218869920774,2,2.14102181637287,bolditalic('Portunus trituberculatus')
PortunusTrituberculatus,SSP1-2.6,68,Portunus trituberculatus,8,0.165105600098765,0.123453598446667,133.738993578298,2,2.13721913453937,bolditalic('Portunus trituberculatus')
PortunusTrituberculatus,SSP1-2.6,69,Portunus trituberculatus,8,0.175920210802469,0.123453598446667,142.499054718497,2,2.12911713467538,bolditalic('Portunus trituberculatus')
PortunusTrituberculatus,SSP1-2.6,70,Portunus trituberculatus,8,0.206902940209877,0.123453598446667,167.595714351949,2,2.1115526189357,bolditalic('Portunus trituberculatus')
PortunusTrituberculatus,SSP1-2.6,71,Portunus trituberculatus,8,0.167812672333333,0.123453598446667,135.931778777457,2,2.11088485494256,bolditalic('Portunus trituberculatus')
PortunusTrituberculatus,SSP1-2.6,72,Portunus trituberculatus,8,0.162063565395062,0.123453598446667,131.274881764646,2,2.10619608359039,bolditalic('Portunus trituberculatus')
PortunusTrituberculatus,SSP1-2.6,73,Portunus trituberculatus,8,0.187579852567901,0.123453598446667,151.943608714604,2,2.09949962365627,bolditalic('Portunus trituberculatus')
PortunusTrituberculatus,SSP1-2.6,74,Portunus trituberculatus,8,0.184498375728395,0.123453598446667,149.447547944988,2,2.12603501670063,bolditalic('Portunus trituberculatus')
PortunusTrituberculatus,SSP1-2.6,75,Portunus trituberculatus,8,0.174333401901235,0.123453598446667,141.213706278921,2,2.11304664085805,bolditalic('Portunus trituberculatus')
PortunusTrituberculatus,SSP1-2.6,76,Portunus trituberculatus,8,0.15675038517284,0.123453598446667,126.971094520633,2,2.1485140272975,bolditalic('Portunus trituberculatus')
PortunusTrituberculatus,SSP1-2.6,77,Portunus trituberculatus,8,0.182801137864198,0.123453598446667,148.072749732905,2,2.14844848781824,bolditalic('Portunus trituberculatus')
PortunusTrituberculatus,SSP1-2.6,78,Portunus trituberculatus,8,0.179563805320988,0.123453598446667,145.450442579494,2,2.1249713730067,bolditalic('Portunus trituberculatus')
PortunusTrituberculatus,SSP1-2.6,79,Portunus trituberculatus,8,0.169267368382716,0.123453598446667,137.11011304044,2,2.12505000838637,bolditalic('Portunus trituberculatus')
PortunusTrituberculatus,SSP1-2.6,80,Portunus trituberculatus,8,0.174496161074074,0.123453598446667,141.345544617283,2,2.12598866321146,bolditalic('Portunus trituberculatus')
PortunusTrituberculatus,SSP1-2.6,81,Portunus trituberculatus,8,0.186485876444444,0.123453598446667,151.057465145504,2,2.15181905113161,bolditalic('Portunus trituberculatus')
PortunusTrituberculatus,SSP1-2.6,82,Portunus trituberculatus,8,0.160988664641975,0.123453598446667,130.404189645006,2,2.12296778829396,bolditalic('Portunus trituberculatus')
PortunusTrituberculatus,SSP1-2.6,83,Portunus trituberculatus,8,0.169457411160494,0.123453598446667,137.264051670152,2,2.13161257372797,bolditalic('Portunus trituberculatus')
PortunusTrituberculatus,SSP1-2.6,84,Portunus trituberculatus,8,0.165401069777778,0.123453598446667,133.978330205768,2,2.11837842448056,bolditalic('Portunus trituberculatus')
PortunusTrituberculatus,SSP1-2.6,85,Portunus trituberculatus,8,0.176709782358025,0.123453598446667,143.13862421302,2,2.10895744203031,bolditalic('Portunus trituberculatus')
PortunusTrituberculatus,SSP1-2.6,86,Portunus trituberculatus,8,0.162032261407407,0.123453598446667,131.249524879104,2,2.1360062020272,bolditalic('Portunus trituberculatus')
PortunusTrituberculatus,SSP1-2.6,87,Portunus trituberculatus,8,0.187534940481481,0.123453598446667,151.907228984093,2,2.12738994811475,bolditalic('Portunus trituberculatus')
PortunusTrituberculatus,SSP1-2.6,88,Portunus trituberculatus,8,0.183426210320988,0.123453598446667,148.57907151263,2,2.09569588564336,bolditalic('Portunus trituberculatus')
PortunusTrituberculatus,SSP1-2.6,89,Portunus trituberculatus,8,0.169207521259259,0.123453598446667,137.061635617174,2,2.11909976781905,bolditalic('Portunus trituberculatus')
PortunusTrituberculatus,SSP1-2.6,90,Portunus trituberculatus,8,0.161596384246914,0.123453598446667,130.896455251343,2,2.13551715695858,bolditalic('Portunus trituberculatus')
PortunusTrituberculatus,SSP1-2.6,91,Portunus trituberculatus,8,0.166913825197531,0.123453598446667,135.20369377458,2,2.11302587851882,bolditalic('Portunus trituberculatus')
PortunusTrituberculatus,SSP1-2.6,92,Portunus trituberculatus,8,0.181482229222222,0.123453598446667,147.004406113463,2,2.11075721794367,bolditalic('Portunus trituberculatus')
PortunusTrituberculatus,SSP1-2.6,93,Portunus trituberculatus,8,0.170175504271605,0.123453598446667,137.845722127835,2,2.10443942624331,bolditalic('Portunus trituberculatus')
PortunusTrituberculatus,SSP1-2.6,94,Portunus trituberculatus,8,0.176285816222222,0.123453598446667,142.795202764689,2,2.10853233361244,bolditalic('Portunus trituberculatus')
PortunusTrituberculatus,SSP1-2.6,95,Portunus trituberculatus,8,0.186092855185185,0.123453598446667,150.739109695194,2,2.15491820664704,bolditalic('Portunus trituberculatus')
PortunusTrituberculatus,SSP1-2.6,96,Portunus trituberculatus,8,0.175070995950617,0.123453598446667,141.811172904976,2,2.12638390244544,bolditalic('Portunus trituberculatus')
PortunusTrituberculatus,SSP1-2.6,97,Portunus trituberculatus,8,0.176671265765432,0.123453598446667,143.107424966439,2,2.15566431945562,bolditalic('Portunus trituberculatus')
PortunusTrituberculatus,SSP1-2.6,98,Portunus trituberculatus,8,0.174262913790123,0.123453598446667,141.15660943282,2,2.13567323201895,bolditalic('Portunus trituberculatus')
PortunusTrituberculatus,SSP1-2.6,99,Portunus trituberculatus,8,0.179734638271605,0.123453598446667,145.588820846929,2,2.11207137285173,bolditalic('Portunus trituberculatus')
PortunusTrituberculatus,SSP1-2.6,100,Portunus trituberculatus,8,0.175153675259259,0.123453598446667,141.878144876374,2,2.12772361569107,bolditalic('Portunus trituberculatus')
PortunusTrituberculatus,SSP5-8.5,1,Portunus trituberculatus,8,0.188779449469136,0.123453598446667,152.915307325522,3,3.12410970617831,bolditalic('Portunus trituberculatus')
PortunusTrituberculatus,SSP5-8.5,2,Portunus trituberculatus,8,0.181092349160494,0.123453598446667,146.688595098933,3,3.10176288677752,bolditalic('Portunus trituberculatus')
PortunusTrituberculatus,SSP5-8.5,3,Portunus trituberculatus,8,0.208643656975309,0.123453598446667,169.005731384529,3,3.13253033949435,bolditalic('Portunus trituberculatus')
PortunusTrituberculatus,SSP5-8.5,4,Portunus trituberculatus,8,0.178480241481481,0.123453598446667,144.572733178439,3,3.09346289411187,bolditalic('Portunus trituberculatus')
PortunusTrituberculatus,SSP5-8.5,5,Portunus trituberculatus,8,0.167863781666667,0.123453598446667,135.973178407745,3,3.15299571721256,bolditalic('Portunus trituberculatus')
PortunusTrituberculatus,SSP5-8.5,6,Portunus trituberculatus,8,0.206379533111111,0.123453598446667,167.171743641211,3,3.14382671508193,bolditalic('Portunus trituberculatus')
PortunusTrituberculatus,SSP5-8.5,7,Portunus trituberculatus,8,0.233641833975309,0.123453598446667,189.254778244674,3,3.14422600121796,bolditalic('Portunus trituberculatus')
PortunusTrituberculatus,SSP5-8.5,8,Portunus trituberculatus,8,0.179356612074074,0.123453598446667,145.282611710632,3,3.14651015682519,bolditalic('Portunus trituberculatus')
PortunusTrituberculatus,SSP5-8.5,9,Portunus trituberculatus,8,0.179089829345679,0.123453598446667,145.0665121139,3,3.09855126222968,bolditalic('Portunus trituberculatus')
PortunusTrituberculatus,SSP5-8.5,10,Portunus trituberculatus,8,0.189641941555556,0.123453598446667,153.613943977083,3,3.14411256803572,bolditalic('Portunus trituberculatus')
PortunusTrituberculatus,SSP5-8.5,11,Portunus trituberculatus,8,0.165539188320988,0.123453598446667,134.090209118127,3,3.11820378135145,bolditalic('Portunus trituberculatus')
PortunusTrituberculatus,SSP5-8.5,12,Portunus trituberculatus,8,0.187916617617284,0.123453598446667,152.216395456845,3,3.11277301378548,bolditalic('Portunus trituberculatus')
PortunusTrituberculatus,SSP5-8.5,13,Portunus trituberculatus,8,0.185708753530864,0.123453598446667,150.42797931167,3,3.11654114861786,bolditalic('Portunus trituberculatus')
PortunusTrituberculatus,SSP5-8.5,14,Portunus trituberculatus,8,0.193803549925926,0.123453598446667,156.984933905877,3,3.13139400988817,bolditalic('Portunus trituberculatus')
PortunusTrituberculatus,SSP5-8.5,15,Portunus trituberculatus,8,0.199239272604938,0.123453598446667,161.387983106067,3,3.13702039059997,bolditalic('Portunus trituberculatus')
PortunusTrituberculatus,SSP5-8.5,16,Portunus trituberculatus,8,0.21246550345679,0.123453598446667,172.101507068324,3,3.13992611218989,bolditalic('Portunus trituberculatus')
PortunusTrituberculatus,SSP5-8.5,17,Portunus trituberculatus,8,0.191428565876543,0.123453598446667,155.06114709102,3,3.10630398690701,bolditalic('Portunus trituberculatus')
PortunusTrituberculatus,SSP5-8.5,18,Portunus trituberculatus,8,0.219815247382716,0.123453598446667,178.054953560287,3,3.09654273340106,bolditalic('Portunus trituberculatus')
PortunusTrituberculatus,SSP5-8.5,19,Portunus trituberculatus,8,0.199190158012346,0.123453598446667,161.348199257552,3,3.12757848548889,bolditalic('Portunus trituberculatus')
PortunusTrituberculatus,SSP5-8.5,20,Portunus trituberculatus,8,0.196600972716049,0.123453598446667,159.250904947078,3,3.09869716855884,bolditalic('Portunus trituberculatus')
PortunusTrituberculatus,SSP5-8.5,21,Portunus trituberculatus,8,0.164653406296296,0.123453598446667,133.372707128847,3,3.14666746105254,bolditalic('Portunus trituberculatus')
PortunusTrituberculatus,SSP5-8.5,22,Portunus trituberculatus,8,0.193943326259259,0.123453598446667,157.098155662951,3,3.13411506277323,bolditalic('Portunus trituberculatus')
PortunusTrituberculatus,SSP5-8.5,23,Portunus trituberculatus,8,0.200699328111111,0.123453598446667,162.570658641283,3,3.10905074505508,bolditalic('Portunus trituberculatus')
PortunusTrituberculatus,SSP5-8.5,24,Portunus trituberculatus,8,0.209287370444444,0.123453598446667,169.527152774618,3,3.09574984866381,bolditalic('Portunus trituberculatus')
PortunusTrituberculatus,SSP5-8.5,25,Portunus trituberculatus,8,0.174589042888889,0.123453598446667,141.420780832333,3,3.13487281167507,bolditalic('Portunus trituberculatus')
PortunusTrituberculatus,SSP5-8.5,26,Portunus trituberculatus,8,0.196742096691358,0.123453598446667,159.365218322375,3,3.10128343164921,bolditalic('Portunus trituberculatus')
PortunusTrituberculatus,SSP5-8.5,27,Portunus trituberculatus,8,0.206728565135802,0.123453598446667,167.454466890336,3,3.13684680065513,bolditalic('Portunus trituberculatus')
PortunusTrituberculatus,SSP5-8.5,28,Portunus trituberculatus,8,0.209882461567901,0.123453598446667,170.0091890465,3,3.1324760633707,bolditalic('Portunus trituberculatus')
PortunusTrituberculatus,SSP5-8.5,29,Portunus trituberculatus,8,0.172743462419753,0.123453598446667,139.925822003787,3,3.12874086381495,bolditalic('Portunus trituberculatus')
PortunusTrituberculatus,SSP5-8.5,30,Portunus trituberculatus,8,0.195238990209877,0.123453598446667,158.147670595623,3,3.13787719292939,bolditalic('Portunus trituberculatus')
PortunusTrituberculatus,SSP5-8.5,31,Portunus trituberculatus,8,0.18770093362963,0.123453598446667,152.041686910179,3,3.10413776917756,bolditalic('Portunus trituberculatus')
PortunusTrituberculatus,SSP5-8.5,32,Portunus trituberculatus,8,0.176744217419753,0.123453598446667,143.166517334129,3,3.15121349558234,bolditalic('Portunus trituberculatus')
PortunusTrituberculatus,SSP5-8.5,33,Portunus trituberculatus,8,0.183740186975309,0.123453598446667,148.833399177657,3,3.11497641131282,bolditalic('Portunus trituberculatus')
PortunusTrituberculatus,SSP5-8.5,34,Portunus trituberculatus,8,0.203627958345679,0.123453598446667,164.942910460118,3,3.1192503181845,bolditalic('Portunus trituberculatus')
PortunusTrituberculatus,SSP5-8.5,35,Portunus trituberculatus,8,0.19720252791358,0.123453598446667,159.738177254326,3,3.12490171155334,bolditalic('Portunus trituberculatus')
PortunusTrituberculatus,SSP5-8.5,36,Portunus trituberculatus,8,0.175240013641975,0.123453598446667,141.948080774398,3,3.12828630419076,bolditalic('Portunus trituberculatus')
PortunusTrituberculatus,SSP5-8.5,37,Portunus trituberculatus,8,0.194155680135802,0.123453598446667,157.270166749882,3,3.11981766398251,bolditalic('Portunus trituberculatus')
PortunusTrituberculatus,SSP5-8.5,38,Portunus trituberculatus,8,0.174987735234568,0.123453598446667,141.743729981402,3,3.12109362228215,bolditalic('Portunus trituberculatus')
PortunusTrituberculatus,SSP5-8.5,39,Portunus trituberculatus,8,0.178434177283951,0.123453598446667,144.535420213803,3,3.11761206270754,bolditalic('Portunus trituberculatus')
PortunusTrituberculatus,SSP5-8.5,40,Portunus trituberculatus,8,0.187235765209877,0.123453598446667,151.664890749025,3,3.12441135759652,bolditalic('Portunus trituberculatus')
PortunusTrituberculatus,SSP5-8.5,41,Portunus trituberculatus,8,0.197933829469136,0.123453598446667,160.330546828609,3,3.09570449604094,bolditalic('Portunus trituberculatus')
PortunusTrituberculatus,SSP5-8.5,42,Portunus trituberculatus,8,0.180436233530864,0.123453598446667,146.157127699129,3,3.14278378140926,bolditalic('Portunus trituberculatus')
PortunusTrituberculatus,SSP5-8.5,43,Portunus trituberculatus,8,0.205076399654321,0.123453598446667,166.11617825212,3,3.11348345115781,bolditalic('Portunus trituberculatus')
PortunusTrituberculatus,SSP5-8.5,44,Portunus trituberculatus,8,0.196318973604938,0.123453598446667,159.022479761698,3,3.15233578497171,bolditalic('Portunus trituberculatus')
PortunusTrituberculatus,SSP5-8.5,45,Portunus trituberculatus,8,0.190436147358025,0.123453598446667,154.257267308652,3,3.13417923480272,bolditalic('Portunus trituberculatus')
PortunusTrituberculatus,SSP5-8.5,46,Portunus trituberculatus,8,0.185378117234568,0.123453598446667,150.160156987772,3,3.1394673807621,bolditalic('Portunus trituberculatus')
PortunusTrituberculatus,SSP5-8.5,47,Portunus trituberculatus,8,0.195140848839506,0.123453598446667,158.068174030431,3,3.09563720563054,bolditalic('Portunus trituberculatus')
PortunusTrituberculatus,SSP5-8.5,48,Portunus trituberculatus,8,0.187960771654321,0.123453598446667,152.252161151481,3,3.143528376773,bolditalic('Portunus trituberculatus')
PortunusTrituberculatus,SSP5-8.5,49,Portunus trituberculatus,8,0.188677095950617,0.123453598446667,152.832398832123,3,3.09456826843321,bolditalic('Portunus trituberculatus')
PortunusTrituberculatus,SSP5-8.5,50,Portunus trituberculatus,8,0.187269765407407,0.123453598446667,151.692431621027,3,3.10704727627337,bolditalic('Portunus trituberculatus')
PortunusTrituberculatus,SSP5-8.5,51,Portunus trituberculatus,8,0.19834308217284,0.123453598446667,160.662050088825,3,3.10084957483411,bolditalic('Portunus trituberculatus')
PortunusTrituberculatus,SSP5-8.5,52,Portunus trituberculatus,8,0.191851392012346,0.123453598446667,155.403645115479,3,3.10870554327965,bolditalic('Portunus trituberculatus')
PortunusTrituberculatus,SSP5-8.5,53,Portunus trituberculatus,8,0.191845616160494,0.123453598446667,155.398966554526,3,3.09859001074731,bolditalic('Portunus trituberculatus')
PortunusTrituberculatus,SSP5-8.5,54,Portunus trituberculatus,8,0.186347166938272,0.123453598446667,150.945107540771,3,3.12629753445089,bolditalic('Portunus trituberculatus')
PortunusTrituberculatus,SSP5-8.5,55,Portunus trituberculatus,8,0.194292788938272,0.123453598446667,157.381227751096,3,3.13967008145154,bolditalic('Portunus trituberculatus')
PortunusTrituberculatus,SSP5-8.5,56,Portunus trituberculatus,8,0.19981393137037,0.123453598446667,161.853468740072,3,3.15594440186024,bolditalic('Portunus trituberculatus')
PortunusTrituberculatus,SSP5-8.5,57,Portunus trituberculatus,8,0.188706251802469,0.123453598446667,152.85601568268,3,3.13842219989002,bolditalic('Portunus trituberculatus')
PortunusTrituberculatus,SSP5-8.5,58,Portunus trituberculatus,8,0.169070908580247,0.123453598446667,136.95097648635,3,3.10666084030271,bolditalic('Portunus trituberculatus')
PortunusTrituberculatus,SSP5-8.5,59,Portunus trituberculatus,8,0.192933732654321,0.123453598446667,156.280363700918,3,3.09367717720568,bolditalic('Portunus trituberculatus')
PortunusTrituberculatus,SSP5-8.5,60,Portunus trituberculatus,8,0.194306716012346,0.123453598446667,157.392508972745,3,3.14362337267399,bolditalic('Portunus trituberculatus')
PortunusTrituberculatus,SSP5-8.5,61,Portunus trituberculatus,8,0.196301637209877,0.123453598446667,159.008436918655,3,3.11088408723474,bolditalic('Portunus trituberculatus')
PortunusTrituberculatus,SSP5-8.5,62,Portunus trituberculatus,8,0.201895490271605,0.123453598446667,163.539575040274,3,3.12336157557368,bolditalic('Portunus trituberculatus')
PortunusTrituberculatus,SSP5-8.5,63,Portunus trituberculatus,8,0.193460629876543,0.123453598446667,156.707161484742,3,3.13113868069649,bolditalic('Portunus trituberculatus')
PortunusTrituberculatus,SSP5-8.5,64,Portunus trituberculatus,8,0.210479287703704,0.123453598446667,170.492630714716,3,3.14096091099083,bolditalic('Portunus trituberculatus')
PortunusTrituberculatus,SSP5-8.5,65,Portunus trituberculatus,8,0.161809004962963,0.123453598446667,131.068682483862,3,3.12013511131704,bolditalic('Portunus trituberculatus')
PortunusTrituberculatus,SSP5-8.5,66,Portunus trituberculatus,8,0.183244939691358,0.123453598446667,148.432238506617,3,3.15532501043379,bolditalic('Portunus trituberculatus')
PortunusTrituberculatus,SSP5-8.5,67,Portunus trituberculatus,8,0.185798386049383,0.123453598446667,150.500583528677,3,3.14330183082819,bolditalic('Portunus trituberculatus')
PortunusTrituberculatus,SSP5-8.5,68,Portunus trituberculatus,8,0.186798303037037,0.123453598446667,151.310537228071,3,3.11598418095708,bolditalic('Portunus trituberculatus')
PortunusTrituberculatus,SSP5-8.5,69,Portunus trituberculatus,8,0.175372467160494,0.123453598446667,142.055370898125,3,3.11768723586202,bolditalic('Portunus trituberculatus')
PortunusTrituberculatus,SSP5-8.5,70,Portunus trituberculatus,8,0.192654662950617,0.123453598446667,156.054311396882,3,3.09981207041442,bolditalic('Portunus trituberculatus')
PortunusTrituberculatus,SSP5-8.5,71,Portunus trituberculatus,8,0.210069990617284,0.123453598446667,170.161091503571,3,3.09463811407983,bolditalic('Portunus trituberculatus')
PortunusTrituberculatus,SSP5-8.5,72,Portunus trituberculatus,8,0.18566190108642,0.123453598446667,150.390027850527,3,3.14964442709088,bolditalic('Portunus trituberculatus')
PortunusTrituberculatus,SSP5-8.5,73,Portunus trituberculatus,8,0.191258219666667,0.123453598446667,154.923163093778,3,3.12996680314839,bolditalic('Portunus trituberculatus')
PortunusTrituberculatus,SSP5-8.5,74,Portunus trituberculatus,8,0.20602383954321,0.123453598446667,166.883624402584,3,3.10564477707446,bolditalic('Portunus trituberculatus')
PortunusTrituberculatus,SSP5-8.5,75,Portunus trituberculatus,8,0.188418896098765,0.123453598446667,152.623251545125,3,3.15087271912396,bolditalic('Portunus trituberculatus')
PortunusTrituberculatus,SSP5-8.5,76,Portunus trituberculatus,8,0.197840840444444,0.123453598446667,160.255223771313,3,3.10985928054154,bolditalic('Portunus trituberculatus')
PortunusTrituberculatus,SSP5-8.5,77,Portunus trituberculatus,8,0.184692312283951,0.123453598446667,149.604640616239,3,3.11572115053237,bolditalic('Portunus trituberculatus')
PortunusTrituberculatus,SSP5-8.5,78,Portunus trituberculatus,8,0.18245383091358,0.123453598446667,147.791423829903,3,3.12734663508832,bolditalic('Portunus trituberculatus')
PortunusTrituberculatus,SSP5-8.5,79,Portunus trituberculatus,8,0.192447647827161,0.123453598446667,155.886624811751,3,3.15631046530604,bolditalic('Portunus trituberculatus')
PortunusTrituberculatus,SSP5-8.5,80,Portunus trituberculatus,8,0.188399723617284,0.123453598446667,152.607721433632,3,3.09312323905528,bolditalic('Portunus trituberculatus')
PortunusTrituberculatus,SSP5-8.5,81,Portunus trituberculatus,8,0.191216705839506,0.123453598446667,154.889536024431,3,3.15677028304338,bolditalic('Portunus trituberculatus')
PortunusTrituberculatus,SSP5-8.5,82,Portunus trituberculatus,8,0.201257461123457,0.123453598446667,163.022758069221,3,3.13016711719334,bolditalic('Portunus trituberculatus')
PortunusTrituberculatus,SSP5-8.5,83,Portunus trituberculatus,8,0.199936366283951,0.123453598446667,161.952643583999,3,3.10249494203925,bolditalic('Portunus trituberculatus')
PortunusTrituberculatus,SSP5-8.5,84,Portunus trituberculatus,8,0.197777399580247,0.123453598446667,160.20383534279,3,3.1460019762069,bolditalic('Portunus trituberculatus')
PortunusTrituberculatus,SSP5-8.5,85,Portunus trituberculatus,8,0.190715289728395,0.123453598446667,154.48337847421,3,3.09484136341512,bolditalic('Portunus trituberculatus')
PortunusTrituberculatus,SSP5-8.5,86,Portunus trituberculatus,8,0.181576908,0.123453598446667,147.081097906144,3,3.11697698244452,bolditalic('Portunus trituberculatus')
PortunusTrituberculatus,SSP5-8.5,87,Portunus trituberculatus,8,0.175277734493827,0.123453598446667,141.978635454315,3,3.13058573280275,bolditalic('Portunus trituberculatus')
PortunusTrituberculatus,SSP5-8.5,88,Portunus trituberculatus,8,0.19162360762963,0.123453598446667,155.219134995416,3,3.12347313086689,bolditalic('Portunus trituberculatus')
PortunusTrituberculatus,SSP5-8.5,89,Portunus trituberculatus,8,0.190971814901235,0.123453598446667,154.691169236138,3,3.13544518736005,bolditalic('Portunus trituberculatus')
PortunusTrituberculatus,SSP5-8.5,90,Portunus trituberculatus,8,0.180930266839506,0.123453598446667,146.557305024746,3,3.12790062488616,bolditalic('Portunus trituberculatus')
PortunusTrituberculatus,SSP5-8.5,91,Portunus trituberculatus,8,0.207487600283951,0.123453598446667,168.069301255393,3,3.12628884321451,bolditalic('Portunus trituberculatus')
PortunusTrituberculatus,SSP5-8.5,92,Portunus trituberculatus,8,0.185596473790123,0.123453598446667,150.337030370405,3,3.11293749241531,bolditalic('Portunus trituberculatus')
PortunusTrituberculatus,SSP5-8.5,93,Portunus trituberculatus,8,0.197926919012346,0.123453598446667,160.324949213896,3,3.09633759059012,bolditalic('Portunus trituberculatus')
PortunusTrituberculatus,SSP5-8.5,94,Portunus trituberculatus,8,0.193188066604938,0.123453598446667,156.486379526958,3,3.13755377648771,bolditalic('Portunus trituberculatus')
PortunusTrituberculatus,SSP5-8.5,95,Portunus trituberculatus,8,0.199293552024691,0.123453598446667,161.431950572739,3,3.09351055893302,bolditalic('Portunus trituberculatus')
PortunusTrituberculatus,SSP5-8.5,96,Portunus trituberculatus,8,0.187688462432099,0.123453598446667,152.031584979017,3,3.11125435374677,bolditalic('Portunus trituberculatus')
PortunusTrituberculatus,SSP5-8.5,97,Portunus trituberculatus,8,0.199633582345679,0.123453598446667,161.70738225336,3,3.12196881935,bolditalic('Portunus trituberculatus')
PortunusTrituberculatus,SSP5-8.5,98,Portunus trituberculatus,8,0.193640999617284,0.123453598446667,156.853264751889,3,3.1053490088135,bolditalic('Portunus trituberculatus')
PortunusTrituberculatus,SSP5-8.5,99,Portunus trituberculatus,8,0.174756162135802,0.123453598446667,141.556150921999,3,3.14347713334858,bolditalic('Portunus trituberculatus')
PortunusTrituberculatus,SSP5-8.5,100,Portunus trituberculatus,8,0.194810307691358,0.123453598446667,157.800428778525,3,3.13170218236744,bolditalic('Portunus trituberculatus')
ScomberJaponicus,Base,1,Scomber japonicus,9,1.09553259163333,1.08057735234463,101.384004509834,1,1.10403223158419,bolditalic('Scomber japonicus')
ScomberJaponicus,Base,2,Scomber japonicus,9,1.060290097,1.08057735234463,98.1225540864229,1,1.13735331134498,bolditalic('Scomber japonicus')
ScomberJaponicus,Base,3,Scomber japonicus,9,1.0687861228,1.08057735234463,98.9088028248002,1,1.13200194895268,bolditalic('Scomber japonicus')
ScomberJaponicus,Base,4,Scomber japonicus,9,1.10323801148333,1.08057735234463,102.097088106606,1,1.1367448181808,bolditalic('Scomber japonicus')
ScomberJaponicus,Base,5,Scomber japonicus,9,1.0682773944,1.08057735234463,98.8617235112372,1,1.11181888644397,bolditalic('Scomber japonicus')
ScomberJaponicus,Base,6,Scomber japonicus,9,1.05696764931667,1.08057735234463,97.8150844105019,1,1.10946944497526,bolditalic('Scomber japonicus')
ScomberJaponicus,Base,7,Scomber japonicus,9,1.1241546543,1.08057735234463,104.032779500775,1,1.10097295890749,bolditalic('Scomber japonicus')
ScomberJaponicus,Base,8,Scomber japonicus,9,1.06474956906667,1.08057735234463,98.5352475467285,1,1.15258349125087,bolditalic('Scomber japonicus')
ScomberJaponicus,Base,9,Scomber japonicus,9,1.06421282464333,1.08057735234463,98.485575542945,1,1.14362455710769,bolditalic('Scomber japonicus')
ScomberJaponicus,Base,10,Scomber japonicus,9,1.08846011735,1.08057735234463,100.729495670834,1,1.12743310029805,bolditalic('Scomber japonicus')
ScomberJaponicus,Base,11,Scomber japonicus,9,1.10469661146667,1.08057735234463,102.232071500453,1,1.12489953717589,bolditalic('Scomber japonicus')
ScomberJaponicus,Base,12,Scomber japonicus,9,1.08785332736667,1.08057735234463,100.67334143236,1,1.14395057415962,bolditalic('Scomber japonicus')
ScomberJaponicus,Base,13,Scomber japonicus,9,1.08896861455,1.08057735234463,100.776553588427,1,1.14740557943285,bolditalic('Scomber japonicus')
ScomberJaponicus,Base,14,Scomber japonicus,9,1.08426283703333,1.08057735234463,100.341066253212,1,1.12678933683038,bolditalic('Scomber japonicus')
ScomberJaponicus,Base,15,Scomber japonicus,9,1.10371698196667,1.08057735234463,102.141413529705,1,1.14092257173359,bolditalic('Scomber japonicus')
ScomberJaponicus,Base,16,Scomber japonicus,9,1.05769213265,1.08057735234463,97.8821303588329,1,1.13029942674935,bolditalic('Scomber japonicus')
ScomberJaponicus,Base,17,Scomber japonicus,9,1.12991576095,1.08057735234463,104.565930287018,1,1.09921320565045,bolditalic('Scomber japonicus')
ScomberJaponicus,Base,18,Scomber japonicus,9,1.06780691281667,1.08057735234463,98.8181836774337,1,1.11942399895191,bolditalic('Scomber japonicus')
ScomberJaponicus,Base,19,Scomber japonicus,9,1.10540931011333,1.08057735234463,102.298026857107,1,1.09883122399449,bolditalic('Scomber japonicus')
ScomberJaponicus,Base,20,Scomber japonicus,9,1.03891386418333,1.08057735234463,96.144330799558,1,1.13807761780918,bolditalic('Scomber japonicus')
ScomberJaponicus,Base,21,Scomber japonicus,9,1.07136787827333,1.08057735234463,99.1477265323652,1,1.11158796228468,bolditalic('Scomber japonicus')
ScomberJaponicus,Base,22,Scomber japonicus,9,1.06360679256667,1.08057735234463,98.4294914435194,1,1.10816076628864,bolditalic('Scomber japonicus')
ScomberJaponicus,Base,23,Scomber japonicus,9,1.05853923795,1.08057735234463,97.960524126587,1,1.12881587959826,bolditalic('Scomber japonicus')
ScomberJaponicus,Base,24,Scomber japonicus,9,1.10074260145,1.08057735234463,101.866155075489,1,1.14509999041259,bolditalic('Scomber japonicus')
ScomberJaponicus,Base,25,Scomber japonicus,9,1.05946620817667,1.08057735234463,98.0463088438642,1,1.15552702341974,bolditalic('Scomber japonicus')
ScomberJaponicus,Base,26,Scomber japonicus,9,1.03778176161667,1.08057735234463,96.0395624954469,1,1.11809190694988,bolditalic('Scomber japonicus')
ScomberJaponicus,Base,27,Scomber japonicus,9,1.05415028051667,1.08057735234463,97.5543563104832,1,1.12488869376481,bolditalic('Scomber japonicus')
ScomberJaponicus,Base,28,Scomber japonicus,9,1.06126790866667,1.08057735234463,98.2130438292024,1,1.14206749095023,bolditalic('Scomber japonicus')
ScomberJaponicus,Base,29,Scomber japonicus,9,1.09424365338333,1.08057735234463,101.2647221422,1,1.15367748111486,bolditalic('Scomber japonicus')
ScomberJaponicus,Base,30,Scomber japonicus,9,1.05639825076667,1.08057735234463,97.7623904919439,1,1.1199074151963,bolditalic('Scomber japonicus')
ScomberJaponicus,Base,31,Scomber japonicus,9,1.05792658619,1.08057735234463,97.9038274210091,1,1.14160465705395,bolditalic('Scomber japonicus')
ScomberJaponicus,Base,32,Scomber japonicus,9,1.07655254826667,1.08057735234463,99.6275320716994,1,1.14360612712801,bolditalic('Scomber japonicus')
ScomberJaponicus,Base,33,Scomber japonicus,9,1.07513373638333,1.08057735234463,99.4962307927801,1,1.12590629202127,bolditalic('Scomber japonicus')
ScomberJaponicus,Base,34,Scomber japonicus,9,1.1676771505,1.08057735234463,108.060487105933,1,1.11901901087165,bolditalic('Scomber japonicus')
ScomberJaponicus,Base,35,Scomber japonicus,9,1.07298004762667,1.08057735234463,99.2969217149074,1,1.1455173022151,bolditalic('Scomber japonicus')
ScomberJaponicus,Base,36,Scomber japonicus,9,1.02947672347667,1.08057735234463,95.2709883510805,1,1.10789673811197,bolditalic('Scomber japonicus')
ScomberJaponicus,Base,37,Scomber japonicus,9,1.0383892901,1.08057735234463,96.0957850770151,1,1.11476105970144,bolditalic('Scomber japonicus')
ScomberJaponicus,Base,38,Scomber japonicus,9,1.04864317886667,1.08057735234463,97.0447119395318,1,1.09835280933976,bolditalic('Scomber japonicus')
ScomberJaponicus,Base,39,Scomber japonicus,9,1.13305947426667,1.08057735234463,104.856859326929,1,1.15678321965039,bolditalic('Scomber japonicus')
ScomberJaponicus,Base,40,Scomber japonicus,9,1.12892602898333,1.08057735234463,104.474337402481,1,1.12659293816984,bolditalic('Scomber japonicus')
ScomberJaponicus,Base,41,Scomber japonicus,9,1.07480530867667,1.08057735234463,99.4658370679859,1,1.12360456861556,bolditalic('Scomber japonicus')
ScomberJaponicus,Base,42,Scomber japonicus,9,1.05832076176667,1.08057735234463,97.9403056588525,1,1.13298375539482,bolditalic('Scomber japonicus')
ScomberJaponicus,Base,43,Scomber japonicus,9,1.09536139696667,1.08057735234463,101.368161621189,1,1.10200039090216,bolditalic('Scomber japonicus')
ScomberJaponicus,Base,44,Scomber japonicus,9,1.03503883147333,1.08057735234463,95.7857231809926,1,1.13419205278158,bolditalic('Scomber japonicus')
ScomberJaponicus,Base,45,Scomber japonicus,9,1.05528997343333,1.08057735234463,97.6598270492681,1,1.11099828821421,bolditalic('Scomber japonicus')
ScomberJaponicus,Base,46,Scomber japonicus,9,1.08791628085,1.08057735234463,100.679167344146,1,1.14944214233756,bolditalic('Scomber japonicus')
ScomberJaponicus,Base,47,Scomber japonicus,9,1.07531602536667,1.08057735234463,99.5131003841097,1,1.0954769269228,bolditalic('Scomber japonicus')
ScomberJaponicus,Base,48,Scomber japonicus,9,1.08027805776667,1.08057735234463,99.9723023458418,1,1.15389917762578,bolditalic('Scomber japonicus')
ScomberJaponicus,Base,49,Scomber japonicus,9,1.10268422513333,1.08057735234463,102.045838989752,1,1.14714413054287,bolditalic('Scomber japonicus')
ScomberJaponicus,Base,50,Scomber japonicus,9,1.0839006256,1.08057735234463,100.307546076933,1,1.14623979224265,bolditalic('Scomber japonicus')
ScomberJaponicus,Base,51,Scomber japonicus,9,1.14035636751667,1.08057735234463,105.532136597378,1,1.1181245239675,bolditalic('Scomber japonicus')
ScomberJaponicus,Base,52,Scomber japonicus,9,1.11806923555,1.08057735234463,103.469615860819,1,1.09355422540009,bolditalic('Scomber japonicus')
ScomberJaponicus,Base,53,Scomber japonicus,9,1.08757437155,1.08057735234463,100.647525990637,1,1.13030532464385,bolditalic('Scomber japonicus')
ScomberJaponicus,Base,54,Scomber japonicus,9,1.04406681921667,1.08057735234463,96.621201337531,1,1.14869620624185,bolditalic('Scomber japonicus')
ScomberJaponicus,Base,55,Scomber japonicus,9,1.13212056775,1.08057735234463,104.76996998813,1,1.12128148117661,bolditalic('Scomber japonicus')
ScomberJaponicus,Base,56,Scomber japonicus,9,1.09461171529,1.08057735234463,101.298783739536,1,1.12034541091323,bolditalic('Scomber japonicus')
ScomberJaponicus,Base,57,Scomber japonicus,9,1.07922566651667,1.08057735234463,99.8749107757042,1,1.13688995265961,bolditalic('Scomber japonicus')
ScomberJaponicus,Base,58,Scomber japonicus,9,1.05321404023333,1.08057735234463,97.4677137132357,1,1.14607373763621,bolditalic('Scomber japonicus')
ScomberJaponicus,Base,59,Scomber japonicus,9,1.08690357658333,1.08057735234463,100.585448531285,1,1.09315705057979,bolditalic('Scomber japonicus')
ScomberJaponicus,Base,60,Scomber japonicus,9,1.1192340291,1.08057735234463,103.577409490537,1,1.11626073488593,bolditalic('Scomber japonicus')
ScomberJaponicus,Base,61,Scomber japonicus,9,1.03414968566667,1.08057735234463,95.7034388535698,1,1.1163165589273,bolditalic('Scomber japonicus')
ScomberJaponicus,Base,62,Scomber japonicus,9,1.04380661783333,1.08057735234463,96.597121489589,1,1.12500273038447,bolditalic('Scomber japonicus')
ScomberJaponicus,Base,63,Scomber japonicus,9,1.11677730705,1.08057735234463,103.350056766119,1,1.12215925109386,bolditalic('Scomber japonicus')
ScomberJaponicus,Base,64,Scomber japonicus,9,1.06494972493333,1.08057735234463,98.553770595192,1,1.1357527371943,bolditalic('Scomber japonicus')
ScomberJaponicus,Base,65,Scomber japonicus,9,1.09490271032667,1.08057735234463,101.325713328246,1,1.12652747175097,bolditalic('Scomber japonicus')
ScomberJaponicus,Base,66,Scomber japonicus,9,1.08351771106667,1.08057735234463,100.272109971179,1,1.11354215274751,bolditalic('Scomber japonicus')
ScomberJaponicus,Base,67,Scomber japonicus,9,1.06474453956667,1.08057735234463,98.5347821011046,1,1.09514149975777,bolditalic('Scomber japonicus')
ScomberJaponicus,Base,68,Scomber japonicus,9,1.06578747661667,1.08057735234463,98.6312987500735,1,1.10034078370035,bolditalic('Scomber japonicus')
ScomberJaponicus,Base,69,Scomber japonicus,9,1.12482453018333,1.08057735234463,104.094771905286,1,1.09503971904516,bolditalic('Scomber japonicus')
ScomberJaponicus,Base,70,Scomber japonicus,9,1.12742525001667,1.08057735234463,104.335450633903,1,1.15586931486428,bolditalic('Scomber japonicus')
ScomberJaponicus,Base,71,Scomber japonicus,9,1.05435602273333,1.08057735234463,97.5733963372072,1,1.09324877113104,bolditalic('Scomber japonicus')
ScomberJaponicus,Base,72,Scomber japonicus,9,1.03684104403333,1.08057735234463,95.9525055548865,1,1.10717585331202,bolditalic('Scomber japonicus')
ScomberJaponicus,Base,73,Scomber japonicus,9,1.09629192075,1.08057735234463,101.454275195688,1,1.09682348442078,bolditalic('Scomber japonicus')
ScomberJaponicus,Base,74,Scomber japonicus,9,1.09688000335,1.08057735234463,101.508698194534,1,1.12241320584714,bolditalic('Scomber japonicus')
ScomberJaponicus,Base,75,Scomber japonicus,9,1.04641025011667,1.08057735234463,96.8380697454164,1,1.13597751529515,bolditalic('Scomber japonicus')
ScomberJaponicus,Base,76,Scomber japonicus,9,1.10032602505,1.08057735234463,101.827603795556,1,1.11103177823126,bolditalic('Scomber japonicus')
ScomberJaponicus,Base,77,Scomber japonicus,9,1.06761717756667,1.08057735234463,98.8006249853522,1,1.13912244734168,bolditalic('Scomber japonicus')
ScomberJaponicus,Base,78,Scomber japonicus,9,1.05426691861667,1.08057735234463,97.5651503642126,1,1.10675857290626,bolditalic('Scomber japonicus')
ScomberJaponicus,Base,79,Scomber japonicus,9,1.06732703556667,1.08057735234463,98.7737743393184,1,1.09655450312793,bolditalic('Scomber japonicus')
ScomberJaponicus,Base,80,Scomber japonicus,9,1.0588620971,1.08057735234463,97.9904025197718,1,1.13908429446816,bolditalic('Scomber japonicus')
ScomberJaponicus,Base,81,Scomber japonicus,9,1.12163598851667,1.08057735234463,103.799694309986,1,1.11698310279846,bolditalic('Scomber japonicus')
ScomberJaponicus,Base,82,Scomber japonicus,9,1.1123880331,1.08057735234463,102.943859658574,1,1.14133686886728,bolditalic('Scomber japonicus')
ScomberJaponicus,Base,83,Scomber japonicus,9,1.096607088,1.08057735234463,101.483441756445,1,1.133559696123,bolditalic('Scomber japonicus')
ScomberJaponicus,Base,84,Scomber japonicus,9,1.10236430186667,1.08057735234463,102.016232292372,1,1.10133934207261,bolditalic('Scomber japonicus')
ScomberJaponicus,Base,85,Scomber japonicus,9,1.04225603856667,1.08057735234463,96.4536260458527,1,1.15005631245673,bolditalic('Scomber japonicus')
ScomberJaponicus,Base,86,Scomber japonicus,9,1.05020265793333,1.08057735234463,97.1890309985308,1,1.10048054379225,bolditalic('Scomber japonicus')
ScomberJaponicus,Base,87,Scomber japonicus,9,1.08318803861667,1.08057735234463,100.241601053952,1,1.14648951286078,bolditalic('Scomber japonicus')
ScomberJaponicus,Base,88,Scomber japonicus,9,1.11008918816667,1.08057735234463,102.73111737517,1,1.12841503435373,bolditalic('Scomber japonicus')
ScomberJaponicus,Base,89,Scomber japonicus,9,1.13234485685,1.08057735234463,104.790726401311,1,1.13413876588643,bolditalic('Scomber japonicus')
ScomberJaponicus,Base,90,Scomber japonicus,9,1.0747009469,1.08057735234463,99.4561791035243,1,1.12052247026563,bolditalic('Scomber japonicus')
ScomberJaponicus,Base,91,Scomber japonicus,9,1.06500294643667,1.08057735234463,98.5586958791825,1,1.09405375732481,bolditalic('Scomber japonicus')
ScomberJaponicus,Base,92,Scomber japonicus,9,1.0788016573,1.08057735234463,99.8356716397229,1,1.14386033077538,bolditalic('Scomber japonicus')
ScomberJaponicus,Base,93,Scomber japonicus,9,1.03178390291667,1.08057735234463,95.4845019357391,1,1.12653922824562,bolditalic('Scomber japonicus')
ScomberJaponicus,Base,94,Scomber japonicus,9,1.10560388976,1.08057735234463,102.316033864773,1,1.13723980754614,bolditalic('Scomber japonicus')
ScomberJaponicus,Base,95,Scomber japonicus,9,1.06903184813333,1.08057735234463,98.9315430139034,1,1.11000640818477,bolditalic('Scomber japonicus')
ScomberJaponicus,Base,96,Scomber japonicus,9,1.08053194613333,1.08057735234463,99.9957979675212,1,1.11193754971027,bolditalic('Scomber japonicus')
ScomberJaponicus,Base,97,Scomber japonicus,9,1.09638390645,1.08057735234463,101.462787839396,1,1.12040059496462,bolditalic('Scomber japonicus')
ScomberJaponicus,Base,98,Scomber japonicus,9,1.0801251109,1.08057735234463,99.9581481655476,1,1.09457087558508,bolditalic('Scomber japonicus')
ScomberJaponicus,Base,99,Scomber japonicus,9,1.07859420511667,1.08057735234463,99.8164733673475,1,1.1306406288147,bolditalic('Scomber japonicus')
ScomberJaponicus,Base,100,Scomber japonicus,9,1.0915120352,1.08057735234463,101.011929671822,1,1.13773265963793,bolditalic('Scomber japonicus')
ScomberJaponicus,SSP1-2.6,1,Scomber japonicus,9,1.29422974616049,1.08057735234463,119.772059200785,2,2.10878137078881,bolditalic('Scomber japonicus')
ScomberJaponicus,SSP1-2.6,2,Scomber japonicus,9,1.2922503138642,1.08057735234463,119.588876359502,2,2.11170022894442,bolditalic('Scomber japonicus')
ScomberJaponicus,SSP1-2.6,3,Scomber japonicus,9,1.24679141621605,1.08057735234463,115.38196812202,2,2.10473171789944,bolditalic('Scomber japonicus')
ScomberJaponicus,SSP1-2.6,4,Scomber japonicus,9,1.23501716577161,1.08057735234463,114.292342245733,2,2.15597874395549,bolditalic('Scomber japonicus')
ScomberJaponicus,SSP1-2.6,5,Scomber japonicus,9,1.24823551640123,1.08057735234463,115.5156096593,2,2.10512474054098,bolditalic('Scomber japonicus')
ScomberJaponicus,SSP1-2.6,6,Scomber japonicus,9,1.21351053202469,1.08057735234463,112.302051249882,2,2.1004669688046,bolditalic('Scomber japonicus')
ScomberJaponicus,SSP1-2.6,7,Scomber japonicus,9,1.27998755048765,1.08057735234463,118.454041972131,2,2.14685775536299,bolditalic('Scomber japonicus')
ScomberJaponicus,SSP1-2.6,8,Scomber japonicus,9,1.28263805548354,1.08057735234463,118.699327975038,2,2.11153920046985,bolditalic('Scomber japonicus')
ScomberJaponicus,SSP1-2.6,9,Scomber japonicus,9,1.27075578297531,1.08057735234463,117.599705399898,2,2.10992344856262,bolditalic('Scomber japonicus')
ScomberJaponicus,SSP1-2.6,10,Scomber japonicus,9,1.27397545528189,1.08057735234463,117.897663921756,2,2.10383816698194,bolditalic('Scomber japonicus')
ScomberJaponicus,SSP1-2.6,11,Scomber japonicus,9,1.22120315766049,1.08057735234463,113.013950830149,2,2.14563220134378,bolditalic('Scomber japonicus')
ScomberJaponicus,SSP1-2.6,12,Scomber japonicus,9,1.29397631162346,1.08057735234463,119.748605577916,2,2.12290666081011,bolditalic('Scomber japonicus')
ScomberJaponicus,SSP1-2.6,13,Scomber japonicus,9,1.25539189918519,1.08057735234463,116.177883652775,2,2.11075991140306,bolditalic('Scomber japonicus')
ScomberJaponicus,SSP1-2.6,14,Scomber japonicus,9,1.2878560116358,1.08057735234463,119.182213919384,2,2.11211124184728,bolditalic('Scomber japonicus')
ScomberJaponicus,SSP1-2.6,15,Scomber japonicus,9,1.2614817297428,1.08057735234463,116.741455575174,2,2.15438379275799,bolditalic('Scomber japonicus')
ScomberJaponicus,SSP1-2.6,16,Scomber japonicus,9,1.25328108487407,1.08057735234463,115.982542309878,2,2.12928139476478,bolditalic('Scomber japonicus')
ScomberJaponicus,SSP1-2.6,17,Scomber japonicus,9,1.30268528401235,1.08057735234463,120.554561058104,2,2.1506767129153,bolditalic('Scomber japonicus')
ScomberJaponicus,SSP1-2.6,18,Scomber japonicus,9,1.2805107293642,1.08057735234463,118.502458577884,2,2.09482352787256,bolditalic('Scomber japonicus')
ScomberJaponicus,SSP1-2.6,19,Scomber japonicus,9,1.3186908618893,1.08057735234463,122.035767178352,2,2.13751722201705,bolditalic('Scomber japonicus')
ScomberJaponicus,SSP1-2.6,20,Scomber japonicus,9,1.25145287243827,1.08057735234463,115.813353826348,2,2.13307654441893,bolditalic('Scomber japonicus')
ScomberJaponicus,SSP1-2.6,21,Scomber japonicus,9,1.28636014290741,1.08057735234463,119.043781559577,2,2.09386453576386,bolditalic('Scomber japonicus')
ScomberJaponicus,SSP1-2.6,22,Scomber japonicus,9,1.25901532075309,1.08057735234463,116.513206391128,2,2.09448018813133,bolditalic('Scomber japonicus')
ScomberJaponicus,SSP1-2.6,23,Scomber japonicus,9,1.29675520190741,1.08057735234463,120.005772755991,2,2.12006885223091,bolditalic('Scomber japonicus')
ScomberJaponicus,SSP1-2.6,24,Scomber japonicus,9,1.26326231739506,1.08057735234463,116.906236712627,2,2.10257197752595,bolditalic('Scomber japonicus')
ScomberJaponicus,SSP1-2.6,25,Scomber japonicus,9,1.25654603123457,1.08057735234463,116.284690633958,2,2.09938559156656,bolditalic('Scomber japonicus')
ScomberJaponicus,SSP1-2.6,26,Scomber japonicus,9,1.25036063025926,1.08057735234463,115.712274326889,2,2.09883179113269,bolditalic('Scomber japonicus')
ScomberJaponicus,SSP1-2.6,27,Scomber japonicus,9,1.24955038309259,1.08057735234463,115.637291525805,2,2.11519046472013,bolditalic('Scomber japonicus')
ScomberJaponicus,SSP1-2.6,28,Scomber japonicus,9,1.26136540767695,1.08057735234463,116.730690768231,2,2.14279725216329,bolditalic('Scomber japonicus')
ScomberJaponicus,SSP1-2.6,29,Scomber japonicus,9,1.25709352211111,1.08057735234463,116.335357148053,2,2.13675318343937,bolditalic('Scomber japonicus')
ScomberJaponicus,SSP1-2.6,30,Scomber japonicus,9,1.25465728645062,1.08057735234463,116.109900298046,2,2.1418643206507,bolditalic('Scomber japonicus')
ScomberJaponicus,SSP1-2.6,31,Scomber japonicus,9,1.25443320464815,1.08057735234463,116.089163068825,2,2.15588154539466,bolditalic('Scomber japonicus')
ScomberJaponicus,SSP1-2.6,32,Scomber japonicus,9,1.20211272398765,1.08057735234463,111.24726252862,2,2.1252526768446,bolditalic('Scomber japonicus')
ScomberJaponicus,SSP1-2.6,33,Scomber japonicus,9,1.24088989524691,1.08057735234463,114.835822956536,2,2.15189954455197,bolditalic('Scomber japonicus')
ScomberJaponicus,SSP1-2.6,34,Scomber japonicus,9,1.23683774910494,1.08057735234463,114.460824708315,2,2.12981725083292,bolditalic('Scomber japonicus')
ScomberJaponicus,SSP1-2.6,35,Scomber japonicus,9,1.27751094113169,1.08057735234463,118.224848814363,2,2.14380466853082,bolditalic('Scomber japonicus')
ScomberJaponicus,SSP1-2.6,36,Scomber japonicus,9,1.29034291251235,1.08057735234463,119.412359486581,2,2.14957147216797,bolditalic('Scomber japonicus')
ScomberJaponicus,SSP1-2.6,37,Scomber japonicus,9,1.29020496927572,1.08057735234463,119.399593789027,2,2.09893989144266,bolditalic('Scomber japonicus')
ScomberJaponicus,SSP1-2.6,38,Scomber japonicus,9,1.2648586483963,1.08057735234463,117.053966164645,2,2.12369280000031,bolditalic('Scomber japonicus')
ScomberJaponicus,SSP1-2.6,39,Scomber japonicus,9,1.24916002316667,1.08057735234463,115.601166400188,2,2.12745190441608,bolditalic('Scomber japonicus')
ScomberJaponicus,SSP1-2.6,40,Scomber japonicus,9,1.26268504320988,1.08057735234463,116.852813958215,2,2.12841589440405,bolditalic('Scomber japonicus')
ScomberJaponicus,SSP1-2.6,41,Scomber japonicus,9,1.23172780878395,1.08057735234463,113.987934886045,2,2.15018575447798,bolditalic('Scomber japonicus')
ScomberJaponicus,SSP1-2.6,42,Scomber japonicus,9,1.30063138028395,1.08057735234463,120.364486398113,2,2.14360152767599,bolditalic('Scomber japonicus')
ScomberJaponicus,SSP1-2.6,43,Scomber japonicus,9,1.26702818007407,1.08057735234463,117.254741395873,2,2.09735955600441,bolditalic('Scomber japonicus')
ScomberJaponicus,SSP1-2.6,44,Scomber japonicus,9,1.27066238818519,1.08057735234463,117.591062354593,2,2.1008274076283,bolditalic('Scomber japonicus')
ScomberJaponicus,SSP1-2.6,45,Scomber japonicus,9,1.28824079220988,1.08057735234463,119.217822714372,2,2.15663585427403,bolditalic('Scomber japonicus')
ScomberJaponicus,SSP1-2.6,46,Scomber japonicus,9,1.25211137064198,1.08057735234463,115.874293304885,2,2.11714118842781,bolditalic('Scomber japonicus')
ScomberJaponicus,SSP1-2.6,47,Scomber japonicus,9,1.26093523710494,1.08057735234463,116.6908814412,2,2.13622595877945,bolditalic('Scomber japonicus')
ScomberJaponicus,SSP1-2.6,48,Scomber japonicus,9,1.2931604084465,1.08057735234463,119.67309935199,2,2.10180809888244,bolditalic('Scomber japonicus')
ScomberJaponicus,SSP1-2.6,49,Scomber japonicus,9,1.33357131211111,1.08057735234463,123.412850474566,2,2.09351422357559,bolditalic('Scomber japonicus')
ScomberJaponicus,SSP1-2.6,50,Scomber japonicus,9,1.2604411418251,1.08057735234463,116.645156322238,2,2.12360145361722,bolditalic('Scomber japonicus')
ScomberJaponicus,SSP1-2.6,51,Scomber japonicus,9,1.2704004769321,1.08057735234463,117.566824269969,2,2.11393407344818,bolditalic('Scomber japonicus')
ScomberJaponicus,SSP1-2.6,52,Scomber japonicus,9,1.2776677122963,1.08057735234463,118.239356907122,2,2.137987639606,bolditalic('Scomber japonicus')
ScomberJaponicus,SSP1-2.6,53,Scomber japonicus,9,1.3084645207284,1.08057735234463,121.089389657233,2,2.12005621130764,bolditalic('Scomber japonicus')
ScomberJaponicus,SSP1-2.6,54,Scomber japonicus,9,1.24002961728395,1.08057735234463,114.756210149448,2,2.14819399279356,bolditalic('Scomber japonicus')
ScomberJaponicus,SSP1-2.6,55,Scomber japonicus,9,1.28515807708642,1.08057735234463,118.932538637598,2,2.14658076819778,bolditalic('Scomber japonicus')
ScomberJaponicus,SSP1-2.6,56,Scomber japonicus,9,1.27802347728395,1.08057735234463,118.272280509202,2,2.13568796743453,bolditalic('Scomber japonicus')
ScomberJaponicus,SSP1-2.6,57,Scomber japonicus,9,1.30284558322634,1.08057735234463,120.569395647561,2,2.1127865665257,bolditalic('Scomber japonicus')
ScomberJaponicus,SSP1-2.6,58,Scomber japonicus,9,1.25587490234156,1.08057735234463,116.22258227202,2,2.09721054728329,bolditalic('Scomber japonicus')
ScomberJaponicus,SSP1-2.6,59,Scomber japonicus,9,1.24035960616049,1.08057735234463,114.786748349774,2,2.0985619956851,bolditalic('Scomber japonicus')
ScomberJaponicus,SSP1-2.6,60,Scomber japonicus,9,1.28407629060288,1.08057735234463,118.832426740825,2,2.1548366394639,bolditalic('Scomber japonicus')
ScomberJaponicus,SSP1-2.6,61,Scomber japonicus,9,1.24522749229012,1.08057735234463,115.237237721874,2,2.12140190079808,bolditalic('Scomber japonicus')
ScomberJaponicus,SSP1-2.6,62,Scomber japonicus,9,1.29169918378025,1.08057735234463,119.537873061797,2,2.13856508870423,bolditalic('Scomber japonicus')
ScomberJaponicus,SSP1-2.6,63,Scomber japonicus,9,1.30701648392593,1.08057735234463,120.955383813104,2,2.12696047855914,bolditalic('Scomber japonicus')
ScomberJaponicus,SSP1-2.6,64,Scomber japonicus,9,1.28564814703086,1.08057735234463,118.977891239462,2,2.14125983756781,bolditalic('Scomber japonicus')
ScomberJaponicus,SSP1-2.6,65,Scomber japonicus,9,1.25333175314403,1.08057735234463,115.987231309684,2,2.13186823284626,bolditalic('Scomber japonicus')
ScomberJaponicus,SSP1-2.6,66,Scomber japonicus,9,1.26631021662346,1.08057735234463,117.188298817833,2,2.13583313663304,bolditalic('Scomber japonicus')
ScomberJaponicus,SSP1-2.6,67,Scomber japonicus,9,1.27903758067901,1.08057735234463,118.36612880177,2,2.13104532019794,bolditalic('Scomber japonicus')
ScomberJaponicus,SSP1-2.6,68,Scomber japonicus,9,1.33572595783951,1.08057735234463,123.61224811359,2,2.12631349734962,bolditalic('Scomber japonicus')
ScomberJaponicus,SSP1-2.6,69,Scomber japonicus,9,1.2325756967963,1.08057735234463,114.066401088442,2,2.13689698538184,bolditalic('Scomber japonicus')
ScomberJaponicus,SSP1-2.6,70,Scomber japonicus,9,1.23653560276543,1.08057735234463,114.432863143245,2,2.11743733252585,bolditalic('Scomber japonicus')
ScomberJaponicus,SSP1-2.6,71,Scomber japonicus,9,1.22238787748765,1.08057735234463,113.123588499733,2,2.1162122156471,bolditalic('Scomber japonicus')
ScomberJaponicus,SSP1-2.6,72,Scomber japonicus,9,1.27089772439506,1.08057735234463,117.612841101793,2,2.13617687222362,bolditalic('Scomber japonicus')
ScomberJaponicus,SSP1-2.6,73,Scomber japonicus,9,1.25893060980864,1.08057735234463,116.505366975998,2,2.13294559730589,bolditalic('Scomber japonicus')
ScomberJaponicus,SSP1-2.6,74,Scomber japonicus,9,1.25341993474074,1.08057735234463,115.995391909804,2,2.12108661608398,bolditalic('Scomber japonicus')
ScomberJaponicus,SSP1-2.6,75,Scomber japonicus,9,1.22743228972222,1.08057735234463,113.590414148413,2,2.10384657783806,bolditalic('Scomber japonicus')
ScomberJaponicus,SSP1-2.6,76,Scomber japonicus,9,1.27044448565226,1.08057735234463,117.570896974257,2,2.15248755612969,bolditalic('Scomber japonicus')
ScomberJaponicus,SSP1-2.6,77,Scomber japonicus,9,1.2795499856358,1.08057735234463,118.413548355371,2,2.11970640920103,bolditalic('Scomber japonicus')
ScomberJaponicus,SSP1-2.6,78,Scomber japonicus,9,1.29458655521605,1.08057735234463,119.805079424167,2,2.12222514361143,bolditalic('Scomber japonicus')
ScomberJaponicus,SSP1-2.6,79,Scomber japonicus,9,1.27835820664198,1.08057735234463,118.303257408477,2,2.13784596325457,bolditalic('Scomber japonicus')
ScomberJaponicus,SSP1-2.6,80,Scomber japonicus,9,1.25684689080247,1.08057735234463,116.312533117168,2,2.12892045500875,bolditalic('Scomber japonicus')
ScomberJaponicus,SSP1-2.6,81,Scomber japonicus,9,1.29547826124074,1.08057735234463,119.887600682155,2,2.10048695914447,bolditalic('Scomber japonicus')
ScomberJaponicus,SSP1-2.6,82,Scomber japonicus,9,1.30930109951235,1.08057735234463,121.166809268345,2,2.12790334802866,bolditalic('Scomber japonicus')
ScomberJaponicus,SSP1-2.6,83,Scomber japonicus,9,1.25406132325926,1.08057735234463,116.054748004685,2,2.11047746787965,bolditalic('Scomber japonicus')
ScomberJaponicus,SSP1-2.6,84,Scomber japonicus,9,1.28249847377778,1.08057735234463,118.686410648439,2,2.13556673008204,bolditalic('Scomber japonicus')
ScomberJaponicus,SSP1-2.6,85,Scomber japonicus,9,1.26185990973457,1.08057735234463,116.776453531678,2,2.13157748670876,bolditalic('Scomber japonicus')
ScomberJaponicus,SSP1-2.6,86,Scomber japonicus,9,1.23836522961111,1.08057735234463,114.602182520678,2,2.09920603300631,bolditalic('Scomber japonicus')
ScomberJaponicus,SSP1-2.6,87,Scomber japonicus,9,1.26412920691975,1.08057735234463,116.986461374269,2,2.14430874027312,bolditalic('Scomber japonicus')
ScomberJaponicus,SSP1-2.6,88,Scomber japonicus,9,1.25820920419753,1.08057735234463,116.438605849685,2,2.11438534149528,bolditalic('Scomber japonicus')
ScomberJaponicus,SSP1-2.6,89,Scomber japonicus,9,1.22518524617284,1.08057735234463,113.382465726719,2,2.13226403570175,bolditalic('Scomber japonicus')
ScomberJaponicus,SSP1-2.6,90,Scomber japonicus,9,1.23876725002469,1.08057735234463,114.639386744208,2,2.11552664315701,bolditalic('Scomber japonicus')
ScomberJaponicus,SSP1-2.6,91,Scomber japonicus,9,1.24616723070988,1.08057735234463,115.324204047582,2,2.15311142213643,bolditalic('Scomber japonicus')
ScomberJaponicus,SSP1-2.6,92,Scomber japonicus,9,1.22516320169136,1.08057735234463,113.380425661615,2,2.12503846821189,bolditalic('Scomber japonicus')
ScomberJaponicus,SSP1-2.6,93,Scomber japonicus,9,1.26317179632099,1.08057735234463,116.897859609973,2,2.09751287536323,bolditalic('Scomber japonicus')
ScomberJaponicus,SSP1-2.6,94,Scomber japonicus,9,1.27043738643827,1.08057735234463,117.570239990842,2,2.14576234735548,bolditalic('Scomber japonicus')
ScomberJaponicus,SSP1-2.6,95,Scomber japonicus,9,1.27788799775062,1.08057735234463,118.259742810439,2,2.10203699657321,bolditalic('Scomber japonicus')
ScomberJaponicus,SSP1-2.6,96,Scomber japonicus,9,1.29581379840741,1.08057735234463,119.918652338563,2,2.10382479067147,bolditalic('Scomber japonicus')
ScomberJaponicus,SSP1-2.6,97,Scomber japonicus,9,1.28014685629012,1.08057735234463,118.468784628186,2,2.14415301863849,bolditalic('Scomber japonicus')
ScomberJaponicus,SSP1-2.6,98,Scomber japonicus,9,1.23227476203292,1.08057735234463,114.038551646408,2,2.10219189584255,bolditalic('Scomber japonicus')
ScomberJaponicus,SSP1-2.6,99,Scomber japonicus,9,1.26271116196914,1.08057735234463,116.855231069697,2,2.10655863332748,bolditalic('Scomber japonicus')
ScomberJaponicus,SSP1-2.6,100,Scomber japonicus,9,1.29371922235802,1.08057735234463,119.724813735075,2,2.15501252447069,bolditalic('Scomber japonicus')
ScomberJaponicus,SSP5-8.5,1,Scomber japonicus,9,1.57305580142593,1.08057735234463,145.575492398829,3,3.09492946717143,bolditalic('Scomber japonicus')
ScomberJaponicus,SSP5-8.5,2,Scomber japonicus,9,1.56241825826132,1.08057735234463,144.591060961179,3,3.12780845154822,bolditalic('Scomber japonicus')
ScomberJaponicus,SSP5-8.5,3,Scomber japonicus,9,1.58897645710494,1.08057735234463,147.048839553891,3,3.14486938375235,bolditalic('Scomber japonicus')
ScomberJaponicus,SSP5-8.5,4,Scomber japonicus,9,1.55574987176543,1.08057735234463,143.973947666936,3,3.15267471829057,bolditalic('Scomber japonicus')
ScomberJaponicus,SSP5-8.5,5,Scomber japonicus,9,1.59081634114815,1.08057735234463,147.21910816439,3,3.135458918944,bolditalic('Scomber japonicus')
ScomberJaponicus,SSP5-8.5,6,Scomber japonicus,9,1.52105159666667,1.08057735234463,140.762861017427,3,3.1479115203619,bolditalic('Scomber japonicus')
ScomberJaponicus,SSP5-8.5,7,Scomber japonicus,9,1.52079178132305,1.08057735234463,140.738816894805,3,3.14627841898799,bolditalic('Scomber japonicus')
ScomberJaponicus,SSP5-8.5,8,Scomber japonicus,9,1.55195952519547,1.08057735234463,143.623177168023,3,3.14847221136093,bolditalic('Scomber japonicus')
ScomberJaponicus,SSP5-8.5,9,Scomber japonicus,9,1.61003001933333,1.08057735234463,148.997201897661,3,3.11898109452426,bolditalic('Scomber japonicus')
ScomberJaponicus,SSP5-8.5,10,Scomber japonicus,9,1.57115056329218,1.08057735234463,145.399175716861,3,3.12660442222655,bolditalic('Scomber japonicus')
ScomberJaponicus,SSP5-8.5,11,Scomber japonicus,9,1.54498434840947,1.08057735234463,142.977672543031,3,3.15305104416609,bolditalic('Scomber japonicus')
ScomberJaponicus,SSP5-8.5,12,Scomber japonicus,9,1.60180970090741,1.08057735234463,148.236467979993,3,3.12486546136439,bolditalic('Scomber japonicus')
ScomberJaponicus,SSP5-8.5,13,Scomber japonicus,9,1.56059955919959,1.08057735234463,144.422752874971,3,3.09510926111043,bolditalic('Scomber japonicus')
ScomberJaponicus,SSP5-8.5,14,Scomber japonicus,9,1.59063513843416,1.08057735234463,147.202339099816,3,3.1276661695689,bolditalic('Scomber japonicus')
ScomberJaponicus,SSP5-8.5,15,Scomber japonicus,9,1.58900609290123,1.08057735234463,147.051582142954,3,3.10678735516965,bolditalic('Scomber japonicus')
ScomberJaponicus,SSP5-8.5,16,Scomber japonicus,9,1.56908957126543,1.08057735234463,145.208445083623,3,3.15413779422641,bolditalic('Scomber japonicus')
ScomberJaponicus,SSP5-8.5,17,Scomber japonicus,9,1.58064157177161,1.08057735234463,146.277503257119,3,3.11004186695814,bolditalic('Scomber japonicus')
ScomberJaponicus,SSP5-8.5,18,Scomber japonicus,9,1.56102075236214,1.08057735234463,144.461731404516,3,3.10921665009856,bolditalic('Scomber japonicus')
ScomberJaponicus,SSP5-8.5,19,Scomber japonicus,9,1.61110609945473,1.08057735234463,149.096785709876,3,3.10243953762949,bolditalic('Scomber japonicus')
ScomberJaponicus,SSP5-8.5,20,Scomber japonicus,9,1.56564659171605,1.08057735234463,144.889821012713,3,3.13255165375769,bolditalic('Scomber japonicus')
ScomberJaponicus,SSP5-8.5,21,Scomber japonicus,9,1.58721397421605,1.08057735234463,146.885733887733,3,3.15506026895344,bolditalic('Scomber japonicus')
ScomberJaponicus,SSP5-8.5,22,Scomber japonicus,9,1.56134993675309,1.08057735234463,144.492195155236,3,3.10690512752533,bolditalic('Scomber japonicus')
ScomberJaponicus,SSP5-8.5,23,Scomber japonicus,9,1.61511661554115,1.08057735234463,149.467931382855,3,3.12862136012316,bolditalic('Scomber japonicus')
ScomberJaponicus,SSP5-8.5,24,Scomber japonicus,9,1.54648961859259,1.08057735234463,143.116974942795,3,3.10482778970897,bolditalic('Scomber japonicus')
ScomberJaponicus,SSP5-8.5,25,Scomber japonicus,9,1.59100441567901,1.08057735234463,147.23651316834,3,3.13242700459063,bolditalic('Scomber japonicus')
ScomberJaponicus,SSP5-8.5,26,Scomber japonicus,9,1.56284063725309,1.08057735234463,144.630149231061,3,3.13082184372842,bolditalic('Scomber japonicus')
ScomberJaponicus,SSP5-8.5,27,Scomber japonicus,9,1.57583632957613,1.08057735234463,145.832811150158,3,3.1202933498919,bolditalic('Scomber japonicus')
ScomberJaponicus,SSP5-8.5,28,Scomber japonicus,9,1.56382380388395,1.08057735234463,144.721134538936,3,3.0975922165364,bolditalic('Scomber japonicus')
ScomberJaponicus,SSP5-8.5,29,Scomber japonicus,9,1.55573560664198,1.08057735234463,143.9726275279,3,3.1495744368583,bolditalic('Scomber japonicus')
ScomberJaponicus,SSP5-8.5,30,Scomber japonicus,9,1.58408094182099,1.08057735234463,146.595793293637,3,3.14472778119147,bolditalic('Scomber japonicus')
ScomberJaponicus,SSP5-8.5,31,Scomber japonicus,9,1.58382331296708,1.08057735234463,146.571951515595,3,3.10706880292296,bolditalic('Scomber japonicus')
ScomberJaponicus,SSP5-8.5,32,Scomber japonicus,9,1.5751700930823,1.08057735234463,145.771155546107,3,3.12830584254861,bolditalic('Scomber japonicus')
ScomberJaponicus,SSP5-8.5,33,Scomber japonicus,9,1.55651034896296,1.08057735234463,144.044324599775,3,3.1315675137043,bolditalic('Scomber japonicus')
ScomberJaponicus,SSP5-8.5,34,Scomber japonicus,9,1.60302441750617,1.08057735234463,148.348881644422,3,3.13360960145295,bolditalic('Scomber japonicus')
ScomberJaponicus,SSP5-8.5,35,Scomber japonicus,9,1.53963582780864,1.08057735234463,142.482703757204,3,3.12647344297171,bolditalic('Scomber japonicus')
ScomberJaponicus,SSP5-8.5,36,Scomber japonicus,9,1.60487057885597,1.08057735234463,148.519731176461,3,3.09341262340546,bolditalic('Scomber japonicus')
ScomberJaponicus,SSP5-8.5,37,Scomber japonicus,9,1.57876045004733,1.08057735234463,146.103418382936,3,3.10478968213499,bolditalic('Scomber japonicus')
ScomberJaponicus,SSP5-8.5,38,Scomber japonicus,9,1.58422623982099,1.08057735234463,146.609239623942,3,3.14430479069054,bolditalic('Scomber japonicus')
ScomberJaponicus,SSP5-8.5,39,Scomber japonicus,9,1.51454147945473,1.08057735234463,140.160394456582,3,3.13858291755617,bolditalic('Scomber japonicus')
ScomberJaponicus,SSP5-8.5,40,Scomber japonicus,9,1.60081081857202,1.08057735234463,148.144028291782,3,3.14469117227197,bolditalic('Scomber japonicus')
ScomberJaponicus,SSP5-8.5,41,Scomber japonicus,9,1.58948352043621,1.08057735234463,147.095764776798,3,3.10633234238625,bolditalic('Scomber japonicus')
ScomberJaponicus,SSP5-8.5,42,Scomber japonicus,9,1.61063970195679,1.08057735234463,149.053623830078,3,3.11325826914608,bolditalic('Scomber japonicus')
ScomberJaponicus,SSP5-8.5,43,Scomber japonicus,9,1.59797252476543,1.08057735234463,147.881363726359,3,3.11581678856909,bolditalic('Scomber japonicus')
ScomberJaponicus,SSP5-8.5,44,Scomber japonicus,9,1.53972503776646,1.08057735234463,142.49095952507,3,3.14197543092072,bolditalic('Scomber japonicus')
ScomberJaponicus,SSP5-8.5,45,Scomber japonicus,9,1.54169734920782,1.08057735234463,142.673483380218,3,3.15643251374364,bolditalic('Scomber japonicus')
ScomberJaponicus,SSP5-8.5,46,Scomber japonicus,9,1.6157660929321,1.08057735234463,149.528036047231,3,3.1013123037219,bolditalic('Scomber japonicus')
ScomberJaponicus,SSP5-8.5,47,Scomber japonicus,9,1.55721105267078,1.08057735234463,144.10916990736,3,3.11709055551887,bolditalic('Scomber japonicus')
ScomberJaponicus,SSP5-8.5,48,Scomber japonicus,9,1.59554917035494,1.08057735234463,147.657098947421,3,3.1088240146935,bolditalic('Scomber japonicus')
ScomberJaponicus,SSP5-8.5,49,Scomber japonicus,9,1.58914879001852,1.08057735234463,147.064787779458,3,3.15231389120221,bolditalic('Scomber japonicus')
ScomberJaponicus,SSP5-8.5,50,Scomber japonicus,9,1.57256018179424,1.08057735234463,145.52962621159,3,3.09506002272666,bolditalic('Scomber japonicus')
ScomberJaponicus,SSP5-8.5,51,Scomber japonicus,9,1.53388821883951,1.08057735234463,141.950802088465,3,3.11237186798453,bolditalic('Scomber japonicus')
ScomberJaponicus,SSP5-8.5,52,Scomber japonicus,9,1.58776384554321,1.08057735234463,146.936620696157,3,3.099561229527,bolditalic('Scomber japonicus')
ScomberJaponicus,SSP5-8.5,53,Scomber japonicus,9,1.51838292954938,1.08057735234463,140.515894235132,3,3.12209026940167,bolditalic('Scomber japonicus')
ScomberJaponicus,SSP5-8.5,54,Scomber japonicus,9,1.50667175729424,1.08057735234463,139.432105811312,3,3.106128527686,bolditalic('Scomber japonicus')
ScomberJaponicus,SSP5-8.5,55,Scomber japonicus,9,1.55844917325514,1.08057735234463,144.223749449646,3,3.11125058853626,bolditalic('Scomber japonicus')
ScomberJaponicus,SSP5-8.5,56,Scomber japonicus,9,1.58708023493621,1.08057735234463,146.873357237459,3,3.14510485726595,bolditalic('Scomber japonicus')
ScomberJaponicus,SSP5-8.5,57,Scomber japonicus,9,1.63014103873251,1.08057735234463,150.858338386922,3,3.11510436080396,bolditalic('Scomber japonicus')
ScomberJaponicus,SSP5-8.5,58,Scomber japonicus,9,1.51604424390947,1.08057735234463,140.299464968423,3,3.15134749996662,bolditalic('Scomber japonicus')
ScomberJaponicus,SSP5-8.5,59,Scomber japonicus,9,1.58208503003086,1.08057735234463,146.411085388571,3,3.09343205979466,bolditalic('Scomber japonicus')
ScomberJaponicus,SSP5-8.5,60,Scomber japonicus,9,1.54273153567901,1.08057735234463,142.769190223319,3,3.11274982741475,bolditalic('Scomber japonicus')
ScomberJaponicus,SSP5-8.5,61,Scomber japonicus,9,1.54997409773045,1.08057735234463,143.439439515118,3,3.09441887277365,bolditalic('Scomber japonicus')
ScomberJaponicus,SSP5-8.5,62,Scomber japonicus,9,1.58914758818313,1.08057735234463,147.064676557861,3,3.10300094252825,bolditalic('Scomber japonicus')
ScomberJaponicus,SSP5-8.5,63,Scomber japonicus,9,1.57013726588272,1.08057735234463,145.305402012715,3,3.1230019185245,bolditalic('Scomber japonicus')
ScomberJaponicus,SSP5-8.5,64,Scomber japonicus,9,1.58522851099588,1.08057735234463,146.701992925935,3,3.15384799054265,bolditalic('Scomber japonicus')
ScomberJaponicus,SSP5-8.5,65,Scomber japonicus,9,1.56987742901235,1.08057735234463,145.28135589794,3,3.11921206071973,bolditalic('Scomber japonicus')
ScomberJaponicus,SSP5-8.5,66,Scomber japonicus,9,1.57703911628189,1.08057735234463,145.944120785063,3,3.15065490244329,bolditalic('Scomber japonicus')
ScomberJaponicus,SSP5-8.5,67,Scomber japonicus,9,1.57076183754733,1.08057735234463,145.36320182346,3,3.10321300958097,bolditalic('Scomber japonicus')
ScomberJaponicus,SSP5-8.5,68,Scomber japonicus,9,1.51633089843621,1.08057735234463,140.325992872799,3,3.12406804786623,bolditalic('Scomber japonicus')
ScomberJaponicus,SSP5-8.5,69,Scomber japonicus,9,1.54120510230041,1.08057735234463,142.627929315408,3,3.11013652682304,bolditalic('Scomber japonicus')
ScomberJaponicus,SSP5-8.5,70,Scomber japonicus,9,1.50891109519959,1.08057735234463,139.639341128662,3,3.12140752670169,bolditalic('Scomber japonicus')
ScomberJaponicus,SSP5-8.5,71,Scomber japonicus,9,1.54232884592798,1.08057735234463,142.731924057212,3,3.10384072485566,bolditalic('Scomber japonicus')
ScomberJaponicus,SSP5-8.5,72,Scomber japonicus,9,1.55872037923045,1.08057735234463,144.248847696867,3,3.12658258774877,bolditalic('Scomber japonicus')
ScomberJaponicus,SSP5-8.5,73,Scomber japonicus,9,1.55946398269136,1.08057735234463,144.317663081467,3,3.09667577600479,bolditalic('Scomber japonicus')
ScomberJaponicus,SSP5-8.5,74,Scomber japonicus,9,1.53029940008642,1.08057735234463,141.618681602569,3,3.11819851075113,bolditalic('Scomber japonicus')
ScomberJaponicus,SSP5-8.5,75,Scomber japonicus,9,1.57671837015432,1.08057735234463,145.914437937567,3,3.13557139338553,bolditalic('Scomber japonicus')
ScomberJaponicus,SSP5-8.5,76,Scomber japonicus,9,1.55897348939095,1.08057735234463,144.27227130092,3,3.14736449566484,bolditalic('Scomber japonicus')
ScomberJaponicus,SSP5-8.5,77,Scomber japonicus,9,1.54713144271399,1.08057735234463,143.176371349726,3,3.10480614995956,bolditalic('Scomber japonicus')
ScomberJaponicus,SSP5-8.5,78,Scomber japonicus,9,1.59631826541152,1.08057735234463,147.728273403827,3,3.11142202980816,bolditalic('Scomber japonicus')
ScomberJaponicus,SSP5-8.5,79,Scomber japonicus,9,1.53623200048066,1.08057735234463,142.167702955031,3,3.09531231921911,bolditalic('Scomber japonicus')
ScomberJaponicus,SSP5-8.5,80,Scomber japonicus,9,1.56555299169753,1.08057735234463,144.881158974931,3,3.12347640186548,bolditalic('Scomber japonicus')
ScomberJaponicus,SSP5-8.5,81,Scomber japonicus,9,1.53553479720165,1.08057735234463,142.103181588051,3,3.10356420439482,bolditalic('Scomber japonicus')
ScomberJaponicus,SSP5-8.5,82,Scomber japonicus,9,1.5519944557428,1.08057735234463,143.62640974987,3,3.11475427433848,bolditalic('Scomber japonicus')
ScomberJaponicus,SSP5-8.5,83,Scomber japonicus,9,1.57386641148765,1.08057735234463,145.650508783354,3,3.12216528305411,bolditalic('Scomber japonicus')
ScomberJaponicus,SSP5-8.5,84,Scomber japonicus,9,1.58831727175926,1.08057735234463,146.987836485091,3,3.12546471352875,bolditalic('Scomber japonicus')
ScomberJaponicus,SSP5-8.5,85,Scomber japonicus,9,1.53203971352881,1.08057735234463,141.779735638971,3,3.09445916746557,bolditalic('Scomber japonicus')
ScomberJaponicus,SSP5-8.5,86,Scomber japonicus,9,1.57605817943827,1.08057735234463,145.853341828657,3,3.11542996875942,bolditalic('Scomber japonicus')
ScomberJaponicus,SSP5-8.5,87,Scomber japonicus,9,1.5939545324321,1.08057735234463,147.509526178162,3,3.13577747228742,bolditalic('Scomber japonicus')
ScomberJaponicus,SSP5-8.5,88,Scomber japonicus,9,1.58655644150206,1.08057735234463,146.824883758627,3,3.12487422311306,bolditalic('Scomber japonicus')
ScomberJaponicus,SSP5-8.5,89,Scomber japonicus,9,1.60467820577161,1.08057735234463,148.501928370957,3,3.13102387809753,bolditalic('Scomber japonicus')
ScomberJaponicus,SSP5-8.5,90,Scomber japonicus,9,1.53361665582099,1.08057735234463,141.925670799351,3,3.1244791803956,bolditalic('Scomber japonicus')
ScomberJaponicus,SSP5-8.5,91,Scomber japonicus,9,1.57260677218519,1.08057735234463,145.533937831748,3,3.13976159609854,bolditalic('Scomber japonicus')
ScomberJaponicus,SSP5-8.5,92,Scomber japonicus,9,1.57518301839506,1.08057735234463,145.772351694882,3,3.1019512925595,bolditalic('Scomber japonicus')
ScomberJaponicus,SSP5-8.5,93,Scomber japonicus,9,1.61233343750617,1.08057735234463,149.21036740292,3,3.14407441803813,bolditalic('Scomber japonicus')
ScomberJaponicus,SSP5-8.5,94,Scomber japonicus,9,1.56391814580247,1.08057735234463,144.729865234459,3,3.13741868937016,bolditalic('Scomber japonicus')
ScomberJaponicus,SSP5-8.5,95,Scomber japonicus,9,1.60118948003086,1.08057735234463,148.179070804751,3,3.10020006014407,bolditalic('Scomber japonicus')
ScomberJaponicus,SSP5-8.5,96,Scomber japonicus,9,1.55484796779835,1.08057735234463,143.890482659538,3,3.09687703636289,bolditalic('Scomber japonicus')
ScomberJaponicus,SSP5-8.5,97,Scomber japonicus,9,1.59019731298354,1.08057735234463,147.161821366433,3,3.13642052413523,bolditalic('Scomber japonicus')
ScomberJaponicus,SSP5-8.5,98,Scomber japonicus,9,1.55303859280658,1.08057735234463,143.723037451859,3,3.13114639852941,bolditalic('Scomber japonicus')
ScomberJaponicus,SSP5-8.5,99,Scomber japonicus,9,1.59301983925309,1.08057735234463,147.423026754777,3,3.13425675722957,bolditalic('Scomber japonicus')
ScomberJaponicus,SSP5-8.5,100,Scomber japonicus,9,1.58936104268107,1.08057735234463,147.08443030316,3,3.1138144659698,bolditalic('Scomber japonicus')
ScomberomorusNiphonius,Base,1,Scomberomorus niphonius,2,1.08019233116667,1.06697425099333,101.238837784607,1,1.12542743243277,bolditalic('Scomberomorus niphonius')
ScomberomorusNiphonius,Base,2,Scomberomorus niphonius,2,1.04938324383333,1.06697425099333,98.351318493054,1,1.09867768339813,bolditalic('Scomberomorus niphonius')
ScomberomorusNiphonius,Base,3,Scomberomorus niphonius,2,1.0825239275,1.06697425099333,101.457361927168,1,1.1081933670789,bolditalic('Scomberomorus niphonius')
ScomberomorusNiphonius,Base,4,Scomberomorus niphonius,2,1.07402998816667,1.06697425099333,100.66128467175,1,1.11063295075297,bolditalic('Scomberomorus niphonius')
ScomberomorusNiphonius,Base,5,Scomberomorus niphonius,2,1.04721472216667,1.06697425099333,98.1480781932397,1,1.11385044506192,bolditalic('Scomberomorus niphonius')
ScomberomorusNiphonius,Base,6,Scomberomorus niphonius,2,1.0612408075,1.06697425099333,99.4626446244607,1,1.11394460104406,bolditalic('Scomberomorus niphonius')
ScomberomorusNiphonius,Base,7,Scomberomorus niphonius,2,1.048648723,1.06697425099333,98.2824770160786,1,1.10850876057148,bolditalic('Scomberomorus niphonius')
ScomberomorusNiphonius,Base,8,Scomberomorus niphonius,2,1.05263480983333,1.06697425099333,98.6560649287784,1,1.12585255734622,bolditalic('Scomberomorus niphonius')
ScomberomorusNiphonius,Base,9,Scomberomorus niphonius,2,1.06619805166667,1.06697425099333,99.9272522906771,1,1.1371900819689,bolditalic('Scomberomorus niphonius')
ScomberomorusNiphonius,Base,10,Scomberomorus niphonius,2,1.06383078183333,1.06697425099333,99.7053847216016,1,1.10666027075052,bolditalic('Scomberomorus niphonius')
ScomberomorusNiphonius,Base,11,Scomberomorus niphonius,2,1.06731897516667,1.06697425099333,100.03230857474,1,1.10854297088087,bolditalic('Scomberomorus niphonius')
ScomberomorusNiphonius,Base,12,Scomberomorus niphonius,2,1.077273932,1.06697425099333,100.965316735346,1,1.11249513988197,bolditalic('Scomberomorus niphonius')
ScomberomorusNiphonius,Base,13,Scomberomorus niphonius,2,1.07683555383333,1.06697425099333,100.924230629822,1,1.11887663942575,bolditalic('Scomberomorus niphonius')
ScomberomorusNiphonius,Base,14,Scomberomorus niphonius,2,1.04973847516667,1.06697425099333,98.3846118300777,1,1.15291669176519,bolditalic('Scomberomorus niphonius')
ScomberomorusNiphonius,Base,15,Scomberomorus niphonius,2,1.07167796333333,1.06697425099333,100.440845909413,1,1.1502945946008,bolditalic('Scomberomorus niphonius')
ScomberomorusNiphonius,Base,16,Scomberomorus niphonius,2,1.02820811883333,1.06697425099333,96.366722802925,1,1.10296012462676,bolditalic('Scomberomorus niphonius')
ScomberomorusNiphonius,Base,17,Scomberomorus niphonius,2,1.051279116,1.06697425099333,98.5290052708656,1,1.15304890446365,bolditalic('Scomberomorus niphonius')
ScomberomorusNiphonius,Base,18,Scomberomorus niphonius,2,1.083624329,1.06697425099333,101.560494828358,1,1.10935729032755,bolditalic('Scomberomorus niphonius')
ScomberomorusNiphonius,Base,19,Scomberomorus niphonius,2,1.103039858,1.06697425099333,103.380175948303,1,1.12271696129441,bolditalic('Scomberomorus niphonius')
ScomberomorusNiphonius,Base,20,Scomberomorus niphonius,2,1.09252974766667,1.06697425099333,102.395137150643,1,1.14167754606903,bolditalic('Scomberomorus niphonius')
ScomberomorusNiphonius,Base,21,Scomberomorus niphonius,2,1.03849737133333,1.06697425099333,97.3310621476112,1,1.12475800152123,bolditalic('Scomberomorus niphonius')
ScomberomorusNiphonius,Base,22,Scomberomorus niphonius,2,1.0586830125,1.06697425099333,99.2229204701412,1,1.10190845625103,bolditalic('Scomberomorus niphonius')
ScomberomorusNiphonius,Base,23,Scomberomorus niphonius,2,1.0726510605,1.06697425099333,100.532047469879,1,1.13675999560952,bolditalic('Scomberomorus niphonius')
ScomberomorusNiphonius,Base,24,Scomberomorus niphonius,2,1.04365043916667,1.06697425099333,97.8140229902503,1,1.15019522853196,bolditalic('Scomberomorus niphonius')
ScomberomorusNiphonius,Base,25,Scomberomorus niphonius,2,1.05629352016667,1.06697425099333,98.9989701422767,1,1.12573820513487,bolditalic('Scomberomorus niphonius')
ScomberomorusNiphonius,Base,26,Scomberomorus niphonius,2,1.044657013,1.06697425099333,97.9083620834752,1,1.12812031391263,bolditalic('Scomberomorus niphonius')
ScomberomorusNiphonius,Base,27,Scomberomorus niphonius,2,1.06298276483333,1.06697425099333,99.6259060463468,1,1.10222334223986,bolditalic('Scomberomorus niphonius')
ScomberomorusNiphonius,Base,28,Scomberomorus niphonius,2,1.095414255,1.06697425099333,102.665481756489,1,1.13746715599298,bolditalic('Scomberomorus niphonius')
ScomberomorusNiphonius,Base,29,Scomberomorus niphonius,2,1.06976843283333,1.06697425099333,100.261879031982,1,1.09555112089217,bolditalic('Scomberomorus niphonius')
ScomberomorusNiphonius,Base,30,Scomberomorus niphonius,2,1.047900914,1.06697425099333,98.2123901326038,1,1.11905375535786,bolditalic('Scomberomorus niphonius')
ScomberomorusNiphonius,Base,31,Scomberomorus niphonius,2,1.06624358766667,1.06697425099333,99.9315200600218,1,1.15321280321479,bolditalic('Scomberomorus niphonius')
ScomberomorusNiphonius,Base,32,Scomberomorus niphonius,2,1.0667400785,1.06697425099333,99.9780526574924,1,1.10908841323853,bolditalic('Scomberomorus niphonius')
ScomberomorusNiphonius,Base,33,Scomberomorus niphonius,2,1.0877714835,1.06697425099333,101.949178481796,1,1.10672273020446,bolditalic('Scomberomorus niphonius')
ScomberomorusNiphonius,Base,34,Scomberomorus niphonius,2,1.06405001,1.06697425099333,99.7259314373697,1,1.09956339162588,bolditalic('Scomberomorus niphonius')
ScomberomorusNiphonius,Base,35,Scomberomorus niphonius,2,1.05732874583333,1.06697425099333,99.0959945705322,1,1.09347275933623,bolditalic('Scomberomorus niphonius')
ScomberomorusNiphonius,Base,36,Scomberomorus niphonius,2,1.04333912566667,1.06697425099333,97.7848457631795,1,1.14999020263553,bolditalic('Scomberomorus niphonius')
ScomberomorusNiphonius,Base,37,Scomberomorus niphonius,2,1.09771888016667,1.06697425099333,102.881478081098,1,1.11430921706557,bolditalic('Scomberomorus niphonius')
ScomberomorusNiphonius,Base,38,Scomberomorus niphonius,2,1.07382064133333,1.06697425099333,100.641664063929,1,1.1070960881263,bolditalic('Scomberomorus niphonius')
ScomberomorusNiphonius,Base,39,Scomberomorus niphonius,2,1.08460714483333,1.06697425099333,101.652607251167,1,1.14304147095978,bolditalic('Scomberomorus niphonius')
ScomberomorusNiphonius,Base,40,Scomberomorus niphonius,2,1.04022275166667,1.06697425099333,97.492769923758,1,1.13506678852439,bolditalic('Scomberomorus niphonius')
ScomberomorusNiphonius,Base,41,Scomberomorus niphonius,2,1.060528908,1.06697425099333,99.3959232861212,1,1.10883816595376,bolditalic('Scomberomorus niphonius')
ScomberomorusNiphonius,Base,42,Scomberomorus niphonius,2,1.10709230116667,1.06697425099333,103.759982973909,1,1.11029169820249,bolditalic('Scomberomorus niphonius')
ScomberomorusNiphonius,Base,43,Scomberomorus niphonius,2,1.02417867816667,1.06697425099333,95.9890716400306,1,1.11563115872443,bolditalic('Scomberomorus niphonius')
ScomberomorusNiphonius,Base,44,Scomberomorus niphonius,2,1.074141062,1.06697425099333,100.671694841745,1,1.13165337462723,bolditalic('Scomberomorus niphonius')
ScomberomorusNiphonius,Base,45,Scomberomorus niphonius,2,1.07739383033333,1.06697425099333,100.976553963725,1,1.12357235226035,bolditalic('Scomberomorus niphonius')
ScomberomorusNiphonius,Base,46,Scomberomorus niphonius,2,1.0737112025,1.06697425099333,100.631407130996,1,1.10874477167428,bolditalic('Scomberomorus niphonius')
ScomberomorusNiphonius,Base,47,Scomberomorus niphonius,2,1.04489015133333,1.06697425099333,97.9302125014317,1,1.13886555416882,bolditalic('Scomberomorus niphonius')
ScomberomorusNiphonius,Base,48,Scomberomorus niphonius,2,1.08122755383333,1.06697425099333,101.335861931694,1,1.14547654530406,bolditalic('Scomberomorus niphonius')
ScomberomorusNiphonius,Base,49,Scomberomorus niphonius,2,1.08901521483333,1.06697425099333,102.065744681231,1,1.09876546010375,bolditalic('Scomberomorus niphonius')
ScomberomorusNiphonius,Base,50,Scomberomorus niphonius,2,1.05612849733333,1.06697425099333,98.9835037115558,1,1.12416844330728,bolditalic('Scomberomorus niphonius')
ScomberomorusNiphonius,Base,51,Scomberomorus niphonius,2,1.051676128,1.06697425099333,98.5662144162251,1,1.10769979178906,bolditalic('Scomberomorus niphonius')
ScomberomorusNiphonius,Base,52,Scomberomorus niphonius,2,1.05761786983333,1.06697425099333,99.1230921316712,1,1.1049839617908,bolditalic('Scomberomorus niphonius')
ScomberomorusNiphonius,Base,53,Scomberomorus niphonius,2,1.05981708,1.06697425099333,99.3292086489744,1,1.11275321611762,bolditalic('Scomberomorus niphonius')
ScomberomorusNiphonius,Base,54,Scomberomorus niphonius,2,1.05883865216667,1.06697425099333,99.2375074825762,1,1.13216266822815,bolditalic('Scomberomorus niphonius')
ScomberomorusNiphonius,Base,55,Scomberomorus niphonius,2,1.06104405966667,1.06697425099333,99.4442048323901,1,1.1285404150188,bolditalic('Scomberomorus niphonius')
ScomberomorusNiphonius,Base,56,Scomberomorus niphonius,2,1.0855408925,1.06697425099333,101.740120859466,1,1.12909099510312,bolditalic('Scomberomorus niphonius')
ScomberomorusNiphonius,Base,57,Scomberomorus niphonius,2,1.08208301833333,1.06697425099333,101.416038608798,1,1.1113925037086,bolditalic('Scomberomorus niphonius')
ScomberomorusNiphonius,Base,58,Scomberomorus niphonius,2,1.08088835233333,1.06697425099333,101.304070958324,1,1.12551915352047,bolditalic('Scomberomorus niphonius')
ScomberomorusNiphonius,Base,59,Scomberomorus niphonius,2,1.067122941,1.06697425099333,100.013935669631,1,1.12022647456825,bolditalic('Scomberomorus niphonius')
ScomberomorusNiphonius,Base,60,Scomberomorus niphonius,2,1.06599634916667,1.06697425099333,99.9083481325109,1,1.11882726000249,bolditalic('Scomberomorus niphonius')
ScomberomorusNiphonius,Base,61,Scomberomorus niphonius,2,1.081216448,1.06697425099333,101.334821059965,1,1.12699864466488,bolditalic('Scomberomorus niphonius')
ScomberomorusNiphonius,Base,62,Scomberomorus niphonius,2,1.06047873466667,1.06697425099333,99.3912208921053,1,1.14476195885241,bolditalic('Scomberomorus niphonius')
ScomberomorusNiphonius,Base,63,Scomberomorus niphonius,2,1.07590123166667,1.06697425099333,100.836663177675,1,1.10562173858285,bolditalic('Scomberomorus niphonius')
ScomberomorusNiphonius,Base,64,Scomberomorus niphonius,2,1.07551771883333,1.06697425099333,100.800719214362,1,1.11117580537498,bolditalic('Scomberomorus niphonius')
ScomberomorusNiphonius,Base,65,Scomberomorus niphonius,2,1.064777314,1.06697425099333,99.7940965312623,1,1.14585145075619,bolditalic('Scomberomorus niphonius')
ScomberomorusNiphonius,Base,66,Scomberomorus niphonius,2,1.07363890366667,1.06697425099333,100.624631069319,1,1.13141482444108,bolditalic('Scomberomorus niphonius')
ScomberomorusNiphonius,Base,67,Scomberomorus niphonius,2,1.09076863416667,1.06697425099333,102.230080355846,1,1.10142168043554,bolditalic('Scomberomorus niphonius')
ScomberomorusNiphonius,Base,68,Scomberomorus niphonius,2,1.06056711383333,1.06697425099333,99.3995040504456,1,1.12974587085843,bolditalic('Scomberomorus niphonius')
ScomberomorusNiphonius,Base,69,Scomberomorus niphonius,2,1.07752347733333,1.06697425099333,100.988704866137,1,1.12893148067594,bolditalic('Scomberomorus niphonius')
ScomberomorusNiphonius,Base,70,Scomberomorus niphonius,2,1.03797624883333,1.06697425099333,97.2822209970853,1,1.15653967009485,bolditalic('Scomberomorus niphonius')
ScomberomorusNiphonius,Base,71,Scomberomorus niphonius,2,1.04825900716667,1.06697425099333,98.2459516891584,1,1.13903289462626,bolditalic('Scomberomorus niphonius')
ScomberomorusNiphonius,Base,72,Scomberomorus niphonius,2,1.0629417565,1.06697425099333,99.6220626233877,1,1.1281531085968,bolditalic('Scomberomorus niphonius')
ScomberomorusNiphonius,Base,73,Scomberomorus niphonius,2,1.05558758566667,1.06697425099333,98.9328078614772,1,1.09727064053714,bolditalic('Scomberomorus niphonius')
ScomberomorusNiphonius,Base,74,Scomberomorus niphonius,2,1.07692891366667,1.06697425099333,100.932980591056,1,1.11847633491457,bolditalic('Scomberomorus niphonius')
ScomberomorusNiphonius,Base,75,Scomberomorus niphonius,2,1.08106126883333,1.06697425099333,101.32027720696,1,1.12471131384373,bolditalic('Scomberomorus niphonius')
ScomberomorusNiphonius,Base,76,Scomberomorus niphonius,2,1.08122983766667,1.06697425099333,101.336075979347,1,1.09399828331172,bolditalic('Scomberomorus niphonius')
ScomberomorusNiphonius,Base,77,Scomberomorus niphonius,2,1.09626147083333,1.06697425099333,102.744885344021,1,1.13466903917491,bolditalic('Scomberomorus niphonius')
ScomberomorusNiphonius,Base,78,Scomberomorus niphonius,2,1.06682557533333,1.06697425099333,99.9860656749809,1,1.10561303900182,bolditalic('Scomberomorus niphonius')
ScomberomorusNiphonius,Base,79,Scomberomorus niphonius,2,1.05392916183333,1.06697425099333,98.7773754476401,1,1.1444901162535,bolditalic('Scomberomorus niphonius')
ScomberomorusNiphonius,Base,80,Scomberomorus niphonius,2,1.0752860215,1.06697425099333,100.779003851211,1,1.14877963258326,bolditalic('Scomberomorus niphonius')
ScomberomorusNiphonius,Base,81,Scomberomorus niphonius,2,1.08123143716667,1.06697425099333,101.336225889244,1,1.10803594626486,bolditalic('Scomberomorus niphonius')
ScomberomorusNiphonius,Base,82,Scomberomorus niphonius,2,1.05345790583333,1.06697425099333,98.7332079337979,1,1.09789058770239,bolditalic('Scomberomorus niphonius')
ScomberomorusNiphonius,Base,83,Scomberomorus niphonius,2,1.04044790033333,1.06697425099333,97.5138715263927,1,1.11868729406595,bolditalic('Scomberomorus niphonius')
ScomberomorusNiphonius,Base,84,Scomberomorus niphonius,2,1.0777496535,1.06697425099333,101.009902769128,1,1.11846320186555,bolditalic('Scomberomorus niphonius')
ScomberomorusNiphonius,Base,85,Scomberomorus niphonius,2,1.10298193016667,1.06697425099333,103.374746779485,1,1.14557101453841,bolditalic('Scomberomorus niphonius')
ScomberomorusNiphonius,Base,86,Scomberomorus niphonius,2,1.05067379016667,1.06697425099333,98.4722723335181,1,1.113586309582,bolditalic('Scomberomorus niphonius')
ScomberomorusNiphonius,Base,87,Scomberomorus niphonius,2,1.050803812,1.06697425099333,98.4844583664246,1,1.1567904163599,bolditalic('Scomberomorus niphonius')
ScomberomorusNiphonius,Base,88,Scomberomorus niphonius,2,1.0460810785,1.06697425099333,98.0418297373267,1,1.10903901189566,bolditalic('Scomberomorus niphonius')
ScomberomorusNiphonius,Base,89,Scomberomorus niphonius,2,1.0555451645,1.06697425099333,98.9288320235758,1,1.10162444370985,bolditalic('Scomberomorus niphonius')
ScomberomorusNiphonius,Base,90,Scomberomorus niphonius,2,1.048815092,1.06697425099333,98.2980696135425,1,1.10564620615542,bolditalic('Scomberomorus niphonius')
ScomberomorusNiphonius,Base,91,Scomberomorus niphonius,2,1.045023968,1.06697425099333,97.9427541974047,1,1.15679290170968,bolditalic('Scomberomorus niphonius')
ScomberomorusNiphonius,Base,92,Scomberomorus niphonius,2,1.063372043,1.06697425099333,99.662390353846,1,1.14768869911134,bolditalic('Scomberomorus niphonius')
ScomberomorusNiphonius,Base,93,Scomberomorus niphonius,2,1.10336874083333,1.06697425099333,103.410999825545,1,1.11394197547436,bolditalic('Scomberomorus niphonius')
ScomberomorusNiphonius,Base,94,Scomberomorus niphonius,2,1.07411962883333,1.06697425099333,100.669686061622,1,1.1121802958101,bolditalic('Scomberomorus niphonius')
ScomberomorusNiphonius,Base,95,Scomberomorus niphonius,2,1.06609903583333,1.06697425099333,99.9179722323019,1,1.12333802185953,bolditalic('Scomberomorus niphonius')
ScomberomorusNiphonius,Base,96,Scomberomorus niphonius,2,1.07173447133333,1.06697425099333,100.446142007229,1,1.12201965793967,bolditalic('Scomberomorus niphonius')
ScomberomorusNiphonius,Base,97,Scomberomorus niphonius,2,1.07922711616667,1.06697425099333,101.148374964244,1,1.11521475674212,bolditalic('Scomberomorus niphonius')
ScomberomorusNiphonius,Base,98,Scomberomorus niphonius,2,1.08639423133333,1.06697425099333,101.820098312768,1,1.14392984749377,bolditalic('Scomberomorus niphonius')
ScomberomorusNiphonius,Base,99,Scomberomorus niphonius,2,1.08069331133333,1.06697425099333,101.285791135749,1,1.0981944141537,bolditalic('Scomberomorus niphonius')
ScomberomorusNiphonius,Base,100,Scomberomorus niphonius,2,1.06423093383333,1.06697425099333,99.7428881570995,1,1.11285307975113,bolditalic('Scomberomorus niphonius')
ScomberomorusNiphonius,SSP1-2.6,1,Scomberomorus niphonius,2,1.19832653111111,1.06697425099333,112.310726336225,2,2.10754133962095,bolditalic('Scomberomorus niphonius')
ScomberomorusNiphonius,SSP1-2.6,2,Scomberomorus niphonius,2,1.224619635,1.06697425099333,114.774994228764,2,2.1251241491884,bolditalic('Scomberomorus niphonius')
ScomberomorusNiphonius,SSP1-2.6,3,Scomberomorus niphonius,2,1.20039199154321,1.06697425099333,112.504307430631,2,2.15680342182517,bolditalic('Scomberomorus niphonius')
ScomberomorusNiphonius,SSP1-2.6,4,Scomberomorus niphonius,2,1.18480840969136,1.06697425099333,111.043767793677,2,2.14829231081903,bolditalic('Scomberomorus niphonius')
ScomberomorusNiphonius,SSP1-2.6,5,Scomberomorus niphonius,2,1.18308083679012,1.06697425099333,110.881854523546,2,2.13364380161464,bolditalic('Scomberomorus niphonius')
ScomberomorusNiphonius,SSP1-2.6,6,Scomberomorus niphonius,2,1.19080958123457,1.06697425099333,111.606215438278,2,2.10393439173698,bolditalic('Scomberomorus niphonius')
ScomberomorusNiphonius,SSP1-2.6,7,Scomberomorus niphonius,2,1.18055132327161,1.06697425099333,110.644780993781,2,2.12403266149759,bolditalic('Scomberomorus niphonius')
ScomberomorusNiphonius,SSP1-2.6,8,Scomberomorus niphonius,2,1.20030990537037,1.06697425099333,112.496614070387,2,2.13092133674026,bolditalic('Scomberomorus niphonius')
ScomberomorusNiphonius,SSP1-2.6,9,Scomberomorus niphonius,2,1.17038209074074,1.06697425099333,109.691690277543,2,2.10076861292124,bolditalic('Scomberomorus niphonius')
ScomberomorusNiphonius,SSP1-2.6,10,Scomberomorus niphonius,2,1.18433073333333,1.06697425099333,110.998998544786,2,2.15368350014091,bolditalic('Scomberomorus niphonius')
ScomberomorusNiphonius,SSP1-2.6,11,Scomberomorus niphonius,2,1.18813708382716,1.06697425099333,111.355741033209,2,2.13282793745399,bolditalic('Scomberomorus niphonius')
ScomberomorusNiphonius,SSP1-2.6,12,Scomberomorus niphonius,2,1.1848572341358,1.06697425099333,111.048343765814,2,2.12894771590829,bolditalic('Scomberomorus niphonius')
ScomberomorusNiphonius,SSP1-2.6,13,Scomberomorus niphonius,2,1.19427436185185,1.06697425099333,111.930944982037,2,2.12881905771792,bolditalic('Scomberomorus niphonius')
ScomberomorusNiphonius,SSP1-2.6,14,Scomberomorus niphonius,2,1.19463934716049,1.06697425099333,111.965152490634,2,2.13337338572741,bolditalic('Scomberomorus niphonius')
ScomberomorusNiphonius,SSP1-2.6,15,Scomberomorus niphonius,2,1.19696370537037,1.06697425099333,112.182998254739,2,2.11434952603281,bolditalic('Scomberomorus niphonius')
ScomberomorusNiphonius,SSP1-2.6,16,Scomberomorus niphonius,2,1.19541676191358,1.06697425099333,112.038014113337,2,2.12883031457663,bolditalic('Scomberomorus niphonius')
ScomberomorusNiphonius,SSP1-2.6,17,Scomberomorus niphonius,2,1.19143894339506,1.06697425099333,111.665201131691,2,2.10101677823067,bolditalic('Scomberomorus niphonius')
ScomberomorusNiphonius,SSP1-2.6,18,Scomberomorus niphonius,2,1.17657075925926,1.06697425099333,110.271710696289,2,2.11456693992019,bolditalic('Scomberomorus niphonius')
ScomberomorusNiphonius,SSP1-2.6,19,Scomberomorus niphonius,2,1.17628041771605,1.06697425099333,110.244499023379,2,2.10892806242406,bolditalic('Scomberomorus niphonius')
ScomberomorusNiphonius,SSP1-2.6,20,Scomberomorus niphonius,2,1.17818805969136,1.06697425099333,110.42328890266,2,2.14994674155116,bolditalic('Scomberomorus niphonius')
ScomberomorusNiphonius,SSP1-2.6,21,Scomberomorus niphonius,2,1.17869093253086,1.06697425099333,110.470419640729,2,2.10852655948699,bolditalic('Scomberomorus niphonius')
ScomberomorusNiphonius,SSP1-2.6,22,Scomberomorus niphonius,2,1.18956153364198,1.06697425099333,111.489244706189,2,2.1065808109194,bolditalic('Scomberomorus niphonius')
ScomberomorusNiphonius,SSP1-2.6,23,Scomberomorus niphonius,2,1.1860234154321,1.06697425099333,111.157641745144,2,2.10137264952064,bolditalic('Scomberomorus niphonius')
ScomberomorusNiphonius,SSP1-2.6,24,Scomberomorus niphonius,2,1.18208305012346,1.06697425099333,110.788338989714,2,2.10414110799134,bolditalic('Scomberomorus niphonius')
ScomberomorusNiphonius,SSP1-2.6,25,Scomberomorus niphonius,2,1.21032189098765,1.06697425099333,113.434967138229,2,2.13860001802444,bolditalic('Scomberomorus niphonius')
ScomberomorusNiphonius,SSP1-2.6,26,Scomberomorus niphonius,2,1.19528959333333,1.06697425099333,112.026095495795,2,2.12010203193128,bolditalic('Scomberomorus niphonius')
ScomberomorusNiphonius,SSP1-2.6,27,Scomberomorus niphonius,2,1.19051696858025,1.06697425099333,111.578790910081,2,2.13444806566834,bolditalic('Scomberomorus niphonius')
ScomberomorusNiphonius,SSP1-2.6,28,Scomberomorus niphonius,2,1.18427995845679,1.06697425099333,110.994239772351,2,2.13414043165743,bolditalic('Scomberomorus niphonius')
ScomberomorusNiphonius,SSP1-2.6,29,Scomberomorus niphonius,2,1.20197409487654,1.06697425099333,112.652586860229,2,2.10439355231822,bolditalic('Scomberomorus niphonius')
ScomberomorusNiphonius,SSP1-2.6,30,Scomberomorus niphonius,2,1.1888797458642,1.06697425099333,111.425345528008,2,2.09371949180961,bolditalic('Scomberomorus niphonius')
ScomberomorusNiphonius,SSP1-2.6,31,Scomberomorus niphonius,2,1.18023837092593,1.06697425099333,110.615450169219,2,2.10628637301922,bolditalic('Scomberomorus niphonius')
ScomberomorusNiphonius,SSP1-2.6,32,Scomberomorus niphonius,2,1.21237374388889,1.06697425099333,113.627272894373,2,2.10355783572793,bolditalic('Scomberomorus niphonius')
ScomberomorusNiphonius,SSP1-2.6,33,Scomberomorus niphonius,2,1.17801561604938,1.06697425099333,110.407126971684,2,2.12577287209034,bolditalic('Scomberomorus niphonius')
ScomberomorusNiphonius,SSP1-2.6,34,Scomberomorus niphonius,2,1.20355086425926,1.06697425099333,112.800366376112,2,2.14651309886575,bolditalic('Scomberomorus niphonius')
ScomberomorusNiphonius,SSP1-2.6,35,Scomberomorus niphonius,2,1.18126465,1.06697425099333,110.71163609621,2,2.10616846039891,bolditalic('Scomberomorus niphonius')
ScomberomorusNiphonius,SSP1-2.6,36,Scomberomorus niphonius,2,1.17510858030864,1.06697425099333,110.134670936495,2,2.11664306312799,bolditalic('Scomberomorus niphonius')
ScomberomorusNiphonius,SSP1-2.6,37,Scomberomorus niphonius,2,1.1883292108642,1.06697425099333,111.373747750509,2,2.12389427101612,bolditalic('Scomberomorus niphonius')
ScomberomorusNiphonius,SSP1-2.6,38,Scomberomorus niphonius,2,1.17388213179012,1.06697425099333,110.019724533864,2,2.10404065234959,bolditalic('Scomberomorus niphonius')
ScomberomorusNiphonius,SSP1-2.6,39,Scomberomorus niphonius,2,1.17716262740741,1.06697425099333,110.327182339358,2,2.15100313912332,bolditalic('Scomberomorus niphonius')
ScomberomorusNiphonius,SSP1-2.6,40,Scomberomorus niphonius,2,1.19802087580247,1.06697425099333,112.282079411676,2,2.10279042600095,bolditalic('Scomberomorus niphonius')
ScomberomorusNiphonius,SSP1-2.6,41,Scomberomorus niphonius,2,1.18929177191358,1.06697425099333,111.463961834728,2,2.12992268128693,bolditalic('Scomberomorus niphonius')
ScomberomorusNiphonius,SSP1-2.6,42,Scomberomorus niphonius,2,1.19252904314815,1.06697425099333,111.767368522523,2,2.14984418481588,bolditalic('Scomberomorus niphonius')
ScomberomorusNiphonius,SSP1-2.6,43,Scomberomorus niphonius,2,1.17842765864198,1.06697425099333,110.445744828883,2,2.15392610527575,bolditalic('Scomberomorus niphonius')
ScomberomorusNiphonius,SSP1-2.6,44,Scomberomorus niphonius,2,1.18633411703704,1.06697425099333,111.18676162359,2,2.11901393541694,bolditalic('Scomberomorus niphonius')
ScomberomorusNiphonius,SSP1-2.6,45,Scomberomorus niphonius,2,1.18822281537037,1.06697425099333,111.363776048406,2,2.11256325374544,bolditalic('Scomberomorus niphonius')
ScomberomorusNiphonius,SSP1-2.6,46,Scomberomorus niphonius,2,1.18964559524691,1.06697425099333,111.497123209803,2,2.11031623037159,bolditalic('Scomberomorus niphonius')
ScomberomorusNiphonius,SSP1-2.6,47,Scomberomorus niphonius,2,1.18197164839506,1.06697425099333,110.777898088418,2,2.1323413619101,bolditalic('Scomberomorus niphonius')
ScomberomorusNiphonius,SSP1-2.6,48,Scomberomorus niphonius,2,1.18859517703704,1.06697425099333,111.398674891215,2,2.1147513640821,bolditalic('Scomberomorus niphonius')
ScomberomorusNiphonius,SSP1-2.6,49,Scomberomorus niphonius,2,1.18977073691358,1.06697425099333,111.508851858977,2,2.11525236530602,bolditalic('Scomberomorus niphonius')
ScomberomorusNiphonius,SSP1-2.6,50,Scomberomorus niphonius,2,1.18381753746914,1.06697425099333,110.950900302142,2,2.15256084397435,bolditalic('Scomberomorus niphonius')
ScomberomorusNiphonius,SSP1-2.6,51,Scomberomorus niphonius,2,1.1928860667284,1.06697425099333,111.800829834258,2,2.12777242642641,bolditalic('Scomberomorus niphonius')
ScomberomorusNiphonius,SSP1-2.6,52,Scomberomorus niphonius,2,1.20163945722222,1.06697425099333,112.621223624049,2,2.1311938688308,bolditalic('Scomberomorus niphonius')
ScomberomorusNiphonius,SSP1-2.6,53,Scomberomorus niphonius,2,1.17509364123457,1.06697425099333,110.133270802044,2,2.14552857115865,bolditalic('Scomberomorus niphonius')
ScomberomorusNiphonius,SSP1-2.6,54,Scomberomorus niphonius,2,1.19676991919753,1.06697425099333,112.164836038298,2,2.10881747764349,bolditalic('Scomberomorus niphonius')
ScomberomorusNiphonius,SSP1-2.6,55,Scomberomorus niphonius,2,1.20921910074074,1.06697425099333,113.331610356574,2,2.10222854322195,bolditalic('Scomberomorus niphonius')
ScomberomorusNiphonius,SSP1-2.6,56,Scomberomorus niphonius,2,1.18723721895062,1.06697425099333,111.271403020769,2,2.15239502702653,bolditalic('Scomberomorus niphonius')
ScomberomorusNiphonius,SSP1-2.6,57,Scomberomorus niphonius,2,1.19474499839506,1.06697425099333,111.975054438547,2,2.11365460194647,bolditalic('Scomberomorus niphonius')
ScomberomorusNiphonius,SSP1-2.6,58,Scomberomorus niphonius,2,1.21145306345679,1.06697425099333,113.54098398616,2,2.14221227635443,bolditalic('Scomberomorus niphonius')
ScomberomorusNiphonius,SSP1-2.6,59,Scomberomorus niphonius,2,1.19066298135802,1.06697425099333,111.592475661857,2,2.14540586648881,bolditalic('Scomberomorus niphonius')
ScomberomorusNiphonius,SSP1-2.6,60,Scomberomorus niphonius,2,1.19344698722222,1.06697425099333,111.853400971124,2,2.12831024897099,bolditalic('Scomberomorus niphonius')
ScomberomorusNiphonius,SSP1-2.6,61,Scomberomorus niphonius,2,1.1784934612963,1.06697425099333,110.451912049344,2,2.14020192068815,bolditalic('Scomberomorus niphonius')
ScomberomorusNiphonius,SSP1-2.6,62,Scomberomorus niphonius,2,1.21209671166667,1.06697425099333,113.601308610609,2,2.13239705589414,bolditalic('Scomberomorus niphonius')
ScomberomorusNiphonius,SSP1-2.6,63,Scomberomorus niphonius,2,1.20192032765432,1.06697425099333,112.647547636258,2,2.15261877457798,bolditalic('Scomberomorus niphonius')
ScomberomorusNiphonius,SSP1-2.6,64,Scomberomorus niphonius,2,1.18591691395062,1.06697425099333,111.147660109563,2,2.1167846210748,bolditalic('Scomberomorus niphonius')
ScomberomorusNiphonius,SSP1-2.6,65,Scomberomorus niphonius,2,1.21113834728395,1.06697425099333,113.511487850471,2,2.1464309450686,bolditalic('Scomberomorus niphonius')
ScomberomorusNiphonius,SSP1-2.6,66,Scomberomorus niphonius,2,1.17563597493827,1.06697425099333,110.184099929663,2,2.14189205086231,bolditalic('Scomberomorus niphonius')
ScomberomorusNiphonius,SSP1-2.6,67,Scomberomorus niphonius,2,1.18795969567901,1.06697425099333,111.33911568841,2,2.15672386164963,bolditalic('Scomberomorus niphonius')
ScomberomorusNiphonius,SSP1-2.6,68,Scomberomorus niphonius,2,1.19060365401235,1.06697425099333,111.586915326581,2,2.12003130063415,bolditalic('Scomberomorus niphonius')
ScomberomorusNiphonius,SSP1-2.6,69,Scomberomorus niphonius,2,1.19173015462963,1.06697425099333,111.692494314661,2,2.12391396726668,bolditalic('Scomberomorus niphonius')
ScomberomorusNiphonius,SSP1-2.6,70,Scomberomorus niphonius,2,1.19114006888889,1.06697425099333,111.637189724116,2,2.1460618353337,bolditalic('Scomberomorus niphonius')
ScomberomorusNiphonius,SSP1-2.6,71,Scomberomorus niphonius,2,1.17909818537037,1.06697425099333,110.508588588024,2,2.14486220933497,bolditalic('Scomberomorus niphonius')
ScomberomorusNiphonius,SSP1-2.6,72,Scomberomorus niphonius,2,1.17061962524691,1.06697425099333,109.713952717892,2,2.11431207206845,bolditalic('Scomberomorus niphonius')
ScomberomorusNiphonius,SSP1-2.6,73,Scomberomorus niphonius,2,1.17958705382716,1.06697425099333,110.554406793696,2,2.11761203083396,bolditalic('Scomberomorus niphonius')
ScomberomorusNiphonius,SSP1-2.6,74,Scomberomorus niphonius,2,1.20141468814815,1.06697425099333,112.60015759796,2,2.15392276065052,bolditalic('Scomberomorus niphonius')
ScomberomorusNiphonius,SSP1-2.6,75,Scomberomorus niphonius,2,1.20292583111111,1.06697425099333,112.74178641061,2,2.131658002913,bolditalic('Scomberomorus niphonius')
ScomberomorusNiphonius,SSP1-2.6,76,Scomberomorus niphonius,2,1.19192528993827,1.06697425099333,111.710782976122,2,2.12688093020022,bolditalic('Scomberomorus niphonius')
ScomberomorusNiphonius,SSP1-2.6,77,Scomberomorus niphonius,2,1.17508651450617,1.06697425099333,110.132602863864,2,2.13104059270024,bolditalic('Scomberomorus niphonius')
ScomberomorusNiphonius,SSP1-2.6,78,Scomberomorus niphonius,2,1.18478749944444,1.06697425099333,111.041808023148,2,2.13309953410923,bolditalic('Scomberomorus niphonius')
ScomberomorusNiphonius,SSP1-2.6,79,Scomberomorus niphonius,2,1.2039938095679,1.06697425099333,112.841880527764,2,2.12777753759921,bolditalic('Scomberomorus niphonius')
ScomberomorusNiphonius,SSP1-2.6,80,Scomberomorus niphonius,2,1.18190255604938,1.06697425099333,110.7714225483,2,2.13724416863918,bolditalic('Scomberomorus niphonius')
ScomberomorusNiphonius,SSP1-2.6,81,Scomberomorus niphonius,2,1.18185345907407,1.06697425099333,110.766821033758,2,2.15261931613088,bolditalic('Scomberomorus niphonius')
ScomberomorusNiphonius,SSP1-2.6,82,Scomberomorus niphonius,2,1.17871973697531,1.06697425099333,110.473119278928,2,2.10380943383276,bolditalic('Scomberomorus niphonius')
ScomberomorusNiphonius,SSP1-2.6,83,Scomberomorus niphonius,2,1.19435341759259,1.06697425099333,111.938354321172,2,2.1370999417007,bolditalic('Scomberomorus niphonius')
ScomberomorusNiphonius,SSP1-2.6,84,Scomberomorus niphonius,2,1.17326702512346,1.06697425099333,109.962074907728,2,2.10257525137067,bolditalic('Scomberomorus niphonius')
ScomberomorusNiphonius,SSP1-2.6,85,Scomberomorus niphonius,2,1.19837680154321,1.06697425099333,112.315437830627,2,2.13112503658235,bolditalic('Scomberomorus niphonius')
ScomberomorusNiphonius,SSP1-2.6,86,Scomberomorus niphonius,2,1.20962448462963,1.06697425099333,113.369604140259,2,2.13866819864512,bolditalic('Scomberomorus niphonius')
ScomberomorusNiphonius,SSP1-2.6,87,Scomberomorus niphonius,2,1.19397338611111,1.06697425099333,111.902736640509,2,2.15227517697215,bolditalic('Scomberomorus niphonius')
ScomberomorusNiphonius,SSP1-2.6,88,Scomberomorus niphonius,2,1.20341406802469,1.06697425099333,112.787545426174,2,2.09946500147879,bolditalic('Scomberomorus niphonius')
ScomberomorusNiphonius,SSP1-2.6,89,Scomberomorus niphonius,2,1.21076816802469,1.06697425099333,113.476793549375,2,2.10552966682613,bolditalic('Scomberomorus niphonius')
ScomberomorusNiphonius,SSP1-2.6,90,Scomberomorus niphonius,2,1.18615414037037,1.06697425099333,111.169893675136,2,2.10051993137598,bolditalic('Scomberomorus niphonius')
ScomberomorusNiphonius,SSP1-2.6,91,Scomberomorus niphonius,2,1.20370836067901,1.06697425099333,112.815127408968,2,2.12722316718102,bolditalic('Scomberomorus niphonius')
ScomberomorusNiphonius,SSP1-2.6,92,Scomberomorus niphonius,2,1.16636565160494,1.06697425099333,109.315257656787,2,2.14712619280815,bolditalic('Scomberomorus niphonius')
ScomberomorusNiphonius,SSP1-2.6,93,Scomberomorus niphonius,2,1.20149809061728,1.06697425099333,112.607974325407,2,2.10817980071902,bolditalic('Scomberomorus niphonius')
ScomberomorusNiphonius,SSP1-2.6,94,Scomberomorus niphonius,2,1.1978360958642,1.06697425099333,112.264761286323,2,2.11754783475399,bolditalic('Scomberomorus niphonius')
ScomberomorusNiphonius,SSP1-2.6,95,Scomberomorus niphonius,2,1.18712820969136,1.06697425099333,111.261186348796,2,2.1265054590553,bolditalic('Scomberomorus niphonius')
ScomberomorusNiphonius,SSP1-2.6,96,Scomberomorus niphonius,2,1.1762518358642,1.06697425099333,110.241820247221,2,2.12501616495848,bolditalic('Scomberomorus niphonius')
ScomberomorusNiphonius,SSP1-2.6,97,Scomberomorus niphonius,2,1.18322675481481,1.06697425099333,110.895530394782,2,2.14958074812591,bolditalic('Scomberomorus niphonius')
ScomberomorusNiphonius,SSP1-2.6,98,Scomberomorus niphonius,2,1.2104006037037,1.06697425099333,113.44234432807,2,2.10858786284924,bolditalic('Scomberomorus niphonius')
ScomberomorusNiphonius,SSP1-2.6,99,Scomberomorus niphonius,2,1.19000496438272,1.06697425099333,111.53080435398,2,2.14756194743514,bolditalic('Scomberomorus niphonius')
ScomberomorusNiphonius,SSP1-2.6,100,Scomberomorus niphonius,2,1.19105345382716,1.06697425099333,111.629071902936,2,2.10602818025649,bolditalic('Scomberomorus niphonius')
ScomberomorusNiphonius,SSP5-8.5,1,Scomberomorus niphonius,2,1.39863702006173,1.06697425099333,131.084421086978,3,3.11293962222338,bolditalic('Scomberomorus niphonius')
ScomberomorusNiphonius,SSP5-8.5,2,Scomberomorus niphonius,2,1.43994186783951,1.06697425099333,134.955634261928,3,3.14189924275875,bolditalic('Scomberomorus niphonius')
ScomberomorusNiphonius,SSP5-8.5,3,Scomberomorus niphonius,2,1.42775035080247,1.06697425099333,133.813009027468,3,3.09366613678634,bolditalic('Scomberomorus niphonius')
ScomberomorusNiphonius,SSP5-8.5,4,Scomberomorus niphonius,2,1.42243543709877,1.06697425099333,133.314879508527,3,3.12621743230522,bolditalic('Scomberomorus niphonius')
ScomberomorusNiphonius,SSP5-8.5,5,Scomberomorus niphonius,2,1.42760162419753,1.06697425099333,133.799069927738,3,3.15014212161303,bolditalic('Scomberomorus niphonius')
ScomberomorusNiphonius,SSP5-8.5,6,Scomberomorus niphonius,2,1.41775164382716,1.06697425099333,132.875900473443,3,3.11193977710605,bolditalic('Scomberomorus niphonius')
ScomberomorusNiphonius,SSP5-8.5,7,Scomberomorus niphonius,2,1.41298554530864,1.06697425099333,132.429207545841,3,3.13506145454943,bolditalic('Scomberomorus niphonius')
ScomberomorusNiphonius,SSP5-8.5,8,Scomberomorus niphonius,2,1.43299703981481,1.06697425099333,134.304744325434,3,3.14435200837255,bolditalic('Scomberomorus niphonius')
ScomberomorusNiphonius,SSP5-8.5,9,Scomberomorus niphonius,2,1.41886911950617,1.06697425099333,132.980633617468,3,3.12462177467346,bolditalic('Scomberomorus niphonius')
ScomberomorusNiphonius,SSP5-8.5,10,Scomberomorus niphonius,2,1.41354870993827,1.06697425099333,132.481989009789,3,3.15444293539226,bolditalic('Scomberomorus niphonius')
ScomberomorusNiphonius,SSP5-8.5,11,Scomberomorus niphonius,2,1.41969981938272,1.06697425099333,133.058489280412,3,3.13979033347964,bolditalic('Scomberomorus niphonius')
ScomberomorusNiphonius,SSP5-8.5,12,Scomberomorus niphonius,2,1.43914483339506,1.06697425099333,134.880933823402,3,3.14807948431373,bolditalic('Scomberomorus niphonius')
ScomberomorusNiphonius,SSP5-8.5,13,Scomberomorus niphonius,2,1.40901086271605,1.06697425099333,132.056688472499,3,3.14750795197487,bolditalic('Scomberomorus niphonius')
ScomberomorusNiphonius,SSP5-8.5,14,Scomberomorus niphonius,2,1.42389784524691,1.06697425099333,133.451940749394,3,3.10268291918933,bolditalic('Scomberomorus niphonius')
ScomberomorusNiphonius,SSP5-8.5,15,Scomberomorus niphonius,2,1.41099789,1.06697425099333,132.242918578999,3,3.10731813961267,bolditalic('Scomberomorus niphonius')
ScomberomorusNiphonius,SSP5-8.5,16,Scomberomorus niphonius,2,1.40794864679012,1.06697425099333,131.957134436876,3,3.12223614680767,bolditalic('Scomberomorus niphonius')
ScomberomorusNiphonius,SSP5-8.5,17,Scomberomorus niphonius,2,1.41394035783951,1.06697425099333,132.51869541586,3,3.12033747453988,bolditalic('Scomberomorus niphonius')
ScomberomorusNiphonius,SSP5-8.5,18,Scomberomorus niphonius,2,1.43306304876543,1.06697425099333,134.310930880598,3,3.11131186780334,bolditalic('Scomberomorus niphonius')
ScomberomorusNiphonius,SSP5-8.5,19,Scomberomorus niphonius,2,1.42620537265432,1.06697425099333,133.668209080636,3,3.09549540248513,bolditalic('Scomberomorus niphonius')
ScomberomorusNiphonius,SSP5-8.5,20,Scomberomorus niphonius,2,1.40111901475309,1.06697425099333,131.31704101094,3,3.09712426866591,bolditalic('Scomberomorus niphonius')
ScomberomorusNiphonius,SSP5-8.5,21,Scomberomorus niphonius,2,1.42361302228395,1.06697425099333,133.425246294237,3,3.13536480377615,bolditalic('Scomberomorus niphonius')
ScomberomorusNiphonius,SSP5-8.5,22,Scomberomorus niphonius,2,1.44078186777778,1.06697425099333,135.034361554315,3,3.12808468550444,bolditalic('Scomberomorus niphonius')
ScomberomorusNiphonius,SSP5-8.5,23,Scomberomorus niphonius,2,1.41913188234568,1.06697425099333,133.005260532248,3,3.15238091012836,bolditalic('Scomberomorus niphonius')
ScomberomorusNiphonius,SSP5-8.5,24,Scomberomorus niphonius,2,1.43372606703704,1.06697425099333,134.373070924839,3,3.11991196353734,bolditalic('Scomberomorus niphonius')
ScomberomorusNiphonius,SSP5-8.5,25,Scomberomorus niphonius,2,1.40260344740741,1.06697425099333,131.456166454028,3,3.1003568495512,bolditalic('Scomberomorus niphonius')
ScomberomorusNiphonius,SSP5-8.5,26,Scomberomorus niphonius,2,1.42271814611111,1.06697425099333,133.341375837944,3,3.11084732206166,bolditalic('Scomberomorus niphonius')
ScomberomorusNiphonius,SSP5-8.5,27,Scomberomorus niphonius,2,1.4109025567284,1.06697425099333,132.233983661262,3,3.09752559766173,bolditalic('Scomberomorus niphonius')
ScomberomorusNiphonius,SSP5-8.5,28,Scomberomorus niphonius,2,1.42352557962963,1.06697425099333,133.417050908619,3,3.10958842255175,bolditalic('Scomberomorus niphonius')
ScomberomorusNiphonius,SSP5-8.5,29,Scomberomorus niphonius,2,1.42096441117284,1.06697425099333,133.177010583896,3,3.10890397624672,bolditalic('Scomberomorus niphonius')
ScomberomorusNiphonius,SSP5-8.5,30,Scomberomorus niphonius,2,1.42317398197531,1.06697425099333,133.384098130799,3,3.10013382597268,bolditalic('Scomberomorus niphonius')
ScomberomorusNiphonius,SSP5-8.5,31,Scomberomorus niphonius,2,1.42743238685185,1.06697425099333,133.783208500387,3,3.11870673045516,bolditalic('Scomberomorus niphonius')
ScomberomorusNiphonius,SSP5-8.5,32,Scomberomorus niphonius,2,1.40790300419753,1.06697425099333,131.952856677356,3,3.09590369188786,bolditalic('Scomberomorus niphonius')
ScomberomorusNiphonius,SSP5-8.5,33,Scomberomorus niphonius,2,1.39852344222222,1.06697425099333,131.073776234077,3,3.15636322247982,bolditalic('Scomberomorus niphonius')
ScomberomorusNiphonius,SSP5-8.5,34,Scomberomorus niphonius,2,1.42974248907407,1.06697425099333,133.999718150931,3,3.15477049472928,bolditalic('Scomberomorus niphonius')
ScomberomorusNiphonius,SSP5-8.5,35,Scomberomorus niphonius,2,1.42649099746914,1.06697425099333,133.694978687733,3,3.1415650523454,bolditalic('Scomberomorus niphonius')
ScomberomorusNiphonius,SSP5-8.5,36,Scomberomorus niphonius,2,1.41889999771605,1.06697425099333,132.98352761513,3,3.10990345066786,bolditalic('Scomberomorus niphonius')
ScomberomorusNiphonius,SSP5-8.5,37,Scomberomorus niphonius,2,1.44377855302469,1.06697425099333,135.315219807841,3,3.14424391190708,bolditalic('Scomberomorus niphonius')
ScomberomorusNiphonius,SSP5-8.5,38,Scomberomorus niphonius,2,1.41176355209877,1.06697425099333,132.314678707986,3,3.13157446274161,bolditalic('Scomberomorus niphonius')
ScomberomorusNiphonius,SSP5-8.5,39,Scomberomorus niphonius,2,1.42899920802469,1.06697425099333,133.930055640454,3,3.15391971673071,bolditalic('Scomberomorus niphonius')
ScomberomorusNiphonius,SSP5-8.5,40,Scomberomorus niphonius,2,1.40363741098765,1.06697425099333,131.55307259579,3,3.10600065480173,bolditalic('Scomberomorus niphonius')
ScomberomorusNiphonius,SSP5-8.5,41,Scomberomorus niphonius,2,1.42053137777778,1.06697425099333,133.136425406264,3,3.15515814337134,bolditalic('Scomberomorus niphonius')
ScomberomorusNiphonius,SSP5-8.5,42,Scomberomorus niphonius,2,1.41393453444444,1.06697425099333,132.518149629955,3,3.10426820063591,bolditalic('Scomberomorus niphonius')
ScomberomorusNiphonius,SSP5-8.5,43,Scomberomorus niphonius,2,1.40620475753086,1.06697425099333,131.793691949146,3,3.13926698516309,bolditalic('Scomberomorus niphonius')
ScomberomorusNiphonius,SSP5-8.5,44,Scomberomorus niphonius,2,1.4227320045679,1.06697425099333,133.34267469373,3,3.11816982372105,bolditalic('Scomberomorus niphonius')
ScomberomorusNiphonius,SSP5-8.5,45,Scomberomorus niphonius,2,1.41650565950617,1.06697425099333,132.759123117304,3,3.14922556261718,bolditalic('Scomberomorus niphonius')
ScomberomorusNiphonius,SSP5-8.5,46,Scomberomorus niphonius,2,1.42501266537037,1.06697425099333,133.556425006856,3,3.14777241109312,bolditalic('Scomberomorus niphonius')
ScomberomorusNiphonius,SSP5-8.5,47,Scomberomorus niphonius,2,1.39107785358025,1.06697425099333,130.375953523263,3,3.1320157956928,bolditalic('Scomberomorus niphonius')
ScomberomorusNiphonius,SSP5-8.5,48,Scomberomorus niphonius,2,1.42873389654321,1.06697425099333,133.90518985937,3,3.1147319944948,bolditalic('Scomberomorus niphonius')
ScomberomorusNiphonius,SSP5-8.5,49,Scomberomorus niphonius,2,1.41069509407407,1.06697425099333,132.214539644302,3,3.10527820749581,bolditalic('Scomberomorus niphonius')
ScomberomorusNiphonius,SSP5-8.5,50,Scomberomorus niphonius,2,1.40614346648148,1.06697425099333,131.787947569718,3,3.11397395919263,bolditalic('Scomberomorus niphonius')
ScomberomorusNiphonius,SSP5-8.5,51,Scomberomorus niphonius,2,1.40884527401235,1.06697425099333,132.041169006725,3,3.13203684955835,bolditalic('Scomberomorus niphonius')
ScomberomorusNiphonius,SSP5-8.5,52,Scomberomorus niphonius,2,1.42778600962963,1.06697425099333,133.8163510788,3,3.1422710711211,bolditalic('Scomberomorus niphonius')
ScomberomorusNiphonius,SSP5-8.5,53,Scomberomorus niphonius,2,1.40067485314815,1.06697425099333,131.275412864382,3,3.15117271314561,bolditalic('Scomberomorus niphonius')
ScomberomorusNiphonius,SSP5-8.5,54,Scomberomorus niphonius,2,1.41707579271605,1.06697425099333,132.812557697318,3,3.11037005336583,bolditalic('Scomberomorus niphonius')
ScomberomorusNiphonius,SSP5-8.5,55,Scomberomorus niphonius,2,1.42372856555556,1.06697425099333,133.43607535328,3,3.12729215349257,bolditalic('Scomberomorus niphonius')
ScomberomorusNiphonius,SSP5-8.5,56,Scomberomorus niphonius,2,1.435943,1.06697425099333,134.580848475318,3,3.11477039077878,bolditalic('Scomberomorus niphonius')
ScomberomorusNiphonius,SSP5-8.5,57,Scomberomorus niphonius,2,1.39135438339506,1.06697425099333,130.401870719911,3,3.12068484048545,bolditalic('Scomberomorus niphonius')
ScomberomorusNiphonius,SSP5-8.5,58,Scomberomorus niphonius,2,1.41319717277778,1.06697425099333,132.449041901632,3,3.13028509499133,bolditalic('Scomberomorus niphonius')
ScomberomorusNiphonius,SSP5-8.5,59,Scomberomorus niphonius,2,1.40608056030864,1.06697425099333,131.782051816115,3,3.1212455290854,bolditalic('Scomberomorus niphonius')
ScomberomorusNiphonius,SSP5-8.5,60,Scomberomorus niphonius,2,1.41738481654321,1.06697425099333,132.841520329441,3,3.14619536618888,bolditalic('Scomberomorus niphonius')
ScomberomorusNiphonius,SSP5-8.5,61,Scomberomorus niphonius,2,1.41907503358025,1.06697425099333,132.999932496882,3,3.15490926761925,bolditalic('Scomberomorus niphonius')
ScomberomorusNiphonius,SSP5-8.5,62,Scomberomorus niphonius,2,1.42645420858025,1.06697425099333,133.691530723656,3,3.09522021973133,bolditalic('Scomberomorus niphonius')
ScomberomorusNiphonius,SSP5-8.5,63,Scomberomorus niphonius,2,1.41997782814815,1.06697425099333,133.08454508871,3,3.11662694728375,bolditalic('Scomberomorus niphonius')
ScomberomorusNiphonius,SSP5-8.5,64,Scomberomorus niphonius,2,1.43080689592593,1.06697425099333,134.099477526648,3,3.09949073295295,bolditalic('Scomberomorus niphonius')
ScomberomorusNiphonius,SSP5-8.5,65,Scomberomorus niphonius,2,1.38752954339506,1.06697425099333,130.043395339981,3,3.13134281745553,bolditalic('Scomberomorus niphonius')
ScomberomorusNiphonius,SSP5-8.5,66,Scomberomorus niphonius,2,1.42980101302469,1.06697425099333,134.005203189634,3,3.09386670348048,bolditalic('Scomberomorus niphonius')
ScomberomorusNiphonius,SSP5-8.5,67,Scomberomorus niphonius,2,1.41383653061728,1.06697425099333,132.508964419809,3,3.10831617973745,bolditalic('Scomberomorus niphonius')
ScomberomorusNiphonius,SSP5-8.5,68,Scomberomorus niphonius,2,1.40810336567901,1.06697425099333,131.971635151279,3,3.11479142385721,bolditalic('Scomberomorus niphonius')
ScomberomorusNiphonius,SSP5-8.5,69,Scomberomorus niphonius,2,1.42422041574074,1.06697425099333,133.482173015405,3,3.13655924357474,bolditalic('Scomberomorus niphonius')
ScomberomorusNiphonius,SSP5-8.5,70,Scomberomorus niphonius,2,1.43114749277778,1.06697425099333,134.131399276544,3,3.10193950998783,bolditalic('Scomberomorus niphonius')
ScomberomorusNiphonius,SSP5-8.5,71,Scomberomorus niphonius,2,1.41623005993827,1.06697425099333,132.733293106163,3,3.0930766120702,bolditalic('Scomberomorus niphonius')
ScomberomorusNiphonius,SSP5-8.5,72,Scomberomorus niphonius,2,1.43140315388889,1.06697425099333,134.155360596217,3,3.12474350760877,bolditalic('Scomberomorus niphonius')
ScomberomorusNiphonius,SSP5-8.5,73,Scomberomorus niphonius,2,1.43200840037037,1.06697425099333,134.212086096473,3,3.13435940587521,bolditalic('Scomberomorus niphonius')
ScomberomorusNiphonius,SSP5-8.5,74,Scomberomorus niphonius,2,1.41449506191358,1.06697425099333,132.57068393138,3,3.11416892799735,bolditalic('Scomberomorus niphonius')
ScomberomorusNiphonius,SSP5-8.5,75,Scomberomorus niphonius,2,1.41874530851852,1.06697425099333,132.96902968349,3,3.10663304826617,bolditalic('Scomberomorus niphonius')
ScomberomorusNiphonius,SSP5-8.5,76,Scomberomorus niphonius,2,1.43155758679012,1.06697425099333,134.169834507006,3,3.11204663524032,bolditalic('Scomberomorus niphonius')
ScomberomorusNiphonius,SSP5-8.5,77,Scomberomorus niphonius,2,1.43796904654321,1.06697425099333,134.77073558284,3,3.12298209367693,bolditalic('Scomberomorus niphonius')
ScomberomorusNiphonius,SSP5-8.5,78,Scomberomorus niphonius,2,1.41892933265432,1.06697425099333,132.986276972788,3,3.09534254793823,bolditalic('Scomberomorus niphonius')
ScomberomorusNiphonius,SSP5-8.5,79,Scomberomorus niphonius,2,1.42236238623457,1.06697425099333,133.30803296428,3,3.1559164929837,bolditalic('Scomberomorus niphonius')
ScomberomorusNiphonius,SSP5-8.5,80,Scomberomorus niphonius,2,1.40973276098765,1.06697425099333,132.12434692545,3,3.12664106966555,bolditalic('Scomberomorus niphonius')
ScomberomorusNiphonius,SSP5-8.5,81,Scomberomorus niphonius,2,1.44374082296296,1.06697425099333,135.311683634246,3,3.10454410108924,bolditalic('Scomberomorus niphonius')
ScomberomorusNiphonius,SSP5-8.5,82,Scomberomorus niphonius,2,1.42138735981481,1.06697425099333,133.216650588477,3,3.14273757313192,bolditalic('Scomberomorus niphonius')
ScomberomorusNiphonius,SSP5-8.5,83,Scomberomorus niphonius,2,1.37906588006173,1.06697425099333,129.250155641324,3,3.12400847513974,bolditalic('Scomberomorus niphonius')
ScomberomorusNiphonius,SSP5-8.5,84,Scomberomorus niphonius,2,1.45112307419753,1.06697425099333,136.003570174872,3,3.09462414695323,bolditalic('Scomberomorus niphonius')
ScomberomorusNiphonius,SSP5-8.5,85,Scomberomorus niphonius,2,1.44787710555556,1.06697425099333,135.699348340188,3,3.09796814727783,bolditalic('Scomberomorus niphonius')
ScomberomorusNiphonius,SSP5-8.5,86,Scomberomorus niphonius,2,1.43603372802469,1.06697425099333,134.589351775619,3,3.14847192004323,bolditalic('Scomberomorus niphonius')
ScomberomorusNiphonius,SSP5-8.5,87,Scomberomorus niphonius,2,1.41660371648148,1.06697425099333,132.768313308653,3,3.13354002037644,bolditalic('Scomberomorus niphonius')
ScomberomorusNiphonius,SSP5-8.5,88,Scomberomorus niphonius,2,1.40400675987654,1.06697425099333,131.587689072106,3,3.14550673039258,bolditalic('Scomberomorus niphonius')
ScomberomorusNiphonius,SSP5-8.5,89,Scomberomorus niphonius,2,1.42855688320988,1.06697425099333,133.88859964333,3,3.14147479686141,bolditalic('Scomberomorus niphonius')
ScomberomorusNiphonius,SSP5-8.5,90,Scomberomorus niphonius,2,1.43381031604938,1.06697425099333,134.380966992833,3,3.1275954387188,bolditalic('Scomberomorus niphonius')
ScomberomorusNiphonius,SSP5-8.5,91,Scomberomorus niphonius,2,1.39751942469136,1.06697425099333,130.979676725122,3,3.11571653516591,bolditalic('Scomberomorus niphonius')
ScomberomorusNiphonius,SSP5-8.5,92,Scomberomorus niphonius,2,1.43227864444444,1.06697425099333,134.237414174805,3,3.1470223287046,bolditalic('Scomberomorus niphonius')
ScomberomorusNiphonius,SSP5-8.5,93,Scomberomorus niphonius,2,1.42535212950617,1.06697425099333,133.588240595234,3,3.11741047823429,bolditalic('Scomberomorus niphonius')
ScomberomorusNiphonius,SSP5-8.5,94,Scomberomorus niphonius,2,1.41010814154321,1.06697425099333,132.159528707504,3,3.09509935364127,bolditalic('Scomberomorus niphonius')
ScomberomorusNiphonius,SSP5-8.5,95,Scomberomorus niphonius,2,1.42625704481481,1.06697425099333,133.673051949191,3,3.09620592060685,bolditalic('Scomberomorus niphonius')
ScomberomorusNiphonius,SSP5-8.5,96,Scomberomorus niphonius,2,1.44510259314815,1.06697425099333,135.439312785926,3,3.14425521035492,bolditalic('Scomberomorus niphonius')
ScomberomorusNiphonius,SSP5-8.5,97,Scomberomorus niphonius,2,1.42152072925926,1.06697425099333,133.229150369454,3,3.10431808838248,bolditalic('Scomberomorus niphonius')
ScomberomorusNiphonius,SSP5-8.5,98,Scomberomorus niphonius,2,1.40985658271605,1.06697425099333,132.135951866083,3,3.10294452567399,bolditalic('Scomberomorus niphonius')
ScomberomorusNiphonius,SSP5-8.5,99,Scomberomorus niphonius,2,1.39609419358025,1.06697425099333,130.846099826731,3,3.14872887584567,bolditalic('Scomberomorus niphonius')
ScomberomorusNiphonius,SSP5-8.5,100,Scomberomorus niphonius,2,1.41399305685185,1.06697425099333,132.523634524024,3,3.13757001850009,bolditalic('Scomberomorus niphonius')
TodarodesPacificus,Base,1,Todarodes pacificus,6,0.653057827,0.536807548260333,121.655857693583,1,1.1504332677573,bolditalic('Todarodes pacificus')
TodarodesPacificus,Base,2,Todarodes pacificus,6,0.4558506975,0.536807548260333,84.9188315211484,1,1.15183102944493,bolditalic('Todarodes pacificus')
TodarodesPacificus,Base,3,Todarodes pacificus,6,0.516239613333333,0.536807548260333,96.1684713648949,1,1.13540212470293,bolditalic('Todarodes pacificus')
TodarodesPacificus,Base,4,Todarodes pacificus,6,0.505991237666667,0.536807548260333,94.2593373186471,1,1.13492055025697,bolditalic('Todarodes pacificus')
TodarodesPacificus,Base,5,Todarodes pacificus,6,0.442034915,0.536807548260333,82.34513773745,1,1.12545236073434,bolditalic('Todarodes pacificus')
TodarodesPacificus,Base,6,Todarodes pacificus,6,0.608005233333333,0.536807548260333,113.263167648021,1,1.12242478436232,bolditalic('Todarodes pacificus')
TodarodesPacificus,Base,7,Todarodes pacificus,6,0.526315327,0.536807548260333,98.0454408112673,1,1.11802525065839,bolditalic('Todarodes pacificus')
TodarodesPacificus,Base,8,Todarodes pacificus,6,0.524885508,0.536807548260333,97.7790848323632,1,1.13450742763281,bolditalic('Todarodes pacificus')
TodarodesPacificus,Base,9,Todarodes pacificus,6,0.618476335166667,0.536807548260333,115.21379257259,1,1.13720244726539,bolditalic('Todarodes pacificus')
TodarodesPacificus,Base,10,Todarodes pacificus,6,0.630085902666667,0.536807548260333,117.376498282974,1,1.11794687439501,bolditalic('Todarodes pacificus')
TodarodesPacificus,Base,11,Todarodes pacificus,6,0.718398396333333,0.536807548260333,133.827923743154,1,1.13622217978537,bolditalic('Todarodes pacificus')
TodarodesPacificus,Base,12,Todarodes pacificus,6,0.607658113333333,0.536807548260333,113.198503877714,1,1.13431561151147,bolditalic('Todarodes pacificus')
TodarodesPacificus,Base,13,Todarodes pacificus,6,0.718650268333333,0.536807548260333,133.874844096792,1,1.1324783064127,bolditalic('Todarodes pacificus')
TodarodesPacificus,Base,14,Todarodes pacificus,6,0.642731696466667,0.536807548260333,119.73223896527,1,1.1152928840816,bolditalic('Todarodes pacificus')
TodarodesPacificus,Base,15,Todarodes pacificus,6,0.447858256333333,0.536807548260333,83.4299476199126,1,1.09361272381246,bolditalic('Todarodes pacificus')
TodarodesPacificus,Base,16,Todarodes pacificus,6,0.464615212333333,0.536807548260333,86.5515423244404,1,1.15641663023829,bolditalic('Todarodes pacificus')
TodarodesPacificus,Base,17,Todarodes pacificus,6,0.41586192,0.536807548260333,77.4694620721543,1,1.14587155619264,bolditalic('Todarodes pacificus')
TodarodesPacificus,Base,18,Todarodes pacificus,6,0.502329440333333,0.536807548260333,93.577193905202,1,1.12476380001009,bolditalic('Todarodes pacificus')
TodarodesPacificus,Base,19,Todarodes pacificus,6,0.569989249333333,0.536807548260333,106.181302997794,1,1.12652575454116,bolditalic('Todarodes pacificus')
TodarodesPacificus,Base,20,Todarodes pacificus,6,0.528695091833333,0.536807548260333,98.4887588758223,1,1.11695746466517,bolditalic('Todarodes pacificus')
TodarodesPacificus,Base,21,Todarodes pacificus,6,0.575988450333333,0.536807548260333,107.298873162268,1,1.10792950667441,bolditalic('Todarodes pacificus')
TodarodesPacificus,Base,22,Todarodes pacificus,6,0.432487852,0.536807548260333,80.5666487741447,1,1.14262194359303,bolditalic('Todarodes pacificus')
TodarodesPacificus,Base,23,Todarodes pacificus,6,0.536851940866667,0.536807548260333,100.008269743314,1,1.10442647536099,bolditalic('Todarodes pacificus')
TodarodesPacificus,Base,24,Todarodes pacificus,6,0.474549720333333,0.536807548260333,88.4022070612153,1,1.10920836779475,bolditalic('Todarodes pacificus')
TodarodesPacificus,Base,25,Todarodes pacificus,6,0.505563738,0.536807548260333,94.1796999014661,1,1.10053591826558,bolditalic('Todarodes pacificus')
TodarodesPacificus,Base,26,Todarodes pacificus,6,0.471220057,0.536807548260333,87.7819357285704,1,1.12269296629727,bolditalic('Todarodes pacificus')
TodarodesPacificus,Base,27,Todarodes pacificus,6,0.467515936133333,0.536807548260333,87.0919080121809,1,1.11193631589413,bolditalic('Todarodes pacificus')
TodarodesPacificus,Base,28,Todarodes pacificus,6,0.597713419333333,0.536807548260333,111.345941626637,1,1.13568831397593,bolditalic('Todarodes pacificus')
TodarodesPacificus,Base,29,Todarodes pacificus,6,0.476593069,0.536807548260333,88.7828553351245,1,1.13874442954361,bolditalic('Todarodes pacificus')
TodarodesPacificus,Base,30,Todarodes pacificus,6,0.586703301333333,0.536807548260333,109.294905266273,1,1.11630494754016,bolditalic('Todarodes pacificus')
TodarodesPacificus,Base,31,Todarodes pacificus,6,0.5434130135,0.536807548260333,101.230509008503,1,1.15470254182816,bolditalic('Todarodes pacificus')
TodarodesPacificus,Base,32,Todarodes pacificus,6,0.437480908333333,0.536807548260333,81.4967877689324,1,1.11212993828952,bolditalic('Todarodes pacificus')
TodarodesPacificus,Base,33,Todarodes pacificus,6,0.529664189,0.536807548260333,98.6692885963539,1,1.14826223540306,bolditalic('Todarodes pacificus')
TodarodesPacificus,Base,34,Todarodes pacificus,6,0.634598290333333,0.536807548260333,118.217095193597,1,1.10721834151447,bolditalic('Todarodes pacificus')
TodarodesPacificus,Base,35,Todarodes pacificus,6,0.553279672166667,0.536807548260333,103.06853433036,1,1.15592027565837,bolditalic('Todarodes pacificus')
TodarodesPacificus,Base,36,Todarodes pacificus,6,0.626467559,0.536807548260333,116.702449701058,1,1.10156313788891,bolditalic('Todarodes pacificus')
TodarodesPacificus,Base,37,Todarodes pacificus,6,0.540838487666667,0.536807548260333,100.750909598682,1,1.1363044873029,bolditalic('Todarodes pacificus')
TodarodesPacificus,Base,38,Todarodes pacificus,6,0.667370762,0.536807548260333,124.322164277084,1,1.12066973224282,bolditalic('Todarodes pacificus')
TodarodesPacificus,Base,39,Todarodes pacificus,6,0.448625428,0.536807548260333,83.5728613455398,1,1.14156898760796,bolditalic('Todarodes pacificus')
TodarodesPacificus,Base,40,Todarodes pacificus,6,0.614255736133333,0.536807548260333,114.42755194557,1,1.10382462231815,bolditalic('Todarodes pacificus')
TodarodesPacificus,Base,41,Todarodes pacificus,6,0.476447088333333,0.536807548260333,88.7556611074836,1,1.13787669157982,bolditalic('Todarodes pacificus')
TodarodesPacificus,Base,42,Todarodes pacificus,6,0.495194201133333,0.536807548260333,92.2479951591852,1,1.11241088874638,bolditalic('Todarodes pacificus')
TodarodesPacificus,Base,43,Todarodes pacificus,6,0.481254386666667,0.536807548260333,89.6511958943757,1,1.10336565470696,bolditalic('Todarodes pacificus')
TodarodesPacificus,Base,44,Todarodes pacificus,6,0.550532963666667,0.536807548260333,102.556859613993,1,1.13222773934901,bolditalic('Todarodes pacificus')
TodarodesPacificus,Base,45,Todarodes pacificus,6,0.579430087666667,0.536807548260333,107.940003739602,1,1.13645419566333,bolditalic('Todarodes pacificus')
TodarodesPacificus,Base,46,Todarodes pacificus,6,0.515483719666667,0.536807548260333,96.0276585784288,1,1.15515615613759,bolditalic('Todarodes pacificus')
TodarodesPacificus,Base,47,Todarodes pacificus,6,0.5834971841,0.536807548260333,108.697648904338,1,1.13827949652076,bolditalic('Todarodes pacificus')
TodarodesPacificus,Base,48,Todarodes pacificus,6,0.681248795333333,0.536807548260333,126.907454550723,1,1.09890521633625,bolditalic('Todarodes pacificus')
TodarodesPacificus,Base,49,Todarodes pacificus,6,0.447474659033333,0.536807548260333,83.3584886210138,1,1.13669979035854,bolditalic('Todarodes pacificus')
TodarodesPacificus,Base,50,Todarodes pacificus,6,0.492943354133333,0.536807548260333,91.8286927467481,1,1.11997879250348,bolditalic('Todarodes pacificus')
TodarodesPacificus,Base,51,Todarodes pacificus,6,0.523871097333333,0.536807548260333,97.590113818458,1,1.1569302251786,bolditalic('Todarodes pacificus')
TodarodesPacificus,Base,52,Todarodes pacificus,6,0.557895576666667,0.536807548260333,103.928415029683,1,1.13015537284315,bolditalic('Todarodes pacificus')
TodarodesPacificus,Base,53,Todarodes pacificus,6,0.621779837,0.536807548260333,115.829190370933,1,1.11532172398269,bolditalic('Todarodes pacificus')
TodarodesPacificus,Base,54,Todarodes pacificus,6,0.411988537333333,0.536807548260333,76.7479031672507,1,1.11539342767,bolditalic('Todarodes pacificus')
TodarodesPacificus,Base,55,Todarodes pacificus,6,0.626141310333333,0.536807548260333,116.641673978414,1,1.09814324688911,bolditalic('Todarodes pacificus')
TodarodesPacificus,Base,56,Todarodes pacificus,6,0.518439802866667,0.536807548260333,96.5783369751055,1,1.11661089871824,bolditalic('Todarodes pacificus')
TodarodesPacificus,Base,57,Todarodes pacificus,6,0.554846895333333,0.536807548260333,103.360486850727,1,1.11625686559081,bolditalic('Todarodes pacificus')
TodarodesPacificus,Base,58,Todarodes pacificus,6,0.565263552,0.536807548260333,105.300969375689,1,1.1567553935647,bolditalic('Todarodes pacificus')
TodarodesPacificus,Base,59,Todarodes pacificus,6,0.498721859333333,0.536807548260333,92.9051502628033,1,1.15236922803521,bolditalic('Todarodes pacificus')
TodarodesPacificus,Base,60,Todarodes pacificus,6,0.524432359333333,0.536807548260333,97.6946693527121,1,1.1004765920788,bolditalic('Todarodes pacificus')
TodarodesPacificus,Base,61,Todarodes pacificus,6,0.469318158866667,0.536807548260333,87.4276377796133,1,1.1526500480026,bolditalic('Todarodes pacificus')
TodarodesPacificus,Base,62,Todarodes pacificus,6,0.617121675666667,0.536807548260333,114.961437793975,1,1.09625489543378,bolditalic('Todarodes pacificus')
TodarodesPacificus,Base,63,Todarodes pacificus,6,0.442361188333333,0.536807548260333,82.4059180551617,1,1.13314476275444,bolditalic('Todarodes pacificus')
TodarodesPacificus,Base,64,Todarodes pacificus,6,0.678717118333333,0.536807548260333,126.435837300145,1,1.09382045160234,bolditalic('Todarodes pacificus')
TodarodesPacificus,Base,65,Todarodes pacificus,6,0.5346784874,0.536807548260333,99.6033847014199,1,1.10206643643975,bolditalic('Todarodes pacificus')
TodarodesPacificus,Base,66,Todarodes pacificus,6,0.462564646666667,0.536807548260333,86.169549620852,1,1.09651295697689,bolditalic('Todarodes pacificus')
TodarodesPacificus,Base,67,Todarodes pacificus,6,0.587411127666667,0.536807548260333,109.426763757389,1,1.15136147926748,bolditalic('Todarodes pacificus')
TodarodesPacificus,Base,68,Todarodes pacificus,6,0.517516412666667,0.536807548260333,96.4063218454762,1,1.10791590413451,bolditalic('Todarodes pacificus')
TodarodesPacificus,Base,69,Todarodes pacificus,6,0.486653403666667,0.536807548260333,90.6569598813944,1,1.0954621231705,bolditalic('Todarodes pacificus')
TodarodesPacificus,Base,70,Todarodes pacificus,6,0.526256922,0.536807548260333,98.0345607481628,1,1.15417365264893,bolditalic('Todarodes pacificus')
TodarodesPacificus,Base,71,Todarodes pacificus,6,0.673530667333333,0.536807548260333,125.469671489547,1,1.15101547214389,bolditalic('Todarodes pacificus')
TodarodesPacificus,Base,72,Todarodes pacificus,6,0.477009193333333,0.536807548260333,88.8603736812583,1,1.15313005849719,bolditalic('Todarodes pacificus')
TodarodesPacificus,Base,73,Todarodes pacificus,6,0.577212283666667,0.536807548260333,107.526856792025,1,1.1457679515332,bolditalic('Todarodes pacificus')
TodarodesPacificus,Base,74,Todarodes pacificus,6,0.540133308,0.536807548260333,100.619544145839,1,1.14256998874247,bolditalic('Todarodes pacificus')
TodarodesPacificus,Base,75,Todarodes pacificus,6,0.513697222666667,0.536807548260333,95.6948583028384,1,1.14843609644473,bolditalic('Todarodes pacificus')
TodarodesPacificus,Base,76,Todarodes pacificus,6,0.464154541166667,0.536807548260333,86.465725504584,1,1.09918571957946,bolditalic('Todarodes pacificus')
TodarodesPacificus,Base,77,Todarodes pacificus,6,0.666038915666667,0.536807548260333,124.07405928347,1,1.10994885697961,bolditalic('Todarodes pacificus')
TodarodesPacificus,Base,78,Todarodes pacificus,6,0.531078362333333,0.536807548260333,98.9327299987552,1,1.10085657611489,bolditalic('Todarodes pacificus')
TodarodesPacificus,Base,79,Todarodes pacificus,6,0.488917661666667,0.536807548260333,91.0787605820995,1,1.10552486665547,bolditalic('Todarodes pacificus')
TodarodesPacificus,Base,80,Todarodes pacificus,6,0.575506907066667,0.536807548260333,107.209168151929,1,1.1336377658546,bolditalic('Todarodes pacificus')
TodarodesPacificus,Base,81,Todarodes pacificus,6,0.519518237333333,0.536807548260333,96.7792347587081,1,1.13579998089373,bolditalic('Todarodes pacificus')
TodarodesPacificus,Base,82,Todarodes pacificus,6,0.689065791,0.536807548260333,128.363655323607,1,1.10610230705142,bolditalic('Todarodes pacificus')
TodarodesPacificus,Base,83,Todarodes pacificus,6,0.469811586466667,0.536807548260333,87.5195566808283,1,1.11205602072179,bolditalic('Todarodes pacificus')
TodarodesPacificus,Base,84,Todarodes pacificus,6,0.456800109666667,0.536807548260333,85.0956941919033,1,1.15373910810053,bolditalic('Todarodes pacificus')
TodarodesPacificus,Base,85,Todarodes pacificus,6,0.497164533,0.536807548260333,92.6150413888913,1,1.14795865564048,bolditalic('Todarodes pacificus')
TodarodesPacificus,Base,86,Todarodes pacificus,6,0.549172549333333,0.536807548260333,102.303432787611,1,1.1471176558435,bolditalic('Todarodes pacificus')
TodarodesPacificus,Base,87,Todarodes pacificus,6,0.575507581533333,0.536807548260333,107.209293795964,1,1.12032487036288,bolditalic('Todarodes pacificus')
TodarodesPacificus,Base,88,Todarodes pacificus,6,0.488313360166667,0.536807548260333,90.9661873699756,1,1.14282733012736,bolditalic('Todarodes pacificus')
TodarodesPacificus,Base,89,Todarodes pacificus,6,0.731812143766667,0.536807548260333,136.326723820911,1,1.11417569297552,bolditalic('Todarodes pacificus')
TodarodesPacificus,Base,90,Todarodes pacificus,6,0.4475930648,0.536807548260333,83.3805460170118,1,1.14851221722364,bolditalic('Todarodes pacificus')
TodarodesPacificus,Base,91,Todarodes pacificus,6,0.503068742333333,0.536807548260333,93.7149158881354,1,1.1265455480665,bolditalic('Todarodes pacificus')
TodarodesPacificus,Base,92,Todarodes pacificus,6,0.4179257618,0.536807548260333,77.8539279401713,1,1.11759168840945,bolditalic('Todarodes pacificus')
TodarodesPacificus,Base,93,Todarodes pacificus,6,0.523263195666667,0.536807548260333,97.4768699438821,1,1.14174219100177,bolditalic('Todarodes pacificus')
TodarodesPacificus,Base,94,Todarodes pacificus,6,0.502445033666667,0.536807548260333,93.5987273828345,1,1.14808614115417,bolditalic('Todarodes pacificus')
TodarodesPacificus,Base,95,Todarodes pacificus,6,0.490161978666667,0.536807548260333,91.3105600424522,1,1.11344510391355,bolditalic('Todarodes pacificus')
TodarodesPacificus,Base,96,Todarodes pacificus,6,0.543550321133333,0.536807548260333,101.256087567109,1,1.13594174849987,bolditalic('Todarodes pacificus')
TodarodesPacificus,Base,97,Todarodes pacificus,6,0.3931691792,0.536807548260333,73.2421107851722,1,1.15279479795694,bolditalic('Todarodes pacificus')
TodarodesPacificus,Base,98,Todarodes pacificus,6,0.479350709966667,0.536807548260333,89.2965666224571,1,1.13998046290875,bolditalic('Todarodes pacificus')
TodarodesPacificus,Base,99,Todarodes pacificus,6,0.600983262,0.536807548260333,111.955069176588,1,1.12452535013855,bolditalic('Todarodes pacificus')
TodarodesPacificus,Base,100,Todarodes pacificus,6,0.446400441333333,0.536807548260333,83.15837636412,1,1.13437329031527,bolditalic('Todarodes pacificus')
TodarodesPacificus,SSP1-2.6,1,Todarodes pacificus,6,0.883132428765432,0.536807548260333,164.515650278662,2,2.15230828766525,bolditalic('Todarodes pacificus')
TodarodesPacificus,SSP1-2.6,2,Todarodes pacificus,6,0.982937950567901,0.536807548260333,183.108071738814,2,2.1224675693661,bolditalic('Todarodes pacificus')
TodarodesPacificus,SSP1-2.6,3,Todarodes pacificus,6,0.840988487530864,0.536807548260333,156.664802917975,2,2.12524760593474,bolditalic('Todarodes pacificus')
TodarodesPacificus,SSP1-2.6,4,Todarodes pacificus,6,0.802047349333333,0.536807548260333,149.41059452919,2,2.09328378720582,bolditalic('Todarodes pacificus')
TodarodesPacificus,SSP1-2.6,5,Todarodes pacificus,6,0.764358829876543,0.536807548260333,142.389732102995,2,2.09673203133047,bolditalic('Todarodes pacificus')
TodarodesPacificus,SSP1-2.6,6,Todarodes pacificus,6,0.803733204938272,0.536807548260333,149.724646671415,2,2.10465072540939,bolditalic('Todarodes pacificus')
TodarodesPacificus,SSP1-2.6,7,Todarodes pacificus,6,0.820670459012346,0.536807548260333,152.879828473341,2,2.136905831635,bolditalic('Todarodes pacificus')
TodarodesPacificus,SSP1-2.6,8,Todarodes pacificus,6,0.933448452345679,0.536807548260333,173.888846267301,2,2.10903497384489,bolditalic('Todarodes pacificus')
TodarodesPacificus,SSP1-2.6,9,Todarodes pacificus,6,0.720780651975309,0.536807548260333,134.271705811736,2,2.13004709279537,bolditalic('Todarodes pacificus')
TodarodesPacificus,SSP1-2.6,10,Todarodes pacificus,6,0.977442715061729,0.536807548260333,182.084383542927,2,2.13130027607083,bolditalic('Todarodes pacificus')
TodarodesPacificus,SSP1-2.6,11,Todarodes pacificus,6,0.89964493,0.536807548260333,167.591706360229,2,2.09370508101583,bolditalic('Todarodes pacificus')
TodarodesPacificus,SSP1-2.6,12,Todarodes pacificus,6,0.74684142382716,0.536807548260333,139.126475819406,2,2.0964155305475,bolditalic('Todarodes pacificus')
TodarodesPacificus,SSP1-2.6,13,Todarodes pacificus,6,0.916431001111111,0.536807548260333,170.718724816938,2,2.14146010553837,bolditalic('Todarodes pacificus')
TodarodesPacificus,SSP1-2.6,14,Todarodes pacificus,6,0.707278227160494,0.536807548260333,131.756386334845,2,2.13877226123214,bolditalic('Todarodes pacificus')
TodarodesPacificus,SSP1-2.6,15,Todarodes pacificus,6,0.71158789037037,0.536807548260333,132.559218415698,2,2.09646646678448,bolditalic('Todarodes pacificus')
TodarodesPacificus,SSP1-2.6,16,Todarodes pacificus,6,0.759211804074074,0.536807548260333,141.430910674505,2,2.11343330536783,bolditalic('Todarodes pacificus')
TodarodesPacificus,SSP1-2.6,17,Todarodes pacificus,6,0.772904760864198,0.536807548260333,143.98172368645,2,2.1021906939745,bolditalic('Todarodes pacificus')
TodarodesPacificus,SSP1-2.6,18,Todarodes pacificus,6,0.952807484938272,0.536807548260333,177.495172716199,2,2.1434366235733,bolditalic('Todarodes pacificus')
TodarodesPacificus,SSP1-2.6,19,Todarodes pacificus,6,0.925039241358025,0.536807548260333,172.322323774295,2,2.11944599281251,bolditalic('Todarodes pacificus')
TodarodesPacificus,SSP1-2.6,20,Todarodes pacificus,6,0.77990885037037,0.536807548260333,145.286491014866,2,2.11776351048052,bolditalic('Todarodes pacificus')
TodarodesPacificus,SSP1-2.6,21,Todarodes pacificus,6,0.734904572691358,0.536807548260333,136.902801585598,2,2.12872105935216,bolditalic('Todarodes pacificus')
TodarodesPacificus,SSP1-2.6,22,Todarodes pacificus,6,1.01263803598765,0.536807548260333,188.640796737932,2,2.1524720608741,bolditalic('Todarodes pacificus')
TodarodesPacificus,SSP1-2.6,23,Todarodes pacificus,6,0.818738910679012,0.536807548260333,152.520007092365,2,2.15126691511273,bolditalic('Todarodes pacificus')
TodarodesPacificus,SSP1-2.6,24,Todarodes pacificus,6,0.940111218271605,0.536807548260333,175.130029620165,2,2.12238535648584,bolditalic('Todarodes pacificus')
TodarodesPacificus,SSP1-2.6,25,Todarodes pacificus,6,0.801565272469136,0.536807548260333,149.320790116834,2,2.12536451247335,bolditalic('Todarodes pacificus')
TodarodesPacificus,SSP1-2.6,26,Todarodes pacificus,6,0.839036778641975,0.536807548260333,156.301225897642,2,2.15118469679356,bolditalic('Todarodes pacificus')
TodarodesPacificus,SSP1-2.6,27,Todarodes pacificus,6,0.804009498703704,0.536807548260333,149.77611647029,2,2.13936091139913,bolditalic('Todarodes pacificus')
TodarodesPacificus,SSP1-2.6,28,Todarodes pacificus,6,0.850866803148148,0.536807548260333,158.504999772378,2,2.12865848714113,bolditalic('Todarodes pacificus')
TodarodesPacificus,SSP1-2.6,29,Todarodes pacificus,6,0.844214442469136,0.536807548260333,157.265754776556,2,2.11786231268942,bolditalic('Todarodes pacificus')
TodarodesPacificus,SSP1-2.6,30,Todarodes pacificus,6,0.701281538271605,0.536807548260333,130.639284142761,2,2.11212489944696,bolditalic('Todarodes pacificus')
TodarodesPacificus,SSP1-2.6,31,Todarodes pacificus,6,0.781265207901235,0.536807548260333,145.539162113709,2,2.15697135657072,bolditalic('Todarodes pacificus')
TodarodesPacificus,SSP1-2.6,32,Todarodes pacificus,6,0.913099889753086,0.536807548260333,170.09818373684,2,2.13849764418602,bolditalic('Todarodes pacificus')
TodarodesPacificus,SSP1-2.6,33,Todarodes pacificus,6,0.81897283082716,0.536807548260333,152.563583258331,2,2.128693778947,bolditalic('Todarodes pacificus')
TodarodesPacificus,SSP1-2.6,34,Todarodes pacificus,6,0.840858395679012,0.536807548260333,156.640568562055,2,2.15467892131209,bolditalic('Todarodes pacificus')
TodarodesPacificus,SSP1-2.6,35,Todarodes pacificus,6,0.77834100654321,0.536807548260333,144.994422873827,2,2.09928477413952,bolditalic('Todarodes pacificus')
TodarodesPacificus,SSP1-2.6,36,Todarodes pacificus,6,0.92202766345679,0.536807548260333,171.761307463888,2,2.11933295416832,bolditalic('Todarodes pacificus')
TodarodesPacificus,SSP1-2.6,37,Todarodes pacificus,6,0.82482478945679,0.536807548260333,153.653724156796,2,2.09738504587114,bolditalic('Todarodes pacificus')
TodarodesPacificus,SSP1-2.6,38,Todarodes pacificus,6,0.829506353580247,0.536807548260333,154.525836357645,2,2.10789413185418,bolditalic('Todarodes pacificus')
TodarodesPacificus,SSP1-2.6,39,Todarodes pacificus,6,0.825512080864198,0.536807548260333,153.781757268408,2,2.13441915208101,bolditalic('Todarodes pacificus')
TodarodesPacificus,SSP1-2.6,40,Todarodes pacificus,6,0.875524175679012,0.536807548260333,163.098335430711,2,2.11177052158117,bolditalic('Todarodes pacificus')
TodarodesPacificus,SSP1-2.6,41,Todarodes pacificus,6,0.742036325135802,0.536807548260333,138.231350796122,2,2.14268908378482,bolditalic('Todarodes pacificus')
TodarodesPacificus,SSP1-2.6,42,Todarodes pacificus,6,0.754438119012346,0.536807548260333,140.541637586376,2,2.14743055920303,bolditalic('Todarodes pacificus')
TodarodesPacificus,SSP1-2.6,43,Todarodes pacificus,6,0.910718068641975,0.536807548260333,169.654482615492,2,2.11942118160427,bolditalic('Todarodes pacificus')
TodarodesPacificus,SSP1-2.6,44,Todarodes pacificus,6,0.883454177160494,0.536807548260333,164.575587661455,2,2.13623537646234,bolditalic('Todarodes pacificus')
TodarodesPacificus,SSP1-2.6,45,Todarodes pacificus,6,0.910444724691358,0.536807548260333,169.603562327299,2,2.14417696154118,bolditalic('Todarodes pacificus')
TodarodesPacificus,SSP1-2.6,46,Todarodes pacificus,6,0.788803171481482,0.536807548260333,146.943382975483,2,2.13580679289997,bolditalic('Todarodes pacificus')
TodarodesPacificus,SSP1-2.6,47,Todarodes pacificus,6,0.874860678765432,0.536807548260333,162.974734912102,2,2.13296685832739,bolditalic('Todarodes pacificus')
TodarodesPacificus,SSP1-2.6,48,Todarodes pacificus,6,0.82000739,0.536807548260333,152.756307666956,2,2.12062100289762,bolditalic('Todarodes pacificus')
TodarodesPacificus,SSP1-2.6,49,Todarodes pacificus,6,0.846299779135802,0.536807548260333,157.654224848078,2,2.11505012595654,bolditalic('Todarodes pacificus')
TodarodesPacificus,SSP1-2.6,50,Todarodes pacificus,6,0.794076664197531,0.536807548260333,147.925763482825,2,2.12792106536031,bolditalic('Todarodes pacificus')
TodarodesPacificus,SSP1-2.6,51,Todarodes pacificus,6,0.867925652839506,0.536807548260333,161.682833196412,2,2.09372495873272,bolditalic('Todarodes pacificus')
TodarodesPacificus,SSP1-2.6,52,Todarodes pacificus,6,0.713178907160494,0.536807548260333,132.855603366931,2,2.13985109555721,bolditalic('Todarodes pacificus')
TodarodesPacificus,SSP1-2.6,53,Todarodes pacificus,6,0.899056150493827,0.536807548260333,167.482024686027,2,2.1204766677171,bolditalic('Todarodes pacificus')
TodarodesPacificus,SSP1-2.6,54,Todarodes pacificus,6,0.949505513506173,0.536807548260333,176.880060010947,2,2.09579502606392,bolditalic('Todarodes pacificus')
TodarodesPacificus,SSP1-2.6,55,Todarodes pacificus,6,0.782606955555556,0.536807548260333,145.789111589768,2,2.12306808105111,bolditalic('Todarodes pacificus')
TodarodesPacificus,SSP1-2.6,56,Todarodes pacificus,6,0.877295111234568,0.536807548260333,163.428236819261,2,2.12090717357397,bolditalic('Todarodes pacificus')
TodarodesPacificus,SSP1-2.6,57,Todarodes pacificus,6,0.818994236049383,0.536807548260333,152.567570762287,2,2.13048821975291,bolditalic('Todarodes pacificus')
TodarodesPacificus,SSP1-2.6,58,Todarodes pacificus,6,0.879016858765432,0.536807548260333,163.74897514279,2,2.12062710319459,bolditalic('Todarodes pacificus')
TodarodesPacificus,SSP1-2.6,59,Todarodes pacificus,6,0.916984445061728,0.536807548260333,170.821823954126,2,2.09433602656424,bolditalic('Todarodes pacificus')
TodarodesPacificus,SSP1-2.6,60,Todarodes pacificus,6,0.958595231481481,0.536807548260333,178.573351769747,2,2.14859340703487,bolditalic('Todarodes pacificus')
TodarodesPacificus,SSP1-2.6,61,Todarodes pacificus,6,0.893367977283951,0.536807548260333,166.422394800361,2,2.13958514100313,bolditalic('Todarodes pacificus')
TodarodesPacificus,SSP1-2.6,62,Todarodes pacificus,6,0.822002109506173,0.536807548260333,153.127896984699,2,2.09406433641911,bolditalic('Todarodes pacificus')
TodarodesPacificus,SSP1-2.6,63,Todarodes pacificus,6,0.881483549259259,0.536807548260333,164.208486284505,2,2.14193189246953,bolditalic('Todarodes pacificus')
TodarodesPacificus,SSP1-2.6,64,Todarodes pacificus,6,0.764924214938272,0.536807548260333,142.495055707993,2,2.14512178151309,bolditalic('Todarodes pacificus')
TodarodesPacificus,SSP1-2.6,65,Todarodes pacificus,6,0.885359283333333,0.536807548260333,164.930483224868,2,2.11201677148044,bolditalic('Todarodes pacificus')
TodarodesPacificus,SSP1-2.6,66,Todarodes pacificus,6,0.804857460987654,0.536807548260333,149.934080397343,2,2.14095452964306,bolditalic('Todarodes pacificus')
TodarodesPacificus,SSP1-2.6,67,Todarodes pacificus,6,0.792373408765432,0.536807548260333,147.608469987676,2,2.14053809925914,bolditalic('Todarodes pacificus')
TodarodesPacificus,SSP1-2.6,68,Todarodes pacificus,6,0.846501423209877,0.536807548260333,157.691788417132,2,2.10494110737741,bolditalic('Todarodes pacificus')
TodarodesPacificus,SSP1-2.6,69,Todarodes pacificus,6,0.859408737407408,0.536807548260333,160.096246819284,2,2.11313516646624,bolditalic('Todarodes pacificus')
TodarodesPacificus,SSP1-2.6,70,Todarodes pacificus,6,0.806866002098765,0.536807548260333,150.308244493511,2,2.0943418983072,bolditalic('Todarodes pacificus')
TodarodesPacificus,SSP1-2.6,71,Todarodes pacificus,6,0.90502788345679,0.536807548260333,168.594477925985,2,2.09450751069188,bolditalic('Todarodes pacificus')
TodarodesPacificus,SSP1-2.6,72,Todarodes pacificus,6,0.79041197308642,0.536807548260333,147.243080997642,2,2.1001391120106,bolditalic('Todarodes pacificus')
TodarodesPacificus,SSP1-2.6,73,Todarodes pacificus,6,0.839955230740741,0.536807548260333,156.472321125669,2,2.10430626623333,bolditalic('Todarodes pacificus')
TodarodesPacificus,SSP1-2.6,74,Todarodes pacificus,6,0.865843771604938,0.536807548260333,161.295006825246,2,2.14413808368146,bolditalic('Todarodes pacificus')
TodarodesPacificus,SSP1-2.6,75,Todarodes pacificus,6,0.901737939135803,0.536807548260333,167.981605709183,2,2.10212733060122,bolditalic('Todarodes pacificus')
TodarodesPacificus,SSP1-2.6,76,Todarodes pacificus,6,0.761166499382716,0.536807548260333,141.795044024526,2,2.12222247561812,bolditalic('Todarodes pacificus')
TodarodesPacificus,SSP1-2.6,77,Todarodes pacificus,6,1.02371193481481,0.536807548260333,190.703714605433,2,2.09580019527674,bolditalic('Todarodes pacificus')
TodarodesPacificus,SSP1-2.6,78,Todarodes pacificus,6,0.985431495432099,0.536807548260333,183.572585487229,2,2.10536655330658,bolditalic('Todarodes pacificus')
TodarodesPacificus,SSP1-2.6,79,Todarodes pacificus,6,0.865693024691358,0.536807548260333,161.266924710143,2,2.11386884468794,bolditalic('Todarodes pacificus')
TodarodesPacificus,SSP1-2.6,80,Todarodes pacificus,6,0.803310240987654,0.536807548260333,149.645854196908,2,2.1344937145859,bolditalic('Todarodes pacificus')
TodarodesPacificus,SSP1-2.6,81,Todarodes pacificus,6,0.902517565308642,0.536807548260333,168.126839541189,2,2.13027795727551,bolditalic('Todarodes pacificus')
TodarodesPacificus,SSP1-2.6,82,Todarodes pacificus,6,0.808767318641975,0.536807548260333,150.662434100079,2,2.11474079273641,bolditalic('Todarodes pacificus')
TodarodesPacificus,SSP1-2.6,83,Todarodes pacificus,6,0.79607331617284,0.536807548260333,148.297712793482,2,2.0932233992666,bolditalic('Todarodes pacificus')
TodarodesPacificus,SSP1-2.6,84,Todarodes pacificus,6,0.816056648148148,0.536807548260333,152.020337790107,2,2.11612325251102,bolditalic('Todarodes pacificus')
TodarodesPacificus,SSP1-2.6,85,Todarodes pacificus,6,0.982661743703704,0.536807548260333,183.056618128467,2,2.1260450219661,bolditalic('Todarodes pacificus')
TodarodesPacificus,SSP1-2.6,86,Todarodes pacificus,6,0.851578289382716,0.536807548260333,158.63754005369,2,2.14804525619745,bolditalic('Todarodes pacificus')
TodarodesPacificus,SSP1-2.6,87,Todarodes pacificus,6,0.824099542098766,0.536807548260333,153.518620363942,2,2.09879675072432,bolditalic('Todarodes pacificus')
TodarodesPacificus,SSP1-2.6,88,Todarodes pacificus,6,0.821025285555556,0.536807548260333,152.94592786862,2,2.1241041033864,bolditalic('Todarodes pacificus')
TodarodesPacificus,SSP1-2.6,89,Todarodes pacificus,6,0.940974319382716,0.536807548260333,175.290813706363,2,2.15282565753162,bolditalic('Todarodes pacificus')
TodarodesPacificus,SSP1-2.6,90,Todarodes pacificus,6,0.900326070493827,0.536807548260333,167.718593639671,2,2.13815154467523,bolditalic('Todarodes pacificus')
TodarodesPacificus,SSP1-2.6,91,Todarodes pacificus,6,0.689668835802469,0.536807548260333,128.475994429945,2,2.12626379150152,bolditalic('Todarodes pacificus')
TodarodesPacificus,SSP1-2.6,92,Todarodes pacificus,6,0.892843821111111,0.536807548260333,166.324751580824,2,2.1042008485496,bolditalic('Todarodes pacificus')
TodarodesPacificus,SSP1-2.6,93,Todarodes pacificus,6,0.976738780246914,0.536807548260333,181.95324998918,2,2.11493821240962,bolditalic('Todarodes pacificus')
TodarodesPacificus,SSP1-2.6,94,Todarodes pacificus,6,0.942907879135802,0.536807548260333,175.651009787687,2,2.13642842756212,bolditalic('Todarodes pacificus')
TodarodesPacificus,SSP1-2.6,95,Todarodes pacificus,6,0.909788729135802,0.536807548260333,169.481359210431,2,2.14502809667587,bolditalic('Todarodes pacificus')
TodarodesPacificus,SSP1-2.6,96,Todarodes pacificus,6,0.786883344567901,0.536807548260333,146.585745136782,2,2.10775888133049,bolditalic('Todarodes pacificus')
TodarodesPacificus,SSP1-2.6,97,Todarodes pacificus,6,0.745457400074074,0.536807548260333,138.868650876823,2,2.10722755277157,bolditalic('Todarodes pacificus')
TodarodesPacificus,SSP1-2.6,98,Todarodes pacificus,6,0.84876705782716,0.536807548260333,158.113845563054,2,2.11960191115737,bolditalic('Todarodes pacificus')
TodarodesPacificus,SSP1-2.6,99,Todarodes pacificus,6,0.837230801481482,0.536807548260333,155.96479673111,2,2.15286738558114,bolditalic('Todarodes pacificus')
TodarodesPacificus,SSP1-2.6,100,Todarodes pacificus,6,0.951690457160494,0.536807548260333,177.287085519699,2,2.11695862334967,bolditalic('Todarodes pacificus')
TodarodesPacificus,SSP5-8.5,1,Todarodes pacificus,6,0.994055775185185,0.536807548260333,185.179172388072,3,3.1003464846462,bolditalic('Todarodes pacificus')
TodarodesPacificus,SSP5-8.5,2,Todarodes pacificus,6,0.921555395679012,0.536807548260333,171.673330351921,3,3.10838581553102,bolditalic('Todarodes pacificus')
TodarodesPacificus,SSP5-8.5,3,Todarodes pacificus,6,1.03888595567901,0.536807548260333,193.530429861837,3,3.09456512416899,bolditalic('Todarodes pacificus')
TodarodesPacificus,SSP5-8.5,4,Todarodes pacificus,6,1.10484572493827,0.536807548260333,205.817844499172,3,3.10297049425542,bolditalic('Todarodes pacificus')
TodarodesPacificus,SSP5-8.5,5,Todarodes pacificus,6,0.959142830740741,0.536807548260333,178.675362119832,3,3.12248438204825,bolditalic('Todarodes pacificus')
TodarodesPacificus,SSP5-8.5,6,Todarodes pacificus,6,1.16104539765432,0.536807548260333,216.287084899792,3,3.120479349792,bolditalic('Todarodes pacificus')
TodarodesPacificus,SSP5-8.5,7,Todarodes pacificus,6,1.10418443555556,0.536807548260333,205.694655213765,3,3.15278391191363,bolditalic('Todarodes pacificus')
TodarodesPacificus,SSP5-8.5,8,Todarodes pacificus,6,0.881925776666667,0.536807548260333,164.29086728098,3,3.10470859704912,bolditalic('Todarodes pacificus')
TodarodesPacificus,SSP5-8.5,9,Todarodes pacificus,6,1.08848093691358,0.536807548260333,202.76930539466,3,3.15442074851692,bolditalic('Todarodes pacificus')
TodarodesPacificus,SSP5-8.5,10,Todarodes pacificus,6,1.13551525296296,0.536807548260333,211.531163569308,3,3.12346868829429,bolditalic('Todarodes pacificus')
TodarodesPacificus,SSP5-8.5,11,Todarodes pacificus,6,1.10968715012346,0.536807548260333,206.719736657894,3,3.13467282797396,bolditalic('Todarodes pacificus')
TodarodesPacificus,SSP5-8.5,12,Todarodes pacificus,6,1.02978383074074,0.536807548260333,191.834826853316,3,3.1269007101059,bolditalic('Todarodes pacificus')
TodarodesPacificus,SSP5-8.5,13,Todarodes pacificus,6,0.976433447037037,0.536807548260333,181.896370533803,3,3.15650163681805,bolditalic('Todarodes pacificus')
TodarodesPacificus,SSP5-8.5,14,Todarodes pacificus,6,1.05143296055556,0.536807548260333,195.867767501222,3,3.11929102538526,bolditalic('Todarodes pacificus')
TodarodesPacificus,SSP5-8.5,15,Todarodes pacificus,6,0.908597865555556,0.536807548260333,169.259517400623,3,3.1550700238198,bolditalic('Todarodes pacificus')
TodarodesPacificus,SSP5-8.5,16,Todarodes pacificus,6,0.935843370740741,0.536807548260333,174.334987235852,3,3.10671773219109,bolditalic('Todarodes pacificus')
TodarodesPacificus,SSP5-8.5,17,Todarodes pacificus,6,0.92248880037037,0.536807548260333,171.847211046107,3,3.1018826610446,bolditalic('Todarodes pacificus')
TodarodesPacificus,SSP5-8.5,18,Todarodes pacificus,6,0.928607921481482,0.536807548260333,172.987120708507,3,3.13966802611947,bolditalic('Todarodes pacificus')
TodarodesPacificus,SSP5-8.5,19,Todarodes pacificus,6,0.966853403703704,0.536807548260333,180.111737779591,3,3.10721084393561,bolditalic('Todarodes pacificus')
TodarodesPacificus,SSP5-8.5,20,Todarodes pacificus,6,1.04087022530864,0.536807548260333,193.90007250864,3,3.10985617621243,bolditalic('Todarodes pacificus')
TodarodesPacificus,SSP5-8.5,21,Todarodes pacificus,6,0.923265652469136,0.536807548260333,171.991928105561,3,3.13291644561291,bolditalic('Todarodes pacificus')
TodarodesPacificus,SSP5-8.5,22,Todarodes pacificus,6,1.08085917901235,0.536807548260333,201.349474782007,3,3.13591961362958,bolditalic('Todarodes pacificus')
TodarodesPacificus,SSP5-8.5,23,Todarodes pacificus,6,1.06114831259259,0.536807548260333,197.677606440431,3,3.10541749627888,bolditalic('Todarodes pacificus')
TodarodesPacificus,SSP5-8.5,24,Todarodes pacificus,6,1.04585643432099,0.536807548260333,194.828935939959,3,3.14232247108221,bolditalic('Todarodes pacificus')
TodarodesPacificus,SSP5-8.5,25,Todarodes pacificus,6,1.09997110938272,0.536807548260333,204.909769422481,3,3.15393532311916,bolditalic('Todarodes pacificus')
TodarodesPacificus,SSP5-8.5,26,Todarodes pacificus,6,1.28321342938272,0.536807548260333,239.045340092797,3,3.10214598941803,bolditalic('Todarodes pacificus')
TodarodesPacificus,SSP5-8.5,27,Todarodes pacificus,6,0.936379382962963,0.536807548260333,174.434839077347,3,3.13731660312414,bolditalic('Todarodes pacificus')
TodarodesPacificus,SSP5-8.5,28,Todarodes pacificus,6,1.0600998854321,0.536807548260333,197.482298612908,3,3.13482855759561,bolditalic('Todarodes pacificus')
TodarodesPacificus,SSP5-8.5,29,Todarodes pacificus,6,1.10951285061728,0.536807548260333,206.687267012722,3,3.14276948074996,bolditalic('Todarodes pacificus')
TodarodesPacificus,SSP5-8.5,30,Todarodes pacificus,6,0.929670059876543,0.536807548260333,173.184982753947,3,3.13316065832973,bolditalic('Todarodes pacificus')
TodarodesPacificus,SSP5-8.5,31,Todarodes pacificus,6,1.08429450444444,0.536807548260333,201.989429537342,3,3.13049359945953,bolditalic('Todarodes pacificus')
TodarodesPacificus,SSP5-8.5,32,Todarodes pacificus,6,1.00195870938272,0.536807548260333,186.651382349192,3,3.1201806461066,bolditalic('Todarodes pacificus')
TodarodesPacificus,SSP5-8.5,33,Todarodes pacificus,6,1.1740656708642,0.536807548260333,218.712586041137,3,3.11199845384061,bolditalic('Todarodes pacificus')
TodarodesPacificus,SSP5-8.5,34,Todarodes pacificus,6,0.98291035617284,0.536807548260333,183.102931275505,3,3.1336622146517,bolditalic('Todarodes pacificus')
TodarodesPacificus,SSP5-8.5,35,Todarodes pacificus,6,1.05451233283951,0.536807548260333,196.441412989988,3,3.10641252736747,bolditalic('Todarodes pacificus')
TodarodesPacificus,SSP5-8.5,36,Todarodes pacificus,6,0.867489837901235,0.536807548260333,161.601646756378,3,3.11014292751253,bolditalic('Todarodes pacificus')
TodarodesPacificus,SSP5-8.5,37,Todarodes pacificus,6,1.06508576901235,0.536807548260333,198.411101420619,3,3.14291941870749,bolditalic('Todarodes pacificus')
TodarodesPacificus,SSP5-8.5,38,Todarodes pacificus,6,1.0410490637037,0.536807548260333,193.933387687542,3,3.14539435991645,bolditalic('Todarodes pacificus')
TodarodesPacificus,SSP5-8.5,39,Todarodes pacificus,6,1.08043724049383,0.536807548260333,201.270873331657,3,3.12829360423982,bolditalic('Todarodes pacificus')
TodarodesPacificus,SSP5-8.5,40,Todarodes pacificus,6,1.10607878407407,0.536807548260333,206.047546771391,3,3.1301488673389,bolditalic('Todarodes pacificus')
TodarodesPacificus,SSP5-8.5,41,Todarodes pacificus,6,1.06935603851852,0.536807548260333,199.206594986239,3,3.11283131706715,bolditalic('Todarodes pacificus')
TodarodesPacificus,SSP5-8.5,42,Todarodes pacificus,6,0.992576199012346,0.536807548260333,184.903547319528,3,3.09796364818513,bolditalic('Todarodes pacificus')
TodarodesPacificus,SSP5-8.5,43,Todarodes pacificus,6,0.960595327777778,0.536807548260333,178.94594271091,3,3.14188819141686,bolditalic('Todarodes pacificus')
TodarodesPacificus,SSP5-8.5,44,Todarodes pacificus,6,1.14481290395062,0.536807548260333,213.26319044147,3,3.10515536734462,bolditalic('Todarodes pacificus')
TodarodesPacificus,SSP5-8.5,45,Todarodes pacificus,6,1.05459121123457,0.536807548260333,196.456106970226,3,3.12743705226481,bolditalic('Todarodes pacificus')
TodarodesPacificus,SSP5-8.5,46,Todarodes pacificus,6,0.957552422716049,0.536807548260333,178.379090573382,3,3.14284794944525,bolditalic('Todarodes pacificus')
TodarodesPacificus,SSP5-8.5,47,Todarodes pacificus,6,1.10206328469136,0.536807548260333,205.29951344069,3,3.1037302749902,bolditalic('Todarodes pacificus')
TodarodesPacificus,SSP5-8.5,48,Todarodes pacificus,6,1.07199106160494,0.536807548260333,199.697464217672,3,3.13646865326166,bolditalic('Todarodes pacificus')
TodarodesPacificus,SSP5-8.5,49,Todarodes pacificus,6,0.973654112345679,0.536807548260333,181.378617998399,3,3.13982301267982,bolditalic('Todarodes pacificus')
TodarodesPacificus,SSP5-8.5,50,Todarodes pacificus,6,1.03060216604938,0.536807548260333,191.987271674796,3,3.15288221788406,bolditalic('Todarodes pacificus')
TodarodesPacificus,SSP5-8.5,51,Todarodes pacificus,6,0.925503240617284,0.536807548260333,172.408760572876,3,3.12094000470638,bolditalic('Todarodes pacificus')
TodarodesPacificus,SSP5-8.5,52,Todarodes pacificus,6,1.08322898160494,0.536807548260333,201.79093701559,3,3.11237474934757,bolditalic('Todarodes pacificus')
TodarodesPacificus,SSP5-8.5,53,Todarodes pacificus,6,0.986178919580247,0.536807548260333,183.711820516723,3,3.09970613600314,bolditalic('Todarodes pacificus')
TodarodesPacificus,SSP5-8.5,54,Todarodes pacificus,6,1.25829553827161,0.536807548260333,234.403473339645,3,3.13645036944747,bolditalic('Todarodes pacificus')
TodarodesPacificus,SSP5-8.5,55,Todarodes pacificus,6,0.937830132839506,0.536807548260333,174.70509419601,3,3.13185082545877,bolditalic('Todarodes pacificus')
TodarodesPacificus,SSP5-8.5,56,Todarodes pacificus,6,1.15048926793827,0.536807548260333,214.320620428445,3,3.09610852982104,bolditalic('Todarodes pacificus')
TodarodesPacificus,SSP5-8.5,57,Todarodes pacificus,6,1.05070053649383,0.536807548260333,195.731326785345,3,3.09917954112589,bolditalic('Todarodes pacificus')
TodarodesPacificus,SSP5-8.5,58,Todarodes pacificus,6,1.01429198753086,0.536807548260333,188.948905584123,3,3.10362647855282,bolditalic('Todarodes pacificus')
TodarodesPacificus,SSP5-8.5,59,Todarodes pacificus,6,0.984425543827161,0.536807548260333,183.385190282337,3,3.11671704496443,bolditalic('Todarodes pacificus')
TodarodesPacificus,SSP5-8.5,60,Todarodes pacificus,6,1.05896205901235,0.536807548260333,197.270336910164,3,3.11226212947071,bolditalic('Todarodes pacificus')
TodarodesPacificus,SSP5-8.5,61,Todarodes pacificus,6,0.882185829012346,0.536807548260333,164.339311522594,3,3.10027512161434,bolditalic('Todarodes pacificus')
TodarodesPacificus,SSP5-8.5,62,Todarodes pacificus,6,1.14128866333333,0.536807548260333,212.606671987378,3,3.14844949065149,bolditalic('Todarodes pacificus')
TodarodesPacificus,SSP5-8.5,63,Todarodes pacificus,6,0.942339106049383,0.536807548260333,175.545055039424,3,3.14557319065928,bolditalic('Todarodes pacificus')
TodarodesPacificus,SSP5-8.5,64,Todarodes pacificus,6,1.00563436592593,0.536807548260333,187.336107546355,3,3.15141298489273,bolditalic('Todarodes pacificus')
TodarodesPacificus,SSP5-8.5,65,Todarodes pacificus,6,0.979233147160494,0.536807548260333,182.417916874298,3,3.15009033508599,bolditalic('Todarodes pacificus')
TodarodesPacificus,SSP5-8.5,66,Todarodes pacificus,6,0.997170592345679,0.536807548260333,185.759420778876,3,3.10894199615717,bolditalic('Todarodes pacificus')
TodarodesPacificus,SSP5-8.5,67,Todarodes pacificus,6,1.01778408895062,0.536807548260333,189.599436939555,3,3.10531099517643,bolditalic('Todarodes pacificus')
TodarodesPacificus,SSP5-8.5,68,Todarodes pacificus,6,0.980440679135802,0.536807548260333,182.642863781104,3,3.1524683842808,bolditalic('Todarodes pacificus')
TodarodesPacificus,SSP5-8.5,69,Todarodes pacificus,6,0.895527791728395,0.536807548260333,166.824739076526,3,3.114729692325,bolditalic('Todarodes pacificus')
TodarodesPacificus,SSP5-8.5,70,Todarodes pacificus,6,1.03098372641975,0.536807548260333,192.058351221201,3,3.13619511063397,bolditalic('Todarodes pacificus')
TodarodesPacificus,SSP5-8.5,71,Todarodes pacificus,6,0.963298781160494,0.536807548260333,179.449559582819,3,3.14635866166651,bolditalic('Todarodes pacificus')
TodarodesPacificus,SSP5-8.5,72,Todarodes pacificus,6,0.932462425925926,0.536807548260333,173.705162855444,3,3.10177530062199,bolditalic('Todarodes pacificus')
TodarodesPacificus,SSP5-8.5,73,Todarodes pacificus,6,1.02484228790123,0.536807548260333,190.914284127059,3,3.11137061163783,bolditalic('Todarodes pacificus')
TodarodesPacificus,SSP5-8.5,74,Todarodes pacificus,6,1.00695075024691,0.536807548260333,187.581332175786,3,3.13318172328174,bolditalic('Todarodes pacificus')
TodarodesPacificus,SSP5-8.5,75,Todarodes pacificus,6,1.00644009876543,0.536807548260333,187.486204697953,3,3.1012288184315,bolditalic('Todarodes pacificus')
TodarodesPacificus,SSP5-8.5,76,Todarodes pacificus,6,1.03546240796296,0.536807548260333,192.892669136015,3,3.14438533318043,bolditalic('Todarodes pacificus')
TodarodesPacificus,SSP5-8.5,77,Todarodes pacificus,6,1.11948850592593,0.536807548260333,208.54559693766,3,3.14334759530425,bolditalic('Todarodes pacificus')
TodarodesPacificus,SSP5-8.5,78,Todarodes pacificus,6,0.894101460493827,0.536807548260333,166.559032821241,3,3.10138004375994,bolditalic('Todarodes pacificus')
TodarodesPacificus,SSP5-8.5,79,Todarodes pacificus,6,0.950470361234568,0.536807548260333,177.059798118491,3,3.12470914272964,bolditalic('Todarodes pacificus')
TodarodesPacificus,SSP5-8.5,80,Todarodes pacificus,6,1.08673916012346,0.536807548260333,202.444835890502,3,3.09422975875437,bolditalic('Todarodes pacificus')
TodarodesPacificus,SSP5-8.5,81,Todarodes pacificus,6,0.997318973703704,0.536807548260333,185.78706222291,3,3.11164596886933,bolditalic('Todarodes pacificus')
TodarodesPacificus,SSP5-8.5,82,Todarodes pacificus,6,0.938864308641975,0.536807548260333,174.89774718791,3,3.13973127378523,bolditalic('Todarodes pacificus')
TodarodesPacificus,SSP5-8.5,83,Todarodes pacificus,6,0.975542678148148,0.536807548260333,181.730432314086,3,3.14691717873514,bolditalic('Todarodes pacificus')
TodarodesPacificus,SSP5-8.5,84,Todarodes pacificus,6,1.05532574580247,0.536807548260333,196.592940844914,3,3.14426735498011,bolditalic('Todarodes pacificus')
TodarodesPacificus,SSP5-8.5,85,Todarodes pacificus,6,0.979830201419753,0.536807548260333,182.529140023301,3,3.10316149447858,bolditalic('Todarodes pacificus')
TodarodesPacificus,SSP5-8.5,86,Todarodes pacificus,6,1.11808929382716,0.536807548260333,208.2849426113,3,3.1138065969497,bolditalic('Todarodes pacificus')
TodarodesPacificus,SSP5-8.5,87,Todarodes pacificus,6,1.08362931328395,0.536807548260333,201.865513403405,3,3.12388623972237,bolditalic('Todarodes pacificus')
TodarodesPacificus,SSP5-8.5,88,Todarodes pacificus,6,0.939472241728395,0.536807548260333,175.010996915562,3,3.14499036154151,bolditalic('Todarodes pacificus')
TodarodesPacificus,SSP5-8.5,89,Todarodes pacificus,6,0.984143372469136,0.536807548260333,183.332625567303,3,3.12973261727393,bolditalic('Todarodes pacificus')
TodarodesPacificus,SSP5-8.5,90,Todarodes pacificus,6,0.981276291111111,0.536807548260333,182.798527012371,3,3.14285673335195,bolditalic('Todarodes pacificus')
TodarodesPacificus,SSP5-8.5,91,Todarodes pacificus,6,1.10001677617284,0.536807548260333,204.918276529035,3,3.12215273249149,bolditalic('Todarodes pacificus')
TodarodesPacificus,SSP5-8.5,92,Todarodes pacificus,6,1.05289468234568,0.536807548260333,196.140066539277,3,3.1104451494664,bolditalic('Todarodes pacificus')
TodarodesPacificus,SSP5-8.5,93,Todarodes pacificus,6,1.02036043345679,0.536807548260333,190.079375143576,3,3.09354203121364,bolditalic('Todarodes pacificus')
TodarodesPacificus,SSP5-8.5,94,Todarodes pacificus,6,0.973990705679012,0.536807548260333,181.441320792803,3,3.12884443670511,bolditalic('Todarodes pacificus')
TodarodesPacificus,SSP5-8.5,95,Todarodes pacificus,6,1.1471203645679,0.536807548260333,213.693039206592,3,3.10499854338169,bolditalic('Todarodes pacificus')
TodarodesPacificus,SSP5-8.5,96,Todarodes pacificus,6,1.06408593740741,0.536807548260333,198.224846289115,3,3.12866063596308,bolditalic('Todarodes pacificus')
TodarodesPacificus,SSP5-8.5,97,Todarodes pacificus,6,1.20201833567901,0.536807548260333,223.919790169581,3,3.13094997209311,bolditalic('Todarodes pacificus')
TodarodesPacificus,SSP5-8.5,98,Todarodes pacificus,6,0.966720490987654,0.536807548260333,180.086977934749,3,3.14970779496431,bolditalic('Todarodes pacificus')
TodarodesPacificus,SSP5-8.5,99,Todarodes pacificus,6,0.964968314074074,0.536807548260333,179.76057102798,3,3.15374547617137,bolditalic('Todarodes pacificus')
TodarodesPacificus,SSP5-8.5,100,Todarodes pacificus,6,0.973548008444445,0.536807548260333,181.358852273871,3,3.15336737023294,bolditalic('Todarodes pacificus')
TrachurusJaponicus,Base,1,Trachurus japonicus,14,0.545158486666667,0.539762318899833,100.999730358694,1,1.11254527780414,bolditalic('Trachurus japonicus')
TrachurusJaponicus,Base,2,Trachurus japonicus,14,0.531108435666667,0.539762318899833,98.3967233483795,1,1.09773961797357,bolditalic('Trachurus japonicus')
TrachurusJaponicus,Base,3,Trachurus japonicus,14,0.499173510333333,0.539762318899833,92.4802441472331,1,1.11395568494499,bolditalic('Trachurus japonicus')
TrachurusJaponicus,Base,4,Trachurus japonicus,14,0.552958027666667,0.539762318899833,102.444725818158,1,1.10833754314482,bolditalic('Trachurus japonicus')
TrachurusJaponicus,Base,5,Trachurus japonicus,14,0.575676258833333,0.539762318899833,106.653658226217,1,1.13164302125573,bolditalic('Trachurus japonicus')
TrachurusJaponicus,Base,6,Trachurus japonicus,14,0.503842169833333,0.539762318899833,93.3451914280133,1,1.10198341368139,bolditalic('Trachurus japonicus')
TrachurusJaponicus,Base,7,Trachurus japonicus,14,0.568937428166667,0.539762318899833,105.405177102081,1,1.131174480021,bolditalic('Trachurus japonicus')
TrachurusJaponicus,Base,8,Trachurus japonicus,14,0.529806736833333,0.539762318899833,98.1555618616001,1,1.1156854891479,bolditalic('Trachurus japonicus')
TrachurusJaponicus,Base,9,Trachurus japonicus,14,0.520377706,0.539762318899833,96.4086761485419,1,1.12826978519559,bolditalic('Trachurus japonicus')
TrachurusJaponicus,Base,10,Trachurus japonicus,14,0.545297402666667,0.539762318899833,101.02546687181,1,1.10591428519785,bolditalic('Trachurus japonicus')
TrachurusJaponicus,Base,11,Trachurus japonicus,14,0.552385318166667,0.539762318899833,102.338621801641,1,1.10191427834332,bolditalic('Trachurus japonicus')
TrachurusJaponicus,Base,12,Trachurus japonicus,14,0.524374715166667,0.539762318899833,97.1491889681128,1,1.11228815610707,bolditalic('Trachurus japonicus')
TrachurusJaponicus,Base,13,Trachurus japonicus,14,0.5420518865,0.539762318899833,100.424180703246,1,1.10149953056872,bolditalic('Trachurus japonicus')
TrachurusJaponicus,Base,14,Trachurus japonicus,14,0.572653384333333,0.539762318899833,106.093620151281,1,1.13743245279789,bolditalic('Trachurus japonicus')
TrachurusJaponicus,Base,15,Trachurus japonicus,14,0.589636465166667,0.539762318899833,109.240020008897,1,1.13092548178136,bolditalic('Trachurus japonicus')
TrachurusJaponicus,Base,16,Trachurus japonicus,14,0.503254311166667,0.539762318899833,93.2362807749199,1,1.09462948046625,bolditalic('Trachurus japonicus')
TrachurusJaponicus,Base,17,Trachurus japonicus,14,0.5362935885,0.539762318899833,99.3573596602846,1,1.12989340701699,bolditalic('Trachurus japonicus')
TrachurusJaponicus,Base,18,Trachurus japonicus,14,0.523332122666667,0.539762318899833,96.9560312645286,1,1.11014576937258,bolditalic('Trachurus japonicus')
TrachurusJaponicus,Base,19,Trachurus japonicus,14,0.5249893635,0.539762318899833,97.2630628551574,1,1.13383674730361,bolditalic('Trachurus japonicus')
TrachurusJaponicus,Base,20,Trachurus japonicus,14,0.5484486295,0.539762318899833,101.609284363879,1,1.12260206322372,bolditalic('Trachurus japonicus')
TrachurusJaponicus,Base,21,Trachurus japonicus,14,0.573109219666667,0.539762318899833,106.178071273075,1,1.14549542401731,bolditalic('Trachurus japonicus')
TrachurusJaponicus,Base,22,Trachurus japonicus,14,0.551766074833333,0.539762318899833,102.22389661397,1,1.1528031898737,bolditalic('Trachurus japonicus')
TrachurusJaponicus,Base,23,Trachurus japonicus,14,0.540894354166667,0.539762318899833,100.209728472551,1,1.15040246738493,bolditalic('Trachurus japonicus')
TrachurusJaponicus,Base,24,Trachurus japonicus,14,0.535591106666667,0.539762318899833,99.2272131478781,1,1.1426151342541,bolditalic('Trachurus japonicus')
TrachurusJaponicus,Base,25,Trachurus japonicus,14,0.549637388833333,0.539762318899833,101.829521918764,1,1.11268796236813,bolditalic('Trachurus japonicus')
TrachurusJaponicus,Base,26,Trachurus japonicus,14,0.545326520166667,0.539762318899833,101.030861375832,1,1.12923976615071,bolditalic('Trachurus japonicus')
TrachurusJaponicus,Base,27,Trachurus japonicus,14,0.510542234333333,0.539762318899833,94.5864904712026,1,1.14289897893369,bolditalic('Trachurus japonicus')
TrachurusJaponicus,Base,28,Trachurus japonicus,14,0.555245563666667,0.539762318899833,102.868530133484,1,1.10833855053782,bolditalic('Trachurus japonicus')
TrachurusJaponicus,Base,29,Trachurus japonicus,14,0.508223356333333,0.539762318899833,94.1568795260135,1,1.15170716863871,bolditalic('Trachurus japonicus')
TrachurusJaponicus,Base,30,Trachurus japonicus,14,0.537612114,0.539762318899833,99.6016385685803,1,1.13363452126086,bolditalic('Trachurus japonicus')
TrachurusJaponicus,Base,31,Trachurus japonicus,14,0.535993929666667,0.539762318899833,99.3018428480063,1,1.09913492296636,bolditalic('Trachurus japonicus')
TrachurusJaponicus,Base,32,Trachurus japonicus,14,0.520135263833333,0.539762318899833,96.3637596810194,1,1.14800677897036,bolditalic('Trachurus japonicus')
TrachurusJaponicus,Base,33,Trachurus japonicus,14,0.5479559305,0.539762318899833,101.518003631092,1,1.09347764791548,bolditalic('Trachurus japonicus')
TrachurusJaponicus,Base,34,Trachurus japonicus,14,0.532204965833333,0.539762318899833,98.5998739071108,1,1.1520283870548,bolditalic('Trachurus japonicus')
TrachurusJaponicus,Base,35,Trachurus japonicus,14,0.551432598666667,0.539762318899833,102.162114574915,1,1.11646926903725,bolditalic('Trachurus japonicus')
TrachurusJaponicus,Base,36,Trachurus japonicus,14,0.5107130545,0.539762318899833,94.6181377649624,1,1.10396266913414,bolditalic('Trachurus japonicus')
TrachurusJaponicus,Base,37,Trachurus japonicus,14,0.571062082166667,0.539762318899833,105.79880480183,1,1.12749119091034,bolditalic('Trachurus japonicus')
TrachurusJaponicus,Base,38,Trachurus japonicus,14,0.563993017333333,0.539762318899833,104.489142273378,1,1.13203291036189,bolditalic('Trachurus japonicus')
TrachurusJaponicus,Base,39,Trachurus japonicus,14,0.553082443166667,0.539762318899833,102.467775871051,1,1.11558650559187,bolditalic('Trachurus japonicus')
TrachurusJaponicus,Base,40,Trachurus japonicus,14,0.5229320465,0.539762318899833,96.8819104612309,1,1.1372705540508,bolditalic('Trachurus japonicus')
TrachurusJaponicus,Base,41,Trachurus japonicus,14,0.537542019666667,0.539762318899833,99.5886524206262,1,1.13674169518054,bolditalic('Trachurus japonicus')
TrachurusJaponicus,Base,42,Trachurus japonicus,14,0.525231464833333,0.539762318899833,97.3079161776024,1,1.12663701228797,bolditalic('Trachurus japonicus')
TrachurusJaponicus,Base,43,Trachurus japonicus,14,0.552110250333333,0.539762318899833,102.287660883529,1,1.09725543031096,bolditalic('Trachurus japonicus')
TrachurusJaponicus,Base,44,Trachurus japonicus,14,0.501803294666667,0.539762318899833,92.9674556922506,1,1.13226982823014,bolditalic('Trachurus japonicus')
TrachurusJaponicus,Base,45,Trachurus japonicus,14,0.529332251166667,0.539762318899833,98.067655453529,1,1.11776542752981,bolditalic('Trachurus japonicus')
TrachurusJaponicus,Base,46,Trachurus japonicus,14,0.5648996195,0.539762318899833,104.657105492544,1,1.12234574866295,bolditalic('Trachurus japonicus')
TrachurusJaponicus,Base,47,Trachurus japonicus,14,0.524656955166667,0.539762318899833,97.2014786500927,1,1.09598348592222,bolditalic('Trachurus japonicus')
TrachurusJaponicus,Base,48,Trachurus japonicus,14,0.516926723166667,0.539762318899833,95.7693238424441,1,1.13312723509967,bolditalic('Trachurus japonicus')
TrachurusJaponicus,Base,49,Trachurus japonicus,14,0.537490833833333,0.539762318899833,99.5791693886431,1,1.15260135760903,bolditalic('Trachurus japonicus')
TrachurusJaponicus,Base,50,Trachurus japonicus,14,0.5341388485,0.539762318899833,98.9581580256852,1,1.12460176029801,bolditalic('Trachurus japonicus')
TrachurusJaponicus,Base,51,Trachurus japonicus,14,0.49325908775,0.539762318899833,91.3844984131871,1,1.15266571719944,bolditalic('Trachurus japonicus')
TrachurusJaponicus,Base,52,Trachurus japonicus,14,0.540768580333333,0.539762318899833,100.186426765683,1,1.13457424852252,bolditalic('Trachurus japonicus')
TrachurusJaponicus,Base,53,Trachurus japonicus,14,0.563890852166667,0.539762318899833,104.470214466992,1,1.14662608042359,bolditalic('Trachurus japonicus')
TrachurusJaponicus,Base,54,Trachurus japonicus,14,0.562570345333333,0.539762318899833,104.225568483548,1,1.1314325453192,bolditalic('Trachurus japonicus')
TrachurusJaponicus,Base,55,Trachurus japonicus,14,0.5555023985,0.539762318899833,102.916113083301,1,1.13235183544457,bolditalic('Trachurus japonicus')
TrachurusJaponicus,Base,56,Trachurus japonicus,14,0.5528454315,0.539762318899833,102.423865494508,1,1.12797738115489,bolditalic('Trachurus japonicus')
TrachurusJaponicus,Base,57,Trachurus japonicus,14,0.529889709,0.539762318899833,98.1709338436303,1,1.13585633453727,bolditalic('Trachurus japonicus')
TrachurusJaponicus,Base,58,Trachurus japonicus,14,0.5597644365,0.539762318899833,103.705726928278,1,1.13971105653048,bolditalic('Trachurus japonicus')
TrachurusJaponicus,Base,59,Trachurus japonicus,14,0.537008818666667,0.539762318899833,99.4898680147257,1,1.11424893212318,bolditalic('Trachurus japonicus')
TrachurusJaponicus,Base,60,Trachurus japonicus,14,0.524999017666667,0.539762318899833,97.2648514510503,1,1.14624205559492,bolditalic('Trachurus japonicus')
TrachurusJaponicus,Base,61,Trachurus japonicus,14,0.522288718,0.539762318899833,96.7627230934814,1,1.15579796023667,bolditalic('Trachurus japonicus')
TrachurusJaponicus,Base,62,Trachurus japonicus,14,0.5413987045,0.539762318899833,100.303167809769,1,1.10784772261977,bolditalic('Trachurus japonicus')
TrachurusJaponicus,Base,63,Trachurus japonicus,14,0.5483808025,0.539762318899833,101.596718277358,1,1.1424082082361,bolditalic('Trachurus japonicus')
TrachurusJaponicus,Base,64,Trachurus japonicus,14,0.529881302166667,0.539762318899833,98.1693763371059,1,1.09681727862358,bolditalic('Trachurus japonicus')
TrachurusJaponicus,Base,65,Trachurus japonicus,14,0.518391230833333,0.539762318899833,96.0406483894504,1,1.11738242092729,bolditalic('Trachurus japonicus')
TrachurusJaponicus,Base,66,Trachurus japonicus,14,0.5216957865,0.539762318899833,96.6528726131425,1,1.12631264643371,bolditalic('Trachurus japonicus')
TrachurusJaponicus,Base,67,Trachurus japonicus,14,0.524737749333333,0.539762318899833,97.216447121184,1,1.1477945227474,bolditalic('Trachurus japonicus')
TrachurusJaponicus,Base,68,Trachurus japonicus,14,0.568380989166667,0.539762318899833,105.3020874679,1,1.12060128815472,bolditalic('Trachurus japonicus')
TrachurusJaponicus,Base,69,Trachurus japonicus,14,0.555540157833333,0.539762318899833,102.923108631529,1,1.14276136216521,bolditalic('Trachurus japonicus')
TrachurusJaponicus,Base,70,Trachurus japonicus,14,0.549381833666667,0.539762318899833,101.782176048606,1,1.15538898168504,bolditalic('Trachurus japonicus')
TrachurusJaponicus,Base,71,Trachurus japonicus,14,0.530550825166667,0.539762318899833,98.293416674224,1,1.13161557072401,bolditalic('Trachurus japonicus')
TrachurusJaponicus,Base,72,Trachurus japonicus,14,0.565962190166667,0.539762318899833,104.853964485745,1,1.14300430606306,bolditalic('Trachurus japonicus')
TrachurusJaponicus,Base,73,Trachurus japonicus,14,0.535866840666667,0.539762318899833,99.2782974845102,1,1.10286464068294,bolditalic('Trachurus japonicus')
TrachurusJaponicus,Base,74,Trachurus japonicus,14,0.525825241666667,0.539762318899833,97.4179232700842,1,1.09399461197853,bolditalic('Trachurus japonicus')
TrachurusJaponicus,Base,75,Trachurus japonicus,14,0.534559505333333,0.539762318899833,99.036091741805,1,1.11641873539984,bolditalic('Trachurus japonicus')
TrachurusJaponicus,Base,76,Trachurus japonicus,14,0.545877067666667,0.539762318899833,101.132859511071,1,1.13858394733071,bolditalic('Trachurus japonicus')
TrachurusJaponicus,Base,77,Trachurus japonicus,14,0.533724038,0.539762318899833,98.8813074406267,1,1.13936348676682,bolditalic('Trachurus japonicus')
TrachurusJaponicus,Base,78,Trachurus japonicus,14,0.523673183166667,0.539762318899833,97.0192184282223,1,1.12198012667894,bolditalic('Trachurus japonicus')
TrachurusJaponicus,Base,79,Trachurus japonicus,14,0.518447088166667,0.539762318899833,96.0509968949644,1,1.09935397614539,bolditalic('Trachurus japonicus')
TrachurusJaponicus,Base,80,Trachurus japonicus,14,0.541464727166667,0.539762318899833,100.315399613353,1,1.10494643343985,bolditalic('Trachurus japonicus')
TrachurusJaponicus,Base,81,Trachurus japonicus,14,0.532456652166667,0.539762318899833,98.6465030111667,1,1.09520407223701,bolditalic('Trachurus japonicus')
TrachurusJaponicus,Base,82,Trachurus japonicus,14,0.562349157333333,0.539762318899833,104.184589705991,1,1.13924028877914,bolditalic('Trachurus japonicus')
TrachurusJaponicus,Base,83,Trachurus japonicus,14,0.537408199333333,0.539762318899833,99.5638599650123,1,1.11418582029641,bolditalic('Trachurus japonicus')
TrachurusJaponicus,Base,84,Trachurus japonicus,14,0.513411977,0.539762318899833,95.1181583120619,1,1.10198320107162,bolditalic('Trachurus japonicus')
TrachurusJaponicus,Base,85,Trachurus japonicus,14,0.575696591666667,0.539762318899833,106.657425223768,1,1.14646639561653,bolditalic('Trachurus japonicus')
TrachurusJaponicus,Base,86,Trachurus japonicus,14,0.557288838166667,0.539762318899833,103.247080919349,1,1.11298904110491,bolditalic('Trachurus japonicus')
TrachurusJaponicus,Base,87,Trachurus japonicus,14,0.5596932505,0.539762318899833,103.692538530809,1,1.13806315279007,bolditalic('Trachurus japonicus')
TrachurusJaponicus,Base,88,Trachurus japonicus,14,0.542205996166667,0.539762318899833,100.452732097308,1,1.11844750851393,bolditalic('Trachurus japonicus')
TrachurusJaponicus,Base,89,Trachurus japonicus,14,0.559309590666667,0.539762318899833,103.621459127913,1,1.13618840937316,bolditalic('Trachurus japonicus')
TrachurusJaponicus,Base,90,Trachurus japonicus,14,0.569349154166667,0.539762318899833,105.481456231909,1,1.13511649687588,bolditalic('Trachurus japonicus')
TrachurusJaponicus,Base,91,Trachurus japonicus,14,0.534268439666667,0.539762318899833,98.9821669574185,1,1.14354674530029,bolditalic('Trachurus japonicus')
TrachurusJaponicus,Base,92,Trachurus japonicus,14,0.549537428833333,0.539762318899833,101.811002656396,1,1.11308542318642,bolditalic('Trachurus japonicus')
TrachurusJaponicus,Base,93,Trachurus japonicus,14,0.522342038333333,0.539762318899833,96.7726015773003,1,1.12994944037497,bolditalic('Trachurus japonicus')
TrachurusJaponicus,Base,94,Trachurus japonicus,14,0.529041467166667,0.539762318899833,98.0137828526048,1,1.10789098951221,bolditalic('Trachurus japonicus')
TrachurusJaponicus,Base,95,Trachurus japonicus,14,0.533854171066667,0.539762318899833,98.9054167684012,1,1.12482158230245,bolditalic('Trachurus japonicus')
TrachurusJaponicus,Base,96,Trachurus japonicus,14,0.540096934666667,0.539762318899833,100.061993169052,1,1.13972480775416,bolditalic('Trachurus japonicus')
TrachurusJaponicus,Base,97,Trachurus japonicus,14,0.5379830495,0.539762318899833,99.6703605758438,1,1.1455923166275,bolditalic('Trachurus japonicus')
TrachurusJaponicus,Base,98,Trachurus japonicus,14,0.536971603333333,0.539762318899833,99.4829732515993,1,1.13080950789154,bolditalic('Trachurus japonicus')
TrachurusJaponicus,Base,99,Trachurus japonicus,14,0.557854664333333,0.539762318899833,103.351909683206,1,1.11849433419108,bolditalic('Trachurus japonicus')
TrachurusJaponicus,Base,100,Trachurus japonicus,14,0.537244553833333,0.539762318899833,99.5335418982873,1,1.13085488830507,bolditalic('Trachurus japonicus')
TrachurusJaponicus,SSP1-2.6,1,Trachurus japonicus,14,0.607121129012346,0.539762318899833,112.479346511221,2,2.09560026079416,bolditalic('Trachurus japonicus')
TrachurusJaponicus,SSP1-2.6,2,Trachurus japonicus,14,0.603861773703704,0.539762318899833,111.875496410072,2,2.1069553502053,bolditalic('Trachurus japonicus')
TrachurusJaponicus,SSP1-2.6,3,Trachurus japonicus,14,0.607271256790124,0.539762318899833,112.507160193748,2,2.10738234561682,bolditalic('Trachurus japonicus')
TrachurusJaponicus,SSP1-2.6,4,Trachurus japonicus,14,0.603143242469136,0.539762318899833,111.742376477574,2,2.1095283819288,bolditalic('Trachurus japonicus')
TrachurusJaponicus,SSP1-2.6,5,Trachurus japonicus,14,0.593783612962963,0.539762318899833,110.008348521482,2,2.12622990421951,bolditalic('Trachurus japonicus')
TrachurusJaponicus,SSP1-2.6,6,Trachurus japonicus,14,0.584529831851852,0.539762318899833,108.293930751458,2,2.09374807393551,bolditalic('Trachurus japonicus')
TrachurusJaponicus,SSP1-2.6,7,Trachurus japonicus,14,0.590152764382716,0.539762318899833,109.335673076548,2,2.1126704967618,bolditalic('Trachurus japonicus')
TrachurusJaponicus,SSP1-2.6,8,Trachurus japonicus,14,0.600116188641975,0.539762318899833,111.181564112359,2,2.13911612322927,bolditalic('Trachurus japonicus')
TrachurusJaponicus,SSP1-2.6,9,Trachurus japonicus,14,0.588489728666667,0.539762318899833,109.027567886946,2,2.11957833744586,bolditalic('Trachurus japonicus')
TrachurusJaponicus,SSP1-2.6,10,Trachurus japonicus,14,0.590739508765432,0.539762318899833,109.444377289897,2,2.15467753617465,bolditalic('Trachurus japonicus')
TrachurusJaponicus,SSP1-2.6,11,Trachurus japonicus,14,0.632639958765432,0.539762318899833,117.207136662468,2,2.12249293355644,bolditalic('Trachurus japonicus')
TrachurusJaponicus,SSP1-2.6,12,Trachurus japonicus,14,0.614059728395062,0.539762318899833,113.764838132211,2,2.13711180868745,bolditalic('Trachurus japonicus')
TrachurusJaponicus,SSP1-2.6,13,Trachurus japonicus,14,0.594909665462963,0.539762318899833,110.216968586383,2,2.15587102763355,bolditalic('Trachurus japonicus')
TrachurusJaponicus,SSP1-2.6,14,Trachurus japonicus,14,0.588644936604938,0.539762318899833,109.056322754197,2,2.12860482856631,bolditalic('Trachurus japonicus')
TrachurusJaponicus,SSP1-2.6,15,Trachurus japonicus,14,0.626601132037037,0.539762318899833,116.088342979221,2,2.14860271130502,bolditalic('Trachurus japonicus')
TrachurusJaponicus,SSP1-2.6,16,Trachurus japonicus,14,0.617165250555556,0.539762318899833,114.34018806898,2,2.14505537073314,bolditalic('Trachurus japonicus')
TrachurusJaponicus,SSP1-2.6,17,Trachurus japonicus,14,0.58901039,0.539762318899833,109.124029109803,2,2.11674355487525,bolditalic('Trachurus japonicus')
TrachurusJaponicus,SSP1-2.6,18,Trachurus japonicus,14,0.583730812407407,0.539762318899833,108.145899031483,2,2.11566680771112,bolditalic('Trachurus japonicus')
TrachurusJaponicus,SSP1-2.6,19,Trachurus japonicus,14,0.602559225864198,0.539762318899833,111.634177630695,2,2.13115010431409,bolditalic('Trachurus japonicus')
TrachurusJaponicus,SSP1-2.6,20,Trachurus japonicus,14,0.590300134074074,0.539762318899833,109.362975777422,2,2.12020507453382,bolditalic('Trachurus japonicus')
TrachurusJaponicus,SSP1-2.6,21,Trachurus japonicus,14,0.617611360185185,0.539762318899833,114.422837341448,2,2.13556040993333,bolditalic('Trachurus japonicus')
TrachurusJaponicus,SSP1-2.6,22,Trachurus japonicus,14,0.59855677308642,0.539762318899833,110.892656291092,2,2.10844834442437,bolditalic('Trachurus japonicus')
TrachurusJaponicus,SSP1-2.6,23,Trachurus japonicus,14,0.589156129259259,0.539762318899833,109.151029745852,2,2.10833713576198,bolditalic('Trachurus japonicus')
TrachurusJaponicus,SSP1-2.6,24,Trachurus japonicus,14,0.595049444506173,0.539762318899833,110.242864992693,2,2.14061641807854,bolditalic('Trachurus japonicus')
TrachurusJaponicus,SSP1-2.6,25,Trachurus japonicus,14,0.598409054814815,0.539762318899833,110.865289009896,2,2.15072631908953,bolditalic('Trachurus japonicus')
TrachurusJaponicus,SSP1-2.6,26,Trachurus japonicus,14,0.617799250432099,0.539762318899833,114.457647153163,2,2.11493244041503,bolditalic('Trachurus japonicus')
TrachurusJaponicus,SSP1-2.6,27,Trachurus japonicus,14,0.596625967962963,0.539762318899833,110.534942338886,2,2.13873556594551,bolditalic('Trachurus japonicus')
TrachurusJaponicus,SSP1-2.6,28,Trachurus japonicus,14,0.613337456666667,0.539762318899833,113.631025210652,2,2.12973095302284,bolditalic('Trachurus japonicus')
TrachurusJaponicus,SSP1-2.6,29,Trachurus japonicus,14,0.595043798333333,0.539762318899833,110.241818944712,2,2.15540411128104,bolditalic('Trachurus japonicus')
TrachurusJaponicus,SSP1-2.6,30,Trachurus japonicus,14,0.613829689012346,0.539762318899833,113.722219487918,2,2.15570966343582,bolditalic('Trachurus japonicus')
TrachurusJaponicus,SSP1-2.6,31,Trachurus japonicus,14,0.619820337962963,0.539762318899833,114.832087431799,2,2.13353219509125,bolditalic('Trachurus japonicus')
TrachurusJaponicus,SSP1-2.6,32,Trachurus japonicus,14,0.585727916604938,0.539762318899833,108.51589599637,2,2.10494111283123,bolditalic('Trachurus japonicus')
TrachurusJaponicus,SSP1-2.6,33,Trachurus japonicus,14,0.606269106666667,0.539762318899833,112.321495117034,2,2.12355593377352,bolditalic('Trachurus japonicus')
TrachurusJaponicus,SSP1-2.6,34,Trachurus japonicus,14,0.590989481049383,0.539762318899833,109.490688837628,2,2.15317382289469,bolditalic('Trachurus japonicus')
TrachurusJaponicus,SSP1-2.6,35,Trachurus japonicus,14,0.580222938209877,0.539762318899833,107.496006648354,2,2.14614545480907,bolditalic('Trachurus japonicus')
TrachurusJaponicus,SSP1-2.6,36,Trachurus japonicus,14,0.610790356481482,0.539762318899833,113.159132287415,2,2.10740387676656,bolditalic('Trachurus japonicus')
TrachurusJaponicus,SSP1-2.6,37,Trachurus japonicus,14,0.611941760123457,0.539762318899833,113.372449075501,2,2.11276470820606,bolditalic('Trachurus japonicus')
TrachurusJaponicus,SSP1-2.6,38,Trachurus japonicus,14,0.612309529382716,0.539762318899833,113.440584483695,2,2.13686459968984,bolditalic('Trachurus japonicus')
TrachurusJaponicus,SSP1-2.6,39,Trachurus japonicus,14,0.589161628580247,0.539762318899833,109.152048587071,2,2.09817327925563,bolditalic('Trachurus japonicus')
TrachurusJaponicus,SSP1-2.6,40,Trachurus japonicus,14,0.607371525925926,0.539762318899833,112.525736728695,2,2.13501195806265,bolditalic('Trachurus japonicus')
TrachurusJaponicus,SSP1-2.6,41,Trachurus japonicus,14,0.585968621419753,0.539762318899833,108.560490590395,2,2.11871938632429,bolditalic('Trachurus japonicus')
TrachurusJaponicus,SSP1-2.6,42,Trachurus japonicus,14,0.606162627345679,0.539762318899833,112.301768041383,2,2.09645845781267,bolditalic('Trachurus japonicus')
TrachurusJaponicus,SSP1-2.6,43,Trachurus japonicus,14,0.577959888888889,0.539762318899833,107.076738899987,2,2.12779042236507,bolditalic('Trachurus japonicus')
TrachurusJaponicus,SSP1-2.6,44,Trachurus japonicus,14,0.607918535061728,0.539762318899833,112.627079322768,2,2.15424121066928,bolditalic('Trachurus japonicus')
TrachurusJaponicus,SSP1-2.6,45,Trachurus japonicus,14,0.582547930339506,0.539762318899833,107.926750338349,2,2.14627949285507,bolditalic('Trachurus japonicus')
TrachurusJaponicus,SSP1-2.6,46,Trachurus japonicus,14,0.600681941481482,0.539762318899833,111.286379291133,2,2.14434700608253,bolditalic('Trachurus japonicus')
TrachurusJaponicus,SSP1-2.6,47,Trachurus japonicus,14,0.598730532839506,0.539762318899833,110.924848192416,2,2.14051654323936,bolditalic('Trachurus japonicus')
TrachurusJaponicus,SSP1-2.6,48,Trachurus japonicus,14,0.584449125308642,0.539762318899833,108.278978514078,2,2.15167440669239,bolditalic('Trachurus japonicus')
TrachurusJaponicus,SSP1-2.6,49,Trachurus japonicus,14,0.585819666358025,0.539762318899833,108.532894173137,2,2.11439504227042,bolditalic('Trachurus japonicus')
TrachurusJaponicus,SSP1-2.6,50,Trachurus japonicus,14,0.569982453148148,0.539762318899833,105.598785463556,2,2.09633112415671,bolditalic('Trachurus japonicus')
TrachurusJaponicus,SSP1-2.6,51,Trachurus japonicus,14,0.619055471851852,0.539762318899833,114.690383188222,2,2.14123618333042,bolditalic('Trachurus japonicus')
TrachurusJaponicus,SSP1-2.6,52,Trachurus japonicus,14,0.578692587777778,0.539762318899833,107.212483627478,2,2.14132254001498,bolditalic('Trachurus japonicus')
TrachurusJaponicus,SSP1-2.6,53,Trachurus japonicus,14,0.611885496604938,0.539762318899833,113.362025317386,2,2.12316818870604,bolditalic('Trachurus japonicus')
TrachurusJaponicus,SSP1-2.6,54,Trachurus japonicus,14,0.584721737222222,0.539762318899833,108.329484431968,2,2.14523729862273,bolditalic('Trachurus japonicus')
TrachurusJaponicus,SSP1-2.6,55,Trachurus japonicus,14,0.585347371604938,0.539762318899833,108.445393668461,2,2.15510483935475,bolditalic('Trachurus japonicus')
TrachurusJaponicus,SSP1-2.6,56,Trachurus japonicus,14,0.59173299037037,0.539762318899833,109.628436378528,2,2.10677640543878,bolditalic('Trachurus japonicus')
TrachurusJaponicus,SSP1-2.6,57,Trachurus japonicus,14,0.587839829444445,0.539762318899833,108.907163182974,2,2.14565625564754,bolditalic('Trachurus japonicus')
TrachurusJaponicus,SSP1-2.6,58,Trachurus japonicus,14,0.607010393703704,0.539762318899833,112.458830942652,2,2.14355727478862,bolditalic('Trachurus japonicus')
TrachurusJaponicus,SSP1-2.6,59,Trachurus japonicus,14,0.58905816845679,0.539762318899833,109.132880868274,2,2.11258193852007,bolditalic('Trachurus japonicus')
TrachurusJaponicus,SSP1-2.6,60,Trachurus japonicus,14,0.607071606975309,0.539762318899833,112.470171725338,2,2.11639741759002,bolditalic('Trachurus japonicus')
TrachurusJaponicus,SSP1-2.6,61,Trachurus japonicus,14,0.588802878518519,0.539762318899833,109.085584136114,2,2.14009990416467,bolditalic('Trachurus japonicus')
TrachurusJaponicus,SSP1-2.6,62,Trachurus japonicus,14,0.580942979012346,0.539762318899833,107.629406253562,2,2.11821406254172,bolditalic('Trachurus japonicus')
TrachurusJaponicus,SSP1-2.6,63,Trachurus japonicus,14,0.61143708771605,0.539762318899833,113.278950068672,2,2.11715841960907,bolditalic('Trachurus japonicus')
TrachurusJaponicus,SSP1-2.6,64,Trachurus japonicus,14,0.614505953024691,0.539762318899833,113.847508710353,2,2.13310285353661,bolditalic('Trachurus japonicus')
TrachurusJaponicus,SSP1-2.6,65,Trachurus japonicus,14,0.577611437191358,0.539762318899833,107.012182393293,2,2.12679752796888,bolditalic('Trachurus japonicus')
TrachurusJaponicus,SSP1-2.6,66,Trachurus japonicus,14,0.57627455308642,0.539762318899833,106.764502246286,2,2.09737343508005,bolditalic('Trachurus japonicus')
TrachurusJaponicus,SSP1-2.6,67,Trachurus japonicus,14,0.599370615987654,0.539762318899833,111.043434304439,2,2.1135234823823,bolditalic('Trachurus japonicus')
TrachurusJaponicus,SSP1-2.6,68,Trachurus japonicus,14,0.604331696790124,0.539762318899833,111.962557523819,2,2.13652559794486,bolditalic('Trachurus japonicus')
TrachurusJaponicus,SSP1-2.6,69,Trachurus japonicus,14,0.620953136358025,0.539762318899833,115.041957286622,2,2.13186900681257,bolditalic('Trachurus japonicus')
TrachurusJaponicus,SSP1-2.6,70,Trachurus japonicus,14,0.615923223888889,0.539762318899833,114.110081849413,2,2.09403167700768,bolditalic('Trachurus japonicus')
TrachurusJaponicus,SSP1-2.6,71,Trachurus japonicus,14,0.601375746419753,0.539762318899833,111.414918263561,2,2.09581516936421,bolditalic('Trachurus japonicus')
TrachurusJaponicus,SSP1-2.6,72,Trachurus japonicus,14,0.588644386358025,0.539762318899833,109.05622081175,2,2.15393515120447,bolditalic('Trachurus japonicus')
TrachurusJaponicus,SSP1-2.6,73,Trachurus japonicus,14,0.582067161049383,0.539762318899833,107.837679783905,2,2.09909928946197,bolditalic('Trachurus japonicus')
TrachurusJaponicus,SSP1-2.6,74,Trachurus japonicus,14,0.598501581296296,0.539762318899833,110.882431088592,2,2.10958912670612,bolditalic('Trachurus japonicus')
TrachurusJaponicus,SSP1-2.6,75,Trachurus japonicus,14,0.599961522222222,0.539762318899833,111.152909570473,2,2.14329078398645,bolditalic('Trachurus japonicus')
TrachurusJaponicus,SSP1-2.6,76,Trachurus japonicus,14,0.593548858,0.539762318899833,109.964856237056,2,2.13145589391887,bolditalic('Trachurus japonicus')
TrachurusJaponicus,SSP1-2.6,77,Trachurus japonicus,14,0.606330074074074,0.539762318899833,112.332790349264,2,2.11055922138691,bolditalic('Trachurus japonicus')
TrachurusJaponicus,SSP1-2.6,78,Trachurus japonicus,14,0.576643955061728,0.539762318899833,106.832940142444,2,2.15162179356813,bolditalic('Trachurus japonicus')
TrachurusJaponicus,SSP1-2.6,79,Trachurus japonicus,14,0.626558190864198,0.539762318899833,116.080387408531,2,2.10198033200204,bolditalic('Trachurus japonicus')
TrachurusJaponicus,SSP1-2.6,80,Trachurus japonicus,14,0.60986306691358,0.539762318899833,112.987336381063,2,2.10671552735567,bolditalic('Trachurus japonicus')
TrachurusJaponicus,SSP1-2.6,81,Trachurus japonicus,14,0.561207993209877,0.539762318899833,103.973169960022,2,2.13945586594939,bolditalic('Trachurus japonicus')
TrachurusJaponicus,SSP1-2.6,82,Trachurus japonicus,14,0.581671929320988,0.539762318899833,107.764456493847,2,2.10139974480867,bolditalic('Trachurus japonicus')
TrachurusJaponicus,SSP1-2.6,83,Trachurus japonicus,14,0.576507759876543,0.539762318899833,106.807707705793,2,2.13242263253033,bolditalic('Trachurus japonicus')
TrachurusJaponicus,SSP1-2.6,84,Trachurus japonicus,14,0.604932217037037,0.539762318899833,112.073813946486,2,2.131906388551,bolditalic('Trachurus japonicus')
TrachurusJaponicus,SSP1-2.6,85,Trachurus japonicus,14,0.600695036666667,0.539762318899833,111.288805393276,2,2.1088904504776,bolditalic('Trachurus japonicus')
TrachurusJaponicus,SSP1-2.6,86,Trachurus japonicus,14,0.61480510154321,0.539762318899833,113.902930978274,2,2.11273222945631,bolditalic('Trachurus japonicus')
TrachurusJaponicus,SSP1-2.6,87,Trachurus japonicus,14,0.600514671419753,0.539762318899833,111.255389713707,2,2.14338189980388,bolditalic('Trachurus japonicus')
TrachurusJaponicus,SSP1-2.6,88,Trachurus japonicus,14,0.587245439259259,0.539762318899833,108.7970424568,2,2.12273259311914,bolditalic('Trachurus japonicus')
TrachurusJaponicus,SSP1-2.6,89,Trachurus japonicus,14,0.612363511851852,0.539762318899833,113.450585639249,2,2.095771092996,bolditalic('Trachurus japonicus')
TrachurusJaponicus,SSP1-2.6,90,Trachurus japonicus,14,0.607710291234568,0.539762318899833,112.58849866979,2,2.14466279289126,bolditalic('Trachurus japonicus')
TrachurusJaponicus,SSP1-2.6,91,Trachurus japonicus,14,0.587378524382716,0.539762318899833,108.821698702484,2,2.12924988344312,bolditalic('Trachurus japonicus')
TrachurusJaponicus,SSP1-2.6,92,Trachurus japonicus,14,0.604366258765432,0.539762318899833,111.968960707979,2,2.13926276935637,bolditalic('Trachurus japonicus')
TrachurusJaponicus,SSP1-2.6,93,Trachurus japonicus,14,0.595965914382716,0.539762318899833,110.412656370204,2,2.12048226930201,bolditalic('Trachurus japonicus')
TrachurusJaponicus,SSP1-2.6,94,Trachurus japonicus,14,0.593454295185185,0.539762318899833,109.94733689354,2,2.15338079756498,bolditalic('Trachurus japonicus')
TrachurusJaponicus,SSP1-2.6,95,Trachurus japonicus,14,0.582793643703704,0.539762318899833,107.972272849942,2,2.12058653841913,bolditalic('Trachurus japonicus')
TrachurusJaponicus,SSP1-2.6,96,Trachurus japonicus,14,0.610737707222222,0.539762318899833,113.149378131296,2,2.1030100826323,bolditalic('Trachurus japonicus')
TrachurusJaponicus,SSP1-2.6,97,Trachurus japonicus,14,0.587923635617284,0.539762318899833,108.922689678601,2,2.11682670718431,bolditalic('Trachurus japonicus')
TrachurusJaponicus,SSP1-2.6,98,Trachurus japonicus,14,0.592776799938272,0.539762318899833,109.821819564303,2,2.13114378596842,bolditalic('Trachurus japonicus')
TrachurusJaponicus,SSP1-2.6,99,Trachurus japonicus,14,0.59493065654321,0.539762318899833,110.220857535188,2,2.10984249021113,bolditalic('Trachurus japonicus')
TrachurusJaponicus,SSP1-2.6,100,Trachurus japonicus,14,0.594978178333333,0.539762318899833,110.229661741865,2,2.13657731543481,bolditalic('Trachurus japonicus')
TrachurusJaponicus,SSP5-8.5,1,Trachurus japonicus,14,0.713890370061728,0.539762318899833,132.260134704625,3,3.11004107248783,bolditalic('Trachurus japonicus')
TrachurusJaponicus,SSP5-8.5,2,Trachurus japonicus,14,0.711329583395062,0.539762318899833,131.785706131714,3,3.11853254449368,bolditalic('Trachurus japonicus')
TrachurusJaponicus,SSP5-8.5,3,Trachurus japonicus,14,0.685332360864198,0.539762318899833,126.969285714696,3,3.13405152350664,bolditalic('Trachurus japonicus')
TrachurusJaponicus,SSP5-8.5,4,Trachurus japonicus,14,0.69859352691358,0.539762318899833,129.426138589571,3,3.14747227442265,bolditalic('Trachurus japonicus')
TrachurusJaponicus,SSP5-8.5,5,Trachurus japonicus,14,0.714631811049383,0.539762318899833,132.397499052171,3,3.09494689965248,bolditalic('Trachurus japonicus')
TrachurusJaponicus,SSP5-8.5,6,Trachurus japonicus,14,0.670972060246914,0.539762318899833,124.308799772188,3,3.15467334961891,bolditalic('Trachurus japonicus')
TrachurusJaponicus,SSP5-8.5,7,Trachurus japonicus,14,0.750955173765432,0.539762318899833,139.12700969865,3,3.11771652120352,bolditalic('Trachurus japonicus')
TrachurusJaponicus,SSP5-8.5,8,Trachurus japonicus,14,0.707796752901235,0.539762318899833,131.131190177168,3,3.12528688578308,bolditalic('Trachurus japonicus')
TrachurusJaponicus,SSP5-8.5,9,Trachurus japonicus,14,0.721789881481482,0.539762318899833,133.723651356891,3,3.14795664383471,bolditalic('Trachurus japonicus')
TrachurusJaponicus,SSP5-8.5,10,Trachurus japonicus,14,0.694311067098766,0.539762318899833,128.632741261735,3,3.10328306998313,bolditalic('Trachurus japonicus')
TrachurusJaponicus,SSP5-8.5,11,Trachurus japonicus,14,0.703291526728395,0.539762318899833,130.296521654545,3,3.14017630003393,bolditalic('Trachurus japonicus')
TrachurusJaponicus,SSP5-8.5,12,Trachurus japonicus,14,0.729455172197531,0.539762318899833,135.143774705196,3,3.13216655628383,bolditalic('Trachurus japonicus')
TrachurusJaponicus,SSP5-8.5,13,Trachurus japonicus,14,0.680964922037037,0.539762318899833,126.160144603093,3,3.12054853914678,bolditalic('Trachurus japonicus')
TrachurusJaponicus,SSP5-8.5,14,Trachurus japonicus,14,0.689310178888889,0.539762318899833,127.706243054141,3,3.11835773934424,bolditalic('Trachurus japonicus')
TrachurusJaponicus,SSP5-8.5,15,Trachurus japonicus,14,0.721453206851852,0.539762318899833,133.66127674906,3,3.10613353253901,bolditalic('Trachurus japonicus')
TrachurusJaponicus,SSP5-8.5,16,Trachurus japonicus,14,0.710269675123457,0.539762318899833,131.589340391741,3,3.1015213739574,bolditalic('Trachurus japonicus')
TrachurusJaponicus,SSP5-8.5,17,Trachurus japonicus,14,0.699215568209877,0.539762318899833,129.541382146692,3,3.12706291489303,bolditalic('Trachurus japonicus')
TrachurusJaponicus,SSP5-8.5,18,Trachurus japonicus,14,0.673096413888889,0.539762318899833,124.702371825589,3,3.11382838280499,bolditalic('Trachurus japonicus')
TrachurusJaponicus,SSP5-8.5,19,Trachurus japonicus,14,0.696896536049383,0.539762318899833,129.111742640692,3,3.15546660043299,bolditalic('Trachurus japonicus')
TrachurusJaponicus,SSP5-8.5,20,Trachurus japonicus,14,0.729553831604938,0.539762318899833,135.162053011026,3,3.10949925453961,bolditalic('Trachurus japonicus')
TrachurusJaponicus,SSP5-8.5,21,Trachurus japonicus,14,0.722875832962963,0.539762318899833,133.924842037206,3,3.1264168163538,bolditalic('Trachurus japonicus')
TrachurusJaponicus,SSP5-8.5,22,Trachurus japonicus,14,0.72379708617284,0.539762318899833,134.095519607244,3,3.1479419516772,bolditalic('Trachurus japonicus')
TrachurusJaponicus,SSP5-8.5,23,Trachurus japonicus,14,0.695021479012346,0.539762318899833,128.764356954181,3,3.14320614235103,bolditalic('Trachurus japonicus')
TrachurusJaponicus,SSP5-8.5,24,Trachurus japonicus,14,0.677790266358025,0.539762318899833,125.571986525389,3,3.117751326859,bolditalic('Trachurus japonicus')
TrachurusJaponicus,SSP5-8.5,25,Trachurus japonicus,14,0.715713751296296,0.539762318899833,132.597946584173,3,3.09968963252008,bolditalic('Trachurus japonicus')
TrachurusJaponicus,SSP5-8.5,26,Trachurus japonicus,14,0.702175752,0.539762318899833,130.089805718785,3,3.11630860182643,bolditalic('Trachurus japonicus')
TrachurusJaponicus,SSP5-8.5,27,Trachurus japonicus,14,0.750961001481482,0.539762318899833,139.128089380549,3,3.11463103023171,bolditalic('Trachurus japonicus')
TrachurusJaponicus,SSP5-8.5,28,Trachurus japonicus,14,0.701870648703704,0.539762318899833,130.033280228654,3,3.09957304738462,bolditalic('Trachurus japonicus')
TrachurusJaponicus,SSP5-8.5,29,Trachurus japonicus,14,0.692090248703704,0.539762318899833,128.221297498935,3,3.14358457762003,bolditalic('Trachurus japonicus')
TrachurusJaponicus,SSP5-8.5,30,Trachurus japonicus,14,0.689011337407407,0.539762318899833,127.650877669968,3,3.09890553745627,bolditalic('Trachurus japonicus')
TrachurusJaponicus,SSP5-8.5,31,Trachurus japonicus,14,0.712145083333333,0.539762318899833,131.936791138896,3,3.13518926362693,bolditalic('Trachurus japonicus')
TrachurusJaponicus,SSP5-8.5,32,Trachurus japonicus,14,0.718378184012346,0.539762318899833,133.091577321769,3,3.1335670017153,bolditalic('Trachurus japonicus')
TrachurusJaponicus,SSP5-8.5,33,Trachurus japonicus,14,0.732326057716049,0.539762318899833,135.675654278481,3,3.11118793547153,bolditalic('Trachurus japonicus')
TrachurusJaponicus,SSP5-8.5,34,Trachurus japonicus,14,0.694801081604938,0.539762318899833,128.723524647128,3,3.11689895088971,bolditalic('Trachurus japonicus')
TrachurusJaponicus,SSP5-8.5,35,Trachurus japonicus,14,0.729167535185185,0.539762318899833,135.090485136385,3,3.1330809404403,bolditalic('Trachurus japonicus')
TrachurusJaponicus,SSP5-8.5,36,Trachurus japonicus,14,0.732747248950617,0.539762318899833,135.75368700137,3,3.11859029306471,bolditalic('Trachurus japonicus')
TrachurusJaponicus,SSP5-8.5,37,Trachurus japonicus,14,0.672986061234568,0.539762318899833,124.681927150135,3,3.11756694066525,bolditalic('Trachurus japonicus')
TrachurusJaponicus,SSP5-8.5,38,Trachurus japonicus,14,0.708029149197531,0.539762318899833,131.174245479134,3,3.09342399597168,bolditalic('Trachurus japonicus')
TrachurusJaponicus,SSP5-8.5,39,Trachurus japonicus,14,0.701806976728395,0.539762318899833,130.021483929973,3,3.11559826694429,bolditalic('Trachurus japonicus')
TrachurusJaponicus,SSP5-8.5,40,Trachurus japonicus,14,0.680299504012346,0.539762318899833,126.036864781329,3,3.12127060255408,bolditalic('Trachurus japonicus')
TrachurusJaponicus,SSP5-8.5,41,Trachurus japonicus,14,0.677637039074074,0.539762318899833,125.543598607488,3,3.10967131198943,bolditalic('Trachurus japonicus')
TrachurusJaponicus,SSP5-8.5,42,Trachurus japonicus,14,0.727918557962963,0.539762318899833,134.859091210116,3,3.12461605496705,bolditalic('Trachurus japonicus')
TrachurusJaponicus,SSP5-8.5,43,Trachurus japonicus,14,0.696038083209877,0.539762318899833,128.952699889939,3,3.10848630797863,bolditalic('Trachurus japonicus')
TrachurusJaponicus,SSP5-8.5,44,Trachurus japonicus,14,0.703485533827161,0.539762318899833,130.332464715402,3,3.14321054439247,bolditalic('Trachurus japonicus')
TrachurusJaponicus,SSP5-8.5,45,Trachurus japonicus,14,0.73780796308642,0.539762318899833,136.691268962652,3,3.15316199862957,bolditalic('Trachurus japonicus')
TrachurusJaponicus,SSP5-8.5,46,Trachurus japonicus,14,0.697516211604938,0.539762318899833,129.22654790476,3,3.14996595749259,bolditalic('Trachurus japonicus')
TrachurusJaponicus,SSP5-8.5,47,Trachurus japonicus,14,0.72985744654321,0.539762318899833,135.218302757932,3,3.12137809060514,bolditalic('Trachurus japonicus')
TrachurusJaponicus,SSP5-8.5,48,Trachurus japonicus,14,0.713718552098765,0.539762318899833,132.228302552408,3,3.0948123562187,bolditalic('Trachurus japonicus')
TrachurusJaponicus,SSP5-8.5,49,Trachurus japonicus,14,0.727115812716049,0.539762318899833,134.710369222899,3,3.11850075046718,bolditalic('Trachurus japonicus')
TrachurusJaponicus,SSP5-8.5,50,Trachurus japonicus,14,0.743991933395062,0.539762318899833,137.836952922445,3,3.09368642246723,bolditalic('Trachurus japonicus')
TrachurusJaponicus,SSP5-8.5,51,Trachurus japonicus,14,0.688980276358025,0.539762318899833,127.645123090907,3,3.11214436070621,bolditalic('Trachurus japonicus')
TrachurusJaponicus,SSP5-8.5,52,Trachurus japonicus,14,0.730352949938272,0.539762318899833,135.310103051823,3,3.14703471194208,bolditalic('Trachurus japonicus')
TrachurusJaponicus,SSP5-8.5,53,Trachurus japonicus,14,0.708762032654321,0.539762318899833,131.310024400916,3,3.12156829118729,bolditalic('Trachurus japonicus')
TrachurusJaponicus,SSP5-8.5,54,Trachurus japonicus,14,0.717150197283951,0.539762318899833,132.864072235661,3,3.09442245824635,bolditalic('Trachurus japonicus')
TrachurusJaponicus,SSP5-8.5,55,Trachurus japonicus,14,0.731079066790124,0.539762318899833,135.444628346832,3,3.11373171645403,bolditalic('Trachurus japonicus')
TrachurusJaponicus,SSP5-8.5,56,Trachurus japonicus,14,0.695427924691358,0.539762318899833,128.839657816205,3,3.14586856752634,bolditalic('Trachurus japonicus')
TrachurusJaponicus,SSP5-8.5,57,Trachurus japonicus,14,0.712318258148148,0.539762318899833,131.968874670619,3,3.11524341319501,bolditalic('Trachurus japonicus')
TrachurusJaponicus,SSP5-8.5,58,Trachurus japonicus,14,0.685580785185185,0.539762318899833,127.01531047639,3,3.11303142009676,bolditalic('Trachurus japonicus')
TrachurusJaponicus,SSP5-8.5,59,Trachurus japonicus,14,0.676631621666667,0.539762318899833,125.357328211759,3,3.12040657372773,bolditalic('Trachurus japonicus')
TrachurusJaponicus,SSP5-8.5,60,Trachurus japonicus,14,0.68235006308642,0.539762318899833,126.416765156415,3,3.09692240054905,bolditalic('Trachurus japonicus')
TrachurusJaponicus,SSP5-8.5,61,Trachurus japonicus,14,0.694495876419753,0.539762318899833,128.666980280377,3,3.10143702191114,bolditalic('Trachurus japonicus')
TrachurusJaponicus,SSP5-8.5,62,Trachurus japonicus,14,0.700832039876543,0.539762318899833,129.840860567112,3,3.14748213081062,bolditalic('Trachurus japonicus')
TrachurusJaponicus,SSP5-8.5,63,Trachurus japonicus,14,0.706150803888889,0.539762318899833,130.826250585294,3,3.104891229406,bolditalic('Trachurus japonicus')
TrachurusJaponicus,SSP5-8.5,64,Trachurus japonicus,14,0.721361717037037,0.539762318899833,133.644326730207,3,3.09881928482652,bolditalic('Trachurus japonicus')
TrachurusJaponicus,SSP5-8.5,65,Trachurus japonicus,14,0.723432547839506,0.539762318899833,134.027982782132,3,3.12239851897955,bolditalic('Trachurus japonicus')
TrachurusJaponicus,SSP5-8.5,66,Trachurus japonicus,14,0.721033525432099,0.539762318899833,133.583523744625,3,3.13806036223471,bolditalic('Trachurus japonicus')
TrachurusJaponicus,SSP5-8.5,67,Trachurus japonicus,14,0.707446343024691,0.539762318899833,131.066270885051,3,3.09666339321435,bolditalic('Trachurus japonicus')
TrachurusJaponicus,SSP5-8.5,68,Trachurus japonicus,14,0.735006414567901,0.539762318899833,136.172235228651,3,3.11707065276802,bolditalic('Trachurus japonicus')
TrachurusJaponicus,SSP5-8.5,69,Trachurus japonicus,14,0.702036650432099,0.539762318899833,130.06403482611,3,3.10749906054139,bolditalic('Trachurus japonicus')
TrachurusJaponicus,SSP5-8.5,70,Trachurus japonicus,14,0.710085483765432,0.539762318899833,131.555215861077,3,3.12948847934604,bolditalic('Trachurus japonicus')
TrachurusJaponicus,SSP5-8.5,71,Trachurus japonicus,14,0.702443026234568,0.539762318899833,130.139322742335,3,3.15182182471454,bolditalic('Trachurus japonicus')
TrachurusJaponicus,SSP5-8.5,72,Trachurus japonicus,14,0.677656794567901,0.539762318899833,125.547258643236,3,3.11609805765748,bolditalic('Trachurus japonicus')
TrachurusJaponicus,SSP5-8.5,73,Trachurus japonicus,14,0.705182681358025,0.539762318899833,130.646889689402,3,3.14383793658018,bolditalic('Trachurus japonicus')
TrachurusJaponicus,SSP5-8.5,74,Trachurus japonicus,14,0.693050064567901,0.539762318899833,128.399119445853,3,3.15060272194445,bolditalic('Trachurus japonicus')
TrachurusJaponicus,SSP5-8.5,75,Trachurus japonicus,14,0.71423203537037,0.539762318899833,132.323433919238,3,3.15169375139475,bolditalic('Trachurus japonicus')
TrachurusJaponicus,SSP5-8.5,76,Trachurus japonicus,14,0.691339349074074,0.539762318899833,128.082180779716,3,3.13734757050872,bolditalic('Trachurus japonicus')
TrachurusJaponicus,SSP5-8.5,77,Trachurus japonicus,14,0.694717288209877,0.539762318899833,128.708000518799,3,3.15116855214536,bolditalic('Trachurus japonicus')
TrachurusJaponicus,SSP5-8.5,78,Trachurus japonicus,14,0.712141029938272,0.539762318899833,131.936040179646,3,3.1204748147577,bolditalic('Trachurus japonicus')
TrachurusJaponicus,SSP5-8.5,79,Trachurus japonicus,14,0.712258622438272,0.539762318899833,131.957826157637,3,3.09415167593956,bolditalic('Trachurus japonicus')
TrachurusJaponicus,SSP5-8.5,80,Trachurus japonicus,14,0.717746962839506,0.539762318899833,132.974633038936,3,3.14959296026826,bolditalic('Trachurus japonicus')
TrachurusJaponicus,SSP5-8.5,81,Trachurus japonicus,14,0.727994166234568,0.539762318899833,134.873098907385,3,3.1362840436995,bolditalic('Trachurus japonicus')
TrachurusJaponicus,SSP5-8.5,82,Trachurus japonicus,14,0.695503985432099,0.539762318899833,128.853749340952,3,3.09742644631863,bolditalic('Trachurus japonicus')
TrachurusJaponicus,SSP5-8.5,83,Trachurus japonicus,14,0.719373145123457,0.539762318899833,133.275910513671,3,3.11700127017498,bolditalic('Trachurus japonicus')
TrachurusJaponicus,SSP5-8.5,84,Trachurus japonicus,14,0.727247613518519,0.539762318899833,134.734787526633,3,3.13937670597434,bolditalic('Trachurus japonicus')
TrachurusJaponicus,SSP5-8.5,85,Trachurus japonicus,14,0.729941730061728,0.539762318899833,135.233917689832,3,3.10802681906521,bolditalic('Trachurus japonicus')
TrachurusJaponicus,SSP5-8.5,86,Trachurus japonicus,14,0.731734512222222,0.539762318899833,135.566060578974,3,3.13243003340066,bolditalic('Trachurus japonicus')
TrachurusJaponicus,SSP5-8.5,87,Trachurus japonicus,14,0.709447295987654,0.539762318899833,131.436980898126,3,3.09721642877162,bolditalic('Trachurus japonicus')
TrachurusJaponicus,SSP5-8.5,88,Trachurus japonicus,14,0.713052383827161,0.539762318899833,132.104883734851,3,3.1145487845391,bolditalic('Trachurus japonicus')
TrachurusJaponicus,SSP5-8.5,89,Trachurus japonicus,14,0.730885686580247,0.539762318899833,135.40880142763,3,3.15238318522275,bolditalic('Trachurus japonicus')
TrachurusJaponicus,SSP5-8.5,90,Trachurus japonicus,14,0.683410613271605,0.539762318899833,126.613249821618,3,3.14995384567976,bolditalic('Trachurus japonicus')
TrachurusJaponicus,SSP5-8.5,91,Trachurus japonicus,14,0.738669394320988,0.539762318899833,136.85086351092,3,3.1170497495234,bolditalic('Trachurus japonicus')
TrachurusJaponicus,SSP5-8.5,92,Trachurus japonicus,14,0.724548951728395,0.539762318899833,134.2348152804,3,3.13733916209638,bolditalic('Trachurus japonicus')
TrachurusJaponicus,SSP5-8.5,93,Trachurus japonicus,14,0.729510545925926,0.539762318899833,135.154033614804,3,3.15643253362179,bolditalic('Trachurus japonicus')
TrachurusJaponicus,SSP5-8.5,94,Trachurus japonicus,14,0.702908167160494,0.539762318899833,130.225497880843,3,3.10906250366569,bolditalic('Trachurus japonicus')
TrachurusJaponicus,SSP5-8.5,95,Trachurus japonicus,14,0.734039451728395,0.539762318899833,135.993089184985,3,3.13143041305244,bolditalic('Trachurus japonicus')
TrachurusJaponicus,SSP5-8.5,96,Trachurus japonicus,14,0.745557777283951,0.539762318899833,138.127051700011,3,3.14779413372278,bolditalic('Trachurus japonicus')
TrachurusJaponicus,SSP5-8.5,97,Trachurus japonicus,14,0.695791569654321,0.539762318899833,128.907029129509,3,3.12674907119572,bolditalic('Trachurus japonicus')
TrachurusJaponicus,SSP5-8.5,98,Trachurus japonicus,14,0.736171083209877,0.539762318899833,136.388009579915,3,3.12555016724765,bolditalic('Trachurus japonicus')
TrachurusJaponicus,SSP5-8.5,99,Trachurus japonicus,14,0.747624237962963,0.539762318899833,138.509898113452,3,3.09354424801469,bolditalic('Trachurus japonicus')
TrachurusJaponicus,SSP5-8.5,100,Trachurus japonicus,14,0.67533593308642,0.539762318899833,125.117280224918,3,3.10855217076838,bolditalic('Trachurus japonicus')
TrachysalambriaCurvirostris,Base,1,Trachysalambria curvirostris,7,0.17574032545,0.185021776878517,94.9835897238136,1,1.1462109375298,bolditalic('Trachysalambria curvirostris')
TrachysalambriaCurvirostris,Base,2,Trachysalambria curvirostris,7,0.181501522216667,0.185021776878517,98.0973836046548,1,1.11194700914621,bolditalic('Trachysalambria curvirostris')
TrachysalambriaCurvirostris,Base,3,Trachysalambria curvirostris,7,0.15414529225,0.185021776878517,83.311972704278,1,1.15639009927213,bolditalic('Trachysalambria curvirostris')
TrachysalambriaCurvirostris,Base,4,Trachysalambria curvirostris,7,0.1845462306,0.185021776878517,99.7429782123275,1,1.10621889927983,bolditalic('Trachysalambria curvirostris')
TrachysalambriaCurvirostris,Base,5,Trachysalambria curvirostris,7,0.162705496033333,0.185021776878517,87.9385652750291,1,1.10073978964984,bolditalic('Trachysalambria curvirostris')
TrachysalambriaCurvirostris,Base,6,Trachysalambria curvirostris,7,0.181668290633333,0.185021776878517,98.1875180847574,1,1.13978419756889,bolditalic('Trachysalambria curvirostris')
TrachysalambriaCurvirostris,Base,7,Trachysalambria curvirostris,7,0.2036647376,0.185021776878517,110.076089980329,1,1.14450384837389,bolditalic('Trachysalambria curvirostris')
TrachysalambriaCurvirostris,Base,8,Trachysalambria curvirostris,7,0.170238472133333,0.185021776878517,92.00996499191,1,1.15108372311294,bolditalic('Trachysalambria curvirostris')
TrachysalambriaCurvirostris,Base,9,Trachysalambria curvirostris,7,0.2030040069,0.185021776878517,109.718980287002,1,1.09669700409472,bolditalic('Trachysalambria curvirostris')
TrachysalambriaCurvirostris,Base,10,Trachysalambria curvirostris,7,0.176978754733333,0.185021776878517,95.6529321678363,1,1.09930619926751,bolditalic('Trachysalambria curvirostris')
TrachysalambriaCurvirostris,Base,11,Trachysalambria curvirostris,7,0.186711041666667,0.185021776878517,100.913008628849,1,1.12349152716994,bolditalic('Trachysalambria curvirostris')
TrachysalambriaCurvirostris,Base,12,Trachysalambria curvirostris,7,0.2332486265,0.185021776878517,126.065499118598,1,1.12798823624849,bolditalic('Trachysalambria curvirostris')
TrachysalambriaCurvirostris,Base,13,Trachysalambria curvirostris,7,0.1914262295,0.185021776878517,103.461458823676,1,1.13272482062876,bolditalic('Trachysalambria curvirostris')
TrachysalambriaCurvirostris,Base,14,Trachysalambria curvirostris,7,0.201930691083333,0.185021776878517,109.138877860804,1,1.09398432128131,bolditalic('Trachysalambria curvirostris')
TrachysalambriaCurvirostris,Base,15,Trachysalambria curvirostris,7,0.158632398733333,0.185021776878517,85.7371501936712,1,1.13979593461752,bolditalic('Trachysalambria curvirostris')
TrachysalambriaCurvirostris,Base,16,Trachysalambria curvirostris,7,0.208396987433333,0.185021776878517,112.633761792356,1,1.11201641879976,bolditalic('Trachysalambria curvirostris')
TrachysalambriaCurvirostris,Base,17,Trachysalambria curvirostris,7,0.216830088066667,0.185021776878517,117.191658044142,1,1.13526420634985,bolditalic('Trachysalambria curvirostris')
TrachysalambriaCurvirostris,Base,18,Trachysalambria curvirostris,7,0.212338942616667,0.185021776878517,114.764297586487,1,1.14451768566668,bolditalic('Trachysalambria curvirostris')
TrachysalambriaCurvirostris,Base,19,Trachysalambria curvirostris,7,0.165998762066667,0.185021776878517,89.7184995556821,1,1.12560845428705,bolditalic('Trachysalambria curvirostris')
TrachysalambriaCurvirostris,Base,20,Trachysalambria curvirostris,7,0.170412644183333,0.185021776878517,92.1041009649497,1,1.14568011137843,bolditalic('Trachysalambria curvirostris')
TrachysalambriaCurvirostris,Base,21,Trachysalambria curvirostris,7,0.231260215816667,0.185021776878517,124.990809037852,1,1.15599305227399,bolditalic('Trachysalambria curvirostris')
TrachysalambriaCurvirostris,Base,22,Trachysalambria curvirostris,7,0.187030872066667,0.185021776878517,101.08586957819,1,1.0997624566108,bolditalic('Trachysalambria curvirostris')
TrachysalambriaCurvirostris,Base,23,Trachysalambria curvirostris,7,0.218571408983333,0.185021776878517,118.13280180897,1,1.10966130696237,bolditalic('Trachysalambria curvirostris')
TrachysalambriaCurvirostris,Base,24,Trachysalambria curvirostris,7,0.198913839533333,0.185021776878517,107.508339228597,1,1.1475098682493,bolditalic('Trachysalambria curvirostris')
TrachysalambriaCurvirostris,Base,25,Trachysalambria curvirostris,7,0.171417810766667,0.185021776878517,92.6473703034525,1,1.09758667995036,bolditalic('Trachysalambria curvirostris')
TrachysalambriaCurvirostris,Base,26,Trachysalambria curvirostris,7,0.168892056266667,0.185021776878517,91.2822582919846,1,1.12173631866276,bolditalic('Trachysalambria curvirostris')
TrachysalambriaCurvirostris,Base,27,Trachysalambria curvirostris,7,0.22118911625,0.185021776878517,119.547612168502,1,1.10300242193043,bolditalic('Trachysalambria curvirostris')
TrachysalambriaCurvirostris,Base,28,Trachysalambria curvirostris,7,0.19333863475,0.185021776878517,104.495069721952,1,1.13430908191204,bolditalic('Trachysalambria curvirostris')
TrachysalambriaCurvirostris,Base,29,Trachysalambria curvirostris,7,0.173904747816667,0.185021776878517,93.9915023791232,1,1.14677799142897,bolditalic('Trachysalambria curvirostris')
TrachysalambriaCurvirostris,Base,30,Trachysalambria curvirostris,7,0.1767597712,0.185021776878517,95.5345766223284,1,1.15155147309601,bolditalic('Trachysalambria curvirostris')
TrachysalambriaCurvirostris,Base,31,Trachysalambria curvirostris,7,0.202313145866667,0.185021776878517,109.345585843932,1,1.12840234291554,bolditalic('Trachysalambria curvirostris')
TrachysalambriaCurvirostris,Base,32,Trachysalambria curvirostris,7,0.187371608483333,0.185021776878517,101.270029747017,1,1.13125574889779,bolditalic('Trachysalambria curvirostris')
TrachysalambriaCurvirostris,Base,33,Trachysalambria curvirostris,7,0.202069161608333,0.185021776878517,109.213717983591,1,1.11994265791774,bolditalic('Trachysalambria curvirostris')
TrachysalambriaCurvirostris,Base,34,Trachysalambria curvirostris,7,0.178872117133333,0.185021776878517,96.6762508452065,1,1.12449482524395,bolditalic('Trachysalambria curvirostris')
TrachysalambriaCurvirostris,Base,35,Trachysalambria curvirostris,7,0.225127179483333,0.185021776878517,121.676044453486,1,1.13478448930383,bolditalic('Trachysalambria curvirostris')
TrachysalambriaCurvirostris,Base,36,Trachysalambria curvirostris,7,0.193330867466667,0.185021776878517,104.490871684583,1,1.14945602023602,bolditalic('Trachysalambria curvirostris')
TrachysalambriaCurvirostris,Base,37,Trachysalambria curvirostris,7,0.16413811475,0.185021776878517,88.7128626257715,1,1.10690955561399,bolditalic('Trachysalambria curvirostris')
TrachysalambriaCurvirostris,Base,38,Trachysalambria curvirostris,7,0.199098201766667,0.185021776878517,107.607982760534,1,1.1048952870369,bolditalic('Trachysalambria curvirostris')
TrachysalambriaCurvirostris,Base,39,Trachysalambria curvirostris,7,0.178946622883333,0.185021776878517,96.7165194834484,1,1.15540616205335,bolditalic('Trachysalambria curvirostris')
TrachysalambriaCurvirostris,Base,40,Trachysalambria curvirostris,7,0.187276758233333,0.185021776878517,101.218765376087,1,1.10474086180329,bolditalic('Trachysalambria curvirostris')
TrachysalambriaCurvirostris,Base,41,Trachysalambria curvirostris,7,0.20114661655,0.185021776878517,108.715103672402,1,1.09549672949314,bolditalic('Trachysalambria curvirostris')
TrachysalambriaCurvirostris,Base,42,Trachysalambria curvirostris,7,0.189075937933333,0.185021776878517,102.191180477895,1,1.11669339936972,bolditalic('Trachysalambria curvirostris')
TrachysalambriaCurvirostris,Base,43,Trachysalambria curvirostris,7,0.183114302483333,0.185021776878517,98.9690541149456,1,1.14039320188761,bolditalic('Trachysalambria curvirostris')
TrachysalambriaCurvirostris,Base,44,Trachysalambria curvirostris,7,0.158536705783333,0.185021776878517,85.6854303628413,1,1.15076019090414,bolditalic('Trachysalambria curvirostris')
TrachysalambriaCurvirostris,Base,45,Trachysalambria curvirostris,7,0.17821138825,0.185021776878517,96.3191421337455,1,1.11885556016862,bolditalic('Trachysalambria curvirostris')
TrachysalambriaCurvirostris,Base,46,Trachysalambria curvirostris,7,0.183311913166667,0.185021776878517,99.075858128326,1,1.1138339740783,bolditalic('Trachysalambria curvirostris')
TrachysalambriaCurvirostris,Base,47,Trachysalambria curvirostris,7,0.194995443466667,0.185021776878517,105.390536593268,1,1.12435810035467,bolditalic('Trachysalambria curvirostris')
TrachysalambriaCurvirostris,Base,48,Trachysalambria curvirostris,7,0.1644818707,0.185021776878517,88.898654782673,1,1.14196119616926,bolditalic('Trachysalambria curvirostris')
TrachysalambriaCurvirostris,Base,49,Trachysalambria curvirostris,7,0.164378723133333,0.185021776878517,88.8429059035912,1,1.0932805903405,bolditalic('Trachysalambria curvirostris')
TrachysalambriaCurvirostris,Base,50,Trachysalambria curvirostris,7,0.177837227033333,0.185021776878517,96.1169166319806,1,1.13409477297962,bolditalic('Trachysalambria curvirostris')
TrachysalambriaCurvirostris,Base,51,Trachysalambria curvirostris,7,0.2020609322,0.185021776878517,109.209270178327,1,1.13150886908174,bolditalic('Trachysalambria curvirostris')
TrachysalambriaCurvirostris,Base,52,Trachysalambria curvirostris,7,0.1833546425,0.185021776878517,99.0989523467763,1,1.12183883140981,bolditalic('Trachysalambria curvirostris')
TrachysalambriaCurvirostris,Base,53,Trachysalambria curvirostris,7,0.1682659361,0.185021776878517,90.9438547930937,1,1.12342223954201,bolditalic('Trachysalambria curvirostris')
TrachysalambriaCurvirostris,Base,54,Trachysalambria curvirostris,7,0.199373341066667,0.185021776878517,107.756689201819,1,1.13185215324163,bolditalic('Trachysalambria curvirostris')
TrachysalambriaCurvirostris,Base,55,Trachysalambria curvirostris,7,0.178107947033333,0.185021776878517,96.2632345436163,1,1.11045769274235,bolditalic('Trachysalambria curvirostris')
TrachysalambriaCurvirostris,Base,56,Trachysalambria curvirostris,7,0.20546883035,0.185021776878517,111.051160472266,1,1.11724246430397,bolditalic('Trachysalambria curvirostris')
TrachysalambriaCurvirostris,Base,57,Trachysalambria curvirostris,7,0.212408041893333,0.185021776878517,114.801644150676,1,1.11393135641515,bolditalic('Trachysalambria curvirostris')
TrachysalambriaCurvirostris,Base,58,Trachysalambria curvirostris,7,0.15986453225,0.185021776878517,86.4030899211207,1,1.15422382858396,bolditalic('Trachysalambria curvirostris')
TrachysalambriaCurvirostris,Base,59,Trachysalambria curvirostris,7,0.15157474195,0.185021776878517,81.9226495968215,1,1.13660788683593,bolditalic('Trachysalambria curvirostris')
TrachysalambriaCurvirostris,Base,60,Trachysalambria curvirostris,7,0.158986565416667,0.185021776878517,85.9285691116543,1,1.09867703524232,bolditalic('Trachysalambria curvirostris')
TrachysalambriaCurvirostris,Base,61,Trachysalambria curvirostris,7,0.204630032683333,0.185021776878517,110.597809693337,1,1.13624937060475,bolditalic('Trachysalambria curvirostris')
TrachysalambriaCurvirostris,Base,62,Trachysalambria curvirostris,7,0.191618812116667,0.185021776878517,103.565545283073,1,1.10201530618966,bolditalic('Trachysalambria curvirostris')
TrachysalambriaCurvirostris,Base,63,Trachysalambria curvirostris,7,0.1714594055,0.185021776878517,92.66985129679,1,1.12367200399935,bolditalic('Trachysalambria curvirostris')
TrachysalambriaCurvirostris,Base,64,Trachysalambria curvirostris,7,0.18018398785,0.185021776878517,97.3852866888782,1,1.14707452765107,bolditalic('Trachysalambria curvirostris')
TrachysalambriaCurvirostris,Base,65,Trachysalambria curvirostris,7,0.192335713266667,0.185021776878517,103.953013808181,1,1.10540459661186,bolditalic('Trachysalambria curvirostris')
TrachysalambriaCurvirostris,Base,66,Trachysalambria curvirostris,7,0.1893862896,0.185021776878517,102.358918390644,1,1.14262823444605,bolditalic('Trachysalambria curvirostris')
TrachysalambriaCurvirostris,Base,67,Trachysalambria curvirostris,7,0.1542615396,0.185021776878517,83.3748017139012,1,1.12438584722579,bolditalic('Trachysalambria curvirostris')
TrachysalambriaCurvirostris,Base,68,Trachysalambria curvirostris,7,0.173111957616667,0.185021776878517,93.5630175740505,1,1.1049869915992,bolditalic('Trachysalambria curvirostris')
TrachysalambriaCurvirostris,Base,69,Trachysalambria curvirostris,7,0.18547018625,0.185021776878517,100.242354915756,1,1.12299903137982,bolditalic('Trachysalambria curvirostris')
TrachysalambriaCurvirostris,Base,70,Trachysalambria curvirostris,7,0.164609752566667,0.185021776878517,88.9677719800237,1,1.12179706843197,bolditalic('Trachysalambria curvirostris')
TrachysalambriaCurvirostris,Base,71,Trachysalambria curvirostris,7,0.177405223183333,0.185021776878517,95.8834285219385,1,1.13946929591894,bolditalic('Trachysalambria curvirostris')
TrachysalambriaCurvirostris,Base,72,Trachysalambria curvirostris,7,0.18315143275,0.185021776878517,98.9891221670924,1,1.12090398973227,bolditalic('Trachysalambria curvirostris')
TrachysalambriaCurvirostris,Base,73,Trachysalambria curvirostris,7,0.178076051983333,0.185021776878517,96.2459960052464,1,1.12283537259698,bolditalic('Trachysalambria curvirostris')
TrachysalambriaCurvirostris,Base,74,Trachysalambria curvirostris,7,0.155647373383333,0.185021776878517,84.1238128879983,1,1.1140997454524,bolditalic('Trachysalambria curvirostris')
TrachysalambriaCurvirostris,Base,75,Trachysalambria curvirostris,7,0.17650627705,0.185021776878517,95.3975688850357,1,1.1214694352448,bolditalic('Trachysalambria curvirostris')
TrachysalambriaCurvirostris,Base,76,Trachysalambria curvirostris,7,0.181252518466667,0.185021776878517,97.9628028249213,1,1.13930881005526,bolditalic('Trachysalambria curvirostris')
TrachysalambriaCurvirostris,Base,77,Trachysalambria curvirostris,7,0.147521470433333,0.185021776878517,79.7319498937652,1,1.13552775402367,bolditalic('Trachysalambria curvirostris')
TrachysalambriaCurvirostris,Base,78,Trachysalambria curvirostris,7,0.213530213283333,0.185021776878517,115.408151886648,1,1.10638327845931,bolditalic('Trachysalambria curvirostris')
TrachysalambriaCurvirostris,Base,79,Trachysalambria curvirostris,7,0.1763259184,0.185021776878517,95.300089197486,1,1.11730151093006,bolditalic('Trachysalambria curvirostris')
TrachysalambriaCurvirostris,Base,80,Trachysalambria curvirostris,7,0.189610506366667,0.185021776878517,102.480102377983,1,1.10944408583641,bolditalic('Trachysalambria curvirostris')
TrachysalambriaCurvirostris,Base,81,Trachysalambria curvirostris,7,0.18640130875,0.185021776878517,100.745605136194,1,1.13481552062929,bolditalic('Trachysalambria curvirostris')
TrachysalambriaCurvirostris,Base,82,Trachysalambria curvirostris,7,0.196193082083333,0.185021776878517,106.037832623428,1,1.14799120125175,bolditalic('Trachysalambria curvirostris')
TrachysalambriaCurvirostris,Base,83,Trachysalambria curvirostris,7,0.1751779943,0.185021776878517,94.6796627161461,1,1.14202044320107,bolditalic('Trachysalambria curvirostris')
TrachysalambriaCurvirostris,Base,84,Trachysalambria curvirostris,7,0.158151819066667,0.185021776878517,85.4774079758773,1,1.10486073973775,bolditalic('Trachysalambria curvirostris')
TrachysalambriaCurvirostris,Base,85,Trachysalambria curvirostris,7,0.190091553133333,0.185021776878517,102.740097052546,1,1.09523543946445,bolditalic('Trachysalambria curvirostris')
TrachysalambriaCurvirostris,Base,86,Trachysalambria curvirostris,7,0.166113536516667,0.185021776878517,89.7805324968506,1,1.09580173447728,bolditalic('Trachysalambria curvirostris')
TrachysalambriaCurvirostris,Base,87,Trachysalambria curvirostris,7,0.172970619466667,0.185021776878517,93.4866275661365,1,1.10463686463237,bolditalic('Trachysalambria curvirostris')
TrachysalambriaCurvirostris,Base,88,Trachysalambria curvirostris,7,0.193802663116667,0.185021776878517,104.745866344109,1,1.10279144348204,bolditalic('Trachysalambria curvirostris')
TrachysalambriaCurvirostris,Base,89,Trachysalambria curvirostris,7,0.167717507416667,0.185021776878517,90.6474417477833,1,1.13525592906773,bolditalic('Trachysalambria curvirostris')
TrachysalambriaCurvirostris,Base,90,Trachysalambria curvirostris,7,0.179947130716667,0.185021776878517,97.2572708751026,1,1.1239857185632,bolditalic('Trachysalambria curvirostris')
TrachysalambriaCurvirostris,Base,91,Trachysalambria curvirostris,7,0.166365673416667,0.185021776878517,89.9168066718443,1,1.1487669980675,bolditalic('Trachysalambria curvirostris')
TrachysalambriaCurvirostris,Base,92,Trachysalambria curvirostris,7,0.18146128505,0.185021776878517,98.0756363447669,1,1.12178400018811,bolditalic('Trachysalambria curvirostris')
TrachysalambriaCurvirostris,Base,93,Trachysalambria curvirostris,7,0.1959443372,0.185021776878517,105.903391755153,1,1.15287714248896,bolditalic('Trachysalambria curvirostris')
TrachysalambriaCurvirostris,Base,94,Trachysalambria curvirostris,7,0.169830614766667,0.185021776878517,91.789527498796,1,1.12426902379096,bolditalic('Trachysalambria curvirostris')
TrachysalambriaCurvirostris,Base,95,Trachysalambria curvirostris,7,0.226893595816667,0.185021776878517,122.630751711807,1,1.13615455397964,bolditalic('Trachysalambria curvirostris')
TrachysalambriaCurvirostris,Base,96,Trachysalambria curvirostris,7,0.196195815683333,0.185021776878517,106.039310071135,1,1.12316254426539,bolditalic('Trachysalambria curvirostris')
TrachysalambriaCurvirostris,Base,97,Trachysalambria curvirostris,7,0.184108992516667,0.185021776878517,99.5066611199778,1,1.13275243057311,bolditalic('Trachysalambria curvirostris')
TrachysalambriaCurvirostris,Base,98,Trachysalambria curvirostris,7,0.1930528369,0.185021776878517,104.340602580396,1,1.12686776332557,bolditalic('Trachysalambria curvirostris')
TrachysalambriaCurvirostris,Base,99,Trachysalambria curvirostris,7,0.188421618516667,0.185021776878517,101.837535935234,1,1.10061016368866,bolditalic('Trachysalambria curvirostris')
TrachysalambriaCurvirostris,Base,100,Trachysalambria curvirostris,7,0.212743610283333,0.185021776878517,114.983011120371,1,1.11651959733665,bolditalic('Trachysalambria curvirostris')
TrachysalambriaCurvirostris,SSP1-2.6,1,Trachysalambria curvirostris,7,0.268444391308642,0.185021776878517,145.087997660351,2,2.13259222710133,bolditalic('Trachysalambria curvirostris')
TrachysalambriaCurvirostris,SSP1-2.6,2,Trachysalambria curvirostris,7,0.290466125654321,0.185021776878517,156.990236800632,2,2.09685879145563,bolditalic('Trachysalambria curvirostris')
TrachysalambriaCurvirostris,SSP1-2.6,3,Trachysalambria curvirostris,7,0.248615754808642,0.185021776878517,134.371077287773,2,2.1022936077565,bolditalic('Trachysalambria curvirostris')
TrachysalambriaCurvirostris,SSP1-2.6,4,Trachysalambria curvirostris,7,0.262834279191358,0.185021776878517,142.055861545386,2,2.09550796787441,bolditalic('Trachysalambria curvirostris')
TrachysalambriaCurvirostris,SSP1-2.6,5,Trachysalambria curvirostris,7,0.269240512055556,0.185021776878517,145.51828254916,2,2.1378669859767,bolditalic('Trachysalambria curvirostris')
TrachysalambriaCurvirostris,SSP1-2.6,6,Trachysalambria curvirostris,7,0.264111220092593,0.185021776878517,142.746018630015,2,2.1477358135134,bolditalic('Trachysalambria curvirostris')
TrachysalambriaCurvirostris,SSP1-2.6,7,Trachysalambria curvirostris,7,0.281956998438272,0.185021776878517,152.391249935624,2,2.12226181684434,bolditalic('Trachysalambria curvirostris')
TrachysalambriaCurvirostris,SSP1-2.6,8,Trachysalambria curvirostris,7,0.254500261469136,0.185021776878517,137.551517320168,2,2.11808154280484,bolditalic('Trachysalambria curvirostris')
TrachysalambriaCurvirostris,SSP1-2.6,9,Trachysalambria curvirostris,7,0.275993776018519,0.185021776878517,149.168265852151,2,2.10377009275556,bolditalic('Trachysalambria curvirostris')
TrachysalambriaCurvirostris,SSP1-2.6,10,Trachysalambria curvirostris,7,0.247862395524691,0.185021776878517,133.963903982738,2,2.14157706134021,bolditalic('Trachysalambria curvirostris')
TrachysalambriaCurvirostris,SSP1-2.6,11,Trachysalambria curvirostris,7,0.299696009382716,0.185021776878517,161.978775925114,2,2.10218905715644,bolditalic('Trachysalambria curvirostris')
TrachysalambriaCurvirostris,SSP1-2.6,12,Trachysalambria curvirostris,7,0.238566188660494,0.185021776878517,128.939518734129,2,2.10657844088972,bolditalic('Trachysalambria curvirostris')
TrachysalambriaCurvirostris,SSP1-2.6,13,Trachysalambria curvirostris,7,0.255939050864198,0.185021776878517,138.329149780161,2,2.10525508277118,bolditalic('Trachysalambria curvirostris')
TrachysalambriaCurvirostris,SSP1-2.6,14,Trachysalambria curvirostris,7,0.238722581641975,0.185021776878517,129.024045530985,2,2.09415514145792,bolditalic('Trachysalambria curvirostris')
TrachysalambriaCurvirostris,SSP1-2.6,15,Trachysalambria curvirostris,7,0.332145486777778,0.185021776878517,179.516969505628,2,2.1209331920445,bolditalic('Trachysalambria curvirostris')
TrachysalambriaCurvirostris,SSP1-2.6,16,Trachysalambria curvirostris,7,0.261115376691358,0.185021776878517,141.126834417337,2,2.12412174163759,bolditalic('Trachysalambria curvirostris')
TrachysalambriaCurvirostris,SSP1-2.6,17,Trachysalambria curvirostris,7,0.256502428333333,0.185021776878517,138.633642299171,2,2.12364808022976,bolditalic('Trachysalambria curvirostris')
TrachysalambriaCurvirostris,SSP1-2.6,18,Trachysalambria curvirostris,7,0.258918188314815,0.185021776878517,139.939304812113,2,2.11760308383405,bolditalic('Trachysalambria curvirostris')
TrachysalambriaCurvirostris,SSP1-2.6,19,Trachysalambria curvirostris,7,0.242453192938272,0.185021776878517,131.040354832104,2,2.11272598062456,bolditalic('Trachysalambria curvirostris')
TrachysalambriaCurvirostris,SSP1-2.6,20,Trachysalambria curvirostris,7,0.261809997055556,0.185021776878517,141.502260691971,2,2.10563852487504,bolditalic('Trachysalambria curvirostris')
TrachysalambriaCurvirostris,SSP1-2.6,21,Trachysalambria curvirostris,7,0.261665041876543,0.185021776878517,141.423915763359,2,2.14017207431793,bolditalic('Trachysalambria curvirostris')
TrachysalambriaCurvirostris,SSP1-2.6,22,Trachysalambria curvirostris,7,0.247664765209877,0.185021776878517,133.857089358995,2,2.1527036318481,bolditalic('Trachysalambria curvirostris')
TrachysalambriaCurvirostris,SSP1-2.6,23,Trachysalambria curvirostris,7,0.242050450246914,0.185021776878517,130.822681702944,2,2.15556670114398,bolditalic('Trachysalambria curvirostris')
TrachysalambriaCurvirostris,SSP1-2.6,24,Trachysalambria curvirostris,7,0.261320650191358,0.185021776878517,141.237780006263,2,2.15508049996197,bolditalic('Trachysalambria curvirostris')
TrachysalambriaCurvirostris,SSP1-2.6,25,Trachysalambria curvirostris,7,0.280266680753086,0.185021776878517,151.477672240228,2,2.11592295101285,bolditalic('Trachysalambria curvirostris')
TrachysalambriaCurvirostris,SSP1-2.6,26,Trachysalambria curvirostris,7,0.261989437376543,0.185021776878517,141.599244043885,2,2.09881971520185,bolditalic('Trachysalambria curvirostris')
TrachysalambriaCurvirostris,SSP1-2.6,27,Trachysalambria curvirostris,7,0.264317638024691,0.185021776878517,142.857582758077,2,2.14285257107019,bolditalic('Trachysalambria curvirostris')
TrachysalambriaCurvirostris,SSP1-2.6,28,Trachysalambria curvirostris,7,0.279273958453704,0.185021776878517,150.941128749981,2,2.11437481187284,bolditalic('Trachysalambria curvirostris')
TrachysalambriaCurvirostris,SSP1-2.6,29,Trachysalambria curvirostris,7,0.270040072024691,0.185021776878517,145.9504262582,2,2.10372591821849,bolditalic('Trachysalambria curvirostris')
TrachysalambriaCurvirostris,SSP1-2.6,30,Trachysalambria curvirostris,7,0.279031685253086,0.185021776878517,150.810185676843,2,2.10540882350504,bolditalic('Trachysalambria curvirostris')
TrachysalambriaCurvirostris,SSP1-2.6,31,Trachysalambria curvirostris,7,0.25298303208642,0.185021776878517,136.731489857286,2,2.11438734592497,bolditalic('Trachysalambria curvirostris')
TrachysalambriaCurvirostris,SSP1-2.6,32,Trachysalambria curvirostris,7,0.240488511432099,0.185021776878517,129.978489823931,2,2.13857160262764,bolditalic('Trachysalambria curvirostris')
TrachysalambriaCurvirostris,SSP1-2.6,33,Trachysalambria curvirostris,7,0.281442994475309,0.185021776878517,152.113442657132,2,2.0986947093308,bolditalic('Trachysalambria curvirostris')
TrachysalambriaCurvirostris,SSP1-2.6,34,Trachysalambria curvirostris,7,0.286611823932099,0.185021776878517,154.907075679143,2,2.11048287394643,bolditalic('Trachysalambria curvirostris')
TrachysalambriaCurvirostris,SSP1-2.6,35,Trachysalambria curvirostris,7,0.281221457024691,0.185021776878517,151.993706778277,2,2.12123872961104,bolditalic('Trachysalambria curvirostris')
TrachysalambriaCurvirostris,SSP1-2.6,36,Trachysalambria curvirostris,7,0.266056645944444,0.185021776878517,143.797476401458,2,2.14925249484181,bolditalic('Trachysalambria curvirostris')
TrachysalambriaCurvirostris,SSP1-2.6,37,Trachysalambria curvirostris,7,0.237609747888889,0.185021776878517,128.422584572248,2,2.10096611830592,bolditalic('Trachysalambria curvirostris')
TrachysalambriaCurvirostris,SSP1-2.6,38,Trachysalambria curvirostris,7,0.251848934203704,0.185021776878517,136.118536127272,2,2.13292840076983,bolditalic('Trachysalambria curvirostris')
TrachysalambriaCurvirostris,SSP1-2.6,39,Trachysalambria curvirostris,7,0.258392312858025,0.185021776878517,139.655081265208,2,2.12632879173756,bolditalic('Trachysalambria curvirostris')
TrachysalambriaCurvirostris,SSP1-2.6,40,Trachysalambria curvirostris,7,0.277136660314815,0.185021776878517,149.78596843591,2,2.122201205194,bolditalic('Trachysalambria curvirostris')
TrachysalambriaCurvirostris,SSP1-2.6,41,Trachysalambria curvirostris,7,0.240575716462963,0.185021776878517,130.025622130374,2,2.09509664030373,bolditalic('Trachysalambria curvirostris')
TrachysalambriaCurvirostris,SSP1-2.6,42,Trachysalambria curvirostris,7,0.271022837228395,0.185021776878517,146.481588168049,2,2.10294537368417,bolditalic('Trachysalambria curvirostris')
TrachysalambriaCurvirostris,SSP1-2.6,43,Trachysalambria curvirostris,7,0.265814966,0.185021776878517,143.66685396959,2,2.12986193905771,bolditalic('Trachysalambria curvirostris')
TrachysalambriaCurvirostris,SSP1-2.6,44,Trachysalambria curvirostris,7,0.305978403037037,0.185021776878517,165.374264694225,2,2.15031314526498,bolditalic('Trachysalambria curvirostris')
TrachysalambriaCurvirostris,SSP1-2.6,45,Trachysalambria curvirostris,7,0.266781988888889,0.185021776878517,144.189507521623,2,2.12202235147357,bolditalic('Trachysalambria curvirostris')
TrachysalambriaCurvirostris,SSP1-2.6,46,Trachysalambria curvirostris,7,0.259455392969136,0.185021776878517,140.229651528799,2,2.13364614345133,bolditalic('Trachysalambria curvirostris')
TrachysalambriaCurvirostris,SSP1-2.6,47,Trachysalambria curvirostris,7,0.280439301154321,0.185021776878517,151.570969582923,2,2.10687191103399,bolditalic('Trachysalambria curvirostris')
TrachysalambriaCurvirostris,SSP1-2.6,48,Trachysalambria curvirostris,7,0.283889542216049,0.185021776878517,153.435745243355,2,2.13448703086376,bolditalic('Trachysalambria curvirostris')
TrachysalambriaCurvirostris,SSP1-2.6,49,Trachysalambria curvirostris,7,0.242428293358025,0.185021776878517,131.026897183676,2,2.11193874634802,bolditalic('Trachysalambria curvirostris')
TrachysalambriaCurvirostris,SSP1-2.6,50,Trachysalambria curvirostris,7,0.249792856777778,0.185021776878517,135.00727373394,2,2.11765925170481,bolditalic('Trachysalambria curvirostris')
TrachysalambriaCurvirostris,SSP1-2.6,51,Trachysalambria curvirostris,7,0.285731797666667,0.185021776878517,154.43144179416,2,2.14174140273035,bolditalic('Trachysalambria curvirostris')
TrachysalambriaCurvirostris,SSP1-2.6,52,Trachysalambria curvirostris,7,0.285037167104938,0.185021776878517,154.056010007995,2,2.13321153883636,bolditalic('Trachysalambria curvirostris')
TrachysalambriaCurvirostris,SSP1-2.6,53,Trachysalambria curvirostris,7,0.272404992401235,0.185021776878517,147.228611138079,2,2.1313203805536,bolditalic('Trachysalambria curvirostris')
TrachysalambriaCurvirostris,SSP1-2.6,54,Trachysalambria curvirostris,7,0.249997167185185,0.185021776878517,135.117698793548,2,2.10397883908451,bolditalic('Trachysalambria curvirostris')
TrachysalambriaCurvirostris,SSP1-2.6,55,Trachysalambria curvirostris,7,0.252780874234568,0.185021776878517,136.622228204273,2,2.09382874928415,bolditalic('Trachysalambria curvirostris')
TrachysalambriaCurvirostris,SSP1-2.6,56,Trachysalambria curvirostris,7,0.272887679895062,0.185021776878517,147.489492587803,2,2.12517065089941,bolditalic('Trachysalambria curvirostris')
TrachysalambriaCurvirostris,SSP1-2.6,57,Trachysalambria curvirostris,7,0.27677176704321,0.185021776878517,149.588752044542,2,2.12592303825915,bolditalic('Trachysalambria curvirostris')
TrachysalambriaCurvirostris,SSP1-2.6,58,Trachysalambria curvirostris,7,0.280436907049383,0.185021776878517,151.569675624462,2,2.13556305009127,bolditalic('Trachysalambria curvirostris')
TrachysalambriaCurvirostris,SSP1-2.6,59,Trachysalambria curvirostris,7,0.293185775364198,0.185021776878517,158.460144697832,2,2.10424757058918,bolditalic('Trachysalambria curvirostris')
TrachysalambriaCurvirostris,SSP1-2.6,60,Trachysalambria curvirostris,7,0.270404213765432,0.185021776878517,146.147236464482,2,2.13737701299787,bolditalic('Trachysalambria curvirostris')
TrachysalambriaCurvirostris,SSP1-2.6,61,Trachysalambria curvirostris,7,0.257945029209877,0.185021776878517,139.413334776933,2,2.1270672712177,bolditalic('Trachysalambria curvirostris')
TrachysalambriaCurvirostris,SSP1-2.6,62,Trachysalambria curvirostris,7,0.254105367827161,0.185021776878517,137.33808642104,2,2.13145613864064,bolditalic('Trachysalambria curvirostris')
TrachysalambriaCurvirostris,SSP1-2.6,63,Trachysalambria curvirostris,7,0.272272918166667,0.185021776878517,147.15722806264,2,2.09734107083082,bolditalic('Trachysalambria curvirostris')
TrachysalambriaCurvirostris,SSP1-2.6,64,Trachysalambria curvirostris,7,0.257164235580247,0.185021776878517,138.991333841258,2,2.12248113423586,bolditalic('Trachysalambria curvirostris')
TrachysalambriaCurvirostris,SSP1-2.6,65,Trachysalambria curvirostris,7,0.275015400481482,0.185021776878517,148.63947645582,2,2.13362446887791,bolditalic('Trachysalambria curvirostris')
TrachysalambriaCurvirostris,SSP1-2.6,66,Trachysalambria curvirostris,7,0.241455388907407,0.185021776878517,130.501064783279,2,2.13729604692757,bolditalic('Trachysalambria curvirostris')
TrachysalambriaCurvirostris,SSP1-2.6,67,Trachysalambria curvirostris,7,0.235313360950617,0.185021776878517,127.181440433966,2,2.14476164740324,bolditalic('Trachysalambria curvirostris')
TrachysalambriaCurvirostris,SSP1-2.6,68,Trachysalambria curvirostris,7,0.276683757006173,0.185021776878517,149.541184650843,2,2.14586248476803,bolditalic('Trachysalambria curvirostris')
TrachysalambriaCurvirostris,SSP1-2.6,69,Trachysalambria curvirostris,7,0.289570114512346,0.185021776878517,156.505963458817,2,2.11261787718534,bolditalic('Trachysalambria curvirostris')
TrachysalambriaCurvirostris,SSP1-2.6,70,Trachysalambria curvirostris,7,0.274404684092593,0.185021776878517,148.30939834329,2,2.11959518861771,bolditalic('Trachysalambria curvirostris')
TrachysalambriaCurvirostris,SSP1-2.6,71,Trachysalambria curvirostris,7,0.28047005804321,0.185021776878517,151.587592971482,2,2.12347834940255,bolditalic('Trachysalambria curvirostris')
TrachysalambriaCurvirostris,SSP1-2.6,72,Trachysalambria curvirostris,7,0.26418046908642,0.185021776878517,142.783446112875,2,2.14403247742355,bolditalic('Trachysalambria curvirostris')
TrachysalambriaCurvirostris,SSP1-2.6,73,Trachysalambria curvirostris,7,0.300334548092593,0.185021776878517,162.323891359983,2,2.12589925841987,bolditalic('Trachysalambria curvirostris')
TrachysalambriaCurvirostris,SSP1-2.6,74,Trachysalambria curvirostris,7,0.267028397438272,0.185021776878517,144.322685655322,2,2.14535488323867,bolditalic('Trachysalambria curvirostris')
TrachysalambriaCurvirostris,SSP1-2.6,75,Trachysalambria curvirostris,7,0.265789472506173,0.185021776878517,143.653075324581,2,2.14615782929957,bolditalic('Trachysalambria curvirostris')
TrachysalambriaCurvirostris,SSP1-2.6,76,Trachysalambria curvirostris,7,0.256306336098765,0.185021776878517,138.527658972302,2,2.11875979624689,bolditalic('Trachysalambria curvirostris')
TrachysalambriaCurvirostris,SSP1-2.6,77,Trachysalambria curvirostris,7,0.276816020975309,0.185021776878517,149.612670273437,2,2.14358622343838,bolditalic('Trachysalambria curvirostris')
TrachysalambriaCurvirostris,SSP1-2.6,78,Trachysalambria curvirostris,7,0.256851760740741,0.185021776878517,138.822448402594,2,2.15332870958745,bolditalic('Trachysalambria curvirostris')
TrachysalambriaCurvirostris,SSP1-2.6,79,Trachysalambria curvirostris,7,0.301782452901235,0.185021776878517,163.106450490626,2,2.12873886024952,bolditalic('Trachysalambria curvirostris')
TrachysalambriaCurvirostris,SSP1-2.6,80,Trachysalambria curvirostris,7,0.238054010740741,0.185021776878517,128.662698389847,2,2.10354208453,bolditalic('Trachysalambria curvirostris')
TrachysalambriaCurvirostris,SSP1-2.6,81,Trachysalambria curvirostris,7,0.239299108203704,0.185021776878517,129.335644831054,2,2.14788425292075,bolditalic('Trachysalambria curvirostris')
TrachysalambriaCurvirostris,SSP1-2.6,82,Trachysalambria curvirostris,7,0.246225558901235,0.185021776878517,133.079231566836,2,2.11027383491397,bolditalic('Trachysalambria curvirostris')
TrachysalambriaCurvirostris,SSP1-2.6,83,Trachysalambria curvirostris,7,0.240962291185185,0.185021776878517,130.234556845381,2,2.13450796827674,bolditalic('Trachysalambria curvirostris')
TrachysalambriaCurvirostris,SSP1-2.6,84,Trachysalambria curvirostris,7,0.27045398017284,0.185021776878517,146.17413405905,2,2.14723192052543,bolditalic('Trachysalambria curvirostris')
TrachysalambriaCurvirostris,SSP1-2.6,85,Trachysalambria curvirostris,7,0.249772514407407,0.185021776878517,134.996279152267,2,2.13541715812683,bolditalic('Trachysalambria curvirostris')
TrachysalambriaCurvirostris,SSP1-2.6,86,Trachysalambria curvirostris,7,0.298966316049383,0.185021776878517,161.584393520164,2,2.09688811449707,bolditalic('Trachysalambria curvirostris')
TrachysalambriaCurvirostris,SSP1-2.6,87,Trachysalambria curvirostris,7,0.251743042734568,0.185021776878517,136.061304232236,2,2.10905869396031,bolditalic('Trachysalambria curvirostris')
TrachysalambriaCurvirostris,SSP1-2.6,88,Trachysalambria curvirostris,7,0.256745531580247,0.185021776878517,138.765033993173,2,2.12681604142487,bolditalic('Trachysalambria curvirostris')
TrachysalambriaCurvirostris,SSP1-2.6,89,Trachysalambria curvirostris,7,0.287565523703704,0.185021776878517,155.422528393788,2,2.12567351834476,bolditalic('Trachysalambria curvirostris')
TrachysalambriaCurvirostris,SSP1-2.6,90,Trachysalambria curvirostris,7,0.291498742308642,0.185021776878517,157.548342268941,2,2.14873826925457,bolditalic('Trachysalambria curvirostris')
TrachysalambriaCurvirostris,SSP1-2.6,91,Trachysalambria curvirostris,7,0.290693749055556,0.185021776878517,157.113261995329,2,2.103945068717,bolditalic('Trachysalambria curvirostris')
TrachysalambriaCurvirostris,SSP1-2.6,92,Trachysalambria curvirostris,7,0.260511745839506,0.185021776878517,140.800585874038,2,2.11565402530134,bolditalic('Trachysalambria curvirostris')
TrachysalambriaCurvirostris,SSP1-2.6,93,Trachysalambria curvirostris,7,0.2782728335,0.185021776878517,150.40004381901,2,2.1501869623661,bolditalic('Trachysalambria curvirostris')
TrachysalambriaCurvirostris,SSP1-2.6,94,Trachysalambria curvirostris,7,0.254074559061728,0.185021776878517,137.321434994406,2,2.14569050091505,bolditalic('Trachysalambria curvirostris')
TrachysalambriaCurvirostris,SSP1-2.6,95,Trachysalambria curvirostris,7,0.249061529117284,0.185021776878517,134.612008012881,2,2.12396822153032,bolditalic('Trachysalambria curvirostris')
TrachysalambriaCurvirostris,SSP1-2.6,96,Trachysalambria curvirostris,7,0.254548030592593,0.185021776878517,137.57733542886,2,2.10735818320513,bolditalic('Trachysalambria curvirostris')
TrachysalambriaCurvirostris,SSP1-2.6,97,Trachysalambria curvirostris,7,0.270608166895062,0.185021776878517,146.257468423698,2,2.0947542168647,bolditalic('Trachysalambria curvirostris')
TrachysalambriaCurvirostris,SSP1-2.6,98,Trachysalambria curvirostris,7,0.258531976080247,0.185021776878517,139.730566013317,2,2.14867163836956,bolditalic('Trachysalambria curvirostris')
TrachysalambriaCurvirostris,SSP1-2.6,99,Trachysalambria curvirostris,7,0.262963411932099,0.185021776878517,142.125654811303,2,2.10356751519442,bolditalic('Trachysalambria curvirostris')
TrachysalambriaCurvirostris,SSP1-2.6,100,Trachysalambria curvirostris,7,0.247139298117284,0.185021776878517,133.573086523514,2,2.14099645316601,bolditalic('Trachysalambria curvirostris')
TrachysalambriaCurvirostris,SSP5-8.5,1,Trachysalambria curvirostris,7,0.365586469074074,0.185021776878517,197.591048600789,3,3.13824219349027,bolditalic('Trachysalambria curvirostris')
TrachysalambriaCurvirostris,SSP5-8.5,2,Trachysalambria curvirostris,7,0.333397400691358,0.185021776878517,180.193600081067,3,3.12729541741312,bolditalic('Trachysalambria curvirostris')
TrachysalambriaCurvirostris,SSP5-8.5,3,Trachysalambria curvirostris,7,0.310893758472222,0.185021776878517,168.030900857877,3,3.15087071272731,bolditalic('Trachysalambria curvirostris')
TrachysalambriaCurvirostris,SSP5-8.5,4,Trachysalambria curvirostris,7,0.330443608592593,0.185021776878517,178.597143626806,3,3.13647019475699,bolditalic('Trachysalambria curvirostris')
TrachysalambriaCurvirostris,SSP5-8.5,5,Trachysalambria curvirostris,7,0.296771461277778,0.185021776878517,160.398125174549,3,3.15132537668943,bolditalic('Trachysalambria curvirostris')
TrachysalambriaCurvirostris,SSP5-8.5,6,Trachysalambria curvirostris,7,0.323679636240741,0.185021776878517,174.941372686776,3,3.13116813281179,bolditalic('Trachysalambria curvirostris')
TrachysalambriaCurvirostris,SSP5-8.5,7,Trachysalambria curvirostris,7,0.324761833240741,0.185021776878517,175.526275187583,3,3.10526842443645,bolditalic('Trachysalambria curvirostris')
TrachysalambriaCurvirostris,SSP5-8.5,8,Trachysalambria curvirostris,7,0.331979470993827,0.185021776878517,179.427241806137,3,3.10734910620749,bolditalic('Trachysalambria curvirostris')
TrachysalambriaCurvirostris,SSP5-8.5,9,Trachysalambria curvirostris,7,0.309485041271605,0.185021776878517,167.269521724899,3,3.10683068260551,bolditalic('Trachysalambria curvirostris')
TrachysalambriaCurvirostris,SSP5-8.5,10,Trachysalambria curvirostris,7,0.311580587682099,0.185021776878517,168.402116193425,3,3.09795545133948,bolditalic('Trachysalambria curvirostris')
TrachysalambriaCurvirostris,SSP5-8.5,11,Trachysalambria curvirostris,7,0.361560500827161,0.185021776878517,195.415105684861,3,3.12869764962792,bolditalic('Trachysalambria curvirostris')
TrachysalambriaCurvirostris,SSP5-8.5,12,Trachysalambria curvirostris,7,0.283032288660494,0.185021776878517,152.972419482454,3,3.14640021289885,bolditalic('Trachysalambria curvirostris')
TrachysalambriaCurvirostris,SSP5-8.5,13,Trachysalambria curvirostris,7,0.370954518475309,0.185021776878517,200.492355404669,3,3.1218336506784,bolditalic('Trachysalambria curvirostris')
TrachysalambriaCurvirostris,SSP5-8.5,14,Trachysalambria curvirostris,7,0.337658013141975,0.185021776878517,182.496362773382,3,3.13238820686936,bolditalic('Trachysalambria curvirostris')
TrachysalambriaCurvirostris,SSP5-8.5,15,Trachysalambria curvirostris,7,0.343144384080247,0.185021776878517,185.461619637105,3,3.14859976100922,bolditalic('Trachysalambria curvirostris')
TrachysalambriaCurvirostris,SSP5-8.5,16,Trachysalambria curvirostris,7,0.329182512320988,0.185021776878517,177.915550198789,3,3.09443916782737,bolditalic('Trachysalambria curvirostris')
TrachysalambriaCurvirostris,SSP5-8.5,17,Trachysalambria curvirostris,7,0.297370571722222,0.185021776878517,160.721930541977,3,3.15221657088399,bolditalic('Trachysalambria curvirostris')
TrachysalambriaCurvirostris,SSP5-8.5,18,Trachysalambria curvirostris,7,0.314579360141975,0.185021776878517,170.022883494695,3,3.09343968886137,bolditalic('Trachysalambria curvirostris')
TrachysalambriaCurvirostris,SSP5-8.5,19,Trachysalambria curvirostris,7,0.308909285160494,0.185021776878517,166.958338835607,3,3.09555078560114,bolditalic('Trachysalambria curvirostris')
TrachysalambriaCurvirostris,SSP5-8.5,20,Trachysalambria curvirostris,7,0.337048091253086,0.185021776878517,182.166714069765,3,3.13954272800684,bolditalic('Trachysalambria curvirostris')
TrachysalambriaCurvirostris,SSP5-8.5,21,Trachysalambria curvirostris,7,0.311819416030864,0.185021776878517,168.531197403645,3,3.09557940500975,bolditalic('Trachysalambria curvirostris')
TrachysalambriaCurvirostris,SSP5-8.5,22,Trachysalambria curvirostris,7,0.309655242111111,0.185021776878517,167.361511350325,3,3.12595045945048,bolditalic('Trachysalambria curvirostris')
TrachysalambriaCurvirostris,SSP5-8.5,23,Trachysalambria curvirostris,7,0.26214554667284,0.185021776878517,141.683617515446,3,3.10957819136977,bolditalic('Trachysalambria curvirostris')
TrachysalambriaCurvirostris,SSP5-8.5,24,Trachysalambria curvirostris,7,0.319413783395062,0.185021776878517,172.635777681881,3,3.15639571517706,bolditalic('Trachysalambria curvirostris')
TrachysalambriaCurvirostris,SSP5-8.5,25,Trachysalambria curvirostris,7,0.317967125179012,0.185021776878517,171.853892305761,3,3.10423362673819,bolditalic('Trachysalambria curvirostris')
TrachysalambriaCurvirostris,SSP5-8.5,26,Trachysalambria curvirostris,7,0.294198362228395,0.185021776878517,159.007424526877,3,3.10479489968717,bolditalic('Trachysalambria curvirostris')
TrachysalambriaCurvirostris,SSP5-8.5,27,Trachysalambria curvirostris,7,0.25166384662963,0.185021776878517,136.018500565406,3,3.12876112705469,bolditalic('Trachysalambria curvirostris')
TrachysalambriaCurvirostris,SSP5-8.5,28,Trachysalambria curvirostris,7,0.324256999697531,0.185021776878517,175.25342430931,3,3.1367608409524,bolditalic('Trachysalambria curvirostris')
TrachysalambriaCurvirostris,SSP5-8.5,29,Trachysalambria curvirostris,7,0.335560102802469,0.185021776878517,181.362490655786,3,3.10948600436747,bolditalic('Trachysalambria curvirostris')
TrachysalambriaCurvirostris,SSP5-8.5,30,Trachysalambria curvirostris,7,0.306669533481481,0.185021776878517,165.747804747782,3,3.0957490670681,bolditalic('Trachysalambria curvirostris')
TrachysalambriaCurvirostris,SSP5-8.5,31,Trachysalambria curvirostris,7,0.305628718537037,0.185021776878517,165.185268292883,3,3.12721356315911,bolditalic('Trachysalambria curvirostris')
TrachysalambriaCurvirostris,SSP5-8.5,32,Trachysalambria curvirostris,7,0.334982777432099,0.185021776878517,181.050459618083,3,3.13955609889329,bolditalic('Trachysalambria curvirostris')
TrachysalambriaCurvirostris,SSP5-8.5,33,Trachysalambria curvirostris,7,0.309522549314815,0.185021776878517,167.289793956548,3,3.14007576264441,bolditalic('Trachysalambria curvirostris')
TrachysalambriaCurvirostris,SSP5-8.5,34,Trachysalambria curvirostris,7,0.328545514796296,0.185021776878517,177.571267738941,3,3.1082278303057,bolditalic('Trachysalambria curvirostris')
TrachysalambriaCurvirostris,SSP5-8.5,35,Trachysalambria curvirostris,7,0.318174619154321,0.185021776878517,171.966038010342,3,3.12132195030153,bolditalic('Trachysalambria curvirostris')
TrachysalambriaCurvirostris,SSP5-8.5,36,Trachysalambria curvirostris,7,0.303656091660494,0.185021776878517,164.119108995408,3,3.10244188582897,bolditalic('Trachysalambria curvirostris')
TrachysalambriaCurvirostris,SSP5-8.5,37,Trachysalambria curvirostris,7,0.310269259493827,0.185021776878517,167.693373573829,3,3.14464105910063,bolditalic('Trachysalambria curvirostris')
TrachysalambriaCurvirostris,SSP5-8.5,38,Trachysalambria curvirostris,7,0.330497332055556,0.185021776878517,178.626179918571,3,3.14731121619046,bolditalic('Trachysalambria curvirostris')
TrachysalambriaCurvirostris,SSP5-8.5,39,Trachysalambria curvirostris,7,0.303124012888889,0.185021776878517,163.831532700022,3,3.09506998196244,bolditalic('Trachysalambria curvirostris')
TrachysalambriaCurvirostris,SSP5-8.5,40,Trachysalambria curvirostris,7,0.278924495166667,0.185021776878517,150.752251909139,3,3.11192664770782,bolditalic('Trachysalambria curvirostris')
TrachysalambriaCurvirostris,SSP5-8.5,41,Trachysalambria curvirostris,7,0.295319598382716,0.185021776878517,159.61342678955,3,3.13489990386367,bolditalic('Trachysalambria curvirostris')
TrachysalambriaCurvirostris,SSP5-8.5,42,Trachysalambria curvirostris,7,0.303714713123457,0.185021776878517,164.150792543125,3,3.12674964782596,bolditalic('Trachysalambria curvirostris')
TrachysalambriaCurvirostris,SSP5-8.5,43,Trachysalambria curvirostris,7,0.349934503277778,0.185021776878517,189.131522343741,3,3.15559578545392,bolditalic('Trachysalambria curvirostris')
TrachysalambriaCurvirostris,SSP5-8.5,44,Trachysalambria curvirostris,7,0.331239444580247,0.185021776878517,179.027274609807,3,3.10001549704373,bolditalic('Trachysalambria curvirostris')
TrachysalambriaCurvirostris,SSP5-8.5,45,Trachysalambria curvirostris,7,0.301174165234568,0.185021776878517,162.777685046402,3,3.13494586531818,bolditalic('Trachysalambria curvirostris')
TrachysalambriaCurvirostris,SSP5-8.5,46,Trachysalambria curvirostris,7,0.28135483041358,0.185021776878517,152.065792016642,3,3.13006444847584,bolditalic('Trachysalambria curvirostris')
TrachysalambriaCurvirostris,SSP5-8.5,47,Trachysalambria curvirostris,7,0.298673717962963,0.185021776878517,161.426251007777,3,3.12198085230589,bolditalic('Trachysalambria curvirostris')
TrachysalambriaCurvirostris,SSP5-8.5,48,Trachysalambria curvirostris,7,0.332871489938272,0.185021776878517,179.909357457329,3,3.11323307855427,bolditalic('Trachysalambria curvirostris')
TrachysalambriaCurvirostris,SSP5-8.5,49,Trachysalambria curvirostris,7,0.346529405641975,0.185021776878517,187.291145663087,3,3.12670404674113,bolditalic('Trachysalambria curvirostris')
TrachysalambriaCurvirostris,SSP5-8.5,50,Trachysalambria curvirostris,7,0.277629023691358,0.185021776878517,150.052079476918,3,3.10629339174926,bolditalic('Trachysalambria curvirostris')
TrachysalambriaCurvirostris,SSP5-8.5,51,Trachysalambria curvirostris,7,0.28364461245679,0.185021776878517,153.303366361587,3,3.11670713533461,bolditalic('Trachysalambria curvirostris')
TrachysalambriaCurvirostris,SSP5-8.5,52,Trachysalambria curvirostris,7,0.329380713061728,0.185021776878517,178.022673124578,3,3.10891368418932,bolditalic('Trachysalambria curvirostris')
TrachysalambriaCurvirostris,SSP5-8.5,53,Trachysalambria curvirostris,7,0.363540017814815,0.185021776878517,196.484988928364,3,3.10211244760454,bolditalic('Trachysalambria curvirostris')
TrachysalambriaCurvirostris,SSP5-8.5,54,Trachysalambria curvirostris,7,0.322609336006173,0.185021776878517,174.362900113101,3,3.09549577505887,bolditalic('Trachysalambria curvirostris')
TrachysalambriaCurvirostris,SSP5-8.5,55,Trachysalambria curvirostris,7,0.302400094425926,0.185021776878517,163.440271479221,3,3.13946767036617,bolditalic('Trachysalambria curvirostris')
TrachysalambriaCurvirostris,SSP5-8.5,56,Trachysalambria curvirostris,7,0.292242525141975,0.185021776878517,157.950339723447,3,3.13811484234035,bolditalic('Trachysalambria curvirostris')
TrachysalambriaCurvirostris,SSP5-8.5,57,Trachysalambria curvirostris,7,0.266575620654321,0.185021776878517,144.077970253929,3,3.14522258925438,bolditalic('Trachysalambria curvirostris')
TrachysalambriaCurvirostris,SSP5-8.5,58,Trachysalambria curvirostris,7,0.317563078444444,0.185021776878517,171.635514371345,3,3.13530779772997,bolditalic('Trachysalambria curvirostris')
TrachysalambriaCurvirostris,SSP5-8.5,59,Trachysalambria curvirostris,7,0.274445128796296,0.185021776878517,148.331257772156,3,3.14104398179054,bolditalic('Trachysalambria curvirostris')
TrachysalambriaCurvirostris,SSP5-8.5,60,Trachysalambria curvirostris,7,0.293251463808642,0.185021776878517,158.495647785929,3,3.10162255872786,bolditalic('Trachysalambria curvirostris')
TrachysalambriaCurvirostris,SSP5-8.5,61,Trachysalambria curvirostris,7,0.312274479246914,0.185021776878517,168.777148568814,3,3.11745225256681,bolditalic('Trachysalambria curvirostris')
TrachysalambriaCurvirostris,SSP5-8.5,62,Trachysalambria curvirostris,7,0.319525366592593,0.185021776878517,172.696085824746,3,3.10280427372456,bolditalic('Trachysalambria curvirostris')
TrachysalambriaCurvirostris,SSP5-8.5,63,Trachysalambria curvirostris,7,0.303369500098765,0.185021776878517,163.964212870982,3,3.15404045121372,bolditalic('Trachysalambria curvirostris')
TrachysalambriaCurvirostris,SSP5-8.5,64,Trachysalambria curvirostris,7,0.275612839648148,0.185021776878517,148.962378536183,3,3.14475820685923,bolditalic('Trachysalambria curvirostris')
TrachysalambriaCurvirostris,SSP5-8.5,65,Trachysalambria curvirostris,7,0.337322624530864,0.185021776878517,182.315092970027,3,3.11971245579422,bolditalic('Trachysalambria curvirostris')
TrachysalambriaCurvirostris,SSP5-8.5,66,Trachysalambria curvirostris,7,0.307355886518519,0.185021776878517,166.118762722901,3,3.10514837285876,bolditalic('Trachysalambria curvirostris')
TrachysalambriaCurvirostris,SSP5-8.5,67,Trachysalambria curvirostris,7,0.280226186166667,0.185021776878517,151.455785850906,3,3.10252063128352,bolditalic('Trachysalambria curvirostris')
TrachysalambriaCurvirostris,SSP5-8.5,68,Trachysalambria curvirostris,7,0.303366975141975,0.185021776878517,163.962848190115,3,3.11573470896483,bolditalic('Trachysalambria curvirostris')
TrachysalambriaCurvirostris,SSP5-8.5,69,Trachysalambria curvirostris,7,0.300591801345679,0.185021776878517,162.462930805731,3,3.11947710126638,bolditalic('Trachysalambria curvirostris')
TrachysalambriaCurvirostris,SSP5-8.5,70,Trachysalambria curvirostris,7,0.298152842222222,0.185021776878517,161.144729692001,3,3.11741590791941,bolditalic('Trachysalambria curvirostris')
TrachysalambriaCurvirostris,SSP5-8.5,71,Trachysalambria curvirostris,7,0.339737575308642,0.185021776878517,183.620318127044,3,3.12730056326091,bolditalic('Trachysalambria curvirostris')
TrachysalambriaCurvirostris,SSP5-8.5,72,Trachysalambria curvirostris,7,0.301392460617284,0.185021776878517,162.895668662384,3,3.11336150339246,bolditalic('Trachysalambria curvirostris')
TrachysalambriaCurvirostris,SSP5-8.5,73,Trachysalambria curvirostris,7,0.304775000141975,0.185021776878517,164.723853204635,3,3.1221834654659,bolditalic('Trachysalambria curvirostris')
TrachysalambriaCurvirostris,SSP5-8.5,74,Trachysalambria curvirostris,7,0.33473161741358,0.185021776878517,180.914713424983,3,3.10604467093945,bolditalic('Trachysalambria curvirostris')
TrachysalambriaCurvirostris,SSP5-8.5,75,Trachysalambria curvirostris,7,0.286937877592593,0.185021776878517,155.083300157145,3,3.11543844132125,bolditalic('Trachysalambria curvirostris')
TrachysalambriaCurvirostris,SSP5-8.5,76,Trachysalambria curvirostris,7,0.333045529580247,0.185021776878517,180.003421866887,3,3.10056280992925,bolditalic('Trachysalambria curvirostris')
TrachysalambriaCurvirostris,SSP5-8.5,77,Trachysalambria curvirostris,7,0.346222834333333,0.185021776878517,187.125450946598,3,3.09330995987356,bolditalic('Trachysalambria curvirostris')
TrachysalambriaCurvirostris,SSP5-8.5,78,Trachysalambria curvirostris,7,0.280911547679012,0.185021776878517,151.826207929813,3,3.12448761183023,bolditalic('Trachysalambria curvirostris')
TrachysalambriaCurvirostris,SSP5-8.5,79,Trachysalambria curvirostris,7,0.312276482839506,0.185021776878517,168.778231464366,3,3.12479971684515,bolditalic('Trachysalambria curvirostris')
TrachysalambriaCurvirostris,SSP5-8.5,80,Trachysalambria curvirostris,7,0.334605098080247,0.185021776878517,180.846332645451,3,3.13060245752335,bolditalic('Trachysalambria curvirostris')
TrachysalambriaCurvirostris,SSP5-8.5,81,Trachysalambria curvirostris,7,0.293529232790123,0.185021776878517,158.645775509361,3,3.12914235673845,bolditalic('Trachysalambria curvirostris')
TrachysalambriaCurvirostris,SSP5-8.5,82,Trachysalambria curvirostris,7,0.301945117351852,0.185021776878517,163.194366871801,3,3.1085924886018,bolditalic('Trachysalambria curvirostris')
TrachysalambriaCurvirostris,SSP5-8.5,83,Trachysalambria curvirostris,7,0.310017637018519,0.185021776878517,167.557377433508,3,3.09333235381544,bolditalic('Trachysalambria curvirostris')
TrachysalambriaCurvirostris,SSP5-8.5,84,Trachysalambria curvirostris,7,0.275713946185185,0.185021776878517,149.017024285858,3,3.11425222228467,bolditalic('Trachysalambria curvirostris')
TrachysalambriaCurvirostris,SSP5-8.5,85,Trachysalambria curvirostris,7,0.329516115061728,0.185021776878517,178.095854780427,3,3.13637672936916,bolditalic('Trachysalambria curvirostris')
TrachysalambriaCurvirostris,SSP5-8.5,86,Trachysalambria curvirostris,7,0.283949885623457,0.185021776878517,153.4683594623,3,3.14868969628215,bolditalic('Trachysalambria curvirostris')
TrachysalambriaCurvirostris,SSP5-8.5,87,Trachysalambria curvirostris,7,0.318782976950617,0.185021776878517,172.294841358013,3,3.09691049782932,bolditalic('Trachysalambria curvirostris')
TrachysalambriaCurvirostris,SSP5-8.5,88,Trachysalambria curvirostris,7,0.284645392808642,0.185021776878517,153.84426504321,3,3.11076622338593,bolditalic('Trachysalambria curvirostris')
TrachysalambriaCurvirostris,SSP5-8.5,89,Trachysalambria curvirostris,7,0.315460234648148,0.185021776878517,170.498975834221,3,3.14270377802849,bolditalic('Trachysalambria curvirostris')
TrachysalambriaCurvirostris,SSP5-8.5,90,Trachysalambria curvirostris,7,0.311170836135803,0.185021776878517,168.18065493994,3,3.14194264186919,bolditalic('Trachysalambria curvirostris')
TrachysalambriaCurvirostris,SSP5-8.5,91,Trachysalambria curvirostris,7,0.283403244339506,0.185021776878517,153.172912465102,3,3.13006724481285,bolditalic('Trachysalambria curvirostris')
TrachysalambriaCurvirostris,SSP5-8.5,92,Trachysalambria curvirostris,7,0.312569668604938,0.185021776878517,168.936691603696,3,3.09396615189314,bolditalic('Trachysalambria curvirostris')
TrachysalambriaCurvirostris,SSP5-8.5,93,Trachysalambria curvirostris,7,0.311383263012346,0.185021776878517,168.295466763784,3,3.10244370815158,bolditalic('Trachysalambria curvirostris')
TrachysalambriaCurvirostris,SSP5-8.5,94,Trachysalambria curvirostris,7,0.30018423595679,0.185021776878517,162.242651119867,3,3.11986660698056,bolditalic('Trachysalambria curvirostris')
TrachysalambriaCurvirostris,SSP5-8.5,95,Trachysalambria curvirostris,7,0.314707722246914,0.185021776878517,170.092260249748,3,3.12741458471119,bolditalic('Trachysalambria curvirostris')
TrachysalambriaCurvirostris,SSP5-8.5,96,Trachysalambria curvirostris,7,0.331734634740741,0.185021776878517,179.294913462297,3,3.15696347802877,bolditalic('Trachysalambria curvirostris')
TrachysalambriaCurvirostris,SSP5-8.5,97,Trachysalambria curvirostris,7,0.337891552364198,0.185021776878517,182.622585332782,3,3.10108757263422,bolditalic('Trachysalambria curvirostris')
TrachysalambriaCurvirostris,SSP5-8.5,98,Trachysalambria curvirostris,7,0.327348273876543,0.185021776878517,176.924186654783,3,3.14208767364919,bolditalic('Trachysalambria curvirostris')
TrachysalambriaCurvirostris,SSP5-8.5,99,Trachysalambria curvirostris,7,0.31380737154321,0.185021776878517,169.605641474978,3,3.12752291873097,bolditalic('Trachysalambria curvirostris')
TrachysalambriaCurvirostris,SSP5-8.5,100,Trachysalambria curvirostris,7,0.301331183882716,0.185021776878517,162.86255000165,3,3.15062932765484,bolditalic('Trachysalambria curvirostris')
TrichiurusJaponicus,Base,1,Trichiurus japonicus,3,0.669774977233333,0.682059486021191,98.1989094734949,1,1.09390693457425,bolditalic('Trichiurus japonicus')
TrichiurusJaponicus,Base,2,Trichiurus japonicus,3,0.686436690047619,0.682059486021191,100.641762795788,1,1.15295443719625,bolditalic('Trichiurus japonicus')
TrichiurusJaponicus,Base,3,Trichiurus japonicus,3,0.654263461047619,0.682059486021191,95.9246919743437,1,1.11503358112276,bolditalic('Trichiurus japonicus')
TrichiurusJaponicus,Base,4,Trichiurus japonicus,3,0.695723705380952,0.682059486021191,102.003376485455,1,1.13421785080433,bolditalic('Trichiurus japonicus')
TrichiurusJaponicus,Base,5,Trichiurus japonicus,3,0.689466877571429,0.682059486021191,101.086033066331,1,1.15254643200338,bolditalic('Trichiurus japonicus')
TrichiurusJaponicus,Base,6,Trichiurus japonicus,3,0.674634718857143,0.682059486021191,98.9114194119108,1,1.13097627429664,bolditalic('Trichiurus japonicus')
TrichiurusJaponicus,Base,7,Trichiurus japonicus,3,0.703743978828571,0.682059486021191,103.179267094997,1,1.11833531746268,bolditalic('Trichiurus japonicus')
TrichiurusJaponicus,Base,8,Trichiurus japonicus,3,0.690482804552381,0.682059486021191,101.23498297492,1,1.11023380097747,bolditalic('Trichiurus japonicus')
TrichiurusJaponicus,Base,9,Trichiurus japonicus,3,0.643042106261905,0.682059486021191,94.2794755356466,1,1.14864639863372,bolditalic('Trichiurus japonicus')
TrichiurusJaponicus,Base,10,Trichiurus japonicus,3,0.68137253687619,0.682059486021191,99.8992831037352,1,1.1148806809485,bolditalic('Trichiurus japonicus')
TrichiurusJaponicus,Base,11,Trichiurus japonicus,3,0.738535232095238,0.682059486021191,108.280178962615,1,1.15374758334458,bolditalic('Trichiurus japonicus')
TrichiurusJaponicus,Base,12,Trichiurus japonicus,3,0.706884737333333,0.682059486021191,103.639748705345,1,1.13412338031828,bolditalic('Trichiurus japonicus')
TrichiurusJaponicus,Base,13,Trichiurus japonicus,3,0.687171224619048,0.682059486021191,100.749456418776,1,1.1132692386806,bolditalic('Trichiurus japonicus')
TrichiurusJaponicus,Base,14,Trichiurus japonicus,3,0.649012228238095,0.682059486021191,95.1547836427175,1,1.12078789797425,bolditalic('Trichiurus japonicus')
TrichiurusJaponicus,Base,15,Trichiurus japonicus,3,0.698296538190476,0.682059486021191,102.38059179618,1,1.15666649474204,bolditalic('Trichiurus japonicus')
TrichiurusJaponicus,Base,16,Trichiurus japonicus,3,0.698512086714286,0.682059486021191,102.412194395107,1,1.10928364606202,bolditalic('Trichiurus japonicus')
TrichiurusJaponicus,Base,17,Trichiurus japonicus,3,0.665555572785714,0.682059486021191,97.5802824278932,1,1.12934022688866,bolditalic('Trichiurus japonicus')
TrichiurusJaponicus,Base,18,Trichiurus japonicus,3,0.736302461066667,0.682059486021191,107.952821734348,1,1.11803256258368,bolditalic('Trichiurus japonicus')
TrichiurusJaponicus,Base,19,Trichiurus japonicus,3,0.659049221761905,0.682059486021191,96.6263552181473,1,1.14599717223644,bolditalic('Trichiurus japonicus')
TrichiurusJaponicus,Base,20,Trichiurus japonicus,3,0.701396059857143,0.682059486021191,102.835027476673,1,1.09415887311101,bolditalic('Trichiurus japonicus')
TrichiurusJaponicus,Base,21,Trichiurus japonicus,3,0.73267675852381,0.682059486021191,107.421240161602,1,1.11949103750288,bolditalic('Trichiurus japonicus')
TrichiurusJaponicus,Base,22,Trichiurus japonicus,3,0.657236453857143,0.682059486021191,96.3605766545594,1,1.15495041240752,bolditalic('Trichiurus japonicus')
TrichiurusJaponicus,Base,23,Trichiurus japonicus,3,0.665537186333333,0.682059486021191,97.5775867022625,1,1.14791580997407,bolditalic('Trichiurus japonicus')
TrichiurusJaponicus,Base,24,Trichiurus japonicus,3,0.698193312761905,0.682059486021191,102.365457422905,1,1.09604856321216,bolditalic('Trichiurus japonicus')
TrichiurusJaponicus,Base,25,Trichiurus japonicus,3,0.673864506209524,0.682059486021191,98.7984948557094,1,1.13061441843212,bolditalic('Trichiurus japonicus')
TrichiurusJaponicus,Base,26,Trichiurus japonicus,3,0.705786536142857,0.682059486021191,103.478736181807,1,1.14808094207943,bolditalic('Trichiurus japonicus')
TrichiurusJaponicus,Base,27,Trichiurus japonicus,3,0.686866493047619,0.682059486021191,100.704778267138,1,1.13674190312624,bolditalic('Trichiurus japonicus')
TrichiurusJaponicus,Base,28,Trichiurus japonicus,3,0.660807949380952,0.682059486021191,96.8842106772519,1,1.1525954028517,bolditalic('Trichiurus japonicus')
TrichiurusJaponicus,Base,29,Trichiurus japonicus,3,0.689340710809524,0.682059486021191,101.067535154567,1,1.15101914349198,bolditalic('Trichiurus japonicus')
TrichiurusJaponicus,Base,30,Trichiurus japonicus,3,0.676220307161905,0.682059486021191,99.1438900889205,1,1.12248415313661,bolditalic('Trichiurus japonicus')
TrichiurusJaponicus,Base,31,Trichiurus japonicus,3,0.693498940285714,0.682059486021191,101.677193045325,1,1.12873152045906,bolditalic('Trichiurus japonicus')
TrichiurusJaponicus,Base,32,Trichiurus japonicus,3,0.674255626238095,0.682059486021191,98.8558388317976,1,1.09763332545757,bolditalic('Trichiurus japonicus')
TrichiurusJaponicus,Base,33,Trichiurus japonicus,3,0.642989659142857,0.682059486021191,94.2717860129403,1,1.13256782414019,bolditalic('Trichiurus japonicus')
TrichiurusJaponicus,Base,34,Trichiurus japonicus,3,0.692052415904762,0.682059486021191,101.465111194606,1,1.13276838502288,bolditalic('Trichiurus japonicus')
TrichiurusJaponicus,Base,35,Trichiurus japonicus,3,0.682541368142857,0.682059486021191,100.070651040201,1,1.10206411133707,bolditalic('Trichiurus japonicus')
TrichiurusJaponicus,Base,36,Trichiurus japonicus,3,0.657326360571429,0.682059486021191,96.3737583074986,1,1.09467155006528,bolditalic('Trichiurus japonicus')
TrichiurusJaponicus,Base,37,Trichiurus japonicus,3,0.660412916904762,0.682059486021191,96.8262930785254,1,1.14583661146462,bolditalic('Trichiurus japonicus')
TrichiurusJaponicus,Base,38,Trichiurus japonicus,3,0.652546192476191,0.682059486021191,95.6729150242941,1,1.15696521182358,bolditalic('Trichiurus japonicus')
TrichiurusJaponicus,Base,39,Trichiurus japonicus,3,0.692066594,0.682059486021191,101.46718991289,1,1.12911276751757,bolditalic('Trichiurus japonicus')
TrichiurusJaponicus,Base,40,Trichiurus japonicus,3,0.697249747809524,0.682059486021191,102.227116857057,1,1.09800699800253,bolditalic('Trichiurus japonicus')
TrichiurusJaponicus,Base,41,Trichiurus japonicus,3,0.692900703095238,0.682059486021191,101.589482632562,1,1.1408504678309,bolditalic('Trichiurus japonicus')
TrichiurusJaponicus,Base,42,Trichiurus japonicus,3,0.691348172595238,0.682059486021191,101.361858718252,1,1.14906328873336,bolditalic('Trichiurus japonicus')
TrichiurusJaponicus,Base,43,Trichiurus japonicus,3,0.671753967095238,0.682059486021191,98.4890586323973,1,1.09632708249986,bolditalic('Trichiurus japonicus')
TrichiurusJaponicus,Base,44,Trichiurus japonicus,3,0.678600876619048,0.682059486021191,99.492916750954,1,1.11673265478015,bolditalic('Trichiurus japonicus')
TrichiurusJaponicus,Base,45,Trichiurus japonicus,3,0.698368010809524,0.682059486021191,102.391070738341,1,1.13645925705135,bolditalic('Trichiurus japonicus')
TrichiurusJaponicus,Base,46,Trichiurus japonicus,3,0.678092571666667,0.682059486021191,99.4183917332981,1,1.10299013324082,bolditalic('Trichiurus japonicus')
TrichiurusJaponicus,Base,47,Trichiurus japonicus,3,0.669902040285714,0.682059486021191,98.2175387946882,1,1.11877138695121,bolditalic('Trichiurus japonicus')
TrichiurusJaponicus,Base,48,Trichiurus japonicus,3,0.664728918619048,0.682059486021191,97.4590827109171,1,1.14272179731727,bolditalic('Trichiurus japonicus')
TrichiurusJaponicus,Base,49,Trichiurus japonicus,3,0.699776387142857,0.682059486021191,102.597559521534,1,1.09871786358953,bolditalic('Trichiurus japonicus')
TrichiurusJaponicus,Base,50,Trichiurus japonicus,3,0.663515972619048,0.682059486021191,97.2812469026248,1,1.13043179686368,bolditalic('Trichiurus japonicus')
TrichiurusJaponicus,Base,51,Trichiurus japonicus,3,0.700334493095238,0.682059486021191,102.67938610174,1,1.11285886594653,bolditalic('Trichiurus japonicus')
TrichiurusJaponicus,Base,52,Trichiurus japonicus,3,0.668546296238095,0.682059486021191,98.0187666823718,1,1.10423927633464,bolditalic('Trichiurus japonicus')
TrichiurusJaponicus,Base,53,Trichiurus japonicus,3,0.687820639428571,0.682059486021191,100.844670226785,1,1.13072671948373,bolditalic('Trichiurus japonicus')
TrichiurusJaponicus,Base,54,Trichiurus japonicus,3,0.673959709142857,0.682059486021191,98.8124530126274,1,1.1019250625968,bolditalic('Trichiurus japonicus')
TrichiurusJaponicus,Base,55,Trichiurus japonicus,3,0.654336130738095,0.682059486021191,95.9353464248668,1,1.10319600978494,bolditalic('Trichiurus japonicus')
TrichiurusJaponicus,Base,56,Trichiurus japonicus,3,0.685849982619048,0.682059486021191,100.555742816506,1,1.1338729544282,bolditalic('Trichiurus japonicus')
TrichiurusJaponicus,Base,57,Trichiurus japonicus,3,0.689625225361905,0.682059486021191,101.109249192449,1,1.13956041030586,bolditalic('Trichiurus japonicus')
TrichiurusJaponicus,Base,58,Trichiurus japonicus,3,0.689694990142857,0.682059486021191,101.119477740308,1,1.12583449713886,bolditalic('Trichiurus japonicus')
TrichiurusJaponicus,Base,59,Trichiurus japonicus,3,0.702860814,0.682059486021191,103.049782079882,1,1.10920975337923,bolditalic('Trichiurus japonicus')
TrichiurusJaponicus,Base,60,Trichiurus japonicus,3,0.683092518428571,0.682059486021191,100.151457816884,1,1.09441700802743,bolditalic('Trichiurus japonicus')
TrichiurusJaponicus,Base,61,Trichiurus japonicus,3,0.671748698428571,0.682059486021191,98.4882861680046,1,1.12458724692464,bolditalic('Trichiurus japonicus')
TrichiurusJaponicus,Base,62,Trichiurus japonicus,3,0.672842966733333,0.682059486021191,98.6487220723779,1,1.10703509247303,bolditalic('Trichiurus japonicus')
TrichiurusJaponicus,Base,63,Trichiurus japonicus,3,0.732101078190476,0.682059486021191,107.336836917437,1,1.1559414524734,bolditalic('Trichiurus japonicus')
TrichiurusJaponicus,Base,64,Trichiurus japonicus,3,0.652796056114286,0.682059486021191,95.7095487260776,1,1.14716437214613,bolditalic('Trichiurus japonicus')
TrichiurusJaponicus,Base,65,Trichiurus japonicus,3,0.642694883047619,0.682059486021191,94.2285674812316,1,1.11461051608622,bolditalic('Trichiurus japonicus')
TrichiurusJaponicus,Base,66,Trichiurus japonicus,3,0.672541731619048,0.682059486021191,98.6045565530267,1,1.14476463778317,bolditalic('Trichiurus japonicus')
TrichiurusJaponicus,Base,67,Trichiurus japonicus,3,0.687078618942857,0.682059486021191,100.735879058137,1,1.09691889813542,bolditalic('Trichiurus japonicus')
TrichiurusJaponicus,Base,68,Trichiurus japonicus,3,0.678388713380952,0.682059486021191,99.46181048494,1,1.1222969866693,bolditalic('Trichiurus japonicus')
TrichiurusJaponicus,Base,69,Trichiurus japonicus,3,0.672941264904762,0.682059486021191,98.6631340369416,1,1.10018871158361,bolditalic('Trichiurus japonicus')
TrichiurusJaponicus,Base,70,Trichiurus japonicus,3,0.670414662571429,0.682059486021191,98.2926967972117,1,1.12490601108968,bolditalic('Trichiurus japonicus')
TrichiurusJaponicus,Base,71,Trichiurus japonicus,3,0.690728441,0.682059486021191,101.270996908111,1,1.1142440392375,bolditalic('Trichiurus japonicus')
TrichiurusJaponicus,Base,72,Trichiurus japonicus,3,0.70608544647619,0.682059486021191,103.522560853915,1,1.14310030058026,bolditalic('Trichiurus japonicus')
TrichiurusJaponicus,Base,73,Trichiurus japonicus,3,0.684087840904762,0.682059486021191,100.297386800586,1,1.14365989130735,bolditalic('Trichiurus japonicus')
TrichiurusJaponicus,Base,74,Trichiurus japonicus,3,0.670026016071429,0.682059486021191,98.2357154769654,1,1.11208906556666,bolditalic('Trichiurus japonicus')
TrichiurusJaponicus,Base,75,Trichiurus japonicus,3,0.664375461190476,0.682059486021191,97.4072606285598,1,1.14833234104514,bolditalic('Trichiurus japonicus')
TrichiurusJaponicus,Base,76,Trichiurus japonicus,3,0.674116118095238,0.682059486021191,98.8353848764291,1,1.12374997417629,bolditalic('Trichiurus japonicus')
TrichiurusJaponicus,Base,77,Trichiurus japonicus,3,0.652621828333333,0.682059486021191,95.6840043586839,1,1.09840342445672,bolditalic('Trichiurus japonicus')
TrichiurusJaponicus,Base,78,Trichiurus japonicus,3,0.675013945976191,0.682059486021191,98.9670197117117,1,1.14966581228375,bolditalic('Trichiurus japonicus')
TrichiurusJaponicus,Base,79,Trichiurus japonicus,3,0.645868119380952,0.682059486021191,94.6938108211995,1,1.15076250514388,bolditalic('Trichiurus japonicus')
TrichiurusJaponicus,Base,80,Trichiurus japonicus,3,0.691659532,0.682059486021191,101.407508608202,1,1.1218151370585,bolditalic('Trichiurus japonicus')
TrichiurusJaponicus,Base,81,Trichiurus japonicus,3,0.686474027733333,0.682059486021191,100.647237052283,1,1.14874811480939,bolditalic('Trichiurus japonicus')
TrichiurusJaponicus,Base,82,Trichiurus japonicus,3,0.652438485285714,0.682059486021191,95.6571235584932,1,1.10808928863704,bolditalic('Trichiurus japonicus')
TrichiurusJaponicus,Base,83,Trichiurus japonicus,3,0.680435494809524,0.682059486021191,99.7618988893271,1,1.12972332261503,bolditalic('Trichiurus japonicus')
TrichiurusJaponicus,Base,84,Trichiurus japonicus,3,0.652782894285714,0.682059486021191,95.7076190075059,1,1.10251320084929,bolditalic('Trichiurus japonicus')
TrichiurusJaponicus,Base,85,Trichiurus japonicus,3,0.699972020571429,0.682059486021191,102.626242273197,1,1.09815428775549,bolditalic('Trichiurus japonicus')
TrichiurusJaponicus,Base,86,Trichiurus japonicus,3,0.668896620428571,0.682059486021191,98.0701293857219,1,1.13985769020021,bolditalic('Trichiurus japonicus')
TrichiurusJaponicus,Base,87,Trichiurus japonicus,3,0.693887760238095,0.682059486021191,101.734199796253,1,1.12925785970688,bolditalic('Trichiurus japonicus')
TrichiurusJaponicus,Base,88,Trichiurus japonicus,3,0.681241014047619,0.682059486021191,99.8799999134465,1,1.13473101808131,bolditalic('Trichiurus japonicus')
TrichiurusJaponicus,Base,89,Trichiurus japonicus,3,0.691802136780952,0.682059486021191,101.428416576477,1,1.12078834876418,bolditalic('Trichiurus japonicus')
TrichiurusJaponicus,Base,90,Trichiurus japonicus,3,0.708197445238095,0.682059486021191,103.832211083139,1,1.15682139077783,bolditalic('Trichiurus japonicus')
TrichiurusJaponicus,Base,91,Trichiurus japonicus,3,0.659685613547619,0.682059486021191,96.7196596584134,1,1.13556851708889,bolditalic('Trichiurus japonicus')
TrichiurusJaponicus,Base,92,Trichiurus japonicus,3,0.690141911952381,0.682059486021191,101.185003082112,1,1.1193397166431,bolditalic('Trichiurus japonicus')
TrichiurusJaponicus,Base,93,Trichiurus japonicus,3,0.64990813587619,0.682059486021191,95.2861369420201,1,1.14297709940374,bolditalic('Trichiurus japonicus')
TrichiurusJaponicus,Base,94,Trichiurus japonicus,3,0.738164134761905,0.682059486021191,108.225770609541,1,1.10013956721127,bolditalic('Trichiurus japonicus')
TrichiurusJaponicus,Base,95,Trichiurus japonicus,3,0.695715669266667,0.682059486021191,102.002198272344,1,1.10801760879159,bolditalic('Trichiurus japonicus')
TrichiurusJaponicus,Base,96,Trichiurus japonicus,3,0.70230043512381,0.682059486021191,102.967622255457,1,1.11742215441167,bolditalic('Trichiurus japonicus')
TrichiurusJaponicus,Base,97,Trichiurus japonicus,3,0.731030348142857,0.682059486021191,107.179852069405,1,1.14431953760982,bolditalic('Trichiurus japonicus')
TrichiurusJaponicus,Base,98,Trichiurus japonicus,3,0.677838754595238,0.682059486021191,99.3811783997648,1,1.15436912536621,bolditalic('Trichiurus japonicus')
TrichiurusJaponicus,Base,99,Trichiurus japonicus,3,0.703860168809524,0.682059486021191,103.196302263239,1,1.13659070377052,bolditalic('Trichiurus japonicus')
TrichiurusJaponicus,Base,100,Trichiurus japonicus,3,0.666808432495238,0.682059486021191,97.7639701758391,1,1.10700558963418,bolditalic('Trichiurus japonicus')
TrichiurusJaponicus,SSP1-2.6,1,Trichiurus japonicus,3,0.86067144356261,0.682059486021191,126.18715247014,2,2.14821315170825,bolditalic('Trichiurus japonicus')
TrichiurusJaponicus,SSP1-2.6,2,Trichiurus japonicus,3,0.905656406038801,0.682059486021191,132.782612748628,2,2.12898309092224,bolditalic('Trichiurus japonicus')
TrichiurusJaponicus,SSP1-2.6,3,Trichiurus japonicus,3,0.900745132627866,0.682059486021191,132.062547488692,2,2.12953454519808,bolditalic('Trichiurus japonicus')
TrichiurusJaponicus,SSP1-2.6,4,Trichiurus japonicus,3,0.86810471784127,0.682059486021191,127.276980326948,2,2.09675305010378,bolditalic('Trichiurus japonicus')
TrichiurusJaponicus,SSP1-2.6,5,Trichiurus japonicus,3,0.865189487583774,0.682059486021191,126.849564490464,2,2.09386864189804,bolditalic('Trichiurus japonicus')
TrichiurusJaponicus,SSP1-2.6,6,Trichiurus japonicus,3,0.869967424656085,0.682059486021191,127.550080672737,2,2.13295733273029,bolditalic('Trichiurus japonicus')
TrichiurusJaponicus,SSP1-2.6,7,Trichiurus japonicus,3,0.840650226349206,0.682059486021191,123.251746156799,2,2.13633639414608,bolditalic('Trichiurus japonicus')
TrichiurusJaponicus,SSP1-2.6,8,Trichiurus japonicus,3,0.855191148888889,0.682059486021191,125.383660284188,2,2.1506730787307,bolditalic('Trichiurus japonicus')
TrichiurusJaponicus,SSP1-2.6,9,Trichiurus japonicus,3,0.865556340582011,0.682059486021191,126.903350561291,2,2.14022954255343,bolditalic('Trichiurus japonicus')
TrichiurusJaponicus,SSP1-2.6,10,Trichiurus japonicus,3,0.858448965308642,0.682059486021191,125.861304314734,2,2.14665203337371,bolditalic('Trichiurus japonicus')
TrichiurusJaponicus,SSP1-2.6,11,Trichiurus japonicus,3,0.819761212899471,0.682059486021191,120.18910809108,2,2.11998971071839,bolditalic('Trichiurus japonicus')
TrichiurusJaponicus,SSP1-2.6,12,Trichiurus japonicus,3,0.828073703968254,0.682059486021191,121.407842122223,2,2.09741316190362,bolditalic('Trichiurus japonicus')
TrichiurusJaponicus,SSP1-2.6,13,Trichiurus japonicus,3,0.866436045978836,0.682059486021191,127.03232837259,2,2.12828004913032,bolditalic('Trichiurus japonicus')
TrichiurusJaponicus,SSP1-2.6,14,Trichiurus japonicus,3,0.835189875220459,0.682059486021191,122.451177989263,2,2.09709978340566,bolditalic('Trichiurus japonicus')
TrichiurusJaponicus,SSP1-2.6,15,Trichiurus japonicus,3,0.899411830123457,0.682059486021191,131.867065638248,2,2.12674839279056,bolditalic('Trichiurus japonicus')
TrichiurusJaponicus,SSP1-2.6,16,Trichiurus japonicus,3,0.864884607912993,0.682059486021191,126.804864625272,2,2.12468208105862,bolditalic('Trichiurus japonicus')
TrichiurusJaponicus,SSP1-2.6,17,Trichiurus japonicus,3,0.877586880828924,0.682059486021191,128.667205546593,2,2.10860518181324,bolditalic('Trichiurus japonicus')
TrichiurusJaponicus,SSP1-2.6,18,Trichiurus japonicus,3,0.873482874567901,0.682059486021191,128.06549758048,2,2.1053535707742,bolditalic('Trichiurus japonicus')
TrichiurusJaponicus,SSP1-2.6,19,Trichiurus japonicus,3,0.840862907742504,0.682059486021191,123.282928392023,2,2.13969478148222,bolditalic('Trichiurus japonicus')
TrichiurusJaponicus,SSP1-2.6,20,Trichiurus japonicus,3,0.849127053650794,0.682059486021191,124.494574308202,2,2.12884290413558,bolditalic('Trichiurus japonicus')
TrichiurusJaponicus,SSP1-2.6,21,Trichiurus japonicus,3,0.884941615961199,0.682059486021191,129.745518403904,2,2.12473590420187,bolditalic('Trichiurus japonicus')
TrichiurusJaponicus,SSP1-2.6,22,Trichiurus japonicus,3,0.872111250967078,0.682059486021191,127.864397290999,2,2.09700768721104,bolditalic('Trichiurus japonicus')
TrichiurusJaponicus,SSP1-2.6,23,Trichiurus japonicus,3,0.870356800899471,0.682059486021191,127.607168984148,2,2.13833046288788,bolditalic('Trichiurus japonicus')
TrichiurusJaponicus,SSP1-2.6,24,Trichiurus japonicus,3,0.862440306313933,0.682059486021191,126.446493889411,2,2.12078124731779,bolditalic('Trichiurus japonicus')
TrichiurusJaponicus,SSP1-2.6,25,Trichiurus japonicus,3,0.892193485626102,0.682059486021191,130.808749663572,2,2.11367754526436,bolditalic('Trichiurus japonicus')
TrichiurusJaponicus,SSP1-2.6,26,Trichiurus japonicus,3,0.852250048909465,0.682059486021191,124.952451564171,2,2.13740457804501,bolditalic('Trichiurus japonicus')
TrichiurusJaponicus,SSP1-2.6,27,Trichiurus japonicus,3,0.845226651358025,0.682059486021191,123.922717692657,2,2.15433319680393,bolditalic('Trichiurus japonicus')
TrichiurusJaponicus,SSP1-2.6,28,Trichiurus japonicus,3,0.851041683968254,0.682059486021191,124.775287406796,2,2.12065249869227,bolditalic('Trichiurus japonicus')
TrichiurusJaponicus,SSP1-2.6,29,Trichiurus japonicus,3,0.852953967195767,0.682059486021191,125.055656387318,2,2.09778830049932,bolditalic('Trichiurus japonicus')
TrichiurusJaponicus,SSP1-2.6,30,Trichiurus japonicus,3,0.851958767063492,0.682059486021191,124.909745341042,2,2.11556860862672,bolditalic('Trichiurus japonicus')
TrichiurusJaponicus,SSP1-2.6,31,Trichiurus japonicus,3,0.888118334691358,0.682059486021191,130.211272314709,2,2.09781184107065,bolditalic('Trichiurus japonicus')
TrichiurusJaponicus,SSP1-2.6,32,Trichiurus japonicus,3,0.853955873492063,0.682059486021191,125.202550656341,2,2.13147031110525,bolditalic('Trichiurus japonicus')
TrichiurusJaponicus,SSP1-2.6,33,Trichiurus japonicus,3,0.858962045291005,0.682059486021191,125.93652942235,2,2.12103938759863,bolditalic('Trichiurus japonicus')
TrichiurusJaponicus,SSP1-2.6,34,Trichiurus japonicus,3,0.897245686119929,0.682059486021191,131.549476916454,2,2.11449775251746,bolditalic('Trichiurus japonicus')
TrichiurusJaponicus,SSP1-2.6,35,Trichiurus japonicus,3,0.891880363968254,0.682059486021191,130.762841401277,2,2.11643477004766,bolditalic('Trichiurus japonicus')
TrichiurusJaponicus,SSP1-2.6,36,Trichiurus japonicus,3,0.88725377866843,0.682059486021191,130.084515625498,2,2.1265726596415,bolditalic('Trichiurus japonicus')
TrichiurusJaponicus,SSP1-2.6,37,Trichiurus japonicus,3,0.867707833121693,0.682059486021191,127.218791161968,2,2.11496822080016,bolditalic('Trichiurus japonicus')
TrichiurusJaponicus,SSP1-2.6,38,Trichiurus japonicus,3,0.888432523492064,0.682059486021191,130.257337035917,2,2.13345501497388,bolditalic('Trichiurus japonicus')
TrichiurusJaponicus,SSP1-2.6,39,Trichiurus japonicus,3,0.848278604197531,0.682059486021191,124.370179080124,2,2.1027960139364,bolditalic('Trichiurus japonicus')
TrichiurusJaponicus,SSP1-2.6,40,Trichiurus japonicus,3,0.894258771887125,0.682059486021191,131.111551149857,2,2.13089030979574,bolditalic('Trichiurus japonicus')
TrichiurusJaponicus,SSP1-2.6,41,Trichiurus japonicus,3,0.865952887777778,0.682059486021191,126.961490240292,2,2.1566839851141,bolditalic('Trichiurus japonicus')
TrichiurusJaponicus,SSP1-2.6,42,Trichiurus japonicus,3,0.90961460366843,0.682059486021191,133.362943014646,2,2.15466408085823,bolditalic('Trichiurus japonicus')
TrichiurusJaponicus,SSP1-2.6,43,Trichiurus japonicus,3,0.870795511975309,0.682059486021191,127.671490511057,2,2.15570051634312,bolditalic('Trichiurus japonicus')
TrichiurusJaponicus,SSP1-2.6,44,Trichiurus japonicus,3,0.86077046813933,0.682059486021191,126.201670936454,2,2.12270909228921,bolditalic('Trichiurus japonicus')
TrichiurusJaponicus,SSP1-2.6,45,Trichiurus japonicus,3,0.89755770643445,0.682059486021191,131.595223705541,2,2.09408318708837,bolditalic('Trichiurus japonicus')
TrichiurusJaponicus,SSP1-2.6,46,Trichiurus japonicus,3,0.848160776945914,0.682059486021191,124.352903863808,2,2.09975693710148,bolditalic('Trichiurus japonicus')
TrichiurusJaponicus,SSP1-2.6,47,Trichiurus japonicus,3,0.877526748853616,0.682059486021191,128.658389310394,2,2.10680644990504,bolditalic('Trichiurus japonicus')
TrichiurusJaponicus,SSP1-2.6,48,Trichiurus japonicus,3,0.854747474691358,0.682059486021191,125.318611090295,2,2.15606175079942,bolditalic('Trichiurus japonicus')
TrichiurusJaponicus,SSP1-2.6,49,Trichiurus japonicus,3,0.867764595661376,0.682059486021191,127.227113389112,2,2.09610046574473,bolditalic('Trichiurus japonicus')
TrichiurusJaponicus,SSP1-2.6,50,Trichiurus japonicus,3,0.851038819347443,0.682059486021191,124.774867411052,2,2.09421691338718,bolditalic('Trichiurus japonicus')
TrichiurusJaponicus,SSP1-2.6,51,Trichiurus japonicus,3,0.859217410599647,0.682059486021191,125.973969750338,2,2.10749338679016,bolditalic('Trichiurus japonicus')
TrichiurusJaponicus,SSP1-2.6,52,Trichiurus japonicus,3,0.890227713015873,0.682059486021191,130.520538349087,2,2.15209057202935,bolditalic('Trichiurus japonicus')
TrichiurusJaponicus,SSP1-2.6,53,Trichiurus japonicus,3,0.881489780035273,0.682059486021191,129.239428246569,2,2.15201411612332,bolditalic('Trichiurus japonicus')
TrichiurusJaponicus,SSP1-2.6,54,Trichiurus japonicus,3,0.856497037319224,0.682059486021191,125.575122826254,2,2.10067838439345,bolditalic('Trichiurus japonicus')
TrichiurusJaponicus,SSP1-2.6,55,Trichiurus japonicus,3,0.845731807312169,0.682059486021191,123.996781020636,2,2.12434561270475,bolditalic('Trichiurus japonicus')
TrichiurusJaponicus,SSP1-2.6,56,Trichiurus japonicus,3,0.849097367178131,0.682059486021191,124.490221832609,2,2.113535987854,bolditalic('Trichiurus japonicus')
TrichiurusJaponicus,SSP1-2.6,57,Trichiurus japonicus,3,0.846190661022928,0.682059486021191,124.064055755489,2,2.13893629512191,bolditalic('Trichiurus japonicus')
TrichiurusJaponicus,SSP1-2.6,58,Trichiurus japonicus,3,0.864032402592593,0.682059486021191,126.679918731568,2,2.12973202846944,bolditalic('Trichiurus japonicus')
TrichiurusJaponicus,SSP1-2.6,59,Trichiurus japonicus,3,0.845958268218695,0.682059486021191,124.02998353613,2,2.09797067390382,bolditalic('Trichiurus japonicus')
TrichiurusJaponicus,SSP1-2.6,60,Trichiurus japonicus,3,0.820339830246914,0.682059486021191,120.273941944915,2,2.15171851491928,bolditalic('Trichiurus japonicus')
TrichiurusJaponicus,SSP1-2.6,61,Trichiurus japonicus,3,0.854112070564374,0.682059486021191,125.225451455394,2,2.11364469596744,bolditalic('Trichiurus japonicus')
TrichiurusJaponicus,SSP1-2.6,62,Trichiurus japonicus,3,0.880024748888889,0.682059486021191,129.024633030549,2,2.12531777687371,bolditalic('Trichiurus japonicus')
TrichiurusJaponicus,SSP1-2.6,63,Trichiurus japonicus,3,0.854962657010582,0.682059486021191,125.350159998217,2,2.11742130751908,bolditalic('Trichiurus japonicus')
TrichiurusJaponicus,SSP1-2.6,64,Trichiurus japonicus,3,0.862049935079365,0.682059486021191,126.389259697589,2,2.13800839364529,bolditalic('Trichiurus japonicus')
TrichiurusJaponicus,SSP1-2.6,65,Trichiurus japonicus,3,0.848030577795415,0.682059486021191,124.333814744286,2,2.09317579206824,bolditalic('Trichiurus japonicus')
TrichiurusJaponicus,SSP1-2.6,66,Trichiurus japonicus,3,0.857528114797178,0.682059486021191,125.726294021595,2,2.09698342764378,bolditalic('Trichiurus japonicus')
TrichiurusJaponicus,SSP1-2.6,67,Trichiurus japonicus,3,0.858830991358025,0.682059486021191,125.917314979084,2,2.09712923072279,bolditalic('Trichiurus japonicus')
TrichiurusJaponicus,SSP1-2.6,68,Trichiurus japonicus,3,0.866256140176367,0.682059486021191,127.005951523333,2,2.13857859632373,bolditalic('Trichiurus japonicus')
TrichiurusJaponicus,SSP1-2.6,69,Trichiurus japonicus,3,0.870776158359788,0.682059486021191,127.668652985018,2,2.13747478121519,bolditalic('Trichiurus japonicus')
TrichiurusJaponicus,SSP1-2.6,70,Trichiurus japonicus,3,0.871705840282187,0.682059486021191,127.804958093509,2,2.1191286906749,bolditalic('Trichiurus japonicus')
TrichiurusJaponicus,SSP1-2.6,71,Trichiurus japonicus,3,0.864225130864197,0.682059486021191,126.708175544288,2,2.09416204494238,bolditalic('Trichiurus japonicus')
TrichiurusJaponicus,SSP1-2.6,72,Trichiurus japonicus,3,0.867500698677249,0.682059486021191,127.188422191418,2,2.14806910134852,bolditalic('Trichiurus japonicus')
TrichiurusJaponicus,SSP1-2.6,73,Trichiurus japonicus,3,0.869566109610229,0.682059486021191,127.491241956455,2,2.14518741820753,bolditalic('Trichiurus japonicus')
TrichiurusJaponicus,SSP1-2.6,74,Trichiurus japonicus,3,0.890871761164021,0.682059486021191,130.61496532523,2,2.10209813302755,bolditalic('Trichiurus japonicus')
TrichiurusJaponicus,SSP1-2.6,75,Trichiurus japonicus,3,0.862920631978248,0.682059486021191,126.516916729964,2,2.14348326389492,bolditalic('Trichiurus japonicus')
TrichiurusJaponicus,SSP1-2.6,76,Trichiurus japonicus,3,0.869741250194003,0.682059486021191,127.516920154231,2,2.14085288153589,bolditalic('Trichiurus japonicus')
TrichiurusJaponicus,SSP1-2.6,77,Trichiurus japonicus,3,0.873236775432099,0.682059486021191,128.029415810364,2,2.13610722947121,bolditalic('Trichiurus japonicus')
TrichiurusJaponicus,SSP1-2.6,78,Trichiurus japonicus,3,0.861654362169312,0.682059486021191,126.331262863272,2,2.15347077657282,bolditalic('Trichiurus japonicus')
TrichiurusJaponicus,SSP1-2.6,79,Trichiurus japonicus,3,0.869280819322751,0.682059486021191,127.449414184343,2,2.13162734313309,bolditalic('Trichiurus japonicus')
TrichiurusJaponicus,SSP1-2.6,80,Trichiurus japonicus,3,0.885848455883598,0.682059486021191,129.878474537641,2,2.10731974820793,bolditalic('Trichiurus japonicus')
TrichiurusJaponicus,SSP1-2.6,81,Trichiurus japonicus,3,0.861224888148148,0.682059486021191,126.268295625081,2,2.09373155833781,bolditalic('Trichiurus japonicus')
TrichiurusJaponicus,SSP1-2.6,82,Trichiurus japonicus,3,0.881023586049383,0.682059486021191,129.171077318909,2,2.14658415333927,bolditalic('Trichiurus japonicus')
TrichiurusJaponicus,SSP1-2.6,83,Trichiurus japonicus,3,0.857300145767196,0.682059486021191,125.692870392915,2,2.09347693428397,bolditalic('Trichiurus japonicus')
TrichiurusJaponicus,SSP1-2.6,84,Trichiurus japonicus,3,0.872488014323927,0.682059486021191,127.919636366852,2,2.1056505395174,bolditalic('Trichiurus japonicus')
TrichiurusJaponicus,SSP1-2.6,85,Trichiurus japonicus,3,0.883049033104057,0.682059486021191,129.468037788807,2,2.1102075240463,bolditalic('Trichiurus japonicus')
TrichiurusJaponicus,SSP1-2.6,86,Trichiurus japonicus,3,0.893065731269841,0.682059486021191,130.936633764829,2,2.14733198145032,bolditalic('Trichiurus japonicus')
TrichiurusJaponicus,SSP1-2.6,87,Trichiurus japonicus,3,0.868020755643739,0.682059486021191,127.264670228012,2,2.10601867733896,bolditalic('Trichiurus japonicus')
TrichiurusJaponicus,SSP1-2.6,88,Trichiurus japonicus,3,0.841036127313345,0.682059486021191,123.308324940915,2,2.14031769225001,bolditalic('Trichiurus japonicus')
TrichiurusJaponicus,SSP1-2.6,89,Trichiurus japonicus,3,0.884892317689594,0.682059486021191,129.738290548766,2,2.10447967712581,bolditalic('Trichiurus japonicus')
TrichiurusJaponicus,SSP1-2.6,90,Trichiurus japonicus,3,0.817178515170488,0.682059486021191,119.81044643738,2,2.09674301467836,bolditalic('Trichiurus japonicus')
TrichiurusJaponicus,SSP1-2.6,91,Trichiurus japonicus,3,0.838471416084656,0.682059486021191,122.93230037396,2,2.11611504304409,bolditalic('Trichiurus japonicus')
TrichiurusJaponicus,SSP1-2.6,92,Trichiurus japonicus,3,0.887865570176367,0.682059486021191,130.174213301504,2,2.15251891577244,bolditalic('Trichiurus japonicus')
TrichiurusJaponicus,SSP1-2.6,93,Trichiurus japonicus,3,0.839317174373898,0.682059486021191,123.056301037623,2,2.13765797804296,bolditalic('Trichiurus japonicus')
TrichiurusJaponicus,SSP1-2.6,94,Trichiurus japonicus,3,0.856591311746032,0.682059486021191,125.588944850394,2,2.11658022412658,bolditalic('Trichiurus japonicus')
TrichiurusJaponicus,SSP1-2.6,95,Trichiurus japonicus,3,0.880976072010582,0.682059486021191,129.164111058667,2,2.14241540251672,bolditalic('Trichiurus japonicus')
TrichiurusJaponicus,SSP1-2.6,96,Trichiurus japonicus,3,0.877583813633157,0.682059486021191,128.666755850368,2,2.12418390637636,bolditalic('Trichiurus japonicus')
TrichiurusJaponicus,SSP1-2.6,97,Trichiurus japonicus,3,0.869813557636684,0.682059486021191,127.527521493875,2,2.09885297290981,bolditalic('Trichiurus japonicus')
TrichiurusJaponicus,SSP1-2.6,98,Trichiurus japonicus,3,0.890981627689594,0.682059486021191,130.631073381466,2,2.15251716464758,bolditalic('Trichiurus japonicus')
TrichiurusJaponicus,SSP1-2.6,99,Trichiurus japonicus,3,0.865712789382716,0.682059486021191,126.926288267446,2,2.1317167750448,bolditalic('Trichiurus japonicus')
TrichiurusJaponicus,SSP1-2.6,100,Trichiurus japonicus,3,0.870622134814815,0.682059486021191,127.646070857193,2,2.10907347644866,bolditalic('Trichiurus japonicus')
TrichiurusJaponicus,SSP5-8.5,1,Trichiurus japonicus,3,0.944690726519694,0.682059486021191,138.505620973116,3,3.12007979610562,bolditalic('Trichiurus japonicus')
TrichiurusJaponicus,SSP5-8.5,2,Trichiurus japonicus,3,0.954266159470899,0.682059486021191,139.909520947745,3,3.13531238023937,bolditalic('Trichiurus japonicus')
TrichiurusJaponicus,SSP5-8.5,3,Trichiurus japonicus,3,0.925163728027631,0.682059486021191,135.642674427797,3,3.09535551245511,bolditalic('Trichiurus japonicus')
TrichiurusJaponicus,SSP5-8.5,4,Trichiurus japonicus,3,0.945351162945326,0.682059486021191,138.602450712921,3,3.14327353261411,bolditalic('Trichiurus japonicus')
TrichiurusJaponicus,SSP5-8.5,5,Trichiurus japonicus,3,0.980303725996473,0.682059486021191,143.72701297875,3,3.15058782015741,bolditalic('Trichiurus japonicus')
TrichiurusJaponicus,SSP5-8.5,6,Trichiurus japonicus,3,0.967788183844797,0.682059486021191,141.892049546941,3,3.0972489002645,bolditalic('Trichiurus japonicus')
TrichiurusJaponicus,SSP5-8.5,7,Trichiurus japonicus,3,0.944707670952381,0.682059486021191,138.50810527735,3,3.15408109560609,bolditalic('Trichiurus japonicus')
TrichiurusJaponicus,SSP5-8.5,8,Trichiurus japonicus,3,0.972800445502646,0.682059486021191,142.62692117626,3,3.14676919291914,bolditalic('Trichiurus japonicus')
TrichiurusJaponicus,SSP5-8.5,9,Trichiurus japonicus,3,0.973307957354497,0.682059486021191,142.701329913658,3,3.13228076027334,bolditalic('Trichiurus japonicus')
TrichiurusJaponicus,SSP5-8.5,10,Trichiurus japonicus,3,0.952066400681952,0.682059486021191,139.587003801656,3,3.10586216987669,bolditalic('Trichiurus japonicus')
TrichiurusJaponicus,SSP5-8.5,11,Trichiurus japonicus,3,0.952428635643739,0.682059486021191,139.640112800095,3,3.14816409888864,bolditalic('Trichiurus japonicus')
TrichiurusJaponicus,SSP5-8.5,12,Trichiurus japonicus,3,0.960859929082892,0.682059486021191,140.876265014374,3,3.11507945819199,bolditalic('Trichiurus japonicus')
TrichiurusJaponicus,SSP5-8.5,13,Trichiurus japonicus,3,0.957255140483245,0.682059486021191,140.347749734765,3,3.10307838286459,bolditalic('Trichiurus japonicus')
TrichiurusJaponicus,SSP5-8.5,14,Trichiurus japonicus,3,0.92109258292769,0.682059486021191,135.045784393515,3,3.13536219727993,bolditalic('Trichiurus japonicus')
TrichiurusJaponicus,SSP5-8.5,15,Trichiurus japonicus,3,0.929033480723104,0.682059486021191,136.210037359445,3,3.11256603176892,bolditalic('Trichiurus japonicus')
TrichiurusJaponicus,SSP5-8.5,16,Trichiurus japonicus,3,0.99486553994709,0.682059486021191,145.861990095712,3,3.10119333936274,bolditalic('Trichiurus japonicus')
TrichiurusJaponicus,SSP5-8.5,17,Trichiurus japonicus,3,0.954361424843034,0.682059486021191,139.923488259114,3,3.11677223317325,bolditalic('Trichiurus japonicus')
TrichiurusJaponicus,SSP5-8.5,18,Trichiurus japonicus,3,0.940141813630218,0.682059486021191,137.838683120523,3,3.15384047456086,bolditalic('Trichiurus japonicus')
TrichiurusJaponicus,SSP5-8.5,19,Trichiurus japonicus,3,0.98156321696649,0.682059486021191,143.91167296748,3,3.0999628187418,bolditalic('Trichiurus japonicus')
TrichiurusJaponicus,SSP5-8.5,20,Trichiurus japonicus,3,0.946161290298648,0.682059486021191,138.721227354831,3,3.15266640362144,bolditalic('Trichiurus japonicus')
TrichiurusJaponicus,SSP5-8.5,21,Trichiurus japonicus,3,0.954127884761905,0.682059486021191,139.889247832008,3,3.14450204378367,bolditalic('Trichiurus japonicus')
TrichiurusJaponicus,SSP5-8.5,22,Trichiurus japonicus,3,0.938699025299824,0.682059486021191,137.627149030028,3,3.10487244823575,bolditalic('Trichiurus japonicus')
TrichiurusJaponicus,SSP5-8.5,23,Trichiurus japonicus,3,0.943193029559083,0.682059486021191,138.286036466001,3,3.12797633576393,bolditalic('Trichiurus japonicus')
TrichiurusJaponicus,SSP5-8.5,24,Trichiurus japonicus,3,0.925380112186949,0.682059486021191,135.674399543239,3,3.1084363886714,bolditalic('Trichiurus japonicus')
TrichiurusJaponicus,SSP5-8.5,25,Trichiurus japonicus,3,0.955403146349206,0.682059486021191,140.076220026287,3,3.10810879698396,bolditalic('Trichiurus japonicus')
TrichiurusJaponicus,SSP5-8.5,26,Trichiurus japonicus,3,0.970766431640212,0.682059486021191,142.328704685745,3,3.11237956671417,bolditalic('Trichiurus japonicus')
TrichiurusJaponicus,SSP5-8.5,27,Trichiurus japonicus,3,0.944557010952381,0.682059486021191,138.486016294924,3,3.11687124453485,bolditalic('Trichiurus japonicus')
TrichiurusJaponicus,SSP5-8.5,28,Trichiurus japonicus,3,0.917117567495591,0.682059486021191,134.462988389124,3,3.15002747695148,bolditalic('Trichiurus japonicus')
TrichiurusJaponicus,SSP5-8.5,29,Trichiurus japonicus,3,0.952103552328042,0.682059486021191,139.592450781993,3,3.14204795388877,bolditalic('Trichiurus japonicus')
TrichiurusJaponicus,SSP5-8.5,30,Trichiurus japonicus,3,0.97638926728983,0.682059486021191,143.153095485207,3,3.15215739528835,bolditalic('Trichiurus japonicus')
TrichiurusJaponicus,SSP5-8.5,31,Trichiurus japonicus,3,0.921895267848324,0.682059486021191,135.163469864809,3,3.11656012304127,bolditalic('Trichiurus japonicus')
TrichiurusJaponicus,SSP5-8.5,32,Trichiurus japonicus,3,0.947454362310406,0.682059486021191,138.910810820535,3,3.1435755224973,bolditalic('Trichiurus japonicus')
TrichiurusJaponicus,SSP5-8.5,33,Trichiurus japonicus,3,0.925186404897119,0.682059486021191,135.645999191979,3,3.14244230023026,bolditalic('Trichiurus japonicus')
TrichiurusJaponicus,SSP5-8.5,34,Trichiurus japonicus,3,0.932106885802469,0.682059486021191,136.660643962294,3,3.10333123251796,bolditalic('Trichiurus japonicus')
TrichiurusJaponicus,SSP5-8.5,35,Trichiurus japonicus,3,0.94243854755438,0.682059486021191,138.175418254516,3,3.12041006308794,bolditalic('Trichiurus japonicus')
TrichiurusJaponicus,SSP5-8.5,36,Trichiurus japonicus,3,0.955952758888889,0.682059486021191,140.156801346677,3,3.10459043842554,bolditalic('Trichiurus japonicus')
TrichiurusJaponicus,SSP5-8.5,37,Trichiurus japonicus,3,0.925347275467372,0.682059486021191,135.669585194894,3,3.15247730278969,bolditalic('Trichiurus japonicus')
TrichiurusJaponicus,SSP5-8.5,38,Trichiurus japonicus,3,0.973002088515579,0.682059486021191,142.656485021799,3,3.13174376030266,bolditalic('Trichiurus japonicus')
TrichiurusJaponicus,SSP5-8.5,39,Trichiurus japonicus,3,0.984641317671958,0.682059486021191,144.362968018506,3,3.13368087226152,bolditalic('Trichiurus japonicus')
TrichiurusJaponicus,SSP5-8.5,40,Trichiurus japonicus,3,0.938997204091711,0.682059486021191,137.670866447349,3,3.144568020612,bolditalic('Trichiurus japonicus')
TrichiurusJaponicus,SSP5-8.5,41,Trichiurus japonicus,3,0.962347148941799,0.682059486021191,141.094313423551,3,3.1201392428875,bolditalic('Trichiurus japonicus')
TrichiurusJaponicus,SSP5-8.5,42,Trichiurus japonicus,3,1.0004493317284,0.682059486021191,146.680656487097,3,3.09775147259235,bolditalic('Trichiurus japonicus')
TrichiurusJaponicus,SSP5-8.5,43,Trichiurus japonicus,3,0.914653884522046,0.682059486021191,134.10177605735,3,3.13167209346592,bolditalic('Trichiurus japonicus')
TrichiurusJaponicus,SSP5-8.5,44,Trichiurus japonicus,3,0.931746646825397,0.682059486021191,136.60782760471,3,3.13445985737443,bolditalic('Trichiurus japonicus')
TrichiurusJaponicus,SSP5-8.5,45,Trichiurus japonicus,3,0.943427469435626,0.682059486021191,138.320408816412,3,3.13065744094551,bolditalic('Trichiurus japonicus')
TrichiurusJaponicus,SSP5-8.5,46,Trichiurus japonicus,3,0.964331581534392,0.682059486021191,141.385260567204,3,3.14322880010307,bolditalic('Trichiurus japonicus')
TrichiurusJaponicus,SSP5-8.5,47,Trichiurus japonicus,3,0.994054530761317,0.682059486021191,145.743084164133,3,3.11080406112969,bolditalic('Trichiurus japonicus')
TrichiurusJaponicus,SSP5-8.5,48,Trichiurus japonicus,3,0.957995968977072,0.682059486021191,140.456366139787,3,3.14336781193316,bolditalic('Trichiurus japonicus')
TrichiurusJaponicus,SSP5-8.5,49,Trichiurus japonicus,3,0.947080105329218,0.682059486021191,138.855939216392,3,3.12721147365868,bolditalic('Trichiurus japonicus')
TrichiurusJaponicus,SSP5-8.5,50,Trichiurus japonicus,3,0.947439375654321,0.682059486021191,138.908613555282,3,3.13029759889841,bolditalic('Trichiurus japonicus')
TrichiurusJaponicus,SSP5-8.5,51,Trichiurus japonicus,3,0.954349983597884,0.682059486021191,139.921810803498,3,3.10528537362814,bolditalic('Trichiurus japonicus')
TrichiurusJaponicus,SSP5-8.5,52,Trichiurus japonicus,3,0.947246504532628,0.682059486021191,138.880335798628,3,3.10587490403652,bolditalic('Trichiurus japonicus')
TrichiurusJaponicus,SSP5-8.5,53,Trichiurus japonicus,3,0.947373760388007,0.682059486021191,138.89899338759,3,3.13153250049055,bolditalic('Trichiurus japonicus')
TrichiurusJaponicus,SSP5-8.5,54,Trichiurus japonicus,3,0.964879113209876,0.682059486021191,141.465536802152,3,3.10724155433476,bolditalic('Trichiurus japonicus')
TrichiurusJaponicus,SSP5-8.5,55,Trichiurus japonicus,3,0.92453169372134,0.682059486021191,135.550008858409,3,3.15333183576167,bolditalic('Trichiurus japonicus')
TrichiurusJaponicus,SSP5-8.5,56,Trichiurus japonicus,3,0.9534380129806,0.682059486021191,139.788102434071,3,3.12448473511636,bolditalic('Trichiurus japonicus')
TrichiurusJaponicus,SSP5-8.5,57,Trichiurus japonicus,3,0.94458968377425,0.682059486021191,138.490806613443,3,3.09619553634524,bolditalic('Trichiurus japonicus')
TrichiurusJaponicus,SSP5-8.5,58,Trichiurus japonicus,3,0.975496581569665,0.682059486021191,143.022214566686,3,3.13373979449272,bolditalic('Trichiurus japonicus')
TrichiurusJaponicus,SSP5-8.5,59,Trichiurus japonicus,3,0.922357036690182,0.682059486021191,135.23117200096,3,3.14924374882877,bolditalic('Trichiurus japonicus')
TrichiurusJaponicus,SSP5-8.5,60,Trichiurus japonicus,3,0.938876226455026,0.682059486021191,137.653129338026,3,3.09899297551811,bolditalic('Trichiurus japonicus')
TrichiurusJaponicus,SSP5-8.5,61,Trichiurus japonicus,3,0.986076812857143,0.682059486021191,144.573432826137,3,3.14996786037087,bolditalic('Trichiurus japonicus')
TrichiurusJaponicus,SSP5-8.5,62,Trichiurus japonicus,3,0.951586255558495,0.682059486021191,139.516607431061,3,3.14278407466412,bolditalic('Trichiurus japonicus')
TrichiurusJaponicus,SSP5-8.5,63,Trichiurus japonicus,3,0.938197960493827,0.682059486021191,137.553685524825,3,3.15231356287003,bolditalic('Trichiurus japonicus')
TrichiurusJaponicus,SSP5-8.5,64,Trichiurus japonicus,3,0.940957937460317,0.682059486021191,137.958338934543,3,3.10572365622222,bolditalic('Trichiurus japonicus')
TrichiurusJaponicus,SSP5-8.5,65,Trichiurus japonicus,3,0.945384725784832,0.682059486021191,138.607371521179,3,3.10374488921464,bolditalic('Trichiurus japonicus')
TrichiurusJaponicus,SSP5-8.5,66,Trichiurus japonicus,3,0.954494683633157,0.682059486021191,139.94302596702,3,3.14012790504098,bolditalic('Trichiurus japonicus')
TrichiurusJaponicus,SSP5-8.5,67,Trichiurus japonicus,3,0.98299715978542,0.682059486021191,144.121910175278,3,3.14453142307699,bolditalic('Trichiurus japonicus')
TrichiurusJaponicus,SSP5-8.5,68,Trichiurus japonicus,3,0.94069640345679,0.682059486021191,137.919994184725,3,3.15342760036886,bolditalic('Trichiurus japonicus')
TrichiurusJaponicus,SSP5-8.5,69,Trichiurus japonicus,3,0.947894588606702,0.682059486021191,138.975354501155,3,3.13178506687284,bolditalic('Trichiurus japonicus')
TrichiurusJaponicus,SSP5-8.5,70,Trichiurus japonicus,3,0.965197710564374,0.682059486021191,141.512247882494,3,3.09619684398174,bolditalic('Trichiurus japonicus')
TrichiurusJaponicus,SSP5-8.5,71,Trichiurus japonicus,3,0.985750642186949,0.682059486021191,144.525611385797,3,3.12349582307041,bolditalic('Trichiurus japonicus')
TrichiurusJaponicus,SSP5-8.5,72,Trichiurus japonicus,3,0.955245645855379,0.682059486021191,140.053128126379,3,3.13517213629186,bolditalic('Trichiurus japonicus')
TrichiurusJaponicus,SSP5-8.5,73,Trichiurus japonicus,3,0.967118025726043,0.682059486021191,141.793794463258,3,3.1504571378082,bolditalic('Trichiurus japonicus')
TrichiurusJaponicus,SSP5-8.5,74,Trichiurus japonicus,3,0.950127159911817,0.682059486021191,139.302682447011,3,3.15003397376835,bolditalic('Trichiurus japonicus')
TrichiurusJaponicus,SSP5-8.5,75,Trichiurus japonicus,3,0.983958803186361,0.682059486021191,144.262901308844,3,3.13566241277754,bolditalic('Trichiurus japonicus')
TrichiurusJaponicus,SSP5-8.5,76,Trichiurus japonicus,3,0.97406267675485,0.682059486021191,142.811982930854,3,3.09661542452872,bolditalic('Trichiurus japonicus')
TrichiurusJaponicus,SSP5-8.5,77,Trichiurus japonicus,3,0.972721458418577,0.682059486021191,142.615340502479,3,3.11699976982176,bolditalic('Trichiurus japonicus')
TrichiurusJaponicus,SSP5-8.5,78,Trichiurus japonicus,3,0.945363562645502,0.682059486021191,138.604268692208,3,3.13674948006868,bolditalic('Trichiurus japonicus')
TrichiurusJaponicus,SSP5-8.5,79,Trichiurus japonicus,3,0.965008734776602,0.682059486021191,141.484541239358,3,3.10278117436171,bolditalic('Trichiurus japonicus')
TrichiurusJaponicus,SSP5-8.5,80,Trichiurus japonicus,3,0.981075562539683,0.682059486021191,143.840175622043,3,3.09764929108322,bolditalic('Trichiurus japonicus')
TrichiurusJaponicus,SSP5-8.5,81,Trichiurus japonicus,3,0.951986603359788,0.682059486021191,139.575304334996,3,3.11933165696263,bolditalic('Trichiurus japonicus')
TrichiurusJaponicus,SSP5-8.5,82,Trichiurus japonicus,3,0.96614582037037,0.682059486021191,141.651254791045,3,3.12642981822789,bolditalic('Trichiurus japonicus')
TrichiurusJaponicus,SSP5-8.5,83,Trichiurus japonicus,3,0.957881153389183,0.682059486021191,140.439532477879,3,3.11865599024296,bolditalic('Trichiurus japonicus')
TrichiurusJaponicus,SSP5-8.5,84,Trichiurus japonicus,3,0.945056667266314,0.682059486021191,138.559273294376,3,3.12867951191962,bolditalic('Trichiurus japonicus')
TrichiurusJaponicus,SSP5-8.5,85,Trichiurus japonicus,3,0.903685879700176,0.682059486021191,132.493704467311,3,3.10942970353365,bolditalic('Trichiurus japonicus')
TrichiurusJaponicus,SSP5-8.5,86,Trichiurus japonicus,3,0.970038938950617,0.682059486021191,142.222043506698,3,3.13376952713728,bolditalic('Trichiurus japonicus')
TrichiurusJaponicus,SSP5-8.5,87,Trichiurus japonicus,3,0.911864975791887,0.682059486021191,133.692880823529,3,3.13522670009732,bolditalic('Trichiurus japonicus')
TrichiurusJaponicus,SSP5-8.5,88,Trichiurus japonicus,3,0.94615585994709,0.682059486021191,138.720431185044,3,3.15606705500186,bolditalic('Trichiurus japonicus')
TrichiurusJaponicus,SSP5-8.5,89,Trichiurus japonicus,3,0.955753220998236,0.682059486021191,140.127546143174,3,3.11348433198035,bolditalic('Trichiurus japonicus')
TrichiurusJaponicus,SSP5-8.5,90,Trichiurus japonicus,3,0.9526509735097,0.682059486021191,139.672710816913,3,3.0952566537261,bolditalic('Trichiurus japonicus')
TrichiurusJaponicus,SSP5-8.5,91,Trichiurus japonicus,3,0.924847156208113,0.682059486021191,135.596260320816,3,3.14413682921231,bolditalic('Trichiurus japonicus')
TrichiurusJaponicus,SSP5-8.5,92,Trichiurus japonicus,3,0.955023398165785,0.682059486021191,140.020543330749,3,3.11592205706239,bolditalic('Trichiurus japonicus')
TrichiurusJaponicus,SSP5-8.5,93,Trichiurus japonicus,3,0.941399124303351,0.682059486021191,138.02302344551,3,3.14700721250474,bolditalic('Trichiurus japonicus')
TrichiurusJaponicus,SSP5-8.5,94,Trichiurus japonicus,3,0.959660867407407,0.682059486021191,140.700464853236,3,3.14440210524201,bolditalic('Trichiurus japonicus')
TrichiurusJaponicus,SSP5-8.5,95,Trichiurus japonicus,3,0.918565644973545,0.682059486021191,134.675297946814,3,3.10446073113382,bolditalic('Trichiurus japonicus')
TrichiurusJaponicus,SSP5-8.5,96,Trichiurus japonicus,3,0.95171667707231,0.682059486021191,139.535729152331,3,3.09326344411075,bolditalic('Trichiurus japonicus')
TrichiurusJaponicus,SSP5-8.5,97,Trichiurus japonicus,3,0.997577214744268,0.682059486021191,146.259561693608,3,3.09898770405352,bolditalic('Trichiurus japonicus')
TrichiurusJaponicus,SSP5-8.5,98,Trichiurus japonicus,3,0.93953462691652,0.682059486021191,137.749660575402,3,3.1453847732991,bolditalic('Trichiurus japonicus')
TrichiurusJaponicus,SSP5-8.5,99,Trichiurus japonicus,3,0.92218644361552,0.682059486021191,135.206160535222,3,3.11976761817932,bolditalic('Trichiurus japonicus')
TrichiurusJaponicus,SSP5-8.5,100,Trichiurus japonicus,3,0.946851409188712,0.682059486021191,138.822408982564,3,3.14587015463412,bolditalic('Trichiurus japonicus')
