scenario,run,group,ingestion_age_standardized,maintenance_age_standardized,enet_age_standardized,mbi_age_standardized
Base,1,Prey,26.3932952377778,1.17581781322222,15.5518822788889,0.0445498677838161
Base,1,Predator,66.7699948205954,0.538141745078334,56.2966447931679,0.0375490548476355
Base,1,Invertebrate,17.6519839377778,0.315884302516667,4.07456999755556,0.0208786895024227
Base,1,Mid-trophic species,56.7173211857221,0.412550754390489,44.7259203758968,0.0294497587762106
Base,2,Prey,28.1191591377778,1.16010474833333,16.6844178466667,0.0412567368266267
Base,2,Predator,67.4460543566665,0.537631781447737,57.1530018650595,0.0377749541778353
Base,2,Invertebrate,17.0165807205556,0.254559974272222,3.71428597272222,0.0177260535101883
Base,2,Mid-trophic species,56.7688852942487,0.41041773400045,45.8021782407627,0.0292166684418741
Base,3,Prey,26.478228,1.14752997344444,15.8699141788889,0.0433386242253237
Base,3,Predator,66.3820368041666,0.530196862075238,56.5311808145834,0.0360911083587071
Base,3,Invertebrate,14.8992435672222,0.264326689538889,3.22236137818333,0.0200990035016124
Base,3,Mid-trophic species,56.4374040533215,0.403719973347778,44.8114898756349,0.0290938488994436
Base,4,Prey,26.1533277444445,1.161372071,15.4824240566667,0.044406282915439
Base,4,Predator,67.5604525865476,0.533844602294406,54.8252177498775,0.0377639120733836
Base,4,Invertebrate,16.632290745,0.2749013086,3.70614162902778,0.0203275387260655
Base,4,Mid-trophic species,56.8181278492499,0.419380180244894,46.088788515627,0.029739601407994
Base,5,Prey,27.0043457444445,1.13971566,16.3100182233333,0.042204898085134
Base,5,Predator,67.3974016109523,0.537883868592858,56.7222527607596,0.0376587795980783
Base,5,Invertebrate,17.7509977172222,0.241378642044444,3.63632681122222,0.015518994240342
Base,5,Mid-trophic species,57.4117249915952,0.410317855789153,45.3345567225111,0.0287822689726624
Base,6,Prey,26.57256335,1.16674019144444,15.8613938566667,0.0439077019434199
Base,6,Predator,67.7235138992858,0.541324493375119,55.7139173003702,0.0368746873158534
Base,6,Invertebrate,16.9999844283333,0.307587183322222,3.79318867577778,0.0237188282043791
Base,6,Mid-trophic species,56.8261089515661,0.397228292500847,44.7907396231966,0.028686742531179
Base,7,Prey,26.5530146666667,1.141309666,15.7374897233333,0.0429823008922879
Base,7,Predator,67.8560419141665,0.533012611021309,56.0818698173833,0.0389702038259807
Base,7,Invertebrate,16.7150801911111,0.284137325788889,2.93735776377778,0.0169831490394888
Base,7,Mid-trophic species,56.4025818686812,0.420466707129974,44.1478578335159,0.0299832428703688
Base,8,Prey,26.6597945666667,1.17762333077778,15.9372282244444,0.0441722582607664
Base,8,Predator,68.3386363134523,0.532423813203094,55.6312162688316,0.037839445939159
Base,8,Invertebrate,16.8779476472222,0.272970498722222,3.82503928161111,0.0194689009720237
Base,8,Mid-trophic species,56.5327449700873,0.404951561094604,45.0581328511487,0.0287329309736093
Base,9,Prey,27.1139793888889,1.15915818655556,16.0943051855556,0.0427513117838605
Base,9,Predator,66.961799885119,0.529819750975477,56.2163356196315,0.0351507961692417
Base,9,Invertebrate,17.1685229172222,0.3097624478,3.96147076988889,0.0203907908016962
Base,9,Mid-trophic species,57.1354823217831,0.403256878180132,45.3649227753026,0.0289291280824443
Base,10,Prey,26.66727395,1.15742032044444,15.5401956655556,0.0434022736112644
Base,10,Predator,67.6129510895238,0.536041880590713,55.3678887790869,0.0372410522654963
Base,10,Invertebrate,17.5896897283333,0.3084397338,3.71096036922222,0.0211231215737667
Base,10,Mid-trophic species,57.0264225198716,0.41042762916664,44.7870955686712,0.0292700026344825
Base,11,Prey,26.4851410444444,1.17851308488889,15.5302702666667,0.0444971421111648
Base,11,Predator,67.1776080215475,0.545336552287977,56.1270359621429,0.0398909128221971
Base,11,Invertebrate,17.7196956538889,0.343845462644444,3.64403638722222,0.0217636226930285
Base,11,Mid-trophic species,56.469271502328,0.417907785373863,44.6777652086124,0.0296467181696764
Base,12,Prey,27.495829,1.168403644,16.1229615066667,0.0424938503945453
Base,12,Predator,67.7645714002379,0.546096494401667,57.5519860929976,0.0392767415442957
Base,12,Invertebrate,16.4791807222222,0.328046046233333,3.42281641602222,0.0218429961453264
Base,12,Mid-trophic species,56.9767425720806,0.408667670960715,45.2716551198619,0.0291355159716805
Base,13,Prey,28.3181807311111,1.16418313366667,16.8896158322222,0.0411108024459941
Base,13,Predator,67.5486173789285,0.536125890211428,54.9826186251476,0.0376609078246194
Base,13,Invertebrate,16.7223762938889,0.340761853888889,3.52730312455556,0.0226158489570972
Base,13,Mid-trophic species,56.2389401393479,0.411152762253677,44.2371261363336,0.0292654966628841
Base,14,Prey,27.3197682277778,1.12426088177778,16.23970061,0.0411519187280172
Base,14,Predator,66.6043538127382,0.524022665132858,53.3143457915993,0.0356724919838945
Base,14,Invertebrate,16.7232756188889,0.322855852961111,3.521897474,0.0216245599173545
Base,14,Mid-trophic species,56.9779158656694,0.416535171756322,45.0581175575278,0.0294610804390336
Base,15,Prey,26.6098617166667,1.16736434377778,16.1690410022222,0.0438696133113167
Base,15,Predator,67.3035424091667,0.550595489376785,57.2802254415882,0.0384011437956658
Base,15,Invertebrate,17.663163585,0.243255437655555,3.34056137757222,0.0155424485646401
Base,15,Mid-trophic species,57.8188310053134,0.420536624667858,45.5854202957214,0.0300623129151421
Base,16,Prey,27.4866001888889,1.10118941766667,16.15061233,0.0400627727728877
Base,16,Predator,67.3615949691666,0.529533976361904,55.8001577628286,0.0386700688668193
Base,16,Invertebrate,17.2295255266667,0.263716805622222,3.807720459,0.0185287991209418
Base,16,Mid-trophic species,56.6344816651031,0.403479501720953,44.7823628009347,0.028883049115088
Base,17,Prey,26.4843258,1.14959194111111,15.8104898055556,0.0434065020115072
Base,17,Predator,67.3251829004761,0.522978339364762,53.9882954423031,0.0365779061111162
Base,17,Invertebrate,17.1355379055555,0.255807771511111,3.8055606575,0.0183484065179749
Base,17,Mid-trophic species,56.6126582520675,0.419966036413413,45.1006734219444,0.0301461790471839
Base,18,Prey,26.3174543388889,1.18312203788889,15.3388551944444,0.0449557933170082
Base,18,Predator,67.7305649234524,0.56571535515,57.0399204880475,0.0399225077375177
Base,18,Invertebrate,18.38072178,0.279799599427778,3.56831687572222,0.0165075834344781
Base,18,Mid-trophic species,56.9915885615992,0.406308839710265,45.5296319063765,0.0289574465194459
Base,19,Prey,27.4973661222222,1.13673464722222,16.2495433122222,0.0413397647676357
Base,19,Predator,67.7288092110716,0.536261416469476,55.4063596050667,0.0365029812795022
Base,19,Invertebrate,20.0042784588889,0.289350009044444,4.02276325325555,0.0174972512937529
Base,19,Mid-trophic species,56.8844524428081,0.412631425841296,45.4401842842765,0.0294550241109632
Base,20,Prey,26.7088403477778,1.18050013755556,15.7384426866667,0.0441988540941567
Base,20,Predator,66.7564242772618,0.55440158977762,54.9114853841453,0.0377842583030053
Base,20,Invertebrate,16.8567067361111,0.274080440127778,3.53460377911111,0.0193160847040298
Base,20,Mid-trophic species,57.2844629496377,0.400656518417777,45.2354121200635,0.0277018938159483
Base,21,Prey,25.8989735277778,1.20123691566667,15.3652306944444,0.0463816418970539
Base,21,Predator,67.0637812016666,0.538815611397618,55.0529081365297,0.0398948796358203
Base,21,Invertebrate,18.4391354711111,0.308825425994444,3.42914124733333,0.0166207339285052
Base,21,Mid-trophic species,57.2807892539035,0.40914175211701,44.3717498180668,0.0288268270177537
Base,22,Prey,26.9827788333333,1.17173679566667,15.5270465466667,0.0434253567026668
Base,22,Predator,67.7972186121428,0.525422846948452,55.1961846286317,0.0355465615178014
Base,22,Invertebrate,17.2973103472222,0.245655663088889,3.70168486133333,0.0162152835510165
Base,22,Mid-trophic species,56.6852191061164,0.406962292048096,44.3294608742175,0.0289191691651916
Base,23,Prey,26.5535221722222,1.11853554266667,16.1513810166667,0.0421238107476669
Base,23,Predator,68.0121900886905,0.532889674311667,56.6452105075857,0.0365231452499496
Base,23,Invertebrate,17.16963764,0.294432903205556,3.88268816837778,0.0191065721297345
Base,23,Mid-trophic species,56.5335271743743,0.407593586722037,45.0042510156561,0.0287768237352456
Base,24,Prey,25.9498699333333,1.22177828877778,15.7862718522222,0.0470822509676
Base,24,Predator,67.4368707859524,0.533012614535477,56.1924858797382,0.0377302934054528
Base,24,Invertebrate,19.6497060072222,0.267760310044444,3.72015421127778,0.0154746963518373
Base,24,Mid-trophic species,57.3473971007089,0.410658741698862,44.5047487094132,0.0295383672869134
Base,25,Prey,24.9164683555556,1.20859087344444,14.80315341,0.0485057053912285
Base,25,Predator,68.121363697143,0.526351899002382,54.455356944762,0.0363551549940156
Base,25,Invertebrate,18.1143573966667,0.268885373655556,3.41823376065556,0.016455362894565
Base,25,Mid-trophic species,56.7106825601589,0.407640563084842,44.831288010081,0.028933564866336
Base,26,Prey,27.6621649833333,1.20968808377778,16.8643254333333,0.0437307811773454
Base,26,Predator,67.0733557375,0.536564130052381,55.3538425966833,0.038554891958184
Base,26,Invertebrate,18.50228179,0.254479696011111,3.4058728402,0.0183268585640147
Base,26,Mid-trophic species,57.0413867597764,0.405417441718334,45.1042352641349,0.0287790760350696
Base,27,Prey,26.5274418388889,1.18062453411111,15.9701880166667,0.0445057816460964
Base,27,Predator,66.7663354854762,0.539827083611071,55.9647466279751,0.0375699531806174
Base,27,Invertebrate,15.9466961444444,0.275780314816667,3.56989454523889,0.0198237166121107
Base,27,Mid-trophic species,56.627628135906,0.401222993787249,45.1182806707924,0.0287631573735962
Base,28,Prey,27.31331607,1.14731056266667,16.2593009577778,0.0420055389732349
Base,28,Predator,67.668065892262,0.540473248217738,56.4122325360423,0.0360808071170279
Base,28,Invertebrate,17.4207394122222,0.304578164605555,3.81757532805556,0.0224960699956591
Base,28,Mid-trophic species,57.0815750067407,0.407555409998863,44.4672433249921,0.0288244900391213
Base,29,Prey,26.9620768655556,1.13688156988889,16.1609464333333,0.0421659494392018
Base,29,Predator,67.3985870342858,0.54181904205488,56.9039891669638,0.0380734743371223
Base,29,Invertebrate,17.9310066883333,0.255120776616667,3.70523517761111,0.0163400510883817
Base,29,Mid-trophic species,58.2125734829948,0.406834492989232,45.171310667709,0.029263065696084
Base,30,Prey,26.4488626611111,1.20006600888889,15.8998396711111,0.0453730666707796
Base,30,Predator,66.6879062695236,0.528614636729643,53.1548651113393,0.0369635546004517
Base,30,Invertebrate,17.3355306766667,0.298712632911111,3.50008812044444,0.0195414615133774
Base,30,Mid-trophic species,56.8793005976984,0.409241608819868,45.8239498363995,0.0288375633528038
Base,31,Prey,26.2800219788889,1.15790257955556,15.5015101277778,0.0440601830731236
Base,31,Predator,67.7203874388095,0.539544014570596,55.1264779572142,0.0379308223697304
Base,31,Invertebrate,16.8384186994444,0.292907763977778,3.80095735251667,0.0206409200656702
Base,31,Mid-trophic species,56.8856590384285,0.40622172283336,45.758608439373,0.0286001402242428
Base,32,Prey,26.6888311511111,1.25116444844444,15.9329625777778,0.0468797019007839
Base,32,Predator,67.4185496815477,0.531799648064524,54.8687601273739,0.037081500337662
Base,32,Invertebrate,18.5629559255556,0.247634552627778,3.10547405333333,0.0139721991349054
Base,32,Mid-trophic species,57.4580950659285,0.403775110922064,44.6776335659087,0.0291805720461804
Base,33,Prey,26.4159399788889,1.19422131233333,15.7079464877778,0.0452083595468392
Base,33,Predator,67.4467704647618,0.532714059384048,56.0529012193393,0.0354828773811325
Base,33,Invertebrate,18.4262695977778,0.286571435480555,3.4866191565,0.0175418127518999
Base,33,Mid-trophic species,56.3515583635568,0.408373354747989,44.5251035192606,0.0290675270690814
Base,34,Prey,27.0690262166667,1.16534088533333,16.4083492933333,0.0430507132397626
Base,34,Predator,67.1653404719047,0.535006412703691,55.2558998994882,0.0383557555982824
Base,34,Invertebrate,14.0572159138889,0.316051850444444,3.05211503274444,0.0251054762233453
Base,34,Mid-trophic species,56.9535437586443,0.424743004390132,45.2256983533016,0.0314962120825777
Base,35,Prey,25.7968727111111,1.19885459588889,15.2895960655556,0.046472865502512
Base,35,Predator,67.176075157262,0.53554048762238,54.9424301237094,0.0379385152377113
Base,35,Invertebrate,16.5588875394444,0.297151553216667,3.9157056864,0.0214464620199944
Base,35,Mid-trophic species,56.9186287699961,0.406092169583942,45.162687828281,0.0286580915646198
Base,36,Prey,26.7694466388889,1.110860037,15.8662394277778,0.0414973104220322
Base,36,Predator,66.6575100053572,0.526345274212858,55.9987455069084,0.0361939755666764
Base,36,Invertebrate,17.082711955,0.310823965111111,3.43298416533333,0.0219830831323199
Base,36,Mid-trophic species,57.3494621374498,0.397228271944392,45.0099513661857,0.0279681890764315
Base,37,Prey,26.7722314555556,1.14240178322222,16.4759859211111,0.0426711454784304
Base,37,Predator,67.1264939348811,0.536241147749525,56.9007662050904,0.0361164106838091
Base,37,Invertebrate,18.7198903944444,0.277863582538889,3.79684204811111,0.0168589446730707
Base,37,Mid-trophic species,56.7308284822342,0.406299154608572,43.8503795659958,0.0282658580854264
Base,38,Prey,25.9783694944444,1.20525868988889,15.8319563811111,0.0463947011819444
Base,38,Predator,66.3724787528571,0.54043357797238,56.1375964341785,0.0361541078265381
Base,38,Invertebrate,16.7109235005555,0.330092891322222,3.68125209683889,0.0228340289634157
Base,38,Mid-trophic species,56.8153324593875,0.406584464401323,43.9249809518969,0.0280827373626966
Base,39,Prey,25.9740580822222,1.21924758933333,15.4969983855556,0.0469409741625179
Base,39,Predator,68.2630835663094,0.543160835335833,55.5656680125476,0.0381311432948974
Base,39,Invertebrate,18.3017599911111,0.250069387394444,3.1319531045,0.0138392266967818
Base,39,Mid-trophic species,56.8897761172909,0.421077325004392,45.7495991047937,0.030602703480083
Base,40,Prey,26.8154900055556,1.13970050944444,16.15026171,0.0425015731283793
Base,40,Predator,67.2073813245237,0.533041582285715,56.589255110718,0.0381058563782008
Base,40,Invertebrate,17.1498390355555,0.301911793077778,3.49316742677778,0.021105668603867
Base,40,Mid-trophic species,56.7740069920649,0.41699143102574,44.6471822742381,0.0305588786257941
Base,41,Prey,26.6398783611111,1.126503062,15.9682792966667,0.0422863440564529
Base,41,Predator,66.9031815901191,0.529743280287143,54.5480175115606,0.0378278456265278
Base,41,Invertebrate,16.0391208577778,0.26751284075,3.43269235472222,0.0214633150655522
Base,41,Mid-trophic species,57.0233687565794,0.411088378809048,45.2680223380077,0.0288933627246037
Base,42,Prey,25.86865795,1.17592649933333,15.6169957633333,0.0454575765625806
Base,42,Predator,66.6617797252379,0.548931966865477,56.1854305908572,0.0385164819145335
Base,42,Invertebrate,20.8550320744445,0.2683868319,3.39476896705556,0.0134579668678934
Base,42,Mid-trophic species,57.3936139722858,0.401886774211456,44.5427216057281,0.02849307950576
Base,43,Prey,26.5096706277778,1.120937659,15.8838084988889,0.0422841035914434
Base,43,Predator,67.7253726395239,0.522745321223811,56.1704248863291,0.0363025244314097
Base,43,Invertebrate,18.6433395611111,0.26480016195,3.76657276077778,0.0169721437781108
Base,43,Mid-trophic species,57.1197720471562,0.410860346603731,44.7528524697643,0.0293378758706546
Base,44,Prey,27.1820319277778,1.17773537077778,16.3841967777778,0.0433277164086556
Base,44,Predator,68.3371179815477,0.534152838504762,56.8051974513212,0.0368208739655176
Base,44,Invertebrate,18.229293115,0.275238440972222,3.78286400361111,0.0172548860210253
Base,44,Mid-trophic species,56.8744918300766,0.397429568247222,45.5342220893188,0.0285859015121453
Base,45,Prey,27.1891956222222,1.16994023044444,16.0280972,0.0430296006803611
Base,45,Predator,66.4390548757144,0.540476243591547,55.3963704053421,0.0384017041482011
Base,45,Invertebrate,17.3063068905556,0.292577850916667,3.48681634982222,0.0187161531812558
Base,45,Mid-trophic species,56.8318341873082,0.40421851276082,44.8035583129881,0.0286105263153874
Base,46,Prey,27.1211447166667,1.15951291355556,16.0981801466667,0.0427530963633332
Base,46,Predator,66.964629697024,0.54378264764,55.4083531021821,0.037513439186036
Base,46,Invertebrate,17.9919323177778,0.267308716388889,3.67935267811111,0.0162708927008646
Base,46,Mid-trophic species,57.0384280286112,0.416002866386032,45.157082718201,0.0293958783330821
Base,47,Prey,26.8834323444444,1.14703454555556,16.0323603711111,0.042666967925046
Base,47,Predator,66.9330447735716,0.531052265856428,56.1111929492797,0.0366061986700476
Base,47,Invertebrate,18.9462516205555,0.305180553744445,4.39380054144445,0.0208621809691794
Base,47,Mid-trophic species,57.7862048938809,0.40881209456053,45.9241079634206,0.0292049146967631
Base,48,Prey,28.0397284444445,1.13522839511111,16.6045305755556,0.0404864261563858
Base,48,Predator,66.5388402149999,0.545770464630928,56.9539853321178,0.0370536670567799
Base,48,Invertebrate,16.7203345788889,0.321983089133333,3.45931292083333,0.0236411832576238
Base,48,Mid-trophic species,56.7938630127354,0.404454354345345,44.4072598802183,0.0295395888945404
Base,49,Prey,26.68766001,1.18862883277778,15.9912736077778,0.0445385182639614
Base,49,Predator,67.7196558467856,0.541840786213213,54.4110249369523,0.0385374377640122
Base,49,Invertebrate,17.2178901016667,0.244621032477778,3.60969200438889,0.0178150709233636
Base,49,Mid-trophic species,56.6921187772196,0.412781928473147,44.3356247250847,0.0298827728944794
Base,50,Prey,25.7746818666667,1.13448739022222,15.4121796511111,0.0440155729599677
Base,50,Predator,67.4603386259524,0.524734394304761,54.4016911517738,0.0364360616909633
Base,50,Invertebrate,18.4347297172222,0.260872162133333,3.86043363394444,0.0175329290266809
Base,50,Mid-trophic species,56.4542385852197,0.407997011194894,44.8539733758254,0.029205030371752
Base,51,Prey,26.4839550722222,1.21565484211111,15.9061525277778,0.045901559596971
Base,51,Predator,67.8313757557144,0.53667653540831,56.051626054825,0.0390565189811609
Base,51,Invertebrate,18.9321187166667,0.285090195422222,3.61444289972222,0.0159014467131231
Base,51,Mid-trophic species,56.7393409246866,0.409619257275133,44.7146340825873,0.0306810054915337
Base,52,Prey,26.8857906055556,1.15805023177778,16.2037188288889,0.0430729469245544
Base,52,Predator,67.7802901815476,0.527503563485356,53.4972605939381,0.0369628124573793
Base,52,Invertebrate,17.3788990877778,0.290831919422222,3.77565654594444,0.020963179639148
Base,52,Mid-trophic species,56.8279551323121,0.411903860525609,43.9404305198518,0.0300101817413574
Base,53,Prey,27.1782342388889,1.18721669033333,16.3037009122222,0.0436826277931833
Base,53,Predator,67.307420575238,0.550512648110476,57.5299089212897,0.0376934225332337
Base,53,Invertebrate,16.8187065944445,0.310176211988889,3.6209274414,0.0231067923633541
Base,53,Mid-trophic species,56.8047161871443,0.414866985042566,44.1560368066826,0.0291282660329954
Base,54,Prey,27.88774605,1.14975499666667,16.5357490644444,0.0412279642322212
Base,54,Predator,67.6942738547619,0.529605783184882,56.3997869615881,0.0371075478441936
Base,54,Invertebrate,15.7797712672222,0.247970525277778,3.37611467902222,0.0186030011696559
Base,54,Mid-trophic species,56.5583516982882,0.403513636837302,43.9810420345569,0.0283410343685335
Base,55,Prey,27.2932172888889,1.18205859577778,16.6728099644444,0.0433096099762118
Base,55,Predator,67.3595049914286,0.539384345422858,56.2708437645953,0.0356633925131599
Base,55,Invertebrate,14.9125898872222,0.311646075066666,3.15858610877778,0.0244192860860921
Base,55,Mid-trophic species,56.8675389020596,0.419971328914021,45.7402926395794,0.0304141671242973
Base,56,Prey,26.6091404777778,1.20241579944444,16.1793898344444,0.0451880736414099
Base,56,Predator,66.9700037853571,0.543010974336429,55.7290022043143,0.0380422140684425
Base,56,Invertebrate,16.4521160483333,0.283971041861111,3.59476005955556,0.0204117935975168
Base,56,Mid-trophic species,57.3681609908742,0.412208346427883,44.239482680064,0.0296930515757676
Base,57,Prey,25.7009445277778,1.14339660144444,15.1576716777778,0.044488505090101
Base,57,Predator,67.6516321833335,0.539937889324642,55.9546491619084,0.0374892914688826
Base,57,Invertebrate,16.5530045644444,0.296085044586666,3.57962808044444,0.0200482924492617
Base,57,Mid-trophic species,56.5861216773268,0.408150537068678,44.4498718042381,0.0293397297199019
Base,58,Prey,26.9120477166667,1.20124501433333,16.2368332644444,0.044635957359328
Base,58,Predator,68.0324018071429,0.536629121195713,54.7307935450025,0.0380753177224118
Base,58,Invertebrate,14.5679002338889,0.282012132205556,3.23848793894444,0.0205334877174673
Base,58,Mid-trophic species,57.8879599800583,0.408244121681031,46.0168524680794,0.0282013759847567
Base,59,Prey,26.3410449055556,1.22581183077778,15.7394243955556,0.046536188491112
Base,59,Predator,66.9583973713095,0.5461877870275,55.3697113271713,0.038381327023864
Base,59,Invertebrate,18.3995095027778,0.258029834138889,3.4447362928,0.0160304931749258
Base,59,Mid-trophic species,56.588897673652,0.408928824006375,44.6945364616997,0.0292078295389895
Base,60,Prey,26.3117485555556,1.16420141644444,15.6152498922222,0.0442464480833081
Base,60,Predator,67.2430672677381,0.538395406409644,55.1348193316049,0.0371597119526942
Base,60,Invertebrate,16.2588348033333,0.273319268894444,3.22875514862222,0.0197230194735475
Base,60,Mid-trophic species,56.5055923750238,0.413386832586482,44.604410209918,0.0298559987303069
Base,61,Prey,26.2544703333333,1.140837238,15.6595783188889,0.0434530662213194
Base,61,Predator,66.952641832619,0.535818171938809,55.4268219507619,0.0375193979141158
Base,61,Invertebrate,17.716201645,0.266959476638889,3.67404729505556,0.0176818411268691
Base,61,Mid-trophic species,56.846687454131,0.401552234552064,45.9969610828849,0.0282532787920909
Base,62,Prey,26.9449757555556,1.08863091222222,15.7663880266667,0.0404020000648086
Base,62,Predator,67.298108805119,0.540139201805501,56.7826151939751,0.0369236371111161
Base,62,Invertebrate,16.9721344688889,0.305040148816667,3.59100734461111,0.0225957063780132
Base,62,Mid-trophic species,57.2907672813175,0.404443971341825,45.0898268181106,0.0281031198747137
Base,63,Prey,27.6657220988889,1.18393935233333,16.5950482877778,0.0427944496840327
Base,63,Predator,67.4507465940478,0.551443821239287,56.6616123095668,0.0399890926615031
Base,63,Invertebrate,14.4494499027778,0.246830897177778,3.23020037894444,0.0190543989304527
Base,63,Mid-trophic species,56.7380631877473,0.41697514416045,44.8261438523873,0.0298975985868403
Base,64,Prey,26.8072996744444,1.20370605877778,15.7082594688889,0.0449021749074293
Base,64,Predator,66.7394247232143,0.535034065481904,55.1298898928348,0.0361837431871342
Base,64,Invertebrate,15.87174621,0.324377496372222,3.20603569955556,0.0221226674605884
Base,64,Mid-trophic species,56.7892191587737,0.403679418096005,44.8372388193373,0.0288985689832918
Base,65,Prey,27.3415479333333,1.21038966666667,16.1884960811111,0.0442692443609246
Base,65,Predator,66.6954648282141,0.526219295636905,55.8099965250773,0.0358313180368306
Base,65,Invertebrate,15.7410447583333,0.277136035033333,3.08761341494444,0.020928103292725
Base,65,Mid-trophic species,56.3550529693519,0.408593391076561,44.3048275831852,0.0295095077216518
Base,66,Prey,27.0962933944444,1.15708237466667,15.9981741133333,0.0427026072467869
Base,66,Predator,67.3100478726191,0.541184349468096,55.1261805627394,0.037028714611902
Base,66,Invertebrate,17.5751309494444,0.261971522377778,3.42560733394445,0.0183606440856276
Base,66,Mid-trophic species,57.0426395598942,0.409485851990609,45.7343793986939,0.0292947269720813
Base,67,Prey,26.3649921166667,1.18011667555556,15.5515106611111,0.044760744487746
Base,67,Predator,68.0633220166667,0.541261953994882,55.3761844706061,0.0380548289612945
Base,67,Invertebrate,19.2064779288889,0.283241319122222,3.69748677722222,0.0159854672660042
Base,67,Mid-trophic species,56.640530757131,0.408267306870477,45.2666720717275,0.0290436654212481
Base,68,Prey,25.9164924,1.20200142722222,15.2065355333333,0.046379788154597
Base,68,Predator,66.9594466609524,0.528063146995237,54.6849408033369,0.03707459956514
Base,68,Invertebrate,16.6917175216667,0.272136945016667,3.26781780292222,0.0183412107364666
Base,68,Mid-trophic species,58.1173204598228,0.412272659932382,45.7225818197235,0.0287834527736133
Base,69,Prey,26.30792738,1.140686253,15.8451099644444,0.0433590315391847
Base,69,Predator,67.2977498180953,0.532819615534523,54.4728836974593,0.0371381089879301
Base,69,Invertebrate,17.9477480861111,0.261231424572222,3.78664911077778,0.0166299753739263
Base,69,Mid-trophic species,57.7276171288875,0.420292895107222,45.1989417737672,0.0302781515436941
Base,70,Prey,27.5676083277778,1.16285293577778,16.4276728822222,0.0421818578511238
Base,70,Predator,67.642604582738,0.530267093272856,53.8799042211281,0.036695020230139
Base,70,Invertebrate,15.3217456566666,0.278567888333333,3.31355769242778,0.0207480955175133
Base,70,Mid-trophic species,57.0653963771336,0.419593973896773,45.1606020548968,0.0303170064393627
Base,71,Prey,25.8354942111111,1.16740817488889,15.0078414322222,0.0451862141807537
Base,71,Predator,68.0498269367856,0.533778843260001,54.5013547655393,0.037471163840156
Base,71,Invertebrate,15.9663103983333,0.326387039938889,3.18831956611111,0.0221366893798437
Base,71,Mid-trophic species,56.8767611200265,0.401206926491349,45.2604349141469,0.0284961524769085
Base,72,Prey,27.0021660888889,1.18057648644444,15.9375439255556,0.0437215474698617
Base,72,Predator,66.6177601671429,0.539539303824547,55.2316268909126,0.0384866707542203
Base,72,Invertebrate,16.3411496877778,0.258325509427778,3.29712689815,0.018036697327
Base,72,Mid-trophic species,56.7529093042698,0.405454585375423,45.76074334416,0.0281641567413479
Base,73,Prey,26.4788808022222,1.16220670633333,16.0844981011111,0.0438918364795764
Base,73,Predator,66.8530961213095,0.540438011137858,55.7424511633559,0.0374464434686931
Base,73,Invertebrate,17.5010301305555,0.288657617727778,3.56639450805556,0.0189419179950286
Base,73,Mid-trophic species,56.6592091445066,0.413320243079656,45.6298636379405,0.0296491720570712
Base,74,Prey,26.7776823388889,1.17395810022222,16.0862931288889,0.043840915183212
Base,74,Predator,66.8234186495238,0.538285898696192,54.8959063924169,0.0370721630369881
Base,74,Invertebrate,15.1387744155556,0.272229602505555,3.09743789334444,0.020481736555093
Base,74,Mid-trophic species,57.2465140376693,0.413481979688916,45.9371908623003,0.0295476510523714
Base,75,Prey,27.2570816166667,1.175122996,16.2854653577778,0.0431125757528443
Base,75,Predator,67.4588239746428,0.536988368867618,55.85635306759,0.0365446641580308
Base,75,Invertebrate,16.2622561038889,0.270324148527778,3.29318848777778,0.0185195289101357
Base,75,Mid-trophic species,56.5800244896508,0.400235642920053,44.2774807029653,0.0287127560471395
Base,76,Prey,26.4190594533333,1.17374849622222,15.8919585488889,0.0444280954927837
Base,76,Predator,67.4681797164287,0.53823366763881,56.0675588740397,0.0376059834343409
Base,76,Invertebrate,18.6378010794444,0.250454530611111,3.83505273938889,0.0143920489454432
Base,76,Mid-trophic species,56.8710676562102,0.414207453826296,44.3537677146746,0.0295594145392131
Base,77,Prey,28.0067073277778,1.11835688044444,16.6252044588889,0.0399317516106304
Base,77,Predator,66.6167202163096,0.541653649768332,55.4656408122213,0.0357798794642909
Base,77,Invertebrate,19.1671767333333,0.316169898411111,3.26236899033333,0.0177317683764984
Base,77,Mid-trophic species,56.6711208073135,0.403154182894948,44.3907723853916,0.0289847329668812
Base,78,Prey,26.8980672822222,1.142883017,16.02371753,0.0424894102988346
Base,78,Predator,67.6504119125001,0.53347119952738,56.3029521728513,0.0369095320216008
Base,78,Invertebrate,17.8700410894444,0.288080217694444,3.87778451127778,0.0176101699110398
Base,78,Mid-trophic species,56.9244529465279,0.402180488120053,44.599518578677,0.0284492729601923
Base,79,Prey,26.1650367111111,1.13930821122222,15.3252442411111,0.0435431535526342
Base,79,Predator,66.5744249633334,0.529766010049404,55.4757984131893,0.0358899549124227
Base,79,Invertebrate,15.3734035077778,0.264363697488889,3.1689824332,0.0194712389523811
Base,79,Mid-trophic species,56.8029634054338,0.404343728563122,45.1340174593413,0.029288195027557
Base,80,Prey,26.8502308166667,1.18038074233333,16.0841470955556,0.0439616609031398
Base,80,Predator,67.2358722042858,0.544981921075,55.4069577036668,0.0376955612137686
Base,80,Invertebrate,17.2896089761111,0.301666147855556,3.43882651105556,0.0193295803422706
Base,80,Mid-trophic species,57.2177936309048,0.403673323554418,45.0057275571458,0.0285730945052925
Base,81,Prey,26.9367898111111,1.192493153,16.1137496133333,0.0442700545002623
Base,81,Predator,66.8823808525001,0.535388623467501,55.1055885157542,0.0374030081769556
Base,81,Invertebrate,16.5306913944445,0.274281990116667,3.28997691172222,0.0179650664329072
Base,81,Mid-trophic species,56.5709458569815,0.416163490759921,44.8119502795265,0.0304319127409897
Base,82,Prey,25.5444576166667,1.23732003122222,14.9883113544444,0.0484379057794096
Base,82,Predator,67.5554643205953,0.524114158703094,56.7092436740239,0.0354299190483418
Base,82,Invertebrate,18.3298796744444,0.340410858183333,3.49266540316667,0.0225183280132304
Base,82,Mid-trophic species,56.7114823597447,0.417248174414788,43.9825200832963,0.0299929746750424
Base,83,Prey,27.2096062944445,1.14903981166667,16.0987595188889,0.0422291965283332
Base,83,Predator,67.3183140311906,0.53275887297738,55.6284056732797,0.037197509836839
Base,83,Invertebrate,15.9617264144444,0.254350133422222,3.18759647627778,0.0188982537737785
Base,83,Mid-trophic species,57.349950547623,0.412887058922884,44.741858664458,0.0297117360781192
Base,84,Prey,27.0265845722222,1.192411011,16.2962932977778,0.0441199296867705
Base,84,Predator,67.993839382619,0.527466275575595,55.7900892408513,0.0359265911667312
Base,84,Invertebrate,16.6704217733334,0.257423995588889,3.45279881541556,0.0180426537961739
Base,84,Mid-trophic species,57.421995525824,0.409375644473823,44.9366764132156,0.0294719000221462
Base,85,Prey,26.7460976111111,1.23613636766667,16.1526925255556,0.0462174477054604
Base,85,Predator,68.054733564881,0.543894919206191,57.543270426719,0.0388093407402304
Base,85,Invertebrate,16.754556965,0.2705369461,3.36929239161111,0.0190340548986429
Base,85,Mid-trophic species,56.9624589849591,0.410113576322382,45.0380938830198,0.0283063925397509
Base,86,Prey,25.9066932944444,1.20024079033333,15.7534210355556,0.0463293704330347
Base,86,Predator,68.210634237143,0.52257262099381,55.2838540881667,0.0364859171772781
Base,86,Invertebrate,16.9778151327778,0.276296776772222,3.48263775994445,0.0196162888372685
Base,86,Mid-trophic species,56.8351585884841,0.404262569678756,44.3231638378355,0.0285653333343041
Base,87,Prey,26.7210924,1.14466415955556,15.9448884577778,0.0428374761937336
Base,87,Predator,67.2699322340477,0.545887961366191,56.5549930927702,0.0383482205331597
Base,87,Invertebrate,17.7947983911111,0.294564226566667,3.78988743611111,0.020810601869152
Base,87,Mid-trophic species,56.819013718041,0.414619972851244,45.2663434186746,0.0295832336529979
Base,88,Prey,26.5154119611111,1.16280390188889,15.8070087922222,0.0438538878292488
Base,88,Predator,66.7707397704763,0.542597164505238,56.8654030143099,0.0372076505122827
Base,88,Invertebrate,17.445465205,0.264452738705556,3.60867344908333,0.0164984876962504
Base,88,Mid-trophic species,58.2293292584471,0.41482235084926,45.3224703979378,0.0302029754122382
Base,89,Prey,26.8947798444444,1.154602391,16.1568998911111,0.0429303529412791
Base,89,Predator,67.8944959182145,0.540136821219405,56.27047200855,0.0376892506041045
Base,89,Invertebrate,16.0501395733333,0.340806740383334,3.50274553372222,0.0232576722715692
Base,89,Mid-trophic species,57.9797396095715,0.420927038420556,46.1189967415238,0.0303822420239724
Base,90,Prey,26.4162926111111,1.16274742766667,15.6635122033333,0.0440162987586531
Base,90,Predator,66.7116076388097,0.54612728923619,56.0643396227263,0.0388036063487381
Base,90,Invertebrate,17.4209691322222,0.250569867216667,3.15879771564445,0.0165097576858915
Base,90,Mid-trophic species,58.5585966778638,0.417454712793624,46.908220648881,0.0292960417107818
Base,91,Prey,26.2157673611111,1.14596603577778,15.3419385433333,0.0437128549392654
Base,91,Predator,66.8518784029761,0.533968063435238,55.1356724077894,0.03604061147575
Base,91,Invertebrate,17.9193382538889,0.262586554138889,3.52168054855556,0.0156883001445185
Base,91,Mid-trophic species,57.2951527577514,0.407590171764974,45.1936236135851,0.0286573871540762
Base,92,Prey,26.8684490055556,1.20605454577778,15.9949844466667,0.0448873898723519
Base,92,Predator,66.9919021963097,0.527788935988095,53.6631500899917,0.0379285353523441
Base,92,Invertebrate,18.2298845538889,0.24122454805,3.4103405569,0.0151228931981119
Base,92,Mid-trophic species,56.0683859164524,0.409827846055185,44.125131174709,0.0292149763026657
Base,93,Prey,26.5060240166667,1.24769915688889,15.7903019711111,0.0470722865151088
Base,93,Predator,66.5542964909524,0.54096016565738,54.4639229068338,0.0359890439489369
Base,93,Invertebrate,17.5164044805555,0.274222843744445,3.49840971194445,0.0169162239278788
Base,93,Mid-trophic species,57.1445494837552,0.397875820393519,45.0818127893783,0.0280661350702444
Base,94,Prey,26.2388549055556,1.18428142377778,15.4816265555556,0.0451346458540395
Base,94,Predator,67.4682893085713,0.545530750127142,53.6874988514238,0.0402179092911561
Base,94,Invertebrate,19.2346831666667,0.262219447188889,3.21928818127778,0.0164424741429351
Base,94,Mid-trophic species,56.7610301273135,0.410117690984154,44.1926718165807,0.0296225938821274
Base,95,Prey,26.5007213722222,1.16008755322222,15.7958415988889,0.0437756971566145
Base,95,Predator,67.4577631733334,0.539722996454166,56.0406572680464,0.0381702472842484
Base,95,Invertebrate,16.9667728366667,0.275639778705556,3.49133024227778,0.0169336429116059
Base,95,Mid-trophic species,57.2557696012844,0.405463072307883,45.3498831795619,0.0290042336026609
Base,96,Prey,27.11600925,1.20713010066667,16.4485743455556,0.04451724770918
Base,96,Predator,67.4783795590475,0.551488486587618,56.7208866235492,0.0384318969156681
Base,96,Invertebrate,16.944417555,0.289462791572222,3.47499917805555,0.0193974240049224
Base,96,Mid-trophic species,56.9138181996124,0.406634253799047,44.2895452397976,0.0291802079115847
Base,97,Prey,26.3429158555556,1.16805052911111,15.8336988611111,0.0443402141021825
Base,97,Predator,66.9206507549999,0.562154236597382,57.0869787645299,0.0399953236953234
Base,97,Invertebrate,17.16749076,0.234132248605556,3.44654708777778,0.0153185228911118
Base,97,Mid-trophic species,57.0750948182897,0.41127654387537,45.217671097795,0.0293234826546032
Base,98,Prey,25.2672838777778,1.21667730044444,15.21701449,0.0481522789045994
Base,98,Predator,67.3785711380952,0.550611928995475,56.2277854529904,0.0368413950783632
Base,98,Invertebrate,17.40202668,0.264445912333333,3.53614908022222,0.0175660918148144
Base,98,Mid-trophic species,57.777258232049,0.407517170310767,45.4597817547664,0.0291504114674847
Base,99,Prey,27.6264622944444,1.20159791233333,16.33049123,0.0434944546835796
Base,99,Predator,67.4096583052383,0.544586176645714,55.3524827312209,0.0388016902035447
Base,99,Invertebrate,17.0547017033333,0.304287215027778,3.48863836077778,0.0219528813747878
Base,99,Mid-trophic species,57.723375857615,0.414094137362514,45.2686508985992,0.0290970345178349
Base,100,Prey,25.4161008055556,1.18553157244444,15.2929958222222,0.0466449036189417
Base,100,Predator,66.7331230295238,0.536132665578809,55.6553637890299,0.037892843166216
Base,100,Invertebrate,16.7376775938889,0.261638925883333,3.28510314438889,0.016864108706686
Base,100,Mid-trophic species,56.7920437315065,0.408776141296032,44.6631361602172,0.0294240014451576
SSP1-2.6,1,Prey,27.7092752777778,1.49244274654321,16.8931582115226,0.0538607643679557
SSP1-2.6,1,Predator,67.1585762925749,0.672967718521516,58.1719594211321,0.0470759996854442
SSP1-2.6,1,Invertebrate,15.2869049438272,0.441283128650206,3.80612649281893,0.0345700254231392
SSP1-2.6,1,Mid-trophic species,57.0489591451711,0.478197828437193,48.5361056633598,0.0339770204688533
SSP1-2.6,2,Prey,28.7382000102881,1.4544292209465,17.2883378641975,0.0506096143956764
SSP1-2.6,2,Predator,67.245032643827,0.694670669563404,58.3590594724851,0.0493004433342138
SSP1-2.6,2,Invertebrate,16.0727144847737,0.477236997156379,4.14143099654321,0.0372980466915447
SSP1-2.6,2,Mid-trophic species,57.4718741652954,0.477868099102303,49.0662038548589,0.033788976231934
SSP1-2.6,3,Prey,28.2881136975309,1.48596367032922,17.2864943802469,0.0525296131872844
SSP1-2.6,3,Predator,66.6283899798944,0.688238839288448,58.3156426730234,0.0486833892659442
SSP1-2.6,3,Invertebrate,16.1802445539095,0.426290962368313,4.13891318779424,0.0332438960475914
SSP1-2.6,3,Mid-trophic species,56.9653520577219,0.471911784862513,48.5429505640241,0.0328935639844144
SSP1-2.6,4,Prey,27.9316271897119,1.47673400119342,16.96478701893,0.0528696015868829
SSP1-2.6,4,Predator,66.2827519417548,0.677289861433775,58.0156804224543,0.0471935296762528
SSP1-2.6,4,Invertebrate,15.6455157604938,0.409693367841564,3.99626755003292,0.0331132157831719
SSP1-2.6,4,Mid-trophic species,57.7091670694742,0.469626996034255,49.4894729886866,0.0325477055338306
SSP1-2.6,5,Prey,28.2668083600823,1.53592301197531,17.2172028213992,0.054336626633246
SSP1-2.6,5,Predator,66.7973145355378,0.665229197497177,56.4579265159574,0.0471616428551708
SSP1-2.6,5,Invertebrate,15.8718827028807,0.399318907512346,4.03054685725309,0.0303121062370481
SSP1-2.6,5,Mid-trophic species,57.6545944532017,0.470150333554066,49.6233868155404,0.0328866082136686
SSP1-2.6,6,Prey,28.2269906152263,1.48903216185185,17.0924998555556,0.0527520691861722
SSP1-2.6,6,Predator,67.2763803552027,0.670922252235627,57.4130957030647,0.0470677062907587
SSP1-2.6,6,Invertebrate,15.5096065034979,0.417802866302469,3.93948106930864,0.0348216417561455
SSP1-2.6,6,Mid-trophic species,57.3345591777733,0.460426133450362,48.1034422191148,0.0322181477754262
SSP1-2.6,7,Prey,27.9111433312757,1.48849914156379,17.0808201522634,0.053329923604235
SSP1-2.6,7,Predator,66.2769652449295,0.668312409420636,58.0316112608597,0.0456985329942663
SSP1-2.6,7,Invertebrate,14.955302746502,0.42701367049177,3.86990935072017,0.0335237799576703
SSP1-2.6,7,Mid-trophic species,57.9620100748825,0.471716407898902,49.2137186519139,0.0338121776749323
SSP1-2.6,8,Prey,28.8915703786008,1.44967133975309,17.7708703563786,0.0501762735897118
SSP1-2.6,8,Predator,66.9324191161375,0.675744393404321,58.2231378133453,0.0462241065168618
SSP1-2.6,8,Invertebrate,14.903318627572,0.451980879641975,3.60004287897942,0.0339579687725209
SSP1-2.6,8,Mid-trophic species,56.5723093830929,0.477602055000617,48.6908452284911,0.0336434970643801
SSP1-2.6,9,Prey,27.873403063786,1.52712260786008,17.0506907164609,0.0547878062956786
SSP1-2.6,9,Predator,67.3496361173721,0.661681591623898,57.5348020473836,0.0469656149028793
SSP1-2.6,9,Invertebrate,14.9628892179012,0.390925988244856,3.73234801235391,0.0323491310004075
SSP1-2.6,9,Mid-trophic species,56.8335039400387,0.471008596858339,48.4832802024655,0.033387561365337
SSP1-2.6,10,Prey,27.7524349032922,1.52304168049383,17.0623364777778,0.0548795695152916
SSP1-2.6,10,Predator,67.3107881350087,0.676521932889505,58.6210926013512,0.0467256836457106
SSP1-2.6,10,Invertebrate,14.8248021748971,0.465482958475309,3.71562392697531,0.0383387370438978
SSP1-2.6,10,Mid-trophic species,57.2256069145895,0.471378431330149,48.3981426856847,0.0332546996823728
SSP1-2.6,11,Prey,28.4529199382716,1.49183640921811,17.485350108642,0.0524317508520965
SSP1-2.6,11,Predator,66.3775914536154,0.663687673346473,57.6524602583696,0.0450364261051611
SSP1-2.6,11,Invertebrate,15.4268166399177,0.45391383845679,4.01035971144033,0.0361061376781488
SSP1-2.6,11,Mid-trophic species,57.7325050682777,0.472514453570781,49.468441683207,0.0322907825135127
SSP1-2.6,12,Prey,27.4739726440329,1.51445191242798,16.9028825041152,0.0551231499008174
SSP1-2.6,12,Predator,65.8828872673721,0.664817767044223,57.7688053816769,0.0453101634136322
SSP1-2.6,12,Invertebrate,15.201585854321,0.383376240347737,3.64029729253087,0.0306623723007446
SSP1-2.6,12,Mid-trophic species,56.9839601860577,0.478679828884177,48.6751740665489,0.0339076704333411
SSP1-2.6,13,Prey,28.9878337962963,1.52075787209877,17.9281236592593,0.0524619356791355
SSP1-2.6,13,Predator,67.1259872441798,0.67637452529224,57.4163759913348,0.0468224455999467
SSP1-2.6,13,Invertebrate,15.5601217522634,0.446706654765432,3.85221193701646,0.0352348400280339
SSP1-2.6,13,Mid-trophic species,57.3180584759896,0.47163551585876,48.9350833441471,0.0330629350196824
SSP1-2.6,14,Prey,27.8936825205761,1.4806860572428,17.0278806954733,0.0530832046342591
SSP1-2.6,14,Predator,67.0190164906085,0.678996465106966,58.2882421735693,0.0459693693204057
SSP1-2.6,14,Invertebrate,14.3489376763375,0.373584210382716,3.52284865763374,0.0324769411966674
SSP1-2.6,14,Mid-trophic species,56.8683763407554,0.4757707705864,49.1380775609943,0.0334261104074409
SSP1-2.6,15,Prey,27.5989682798354,1.47235664547325,16.8001201016461,0.0533482494905071
SSP1-2.6,15,Predator,66.6630983612875,0.684194466301852,58.3962108402052,0.0488360184548447
SSP1-2.6,15,Invertebrate,14.8018708623457,0.399490673098765,3.82405533020576,0.0305293739263243
SSP1-2.6,15,Mid-trophic species,57.811839269781,0.475694696378582,48.9798261455242,0.0330760964239076
SSP1-2.6,16,Prey,27.5675276193416,1.55425147868313,16.6997364049383,0.0563797922013382
SSP1-2.6,16,Predator,66.7823953899104,0.679789784617754,57.7468393882104,0.0468304645587254
SSP1-2.6,16,Invertebrate,16.06190396893,0.398896735971193,4.0845731010535,0.0317373276804579
SSP1-2.6,16,Mid-trophic species,56.7895138201215,0.47436417639464,48.5914981707333,0.0330846041187
SSP1-2.6,17,Prey,27.58279668107,1.52217836333333,17.0203594296296,0.0551857877550902
SSP1-2.6,17,Predator,67.3545841123017,0.680137196306613,58.3925837643523,0.0474939123257083
SSP1-2.6,17,Invertebrate,15.2622248364198,0.399033557860082,3.78798159872428,0.0320562611130117
SSP1-2.6,17,Mid-trophic species,57.0703854234364,0.476495541530356,49.0676843206898,0.0340070389727164
SSP1-2.6,18,Prey,27.9946835699589,1.49549616082305,17.0425135596708,0.0534207202980449
SSP1-2.6,18,Predator,67.2940888028217,0.667538134245679,57.8293151768903,0.0476518534673074
SSP1-2.6,18,Invertebrate,15.1654755244856,0.459416516644033,3.7538999427284,0.0359371650366543
SSP1-2.6,18,Mid-trophic species,56.7498429450104,0.47172703693011,48.2680204347227,0.0335154410720094
SSP1-2.6,19,Prey,27.566205909465,1.5497676036214,16.9749315814815,0.0562198370247709
SSP1-2.6,19,Predator,66.4706675361112,0.67065561727575,57.6983638869929,0.0460027285321617
SSP1-2.6,19,Invertebrate,15.2526071032922,0.446314320378601,3.80287086230864,0.0363516819563712
SSP1-2.6,19,Mid-trophic species,57.0620226913786,0.482651112536116,48.53353296224,0.0343018977288106
SSP1-2.6,20,Prey,28.4298608806584,1.47224527164609,17.349282236214,0.0517851732664544
SSP1-2.6,20,Predator,66.324447900926,0.679173374393563,57.8250920259654,0.046395375755162
SSP1-2.6,20,Invertebrate,15.5524489788066,0.399366951578189,3.76543309277778,0.0300744256670569
SSP1-2.6,20,Mid-trophic species,57.6674631465374,0.469217239377376,49.2127048915565,0.032960430309043
SSP1-2.6,21,Prey,27.2208646872428,1.55531587930041,16.4892195407407,0.0571369020481307
SSP1-2.6,21,Predator,66.9395573319222,0.680685768297706,58.2966816938589,0.0482484388110469
SSP1-2.6,21,Invertebrate,14.6151467211934,0.388782130563786,3.78111458300412,0.0329412986262704
SSP1-2.6,21,Mid-trophic species,58.0320580873581,0.479184032288311,49.6945530780982,0.0336740366136736
SSP1-2.6,22,Prey,28.4186792839506,1.53909133296296,17.6125350279835,0.0541577360997265
SSP1-2.6,22,Predator,66.3072759775059,0.676378609200413,56.9118331786742,0.0474282304185153
SSP1-2.6,22,Invertebrate,16.837090737037,0.475222082436213,3.8237147461391,0.033373211159248
SSP1-2.6,22,Mid-trophic species,57.653735668403,0.469426427771429,48.9723903436684,0.0332198453278924
SSP1-2.6,23,Prey,28.0716858683128,1.46700067378601,16.9755479024691,0.0522590869913501
SSP1-2.6,23,Predator,66.9805510186332,0.678870742263757,58.4860608005696,0.0474613570865883
SSP1-2.6,23,Invertebrate,15.6071233882716,0.411945457666667,3.92757714982305,0.0321802211894938
SSP1-2.6,23,Mid-trophic species,57.2612522267578,0.478706880891211,49.2556751726004,0.0339043476273414
SSP1-2.6,24,Prey,27.9627540740741,1.47166990230453,17.1502214255144,0.0526296479383266
SSP1-2.6,24,Predator,66.8318495421075,0.674604319519842,57.0739260941019,0.0468208626655564
SSP1-2.6,24,Invertebrate,15.412863681893,0.460191877339506,3.94669034058436,0.0365988406432736
SSP1-2.6,24,Mid-trophic species,57.0097365095929,0.471153958806408,48.8263347944018,0.0332958212214148
SSP1-2.6,25,Prey,27.8103391049383,1.5785405026749,16.9866805078189,0.0567609225014662
SSP1-2.6,25,Predator,66.7155755099208,0.683646158933068,57.9252153769007,0.0487520923845451
SSP1-2.6,25,Invertebrate,15.5095453576132,0.415121241991769,3.929099843107,0.0300022977648612
SSP1-2.6,25,Mid-trophic species,57.5599447684294,0.472493686157388,49.0828134375348,0.0330031301796913
SSP1-2.6,26,Prey,27.9370676419753,1.53509546971193,17.042466963786,0.0549483392238869
SSP1-2.6,26,Predator,66.8522042158218,0.674244963948662,57.7780408151529,0.0464431578105273
SSP1-2.6,26,Invertebrate,15.3690917606996,0.424761322347736,3.72659305016461,0.0335526100351921
SSP1-2.6,26,Mid-trophic species,57.2853070709696,0.470138289279375,49.0191328903885,0.0329029073517452
SSP1-2.6,27,Prey,27.6493634057613,1.5042312817284,16.9195593860082,0.0544038305567266
SSP1-2.6,27,Predator,66.9636773439066,0.669989756719137,58.6504969121036,0.0462341256414332
SSP1-2.6,27,Invertebrate,15.3811616161523,0.412536678283951,3.68633775834156,0.0309869005145914
SSP1-2.6,27,Mid-trophic species,57.8897510359432,0.471029595010484,49.7869392252408,0.0328246587168006
SSP1-2.6,28,Prey,28.3475859917696,1.51381731506173,17.3142144382716,0.0534019833470565
SSP1-2.6,28,Predator,67.1269415828043,0.666386247245459,57.2637615627289,0.0470356122298701
SSP1-2.6,28,Invertebrate,15.8494465417695,0.430833602723251,3.65646429400206,0.0328274332351106
SSP1-2.6,28,Mid-trophic species,56.951870229229,0.474791205082216,48.814745238496,0.0328993461430854
SSP1-2.6,29,Prey,28.2329331934156,1.48888416246914,17.1804233283951,0.052735723641225
SSP1-2.6,29,Predator,66.9588258547178,0.673639305856348,57.3540067701355,0.0464812086233373
SSP1-2.6,29,Invertebrate,15.6506578510288,0.425974369164609,3.95841965124485,0.0331784737157624
SSP1-2.6,29,Mid-trophic species,57.2249829000122,0.473079845496296,48.9366614306435,0.0331981534206154
SSP1-2.6,30,Prey,28.384331218107,1.46535314300412,17.0298310876543,0.0516254243140079
SSP1-2.6,30,Predator,66.9723528828556,0.658696379002294,57.241214601471,0.0466406925891557
SSP1-2.6,30,Invertebrate,15.4278301545267,0.378585355376543,3.64468823581029,0.0278360009358484
SSP1-2.6,30,Mid-trophic species,56.7032974910684,0.471559356920018,48.2546100503375,0.0332001215426185
SSP1-2.6,31,Prey,28.8057090967078,1.48762738518519,17.5775763127572,0.0516434912326184
SSP1-2.6,31,Predator,66.2758117579807,0.676236244213581,57.4721410952618,0.0482772320022532
SSP1-2.6,31,Invertebrate,16.5091039880659,0.397671445794239,3.96981787780988,0.0305164543460127
SSP1-2.6,31,Mid-trophic species,57.7132026202346,0.47644456316605,49.6647792295155,0.0331535189833155
SSP1-2.6,32,Prey,27.8850269259259,1.49829604061728,16.9200694292181,0.0537312029354454
SSP1-2.6,32,Predator,66.4866537658288,0.685833458442769,58.1602039460903,0.0469206769865222
SSP1-2.6,32,Invertebrate,15.2887667975309,0.441497730703704,3.77546570559671,0.0359762130074552
SSP1-2.6,32,Mid-trophic species,57.352854540385,0.460461178425729,49.0946050929345,0.0316048648751336
SSP1-2.6,33,Prey,27.7824823868313,1.47112129547325,16.8517423526749,0.0529513984744053
SSP1-2.6,33,Predator,66.7288986148149,0.6638563929388,57.6368346013406,0.046622900287858
SSP1-2.6,33,Invertebrate,14.5674304382716,0.423714298434156,3.69749065454732,0.0349331413032572
SSP1-2.6,33,Mid-trophic species,58.0742234194385,0.469130415386576,49.2355126773405,0.0326684303015095
SSP1-2.6,34,Prey,28.3674890061728,1.46018193641975,17.3262685469136,0.0514737816978448
SSP1-2.6,34,Predator,67.0222224846561,0.68792106696702,58.426472376149,0.0489862407553966
SSP1-2.6,34,Invertebrate,15.4964425512346,0.438135209755144,3.97083938969136,0.0352044596942862
SSP1-2.6,34,Mid-trophic species,57.7903899982127,0.466354499856438,49.2107451526612,0.0322531542482463
SSP1-2.6,35,Prey,27.7021790061728,1.49287921823045,16.9929371555556,0.0538903173608761
SSP1-2.6,35,Predator,66.7503602126102,0.68050427404515,58.0778307326011,0.0485743500143814
SSP1-2.6,35,Invertebrate,15.0173828913169,0.410264294633745,3.76375437914403,0.0320196883935365
SSP1-2.6,35,Mid-trophic species,58.2281158579896,0.47207815892529,49.3412347409166,0.0334563764523214
SSP1-2.6,36,Prey,27.7718055514403,1.49225990893004,16.9501779909465,0.0537329093049425
SSP1-2.6,36,Predator,67.1310369399986,0.676004865936243,58.0864471626123,0.0478927405955364
SSP1-2.6,36,Invertebrate,15.3969570522634,0.451714509084362,3.85913265953498,0.0354143078309206
SSP1-2.6,36,Mid-trophic species,57.4111100771538,0.477264780409456,49.0322093683458,0.0337202807550867
SSP1-2.6,37,Prey,27.9711800699589,1.47668499283951,17.2069698176955,0.0527930887844618
SSP1-2.6,37,Predator,66.8995782981041,0.671184120480424,58.2548681304975,0.0471069420446431
SSP1-2.6,37,Invertebrate,15.8029756121399,0.412936847576132,3.59779186016461,0.0329959174998009
SSP1-2.6,37,Mid-trophic species,57.0168163671923,0.480753648229404,48.3957823149094,0.0338947347508709
SSP1-2.6,38,Prey,28.2006933987654,1.514806748107,17.1579783613169,0.0537152305685261
SSP1-2.6,38,Predator,66.4496003473102,0.669483989408818,57.4320716457169,0.0477940584222269
SSP1-2.6,38,Invertebrate,14.8768271495885,0.416328573014403,3.76585255486008,0.0341463883625495
SSP1-2.6,38,Mid-trophic species,58.0376690208397,0.472260745958839,49.205582069188,0.0331067914107334
SSP1-2.6,39,Prey,27.7447086296296,1.49665881740741,17.1077517320988,0.0539439371083922
SSP1-2.6,39,Predator,66.6023670511905,0.66726827643642,57.5817515395129,0.046165064266638
SSP1-2.6,39,Invertebrate,15.0218804576132,0.422506556355967,3.7917284887037,0.0329844062065042
SSP1-2.6,39,Mid-trophic species,56.8885975600202,0.468092995396679,48.3974166694055,0.0327888747702342
SSP1-2.6,40,Prey,28.4116137654321,1.5040941026749,17.3223066386831,0.0529394111539311
SSP1-2.6,40,Predator,66.8550460246915,0.680857870427337,57.3677692981752,0.0483975232935479
SSP1-2.6,40,Invertebrate,16.0450232893827,0.440405705895062,4.0051085510391,0.0335549074334306
SSP1-2.6,40,Mid-trophic species,56.4544283169049,0.472707899598874,48.1717152125721,0.0333703299966684
SSP1-2.6,41,Prey,28.4768040452675,1.48568553835391,17.329401399177,0.0521717793890151
SSP1-2.6,41,Predator,66.4062211390651,0.672636897112963,57.8726965521489,0.0478045288547173
SSP1-2.6,41,Invertebrate,15.1056748446502,0.385915313537037,3.87933767323045,0.0322319766221222
SSP1-2.6,41,Mid-trophic species,57.3797917367951,0.465238675299549,49.252037962645,0.0323547050572387
SSP1-2.6,42,Prey,27.4240289465021,1.50007492518519,16.7453145584362,0.0546992904693721
SSP1-2.6,42,Predator,67.4125692818564,0.677738954114022,57.3422281553544,0.049226144977807
SSP1-2.6,42,Invertebrate,15.5287131154321,0.401377665504115,3.95549142096708,0.0328009400290962
SSP1-2.6,42,Mid-trophic species,56.9946436786039,0.479191264101382,49.0376368025862,0.0336389695842686
SSP1-2.6,43,Prey,29.7652281255144,1.50129325979424,18.0913215600823,0.0504378213888893
SSP1-2.6,43,Predator,66.1297607170635,0.677340240132717,58.9467147152075,0.0470400474498996
SSP1-2.6,43,Invertebrate,15.2697509393004,0.450185957106996,3.96068161539095,0.0372147073568356
SSP1-2.6,43,Mid-trophic species,56.5209143439419,0.468646677047795,48.1079809937094,0.0332902636814117
SSP1-2.6,44,Prey,28.3655057695473,1.48426206804938,17.0635887757202,0.0523263036488092
SSP1-2.6,44,Predator,66.6526412620636,0.675855574470018,58.1945279625808,0.0470209617887284
SSP1-2.6,44,Invertebrate,15.2634019537037,0.451572534909465,3.71587202292181,0.0357682562458964
SSP1-2.6,44,Mid-trophic species,57.2808413479287,0.47565578085293,49.297136958366,0.0334261875721618
SSP1-2.6,45,Prey,28.2316701761317,1.54772704835391,17.1349975078189,0.0548223693000787
SSP1-2.6,45,Predator,67.0176819027116,0.680615713080835,58.3008361261479,0.0484474430761497
SSP1-2.6,45,Invertebrate,15.6303491930041,0.443053325987654,3.74009675610494,0.0345463561815101
SSP1-2.6,45,Mid-trophic species,57.1075867938757,0.476199053243681,49.3067132174633,0.033801857316422
SSP1-2.6,46,Prey,28.0084171213992,1.50695796600823,17.1101852358025,0.0538037533315967
SSP1-2.6,46,Predator,66.8810125829733,0.678109481404688,59.1270715324574,0.0463157102931617
SSP1-2.6,46,Invertebrate,15.7122761849794,0.405023676187243,3.87582612425515,0.0305815584977859
SSP1-2.6,46,Mid-trophic species,56.6931784553645,0.470917386002842,48.905394382574,0.0328214370364336
SSP1-2.6,47,Prey,28.2735458539095,1.49419387703704,17.1985699061728,0.0528477710138515
SSP1-2.6,47,Predator,67.3002967529101,0.669713979630688,57.602603464399,0.0478175351540835
SSP1-2.6,47,Invertebrate,15.800144404321,0.441707603927984,3.8455802181893,0.0322738901562714
SSP1-2.6,47,Mid-trophic species,57.1183536601911,0.47054759400876,49.1595613897291,0.0331079495421524
SSP1-2.6,48,Prey,28.2221830308642,1.46054002958848,17.4314773296296,0.0517514902369958
SSP1-2.6,48,Predator,66.5861805208775,0.668331697890741,57.9720181238809,0.0463347115634881
SSP1-2.6,48,Invertebrate,15.7216902736008,0.428940309314815,3.9688046730535,0.0344247993554636
SSP1-2.6,48,Mid-trophic species,57.5065304808538,0.476150031978346,48.8429811823168,0.0338046173733581
SSP1-2.6,49,Prey,28.2527664218107,1.50697894201646,17.2473756633745,0.0533391640137971
SSP1-2.6,49,Predator,66.7910557590389,0.675403744091887,57.5019843410431,0.0474878099784364
SSP1-2.6,49,Invertebrate,16.0293952683127,0.418521909786008,3.94171997004527,0.0326744848400611
SSP1-2.6,49,Mid-trophic species,58.1408847844051,0.483726035200274,49.6156466884666,0.0348695977209695
SSP1-2.6,50,Prey,27.8035138168724,1.51670531312757,16.9938612061728,0.0545508500514481
SSP1-2.6,50,Predator,66.594800385097,0.666650039323281,58.1273741240356,0.0461236284346172
SSP1-2.6,50,Invertebrate,15.3013072563786,0.40740466218107,3.83675086020576,0.0335333002261973
SSP1-2.6,50,Mid-trophic species,57.4604613310704,0.465315977346296,48.8412049321096,0.0329981924669176
SSP1-2.6,51,Prey,27.9448683786008,1.508053651893,17.1242108781893,0.0539653159736411
SSP1-2.6,51,Predator,67.1777201582453,0.671510458767197,57.682270255228,0.0466731802338584
SSP1-2.6,51,Invertebrate,15.6167995367284,0.440506219765432,3.72277575351852,0.0341059347462845
SSP1-2.6,51,Mid-trophic species,56.7336037100054,0.474705091642397,48.9770151227878,0.0331096030161383
SSP1-2.6,52,Prey,28.4068793806584,1.47839643279835,17.4086059111111,0.0520436058106741
SSP1-2.6,52,Predator,67.2466332920194,0.677451575130511,58.394303816933,0.048059585244618
SSP1-2.6,52,Invertebrate,15.6235621674897,0.390929859944444,4.03249254127572,0.0298153642936073
SSP1-2.6,52,Mid-trophic species,57.0381482374275,0.471323056079523,48.9177094011241,0.0334454246998597
SSP1-2.6,53,Prey,28.1274099444445,1.50233997156379,17.1658759407407,0.0534119556166429
SSP1-2.6,53,Predator,66.9967469388009,0.673908619403263,57.8588848307631,0.0478694354902092
SSP1-2.6,53,Invertebrate,15.1031551288066,0.447002586244856,3.77273821561111,0.0361342221118682
SSP1-2.6,53,Mid-trophic species,57.0075529574583,0.483429717369921,48.7459861968974,0.0343219734110407
SSP1-2.6,54,Prey,28.0807195308642,1.47082963934156,17.1487097823045,0.0523786307443062
SSP1-2.6,54,Predator,66.6917600589949,0.663846663271164,56.5129301532439,0.0465994303127328
SSP1-2.6,54,Invertebrate,15.516093736214,0.4556824131893,4.02534912853292,0.0360981954719426
SSP1-2.6,54,Mid-trophic species,56.8539568003468,0.467042770542926,48.3065339512263,0.0328901379251575
SSP1-2.6,55,Prey,28.6922295600823,1.47740856271605,17.4963235135802,0.051491591464592
SSP1-2.6,55,Predator,66.6994034831128,0.672897386880203,58.2114046695106,0.0461470429889082
SSP1-2.6,55,Invertebrate,14.7462350576132,0.402460717757202,3.62256969656379,0.0328427003224724
SSP1-2.6,55,Mid-trophic species,57.9330663543323,0.471730082227543,49.2016184121414,0.0333953402218157
SSP1-2.6,56,Prey,27.7385612016461,1.50715036526749,16.8879447506173,0.054334121885819
SSP1-2.6,56,Predator,66.6241523971046,0.665349320800089,57.7933910007838,0.04689394612202
SSP1-2.6,56,Invertebrate,15.4133920930041,0.445249006557613,4.06365426644444,0.0361601690536498
SSP1-2.6,56,Mid-trophic species,57.4731952477156,0.473035962628983,48.5969310172093,0.0333925965291395
SSP1-2.6,57,Prey,27.7772335411523,1.4646948044856,16.991773962963,0.0527300460758857
SSP1-2.6,57,Predator,66.3696948537612,0.670709601691843,57.9739311489666,0.0463153454414426
SSP1-2.6,57,Invertebrate,16.2339559039094,0.42111612441358,3.79131949760082,0.0320520530498128
SSP1-2.6,57,Mid-trophic species,57.1047990847257,0.479551666723428,48.9639158353153,0.0338633710096891
SSP1-2.6,58,Prey,28.7306140917696,1.44785704769547,17.5216957312757,0.050394225583582
SSP1-2.6,58,Predator,66.675407576411,0.674970364552469,57.9043039029179,0.0469025000857607
SSP1-2.6,58,Invertebrate,15.3630680574074,0.441638063481482,3.80256921578189,0.0333051420407287
SSP1-2.6,58,Mid-trophic species,57.6449255573383,0.472019824346129,49.4258474749241,0.0328597070732207
SSP1-2.6,59,Prey,28.3355567139918,1.50126705674897,17.3503152967078,0.052981738523869
SSP1-2.6,59,Predator,66.7296923838625,0.673044047979673,58.2331788463595,0.0462937960987346
SSP1-2.6,59,Invertebrate,14.2849670925926,0.461060828557613,3.73973834662963,0.0392666531284539
SSP1-2.6,59,Mid-trophic species,57.4753323687439,0.465422227721458,49.2580013430223,0.0325536084957532
SSP1-2.6,60,Prey,28.5819213024691,1.54320824078189,17.5664898683128,0.0539924599347553
SSP1-2.6,60,Predator,66.6848338154322,0.654557699867901,57.6797557011125,0.0448587730620272
SSP1-2.6,60,Invertebrate,14.8706353148148,0.468241403176955,3.68344351717284,0.0388131239256745
SSP1-2.6,60,Mid-trophic species,57.9263581813743,0.475849169558838,49.6354730331149,0.0333167571849774
SSP1-2.6,61,Prey,29.1759239794239,1.47027327604938,17.8990944283951,0.0503933749308602
SSP1-2.6,61,Predator,67.772115636111,0.658018280415786,57.7534195242756,0.0463027132287149
SSP1-2.6,61,Invertebrate,15.8170813728395,0.444116861942387,3.84167593652264,0.0365381581424613
SSP1-2.6,61,Mid-trophic species,56.9169214115325,0.466497230694885,48.3268234835743,0.0327133489720268
SSP1-2.6,62,Prey,28.4476452716049,1.4541420200823,17.2132709300412,0.0511164283088751
SSP1-2.6,62,Predator,66.5856195851411,0.685549654753705,58.1950957080958,0.0481471115877713
SSP1-2.6,62,Invertebrate,16.2469613613169,0.416825714144033,3.98050490946502,0.0320027899986602
SSP1-2.6,62,Mid-trophic species,56.9014750275422,0.472544463288184,48.7982052586528,0.0338202134557114
SSP1-2.6,63,Prey,28.147905027572,1.50304609654321,17.4344988436214,0.0533981514812884
SSP1-2.6,63,Predator,67.159931921208,0.66734586563783,57.0477665429904,0.0462968070008228
SSP1-2.6,63,Invertebrate,15.8336921755967,0.4405915863107,3.87560779238683,0.0347296512718638
SSP1-2.6,63,Mid-trophic species,57.4026594909905,0.481776503844357,48.9652705711997,0.0341368269638482
SSP1-2.6,64,Prey,28.4607653395062,1.48840066625514,17.4986391864198,0.0522965791151479
SSP1-2.6,64,Predator,66.6067099873458,0.674803400780953,58.4970934522733,0.0468252094249421
SSP1-2.6,64,Invertebrate,16.1274106502058,0.401593764057613,4.08246753560905,0.0322013924263719
SSP1-2.6,64,Mid-trophic species,57.3860803447879,0.477737513175592,49.0211401062287,0.0338042062680111
SSP1-2.6,65,Prey,28.252092381893,1.48595617950617,17.3225100020576,0.0525963231119312
SSP1-2.6,65,Predator,66.9514031436509,0.675512564262434,57.6419208844955,0.0467616432515739
SSP1-2.6,65,Invertebrate,15.6087810790123,0.448450555226338,4.04144221781893,0.0358276415372637
SSP1-2.6,65,Mid-trophic species,56.7047101344865,0.468512462535733,48.6008666723645,0.0327605707252238
SSP1-2.6,66,Prey,28.5115202695473,1.49957914139918,17.5345787567901,0.0525955518058029
SSP1-2.6,66,Predator,67.1724465972223,0.661561978269047,56.951065046921,0.0464260722962273
SSP1-2.6,66,Invertebrate,15.7797881650206,0.401697500676954,3.90599958377161,0.0309347701405149
SSP1-2.6,66,Mid-trophic species,57.2383086458383,0.468145851795993,48.2967146048723,0.0334387248958523
SSP1-2.6,67,Prey,28.2138229386831,1.47244263769547,17.1162923288066,0.0521886963314231
SSP1-2.6,67,Predator,67.0003944021605,0.677404238291358,58.1382965938718,0.046825788194205
SSP1-2.6,67,Invertebrate,16.1470863567901,0.39244527554321,3.99029190375309,0.0280731931636937
SSP1-2.6,67,Mid-trophic species,56.9289833696527,0.47578837536166,48.8176687729149,0.0336344003649058
SSP1-2.6,68,Prey,28.5462720761317,1.41618010135802,17.4886701300412,0.0496099840140644
SSP1-2.6,68,Predator,67.0079316651942,0.675768424202118,58.0960366816632,0.047260656481543
SSP1-2.6,68,Invertebrate,15.6090146627572,0.429430260104938,3.97380433564815,0.0331348104523268
SSP1-2.6,68,Mid-trophic species,57.1314283861634,0.484515950165296,48.8630463361812,0.034842839459441
SSP1-2.6,69,Prey,28.1207689444445,1.4701068563786,17.1456772650206,0.0522783306275498
SSP1-2.6,69,Predator,66.7081721843473,0.683930790649206,58.4284985909576,0.0479106302341079
SSP1-2.6,69,Invertebrate,14.9297981777778,0.441633020907408,3.69409566016461,0.0363198788308978
SSP1-2.6,69,Mid-trophic species,58.1825266076273,0.471331097314012,49.9717245947619,0.032546968999766
SSP1-2.6,70,Prey,28.2161549995885,1.51444511596708,17.3166690781893,0.0536729797518183
SSP1-2.6,70,Predator,67.15105113933,0.677784958759436,57.8805420129709,0.0476176370507126
SSP1-2.6,70,Invertebrate,15.6998575746914,0.429391208800412,4.17638427126543,0.0343264161397076
SSP1-2.6,70,Mid-trophic species,57.8824010623649,0.469631019562581,49.2148437721997,0.032578591201886
SSP1-2.6,71,Prey,28.1477422304527,1.44786422473251,17.3621806707819,0.0514380234435316
SSP1-2.6,71,Predator,66.5800914414021,0.676661437417284,58.0811615199824,0.047352715532894
SSP1-2.6,71,Invertebrate,15.1294522213992,0.451103537944444,3.792536754107,0.0362767706417176
SSP1-2.6,71,Mid-trophic species,57.4872221809554,0.466007881522094,49.1397837866054,0.0321760755122309
SSP1-2.6,72,Prey,28.2364539160494,1.50574463230453,17.048119445679,0.0533262652874649
SSP1-2.6,72,Predator,66.9762883583334,0.665203786694003,58.4407118180752,0.0471145056444986
SSP1-2.6,72,Invertebrate,15.4730406037037,0.405552002522634,3.92336388185185,0.0315554492581998
SSP1-2.6,72,Mid-trophic species,56.8702763928125,0.474194751638703,48.6464196781169,0.0334550116262054
SSP1-2.6,73,Prey,27.6548653045268,1.50715927358025,17.1280313962963,0.0544988831796459
SSP1-2.6,73,Predator,67.0383279307394,0.670423631209965,58.1527550371101,0.0475425550242667
SSP1-2.6,73,Invertebrate,14.9666320693416,0.442623210467078,3.70020976559671,0.0350579268119387
SSP1-2.6,73,Mid-trophic species,56.8949105374947,0.468965416784646,48.8644451739952,0.0330067835356737
SSP1-2.6,74,Prey,27.3926028415638,1.47013843316872,16.7382418893004,0.053669176371149
SSP1-2.6,74,Predator,67.0575474014111,0.677312848713845,56.5354962001646,0.0485760489953312
SSP1-2.6,74,Invertebrate,15.8212775823045,0.439123514923868,4.01546606125515,0.0346402273767079
SSP1-2.6,74,Mid-trophic species,56.9639049578655,0.471915390469342,48.9478803084769,0.0330102458053736
SSP1-2.6,75,Prey,28.3260699201646,1.44119969469136,17.359325236214,0.0508789146801267
SSP1-2.6,75,Predator,67.1536971072458,0.673628188154747,57.8789958305794,0.0469934161535956
SSP1-2.6,75,Invertebrate,15.2300904656379,0.447286937847737,3.74987564387654,0.0379545235297944
SSP1-2.6,75,Mid-trophic species,57.6042318945223,0.464694892991936,49.0513624252699,0.0323563023139921
SSP1-2.6,76,Prey,27.6317355185185,1.50874893325103,16.9072485193416,0.0546020329501156
SSP1-2.6,76,Predator,67.0946388217811,0.672006933273809,58.5911529758053,0.0473976987817129
SSP1-2.6,76,Invertebrate,15.4206422872428,0.391407740218107,3.8277181911214,0.0317330385990284
SSP1-2.6,76,Mid-trophic species,57.2482872439044,0.471124326775573,49.0930952958059,0.0331464268020191
SSP1-2.6,77,Prey,27.6475035164609,1.55410431666667,17.1663001534979,0.056211379654636
SSP1-2.6,77,Predator,66.2532293082451,0.670751612925308,57.1227926064485,0.0473984545453959
SSP1-2.6,77,Invertebrate,15.0550839730453,0.494443031218106,3.76358823709877,0.0381246286423497
SSP1-2.6,77,Mid-trophic species,57.6249845889918,0.476273932241348,49.5000466060129,0.0335204312206193
SSP1-2.6,78,Prey,27.9919971769547,1.46892625670782,17.1854669827161,0.0524766506448907
SSP1-2.6,78,Predator,66.7513217586859,0.673222187474426,57.6503385604901,0.0465763289924717
SSP1-2.6,78,Invertebrate,14.9015923658436,0.473949020497943,3.66345088166667,0.0405160352399726
SSP1-2.6,78,Mid-trophic species,56.7350256683984,0.473046391809592,48.4458347609074,0.0338787189589401
SSP1-2.6,79,Prey,28.5185067679012,1.53767136004115,17.5618428847737,0.0539183686072886
SSP1-2.6,79,Predator,66.5210062319049,0.681309200885626,58.0560494482859,0.0473115505795043
SSP1-2.6,79,Invertebrate,14.2437931528807,0.445580948658436,3.67598383063786,0.0358133540934053
SSP1-2.6,79,Mid-trophic species,56.571477694298,0.482361660269911,48.8219061878243,0.0337028496394955
SSP1-2.6,80,Prey,28.1470593176955,1.53206860995885,17.274565644856,0.0544308587503373
SSP1-2.6,80,Predator,66.7889810243386,0.674301192433862,58.217757029324,0.0478590243959845
SSP1-2.6,80,Invertebrate,15.0452127849794,0.40528680426749,3.68016940010288,0.0331259399859272
SSP1-2.6,80,Mid-trophic species,57.5418114068093,0.475558997279551,49.1543897169214,0.0332344742000321
SSP1-2.6,81,Prey,28.6080519156379,1.44394943246914,17.4637013691358,0.050473532302276
SSP1-2.6,81,Predator,66.742282907187,0.673628731075616,57.1216179958098,0.0468327939787938
SSP1-2.6,81,Invertebrate,15.2301439936214,0.442767516652263,3.79815504044445,0.0368016883850733
SSP1-2.6,81,Mid-trophic species,57.0382984361384,0.471737459952606,48.4057362274721,0.0339194011463932
SSP1-2.6,82,Prey,28.4755941814815,1.42752377617284,17.3304332917696,0.0501314833704577
SSP1-2.6,82,Predator,66.8804437361553,0.674555870899383,57.8769321737446,0.0479102188633243
SSP1-2.6,82,Invertebrate,15.7746198464403,0.405327180728395,4.11106781516461,0.0328613228067392
SSP1-2.6,82,Mid-trophic species,57.029248894397,0.475273791699384,48.9227044183103,0.034210040117973
SSP1-2.6,83,Prey,27.8838049115226,1.51990023230453,16.8766522604938,0.0545083512500278
SSP1-2.6,83,Predator,66.8000401603174,0.669020868881922,58.3341926173118,0.0466719054644503
SSP1-2.6,83,Invertebrate,16.2174771104115,0.402164339506173,3.91805667554321,0.0310676479778868
SSP1-2.6,83,Mid-trophic species,56.5905077446071,0.466536826537566,47.9888367885298,0.0326356593741108
SSP1-2.6,84,Prey,28.9861153971193,1.45047764975309,17.7774243411523,0.0500404290082015
SSP1-2.6,84,Predator,66.9679573585612,0.668410776746415,58.6577023111695,0.0474573021225087
SSP1-2.6,84,Invertebrate,15.661080590535,0.417303899366255,3.90040033189301,0.0316262522595021
SSP1-2.6,84,Mid-trophic species,57.3977908448071,0.475726900259358,49.0589127440168,0.03375722953802
SSP1-2.6,85,Prey,28.1742848539095,1.47133860942387,17.2686791230453,0.0522227491151281
SSP1-2.6,85,Predator,66.9844256191799,0.669464097826323,57.2386904315639,0.048116447871147
SSP1-2.6,85,Invertebrate,16.7656192444445,0.469714680156379,4.17343957483539,0.0357258366364284
SSP1-2.6,85,Mid-trophic species,57.0810732531688,0.474787425435431,49.3282751161301,0.033036010130716
SSP1-2.6,86,Prey,28.198174355144,1.45693290983539,17.1876355493827,0.0516676325029394
SSP1-2.6,86,Predator,66.9434599829807,0.683319253674251,58.3826120267082,0.0483918638918253
SSP1-2.6,86,Invertebrate,14.6704162911523,0.437525622279835,3.67354887803292,0.0350031674746245
SSP1-2.6,86,Mid-trophic species,57.0563781201744,0.47159826839706,49.0192291661523,0.0325447512149609
SSP1-2.6,87,Prey,28.3771712222222,1.44871816679012,17.2628745185185,0.0510522403887682
SSP1-2.6,87,Predator,67.1816882207672,0.677040351549206,58.0314701974409,0.0470188645124016
SSP1-2.6,87,Invertebrate,15.3922319467078,0.421125841771605,3.64625128773663,0.0347576983559268
SSP1-2.6,87,Mid-trophic species,57.565250921074,0.474246691412473,49.4766333686548,0.0332938928793818
SSP1-2.6,88,Prey,28.5912778374486,1.47294616971193,17.6140251695473,0.0515173256014002
SSP1-2.6,88,Predator,67.1840052494562,0.672130678338521,58.5879983551365,0.0460591580135192
SSP1-2.6,88,Invertebrate,16.2929578792181,0.420399009152264,4.12490407185185,0.0320810967150399
SSP1-2.6,88,Mid-trophic species,57.425472581775,0.470044957691632,49.4846784004772,0.0328986312411312
SSP1-2.6,89,Prey,28.4917233765432,1.44979124748971,17.4194808691358,0.0508846456330298
SSP1-2.6,89,Predator,67.2305302845238,0.676563493533509,58.1148505371891,0.0480895625415915
SSP1-2.6,89,Invertebrate,15.5202360753087,0.465915788115226,3.73716032166667,0.0329210579126138
SSP1-2.6,89,Mid-trophic species,57.3224312374281,0.4690491015607,49.4980614088188,0.0322063288649231
SSP1-2.6,90,Prey,28.5390417777778,1.4659900762963,17.5762724082305,0.0513678801030315
SSP1-2.6,90,Predator,67.1215191836861,0.660651777231511,58.3252141047678,0.0444587005144413
SSP1-2.6,90,Invertebrate,14.8388810969136,0.451140399016461,3.8119933308642,0.0357544449552859
SSP1-2.6,90,Mid-trophic species,56.7577255839355,0.473119146954027,48.5053460444464,0.0326894442199387
SSP1-2.6,91,Prey,28.2642163415638,1.48290322069959,17.0425397707819,0.0524657468927916
SSP1-2.6,91,Predator,66.742958003439,0.670930239300176,58.2911395039461,0.0455697474752388
SSP1-2.6,91,Invertebrate,15.7185266555555,0.382425470018519,3.83311081960905,0.0294755951311795
SSP1-2.6,91,Mid-trophic species,56.9881639972213,0.46537862054325,48.752042711018,0.0327895056081298
SSP1-2.6,92,Prey,28.176985063786,1.5141416126749,17.2972926432099,0.0537368213542805
SSP1-2.6,92,Predator,66.2806584237655,0.680507331813845,57.1013865311575,0.0482832434085223
SSP1-2.6,92,Invertebrate,14.5142180866255,0.444945932057613,3.60538760061728,0.0373174609804988
SSP1-2.6,92,Mid-trophic species,57.489563412888,0.467266130985597,49.5384411800434,0.0325218395026178
SSP1-2.6,93,Prey,27.7112770925926,1.5184780154321,16.7411040061728,0.0547963924707749
SSP1-2.6,93,Predator,66.8232019470459,0.672939409550881,58.7394480328178,0.0459055020417998
SSP1-2.6,93,Invertebrate,15.8571692209877,0.47506237267284,3.99876731653909,0.0368704117552187
SSP1-2.6,93,Mid-trophic species,57.7166390307882,0.472335659867618,49.3123316753273,0.0331935409530644
SSP1-2.6,94,Prey,27.9003543707819,1.50552653934156,17.1354167930041,0.053960839326048
SSP1-2.6,94,Predator,66.9249081762786,0.675318003239595,57.4065394215903,0.0466298281520025
SSP1-2.6,94,Invertebrate,15.6253426361523,0.457756084806584,3.78807768177366,0.0376177897467823
SSP1-2.6,94,Mid-trophic species,57.5000100112136,0.470104770000215,48.8757161056134,0.0333240518980298
SSP1-2.6,95,Prey,28.5611286666667,1.50251363506173,17.528557817284,0.0526069418543425
SSP1-2.6,95,Predator,66.7309329619047,0.681466832039375,58.8242913256486,0.0479396823152121
SSP1-2.6,95,Invertebrate,15.546210308642,0.44831437114609,3.73348142631687,0.0368843164911027
SSP1-2.6,95,Mid-trophic species,57.242164901384,0.472376581763532,48.827726915786,0.033647059834013
SSP1-2.6,96,Prey,27.6712166666667,1.53924184242798,16.9331432547325,0.0556260991690397
SSP1-2.6,96,Predator,66.9604496858464,0.677417454536685,59.0362822794766,0.0472123396589242
SSP1-2.6,96,Invertebrate,15.0104484553498,0.40550079037037,3.74407217440329,0.0334123461355036
SSP1-2.6,96,Mid-trophic species,57.3546186795703,0.482157102115266,49.3535486082266,0.0339446073578464
SSP1-2.6,97,Prey,27.9051965205761,1.49613773399177,17.115599963786,0.0536150223091452
SSP1-2.6,97,Predator,66.843547881702,0.676889923553923,58.1169900562334,0.0473101173949684
SSP1-2.6,97,Invertebrate,15.8874436320988,0.397578944244856,3.93843490985597,0.0308065481971289
SSP1-2.6,97,Mid-trophic species,57.444162882963,0.475677906407035,49.3787253682437,0.0335143398141185
SSP1-2.6,98,Prey,28.2254162,1.48586472954733,17.2239792123457,0.0526427925462203
SSP1-2.6,98,Predator,66.9857208687831,0.686975276810052,58.0022017498268,0.0485989916883277
SSP1-2.6,98,Invertebrate,14.5906145699588,0.427187315899177,3.64658920853909,0.0336583364516415
SSP1-2.6,98,Mid-trophic species,56.8644187454802,0.466468334228248,49.0585266771478,0.0323467759502864
SSP1-2.6,99,Prey,27.1549175288066,1.5712925818107,16.8092106218107,0.0578640159795674
SSP1-2.6,99,Predator,66.8928508342152,0.671741620898149,57.6677223012101,0.0473216417058822
SSP1-2.6,99,Invertebrate,14.652341955144,0.426642950561729,3.75901982657202,0.0351728447352509
SSP1-2.6,99,Mid-trophic species,57.5298307892837,0.472145278402724,48.966481099079,0.0331764081565236
SSP1-2.6,100,Prey,27.5941490185185,1.49540351958848,16.937929691358,0.0541927753809298
SSP1-2.6,100,Predator,66.5410330101013,0.673307981898148,56.9416339392896,0.0479095728059757
SSP1-2.6,100,Invertebrate,16.4070864742798,0.457994476845679,3.86722245699588,0.0323393907720864
SSP1-2.6,100,Mid-trophic species,57.381366339584,0.476878657267685,49.2693904781102,0.0341133714403058
SSP5-8.5,1,Prey,30.030724691358,1.78002854683128,18.6539822230453,0.0592735794798691
SSP5-8.5,1,Predator,66.302139685685,0.779088416429307,59.5845354927949,0.0516138713277694
SSP5-8.5,1,Invertebrate,15.3740425903292,0.516140564576132,3.950959336893,0.038755854821969
SSP5-8.5,1,Mid-trophic species,57.6627040328577,0.568378777986303,50.6518239696186,0.0402932927653182
SSP5-8.5,2,Prey,29.5667963497942,1.89960101164609,18.1196520654321,0.0642477794744005
SSP5-8.5,2,Predator,66.009502373664,0.79962327221217,59.7694068222681,0.052623712283682
SSP5-8.5,2,Invertebrate,16.8025413736626,0.478681715176955,4.19665295261317,0.0334677767700044
SSP5-8.5,2,Mid-trophic species,56.7380313086044,0.563008414409593,49.8106195734693,0.0396375166106321
SSP5-8.5,3,Prey,29.8675546666667,1.8579069518107,18.292334672428,0.062204856492125
SSP5-8.5,3,Predator,66.4565257059671,0.784185307832834,59.2744671564801,0.0510401995411601
SSP5-8.5,3,Invertebrate,15.9787638997943,0.51947445704218,3.74844539003704,0.0395457707479801
SSP5-8.5,3,Mid-trophic species,57.0743113497192,0.563453941192368,51.3113912064158,0.040423261785983
SSP5-8.5,4,Prey,29.0775292839506,1.86712968530864,17.9674579740741,0.064212116066519
SSP5-8.5,4,Predator,66.1080388656526,0.790145320045592,60.2463308970393,0.0517308933787809
SSP5-8.5,4,Invertebrate,14.1286129475309,0.537923191670781,3.50283755866255,0.0417685898961053
SSP5-8.5,4,Mid-trophic species,57.7575087878964,0.558139437628953,50.7855164250399,0.0396567053961503
SSP5-8.5,5,Prey,29.1316909835391,1.93392701333333,18.0926106012346,0.0663856764932081
SSP5-8.5,5,Predator,66.2070151533508,0.796092018639242,59.8828726346803,0.0536771082662934
SSP5-8.5,5,Invertebrate,14.8316233039095,0.474592691228395,3.67112547864198,0.0384486219353275
SSP5-8.5,5,Mid-trophic species,56.7803000442141,0.566082323773369,50.0531492448023,0.0405056696572091
SSP5-8.5,6,Prey,28.9567475596708,1.8624496809465,17.8967897794239,0.0643183312320756
SSP5-8.5,6,Predator,66.5277090675926,0.796486904859347,60.9943789491567,0.0526795715860799
SSP5-8.5,6,Invertebrate,16.3953289236625,0.563701522335391,4.06890333494239,0.043405442859657
SSP5-8.5,6,Mid-trophic species,57.2195076945801,0.553412653866334,51.0757141493543,0.0389004769570049
SSP5-8.5,7,Prey,29.8376526625514,1.84111958390947,18.6304224473251,0.0617045718955034
SSP5-8.5,7,Predator,65.9323990729276,0.789423183585626,59.0257012410251,0.0518269771635218
SSP5-8.5,7,Invertebrate,15.8519102059671,0.554196034257203,4.15310977239301,0.0427506075365397
SSP5-8.5,7,Mid-trophic species,56.9447201240158,0.561741472991026,50.1432034732896,0.0388803627838549
SSP5-8.5,8,Prey,28.5061190411523,1.84423408950617,17.6160372917695,0.0646960775980688
SSP5-8.5,8,Predator,66.1754827192242,0.809777553896648,60.5463658477587,0.053199609996929
SSP5-8.5,8,Invertebrate,15.1246584436214,0.464420619911523,3.86933666679012,0.0352991785086327
SSP5-8.5,8,Mid-trophic species,58.5238715458495,0.559199423200832,51.3718869960893,0.0395650241165347
SSP5-8.5,9,Prey,28.4589636893004,1.85514780547325,17.7054702864198,0.0651867659598133
SSP5-8.5,9,Predator,66.6897719152866,0.790328803749735,59.2794812484245,0.0532144679246554
SSP5-8.5,9,Invertebrate,15.7612523993827,0.525685269176955,3.9555222956214,0.0406085127471871
SSP5-8.5,9,Mid-trophic species,57.0605725556108,0.574828812451332,50.1400893076509,0.0410085268102539
SSP5-8.5,10,Prey,28.6748082736626,1.82701175090535,17.531358855144,0.0637148724228241
SSP5-8.5,10,Predator,66.4913330198266,0.787348480385302,59.4283199291842,0.052402233599223
SSP5-8.5,10,Invertebrate,16.0846209563786,0.545579260733538,3.94456254279836,0.0412048872462584
SSP5-8.5,10,Mid-trophic species,57.1173880440643,0.56393392023881,50.7408455364102,0.0402534511933191
SSP5-8.5,11,Prey,29.0713047078189,1.86133965209877,17.8394033403292,0.0640266981756118
SSP5-8.5,11,Predator,66.3256984947092,0.806810642883158,60.714118066008,0.0524207461465074
SSP5-8.5,11,Invertebrate,14.5635065588477,0.545595613090536,3.67150800213169,0.0440650167681912
SSP5-8.5,11,Mid-trophic species,56.617668684779,0.559531338724986,49.8246087602876,0.039471322141074
SSP5-8.5,12,Prey,29.2416527798354,1.87864477855967,17.8140275053498,0.0642455059809463
SSP5-8.5,12,Predator,66.393308327822,0.801732491131216,59.3186651451707,0.0524472386158869
SSP5-8.5,12,Invertebrate,15.8088846843622,0.500244245672839,3.97198059635802,0.0399257322281916
SSP5-8.5,12,Mid-trophic species,57.5675443921052,0.572547846464188,50.4595792565905,0.0408798034158873
SSP5-8.5,13,Prey,29.4969152407407,1.75774786481481,18.1531755185185,0.0595909046918587
SSP5-8.5,13,Predator,65.741522636111,0.78705929557575,60.1135532872069,0.0527648268477548
SSP5-8.5,13,Invertebrate,14.8651400927984,0.51103223968107,3.86433799740741,0.0418778161234247
SSP5-8.5,13,Mid-trophic species,57.1376672696659,0.556263124868695,49.9142372313487,0.0399500011815
SSP5-8.5,14,Prey,28.3593888065844,1.92758702160494,17.5352237329218,0.0679699775884239
SSP5-8.5,14,Predator,66.1127704383598,0.787530023199823,59.529727707529,0.0508377130667766
SSP5-8.5,14,Invertebrate,15.8667708240741,0.527631507874487,3.8984653482572,0.0386783117278673
SSP5-8.5,14,Mid-trophic species,57.613488467062,0.564503772007036,50.824869070171,0.0402994561988831
SSP5-8.5,15,Prey,28.8015938333333,1.90890699703704,17.8014089666667,0.0662778250427161
SSP5-8.5,15,Predator,65.9000929704586,0.780315577846825,59.6791020976243,0.0508859948566921
SSP5-8.5,15,Invertebrate,16.0334366993827,0.48366050741358,4.16665143995885,0.0343011996774132
SSP5-8.5,15,Mid-trophic species,57.2642975142514,0.571110633093278,50.583699392473,0.0406444760280672
SSP5-8.5,16,Prey,28.5815993559671,1.87721278909465,17.6295798654321,0.0656790673508177
SSP5-8.5,16,Predator,66.6035340266312,0.794247744237389,59.4298265778965,0.0540485952575261
SSP5-8.5,16,Invertebrate,14.2764754080247,0.492497128839506,3.74274462727984,0.0392805761178769
SSP5-8.5,16,Mid-trophic species,57.2405784083275,0.564869490154164,51.0228453236574,0.0404071687830561
SSP5-8.5,17,Prey,28.2650093600823,1.85189063613169,17.4413990012346,0.0655188403633451
SSP5-8.5,17,Predator,65.6519784235449,0.801521060770019,60.6003205773206,0.0524609821436098
SSP5-8.5,17,Invertebrate,15.132829590679,0.470429312656378,3.72523772888272,0.0375776384394986
SSP5-8.5,17,Mid-trophic species,57.6407787728674,0.563592602485431,50.735887289844,0.0405036855684167
SSP5-8.5,18,Prey,29.7427125144033,1.81061378477366,18.4240926860082,0.0608758795586263
SSP5-8.5,18,Predator,65.9257445092446,0.799288042568357,60.0563039473055,0.0518407079603392
SSP5-8.5,18,Invertebrate,15.7886362911523,0.487667509668724,3.94709848029383,0.0373012666775008
SSP5-8.5,18,Mid-trophic species,57.1530513470944,0.555134068792392,50.6380269450176,0.0398628647486399
SSP5-8.5,19,Prey,29.2960397757202,1.85226408921811,17.8465893641975,0.0632257500808426
SSP5-8.5,19,Predator,65.7855054114198,0.800905530729894,58.8057308970361,0.054312843037792
SSP5-8.5,19,Invertebrate,15.5369163018519,0.491650948958848,3.92649279909877,0.0414354169656896
SSP5-8.5,19,Mid-trophic species,57.6605272772218,0.571697439675005,51.1804190170701,0.0409358155978752
SSP5-8.5,20,Prey,29.0220851563786,1.89319498119342,17.9113479481481,0.0652329069738575
SSP5-8.5,20,Predator,66.452726764227,0.777733220673428,59.3515106961724,0.05180073980009
SSP5-8.5,20,Invertebrate,14.8752905522634,0.524839763092592,3.98868105732099,0.0430454403817246
SSP5-8.5,20,Mid-trophic species,57.0262880676293,0.568648096103234,50.3111666471706,0.0395833390754884
SSP5-8.5,21,Prey,29.7779973971193,1.81092864082305,18.3415503497942,0.0608143192664202
SSP5-8.5,21,Predator,66.3367400127864,0.792949511667637,59.3419609106639,0.0523102030717046
SSP5-8.5,21,Invertebrate,16.6097453534979,0.466579491598765,4.10324907841564,0.0327012328304473
SSP5-8.5,21,Mid-trophic species,57.2675904610003,0.568509453707662,50.7093445041615,0.040438493714018
SSP5-8.5,22,Prey,28.6035311769547,1.79571463296296,17.5932976942387,0.0627794736899384
SSP5-8.5,22,Predator,65.9187040463035,0.796070395513228,59.2004318173431,0.0515870184133232
SSP5-8.5,22,Invertebrate,15.712589337037,0.528152582460907,4.03724749569136,0.043338431272301
SSP5-8.5,22,Mid-trophic species,57.7561878737109,0.564354487446689,50.4470269958289,0.0400407589310687
SSP5-8.5,23,Prey,29.2152457716049,1.82013408337449,18.0992511300412,0.0623008307923776
SSP5-8.5,23,Predator,65.9949007901675,0.779072234367549,58.7021703872691,0.0521412454712921
SSP5-8.5,23,Invertebrate,14.8915172578189,0.507997729125514,3.74486423911523,0.0416377543121948
SSP5-8.5,23,Mid-trophic species,57.1502130656923,0.570900578767431,50.1186210963795,0.041169843391618
SSP5-8.5,24,Prey,29.7104236316872,1.81429887065844,18.2548825481482,0.0610660720678321
SSP5-8.5,24,Predator,66.0274259784833,0.794641717338096,59.5754663160563,0.0511257918938122
SSP5-8.5,24,Invertebrate,15.9718421290123,0.524852529386832,4.0039694812284,0.0417344767641237
SSP5-8.5,24,Mid-trophic species,56.6442691221394,0.557727087563717,50.0066112222626,0.0392702002752732
SSP5-8.5,25,Prey,29.243551299177,1.83319895016461,18.14562221893,0.0626872889482545
SSP5-8.5,25,Predator,66.0725951892416,0.787020207763846,58.9653439738855,0.0520755911095106
SSP5-8.5,25,Invertebrate,14.5907725343622,0.530842425816874,3.84570434034979,0.0416921632728699
SSP5-8.5,25,Mid-trophic species,57.4423659628871,0.569372738607995,51.0540201864788,0.0405830181069112
SSP5-8.5,26,Prey,29.0738658971193,1.84206198004115,17.863028118107,0.0633579994679574
SSP5-8.5,26,Predator,65.6017229546279,0.791611187759436,59.0030530541644,0.0531491575596273
SSP5-8.5,26,Invertebrate,15.3158378251029,0.591384629434158,3.99830703836831,0.048565557396686
SSP5-8.5,26,Mid-trophic species,57.120641251845,0.562968049585078,50.8304588236459,0.040120438404699
SSP5-8.5,27,Prey,28.7520029197531,1.82345787411523,17.5659120950617,0.0634202034273752
SSP5-8.5,27,Predator,65.8551735910936,0.794756484835627,59.0783664909102,0.0520932427236657
SSP5-8.5,27,Invertebrate,16.2118014382716,0.464923931576132,4.10155251073457,0.0385808370879595
SSP5-8.5,27,Mid-trophic species,57.0473668767013,0.572784223721683,50.6889480196801,0.0402147960442091
SSP5-8.5,28,Prey,29.014256244856,1.82669543185185,17.9349598477366,0.0629585475648962
SSP5-8.5,28,Predator,66.1588435122134,0.776702493613404,58.85400651341,0.0504248654754406
SSP5-8.5,28,Invertebrate,14.9862398370371,0.531413115565844,3.98534940125514,0.0420053661180471
SSP5-8.5,28,Mid-trophic species,57.4587080386665,0.562150432314325,51.1946299745046,0.0398461520380459
SSP5-8.5,29,Prey,29.067955,1.89163604246914,17.8403975522634,0.0650763372404125
SSP5-8.5,29,Predator,66.3551091623457,0.78902138191843,59.32195833541,0.0521816382079155
SSP5-8.5,29,Invertebrate,15.4181145522634,0.539272138613167,4.05907457726337,0.0434212653827631
SSP5-8.5,29,Mid-trophic species,57.2038821794651,0.559561467361925,50.6874104884308,0.0394758827633944
SSP5-8.5,30,Prey,28.8961639670782,1.82858046024691,17.7338928399177,0.063281079880715
SSP5-8.5,30,Predator,65.8095438413316,0.794447279223075,60.05427007639,0.0533933614369245
SSP5-8.5,30,Invertebrate,15.6649512401235,0.4771928611893,3.72157597283951,0.0344032066385148
SSP5-8.5,30,Mid-trophic species,57.7178779499266,0.565011461058054,50.3650962406687,0.0400467833987586
SSP5-8.5,31,Prey,29.4973124333333,1.71756548946502,17.8485538613169,0.0582278637535836
SSP5-8.5,31,Predator,65.6852685157408,0.798898802018871,59.6561482892285,0.0509131418700433
SSP5-8.5,31,Invertebrate,15.2024381283951,0.525874718870369,3.89770580304115,0.0435591675850344
SSP5-8.5,31,Mid-trophic species,57.8848540624768,0.570015709555517,50.9335470268124,0.0400931230290736
SSP5-8.5,32,Prey,29.1766727263374,1.85388623024691,17.96435081893,0.0635400152592942
SSP5-8.5,32,Predator,65.8584639981038,0.798484423378219,60.0190394359227,0.0517465230210694
SSP5-8.5,32,Invertebrate,15.0256643808642,0.504561901411524,3.70403239234568,0.0396562821523241
SSP5-8.5,32,Mid-trophic species,56.7545109208313,0.566741018520527,50.1758030321296,0.0401569702353856
SSP5-8.5,33,Prey,29.2815564135803,1.79314110201646,18.2356790152263,0.0612379026814584
SSP5-8.5,33,Predator,65.8740478296664,0.779806170614094,59.0220859883269,0.0509903462895101
SSP5-8.5,33,Invertebrate,15.6836889650206,0.555776135718108,3.92112745842387,0.0414699548830606
SSP5-8.5,33,Mid-trophic species,57.9105339720273,0.564609188805702,50.6253443104047,0.0397292570022215
SSP5-8.5,34,Prey,28.8363302078189,1.81414062522634,17.8181406341564,0.0629116330736994
SSP5-8.5,34,Predator,66.0381072698412,0.775703441335184,59.1756630439903,0.0508600969084168
SSP5-8.5,34,Invertebrate,15.8814462936214,0.505027943104938,4.00653554100947,0.038310953381997
SSP5-8.5,34,Mid-trophic species,57.1022908438021,0.56718803797717,50.1224619477124,0.0410204570063919
SSP5-8.5,35,Prey,28.7327138683128,1.7571235308642,17.6854397193416,0.0611541095253798
SSP5-8.5,35,Predator,65.9665942249119,0.808441142579954,60.1689691396345,0.0521389704382512
SSP5-8.5,35,Invertebrate,17.355016877284,0.52329649330247,4.21137568618725,0.0365470594968733
SSP5-8.5,35,Mid-trophic species,57.5719338607995,0.562558877207045,51.0501751859019,0.0389964400760926
SSP5-8.5,36,Prey,28.4650394567901,1.88380748596708,17.5520290201646,0.0661796899606162
SSP5-8.5,36,Predator,66.3071083382715,0.783604721637037,59.6398538197434,0.0523046774889289
SSP5-8.5,36,Invertebrate,15.2150793738683,0.448795314401235,3.8344989577572,0.035262948184777
SSP5-8.5,36,Mid-trophic species,57.6642112414722,0.576809897511758,50.8769637789891,0.0406566805727929
SSP5-8.5,37,Prey,28.7719603600823,1.85638840045268,17.5893121411523,0.0645207478816144
SSP5-8.5,37,Predator,66.2051244541886,0.784960454266843,59.1172427325286,0.0506916392467908
SSP5-8.5,37,Invertebrate,15.0881037286008,0.523170236213993,4.02175890234568,0.0426637404104547
SSP5-8.5,37,Mid-trophic species,57.2796721023897,0.559872325832874,50.8251033694399,0.0401431284351608
SSP5-8.5,38,Prey,29.1697743004115,1.84998561176955,17.9992589386831,0.063421320738277
SSP5-8.5,38,Predator,65.6416958754042,0.801825724604205,60.4895094777652,0.053013308169932
SSP5-8.5,38,Invertebrate,15.5605313037037,0.515511376997941,4.09661166973251,0.040133344065512
SSP5-8.5,38,Mid-trophic species,57.3160572451916,0.565191408589683,50.2402875470821,0.04032462717705
SSP5-8.5,39,Prey,28.547877409465,1.85139239053498,17.4325310016461,0.0648521907243847
SSP5-8.5,39,Predator,66.1881594566285,0.799983204926631,58.8121964270156,0.0536837710549555
SSP5-8.5,39,Invertebrate,16.1768134508231,0.520665143555557,4.02930674528395,0.0388191871024112
SSP5-8.5,39,Mid-trophic species,58.4444419221516,0.556425767912845,51.5349367327675,0.0387325905041249
SSP5-8.5,40,Prey,28.836054281893,1.86513636720165,17.717992572428,0.0646807066240272
SSP5-8.5,40,Predator,66.0309194112609,0.788777762184655,59.8046918364604,0.0517095075204633
SSP5-8.5,40,Invertebrate,15.8163340839506,0.524079681483538,3.99823344425926,0.0406810924062431
SSP5-8.5,40,Mid-trophic species,56.8939945943357,0.563409599565825,50.4078629272297,0.0405132630549253
SSP5-8.5,41,Prey,28.6963667921811,1.7655026644856,17.7016851156379,0.061523560709666
SSP5-8.5,41,Predator,66.0243019107584,0.803324284136685,60.4029270541363,0.0524135471182978
SSP5-8.5,41,Invertebrate,15.1984641076132,0.520869822123457,3.86186246308642,0.0415158593217895
SSP5-8.5,41,Mid-trophic species,56.8616864591823,0.564865193381089,50.3561701956455,0.0404890124939415
SSP5-8.5,42,Prey,29.0987752407407,1.78017490378601,18.033773991358,0.0611769701321866
SSP5-8.5,42,Predator,65.4837293081569,0.810039247939506,59.8602805064034,0.054785616636121
SSP5-8.5,42,Invertebrate,15.1579544388889,0.492242381888889,3.91604898605761,0.0383975052422704
SSP5-8.5,42,Mid-trophic species,57.6605013102543,0.57297151544562,50.904773283027,0.0412872345795361
SSP5-8.5,43,Prey,29.452048808642,1.87724465316872,18.1869623518519,0.063739017457349
SSP5-8.5,43,Predator,66.5211144078043,0.77580672571014,59.3954613288459,0.0505074728333017
SSP5-8.5,43,Invertebrate,15.0886902874486,0.505202076903292,3.73857829555597,0.0377963799676686
SSP5-8.5,43,Mid-trophic species,56.5556893144097,0.568703153119283,50.3330170672624,0.0406787554961915
SSP5-8.5,44,Prey,29.4044094238683,1.89526849242798,18.2405703954733,0.0644552476843676
SSP5-8.5,44,Predator,65.4959856846561,0.791817597214374,60.9461660779894,0.0518056149347791
SSP5-8.5,44,Invertebrate,14.6294292530864,0.557457107378602,3.68370716772428,0.0446944259184352
SSP5-8.5,44,Mid-trophic species,57.0374489435019,0.558314852137326,50.2817590206145,0.0395041470312945
SSP5-8.5,45,Prey,29.373846600823,1.8274649237037,18.085735972428,0.0622140146824522
SSP5-8.5,45,Predator,65.5121235096415,0.787953944045326,59.402016290363,0.0516653795113942
SSP5-8.5,45,Invertebrate,14.8188429864198,0.515400507942388,3.93290012139918,0.0394769618047008
SSP5-8.5,45,Mid-trophic species,57.6350144461837,0.563329876452754,50.6852193980379,0.0395671946903391
SSP5-8.5,46,Prey,29.7992515740741,1.80781867761317,18.5960926292181,0.0606665799347124
SSP5-8.5,46,Predator,66.5412175741183,0.79830814716724,59.6243393051306,0.052896211307904
SSP5-8.5,46,Invertebrate,16.0153666067901,0.474761790121399,3.94598207300412,0.038458204238448
SSP5-8.5,46,Mid-trophic species,57.1261950506105,0.569275427241917,50.2669888653263,0.0410630396368945
SSP5-8.5,47,Prey,29.9499624135803,1.80515270234568,18.4491023263375,0.0602722860689523
SSP5-8.5,47,Predator,66.8724440276528,0.791028593489713,58.8456220608787,0.0541553484741258
SSP5-8.5,47,Invertebrate,14.9924499967078,0.531959283831276,3.83472404304527,0.0420646542602077
SSP5-8.5,47,Mid-trophic species,57.2359193983588,0.56600577790146,51.0658883137681,0.0399325941243691
SSP5-8.5,48,Prey,28.2028008930041,1.87942220300412,17.3797828057613,0.0666395586074686
SSP5-8.5,48,Predator,65.8012214758376,0.794962704096737,60.3393994011587,0.0522968593401465
SSP5-8.5,48,Invertebrate,14.8383147512346,0.530941107732511,3.98002819277778,0.0437367420694779
SSP5-8.5,48,Mid-trophic species,57.4463625855209,0.569616933981144,51.1406713345049,0.0404081393541568
SSP5-8.5,49,Prey,28.1431164971193,1.89415642580247,17.2653249506173,0.0673044304100561
SSP5-8.5,49,Predator,65.5627078287037,0.78936598421502,60.0855997465399,0.0518760692340211
SSP5-8.5,49,Invertebrate,16.0111845884444,0.502953537979424,3.85485108780864,0.0360089268368493
SSP5-8.5,49,Mid-trophic species,57.0111447139593,0.572053878367225,50.5976503890204,0.0407290978562356
SSP5-8.5,50,Prey,29.3507091481482,1.83632579156379,18.2231811160494,0.0625649548123319
SSP5-8.5,50,Predator,65.8061527447092,0.784098797837345,59.076535057533,0.051584019474392
SSP5-8.5,50,Invertebrate,16.5702503067901,0.498500318382715,4.14380116044444,0.0382040900360752
SSP5-8.5,50,Mid-trophic species,58.1502383793268,0.568385846941143,50.8713185701283,0.0402497259158818
SSP5-8.5,51,Prey,28.4341413477366,1.87914054518519,17.467548173251,0.0660874728800195
SSP5-8.5,51,Predator,66.2994428252822,0.785252812788978,59.8586999888898,0.0521490349965553
SSP5-8.5,51,Invertebrate,15.3542593395062,0.469163645082305,3.84912112552675,0.0387356810881666
SSP5-8.5,51,Mid-trophic species,58.2065046381653,0.554297329418696,51.0967113126779,0.0386069889431173
SSP5-8.5,52,Prey,30.2417012530864,1.80183170407407,18.6890035580247,0.059581029816905
SSP5-8.5,52,Predator,66.4146264954587,0.790363722404762,59.3803734505044,0.0522217284330941
SSP5-8.5,52,Invertebrate,14.9333335238683,0.534820362226338,3.75027816598766,0.0410643899644537
SSP5-8.5,52,Mid-trophic species,56.6030871353419,0.572600116247943,50.1328737457618,0.0402432805284219
SSP5-8.5,53,Prey,29.4402629588477,1.90975600090535,18.0702966872428,0.0648688499683189
SSP5-8.5,53,Predator,66.2873406251766,0.794627174744533,59.6646730763629,0.0524668910027702
SSP5-8.5,53,Invertebrate,15.7930685279835,0.513854851185185,3.94000853657613,0.0381320197969402
SSP5-8.5,53,Mid-trophic species,57.2524806627979,0.557826393194228,50.5019967400142,0.0389114546450085
SSP5-8.5,54,Prey,30.4701244547325,1.77212110411523,18.6462922432099,0.0581592998331186
SSP5-8.5,54,Predator,66.3470663097,0.792607508487037,59.7179246218175,0.0527143215378616
SSP5-8.5,54,Invertebrate,15.6332783,0.589084013738685,3.83688117973251,0.0455796399966057
SSP5-8.5,54,Mid-trophic species,58.4164686969092,0.55631539124032,51.4997388414763,0.038416321450747
SSP5-8.5,55,Prey,28.311495963786,1.80326751374486,17.520265555144,0.0636938265661222
SSP5-8.5,55,Predator,66.0628414667549,0.780856878351941,58.906122340656,0.0506526438063132
SSP5-8.5,55,Invertebrate,14.6144149561728,0.478174338734568,3.67998824652263,0.0400138361655812
SSP5-8.5,55,Mid-trophic species,57.1441825897953,0.565246458703194,50.3748103173597,0.0399241260904062
SSP5-8.5,56,Prey,29.4506793909465,1.82419226847737,18.1504371994239,0.0619405835859306
SSP5-8.5,56,Predator,65.9188995932101,0.803144768297619,60.053510038808,0.0521686086304222
SSP5-8.5,56,Invertebrate,16.2787781958848,0.547515241483538,3.86941178874486,0.0420762937668031
SSP5-8.5,56,Mid-trophic species,57.2105097073519,0.567969710877346,50.6468825862634,0.0403416164133396
SSP5-8.5,57,Prey,28.5264979604938,1.84777941880658,17.6071989382716,0.0647741416196816
SSP5-8.5,57,Predator,65.6954545524692,0.772895691521648,59.1783633965821,0.0518360867532289
SSP5-8.5,57,Invertebrate,15.328069326749,0.501994136316873,3.94685572475926,0.0404785556411363
SSP5-8.5,57,Mid-trophic species,57.7920378847482,0.577028852027984,51.0523844720968,0.0416423319647261
SSP5-8.5,58,Prey,28.5883004917696,1.84208088691358,17.5583630024691,0.0644347811946327
SSP5-8.5,58,Predator,66.0278079916842,0.798495384735627,60.1603612334977,0.053708245423518
SSP5-8.5,58,Invertebrate,15.5230750053498,0.500308658185184,3.89885092483539,0.0368151189244108
SSP5-8.5,58,Mid-trophic species,57.9188835113389,0.552760896331492,51.3108133708711,0.0387661673254981
SSP5-8.5,59,Prey,28.4345087222222,1.89482523975309,17.583879508642,0.0666382267498871
SSP5-8.5,59,Predator,66.1211242261758,0.778291750801557,59.6281364596821,0.0503989709196591
SSP5-8.5,59,Invertebrate,15.9693455590535,0.483934801759259,3.92692313630453,0.0391229412168195
SSP5-8.5,59,Mid-trophic species,58.5351680780133,0.560559432495688,51.6836986743366,0.0402216965532049
SSP5-8.5,60,Prey,29.3902642613169,1.73265959967078,18.1654542312757,0.0589535223047072
SSP5-8.5,60,Predator,66.2517582030864,0.78973444971746,59.5338798043672,0.0512864905756962
SSP5-8.5,60,Invertebrate,15.1257121366255,0.515506746277779,3.93826230769547,0.0410443791684782
SSP5-8.5,60,Mid-trophic species,57.7552853823976,0.552218112502136,50.4388978406968,0.0393280503322007
SSP5-8.5,61,Prey,28.6536534135803,1.83426686020576,17.5875283004115,0.0640151129676337
SSP5-8.5,61,Predator,65.7590043078924,0.80098850251799,60.2056209969953,0.054161661757069
SSP5-8.5,61,Invertebrate,15.3794792230453,0.463587315156379,3.80352486860082,0.0364012577366954
SSP5-8.5,61,Mid-trophic species,57.3417378813134,0.559184682828023,50.4727878050928,0.0397054661148385
SSP5-8.5,62,Prey,28.7292853049383,1.85095801839506,17.7215948460905,0.0644275692468027
SSP5-8.5,62,Predator,66.2311847379483,0.798453546110921,60.3773518631199,0.0521085140820895
SSP5-8.5,62,Invertebrate,14.8632248853909,0.554236506732509,3.97375224602263,0.0447478797411182
SSP5-8.5,62,Mid-trophic species,57.6932131144974,0.565881580960925,51.2326681042353,0.0405609207011763
SSP5-8.5,63,Prey,29.3916221954733,1.76056073695473,18.3224736777778,0.0599000873529834
SSP5-8.5,63,Predator,65.6242625871693,0.794346512800618,59.4131397754876,0.0517209932098536
SSP5-8.5,63,Invertebrate,15.3843365520576,0.479723078674897,3.8126533508642,0.0393688024867986
SSP5-8.5,63,Mid-trophic species,56.5924579751783,0.563774698799746,49.6828740884818,0.0404862672808995
SSP5-8.5,64,Prey,29.7608221049383,1.84758128518519,18.300475155144,0.0620809895193928
SSP5-8.5,64,Predator,65.7599438746472,0.791198514995945,59.8802344307479,0.0516456081667667
SSP5-8.5,64,Invertebrate,15.2488944711934,0.497242164425927,3.88012808052881,0.0433468893993908
SSP5-8.5,64,Mid-trophic species,58.1292588314751,0.567881952945267,51.1361160821443,0.040369929923017
SSP5-8.5,65,Prey,28.5644331234568,1.82137325098765,17.4853896349794,0.063763675726229
SSP5-8.5,65,Predator,66.1438278654319,0.786926806100529,58.4878988364157,0.051865479124716
SSP5-8.5,65,Invertebrate,15.5665846238683,0.492788258884774,4.07922246246913,0.0378073870065785
SSP5-8.5,65,Mid-trophic species,58.1384428894018,0.563745893927602,50.65811987875,0.0397848395786259
SSP5-8.5,66,Prey,29.9089102057613,1.84323185909465,18.4117803958848,0.0616281852603105
SSP5-8.5,66,Predator,66.0882918276016,0.788505919796561,60.0237480282598,0.052190750425229
SSP5-8.5,66,Invertebrate,15.3309848968313,0.495923806185185,3.91692586478189,0.04256623299658
SSP5-8.5,66,Mid-trophic species,57.7676802953925,0.56600478830098,50.0662569747487,0.0400630126998866
SSP5-8.5,67,Prey,28.7989086345679,1.84067942917695,17.7378253987654,0.0639149022115217
SSP5-8.5,67,Predator,66.0576971722442,0.794746645016724,59.525770913729,0.0534778314972858
SSP5-8.5,67,Invertebrate,15.4225142952675,0.494602887055557,3.67036634837037,0.0374632230341496
SSP5-8.5,67,Mid-trophic species,56.8086046378983,0.563011260877181,50.0880881898545,0.0399889812238231
SSP5-8.5,68,Prey,29.0461218518519,1.87394179024691,17.8204352555556,0.0645160754955464
SSP5-8.5,68,Predator,66.2575386449736,0.77881554104074,58.8193477775779,0.0512996439739412
SSP5-8.5,68,Invertebrate,15.5376752259259,0.490201985771605,3.72795201031811,0.0382917696721367
SSP5-8.5,68,Mid-trophic species,57.2447933473325,0.559221310506437,50.3425133483475,0.0387317690259658
SSP5-8.5,69,Prey,29.2413943292181,1.81723070703704,17.9716106975309,0.0621458295243211
SSP5-8.5,69,Predator,65.7830836092592,0.801423133138095,58.6993776667479,0.0525797903850204
SSP5-8.5,69,Invertebrate,15.9048147635803,0.457164020078189,3.75511163341152,0.0329912417429042
SSP5-8.5,69,Mid-trophic species,56.8894436479134,0.558159004102567,50.1841523726563,0.0394453114879014
SSP5-8.5,70,Prey,29.1677392827161,1.8374400544856,17.7726842069959,0.0629956280353346
SSP5-8.5,70,Predator,66.3623074844797,0.798875998055909,59.5364742833256,0.0533176180168841
SSP5-8.5,70,Invertebrate,15.8413146652263,0.507263743864196,4.03383128495885,0.0395448646766098
SSP5-8.5,70,Mid-trophic species,56.9714063790952,0.554923824024368,50.2274548313678,0.0388467166008039
SSP5-8.5,71,Prey,28.3731335390947,1.85991466588477,17.6674524662551,0.0655519653238879
SSP5-8.5,71,Predator,66.1030207770282,0.797069774106613,59.511974286665,0.0537848360828729
SSP5-8.5,71,Invertebrate,15.0539157808642,0.50436878236214,3.84556868017284,0.0387184584416538
SSP5-8.5,71,Mid-trophic species,57.4576252631795,0.559119738377052,50.938997443623,0.0391864431072333
SSP5-8.5,72,Prey,29.0200983876543,1.86217924024691,17.8765414316872,0.0641686053359185
SSP5-8.5,72,Predator,66.6518163582893,0.798360480258289,60.3766423800533,0.0524762789832805
SSP5-8.5,72,Invertebrate,15.6721661676954,0.47317226254321,3.98967481609259,0.0362723690231223
SSP5-8.5,72,Mid-trophic species,56.7978661770002,0.559235353008152,50.6259993256171,0.0397708858985254
SSP5-8.5,73,Prey,28.2618196049383,1.83860595946502,17.3334644432099,0.0650561777396582
SSP5-8.5,73,Predator,66.2580402906378,0.800062479308054,60.2448220193685,0.0533280749728175
SSP5-8.5,73,Invertebrate,16.1600380366255,0.506958502569957,3.95233542402058,0.0360651113803001
SSP5-8.5,73,Mid-trophic species,57.3479180314266,0.563008161446689,50.2148213445424,0.0393995246108355
SSP5-8.5,74,Prey,29.516047845679,1.8654899572428,18.3574055123457,0.0632025658379564
SSP5-8.5,74,Predator,66.332476973589,0.796303085472399,60.0415761535388,0.0520296990328626
SSP5-8.5,74,Invertebrate,14.390254918107,0.5159020690679,3.76434671965021,0.0447931423262415
SSP5-8.5,74,Mid-trophic species,58.3915205892696,0.55784724912767,51.0940619708402,0.0390372104097626
SSP5-8.5,75,Prey,29.15765018107,1.78418929399177,17.8694376061728,0.0611911207834615
SSP5-8.5,75,Predator,66.4362810778511,0.796978446670665,59.6411652113166,0.0538285619737351
SSP5-8.5,75,Invertebrate,15.4898105475309,0.493932290818929,3.87668100364198,0.0389784460746267
SSP5-8.5,75,Mid-trophic species,56.9069755515026,0.56727634278979,49.9729872135872,0.0403996800184182
SSP5-8.5,76,Prey,29.0601521748971,1.82666519329218,18.0589232106996,0.0628580739116053
SSP5-8.5,76,Predator,66.3209374160494,0.788502375483773,59.5767188346249,0.0540886700856673
SSP5-8.5,76,Invertebrate,15.1583005833333,0.522116259329217,3.79670296248971,0.0430562882459049
SSP5-8.5,76,Mid-trophic species,58.0482885912712,0.559647257377093,51.1977141708081,0.0399108513187299
SSP5-8.5,77,Prey,28.5045345432099,1.8538659400823,17.5799120522634,0.0650375798023307
SSP5-8.5,77,Predator,66.1908482605894,0.802366432074397,59.7658606517499,0.0537017647243311
SSP5-8.5,77,Invertebrate,14.8448726668724,0.550134550847738,3.82725608563375,0.0479720228675646
SSP5-8.5,77,Mid-trophic species,57.779417401817,0.553916939531844,50.5497529014859,0.0394109003586253
SSP5-8.5,78,Prey,28.8054789403292,1.82168113255144,17.8370309325103,0.0632407861131234
SSP5-8.5,78,Predator,65.8301218294665,0.785726239344091,59.0075299681081,0.0520331450513792
SSP5-8.5,78,Invertebrate,14.8776770154321,0.45248894636214,3.72828948537037,0.0355027030897197
SSP5-8.5,78,Mid-trophic species,58.5514626845856,0.56880380709999,51.5106626672467,0.0403099398133816
SSP5-8.5,79,Prey,28.7997025102881,1.79602488514403,17.7819808534979,0.0623626193535313
SSP5-8.5,79,Predator,66.3824580812095,0.788255979537978,60.1704840399034,0.0530273665532568
SSP5-8.5,79,Invertebrate,14.8766585024692,0.485064830633745,3.89598112242799,0.0387420862959436
SSP5-8.5,79,Mid-trophic species,59.2351915087188,0.558651435027122,51.9769023504206,0.0391039871983185
SSP5-8.5,80,Prey,29.7090048168724,1.84155673271605,18.3183363670782,0.0619864833597586
SSP5-8.5,80,Predator,66.0702509965609,0.789251070466401,60.4042802365256,0.0538723873043032
SSP5-8.5,80,Invertebrate,16.5996109537037,0.536581327273664,4.20186523307408,0.0412135278899702
SSP5-8.5,80,Mid-trophic species,56.7481806875452,0.566203595949128,50.2233485325514,0.0400079149303827
SSP5-8.5,81,Prey,30.0794331106996,1.77296820386831,18.5675116493827,0.0589428729372446
SSP5-8.5,81,Predator,66.0766055712081,0.805453760705379,60.6182969979472,0.0521855958576993
SSP5-8.5,81,Invertebrate,15.1991497326543,0.494021637444444,3.73281311903292,0.038885019729124
SSP5-8.5,81,Mid-trophic species,58.2825396191692,0.55990489863933,50.6844868253285,0.0394136653330382
SSP5-8.5,82,Prey,29.6973117119342,1.82179772769547,18.3625251707819,0.0613455435080128
SSP5-8.5,82,Predator,66.2554803055556,0.795020791588579,59.0067146177319,0.0532047650140738
SSP5-8.5,82,Invertebrate,16.1320767590535,0.480688962372428,3.77256658248354,0.0346108931436436
SSP5-8.5,82,Mid-trophic species,57.8765878456173,0.557397213223418,50.9265743604042,0.0396703824402239
SSP5-8.5,83,Prey,29.8703404794239,1.81098459452675,18.2871496654321,0.0606281872071141
SSP5-8.5,83,Predator,65.6999311555996,0.787426028054704,59.740395503993,0.0529123298538634
SSP5-8.5,83,Invertebrate,15.8826022693416,0.495165560483539,4.02266448397119,0.0380579309503885
SSP5-8.5,83,Mid-trophic species,57.5262226961655,0.56770648192859,51.1516451179458,0.040329998956425
SSP5-8.5,84,Prey,29.6886358395062,1.81585734218107,18.2201917065844,0.0611633808975736
SSP5-8.5,84,Predator,65.9982019886244,0.802593351265344,59.208006653005,0.0515525171833805
SSP5-8.5,84,Invertebrate,15.0877953701646,0.509605697189301,3.73382170471194,0.0432816457096094
SSP5-8.5,84,Mid-trophic species,56.7336947197878,0.570654594462248,50.0579908888954,0.0405059491943029
SSP5-8.5,85,Prey,28.9384639711934,1.8134706081893,17.4661506971193,0.0626664431807613
SSP5-8.5,85,Predator,66.1968711373823,0.797386137934304,59.7893136988947,0.0495160474331981
SSP5-8.5,85,Invertebrate,14.8217729615226,0.500020535403292,4.12926440102881,0.0412744965358451
SSP5-8.5,85,Mid-trophic species,57.0649399070806,0.560876627787449,49.9471263797896,0.0392008930887365
SSP5-8.5,86,Prey,29.3817271872428,1.84076754481481,18.1756255934156,0.0626500795233731
SSP5-8.5,86,Predator,66.4370854768226,0.793843884032099,59.1774149730599,0.0532458204750883
SSP5-8.5,86,Invertebrate,15.597693586214,0.527872029150206,4.06000534955885,0.0441394412166166
SSP5-8.5,86,Mid-trophic species,58.5794711157784,0.570112786237419,51.9772535086393,0.0401476777783308
SSP5-8.5,87,Prey,29.4292996065844,1.81251494847737,18.1861968979424,0.0615887898355503
SSP5-8.5,87,Predator,66.4653719680335,0.773460526093033,59.6877047356967,0.0504149785162481
SSP5-8.5,87,Invertebrate,14.7376926020576,0.525896674909465,3.68989909092181,0.042222011447409
SSP5-8.5,87,Mid-trophic species,57.0751602516163,0.571150067319077,50.4889432355039,0.0408503804752217
SSP5-8.5,88,Prey,29.1267829979424,1.83033064020576,18.0668825131687,0.0628401234813698
SSP5-8.5,88,Predator,66.2740823685398,0.780454587943562,59.2343130188184,0.0519039272898402
SSP5-8.5,88,Invertebrate,15.4841101650206,0.471913747388889,3.92911997693004,0.0375257043448252
SSP5-8.5,88,Mid-trophic species,56.6205824910386,0.573359685390722,50.5162636702572,0.0406031282194883
SSP5-8.5,89,Prey,28.9128918843621,1.83560915308642,17.9372232576132,0.0634875667376334
SSP5-8.5,89,Predator,66.0448686047986,0.794182459500795,59.0259628154684,0.0526213626652219
SSP5-8.5,89,Invertebrate,15.9135488631687,0.496858474006173,3.87275028378601,0.0371917440589063
SSP5-8.5,89,Mid-trophic species,58.0521326624245,0.574113271148463,50.8770053311739,0.0409289363670926
SSP5-8.5,90,Prey,28.6043883279835,1.81110521131687,17.5524639872428,0.0633156420109525
SSP5-8.5,90,Predator,65.848270115538,0.794717119617548,59.4031031417262,0.0525170619026776
SSP5-8.5,90,Invertebrate,15.0078426672839,0.491125798028807,3.66187824979835,0.0392972429649749
SSP5-8.5,90,Mid-trophic species,56.8907808473517,0.555600123591682,50.4271497623626,0.0393293967575321
SSP5-8.5,91,Prey,29.1406352777778,1.80762235761317,17.9251548748971,0.0620309866405567
SSP5-8.5,91,Predator,66.5620820028219,0.776058657012523,60.8417151272644,0.0510623694829536
SSP5-8.5,91,Invertebrate,15.2506552537037,0.530302540265432,3.90077364648148,0.0445095438487229
SSP5-8.5,91,Mid-trophic species,57.2975013121379,0.569814950029435,50.3702055877046,0.0404622024320826
SSP5-8.5,92,Prey,29.589662281893,1.7924653963786,18.2423974835391,0.0605774198874678
SSP5-8.5,92,Predator,66.4541784358906,0.798002108631569,59.4918431790101,0.0526069837691762
SSP5-8.5,92,Invertebrate,16.0715307197531,0.51702027491358,3.87578710442387,0.0388851102069787
SSP5-8.5,92,Mid-trophic species,57.3162429747678,0.56916107413396,50.9001595188122,0.0401061192410749
SSP5-8.5,93,Prey,29.468888372428,1.84729678658436,18.0430370304527,0.0626863410400221
SSP5-8.5,93,Predator,66.2053279988537,0.788472701967812,59.6440431319626,0.0519413378262528
SSP5-8.5,93,Invertebrate,15.3056512977366,0.509890205160494,3.76302500989712,0.0385570349393869
SSP5-8.5,93,Mid-trophic species,56.7208611646408,0.574440083577248,49.8197125056763,0.0410255900452274
SSP5-8.5,94,Prey,28.0997989753086,1.87494063345679,17.3015644222222,0.0667243432988366
SSP5-8.5,94,Predator,66.1583684172399,0.796815524496605,60.1216052971822,0.0525730387680463
SSP5-8.5,94,Invertebrate,16.2023472421811,0.489121002746913,3.9608930663786,0.0355089001178768
SSP5-8.5,94,Mid-trophic species,57.2214857045053,0.563579796636831,50.7143165463946,0.0398064480235195
SSP5-8.5,95,Prey,28.9987968683128,1.87514014263374,17.8823066144033,0.0646626875986958
SSP5-8.5,95,Predator,65.8376102578044,0.782661093324558,59.2641634837795,0.0505086315835847
SSP5-8.5,95,Invertebrate,14.3250196,0.553707212946502,3.70446504189712,0.0471954740078537
SSP5-8.5,95,Mid-trophic species,57.793916354833,0.571698561537105,50.889759842584,0.0407008012018995
SSP5-8.5,96,Prey,29.8235207242798,1.83649087390947,18.609239363786,0.0615786073980979
SSP5-8.5,96,Predator,65.7198649485451,0.814753451385979,59.9285828885257,0.0521682667193819
SSP5-8.5,96,Invertebrate,16.0957476187243,0.527836344860083,3.93681585125515,0.040596411363938
SSP5-8.5,96,Mid-trophic species,57.8696220558211,0.571733845097256,51.3630831694905,0.0396474555430548
SSP5-8.5,97,Prey,29.2068700123457,1.73131364020576,18.0139237127572,0.0592776165153589
SSP5-8.5,97,Predator,66.4335478379188,0.79994890470829,60.5077687650784,0.0545200687158636
SSP5-8.5,97,Invertebrate,15.3888134808642,0.579847823462962,3.81234550381482,0.044572081187086
SSP5-8.5,97,Mid-trophic species,57.5250769012586,0.562751372133598,50.386550588883,0.0398955749630092
SSP5-8.5,98,Prey,28.6886037798354,1.87980751613169,17.7904578526749,0.0655245382646668
SSP5-8.5,98,Predator,66.6570026983069,0.780958996151353,59.0479539586138,0.0515679583219149
SSP5-8.5,98,Invertebrate,15.3828033975309,0.49590325482716,3.99140075014918,0.0380799924102412
SSP5-8.5,98,Mid-trophic species,57.5413182550162,0.566955771556594,50.8584200396662,0.0398961541813298
SSP5-8.5,99,Prey,29.6899993127572,1.86611158489712,18.5793671497942,0.0628532040448815
SSP5-8.5,99,Predator,65.8090588423796,0.784286391655115,59.1160887449994,0.0507365040397438
SSP5-8.5,99,Invertebrate,15.8147242100823,0.484510615917695,3.96077728022634,0.036557921027415
SSP5-8.5,99,Mid-trophic species,57.0914025617697,0.578663311237312,50.4520668823021,0.040738032719477
SSP5-8.5,100,Prey,29.2696502967078,1.80623388028807,18.0726538592593,0.0617101284770466
SSP5-8.5,100,Predator,65.6308318003086,0.789149241579894,59.5100481267214,0.0522073362227435
SSP5-8.5,100,Invertebrate,16.7765252506173,0.489896500006173,4.15804986668724,0.0375153363997939
SSP5-8.5,100,Mid-trophic species,56.8442775496609,0.563816389827102,50.0728019193555,0.040405566553907
