scenario,run,species,latin,group,species_order,biomass,yield
Base,1,EngraulisJaponicus,Engraulis japonicus,Prey,1,1050694.053,165368.8017
Base,2,EngraulisJaponicus,Engraulis japonicus,Prey,1,998781.577,156524.6556
Base,3,EngraulisJaponicus,Engraulis japonicus,Prey,1,969413.693,150749.414666667
Base,4,EngraulisJaponicus,Engraulis japonicus,Prey,1,1051658.41966667,166508.174333333
Base,5,EngraulisJaponicus,Engraulis japonicus,Prey,1,955890.595,149797.513333333
Base,6,EngraulisJaponicus,Engraulis japonicus,Prey,1,1013115.408,159023.597666667
Base,7,EngraulisJaponicus,Engraulis japonicus,Prey,1,996139.289333333,156238.2222
Base,8,EngraulisJaponicus,Engraulis japonicus,Prey,1,909989.566333333,141853.8152
Base,9,EngraulisJaponicus,Engraulis japonicus,Prey,1,954328.183,149451.877933333
Base,10,EngraulisJaponicus,Engraulis japonicus,Prey,1,1011411.699,158973.109333333
Base,11,EngraulisJaponicus,Engraulis japonicus,Prey,1,1050841.376,165299.011333333
Base,12,EngraulisJaponicus,Engraulis japonicus,Prey,1,1010516.88766667,159589.458
Base,13,EngraulisJaponicus,Engraulis japonicus,Prey,1,980676.749666667,154171.042666667
Base,14,EngraulisJaponicus,Engraulis japonicus,Prey,1,1040875.22133333,163710.176166667
Base,15,EngraulisJaponicus,Engraulis japonicus,Prey,1,1045730.39366667,165053.719333333
Base,16,EngraulisJaponicus,Engraulis japonicus,Prey,1,950637.453,148816.299366667
Base,17,EngraulisJaponicus,Engraulis japonicus,Prey,1,999587.484333333,157591.849833333
Base,18,EngraulisJaponicus,Engraulis japonicus,Prey,1,990830.857333333,155021.555666667
Base,19,EngraulisJaponicus,Engraulis japonicus,Prey,1,1016449.02666667,159819.567
Base,20,EngraulisJaponicus,Engraulis japonicus,Prey,1,1042183.62766667,164510.936666667
Base,21,EngraulisJaponicus,Engraulis japonicus,Prey,1,1056477.477,165897.824666667
Base,22,EngraulisJaponicus,Engraulis japonicus,Prey,1,945395.070333333,147187.2568
Base,23,EngraulisJaponicus,Engraulis japonicus,Prey,1,1011769.06733333,158376.016366667
Base,24,EngraulisJaponicus,Engraulis japonicus,Prey,1,1014416.39433333,159507.57
Base,25,EngraulisJaponicus,Engraulis japonicus,Prey,1,1062452.68966667,168864.234666667
Base,26,EngraulisJaponicus,Engraulis japonicus,Prey,1,967979.169,151662.187233333
Base,27,EngraulisJaponicus,Engraulis japonicus,Prey,1,1005619.50833333,157484.55
Base,28,EngraulisJaponicus,Engraulis japonicus,Prey,1,1023521.66733333,160806.751333333
Base,29,EngraulisJaponicus,Engraulis japonicus,Prey,1,972102.333666667,152571.227166667
Base,30,EngraulisJaponicus,Engraulis japonicus,Prey,1,965463.504,153224.540333333
Base,31,EngraulisJaponicus,Engraulis japonicus,Prey,1,1011837.841,157825.934566667
Base,32,EngraulisJaponicus,Engraulis japonicus,Prey,1,988716.907666667,155034.355
Base,33,EngraulisJaponicus,Engraulis japonicus,Prey,1,1034986.97533333,163220.853666667
Base,34,EngraulisJaponicus,Engraulis japonicus,Prey,1,1029425.07766667,162706.576333333
Base,35,EngraulisJaponicus,Engraulis japonicus,Prey,1,1059539.66933333,165710.003666667
Base,36,EngraulisJaponicus,Engraulis japonicus,Prey,1,986673.851666667,154488.886533333
Base,37,EngraulisJaponicus,Engraulis japonicus,Prey,1,984024.364666667,154751.501166667
Base,38,EngraulisJaponicus,Engraulis japonicus,Prey,1,1005216.682,158789.257666667
Base,39,EngraulisJaponicus,Engraulis japonicus,Prey,1,1049746.06633333,163115.757
Base,40,EngraulisJaponicus,Engraulis japonicus,Prey,1,971584.995666666,152687.199666667
Base,41,EngraulisJaponicus,Engraulis japonicus,Prey,1,1059351.9,167644.348
Base,42,EngraulisJaponicus,Engraulis japonicus,Prey,1,1014235.07133333,159565.884333333
Base,43,EngraulisJaponicus,Engraulis japonicus,Prey,1,995627.38,156786.888133333
Base,44,EngraulisJaponicus,Engraulis japonicus,Prey,1,968004.075666667,152813.789333333
Base,45,EngraulisJaponicus,Engraulis japonicus,Prey,1,1016514.84433333,160514.685666667
Base,46,EngraulisJaponicus,Engraulis japonicus,Prey,1,1032645.658,161756.416666667
Base,47,EngraulisJaponicus,Engraulis japonicus,Prey,1,967949.56,150054.842
Base,48,EngraulisJaponicus,Engraulis japonicus,Prey,1,975791.603333333,153574.832
Base,49,EngraulisJaponicus,Engraulis japonicus,Prey,1,987024.409333334,156457.238
Base,50,EngraulisJaponicus,Engraulis japonicus,Prey,1,1034332.084,162207.977
Base,51,EngraulisJaponicus,Engraulis japonicus,Prey,1,1018354.87866667,158814.517166667
Base,52,EngraulisJaponicus,Engraulis japonicus,Prey,1,970012.736333334,152678.983333333
Base,53,EngraulisJaponicus,Engraulis japonicus,Prey,1,951545.585,149577.107133333
Base,54,EngraulisJaponicus,Engraulis japonicus,Prey,1,970235.780333333,151843.505466667
Base,55,EngraulisJaponicus,Engraulis japonicus,Prey,1,983397.892,154459.175666667
Base,56,EngraulisJaponicus,Engraulis japonicus,Prey,1,949525.812333333,148535.920866667
Base,57,EngraulisJaponicus,Engraulis japonicus,Prey,1,1074911.722,169684.655333333
Base,58,EngraulisJaponicus,Engraulis japonicus,Prey,1,1028524.365,162717.507866667
Base,59,EngraulisJaponicus,Engraulis japonicus,Prey,1,1007813.207,158735.4985
Base,60,EngraulisJaponicus,Engraulis japonicus,Prey,1,1033658.67366667,162993.372166667
Base,61,EngraulisJaponicus,Engraulis japonicus,Prey,1,1029161.43566667,161307.276666667
Base,62,EngraulisJaponicus,Engraulis japonicus,Prey,1,1046566.84033333,164917.654166667
Base,63,EngraulisJaponicus,Engraulis japonicus,Prey,1,933301.722666667,146690.209866667
Base,64,EngraulisJaponicus,Engraulis japonicus,Prey,1,1027723.06133333,161010.724866667
Base,65,EngraulisJaponicus,Engraulis japonicus,Prey,1,977489.604666667,152805.792833333
Base,66,EngraulisJaponicus,Engraulis japonicus,Prey,1,1034400.097,161309.183333333
Base,67,EngraulisJaponicus,Engraulis japonicus,Prey,1,978582.678333333,152433.7105
Base,68,EngraulisJaponicus,Engraulis japonicus,Prey,1,1043260.073,165685.517
Base,69,EngraulisJaponicus,Engraulis japonicus,Prey,1,1015501.28166667,160600.956
Base,70,EngraulisJaponicus,Engraulis japonicus,Prey,1,1022041.44166667,161568.1705
Base,71,EngraulisJaponicus,Engraulis japonicus,Prey,1,1075591.33,169898.142
Base,72,EngraulisJaponicus,Engraulis japonicus,Prey,1,959731.2,150203.911533333
Base,73,EngraulisJaponicus,Engraulis japonicus,Prey,1,969938.927333333,152890.350166667
Base,74,EngraulisJaponicus,Engraulis japonicus,Prey,1,1003103.48666667,157477.555966667
Base,75,EngraulisJaponicus,Engraulis japonicus,Prey,1,1014102.48666667,159775.494666667
Base,76,EngraulisJaponicus,Engraulis japonicus,Prey,1,961429.443,149750.059966667
Base,77,EngraulisJaponicus,Engraulis japonicus,Prey,1,929913.520333334,145790.524333333
Base,78,EngraulisJaponicus,Engraulis japonicus,Prey,1,1039563.28133333,163307.182166667
Base,79,EngraulisJaponicus,Engraulis japonicus,Prey,1,1023215.99433333,160671.2995
Base,80,EngraulisJaponicus,Engraulis japonicus,Prey,1,1010478.13466667,158208.9643
Base,81,EngraulisJaponicus,Engraulis japonicus,Prey,1,965328.428333333,151713.289066667
Base,82,EngraulisJaponicus,Engraulis japonicus,Prey,1,981204.995333333,153807.008333333
Base,83,EngraulisJaponicus,Engraulis japonicus,Prey,1,956731.849,149942.044333333
Base,84,EngraulisJaponicus,Engraulis japonicus,Prey,1,1007200.96533333,158643.3297
Base,85,EngraulisJaponicus,Engraulis japonicus,Prey,1,985041.967333333,155017.017
Base,86,EngraulisJaponicus,Engraulis japonicus,Prey,1,1048549.16633333,166818.624333333
Base,87,EngraulisJaponicus,Engraulis japonicus,Prey,1,1003093.92333333,157932.841333333
Base,88,EngraulisJaponicus,Engraulis japonicus,Prey,1,982753.658,155105.914
Base,89,EngraulisJaponicus,Engraulis japonicus,Prey,1,1031425.72266667,162363.265966667
Base,90,EngraulisJaponicus,Engraulis japonicus,Prey,1,1045405.993,162988.0775
Base,91,EngraulisJaponicus,Engraulis japonicus,Prey,1,1040092.53366667,163708.948
Base,92,EngraulisJaponicus,Engraulis japonicus,Prey,1,965112.615333334,151609.346
Base,93,EngraulisJaponicus,Engraulis japonicus,Prey,1,1007669.94266667,158348.622433333
Base,94,EngraulisJaponicus,Engraulis japonicus,Prey,1,1019532.00666667,160137.292866667
Base,95,EngraulisJaponicus,Engraulis japonicus,Prey,1,1011892.959,159428.045533333
Base,96,EngraulisJaponicus,Engraulis japonicus,Prey,1,908633.791,142405.8636
Base,97,EngraulisJaponicus,Engraulis japonicus,Prey,1,1018248.76933333,160351.487333333
Base,98,EngraulisJaponicus,Engraulis japonicus,Prey,1,1064202.97466667,168065.605
Base,99,EngraulisJaponicus,Engraulis japonicus,Prey,1,1034527.025,162621.983
Base,100,EngraulisJaponicus,Engraulis japonicus,Prey,1,1001879.13566667,157508.417
Base,1,ScomberomorusNiphonius,Scomberomorus niphonius,Predator,2,93431.1619666667,35802.4001333333
Base,2,ScomberomorusNiphonius,Scomberomorus niphonius,Predator,2,93764.2349,35906.3281666667
Base,3,ScomberomorusNiphonius,Scomberomorus niphonius,Predator,2,89121.6039333334,34178.3799333333
Base,4,ScomberomorusNiphonius,Scomberomorus niphonius,Predator,2,95165.9445,36548.2158
Base,5,ScomberomorusNiphonius,Scomberomorus niphonius,Predator,2,91452.1058,34885.3819666667
Base,6,ScomberomorusNiphonius,Scomberomorus niphonius,Predator,2,91748.5234666666,34931.6092
Base,7,ScomberomorusNiphonius,Scomberomorus niphonius,Predator,2,92747.563,35337.8338
Base,8,ScomberomorusNiphonius,Scomberomorus niphonius,Predator,2,94010.8394333333,35984.7537333333
Base,9,ScomberomorusNiphonius,Scomberomorus niphonius,Predator,2,94250.2592666667,36092.8680666667
Base,10,ScomberomorusNiphonius,Scomberomorus niphonius,Predator,2,92541.5530333333,35197.0559333333
Base,11,ScomberomorusNiphonius,Scomberomorus niphonius,Predator,2,90936.1849333334,34821.6902333333
Base,12,ScomberomorusNiphonius,Scomberomorus niphonius,Predator,2,92013.7518,35008.6620666667
Base,13,ScomberomorusNiphonius,Scomberomorus niphonius,Predator,2,91653.8572,35016.2896333333
Base,14,ScomberomorusNiphonius,Scomberomorus niphonius,Predator,2,89925.3317,34344.8498666667
Base,15,ScomberomorusNiphonius,Scomberomorus niphonius,Predator,2,93380.756,35769.4021
Base,16,ScomberomorusNiphonius,Scomberomorus niphonius,Predator,2,90156.6785,34660.044
Base,17,ScomberomorusNiphonius,Scomberomorus niphonius,Predator,2,91915.9712,35205.1765
Base,18,ScomberomorusNiphonius,Scomberomorus niphonius,Predator,2,90551.1563333333,34711.6753
Base,19,ScomberomorusNiphonius,Scomberomorus niphonius,Predator,2,89960.8223666667,34503.9023
Base,20,ScomberomorusNiphonius,Scomberomorus niphonius,Predator,2,94980.8787,36425.2083333333
Base,21,ScomberomorusNiphonius,Scomberomorus niphonius,Predator,2,93582.4391333333,35734.8679333333
Base,22,ScomberomorusNiphonius,Scomberomorus niphonius,Predator,2,90760.7039666667,34771.6526333333
Base,23,ScomberomorusNiphonius,Scomberomorus niphonius,Predator,2,91917.548,35014.2537
Base,24,ScomberomorusNiphonius,Scomberomorus niphonius,Predator,2,89833.6652,34432.4145333333
Base,25,ScomberomorusNiphonius,Scomberomorus niphonius,Predator,2,91417.3687333334,35036.2991666667
Base,26,ScomberomorusNiphonius,Scomberomorus niphonius,Predator,2,90725.2468666667,34558.1253666667
Base,27,ScomberomorusNiphonius,Scomberomorus niphonius,Predator,2,89472.2509666667,34581.9024666667
Base,28,ScomberomorusNiphonius,Scomberomorus niphonius,Predator,2,91044.9875666667,34595.5308
Base,29,ScomberomorusNiphonius,Scomberomorus niphonius,Predator,2,90773.9751,34572.5747333333
Base,30,ScomberomorusNiphonius,Scomberomorus niphonius,Predator,2,90035.7964333333,34473.3605666667
Base,31,ScomberomorusNiphonius,Scomberomorus niphonius,Predator,2,89450.8741666667,34274.5633666667
Base,32,ScomberomorusNiphonius,Scomberomorus niphonius,Predator,2,89490.2989666667,34244.9479666667
Base,33,ScomberomorusNiphonius,Scomberomorus niphonius,Predator,2,94079.7152333334,36014.1907333333
Base,34,ScomberomorusNiphonius,Scomberomorus niphonius,Predator,2,89442.6969666667,34246.7284666667
Base,35,ScomberomorusNiphonius,Scomberomorus niphonius,Predator,2,90037.6220666667,34534.6230333333
Base,36,ScomberomorusNiphonius,Scomberomorus niphonius,Predator,2,91652.4132333333,35237.9972666667
Base,37,ScomberomorusNiphonius,Scomberomorus niphonius,Predator,2,93007.3834,35434.3929666667
Base,38,ScomberomorusNiphonius,Scomberomorus niphonius,Predator,2,94030.1106333333,35986.5553333333
Base,39,ScomberomorusNiphonius,Scomberomorus niphonius,Predator,2,89897.1397666667,34446.597
Base,40,ScomberomorusNiphonius,Scomberomorus niphonius,Predator,2,90214.5882,34655.7358
Base,41,ScomberomorusNiphonius,Scomberomorus niphonius,Predator,2,93188.8527,35503.4606
Base,42,ScomberomorusNiphonius,Scomberomorus niphonius,Predator,2,93702.6873,35821.7335
Base,43,ScomberomorusNiphonius,Scomberomorus niphonius,Predator,2,92306.6387,35195.6625
Base,44,ScomberomorusNiphonius,Scomberomorus niphonius,Predator,2,90322.8158333333,34349.5733
Base,45,ScomberomorusNiphonius,Scomberomorus niphonius,Predator,2,90657.8264666667,34642.9663
Base,46,ScomberomorusNiphonius,Scomberomorus niphonius,Predator,2,95033.8040333333,36595.9756666667
Base,47,ScomberomorusNiphonius,Scomberomorus niphonius,Predator,2,94560.124,35933.8042
Base,48,ScomberomorusNiphonius,Scomberomorus niphonius,Predator,2,92346.5888,35039.4131333333
Base,49,ScomberomorusNiphonius,Scomberomorus niphonius,Predator,2,94162.1833333333,35892.0353333333
Base,50,ScomberomorusNiphonius,Scomberomorus niphonius,Predator,2,89664.1141666667,34486.8770666667
Base,51,ScomberomorusNiphonius,Scomberomorus niphonius,Predator,2,88944.8458333333,33978.9410333333
Base,52,ScomberomorusNiphonius,Scomberomorus niphonius,Predator,2,92066.2909666667,35522.4799333333
Base,53,ScomberomorusNiphonius,Scomberomorus niphonius,Predator,2,90437.9272333333,34516.393
Base,54,ScomberomorusNiphonius,Scomberomorus niphonius,Predator,2,91438.2354,35102.1893333333
Base,55,ScomberomorusNiphonius,Scomberomorus niphonius,Predator,2,92277.8282,35394.0432666667
Base,56,ScomberomorusNiphonius,Scomberomorus niphonius,Predator,2,89866.2254333333,34597.5386333333
Base,57,ScomberomorusNiphonius,Scomberomorus niphonius,Predator,2,91231.9145666667,34847.8122
Base,58,ScomberomorusNiphonius,Scomberomorus niphonius,Predator,2,92718.6351333333,35758.3954666667
Base,59,ScomberomorusNiphonius,Scomberomorus niphonius,Predator,2,91385.2283333333,34979.2186
Base,60,ScomberomorusNiphonius,Scomberomorus niphonius,Predator,2,91329.5619333334,35017.1051
Base,61,ScomberomorusNiphonius,Scomberomorus niphonius,Predator,2,90917.4629666667,34638.4848
Base,62,ScomberomorusNiphonius,Scomberomorus niphonius,Predator,2,90755.4939666667,34832.481
Base,63,ScomberomorusNiphonius,Scomberomorus niphonius,Predator,2,93415.8566666667,35837.6966
Base,64,ScomberomorusNiphonius,Scomberomorus niphonius,Predator,2,93040.8629666667,35558.7856666667
Base,65,ScomberomorusNiphonius,Scomberomorus niphonius,Predator,2,90881.7298,34921.9146333333
Base,66,ScomberomorusNiphonius,Scomberomorus niphonius,Predator,2,92316.5233666666,35371.7989333333
Base,67,ScomberomorusNiphonius,Scomberomorus niphonius,Predator,2,89880.8081,34279.1122333333
Base,68,ScomberomorusNiphonius,Scomberomorus niphonius,Predator,2,92646.0066333333,35530.3217
Base,69,ScomberomorusNiphonius,Scomberomorus niphonius,Predator,2,94128.0671666667,36265.2399
Base,70,ScomberomorusNiphonius,Scomberomorus niphonius,Predator,2,89162.5733,34136.9855333333
Base,71,ScomberomorusNiphonius,Scomberomorus niphonius,Predator,2,92192.3265,35431.4460666667
Base,72,ScomberomorusNiphonius,Scomberomorus niphonius,Predator,2,94521.8974333333,36090.2935333333
Base,73,ScomberomorusNiphonius,Scomberomorus niphonius,Predator,2,91523.2264333333,34970.1697333333
Base,74,ScomberomorusNiphonius,Scomberomorus niphonius,Predator,2,87667.3706333333,33769.2668666667
Base,75,ScomberomorusNiphonius,Scomberomorus niphonius,Predator,2,92094.218,35310.3124666667
Base,76,ScomberomorusNiphonius,Scomberomorus niphonius,Predator,2,94066.1128666667,36109.2538666667
Base,77,ScomberomorusNiphonius,Scomberomorus niphonius,Predator,2,92215.5314,35183.5806
Base,78,ScomberomorusNiphonius,Scomberomorus niphonius,Predator,2,90298.2639,34607.7532666667
Base,79,ScomberomorusNiphonius,Scomberomorus niphonius,Predator,2,88311.7231,33859.6943666667
Base,80,ScomberomorusNiphonius,Scomberomorus niphonius,Predator,2,91578.4344333333,34919.2389333333
Base,81,ScomberomorusNiphonius,Scomberomorus niphonius,Predator,2,93397.1288,35866.6330333333
Base,82,ScomberomorusNiphonius,Scomberomorus niphonius,Predator,2,94491.2418666667,36307.8511
Base,83,ScomberomorusNiphonius,Scomberomorus niphonius,Predator,2,93693.03,35931.2769
Base,84,ScomberomorusNiphonius,Scomberomorus niphonius,Predator,2,91508.2832333334,35001.5445666667
Base,85,ScomberomorusNiphonius,Scomberomorus niphonius,Predator,2,94690.06,36441.4028333333
Base,86,ScomberomorusNiphonius,Scomberomorus niphonius,Predator,2,86980.3378333334,33327.7621666667
Base,87,ScomberomorusNiphonius,Scomberomorus niphonius,Predator,2,91999.1502,34965.0156666667
Base,88,ScomberomorusNiphonius,Scomberomorus niphonius,Predator,2,88467.5437333333,33588.2267
Base,89,ScomberomorusNiphonius,Scomberomorus niphonius,Predator,2,91108.1465333333,34988.5142666667
Base,90,ScomberomorusNiphonius,Scomberomorus niphonius,Predator,2,91216.6684333333,35190.5830666667
Base,91,ScomberomorusNiphonius,Scomberomorus niphonius,Predator,2,89264.8186,34168.0857666667
Base,92,ScomberomorusNiphonius,Scomberomorus niphonius,Predator,2,92685.2078666666,35484.4775666667
Base,93,ScomberomorusNiphonius,Scomberomorus niphonius,Predator,2,92927.4601666667,35481.0976
Base,94,ScomberomorusNiphonius,Scomberomorus niphonius,Predator,2,90671.0787333333,34933.2998666667
Base,95,ScomberomorusNiphonius,Scomberomorus niphonius,Predator,2,92877.5301666667,35619.8359
Base,96,ScomberomorusNiphonius,Scomberomorus niphonius,Predator,2,94299.7185333333,36315.0391
Base,97,ScomberomorusNiphonius,Scomberomorus niphonius,Predator,2,96032.4726,36941.8014
Base,98,ScomberomorusNiphonius,Scomberomorus niphonius,Predator,2,96483.4151333333,36951.6004333333
Base,99,ScomberomorusNiphonius,Scomberomorus niphonius,Predator,2,92121.4706666667,35277.0536333333
Base,100,ScomberomorusNiphonius,Scomberomorus niphonius,Predator,2,90252.5164333333,34159.9157666667
Base,1,TrichiurusJaponicus,Trichiurus japonicus,Predator,3,1633100.31333333,238687.244666667
Base,2,TrichiurusJaponicus,Trichiurus japonicus,Predator,3,1620807.32666667,237782.837666667
Base,3,TrichiurusJaponicus,Trichiurus japonicus,Predator,3,1682547.72666667,245361.964333333
Base,4,TrichiurusJaponicus,Trichiurus japonicus,Predator,3,1633054.99,239140.919666667
Base,5,TrichiurusJaponicus,Trichiurus japonicus,Predator,3,1654925.58333333,241944.644333333
Base,6,TrichiurusJaponicus,Trichiurus japonicus,Predator,3,1691199.45666667,246703.524666667
Base,7,TrichiurusJaponicus,Trichiurus japonicus,Predator,3,1736872.13333333,252060.812666667
Base,8,TrichiurusJaponicus,Trichiurus japonicus,Predator,3,1639501.6,239665.788
Base,9,TrichiurusJaponicus,Trichiurus japonicus,Predator,3,1608913.63,236799.568
Base,10,TrichiurusJaponicus,Trichiurus japonicus,Predator,3,1601805.16666667,235170.771333333
Base,11,TrichiurusJaponicus,Trichiurus japonicus,Predator,3,1636773.83,239654.760333333
Base,12,TrichiurusJaponicus,Trichiurus japonicus,Predator,3,1575035.69,230789.203666667
Base,13,TrichiurusJaponicus,Trichiurus japonicus,Predator,3,1681387.41666667,246253.717333333
Base,14,TrichiurusJaponicus,Trichiurus japonicus,Predator,3,1732249.51666667,253375.788666667
Base,15,TrichiurusJaponicus,Trichiurus japonicus,Predator,3,1761922.27,256579.579
Base,16,TrichiurusJaponicus,Trichiurus japonicus,Predator,3,1725483.56666667,252211.067666667
Base,17,TrichiurusJaponicus,Trichiurus japonicus,Predator,3,1674914.89666667,245305.055666667
Base,18,TrichiurusJaponicus,Trichiurus japonicus,Predator,3,1616137.6,236489.289333333
Base,19,TrichiurusJaponicus,Trichiurus japonicus,Predator,3,1754015,254814.971333333
Base,20,TrichiurusJaponicus,Trichiurus japonicus,Predator,3,1574879.92333333,230982.053666667
Base,21,TrichiurusJaponicus,Trichiurus japonicus,Predator,3,1633454.55333333,238957.772
Base,22,TrichiurusJaponicus,Trichiurus japonicus,Predator,3,1623982.49666667,237953.910333333
Base,23,TrichiurusJaponicus,Trichiurus japonicus,Predator,3,1631938.29666667,238553.401666667
Base,24,TrichiurusJaponicus,Trichiurus japonicus,Predator,3,1544203.60533333,227480.366
Base,25,TrichiurusJaponicus,Trichiurus japonicus,Predator,3,1604209.495,235541.461
Base,26,TrichiurusJaponicus,Trichiurus japonicus,Predator,3,1659824.22333333,242379.251333333
Base,27,TrichiurusJaponicus,Trichiurus japonicus,Predator,3,1634780.65,238902.435666667
Base,28,TrichiurusJaponicus,Trichiurus japonicus,Predator,3,1662258.23666667,243156.159
Base,29,TrichiurusJaponicus,Trichiurus japonicus,Predator,3,1663589.06,243012.282333333
Base,30,TrichiurusJaponicus,Trichiurus japonicus,Predator,3,1627212.54666667,238101.083
Base,31,TrichiurusJaponicus,Trichiurus japonicus,Predator,3,1591750.02666667,233854.461333333
Base,32,TrichiurusJaponicus,Trichiurus japonicus,Predator,3,1721931.21333333,251348.454
Base,33,TrichiurusJaponicus,Trichiurus japonicus,Predator,3,1714604.47,250070.954666667
Base,34,TrichiurusJaponicus,Trichiurus japonicus,Predator,3,1695870.55,247656.919
Base,35,TrichiurusJaponicus,Trichiurus japonicus,Predator,3,1848855.76,268185.572666667
Base,36,TrichiurusJaponicus,Trichiurus japonicus,Predator,3,1628408.9,238038.838666667
Base,37,TrichiurusJaponicus,Trichiurus japonicus,Predator,3,1673517.39333333,244634.415333333
Base,38,TrichiurusJaponicus,Trichiurus japonicus,Predator,3,1710010.28333333,249643.443333333
Base,39,TrichiurusJaponicus,Trichiurus japonicus,Predator,3,1777964.11666667,258481.633666667
Base,40,TrichiurusJaponicus,Trichiurus japonicus,Predator,3,1575345.17666667,231001.180666667
Base,41,TrichiurusJaponicus,Trichiurus japonicus,Predator,3,1600338.15,233812.815666667
Base,42,TrichiurusJaponicus,Trichiurus japonicus,Predator,3,1562869.18333333,229272.030333333
Base,43,TrichiurusJaponicus,Trichiurus japonicus,Predator,3,1601056.03333333,234635.731666667
Base,44,TrichiurusJaponicus,Trichiurus japonicus,Predator,3,1669960.01333333,243824.010333333
Base,45,TrichiurusJaponicus,Trichiurus japonicus,Predator,3,1652633.77333333,241394.452333333
Base,46,TrichiurusJaponicus,Trichiurus japonicus,Predator,3,1649848.77333333,240742.037333333
Base,47,TrichiurusJaponicus,Trichiurus japonicus,Predator,3,1583489.16666667,232730.855333333
Base,48,TrichiurusJaponicus,Trichiurus japonicus,Predator,3,1767462.19,257256.885333333
Base,49,TrichiurusJaponicus,Trichiurus japonicus,Predator,3,1687128.96,245926.308666667
Base,50,TrichiurusJaponicus,Trichiurus japonicus,Predator,3,1723224.79666667,251820.534666667
Base,51,TrichiurusJaponicus,Trichiurus japonicus,Predator,3,1831460.98666667,266342.522
Base,52,TrichiurusJaponicus,Trichiurus japonicus,Predator,3,1662740.99666667,242113.288
Base,53,TrichiurusJaponicus,Trichiurus japonicus,Predator,3,1591621.13,233912.251666667
Base,54,TrichiurusJaponicus,Trichiurus japonicus,Predator,3,1644971.58133333,239718.776
Base,55,TrichiurusJaponicus,Trichiurus japonicus,Predator,3,1642365.14666667,240965.219333333
Base,56,TrichiurusJaponicus,Trichiurus japonicus,Predator,3,1705272.35,248901.103333333
Base,57,TrichiurusJaponicus,Trichiurus japonicus,Predator,3,1684586.16666667,245954.725
Base,58,TrichiurusJaponicus,Trichiurus japonicus,Predator,3,1727646.70666667,251369.901
Base,59,TrichiurusJaponicus,Trichiurus japonicus,Predator,3,1664628.68333333,243379.865333333
Base,60,TrichiurusJaponicus,Trichiurus japonicus,Predator,3,1625272.66,238020.623333333
Base,61,TrichiurusJaponicus,Trichiurus japonicus,Predator,3,1647480.22,240495.086
Base,62,TrichiurusJaponicus,Trichiurus japonicus,Predator,3,1558065.01333333,228395.720666667
Base,63,TrichiurusJaponicus,Trichiurus japonicus,Predator,3,1548196.75,227231.812333333
Base,64,TrichiurusJaponicus,Trichiurus japonicus,Predator,3,1845792.09333333,267312.035333333
Base,65,TrichiurusJaponicus,Trichiurus japonicus,Predator,3,1765566.50666667,256279.031
Base,66,TrichiurusJaponicus,Trichiurus japonicus,Predator,3,1639391.25666667,239988.909333333
Base,67,TrichiurusJaponicus,Trichiurus japonicus,Predator,3,1793384.3,260270.673666667
Base,68,TrichiurusJaponicus,Trichiurus japonicus,Predator,3,1686561.90333333,248328.89
Base,69,TrichiurusJaponicus,Trichiurus japonicus,Predator,3,1731069.85666667,252812.73
Base,70,TrichiurusJaponicus,Trichiurus japonicus,Predator,3,1684189.93833333,245618.680666667
Base,71,TrichiurusJaponicus,Trichiurus japonicus,Predator,3,1681206.86333333,245047.475
Base,72,TrichiurusJaponicus,Trichiurus japonicus,Predator,3,1611465.45,236080.904333333
Base,73,TrichiurusJaponicus,Trichiurus japonicus,Predator,3,1581079.49666667,232337.155333333
Base,74,TrichiurusJaponicus,Trichiurus japonicus,Predator,3,1649114.70666667,240999.964
Base,75,TrichiurusJaponicus,Trichiurus japonicus,Predator,3,1774503.82666667,259142.131666667
Base,76,TrichiurusJaponicus,Trichiurus japonicus,Predator,3,1668671.59333333,243510.389333333
Base,77,TrichiurusJaponicus,Trichiurus japonicus,Predator,3,1631497.32,239168.679666667
Base,78,TrichiurusJaponicus,Trichiurus japonicus,Predator,3,1746290.62333333,253869.501333333
Base,79,TrichiurusJaponicus,Trichiurus japonicus,Predator,3,1713647.73333333,249007.598666667
Base,80,TrichiurusJaponicus,Trichiurus japonicus,Predator,3,1705884.41666667,249079.316333333
Base,81,TrichiurusJaponicus,Trichiurus japonicus,Predator,3,1621224.4,236542.873333333
Base,82,TrichiurusJaponicus,Trichiurus japonicus,Predator,3,1692472.25,247433.033666667
Base,83,TrichiurusJaponicus,Trichiurus japonicus,Predator,3,1578290.21,232117.160666667
Base,84,TrichiurusJaponicus,Trichiurus japonicus,Predator,3,1577691.86666667,231577.604333333
Base,85,TrichiurusJaponicus,Trichiurus japonicus,Predator,3,1689121.51,246593.688666667
Base,86,TrichiurusJaponicus,Trichiurus japonicus,Predator,3,1794160.60666667,261031.183
Base,87,TrichiurusJaponicus,Trichiurus japonicus,Predator,3,1665042.09666667,242439.571333333
Base,88,TrichiurusJaponicus,Trichiurus japonicus,Predator,3,1566467.54666667,230141.248666667
Base,89,TrichiurusJaponicus,Trichiurus japonicus,Predator,3,1684015.95333333,245351.323666667
Base,90,TrichiurusJaponicus,Trichiurus japonicus,Predator,3,1796196.93333333,262115.992666667
Base,91,TrichiurusJaponicus,Trichiurus japonicus,Predator,3,1623697.37333333,238405.707
Base,92,TrichiurusJaponicus,Trichiurus japonicus,Predator,3,1644634.51666667,240687.246666667
Base,93,TrichiurusJaponicus,Trichiurus japonicus,Predator,3,1771925.57333333,258310.476
Base,94,TrichiurusJaponicus,Trichiurus japonicus,Predator,3,1488430.89,218766.766666667
Base,95,TrichiurusJaponicus,Trichiurus japonicus,Predator,3,1598974.57,234735.497333333
Base,96,TrichiurusJaponicus,Trichiurus japonicus,Predator,3,1566564.62666667,228595.3
Base,97,TrichiurusJaponicus,Trichiurus japonicus,Predator,3,1611931.32666667,236018.693
Base,98,TrichiurusJaponicus,Trichiurus japonicus,Predator,3,1556496.84,228377.061
Base,99,TrichiurusJaponicus,Trichiurus japonicus,Predator,3,1729253.65666667,252366.925333333
Base,100,TrichiurusJaponicus,Trichiurus japonicus,Predator,3,1709799.38333333,249852.656666667
Base,1,MuraenesoxCinereus,Muraenesox cinereus,Predator,4,725178.203666667,129332.956
Base,2,MuraenesoxCinereus,Muraenesox cinereus,Predator,4,712120.497333334,127955.498333333
Base,3,MuraenesoxCinereus,Muraenesox cinereus,Predator,4,711875.380333333,126710.130166667
Base,4,MuraenesoxCinereus,Muraenesox cinereus,Predator,4,743708.217333333,133159.061966667
Base,5,MuraenesoxCinereus,Muraenesox cinereus,Predator,4,728769.829666667,130097.437566667
Base,6,MuraenesoxCinereus,Muraenesox cinereus,Predator,4,738742.525333333,131898.804033333
Base,7,MuraenesoxCinereus,Muraenesox cinereus,Predator,4,686066.722666667,122509.480833333
Base,8,MuraenesoxCinereus,Muraenesox cinereus,Predator,4,719639.377333334,128267.618866667
Base,9,MuraenesoxCinereus,Muraenesox cinereus,Predator,4,735671.515333334,131383.5261
Base,10,MuraenesoxCinereus,Muraenesox cinereus,Predator,4,777342.495,139149.624
Base,11,MuraenesoxCinereus,Muraenesox cinereus,Predator,4,716915.789,128513.1006
Base,12,MuraenesoxCinereus,Muraenesox cinereus,Predator,4,763286.973,135996.6414
Base,13,MuraenesoxCinereus,Muraenesox cinereus,Predator,4,721374.117666667,129030.309466667
Base,14,MuraenesoxCinereus,Muraenesox cinereus,Predator,4,708069.987,126345.089566667
Base,15,MuraenesoxCinereus,Muraenesox cinereus,Predator,4,714993.822,127480.3654
Base,16,MuraenesoxCinereus,Muraenesox cinereus,Predator,4,720171.012666667,128357.385866667
Base,17,MuraenesoxCinereus,Muraenesox cinereus,Predator,4,704471.436666667,125444.652633333
Base,18,MuraenesoxCinereus,Muraenesox cinereus,Predator,4,723181.781333333,129690.884933333
Base,19,MuraenesoxCinereus,Muraenesox cinereus,Predator,4,707607.624,126149.496133333
Base,20,MuraenesoxCinereus,Muraenesox cinereus,Predator,4,720695.067,128739.515833333
Base,21,MuraenesoxCinereus,Muraenesox cinereus,Predator,4,699053.544333333,124560.565566667
Base,22,MuraenesoxCinereus,Muraenesox cinereus,Predator,4,729744.188666667,130109.6668
Base,23,MuraenesoxCinereus,Muraenesox cinereus,Predator,4,696460.941333333,124436.585933333
Base,24,MuraenesoxCinereus,Muraenesox cinereus,Predator,4,788266.546333334,140588.944166667
Base,25,MuraenesoxCinereus,Muraenesox cinereus,Predator,4,702714.311333333,125258.3082
Base,26,MuraenesoxCinereus,Muraenesox cinereus,Predator,4,706733.254666667,126141.5336
Base,27,MuraenesoxCinereus,Muraenesox cinereus,Predator,4,718132.625333334,127757.8008
Base,28,MuraenesoxCinereus,Muraenesox cinereus,Predator,4,725030.531333333,129329.137566667
Base,29,MuraenesoxCinereus,Muraenesox cinereus,Predator,4,716881.820333334,128225.5112
Base,30,MuraenesoxCinereus,Muraenesox cinereus,Predator,4,702047.312,125319.339333333
Base,31,MuraenesoxCinereus,Muraenesox cinereus,Predator,4,740903.566,131910.427533333
Base,32,MuraenesoxCinereus,Muraenesox cinereus,Predator,4,750809.364666667,133958.5095
Base,33,MuraenesoxCinereus,Muraenesox cinereus,Predator,4,713983.547666667,128048.710333333
Base,34,MuraenesoxCinereus,Muraenesox cinereus,Predator,4,700712.556,124559.399933333
Base,35,MuraenesoxCinereus,Muraenesox cinereus,Predator,4,711029.278,126041.6717
Base,36,MuraenesoxCinereus,Muraenesox cinereus,Predator,4,701067.625,125208.164866667
Base,37,MuraenesoxCinereus,Muraenesox cinereus,Predator,4,710708.024333333,127071.564866667
Base,38,MuraenesoxCinereus,Muraenesox cinereus,Predator,4,712104.404,126429.561966667
Base,39,MuraenesoxCinereus,Muraenesox cinereus,Predator,4,690529.693333333,122755.4302
Base,40,MuraenesoxCinereus,Muraenesox cinereus,Predator,4,743181.263666667,132222.904033333
Base,41,MuraenesoxCinereus,Muraenesox cinereus,Predator,4,693774.295,123545.6442
Base,42,MuraenesoxCinereus,Muraenesox cinereus,Predator,4,710107.733666667,126545.443133333
Base,43,MuraenesoxCinereus,Muraenesox cinereus,Predator,4,731097.596,130138.036133333
Base,44,MuraenesoxCinereus,Muraenesox cinereus,Predator,4,709762.592666667,126154.155166667
Base,45,MuraenesoxCinereus,Muraenesox cinereus,Predator,4,694410.447,123885.819733333
Base,46,MuraenesoxCinereus,Muraenesox cinereus,Predator,4,682527.859333333,122159.289966667
Base,47,MuraenesoxCinereus,Muraenesox cinereus,Predator,4,735588.759666667,131439.9719
Base,48,MuraenesoxCinereus,Muraenesox cinereus,Predator,4,707613.151333333,126807.375633333
Base,49,MuraenesoxCinereus,Muraenesox cinereus,Predator,4,707913.391666667,126345.722
Base,50,MuraenesoxCinereus,Muraenesox cinereus,Predator,4,700440.516,125378.357433333
Base,51,MuraenesoxCinereus,Muraenesox cinereus,Predator,4,692783.258333334,123317.882
Base,52,MuraenesoxCinereus,Muraenesox cinereus,Predator,4,729424.51,130459.8435
Base,53,MuraenesoxCinereus,Muraenesox cinereus,Predator,4,728277.443333333,130167.959
Base,54,MuraenesoxCinereus,Muraenesox cinereus,Predator,4,711860.725333334,127032.053933333
Base,55,MuraenesoxCinereus,Muraenesox cinereus,Predator,4,726216.856333334,129571.005466667
Base,56,MuraenesoxCinereus,Muraenesox cinereus,Predator,4,737844.722,132158.201066667
Base,57,MuraenesoxCinereus,Muraenesox cinereus,Predator,4,713171.214,127209.369333333
Base,58,MuraenesoxCinereus,Muraenesox cinereus,Predator,4,720051.129,128430.315933333
Base,59,MuraenesoxCinereus,Muraenesox cinereus,Predator,4,720097.210333334,128461.322466667
Base,60,MuraenesoxCinereus,Muraenesox cinereus,Predator,4,712311.699333333,127211.8713
Base,61,MuraenesoxCinereus,Muraenesox cinereus,Predator,4,728417.893,130297.428033333
Base,62,MuraenesoxCinereus,Muraenesox cinereus,Predator,4,721399.423,128758.100566667
Base,63,MuraenesoxCinereus,Muraenesox cinereus,Predator,4,762909.786,135903.8342
Base,64,MuraenesoxCinereus,Muraenesox cinereus,Predator,4,690674.860333333,123494.832866667
Base,65,MuraenesoxCinereus,Muraenesox cinereus,Predator,4,708938.656,126368.3985
Base,66,MuraenesoxCinereus,Muraenesox cinereus,Predator,4,726210.572333333,129313.4962
Base,67,MuraenesoxCinereus,Muraenesox cinereus,Predator,4,699224.896333333,124673.4268
Base,68,MuraenesoxCinereus,Muraenesox cinereus,Predator,4,706248.754,125675.791966667
Base,69,MuraenesoxCinereus,Muraenesox cinereus,Predator,4,729261.869,130134.148266667
Base,70,MuraenesoxCinereus,Muraenesox cinereus,Predator,4,712286.269,127120.304533333
Base,71,MuraenesoxCinereus,Muraenesox cinereus,Predator,4,654618.715666667,116906.250766667
Base,72,MuraenesoxCinereus,Muraenesox cinereus,Predator,4,742718.001,132149.906666667
Base,73,MuraenesoxCinereus,Muraenesox cinereus,Predator,4,757870.674,135477.814
Base,74,MuraenesoxCinereus,Muraenesox cinereus,Predator,4,734716.211333333,131399.024333333
Base,75,MuraenesoxCinereus,Muraenesox cinereus,Predator,4,688486.366333333,122706.482033333
Base,76,MuraenesoxCinereus,Muraenesox cinereus,Predator,4,734366.815,131149.5015
Base,77,MuraenesoxCinereus,Muraenesox cinereus,Predator,4,728000.711,129487.4777
Base,78,MuraenesoxCinereus,Muraenesox cinereus,Predator,4,712103.768333334,127279.170333333
Base,79,MuraenesoxCinereus,Muraenesox cinereus,Predator,4,700455.833666667,124849.256166667
Base,80,MuraenesoxCinereus,Muraenesox cinereus,Predator,4,697172.973,124379.260733333
Base,81,MuraenesoxCinereus,Muraenesox cinereus,Predator,4,720840.042666667,127933.597166667
Base,82,MuraenesoxCinereus,Muraenesox cinereus,Predator,4,717295.882333333,128538.168333333
Base,83,MuraenesoxCinereus,Muraenesox cinereus,Predator,4,750371.74,133854.833
Base,84,MuraenesoxCinereus,Muraenesox cinereus,Predator,4,731161.613666667,130187.620333333
Base,85,MuraenesoxCinereus,Muraenesox cinereus,Predator,4,732271.179,129986.803666667
Base,86,MuraenesoxCinereus,Muraenesox cinereus,Predator,4,703475.225666667,125981.516866667
Base,87,MuraenesoxCinereus,Muraenesox cinereus,Predator,4,714641.106666667,127145.916766667
Base,88,MuraenesoxCinereus,Muraenesox cinereus,Predator,4,746673.486,133430.975933333
Base,89,MuraenesoxCinereus,Muraenesox cinereus,Predator,4,690103.651666667,123361.8605
Base,90,MuraenesoxCinereus,Muraenesox cinereus,Predator,4,736913.21,131283.926266667
Base,91,MuraenesoxCinereus,Muraenesox cinereus,Predator,4,749663.799666667,134022.826666667
Base,92,MuraenesoxCinereus,Muraenesox cinereus,Predator,4,705795.766666667,125672.6005
Base,93,MuraenesoxCinereus,Muraenesox cinereus,Predator,4,689783.333666667,122577.7176
Base,94,MuraenesoxCinereus,Muraenesox cinereus,Predator,4,745422.829666667,133124.467
Base,95,MuraenesoxCinereus,Muraenesox cinereus,Predator,4,744932.478333333,133437.295
Base,96,MuraenesoxCinereus,Muraenesox cinereus,Predator,4,750982.195666667,134144.285266667
Base,97,MuraenesoxCinereus,Muraenesox cinereus,Predator,4,687775.356,122828.576333333
Base,98,MuraenesoxCinereus,Muraenesox cinereus,Predator,4,750313.603,134617.145966667
Base,99,MuraenesoxCinereus,Muraenesox cinereus,Predator,4,706438.701666667,126096.565233333
Base,100,MuraenesoxCinereus,Muraenesox cinereus,Predator,4,740433.732333333,131951.516666667
Base,1,MiichthysMiiuy,Miichthys miiuy,Predator,5,68086.2997333333,25255.9687666667
Base,2,MiichthysMiiuy,Miichthys miiuy,Predator,5,56603.2553666667,20887.7504
Base,3,MiichthysMiiuy,Miichthys miiuy,Predator,5,63629.5242333333,23917.2358
Base,4,MiichthysMiiuy,Miichthys miiuy,Predator,5,64180.6898333333,23598.4670333333
Base,5,MiichthysMiiuy,Miichthys miiuy,Predator,5,63218.0282,23515.9721666667
Base,6,MiichthysMiiuy,Miichthys miiuy,Predator,5,65430.4777666667,24046.2264666667
Base,7,MiichthysMiiuy,Miichthys miiuy,Predator,5,61064.3749666667,22294.9129666667
Base,8,MiichthysMiiuy,Miichthys miiuy,Predator,5,62563.2177333333,23032.8097333333
Base,9,MiichthysMiiuy,Miichthys miiuy,Predator,5,66614.2779,24985.1861
Base,10,MiichthysMiiuy,Miichthys miiuy,Predator,5,59552.5881666667,22814.2047
Base,11,MiichthysMiiuy,Miichthys miiuy,Predator,5,70612.0335666667,25896.0673333333
Base,12,MiichthysMiiuy,Miichthys miiuy,Predator,5,61120.0774333333,22744.8753233333
Base,13,MiichthysMiiuy,Miichthys miiuy,Predator,5,63126.0147,23221.0953666667
Base,14,MiichthysMiiuy,Miichthys miiuy,Predator,5,75755.6217,29350.3801
Base,15,MiichthysMiiuy,Miichthys miiuy,Predator,5,64201.2927333334,24552.1312666667
Base,16,MiichthysMiiuy,Miichthys miiuy,Predator,5,68676.4687666667,25833.5171666667
Base,17,MiichthysMiiuy,Miichthys miiuy,Predator,5,69096.9489333333,25526.9066
Base,18,MiichthysMiiuy,Miichthys miiuy,Predator,5,62038.4593,22896.7172
Base,19,MiichthysMiiuy,Miichthys miiuy,Predator,5,65430.4595333333,23821.2839333333
Base,20,MiichthysMiiuy,Miichthys miiuy,Predator,5,75155.1304666667,28093.1759666667
Base,21,MiichthysMiiuy,Miichthys miiuy,Predator,5,69337.6219333334,26254.9841333333
Base,22,MiichthysMiiuy,Miichthys miiuy,Predator,5,63349.6832333333,23698.6205333333
Base,23,MiichthysMiiuy,Miichthys miiuy,Predator,5,69176.0860333333,25532.8215
Base,24,MiichthysMiiuy,Miichthys miiuy,Predator,5,71848.8793333334,26389.5478333333
Base,25,MiichthysMiiuy,Miichthys miiuy,Predator,5,64250.8603666667,23025.4766
Base,26,MiichthysMiiuy,Miichthys miiuy,Predator,5,66364.2378666667,24990.6925333333
Base,27,MiichthysMiiuy,Miichthys miiuy,Predator,5,71635.0583333333,27385.904
Base,28,MiichthysMiiuy,Miichthys miiuy,Predator,5,65467.1490666667,24576.88825
Base,29,MiichthysMiiuy,Miichthys miiuy,Predator,5,74179.3177666667,27227.9861
Base,30,MiichthysMiiuy,Miichthys miiuy,Predator,5,68071.4521666667,25633.4215666667
Base,31,MiichthysMiiuy,Miichthys miiuy,Predator,5,66831.8020333333,25058.0417666667
Base,32,MiichthysMiiuy,Miichthys miiuy,Predator,5,61986.2262666667,22574.9467333333
Base,33,MiichthysMiiuy,Miichthys miiuy,Predator,5,69166.5597666667,25631.4635333333
Base,34,MiichthysMiiuy,Miichthys miiuy,Predator,5,62353.6050333333,22854.9335666667
Base,35,MiichthysMiiuy,Miichthys miiuy,Predator,5,64943.3992666667,24269.0414
Base,36,MiichthysMiiuy,Miichthys miiuy,Predator,5,70796.8553666666,26759.4479333333
Base,37,MiichthysMiiuy,Miichthys miiuy,Predator,5,64108.8262,24312.5689666667
Base,38,MiichthysMiiuy,Miichthys miiuy,Predator,5,70945.8354333334,26706.9799666667
Base,39,MiichthysMiiuy,Miichthys miiuy,Predator,5,64791.3621666667,24219.7420333333
Base,40,MiichthysMiiuy,Miichthys miiuy,Predator,5,67200.4584666667,24942.2716
Base,41,MiichthysMiiuy,Miichthys miiuy,Predator,5,74982.2488333333,27812.2841333333
Base,42,MiichthysMiiuy,Miichthys miiuy,Predator,5,70215.8724333333,26261.5257333333
Base,43,MiichthysMiiuy,Miichthys miiuy,Predator,5,64008.8635666667,23401.1678
Base,44,MiichthysMiiuy,Miichthys miiuy,Predator,5,62894.5542,22643.5308666667
Base,45,MiichthysMiiuy,Miichthys miiuy,Predator,5,74997.6606,28133.9876666667
Base,46,MiichthysMiiuy,Miichthys miiuy,Predator,5,72575.9953333334,27814.8366
Base,47,MiichthysMiiuy,Miichthys miiuy,Predator,5,65768.8711,24987.8511666667
Base,48,MiichthysMiiuy,Miichthys miiuy,Predator,5,69754.7158666667,26123.1464
Base,49,MiichthysMiiuy,Miichthys miiuy,Predator,5,61384.8859333333,22574.9254
Base,50,MiichthysMiiuy,Miichthys miiuy,Predator,5,66149.4131333333,24153.1237333333
Base,51,MiichthysMiiuy,Miichthys miiuy,Predator,5,63851.1861333334,23084.6452
Base,52,MiichthysMiiuy,Miichthys miiuy,Predator,5,62122.3218,22899.9089333333
Base,53,MiichthysMiiuy,Miichthys miiuy,Predator,5,65234.6623666667,24083.4122666667
Base,54,MiichthysMiiuy,Miichthys miiuy,Predator,5,64225.6644666667,24124.8196333333
Base,55,MiichthysMiiuy,Miichthys miiuy,Predator,5,72968.0598,26536.4636666667
Base,56,MiichthysMiiuy,Miichthys miiuy,Predator,5,64417.7402,24011.8009333333
Base,57,MiichthysMiiuy,Miichthys miiuy,Predator,5,71661.5396,25978.9966166667
Base,58,MiichthysMiiuy,Miichthys miiuy,Predator,5,67126.3713666667,24209.9661666667
Base,59,MiichthysMiiuy,Miichthys miiuy,Predator,5,62659.3844,23281.0923333333
Base,60,MiichthysMiiuy,Miichthys miiuy,Predator,5,63392.6642666667,24054.5296333333
Base,61,MiichthysMiiuy,Miichthys miiuy,Predator,5,55396.6461333333,20577.4429666667
Base,62,MiichthysMiiuy,Miichthys miiuy,Predator,5,65869.4265666667,24327.387
Base,63,MiichthysMiiuy,Miichthys miiuy,Predator,5,56284.4420666667,21044.4633
Base,64,MiichthysMiiuy,Miichthys miiuy,Predator,5,74965.6311333333,27867.1495333333
Base,65,MiichthysMiiuy,Miichthys miiuy,Predator,5,72340.6288,27288.0517333333
Base,66,MiichthysMiiuy,Miichthys miiuy,Predator,5,73493.6064,27908.7342666667
Base,67,MiichthysMiiuy,Miichthys miiuy,Predator,5,61451.7115,22894.70935
Base,68,MiichthysMiiuy,Miichthys miiuy,Predator,5,71671.8914666667,26757.3912666667
Base,69,MiichthysMiiuy,Miichthys miiuy,Predator,5,64377.4131,24463.9496666667
Base,70,MiichthysMiiuy,Miichthys miiuy,Predator,5,68778.6733333333,25526.2383666667
Base,71,MiichthysMiiuy,Miichthys miiuy,Predator,5,60438.4364666667,22295.0939333333
Base,72,MiichthysMiiuy,Miichthys miiuy,Predator,5,62384.196,22932.4769
Base,73,MiichthysMiiuy,Miichthys miiuy,Predator,5,64302.2198,24327.5881666667
Base,74,MiichthysMiiuy,Miichthys miiuy,Predator,5,68296.9607,25462.2530666667
Base,75,MiichthysMiiuy,Miichthys miiuy,Predator,5,65082.0008333333,25029.2670666667
Base,76,MiichthysMiiuy,Miichthys miiuy,Predator,5,65926.4422666667,24995.4036
Base,77,MiichthysMiiuy,Miichthys miiuy,Predator,5,66637.3867333333,24898.1144
Base,78,MiichthysMiiuy,Miichthys miiuy,Predator,5,63301.0012,23371.7213666667
Base,79,MiichthysMiiuy,Miichthys miiuy,Predator,5,70719.3040333333,26127.5921833333
Base,80,MiichthysMiiuy,Miichthys miiuy,Predator,5,63285.9739,23662.9536666667
Base,81,MiichthysMiiuy,Miichthys miiuy,Predator,5,62533.1794333334,23011.1177666667
Base,82,MiichthysMiiuy,Miichthys miiuy,Predator,5,56917.3045333334,20589.0055666667
Base,83,MiichthysMiiuy,Miichthys miiuy,Predator,5,64477.9488666667,24029.4491333333
Base,84,MiichthysMiiuy,Miichthys miiuy,Predator,5,66366.8583,24270.5326333333
Base,85,MiichthysMiiuy,Miichthys miiuy,Predator,5,58538.9019666667,21657.8503
Base,86,MiichthysMiiuy,Miichthys miiuy,Predator,5,63411.1454333333,23611.6853
Base,87,MiichthysMiiuy,Miichthys miiuy,Predator,5,69023.6754666667,26474.1720333333
Base,88,MiichthysMiiuy,Miichthys miiuy,Predator,5,66288.6179,24209.1616333333
Base,89,MiichthysMiiuy,Miichthys miiuy,Predator,5,67717.3268333333,25292.2886
Base,90,MiichthysMiiuy,Miichthys miiuy,Predator,5,69408.3197333333,25880.0940666667
Base,91,MiichthysMiiuy,Miichthys miiuy,Predator,5,60547.5027333333,22819.6779
Base,92,MiichthysMiiuy,Miichthys miiuy,Predator,5,67787.1347,25391.0269166667
Base,93,MiichthysMiiuy,Miichthys miiuy,Predator,5,70028.2208666667,26322.8093333333
Base,94,MiichthysMiiuy,Miichthys miiuy,Predator,5,65565.6794,24481.5221333333
Base,95,MiichthysMiiuy,Miichthys miiuy,Predator,5,67536.1039666667,25034.3802
Base,96,MiichthysMiiuy,Miichthys miiuy,Predator,5,56710.6656,21384.5974333333
Base,97,MiichthysMiiuy,Miichthys miiuy,Predator,5,71404.7578333334,26617.6400666667
Base,98,MiichthysMiiuy,Miichthys miiuy,Predator,5,66233.0999666667,24396.7695333333
Base,99,MiichthysMiiuy,Miichthys miiuy,Predator,5,67176.8259333333,24747.1162333333
Base,100,MiichthysMiiuy,Miichthys miiuy,Predator,5,65670.5212666667,24478.2804
Base,1,TodarodesPacificus,Todarodes pacificus,Invertebrate,6,836205.747666667,142064.411533333
Base,2,TodarodesPacificus,Todarodes pacificus,Invertebrate,6,843224.138666667,142749.435
Base,3,TodarodesPacificus,Todarodes pacificus,Invertebrate,6,801912.105666667,137173.874033333
Base,4,TodarodesPacificus,Todarodes pacificus,Invertebrate,6,798859.293333333,136444.864333333
Base,5,TodarodesPacificus,Todarodes pacificus,Invertebrate,6,851474.328666667,144547.649866667
Base,6,TodarodesPacificus,Todarodes pacificus,Invertebrate,6,873079.683666667,147851.498566667
Base,7,TodarodesPacificus,Todarodes pacificus,Invertebrate,6,815003.510666667,139349.917166667
Base,8,TodarodesPacificus,Todarodes pacificus,Invertebrate,6,930643.09,158480.352333333
Base,9,TodarodesPacificus,Todarodes pacificus,Invertebrate,6,784517.302,134360.786666667
Base,10,TodarodesPacificus,Todarodes pacificus,Invertebrate,6,896056.888666667,152940.673133333
Base,11,TodarodesPacificus,Todarodes pacificus,Invertebrate,6,889008.594,151005.375666667
Base,12,TodarodesPacificus,Todarodes pacificus,Invertebrate,6,791930.381,135134.154166667
Base,13,TodarodesPacificus,Todarodes pacificus,Invertebrate,6,890050.488,151115.7083
Base,14,TodarodesPacificus,Todarodes pacificus,Invertebrate,6,746085.140333333,128579.877666667
Base,15,TodarodesPacificus,Todarodes pacificus,Invertebrate,6,813759.891,138776.451
Base,16,TodarodesPacificus,Todarodes pacificus,Invertebrate,6,824165.219666667,140335.8698
Base,17,TodarodesPacificus,Todarodes pacificus,Invertebrate,6,849959.49,143741.771
Base,18,TodarodesPacificus,Todarodes pacificus,Invertebrate,6,867857.835666666,147267.232866667
Base,19,TodarodesPacificus,Todarodes pacificus,Invertebrate,6,852200.57,143749.289333333
Base,20,TodarodesPacificus,Todarodes pacificus,Invertebrate,6,862759.080333334,146109.491833333
Base,21,TodarodesPacificus,Todarodes pacificus,Invertebrate,6,839074.036666667,142555.918633333
Base,22,TodarodesPacificus,Todarodes pacificus,Invertebrate,6,910897.312666667,153586.280333333
Base,23,TodarodesPacificus,Todarodes pacificus,Invertebrate,6,791697.758,134737.150366667
Base,24,TodarodesPacificus,Todarodes pacificus,Invertebrate,6,848333.901333333,144475.219733333
Base,25,TodarodesPacificus,Todarodes pacificus,Invertebrate,6,862197.745666667,146452.766666667
Base,26,TodarodesPacificus,Todarodes pacificus,Invertebrate,6,870673.648333334,148209.2333
Base,27,TodarodesPacificus,Todarodes pacificus,Invertebrate,6,839221.388666667,143525.904566667
Base,28,TodarodesPacificus,Todarodes pacificus,Invertebrate,6,819388.749,139246.184
Base,29,TodarodesPacificus,Todarodes pacificus,Invertebrate,6,851035.522666667,144718.858033333
Base,30,TodarodesPacificus,Todarodes pacificus,Invertebrate,6,939699.290666667,159977.503333333
Base,31,TodarodesPacificus,Todarodes pacificus,Invertebrate,6,882692.455,148381.349866667
Base,32,TodarodesPacificus,Todarodes pacificus,Invertebrate,6,855022.654,145232.0218
Base,33,TodarodesPacificus,Todarodes pacificus,Invertebrate,6,795716.456333333,135393.185966667
Base,34,TodarodesPacificus,Todarodes pacificus,Invertebrate,6,858102.571666667,146213.5294
Base,35,TodarodesPacificus,Todarodes pacificus,Invertebrate,6,881384.528333334,151091.516866667
Base,36,TodarodesPacificus,Todarodes pacificus,Invertebrate,6,847183.478,143485.652333333
Base,37,TodarodesPacificus,Todarodes pacificus,Invertebrate,6,894728.429666667,151801.0152
Base,38,TodarodesPacificus,Todarodes pacificus,Invertebrate,6,833444.318333334,142493.775333333
Base,39,TodarodesPacificus,Todarodes pacificus,Invertebrate,6,875757.743333333,147359.905966667
Base,40,TodarodesPacificus,Todarodes pacificus,Invertebrate,6,886565.875,151557.922666667
Base,41,TodarodesPacificus,Todarodes pacificus,Invertebrate,6,840906.166,142173.671166667
Base,42,TodarodesPacificus,Todarodes pacificus,Invertebrate,6,870929.299,148138.144833333
Base,43,TodarodesPacificus,Todarodes pacificus,Invertebrate,6,786212.787333333,134545.334566667
Base,44,TodarodesPacificus,Todarodes pacificus,Invertebrate,6,833813.168333334,142045.922933333
Base,45,TodarodesPacificus,Todarodes pacificus,Invertebrate,6,807464.224666667,137830.452666667
Base,46,TodarodesPacificus,Todarodes pacificus,Invertebrate,6,938956.898333334,158786.857966667
Base,47,TodarodesPacificus,Todarodes pacificus,Invertebrate,6,841942.233333334,143185.591633333
Base,48,TodarodesPacificus,Todarodes pacificus,Invertebrate,6,840167.561666667,142059.661333333
Base,49,TodarodesPacificus,Todarodes pacificus,Invertebrate,6,828348.731666667,141021.835133333
Base,50,TodarodesPacificus,Todarodes pacificus,Invertebrate,6,911001.127333334,155302.076033333
Base,51,TodarodesPacificus,Todarodes pacificus,Invertebrate,6,860310.03,145521.876533333
Base,52,TodarodesPacificus,Todarodes pacificus,Invertebrate,6,914031.784,155100.159333333
Base,53,TodarodesPacificus,Todarodes pacificus,Invertebrate,6,806142.746,138042.571333333
Base,54,TodarodesPacificus,Todarodes pacificus,Invertebrate,6,858979.402,144561.080333333
Base,55,TodarodesPacificus,Todarodes pacificus,Invertebrate,6,920887.626666667,155895.519666667
Base,56,TodarodesPacificus,Todarodes pacificus,Invertebrate,6,849000.458333333,144362.881333333
Base,57,TodarodesPacificus,Todarodes pacificus,Invertebrate,6,854445.881666667,144492.580866667
Base,58,TodarodesPacificus,Todarodes pacificus,Invertebrate,6,833316.913333333,141972.876666667
Base,59,TodarodesPacificus,Todarodes pacificus,Invertebrate,6,902162.813333333,152030.784333333
Base,60,TodarodesPacificus,Todarodes pacificus,Invertebrate,6,790799.498666667,134508.138333333
Base,61,TodarodesPacificus,Todarodes pacificus,Invertebrate,6,850972.917,145328.867833333
Base,62,TodarodesPacificus,Todarodes pacificus,Invertebrate,6,848124.557666667,142787.253633333
Base,63,TodarodesPacificus,Todarodes pacificus,Invertebrate,6,829368.176,142220.577466667
Base,64,TodarodesPacificus,Todarodes pacificus,Invertebrate,6,923677.255666667,156227.317733333
Base,65,TodarodesPacificus,Todarodes pacificus,Invertebrate,6,917926.238333333,155805.195733333
Base,66,TodarodesPacificus,Todarodes pacificus,Invertebrate,6,811484.156,139697.392166667
Base,67,TodarodesPacificus,Todarodes pacificus,Invertebrate,6,877891.749666667,148853.1022
Base,68,TodarodesPacificus,Todarodes pacificus,Invertebrate,6,825551.943,140016.280833333
Base,69,TodarodesPacificus,Todarodes pacificus,Invertebrate,6,831028.846666667,140892.669233333
Base,70,TodarodesPacificus,Todarodes pacificus,Invertebrate,6,839980.272666667,142661.1983
Base,71,TodarodesPacificus,Todarodes pacificus,Invertebrate,6,779472.753,131774.508133333
Base,72,TodarodesPacificus,Todarodes pacificus,Invertebrate,6,861898.760333333,146548.858333333
Base,73,TodarodesPacificus,Todarodes pacificus,Invertebrate,6,818876.143333334,140977.451833333
Base,74,TodarodesPacificus,Todarodes pacificus,Invertebrate,6,900431.885,151887.719
Base,75,TodarodesPacificus,Todarodes pacificus,Invertebrate,6,868997.669,147456.980333333
Base,76,TodarodesPacificus,Todarodes pacificus,Invertebrate,6,871009.155666667,147377.170866667
Base,77,TodarodesPacificus,Todarodes pacificus,Invertebrate,6,891769.903666667,151409.3033
Base,78,TodarodesPacificus,Todarodes pacificus,Invertebrate,6,807837.598333333,137278.867866667
Base,79,TodarodesPacificus,Todarodes pacificus,Invertebrate,6,860901.410666667,145921.292333333
Base,80,TodarodesPacificus,Todarodes pacificus,Invertebrate,6,838866.156333333,142701.978733333
Base,81,TodarodesPacificus,Todarodes pacificus,Invertebrate,6,912986.474,153926.217066667
Base,82,TodarodesPacificus,Todarodes pacificus,Invertebrate,6,806871.359333334,138176.722266667
Base,83,TodarodesPacificus,Todarodes pacificus,Invertebrate,6,876392.973333334,147986.7765
Base,84,TodarodesPacificus,Todarodes pacificus,Invertebrate,6,875584.839666667,149435.168133333
Base,85,TodarodesPacificus,Todarodes pacificus,Invertebrate,6,839653.185,143338.914933333
Base,86,TodarodesPacificus,Todarodes pacificus,Invertebrate,6,865772.591,147649.056766667
Base,87,TodarodesPacificus,Todarodes pacificus,Invertebrate,6,817394.474,139461.4812
Base,88,TodarodesPacificus,Todarodes pacificus,Invertebrate,6,857165.536333334,145240.0043
Base,89,TodarodesPacificus,Todarodes pacificus,Invertebrate,6,867820.626333333,147183.7078
Base,90,TodarodesPacificus,Todarodes pacificus,Invertebrate,6,747879.844666667,129824.0849
Base,91,TodarodesPacificus,Todarodes pacificus,Invertebrate,6,769342.832,131697.0552
Base,92,TodarodesPacificus,Todarodes pacificus,Invertebrate,6,802548.628666667,136752.797666667
Base,93,TodarodesPacificus,Todarodes pacificus,Invertebrate,6,827618.596,140603.4127
Base,94,TodarodesPacificus,Todarodes pacificus,Invertebrate,6,912110.286666667,154557.7865
Base,95,TodarodesPacificus,Todarodes pacificus,Invertebrate,6,814575.126333333,138911.4338
Base,96,TodarodesPacificus,Todarodes pacificus,Invertebrate,6,878481.701333333,149583.046333333
Base,97,TodarodesPacificus,Todarodes pacificus,Invertebrate,6,846302.570666667,143625.646166667
Base,98,TodarodesPacificus,Todarodes pacificus,Invertebrate,6,788573.366,135520.8749
Base,99,TodarodesPacificus,Todarodes pacificus,Invertebrate,6,872119.545333333,148486.508533333
Base,100,TodarodesPacificus,Todarodes pacificus,Invertebrate,6,840010.223,143768.441366667
Base,1,TrachysalambriaCurvirostris,Trachysalambria curvirostris,Invertebrate,7,242938.489333333,81635.9180333333
Base,2,TrachysalambriaCurvirostris,Trachysalambria curvirostris,Invertebrate,7,245750.806666667,82346.4104
Base,3,TrachysalambriaCurvirostris,Trachysalambria curvirostris,Invertebrate,7,321584.599666667,106535.531966667
Base,4,TrachysalambriaCurvirostris,Trachysalambria curvirostris,Invertebrate,7,250846.057,83743.2106333334
Base,5,TrachysalambriaCurvirostris,Trachysalambria curvirostris,Invertebrate,7,257041.338666667,85558.8837666667
Base,6,TrachysalambriaCurvirostris,Trachysalambria curvirostris,Invertebrate,7,249638.139333333,83663.5166666667
Base,7,TrachysalambriaCurvirostris,Trachysalambria curvirostris,Invertebrate,7,274674.229,92690.4719333334
Base,8,TrachysalambriaCurvirostris,Trachysalambria curvirostris,Invertebrate,7,247915.133333333,82548.7854333333
Base,9,TrachysalambriaCurvirostris,Trachysalambria curvirostris,Invertebrate,7,258706.437666667,87252.7969666667
Base,10,TrachysalambriaCurvirostris,Trachysalambria curvirostris,Invertebrate,7,250099.023666667,84140.8733333333
Base,11,TrachysalambriaCurvirostris,Trachysalambria curvirostris,Invertebrate,7,266473.523333333,88075.2832666667
Base,12,TrachysalambriaCurvirostris,Trachysalambria curvirostris,Invertebrate,7,240978.398133333,79797.6389666667
Base,13,TrachysalambriaCurvirostris,Trachysalambria curvirostris,Invertebrate,7,267607.140666667,88596.3313333334
Base,14,TrachysalambriaCurvirostris,Trachysalambria curvirostris,Invertebrate,7,254302.314666667,85029.9369666667
Base,15,TrachysalambriaCurvirostris,Trachysalambria curvirostris,Invertebrate,7,252185.625333333,84664.0064333334
Base,16,TrachysalambriaCurvirostris,Trachysalambria curvirostris,Invertebrate,7,260722.853333333,86142.7153
Base,17,TrachysalambriaCurvirostris,Trachysalambria curvirostris,Invertebrate,7,281818.277666667,95050.6045333333
Base,18,TrachysalambriaCurvirostris,Trachysalambria curvirostris,Invertebrate,7,258044.624,85844.7078333333
Base,19,TrachysalambriaCurvirostris,Trachysalambria curvirostris,Invertebrate,7,255520.816333333,85225.1059
Base,20,TrachysalambriaCurvirostris,Trachysalambria curvirostris,Invertebrate,7,258868.274,86561.6963
Base,21,TrachysalambriaCurvirostris,Trachysalambria curvirostris,Invertebrate,7,281876.902,94273.7784666667
Base,22,TrachysalambriaCurvirostris,Trachysalambria curvirostris,Invertebrate,7,235948.132,79825.8879333333
Base,23,TrachysalambriaCurvirostris,Trachysalambria curvirostris,Invertebrate,7,282729.556666667,94040.3393666667
Base,24,TrachysalambriaCurvirostris,Trachysalambria curvirostris,Invertebrate,7,232139.614166667,78602.5785333333
Base,25,TrachysalambriaCurvirostris,Trachysalambria curvirostris,Invertebrate,7,260457.772666667,86813.8461666667
Base,26,TrachysalambriaCurvirostris,Trachysalambria curvirostris,Invertebrate,7,240442.674333333,80092.933
Base,27,TrachysalambriaCurvirostris,Trachysalambria curvirostris,Invertebrate,7,243765.522333333,82655.9906333333
Base,28,TrachysalambriaCurvirostris,Trachysalambria curvirostris,Invertebrate,7,259254.141,85956.7281
Base,29,TrachysalambriaCurvirostris,Trachysalambria curvirostris,Invertebrate,7,272417.675666667,90270.5631666667
Base,30,TrachysalambriaCurvirostris,Trachysalambria curvirostris,Invertebrate,7,263812.179466667,88519.5389333333
Base,31,TrachysalambriaCurvirostris,Trachysalambria curvirostris,Invertebrate,7,236441.050666667,78840.7649333333
Base,32,TrachysalambriaCurvirostris,Trachysalambria curvirostris,Invertebrate,7,289273.508333333,96616.2465
Base,33,TrachysalambriaCurvirostris,Trachysalambria curvirostris,Invertebrate,7,271412.822333333,90337.1552333333
Base,34,TrachysalambriaCurvirostris,Trachysalambria curvirostris,Invertebrate,7,284017.484333333,93083.9099333333
Base,35,TrachysalambriaCurvirostris,Trachysalambria curvirostris,Invertebrate,7,243156.643,82312.0123333333
Base,36,TrachysalambriaCurvirostris,Trachysalambria curvirostris,Invertebrate,7,252936.927333333,84541.4149333333
Base,37,TrachysalambriaCurvirostris,Trachysalambria curvirostris,Invertebrate,7,236801.8302,79130.3479333333
Base,38,TrachysalambriaCurvirostris,Trachysalambria curvirostris,Invertebrate,7,260438.889666667,86377.3456333333
Base,39,TrachysalambriaCurvirostris,Trachysalambria curvirostris,Invertebrate,7,261495.107333333,87471.2048
Base,40,TrachysalambriaCurvirostris,Trachysalambria curvirostris,Invertebrate,7,237267.959,80554.0565333334
Base,41,TrachysalambriaCurvirostris,Trachysalambria curvirostris,Invertebrate,7,281169.4415,93558.4024666666
Base,42,TrachysalambriaCurvirostris,Trachysalambria curvirostris,Invertebrate,7,253023.458666667,84291.8314333333
Base,43,TrachysalambriaCurvirostris,Trachysalambria curvirostris,Invertebrate,7,231564.885333333,78430.5927666667
Base,44,TrachysalambriaCurvirostris,Trachysalambria curvirostris,Invertebrate,7,233592.400133333,79574.7810666667
Base,45,TrachysalambriaCurvirostris,Trachysalambria curvirostris,Invertebrate,7,263400.311333333,88542.5319333333
Base,46,TrachysalambriaCurvirostris,Trachysalambria curvirostris,Invertebrate,7,246181.246,82421.5615
Base,47,TrachysalambriaCurvirostris,Trachysalambria curvirostris,Invertebrate,7,218005.206,72682.1416333334
Base,48,TrachysalambriaCurvirostris,Trachysalambria curvirostris,Invertebrate,7,249615.700666667,84792.2261
Base,49,TrachysalambriaCurvirostris,Trachysalambria curvirostris,Invertebrate,7,236428.169,78976.4795666667
Base,50,TrachysalambriaCurvirostris,Trachysalambria curvirostris,Invertebrate,7,255238.224,85757.1119333333
Base,51,TrachysalambriaCurvirostris,Trachysalambria curvirostris,Invertebrate,7,255188.040333333,84506.1284333333
Base,52,TrachysalambriaCurvirostris,Trachysalambria curvirostris,Invertebrate,7,292838.6832,96344.0572666666
Base,53,TrachysalambriaCurvirostris,Trachysalambria curvirostris,Invertebrate,7,277383.740166667,91593.1631333333
Base,54,TrachysalambriaCurvirostris,Trachysalambria curvirostris,Invertebrate,7,278194.761333333,92002.4859333333
Base,55,TrachysalambriaCurvirostris,Trachysalambria curvirostris,Invertebrate,7,295998.278,98189.6819666667
Base,56,TrachysalambriaCurvirostris,Trachysalambria curvirostris,Invertebrate,7,243925.011666667,81007.6713333334
Base,57,TrachysalambriaCurvirostris,Trachysalambria curvirostris,Invertebrate,7,246126.382666667,81346.6703666667
Base,58,TrachysalambriaCurvirostris,Trachysalambria curvirostris,Invertebrate,7,264489.875166667,86957.2311333334
Base,59,TrachysalambriaCurvirostris,Trachysalambria curvirostris,Invertebrate,7,243292.6322,81808.2103
Base,60,TrachysalambriaCurvirostris,Trachysalambria curvirostris,Invertebrate,7,260585.626666667,86343.8488333333
Base,61,TrachysalambriaCurvirostris,Trachysalambria curvirostris,Invertebrate,7,244974.519333333,82733.3957
Base,62,TrachysalambriaCurvirostris,Trachysalambria curvirostris,Invertebrate,7,266466.876,87787.7523666667
Base,63,TrachysalambriaCurvirostris,Trachysalambria curvirostris,Invertebrate,7,297615.353666667,98201.6080333333
Base,64,TrachysalambriaCurvirostris,Trachysalambria curvirostris,Invertebrate,7,275298.720333333,92395.9678333333
Base,65,TrachysalambriaCurvirostris,Trachysalambria curvirostris,Invertebrate,7,285881.683333333,95571.5320333333
Base,66,TrachysalambriaCurvirostris,Trachysalambria curvirostris,Invertebrate,7,254204.128333333,83462.1474
Base,67,TrachysalambriaCurvirostris,Trachysalambria curvirostris,Invertebrate,7,270000.051666667,90497.4452
Base,68,TrachysalambriaCurvirostris,Trachysalambria curvirostris,Invertebrate,7,270395.539333333,90792.1622333333
Base,69,TrachysalambriaCurvirostris,Trachysalambria curvirostris,Invertebrate,7,258932.644,85316.7006
Base,70,TrachysalambriaCurvirostris,Trachysalambria curvirostris,Invertebrate,7,287151.512333333,95252.5128666667
Base,71,TrachysalambriaCurvirostris,Trachysalambria curvirostris,Invertebrate,7,265183.5472,87254.4156666667
Base,72,TrachysalambriaCurvirostris,Trachysalambria curvirostris,Invertebrate,7,275142.211,91599.6460666667
Base,73,TrachysalambriaCurvirostris,Trachysalambria curvirostris,Invertebrate,7,273214.951333333,91548.8529
Base,74,TrachysalambriaCurvirostris,Trachysalambria curvirostris,Invertebrate,7,268277.662333333,89663.868
Base,75,TrachysalambriaCurvirostris,Trachysalambria curvirostris,Invertebrate,7,269601.8235,89150.1282333334
Base,76,TrachysalambriaCurvirostris,Trachysalambria curvirostris,Invertebrate,7,246109.703533333,83463.9296666667
Base,77,TrachysalambriaCurvirostris,Trachysalambria curvirostris,Invertebrate,7,247957.192333333,83381.4152333334
Base,78,TrachysalambriaCurvirostris,Trachysalambria curvirostris,Invertebrate,7,236558.007333333,79953.1816333334
Base,79,TrachysalambriaCurvirostris,Trachysalambria curvirostris,Invertebrate,7,257721.356,84374.0029333334
Base,80,TrachysalambriaCurvirostris,Trachysalambria curvirostris,Invertebrate,7,256407.789,86275.5031
Base,81,TrachysalambriaCurvirostris,Trachysalambria curvirostris,Invertebrate,7,291643.942666667,96918.2215666667
Base,82,TrachysalambriaCurvirostris,Trachysalambria curvirostris,Invertebrate,7,259359.067,85873.0101333333
Base,83,TrachysalambriaCurvirostris,Trachysalambria curvirostris,Invertebrate,7,289048.635333333,95728.6503666667
Base,84,TrachysalambriaCurvirostris,Trachysalambria curvirostris,Invertebrate,7,267847.869,88950.9473333334
Base,85,TrachysalambriaCurvirostris,Trachysalambria curvirostris,Invertebrate,7,274902.943,91361.5243
Base,86,TrachysalambriaCurvirostris,Trachysalambria curvirostris,Invertebrate,7,261413.5272,86992.7375
Base,87,TrachysalambriaCurvirostris,Trachysalambria curvirostris,Invertebrate,7,268372.505333333,88715.4671666667
Base,88,TrachysalambriaCurvirostris,Trachysalambria curvirostris,Invertebrate,7,263778.713333333,87504.2833
Base,89,TrachysalambriaCurvirostris,Trachysalambria curvirostris,Invertebrate,7,301995.963333333,100011.407966667
Base,90,TrachysalambriaCurvirostris,Trachysalambria curvirostris,Invertebrate,7,272292.033333333,91559.9681666667
Base,91,TrachysalambriaCurvirostris,Trachysalambria curvirostris,Invertebrate,7,247670.811833333,82843.5005
Base,92,TrachysalambriaCurvirostris,Trachysalambria curvirostris,Invertebrate,7,236990.719,79105.9512
Base,93,TrachysalambriaCurvirostris,Trachysalambria curvirostris,Invertebrate,7,290030.577666667,96937.0532
Base,94,TrachysalambriaCurvirostris,Trachysalambria curvirostris,Invertebrate,7,254993.215,83892.7195333333
Base,95,TrachysalambriaCurvirostris,Trachysalambria curvirostris,Invertebrate,7,308400.602,101260.4903
Base,96,TrachysalambriaCurvirostris,Trachysalambria curvirostris,Invertebrate,7,259961.951666667,87210.2879666667
Base,97,TrachysalambriaCurvirostris,Trachysalambria curvirostris,Invertebrate,7,283013.996666667,93777.5276333333
Base,98,TrachysalambriaCurvirostris,Trachysalambria curvirostris,Invertebrate,7,292415.866333333,97837.8552
Base,99,TrachysalambriaCurvirostris,Trachysalambria curvirostris,Invertebrate,7,247359.427,83512.9097
Base,100,TrachysalambriaCurvirostris,Trachysalambria curvirostris,Invertebrate,7,274209.018666667,91525.4629333333
Base,1,PortunusTrituberculatus,Portunus trituberculatus,Invertebrate,8,447298.150666667,96594.3952333333
Base,2,PortunusTrituberculatus,Portunus trituberculatus,Invertebrate,8,458625.535333333,100108.4827
Base,3,PortunusTrituberculatus,Portunus trituberculatus,Invertebrate,8,466196.793333333,101582.983233333
Base,4,PortunusTrituberculatus,Portunus trituberculatus,Invertebrate,8,492802.507333333,106326.300466667
Base,5,PortunusTrituberculatus,Portunus trituberculatus,Invertebrate,8,482169.305,104151.9962
Base,6,PortunusTrituberculatus,Portunus trituberculatus,Invertebrate,8,459694.978,99687.4644
Base,7,PortunusTrituberculatus,Portunus trituberculatus,Invertebrate,8,480007.251666667,102944.562333333
Base,8,PortunusTrituberculatus,Portunus trituberculatus,Invertebrate,8,454475.744,98850.6836666667
Base,9,PortunusTrituberculatus,Portunus trituberculatus,Invertebrate,8,473384.657666667,102581.861933333
Base,10,PortunusTrituberculatus,Portunus trituberculatus,Invertebrate,8,456290.734666667,99371.1008666666
Base,11,PortunusTrituberculatus,Portunus trituberculatus,Invertebrate,8,489577.778333333,105369.8584
Base,12,PortunusTrituberculatus,Portunus trituberculatus,Invertebrate,8,508376.545,109261.224766667
Base,13,PortunusTrituberculatus,Portunus trituberculatus,Invertebrate,8,432599.715666667,92209.2472333333
Base,14,PortunusTrituberculatus,Portunus trituberculatus,Invertebrate,8,422119.664666667,92235.8931666667
Base,15,PortunusTrituberculatus,Portunus trituberculatus,Invertebrate,8,493710.676666667,105406.190266667
Base,16,PortunusTrituberculatus,Portunus trituberculatus,Invertebrate,8,504833.718,108717.902066667
Base,17,PortunusTrituberculatus,Portunus trituberculatus,Invertebrate,8,484204.763,104746.429233333
Base,18,PortunusTrituberculatus,Portunus trituberculatus,Invertebrate,8,477841.085333333,102369.423033333
Base,19,PortunusTrituberculatus,Portunus trituberculatus,Invertebrate,8,492945.074666667,106628.0355
Base,20,PortunusTrituberculatus,Portunus trituberculatus,Invertebrate,8,459023.23,99503.4642
Base,21,PortunusTrituberculatus,Portunus trituberculatus,Invertebrate,8,441450.023666667,95709.3084666667
Base,22,PortunusTrituberculatus,Portunus trituberculatus,Invertebrate,8,470003.285,102168.331666667
Base,23,PortunusTrituberculatus,Portunus trituberculatus,Invertebrate,8,470245.378333333,101401.703033333
Base,24,PortunusTrituberculatus,Portunus trituberculatus,Invertebrate,8,466328.711333333,101185.139166667
Base,25,PortunusTrituberculatus,Portunus trituberculatus,Invertebrate,8,453607.899666667,98227.5461333334
Base,26,PortunusTrituberculatus,Portunus trituberculatus,Invertebrate,8,468649.907,100499.471633333
Base,27,PortunusTrituberculatus,Portunus trituberculatus,Invertebrate,8,466180.787333333,100561.9716
Base,28,PortunusTrituberculatus,Portunus trituberculatus,Invertebrate,8,469176.229,101810.325533333
Base,29,PortunusTrituberculatus,Portunus trituberculatus,Invertebrate,8,460357.825666667,100541.084
Base,30,PortunusTrituberculatus,Portunus trituberculatus,Invertebrate,8,467354.085,100101.833933333
Base,31,PortunusTrituberculatus,Portunus trituberculatus,Invertebrate,8,469228.438,100665.311166667
Base,32,PortunusTrituberculatus,Portunus trituberculatus,Invertebrate,8,435270.693666667,95819.7261666667
Base,33,PortunusTrituberculatus,Portunus trituberculatus,Invertebrate,8,453275.126,99312.4045333333
Base,34,PortunusTrituberculatus,Portunus trituberculatus,Invertebrate,8,455724.088333333,99598.3369333333
Base,35,PortunusTrituberculatus,Portunus trituberculatus,Invertebrate,8,481434.341,104342.776433333
Base,36,PortunusTrituberculatus,Portunus trituberculatus,Invertebrate,8,498584.605,107369.392433333
Base,37,PortunusTrituberculatus,Portunus trituberculatus,Invertebrate,8,471977.509333333,102741.527933333
Base,38,PortunusTrituberculatus,Portunus trituberculatus,Invertebrate,8,475698.493,102705.2001
Base,39,PortunusTrituberculatus,Portunus trituberculatus,Invertebrate,8,451256.793666667,97871.7295
Base,40,PortunusTrituberculatus,Portunus trituberculatus,Invertebrate,8,455064.978333333,98661.0339333333
Base,41,PortunusTrituberculatus,Portunus trituberculatus,Invertebrate,8,482341.86,104900.655666667
Base,42,PortunusTrituberculatus,Portunus trituberculatus,Invertebrate,8,471860.006333333,101896.073366667
Base,43,PortunusTrituberculatus,Portunus trituberculatus,Invertebrate,8,468572.035333333,101922.355466667
Base,44,PortunusTrituberculatus,Portunus trituberculatus,Invertebrate,8,456452.079333333,97949.2405666667
Base,45,PortunusTrituberculatus,Portunus trituberculatus,Invertebrate,8,446953.482666667,97061.2839
Base,46,PortunusTrituberculatus,Portunus trituberculatus,Invertebrate,8,470131.734666667,102028.997166667
Base,47,PortunusTrituberculatus,Portunus trituberculatus,Invertebrate,8,434135.532,93658.1203666667
Base,48,PortunusTrituberculatus,Portunus trituberculatus,Invertebrate,8,462301.795666667,100050.5709
Base,49,PortunusTrituberculatus,Portunus trituberculatus,Invertebrate,8,471690.480666667,102938.153833333
Base,50,PortunusTrituberculatus,Portunus trituberculatus,Invertebrate,8,485949.901,103806.023533333
Base,51,PortunusTrituberculatus,Portunus trituberculatus,Invertebrate,8,485109.016333333,104103.699566667
Base,52,PortunusTrituberculatus,Portunus trituberculatus,Invertebrate,8,517761.826666667,111157.6422
Base,53,PortunusTrituberculatus,Portunus trituberculatus,Invertebrate,8,495722.964333333,107057.894233333
Base,54,PortunusTrituberculatus,Portunus trituberculatus,Invertebrate,8,487644.229,105769.647233333
Base,55,PortunusTrituberculatus,Portunus trituberculatus,Invertebrate,8,474410.847,101293.845966667
Base,56,PortunusTrituberculatus,Portunus trituberculatus,Invertebrate,8,484679.278333333,104943.5761
Base,57,PortunusTrituberculatus,Portunus trituberculatus,Invertebrate,8,460970.1,100243.284233333
Base,58,PortunusTrituberculatus,Portunus trituberculatus,Invertebrate,8,479876.678333333,102750.6142
Base,59,PortunusTrituberculatus,Portunus trituberculatus,Invertebrate,8,429931.045333333,94293.4828333333
Base,60,PortunusTrituberculatus,Portunus trituberculatus,Invertebrate,8,487426.587666667,104807.464833333
Base,61,PortunusTrituberculatus,Portunus trituberculatus,Invertebrate,8,475323.244666667,101769.618666667
Base,62,PortunusTrituberculatus,Portunus trituberculatus,Invertebrate,8,446687.410666667,96434.9873
Base,63,PortunusTrituberculatus,Portunus trituberculatus,Invertebrate,8,474243.853666667,101869.0819
Base,64,PortunusTrituberculatus,Portunus trituberculatus,Invertebrate,8,466175.616333333,100488.87
Base,65,PortunusTrituberculatus,Portunus trituberculatus,Invertebrate,8,502742.493666667,107736.9917
Base,66,PortunusTrituberculatus,Portunus trituberculatus,Invertebrate,8,440519.367666667,95818.0508666666
Base,67,PortunusTrituberculatus,Portunus trituberculatus,Invertebrate,8,459409.927,100139.840533333
Base,68,PortunusTrituberculatus,Portunus trituberculatus,Invertebrate,8,458410.074666667,98778.7372
Base,69,PortunusTrituberculatus,Portunus trituberculatus,Invertebrate,8,459601.903333333,99299.1198666667
Base,70,PortunusTrituberculatus,Portunus trituberculatus,Invertebrate,8,478291.650333333,103452.5037
Base,71,PortunusTrituberculatus,Portunus trituberculatus,Invertebrate,8,509826.882,108539.581
Base,72,PortunusTrituberculatus,Portunus trituberculatus,Invertebrate,8,469695.525333333,101785.2582
Base,73,PortunusTrituberculatus,Portunus trituberculatus,Invertebrate,8,446192.316666667,96466.0435333333
Base,74,PortunusTrituberculatus,Portunus trituberculatus,Invertebrate,8,480674.037333333,103420.5855
Base,75,PortunusTrituberculatus,Portunus trituberculatus,Invertebrate,8,428073.616,93489.5620000001
Base,76,PortunusTrituberculatus,Portunus trituberculatus,Invertebrate,8,481163.165333333,104681.447466667
Base,77,PortunusTrituberculatus,Portunus trituberculatus,Invertebrate,8,483490.611333333,104654.998633333
Base,78,PortunusTrituberculatus,Portunus trituberculatus,Invertebrate,8,475706.997,102655.1996
Base,79,PortunusTrituberculatus,Portunus trituberculatus,Invertebrate,8,479083.939666667,104130.066533333
Base,80,PortunusTrituberculatus,Portunus trituberculatus,Invertebrate,8,459459.962333333,99436.7504666667
Base,81,PortunusTrituberculatus,Portunus trituberculatus,Invertebrate,8,459883.733,98576.4792666667
Base,82,PortunusTrituberculatus,Portunus trituberculatus,Invertebrate,8,468421.001,101220.281933333
Base,83,PortunusTrituberculatus,Portunus trituberculatus,Invertebrate,8,468917.034666667,102182.955166667
Base,84,PortunusTrituberculatus,Portunus trituberculatus,Invertebrate,8,459977.614,99731.5859
Base,85,PortunusTrituberculatus,Portunus trituberculatus,Invertebrate,8,480311.188,103343.0536
Base,86,PortunusTrituberculatus,Portunus trituberculatus,Invertebrate,8,451909.852666667,98500.1359
Base,87,PortunusTrituberculatus,Portunus trituberculatus,Invertebrate,8,440836.293,95074.2885
Base,88,PortunusTrituberculatus,Portunus trituberculatus,Invertebrate,8,442234.231333333,96514.3659
Base,89,PortunusTrituberculatus,Portunus trituberculatus,Invertebrate,8,426874.418666667,93644.7274333334
Base,90,PortunusTrituberculatus,Portunus trituberculatus,Invertebrate,8,504683.756,109126.6382
Base,91,PortunusTrituberculatus,Portunus trituberculatus,Invertebrate,8,454111.786,98437.2794
Base,92,PortunusTrituberculatus,Portunus trituberculatus,Invertebrate,8,473529.422,101928.5862
Base,93,PortunusTrituberculatus,Portunus trituberculatus,Invertebrate,8,404555.465666667,89531.086
Base,94,PortunusTrituberculatus,Portunus trituberculatus,Invertebrate,8,449726.105666667,97325.1675666667
Base,95,PortunusTrituberculatus,Portunus trituberculatus,Invertebrate,8,481564.314666667,103673.3322
Base,96,PortunusTrituberculatus,Portunus trituberculatus,Invertebrate,8,454149.950666667,99451.6115
Base,97,PortunusTrituberculatus,Portunus trituberculatus,Invertebrate,8,494934.171,107671.158566667
Base,98,PortunusTrituberculatus,Portunus trituberculatus,Invertebrate,8,499307.634333333,107457.841766667
Base,99,PortunusTrituberculatus,Portunus trituberculatus,Invertebrate,8,450916.852,97425.8443
Base,100,PortunusTrituberculatus,Portunus trituberculatus,Invertebrate,8,449214.454333333,98525.0775
Base,1,ScomberJaponicus,Scomber japonicus,Mid-trophic species,9,1272057.66066667,229312.2
Base,2,ScomberJaponicus,Scomber japonicus,Mid-trophic species,9,1342767.06166667,241720.879
Base,3,ScomberJaponicus,Scomber japonicus,Mid-trophic species,9,1298637.22866667,233874.857
Base,4,ScomberJaponicus,Scomber japonicus,Mid-trophic species,9,1241582.87666667,225188.807666667
Base,5,ScomberJaponicus,Scomber japonicus,Mid-trophic species,9,1292725.25,234471.454666667
Base,6,ScomberJaponicus,Scomber japonicus,Mid-trophic species,9,1301628.20333333,235324.960666667
Base,7,ScomberJaponicus,Scomber japonicus,Mid-trophic species,9,1280703.11666667,231209.015
Base,8,ScomberJaponicus,Scomber japonicus,Mid-trophic species,9,1280116.59666667,231632.644
Base,9,ScomberJaponicus,Scomber japonicus,Mid-trophic species,9,1270956.50666667,230552.427333333
Base,10,ScomberJaponicus,Scomber japonicus,Mid-trophic species,9,1297609.67333333,234518.300333333
Base,11,ScomberJaponicus,Scomber japonicus,Mid-trophic species,9,1250059.715,225755.759
Base,12,ScomberJaponicus,Scomber japonicus,Mid-trophic species,9,1246724.8,226018.826333333
Base,13,ScomberJaponicus,Scomber japonicus,Mid-trophic species,9,1279494.80666667,232013.891666667
Base,14,ScomberJaponicus,Scomber japonicus,Mid-trophic species,9,1257777.66333333,227387.483
Base,15,ScomberJaponicus,Scomber japonicus,Mid-trophic species,9,1285001.44,231773.748333333
Base,16,ScomberJaponicus,Scomber japonicus,Mid-trophic species,9,1318925.93666667,237342.186666667
Base,17,ScomberJaponicus,Scomber japonicus,Mid-trophic species,9,1260137.63666667,228899.596
Base,18,ScomberJaponicus,Scomber japonicus,Mid-trophic species,9,1302139.69333333,234767.508333333
Base,19,ScomberJaponicus,Scomber japonicus,Mid-trophic species,9,1242814.20466667,224568.678333333
Base,20,ScomberJaponicus,Scomber japonicus,Mid-trophic species,9,1198929.307,216697.811
Base,21,ScomberJaponicus,Scomber japonicus,Mid-trophic species,9,1259498.01333333,227454.998666667
Base,22,ScomberJaponicus,Scomber japonicus,Mid-trophic species,9,1286098.26133333,232107.817333333
Base,23,ScomberJaponicus,Scomber japonicus,Mid-trophic species,9,1340789.34666667,241994.100333333
Base,24,ScomberJaponicus,Scomber japonicus,Mid-trophic species,9,1302335.26666667,234378.044666667
Base,25,ScomberJaponicus,Scomber japonicus,Mid-trophic species,9,1258241.205,227714.287333333
Base,26,ScomberJaponicus,Scomber japonicus,Mid-trophic species,9,1304429.13333333,235893.430333333
Base,27,ScomberJaponicus,Scomber japonicus,Mid-trophic species,9,1318924.60666667,237178.979333333
Base,28,ScomberJaponicus,Scomber japonicus,Mid-trophic species,9,1274972.33,229245.379666667
Base,29,ScomberJaponicus,Scomber japonicus,Mid-trophic species,9,1307997.82666667,235674.377
Base,30,ScomberJaponicus,Scomber japonicus,Mid-trophic species,9,1303185.44666667,236068.473333333
Base,31,ScomberJaponicus,Scomber japonicus,Mid-trophic species,9,1333328.84333333,240499.591666667
Base,32,ScomberJaponicus,Scomber japonicus,Mid-trophic species,9,1326762.29,238984.256
Base,33,ScomberJaponicus,Scomber japonicus,Mid-trophic species,9,1272243.74,230097.146
Base,34,ScomberJaponicus,Scomber japonicus,Mid-trophic species,9,1309179.83,235114.719666667
Base,35,ScomberJaponicus,Scomber japonicus,Mid-trophic species,9,1278096.52,231272.050333333
Base,36,ScomberJaponicus,Scomber japonicus,Mid-trophic species,9,1262156.13666667,227674.307333333
Base,37,ScomberJaponicus,Scomber japonicus,Mid-trophic species,9,1267559.43666667,229025.629
Base,38,ScomberJaponicus,Scomber japonicus,Mid-trophic species,9,1205490.00533333,218664.832
Base,39,ScomberJaponicus,Scomber japonicus,Mid-trophic species,9,1308409.38333333,235962.902
Base,40,ScomberJaponicus,Scomber japonicus,Mid-trophic species,9,1305769.31666667,236138.825333333
Base,41,ScomberJaponicus,Scomber japonicus,Mid-trophic species,9,1266957.27666667,228670.399666667
Base,42,ScomberJaponicus,Scomber japonicus,Mid-trophic species,9,1268212.27,229709.045666667
Base,43,ScomberJaponicus,Scomber japonicus,Mid-trophic species,9,1265818.02166667,228654.577
Base,44,ScomberJaponicus,Scomber japonicus,Mid-trophic species,9,1300634.90666667,235456.395333333
Base,45,ScomberJaponicus,Scomber japonicus,Mid-trophic species,9,1319580.89333333,238213.874666667
Base,46,ScomberJaponicus,Scomber japonicus,Mid-trophic species,9,1257678.23333333,226768.469
Base,47,ScomberJaponicus,Scomber japonicus,Mid-trophic species,9,1289667.17333333,232420.764
Base,48,ScomberJaponicus,Scomber japonicus,Mid-trophic species,9,1290705.66333333,232681.055666667
Base,49,ScomberJaponicus,Scomber japonicus,Mid-trophic species,9,1276755.29333333,231488.319666667
Base,50,ScomberJaponicus,Scomber japonicus,Mid-trophic species,9,1300799.54,235239.927666667
Base,51,ScomberJaponicus,Scomber japonicus,Mid-trophic species,9,1298611.38866667,234875.073666667
Base,52,ScomberJaponicus,Scomber japonicus,Mid-trophic species,9,1294435.00666667,234058.809
Base,53,ScomberJaponicus,Scomber japonicus,Mid-trophic species,9,1229705.87333333,222143.408333333
Base,54,ScomberJaponicus,Scomber japonicus,Mid-trophic species,9,1275977.42666667,231367.437
Base,55,ScomberJaponicus,Scomber japonicus,Mid-trophic species,9,1283657.15666667,232081.324333333
Base,56,ScomberJaponicus,Scomber japonicus,Mid-trophic species,9,1320073.89333333,238161.621
Base,57,ScomberJaponicus,Scomber japonicus,Mid-trophic species,9,1276024.28333333,230733.825333333
Base,58,ScomberJaponicus,Scomber japonicus,Mid-trophic species,9,1194156.49,215864.377333333
Base,59,ScomberJaponicus,Scomber japonicus,Mid-trophic species,9,1245872.18333333,225856.178666667
Base,60,ScomberJaponicus,Scomber japonicus,Mid-trophic species,9,1298607.37333333,234512.172
Base,61,ScomberJaponicus,Scomber japonicus,Mid-trophic species,9,1286523.36166667,232449.260666667
Base,62,ScomberJaponicus,Scomber japonicus,Mid-trophic species,9,1274183.05866667,230587.892666667
Base,63,ScomberJaponicus,Scomber japonicus,Mid-trophic species,9,1292497.20666667,233642.286666667
Base,64,ScomberJaponicus,Scomber japonicus,Mid-trophic species,9,1304387.35,235561.685666667
Base,65,ScomberJaponicus,Scomber japonicus,Mid-trophic species,9,1289669.31333333,232697.816333333
Base,66,ScomberJaponicus,Scomber japonicus,Mid-trophic species,9,1274111.718,229881.864666667
Base,67,ScomberJaponicus,Scomber japonicus,Mid-trophic species,9,1317488.99866667,238056.108
Base,68,ScomberJaponicus,Scomber japonicus,Mid-trophic species,9,1231661.04166667,222643.184333333
Base,69,ScomberJaponicus,Scomber japonicus,Mid-trophic species,9,1236276.34166667,224067.325333333
Base,70,ScomberJaponicus,Scomber japonicus,Mid-trophic species,9,1251302.25666667,225684.623333333
Base,71,ScomberJaponicus,Scomber japonicus,Mid-trophic species,9,1302017.09,234530.630333333
Base,72,ScomberJaponicus,Scomber japonicus,Mid-trophic species,9,1252478.60333333,226946.859
Base,73,ScomberJaponicus,Scomber japonicus,Mid-trophic species,9,1291508.84666667,232732.831
Base,74,ScomberJaponicus,Scomber japonicus,Mid-trophic species,9,1310485.58,236769.155333333
Base,75,ScomberJaponicus,Scomber japonicus,Mid-trophic species,9,1302706.57,234740.109333333
Base,76,ScomberJaponicus,Scomber japonicus,Mid-trophic species,9,1285849.75,231820.021333333
Base,77,ScomberJaponicus,Scomber japonicus,Mid-trophic species,9,1297321.72,233610.869333333
Base,78,ScomberJaponicus,Scomber japonicus,Mid-trophic species,9,1260167.90133333,227405.253666667
Base,79,ScomberJaponicus,Scomber japonicus,Mid-trophic species,9,1287173.74,231986.982333333
Base,80,ScomberJaponicus,Scomber japonicus,Mid-trophic species,9,1262082.18,228204.769
Base,81,ScomberJaponicus,Scomber japonicus,Mid-trophic species,9,1268301.18533333,228509.972
Base,82,ScomberJaponicus,Scomber japonicus,Mid-trophic species,9,1294461.21,234467.454666667
Base,83,ScomberJaponicus,Scomber japonicus,Mid-trophic species,9,1276405.56666667,230327.92
Base,84,ScomberJaponicus,Scomber japonicus,Mid-trophic species,9,1239659.22466667,224895.313333333
Base,85,ScomberJaponicus,Scomber japonicus,Mid-trophic species,9,1269197.12,229939.855666667
Base,86,ScomberJaponicus,Scomber japonicus,Mid-trophic species,9,1264950.4,228392.887
Base,87,ScomberJaponicus,Scomber japonicus,Mid-trophic species,9,1251424.75166667,226381.521
Base,88,ScomberJaponicus,Scomber japonicus,Mid-trophic species,9,1302471.14,234778.144
Base,89,ScomberJaponicus,Scomber japonicus,Mid-trophic species,9,1332152.48666667,240497.320666667
Base,90,ScomberJaponicus,Scomber japonicus,Mid-trophic species,9,1281547.22333333,230645.784
Base,91,ScomberJaponicus,Scomber japonicus,Mid-trophic species,9,1246890.95866667,225817.846
Base,92,ScomberJaponicus,Scomber japonicus,Mid-trophic species,9,1279228.53866667,231226.296
Base,93,ScomberJaponicus,Scomber japonicus,Mid-trophic species,9,1303178.25,234734.457333333
Base,94,ScomberJaponicus,Scomber japonicus,Mid-trophic species,9,1301609.35333333,235350.615
Base,95,ScomberJaponicus,Scomber japonicus,Mid-trophic species,9,1270964.91666667,230150.133333333
Base,96,ScomberJaponicus,Scomber japonicus,Mid-trophic species,9,1300350.91666667,234179.887
Base,97,ScomberJaponicus,Scomber japonicus,Mid-trophic species,9,1257371.25,227269.332
Base,98,ScomberJaponicus,Scomber japonicus,Mid-trophic species,9,1246193.45,225171.394333333
Base,99,ScomberJaponicus,Scomber japonicus,Mid-trophic species,9,1293143.26666667,233283.195
Base,100,ScomberJaponicus,Scomber japonicus,Mid-trophic species,9,1268335.53,228588.339333333
Base,1,DecapterusMaruadsi,Decapterus maruadsi,Mid-trophic species,10,57539.0067666667,13020.4602833333
Base,2,DecapterusMaruadsi,Decapterus maruadsi,Mid-trophic species,10,56074.9695333333,12758.9753
Base,3,DecapterusMaruadsi,Decapterus maruadsi,Mid-trophic species,10,57699.8079333333,13106.7013866667
Base,4,DecapterusMaruadsi,Decapterus maruadsi,Mid-trophic species,10,55259.5118333333,12671.1459166667
Base,5,DecapterusMaruadsi,Decapterus maruadsi,Mid-trophic species,10,51176.2915333333,11570.97251
Base,6,DecapterusMaruadsi,Decapterus maruadsi,Mid-trophic species,10,57316.2045333333,13106.4865066667
Base,7,DecapterusMaruadsi,Decapterus maruadsi,Mid-trophic species,10,63298.0326666667,14176.04
Base,8,DecapterusMaruadsi,Decapterus maruadsi,Mid-trophic species,10,61055.9939333334,13776.1009166667
Base,9,DecapterusMaruadsi,Decapterus maruadsi,Mid-trophic species,10,49540.2583,11281.8304
Base,10,DecapterusMaruadsi,Decapterus maruadsi,Mid-trophic species,10,61488.3787666667,13878.2577333333
Base,11,DecapterusMaruadsi,Decapterus maruadsi,Mid-trophic species,10,52847.2191333333,11994.4737
Base,12,DecapterusMaruadsi,Decapterus maruadsi,Mid-trophic species,10,68712.9231333333,15643.6124666667
Base,13,DecapterusMaruadsi,Decapterus maruadsi,Mid-trophic species,10,53159.1059333333,12091.81852
Base,14,DecapterusMaruadsi,Decapterus maruadsi,Mid-trophic species,10,45094.8874,10225.7155766667
Base,15,DecapterusMaruadsi,Decapterus maruadsi,Mid-trophic species,10,62277.8559666667,13979.6270066667
Base,16,DecapterusMaruadsi,Decapterus maruadsi,Mid-trophic species,10,55013.3179,12537.0715466667
Base,17,DecapterusMaruadsi,Decapterus maruadsi,Mid-trophic species,10,59585.8544666667,13487.5394
Base,18,DecapterusMaruadsi,Decapterus maruadsi,Mid-trophic species,10,61540.6420333333,13850.0177166667
Base,19,DecapterusMaruadsi,Decapterus maruadsi,Mid-trophic species,10,53336.5181666667,12175.77288
Base,20,DecapterusMaruadsi,Decapterus maruadsi,Mid-trophic species,10,46762.827,10605.5410066667
Base,21,DecapterusMaruadsi,Decapterus maruadsi,Mid-trophic species,10,53883.5967,12087.3435666667
Base,22,DecapterusMaruadsi,Decapterus maruadsi,Mid-trophic species,10,68587.2015,15289.12485
Base,23,DecapterusMaruadsi,Decapterus maruadsi,Mid-trophic species,10,57743.9250333333,12998.18815
Base,24,DecapterusMaruadsi,Decapterus maruadsi,Mid-trophic species,10,52474.0508,12000.6657866667
Base,25,DecapterusMaruadsi,Decapterus maruadsi,Mid-trophic species,10,60025.7201333333,13704.5426333333
Base,26,DecapterusMaruadsi,Decapterus maruadsi,Mid-trophic species,10,47778.3017,10825.61649
Base,27,DecapterusMaruadsi,Decapterus maruadsi,Mid-trophic species,10,45174.8293,10234.53225
Base,28,DecapterusMaruadsi,Decapterus maruadsi,Mid-trophic species,10,63513.9633666667,14422.1097
Base,29,DecapterusMaruadsi,Decapterus maruadsi,Mid-trophic species,10,49066.3826333333,11120.03884
Base,30,DecapterusMaruadsi,Decapterus maruadsi,Mid-trophic species,10,60362.5436666667,13758.2959366667
Base,31,DecapterusMaruadsi,Decapterus maruadsi,Mid-trophic species,10,56721.7844666667,12816.7750833333
Base,32,DecapterusMaruadsi,Decapterus maruadsi,Mid-trophic species,10,54049.6310333333,12349.0325733333
Base,33,DecapterusMaruadsi,Decapterus maruadsi,Mid-trophic species,10,51752.5728666667,11655.4241833333
Base,34,DecapterusMaruadsi,Decapterus maruadsi,Mid-trophic species,10,49973.2135333333,11312.03297
Base,35,DecapterusMaruadsi,Decapterus maruadsi,Mid-trophic species,10,39988.6564333333,9109.08586666667
Base,36,DecapterusMaruadsi,Decapterus maruadsi,Mid-trophic species,10,66515.666,14929.8479333333
Base,37,DecapterusMaruadsi,Decapterus maruadsi,Mid-trophic species,10,54036.4121666667,12263.1496933333
Base,38,DecapterusMaruadsi,Decapterus maruadsi,Mid-trophic species,10,58233.9024666667,13105.0925733333
Base,39,DecapterusMaruadsi,Decapterus maruadsi,Mid-trophic species,10,58568.7613,13124.87631
Base,40,DecapterusMaruadsi,Decapterus maruadsi,Mid-trophic species,10,56232.2941333334,12874.4046666667
Base,41,DecapterusMaruadsi,Decapterus maruadsi,Mid-trophic species,10,62473.8842333333,14000.9829266667
Base,42,DecapterusMaruadsi,Decapterus maruadsi,Mid-trophic species,10,52960.0602333333,11989.06266
Base,43,DecapterusMaruadsi,Decapterus maruadsi,Mid-trophic species,10,61474.06,13932.60368
Base,44,DecapterusMaruadsi,Decapterus maruadsi,Mid-trophic species,10,52407.5026666667,11875.1446266667
Base,45,DecapterusMaruadsi,Decapterus maruadsi,Mid-trophic species,10,44537.7921,10023.3270133333
Base,46,DecapterusMaruadsi,Decapterus maruadsi,Mid-trophic species,10,46381.0458333333,10612.00053
Base,47,DecapterusMaruadsi,Decapterus maruadsi,Mid-trophic species,10,49651.9088333333,11183.82475
Base,48,DecapterusMaruadsi,Decapterus maruadsi,Mid-trophic species,10,45679.3547666667,10448.0210766667
Base,49,DecapterusMaruadsi,Decapterus maruadsi,Mid-trophic species,10,55807.2124333333,12575.80625
Base,50,DecapterusMaruadsi,Decapterus maruadsi,Mid-trophic species,10,42881.1246333333,9783.70941333334
Base,51,DecapterusMaruadsi,Decapterus maruadsi,Mid-trophic species,10,50217.6752333333,11401.4986233333
Base,52,DecapterusMaruadsi,Decapterus maruadsi,Mid-trophic species,10,49415.1604,11351.9420933333
Base,53,DecapterusMaruadsi,Decapterus maruadsi,Mid-trophic species,10,61297.7029666667,13882.1942266667
Base,54,DecapterusMaruadsi,Decapterus maruadsi,Mid-trophic species,10,51901.3784666667,11706.5644533333
Base,55,DecapterusMaruadsi,Decapterus maruadsi,Mid-trophic species,10,39176.02875,8972.98859
Base,56,DecapterusMaruadsi,Decapterus maruadsi,Mid-trophic species,10,50327.654,11372.4713466667
Base,57,DecapterusMaruadsi,Decapterus maruadsi,Mid-trophic species,10,56187.0504,12873.9697833333
Base,58,DecapterusMaruadsi,Decapterus maruadsi,Mid-trophic species,10,42939.8817,9891.88764666667
Base,59,DecapterusMaruadsi,Decapterus maruadsi,Mid-trophic species,10,43291.9246333333,9783.78802
Base,60,DecapterusMaruadsi,Decapterus maruadsi,Mid-trophic species,10,56223.8848666667,12691.2586
Base,61,DecapterusMaruadsi,Decapterus maruadsi,Mid-trophic species,10,56695.4314333333,12873.18521
Base,62,DecapterusMaruadsi,Decapterus maruadsi,Mid-trophic species,10,60815.8597,13731.0024933333
Base,63,DecapterusMaruadsi,Decapterus maruadsi,Mid-trophic species,10,58833.5093333333,13340.9443
Base,64,DecapterusMaruadsi,Decapterus maruadsi,Mid-trophic species,10,48075.4328,10895.4369733333
Base,65,DecapterusMaruadsi,Decapterus maruadsi,Mid-trophic species,10,57729.0442,13154.8791033333
Base,66,DecapterusMaruadsi,Decapterus maruadsi,Mid-trophic species,10,49226.3210666667,11206.8204866667
Base,67,DecapterusMaruadsi,Decapterus maruadsi,Mid-trophic species,10,53254.6066666667,12042.2483566667
Base,68,DecapterusMaruadsi,Decapterus maruadsi,Mid-trophic species,10,55264.332,12514.0986633333
Base,69,DecapterusMaruadsi,Decapterus maruadsi,Mid-trophic species,10,58547.7201666667,13325.2094833333
Base,70,DecapterusMaruadsi,Decapterus maruadsi,Mid-trophic species,10,58270.9889,13276.3
Base,71,DecapterusMaruadsi,Decapterus maruadsi,Mid-trophic species,10,58162.8238,13171.0253333333
Base,72,DecapterusMaruadsi,Decapterus maruadsi,Mid-trophic species,10,58117.7450333334,13178.5284133333
Base,73,DecapterusMaruadsi,Decapterus maruadsi,Mid-trophic species,10,68972.2917666667,15570.3361
Base,74,DecapterusMaruadsi,Decapterus maruadsi,Mid-trophic species,10,60864.1438333333,13732.8049133333
Base,75,DecapterusMaruadsi,Decapterus maruadsi,Mid-trophic species,10,47359.6545666667,10800.0822666667
Base,76,DecapterusMaruadsi,Decapterus maruadsi,Mid-trophic species,10,51259.8326666667,11650.35032
Base,77,DecapterusMaruadsi,Decapterus maruadsi,Mid-trophic species,10,53552.1883333333,12161.1548433333
Base,78,DecapterusMaruadsi,Decapterus maruadsi,Mid-trophic species,10,51418.3758,11613.45207
Base,79,DecapterusMaruadsi,Decapterus maruadsi,Mid-trophic species,10,55949.9237333333,12635.9263066667
Base,80,DecapterusMaruadsi,Decapterus maruadsi,Mid-trophic species,10,53857.6117333333,12297.7261433333
Base,81,DecapterusMaruadsi,Decapterus maruadsi,Mid-trophic species,10,54889.5846,12324.3572166667
Base,82,DecapterusMaruadsi,Decapterus maruadsi,Mid-trophic species,10,51721.8045,11791.5032966667
Base,83,DecapterusMaruadsi,Decapterus maruadsi,Mid-trophic species,10,60703.1704666667,13811.1245033333
Base,84,DecapterusMaruadsi,Decapterus maruadsi,Mid-trophic species,10,55814.0949666667,12730.9051566667
Base,85,DecapterusMaruadsi,Decapterus maruadsi,Mid-trophic species,10,50845.1258333333,11599.62913
Base,86,DecapterusMaruadsi,Decapterus maruadsi,Mid-trophic species,10,56809.7034666667,13045.2428633333
Base,87,DecapterusMaruadsi,Decapterus maruadsi,Mid-trophic species,10,46444.9303,10638.1682366667
Base,88,DecapterusMaruadsi,Decapterus maruadsi,Mid-trophic species,10,50663.4061,11525.3614533333
Base,89,DecapterusMaruadsi,Decapterus maruadsi,Mid-trophic species,10,48228.8516,10901.87507
Base,90,DecapterusMaruadsi,Decapterus maruadsi,Mid-trophic species,10,55590.427,12691.46239
Base,91,DecapterusMaruadsi,Decapterus maruadsi,Mid-trophic species,10,49066.7350333333,11174.5711466667
Base,92,DecapterusMaruadsi,Decapterus maruadsi,Mid-trophic species,10,64458.9083333333,14515.4859833333
Base,93,DecapterusMaruadsi,Decapterus maruadsi,Mid-trophic species,10,64680.5552,14798.1751
Base,94,DecapterusMaruadsi,Decapterus maruadsi,Mid-trophic species,10,53352.9599666667,11980.56972
Base,95,DecapterusMaruadsi,Decapterus maruadsi,Mid-trophic species,10,49328.2746666667,11220.3415866667
Base,96,DecapterusMaruadsi,Decapterus maruadsi,Mid-trophic species,10,62200.5628666667,14043.0215666667
Base,97,DecapterusMaruadsi,Decapterus maruadsi,Mid-trophic species,10,56509.7421,12901.7112033333
Base,98,DecapterusMaruadsi,Decapterus maruadsi,Mid-trophic species,10,58699.4331333333,13273.1072466667
Base,99,DecapterusMaruadsi,Decapterus maruadsi,Mid-trophic species,10,53746.1349333333,12131.9463166667
Base,100,DecapterusMaruadsi,Decapterus maruadsi,Mid-trophic species,10,55571.2964333333,12565.3744133333
Base,1,PennahiaArgentata,Pennahia argentata,Mid-trophic species,11,576177.771666667,98544.9827666667
Base,2,PennahiaArgentata,Pennahia argentata,Mid-trophic species,11,549122.533666667,93377.1198333333
Base,3,PennahiaArgentata,Pennahia argentata,Mid-trophic species,11,589956.919,101374.926333333
Base,4,PennahiaArgentata,Pennahia argentata,Mid-trophic species,11,599968.667333333,101658.9517
Base,5,PennahiaArgentata,Pennahia argentata,Mid-trophic species,11,568019.151,97251.5851333334
Base,6,PennahiaArgentata,Pennahia argentata,Mid-trophic species,11,499652.667666667,84964.5411333333
Base,7,PennahiaArgentata,Pennahia argentata,Mid-trophic species,11,538230.453666667,91489.2131
Base,8,PennahiaArgentata,Pennahia argentata,Mid-trophic species,11,483028.496,82077.0245
Base,9,PennahiaArgentata,Pennahia argentata,Mid-trophic species,11,532790.428333333,90556.2186666666
Base,10,PennahiaArgentata,Pennahia argentata,Mid-trophic species,11,486334.218,82727.1083333334
Base,11,PennahiaArgentata,Pennahia argentata,Mid-trophic species,11,496921.805,84792.5693333333
Base,12,PennahiaArgentata,Pennahia argentata,Mid-trophic species,11,539977.721,92240.7567
Base,13,PennahiaArgentata,Pennahia argentata,Mid-trophic species,11,609246.299333333,103437.101133333
Base,14,PennahiaArgentata,Pennahia argentata,Mid-trophic species,11,599303.409666667,101857.6151
Base,15,PennahiaArgentata,Pennahia argentata,Mid-trophic species,11,530597.639333333,89975.0913333333
Base,16,PennahiaArgentata,Pennahia argentata,Mid-trophic species,11,514783.510666667,87607.9443333333
Base,17,PennahiaArgentata,Pennahia argentata,Mid-trophic species,11,600534.238666667,102928.815833333
Base,18,PennahiaArgentata,Pennahia argentata,Mid-trophic species,11,485911.407333333,82106.4782333333
Base,19,PennahiaArgentata,Pennahia argentata,Mid-trophic species,11,522851.230333334,88837.2818
Base,20,PennahiaArgentata,Pennahia argentata,Mid-trophic species,11,467900.952,80445.6692
Base,21,PennahiaArgentata,Pennahia argentata,Mid-trophic species,11,592736.214666667,100385.08
Base,22,PennahiaArgentata,Pennahia argentata,Mid-trophic species,11,619074.448,105703.091433333
Base,23,PennahiaArgentata,Pennahia argentata,Mid-trophic species,11,483929.745333333,82979.4497666667
Base,24,PennahiaArgentata,Pennahia argentata,Mid-trophic species,11,491179.072,82961.5371333333
Base,25,PennahiaArgentata,Pennahia argentata,Mid-trophic species,11,666037.986666667,113100.856533333
Base,26,PennahiaArgentata,Pennahia argentata,Mid-trophic species,11,528078.608,90391.6721333333
Base,27,PennahiaArgentata,Pennahia argentata,Mid-trophic species,11,559332.415,95424.5786666667
Base,28,PennahiaArgentata,Pennahia argentata,Mid-trophic species,11,488616.283333333,83219.1534666667
Base,29,PennahiaArgentata,Pennahia argentata,Mid-trophic species,11,535846.071,91235.5271666666
Base,30,PennahiaArgentata,Pennahia argentata,Mid-trophic species,11,515124.644,87828.4095333333
Base,31,PennahiaArgentata,Pennahia argentata,Mid-trophic species,11,526650.586333333,89616.8324666667
Base,32,PennahiaArgentata,Pennahia argentata,Mid-trophic species,11,555933.440333333,94446.8579666667
Base,33,PennahiaArgentata,Pennahia argentata,Mid-trophic species,11,535849.493666667,91310.3860666667
Base,34,PennahiaArgentata,Pennahia argentata,Mid-trophic species,11,511758.845666667,86946.2636666667
Base,35,PennahiaArgentata,Pennahia argentata,Mid-trophic species,11,557450.630333333,95242.4681
Base,36,PennahiaArgentata,Pennahia argentata,Mid-trophic species,11,589128.319666667,100840.281766667
Base,37,PennahiaArgentata,Pennahia argentata,Mid-trophic species,11,529691.171666667,90296.0409666666
Base,38,PennahiaArgentata,Pennahia argentata,Mid-trophic species,11,568441.070666667,97258.2596
Base,39,PennahiaArgentata,Pennahia argentata,Mid-trophic species,11,585473.248,99993.1961
Base,40,PennahiaArgentata,Pennahia argentata,Mid-trophic species,11,521090.916333333,88407.9598
Base,41,PennahiaArgentata,Pennahia argentata,Mid-trophic species,11,551893.674666667,93676.7219666667
Base,42,PennahiaArgentata,Pennahia argentata,Mid-trophic species,11,470604.937666667,80021.3056666667
Base,43,PennahiaArgentata,Pennahia argentata,Mid-trophic species,11,530057.01,89953.2142333333
Base,44,PennahiaArgentata,Pennahia argentata,Mid-trophic species,11,583671.663333334,99507.0309
Base,45,PennahiaArgentata,Pennahia argentata,Mid-trophic species,11,528496.537333334,89808.0588
Base,46,PennahiaArgentata,Pennahia argentata,Mid-trophic species,11,552686.47,94328.2475333333
Base,47,PennahiaArgentata,Pennahia argentata,Mid-trophic species,11,601882.861333333,102253.496066667
Base,48,PennahiaArgentata,Pennahia argentata,Mid-trophic species,11,472473.203666667,80302.4195333333
Base,49,PennahiaArgentata,Pennahia argentata,Mid-trophic species,11,595138.929333333,101057.0515
Base,50,PennahiaArgentata,Pennahia argentata,Mid-trophic species,11,462813.012,79119.6077
Base,51,PennahiaArgentata,Pennahia argentata,Mid-trophic species,11,550485.904,94138.5517
Base,52,PennahiaArgentata,Pennahia argentata,Mid-trophic species,11,470403.036,80408.4271333334
Base,53,PennahiaArgentata,Pennahia argentata,Mid-trophic species,11,593349.277333334,101451.654133333
Base,54,PennahiaArgentata,Pennahia argentata,Mid-trophic species,11,543301.651,93002.9281
Base,55,PennahiaArgentata,Pennahia argentata,Mid-trophic species,11,529067.889333333,89627.0937666667
Base,56,PennahiaArgentata,Pennahia argentata,Mid-trophic species,11,489845.213666667,83257.0825666667
Base,57,PennahiaArgentata,Pennahia argentata,Mid-trophic species,11,569219.852,97209.3308666667
Base,58,PennahiaArgentata,Pennahia argentata,Mid-trophic species,11,668530.525333333,114467.5135
Base,59,PennahiaArgentata,Pennahia argentata,Mid-trophic species,11,624089.590333333,106636.882233333
Base,60,PennahiaArgentata,Pennahia argentata,Mid-trophic species,11,524312.992,89563.4079333333
Base,61,PennahiaArgentata,Pennahia argentata,Mid-trophic species,11,569501.854333333,97735.1223666667
Base,62,PennahiaArgentata,Pennahia argentata,Mid-trophic species,11,686106.347,117442.1189
Base,63,PennahiaArgentata,Pennahia argentata,Mid-trophic species,11,497091.534666667,84739.0391
Base,64,PennahiaArgentata,Pennahia argentata,Mid-trophic species,11,504088.492333333,86059.1554
Base,65,PennahiaArgentata,Pennahia argentata,Mid-trophic species,11,512033.569333333,87285.4318666667
Base,66,PennahiaArgentata,Pennahia argentata,Mid-trophic species,11,503288.905666667,85620.2068
Base,67,PennahiaArgentata,Pennahia argentata,Mid-trophic species,11,538063.262666667,91288.5505
Base,68,PennahiaArgentata,Pennahia argentata,Mid-trophic species,11,556285.989666667,94704.8388333333
Base,69,PennahiaArgentata,Pennahia argentata,Mid-trophic species,11,537547.954666667,92362.2913333334
Base,70,PennahiaArgentata,Pennahia argentata,Mid-trophic species,11,544889.978666667,92525.7247333333
Base,71,PennahiaArgentata,Pennahia argentata,Mid-trophic species,11,669502.893333333,113915.499333333
Base,72,PennahiaArgentata,Pennahia argentata,Mid-trophic species,11,532217.154666667,91022.7680666667
Base,73,PennahiaArgentata,Pennahia argentata,Mid-trophic species,11,504679.449,85936.4549
Base,74,PennahiaArgentata,Pennahia argentata,Mid-trophic species,11,485043.538666667,81805.6680333333
Base,75,PennahiaArgentata,Pennahia argentata,Mid-trophic species,11,526380.863666667,90267.3694666667
Base,76,PennahiaArgentata,Pennahia argentata,Mid-trophic species,11,509672.469,86563.0051666667
Base,77,PennahiaArgentata,Pennahia argentata,Mid-trophic species,11,601838.945666667,102430.8395
Base,78,PennahiaArgentata,Pennahia argentata,Mid-trophic species,11,511262.442666667,86702.2932333333
Base,79,PennahiaArgentata,Pennahia argentata,Mid-trophic species,11,492114.374666667,83765.5171333334
Base,80,PennahiaArgentata,Pennahia argentata,Mid-trophic species,11,566831.824666667,97182.6468333333
Base,81,PennahiaArgentata,Pennahia argentata,Mid-trophic species,11,590759.455,100357.406233333
Base,82,PennahiaArgentata,Pennahia argentata,Mid-trophic species,11,541657.600333333,91838.9088
Base,83,PennahiaArgentata,Pennahia argentata,Mid-trophic species,11,517225.452666667,88318.0833
Base,84,PennahiaArgentata,Pennahia argentata,Mid-trophic species,11,595449.729666667,101478.8194
Base,85,PennahiaArgentata,Pennahia argentata,Mid-trophic species,11,513039.306333334,86962.9385666666
Base,86,PennahiaArgentata,Pennahia argentata,Mid-trophic species,11,611115.233333333,105110.352666667
Base,87,PennahiaArgentata,Pennahia argentata,Mid-trophic species,11,638271.929666667,108704.068533333
Base,88,PennahiaArgentata,Pennahia argentata,Mid-trophic species,11,502337.362333334,85061.4391333333
Base,89,PennahiaArgentata,Pennahia argentata,Mid-trophic species,11,577057.023333334,98124.8632
Base,90,PennahiaArgentata,Pennahia argentata,Mid-trophic species,11,505906.986666667,86779.8225666667
Base,91,PennahiaArgentata,Pennahia argentata,Mid-trophic species,11,584803.797,99595.9422
Base,92,PennahiaArgentata,Pennahia argentata,Mid-trophic species,11,553498.392333334,94368.039
Base,93,PennahiaArgentata,Pennahia argentata,Mid-trophic species,11,616907.206,105673.289066667
Base,94,PennahiaArgentata,Pennahia argentata,Mid-trophic species,11,545171.365666667,93032.2085333333
Base,95,PennahiaArgentata,Pennahia argentata,Mid-trophic species,11,464886.745333333,78573.9994
Base,96,PennahiaArgentata,Pennahia argentata,Mid-trophic species,11,559821.626,95415.6738333333
Base,97,PennahiaArgentata,Pennahia argentata,Mid-trophic species,11,557598.566333333,94861.7304333333
Base,98,PennahiaArgentata,Pennahia argentata,Mid-trophic species,11,516449.799666667,88037.9858666667
Base,99,PennahiaArgentata,Pennahia argentata,Mid-trophic species,11,601440.59,102747.220266667
Base,100,PennahiaArgentata,Pennahia argentata,Mid-trophic species,11,498799.663333334,85412.0692666667
Base,1,PampusArgenteus,Pampus argenteus,Mid-trophic species,12,6553.14161666667,3987.75057
Base,2,PampusArgenteus,Pampus argenteus,Mid-trophic species,12,9781.42179333333,5929.84231666667
Base,3,PampusArgenteus,Pampus argenteus,Mid-trophic species,12,10459.2932333333,6414.8327
Base,4,PampusArgenteus,Pampus argenteus,Mid-trophic species,12,13108.5205833333,7973.21084666667
Base,5,PampusArgenteus,Pampus argenteus,Mid-trophic species,12,9790.75158,5808.94040233333
Base,6,PampusArgenteus,Pampus argenteus,Mid-trophic species,12,5426.79413333334,3269.10006333333
Base,7,PampusArgenteus,Pampus argenteus,Mid-trophic species,12,9781.30626333333,5900.31826
Base,8,PampusArgenteus,Pampus argenteus,Mid-trophic species,12,16521.6163,9968.21518333334
Base,9,PampusArgenteus,Pampus argenteus,Mid-trophic species,12,7932.70694,4831.61641333333
Base,10,PampusArgenteus,Pampus argenteus,Mid-trophic species,12,11344.3007766667,6643.42132666667
Base,11,PampusArgenteus,Pampus argenteus,Mid-trophic species,12,12460.2934133333,7468.02549
Base,12,PampusArgenteus,Pampus argenteus,Mid-trophic species,12,11801.3115233333,7094.79874
Base,13,PampusArgenteus,Pampus argenteus,Mid-trophic species,12,12417.4472866667,7381.07974666667
Base,14,PampusArgenteus,Pampus argenteus,Mid-trophic species,12,8448.77877666667,5143.46138
Base,15,PampusArgenteus,Pampus argenteus,Mid-trophic species,12,9361.56525,5606.47729666667
Base,16,PampusArgenteus,Pampus argenteus,Mid-trophic species,12,10098.72439,6098.50338333333
Base,17,PampusArgenteus,Pampus argenteus,Mid-trophic species,12,7624.92457666667,4628.67503166667
Base,18,PampusArgenteus,Pampus argenteus,Mid-trophic species,12,10868.14349,6472.24864333334
Base,19,PampusArgenteus,Pampus argenteus,Mid-trophic species,12,8256.46704333333,5050.32567333333
Base,20,PampusArgenteus,Pampus argenteus,Mid-trophic species,12,10025.7178566667,6079.52594666667
Base,21,PampusArgenteus,Pampus argenteus,Mid-trophic species,12,7934.80228666667,4863.56432
Base,22,PampusArgenteus,Pampus argenteus,Mid-trophic species,12,10308.51749,6268.34151666667
Base,23,PampusArgenteus,Pampus argenteus,Mid-trophic species,12,6438.30691,3911.93155333333
Base,24,PampusArgenteus,Pampus argenteus,Mid-trophic species,12,14261.96682,8528.99518
Base,25,PampusArgenteus,Pampus argenteus,Mid-trophic species,12,12793.8354,7517.80666666667
Base,26,PampusArgenteus,Pampus argenteus,Mid-trophic species,12,9034.22063333333,5471.46322333333
Base,27,PampusArgenteus,Pampus argenteus,Mid-trophic species,12,7554.66547,4648.57676666667
Base,28,PampusArgenteus,Pampus argenteus,Mid-trophic species,12,10687.6564733333,6538.01712333333
Base,29,PampusArgenteus,Pampus argenteus,Mid-trophic species,12,5294.36430666667,3220.53568333333
Base,30,PampusArgenteus,Pampus argenteus,Mid-trophic species,12,13959.9410733333,8245.76416
Base,31,PampusArgenteus,Pampus argenteus,Mid-trophic species,12,10548.3717753333,6230.40565733334
Base,32,PampusArgenteus,Pampus argenteus,Mid-trophic species,12,13095.3285866667,7811.91448666667
Base,33,PampusArgenteus,Pampus argenteus,Mid-trophic species,12,11439.6324233333,6871.52060333334
Base,34,PampusArgenteus,Pampus argenteus,Mid-trophic species,12,9506.03416333333,5695.90511533333
Base,35,PampusArgenteus,Pampus argenteus,Mid-trophic species,12,5660.73439333334,3456.13856666667
Base,36,PampusArgenteus,Pampus argenteus,Mid-trophic species,12,11086.1722833333,6652.27319666667
Base,37,PampusArgenteus,Pampus argenteus,Mid-trophic species,12,12532.4607933333,7510.08422
Base,38,PampusArgenteus,Pampus argenteus,Mid-trophic species,12,12713.1451166667,7607.50027333334
Base,39,PampusArgenteus,Pampus argenteus,Mid-trophic species,12,9930.28247,6018.15576333333
Base,40,PampusArgenteus,Pampus argenteus,Mid-trophic species,12,10812.62205,6513.68388333333
Base,41,PampusArgenteus,Pampus argenteus,Mid-trophic species,12,7437.42568666667,4531.57178666667
Base,42,PampusArgenteus,Pampus argenteus,Mid-trophic species,12,10514.25608,6460.35907333333
Base,43,PampusArgenteus,Pampus argenteus,Mid-trophic species,12,11368.73475,6878.82576666667
Base,44,PampusArgenteus,Pampus argenteus,Mid-trophic species,12,12701.8868833333,7587.68369666667
Base,45,PampusArgenteus,Pampus argenteus,Mid-trophic species,12,6871.89099333333,4231.27661
Base,46,PampusArgenteus,Pampus argenteus,Mid-trophic species,12,8356.86946,5081.53850333333
Base,47,PampusArgenteus,Pampus argenteus,Mid-trophic species,12,7404.54688,4553.76131
Base,48,PampusArgenteus,Pampus argenteus,Mid-trophic species,12,8415.56186,5074.51517666667
Base,49,PampusArgenteus,Pampus argenteus,Mid-trophic species,12,8026.42637,4844.04669333333
Base,50,PampusArgenteus,Pampus argenteus,Mid-trophic species,12,10303.3758366667,6271.74723666667
Base,51,PampusArgenteus,Pampus argenteus,Mid-trophic species,12,3984.613741,2400.20891833333
Base,52,PampusArgenteus,Pampus argenteus,Mid-trophic species,12,13539.65547,7898.66723
Base,53,PampusArgenteus,Pampus argenteus,Mid-trophic species,12,14283.7591533333,8470.09271666667
Base,54,PampusArgenteus,Pampus argenteus,Mid-trophic species,12,12371.4490666667,7440.89361333333
Base,55,PampusArgenteus,Pampus argenteus,Mid-trophic species,12,10531.1549666667,6356.88626333333
Base,56,PampusArgenteus,Pampus argenteus,Mid-trophic species,12,6394.65155333333,3903.799841
Base,57,PampusArgenteus,Pampus argenteus,Mid-trophic species,12,10825.8752666667,6559.4383
Base,58,PampusArgenteus,Pampus argenteus,Mid-trophic species,12,9284.65697666667,5622.69916333333
Base,59,PampusArgenteus,Pampus argenteus,Mid-trophic species,12,10299.1975433333,6309.37707
Base,60,PampusArgenteus,Pampus argenteus,Mid-trophic species,12,8452.51088,5218.65171333333
Base,61,PampusArgenteus,Pampus argenteus,Mid-trophic species,12,7917.51040133333,4795.99540233333
Base,62,PampusArgenteus,Pampus argenteus,Mid-trophic species,12,13251.7885866667,7833.66315333333
Base,63,PampusArgenteus,Pampus argenteus,Mid-trophic species,12,11998.4294333333,7227.99009666667
Base,64,PampusArgenteus,Pampus argenteus,Mid-trophic species,12,6645.61682,4066.85226333333
Base,65,PampusArgenteus,Pampus argenteus,Mid-trophic species,12,7313.57128666667,4478.21292
Base,66,PampusArgenteus,Pampus argenteus,Mid-trophic species,12,7975.84802666666,4893.75850833334
Base,67,PampusArgenteus,Pampus argenteus,Mid-trophic species,12,10436.76092,6235.38608333334
Base,68,PampusArgenteus,Pampus argenteus,Mid-trophic species,12,9382.32826666666,5583.91619666667
Base,69,PampusArgenteus,Pampus argenteus,Mid-trophic species,12,8848.26294666667,5301.46274666667
Base,70,PampusArgenteus,Pampus argenteus,Mid-trophic species,12,7941.02564666667,4840.29893
Base,71,PampusArgenteus,Pampus argenteus,Mid-trophic species,12,9484.73097333333,5687.13978
Base,72,PampusArgenteus,Pampus argenteus,Mid-trophic species,12,12093.98669,7136.24467333334
Base,73,PampusArgenteus,Pampus argenteus,Mid-trophic species,12,13397.4934166667,7971.65426
Base,74,PampusArgenteus,Pampus argenteus,Mid-trophic species,12,3210.524552,1989.48603
Base,75,PampusArgenteus,Pampus argenteus,Mid-trophic species,12,6263.06977,3840.97107333333
Base,76,PampusArgenteus,Pampus argenteus,Mid-trophic species,12,6261.41754666667,3854.61013666667
Base,77,PampusArgenteus,Pampus argenteus,Mid-trophic species,12,7403.79324333333,4453.22939333333
Base,78,PampusArgenteus,Pampus argenteus,Mid-trophic species,12,10666.7850433333,6433.57293666667
Base,79,PampusArgenteus,Pampus argenteus,Mid-trophic species,12,14050.44536,8299.36718
Base,80,PampusArgenteus,Pampus argenteus,Mid-trophic species,12,8701.77086,5334.39290333333
Base,81,PampusArgenteus,Pampus argenteus,Mid-trophic species,12,11174.1306066667,6640.00445666667
Base,82,PampusArgenteus,Pampus argenteus,Mid-trophic species,12,6902.40982666667,4191.14776666667
Base,83,PampusArgenteus,Pampus argenteus,Mid-trophic species,12,6539.17384333333,3972.660556
Base,84,PampusArgenteus,Pampus argenteus,Mid-trophic species,12,10354.24239,6216.40626
Base,85,PampusArgenteus,Pampus argenteus,Mid-trophic species,12,15465.9743266667,9315.86546
Base,86,PampusArgenteus,Pampus argenteus,Mid-trophic species,12,10202.1213966667,6168.52662
Base,87,PampusArgenteus,Pampus argenteus,Mid-trophic species,12,11033.1561233333,6565.27909333333
Base,88,PampusArgenteus,Pampus argenteus,Mid-trophic species,12,9447.95359333333,5751.10512333333
Base,89,PampusArgenteus,Pampus argenteus,Mid-trophic species,12,7211.43109,4410.81970666667
Base,90,PampusArgenteus,Pampus argenteus,Mid-trophic species,12,12135.2819233333,7310.91445333333
Base,91,PampusArgenteus,Pampus argenteus,Mid-trophic species,12,9498.41191666667,5785.50673666667
Base,92,PampusArgenteus,Pampus argenteus,Mid-trophic species,12,14279.4692833333,8440.47581
Base,93,PampusArgenteus,Pampus argenteus,Mid-trophic species,12,5459.79297333333,3374.33081
Base,94,PampusArgenteus,Pampus argenteus,Mid-trophic species,12,7904.54421,4802.48015
Base,95,PampusArgenteus,Pampus argenteus,Mid-trophic species,12,8619.01144,5223.25095666667
Base,96,PampusArgenteus,Pampus argenteus,Mid-trophic species,12,14450.66416,8598.06486666667
Base,97,PampusArgenteus,Pampus argenteus,Mid-trophic species,12,8533.66542333333,5197.321358
Base,98,PampusArgenteus,Pampus argenteus,Mid-trophic species,12,8853.28797333333,5450.77418666667
Base,99,PampusArgenteus,Pampus argenteus,Mid-trophic species,12,6668.560841,4120.33010833333
Base,100,PampusArgenteus,Pampus argenteus,Mid-trophic species,12,8826.3624,5361.23747533333
Base,1,LarimichthysPolyactis,Larimichthys polyactis,Mid-trophic species,13,593987.417,186205.379666667
Base,2,LarimichthysPolyactis,Larimichthys polyactis,Mid-trophic species,13,686885.585333333,215247.400333333
Base,3,LarimichthysPolyactis,Larimichthys polyactis,Mid-trophic species,13,556992.123333334,173087.356666667
Base,4,LarimichthysPolyactis,Larimichthys polyactis,Mid-trophic species,13,554545.3,173878.664066667
Base,5,LarimichthysPolyactis,Larimichthys polyactis,Mid-trophic species,13,580380.937333334,177833.924333333
Base,6,LarimichthysPolyactis,Larimichthys polyactis,Mid-trophic species,13,585941.204333333,183082.729333333
Base,7,LarimichthysPolyactis,Larimichthys polyactis,Mid-trophic species,13,589212.652333333,182160.678666667
Base,8,LarimichthysPolyactis,Larimichthys polyactis,Mid-trophic species,13,557987.762,173437.470333333
Base,9,LarimichthysPolyactis,Larimichthys polyactis,Mid-trophic species,13,555957.050666667,171153.006666667
Base,10,LarimichthysPolyactis,Larimichthys polyactis,Mid-trophic species,13,596538.229,185477.691666667
Base,11,LarimichthysPolyactis,Larimichthys polyactis,Mid-trophic species,13,629892.048333333,194935.5598
Base,12,LarimichthysPolyactis,Larimichthys polyactis,Mid-trophic species,13,626511.234,193300.147466667
Base,13,LarimichthysPolyactis,Larimichthys polyactis,Mid-trophic species,13,518093.615333333,161473.6065
Base,14,LarimichthysPolyactis,Larimichthys polyactis,Mid-trophic species,13,570023.818,175956.846466667
Base,15,LarimichthysPolyactis,Larimichthys polyactis,Mid-trophic species,13,609416.871,191206.222666667
Base,16,LarimichthysPolyactis,Larimichthys polyactis,Mid-trophic species,13,568636.630666667,175343.584333333
Base,17,LarimichthysPolyactis,Larimichthys polyactis,Mid-trophic species,13,561446.316333333,176328.168166667
Base,18,LarimichthysPolyactis,Larimichthys polyactis,Mid-trophic species,13,576403.900666667,180720.374333333
Base,19,LarimichthysPolyactis,Larimichthys polyactis,Mid-trophic species,13,584681.41,182727.838833333
Base,20,LarimichthysPolyactis,Larimichthys polyactis,Mid-trophic species,13,608576.219666667,190024.493666667
Base,21,LarimichthysPolyactis,Larimichthys polyactis,Mid-trophic species,13,621479.232,195218.89
Base,22,LarimichthysPolyactis,Larimichthys polyactis,Mid-trophic species,13,556112.383333334,172977.126333333
Base,23,LarimichthysPolyactis,Larimichthys polyactis,Mid-trophic species,13,608341.113333333,190738.3892
Base,24,LarimichthysPolyactis,Larimichthys polyactis,Mid-trophic species,13,537341.695,167637.108833333
Base,25,LarimichthysPolyactis,Larimichthys polyactis,Mid-trophic species,13,591294.879333333,181429.254466667
Base,26,LarimichthysPolyactis,Larimichthys polyactis,Mid-trophic species,13,626392.990333333,193200.29
Base,27,LarimichthysPolyactis,Larimichthys polyactis,Mid-trophic species,13,561468.623666667,173729.740333333
Base,28,LarimichthysPolyactis,Larimichthys polyactis,Mid-trophic species,13,606656.246,187043.961666667
Base,29,LarimichthysPolyactis,Larimichthys polyactis,Mid-trophic species,13,584117.902333334,181628.523333333
Base,30,LarimichthysPolyactis,Larimichthys polyactis,Mid-trophic species,13,559833.719,175125.224666667
Base,31,LarimichthysPolyactis,Larimichthys polyactis,Mid-trophic species,13,577650.216,178858.399333333
Base,32,LarimichthysPolyactis,Larimichthys polyactis,Mid-trophic species,13,580058.724,177879.658833333
Base,33,LarimichthysPolyactis,Larimichthys polyactis,Mid-trophic species,13,588129.915333333,183866.369333333
Base,34,LarimichthysPolyactis,Larimichthys polyactis,Mid-trophic species,13,646496.320333333,201138.548333333
Base,35,LarimichthysPolyactis,Larimichthys polyactis,Mid-trophic species,13,620373.492666667,191148.239
Base,36,LarimichthysPolyactis,Larimichthys polyactis,Mid-trophic species,13,600275.984333333,186236.6402
Base,37,LarimichthysPolyactis,Larimichthys polyactis,Mid-trophic species,13,606918.909333333,187261.620333333
Base,38,LarimichthysPolyactis,Larimichthys polyactis,Mid-trophic species,13,593966.984333333,186358.786533333
Base,39,LarimichthysPolyactis,Larimichthys polyactis,Mid-trophic species,13,562314.857666667,173257.768833333
Base,40,LarimichthysPolyactis,Larimichthys polyactis,Mid-trophic species,13,561174.788666667,172822.278666667
Base,41,LarimichthysPolyactis,Larimichthys polyactis,Mid-trophic species,13,623136.645,191591.367666667
Base,42,LarimichthysPolyactis,Larimichthys polyactis,Mid-trophic species,13,590442.885333333,182605.1022
Base,43,LarimichthysPolyactis,Larimichthys polyactis,Mid-trophic species,13,643045.982,197799.745
Base,44,LarimichthysPolyactis,Larimichthys polyactis,Mid-trophic species,13,606479.35,188334.081466667
Base,45,LarimichthysPolyactis,Larimichthys polyactis,Mid-trophic species,13,616353.439333333,190422.039333333
Base,46,LarimichthysPolyactis,Larimichthys polyactis,Mid-trophic species,13,640966.549333333,200744.456666667
Base,47,LarimichthysPolyactis,Larimichthys polyactis,Mid-trophic species,13,585495.455333333,182200.296
Base,48,LarimichthysPolyactis,Larimichthys polyactis,Mid-trophic species,13,615396.675333333,191896.606333333
Base,49,LarimichthysPolyactis,Larimichthys polyactis,Mid-trophic species,13,587180.652,180438.058333333
Base,50,LarimichthysPolyactis,Larimichthys polyactis,Mid-trophic species,13,649714.878333334,202365.886
Base,51,LarimichthysPolyactis,Larimichthys polyactis,Mid-trophic species,13,631444.803666667,195496.568
Base,52,LarimichthysPolyactis,Larimichthys polyactis,Mid-trophic species,13,600247.403,186167.451333333
Base,53,LarimichthysPolyactis,Larimichthys polyactis,Mid-trophic species,13,599594.107666667,185184.391333333
Base,54,LarimichthysPolyactis,Larimichthys polyactis,Mid-trophic species,13,599716.826666667,184349.751366667
Base,55,LarimichthysPolyactis,Larimichthys polyactis,Mid-trophic species,13,582562.815,180697.508333333
Base,56,LarimichthysPolyactis,Larimichthys polyactis,Mid-trophic species,13,590612.578666667,184571.334666667
Base,57,LarimichthysPolyactis,Larimichthys polyactis,Mid-trophic species,13,594767.517333333,184846.61
Base,58,LarimichthysPolyactis,Larimichthys polyactis,Mid-trophic species,13,663097.079666667,206241.489333333
Base,59,LarimichthysPolyactis,Larimichthys polyactis,Mid-trophic species,13,575147.961333333,181164.191
Base,60,LarimichthysPolyactis,Larimichthys polyactis,Mid-trophic species,13,621168.601333333,192374.229666667
Base,61,LarimichthysPolyactis,Larimichthys polyactis,Mid-trophic species,13,634638.7,197655.223333333
Base,62,LarimichthysPolyactis,Larimichthys polyactis,Mid-trophic species,13,586757.792,183376.229666667
Base,63,LarimichthysPolyactis,Larimichthys polyactis,Mid-trophic species,13,580174.353,180280.588666667
Base,64,LarimichthysPolyactis,Larimichthys polyactis,Mid-trophic species,13,567762.838666667,175021.692666667
Base,65,LarimichthysPolyactis,Larimichthys polyactis,Mid-trophic species,13,502765.578333333,154949.644666667
Base,66,LarimichthysPolyactis,Larimichthys polyactis,Mid-trophic species,13,629100.306,195166.584
Base,67,LarimichthysPolyactis,Larimichthys polyactis,Mid-trophic species,13,606599.399,186867.88
Base,68,LarimichthysPolyactis,Larimichthys polyactis,Mid-trophic species,13,621263.915333333,191542.34
Base,69,LarimichthysPolyactis,Larimichthys polyactis,Mid-trophic species,13,607733.250666667,188793.888333333
Base,70,LarimichthysPolyactis,Larimichthys polyactis,Mid-trophic species,13,626241.141,192962.602
Base,71,LarimichthysPolyactis,Larimichthys polyactis,Mid-trophic species,13,630026.924,192905.429333333
Base,72,LarimichthysPolyactis,Larimichthys polyactis,Mid-trophic species,13,588677.375333333,185035.424
Base,73,LarimichthysPolyactis,Larimichthys polyactis,Mid-trophic species,13,591068.985333333,183288.695333333
Base,74,LarimichthysPolyactis,Larimichthys polyactis,Mid-trophic species,13,612861.771666667,190212.829
Base,75,LarimichthysPolyactis,Larimichthys polyactis,Mid-trophic species,13,640118.285333333,198792.759
Base,76,LarimichthysPolyactis,Larimichthys polyactis,Mid-trophic species,13,588488.327666667,182891.264333333
Base,77,LarimichthysPolyactis,Larimichthys polyactis,Mid-trophic species,13,579404.283,178674.879
Base,78,LarimichthysPolyactis,Larimichthys polyactis,Mid-trophic species,13,633323.434666667,195104.551666667
Base,79,LarimichthysPolyactis,Larimichthys polyactis,Mid-trophic species,13,613612.695,189125.322
Base,80,LarimichthysPolyactis,Larimichthys polyactis,Mid-trophic species,13,586644.542666667,182767.4422
Base,81,LarimichthysPolyactis,Larimichthys polyactis,Mid-trophic species,13,570543.611666667,177924.449333333
Base,82,LarimichthysPolyactis,Larimichthys polyactis,Mid-trophic species,13,639207.926666667,198031.793666667
Base,83,LarimichthysPolyactis,Larimichthys polyactis,Mid-trophic species,13,613635.569666667,191521.698
Base,84,LarimichthysPolyactis,Larimichthys polyactis,Mid-trophic species,13,561552.618333333,174709.0473
Base,85,LarimichthysPolyactis,Larimichthys polyactis,Mid-trophic species,13,654164.442333333,202756.666166667
Base,86,LarimichthysPolyactis,Larimichthys polyactis,Mid-trophic species,13,623647.142,194215.589333333
Base,87,LarimichthysPolyactis,Larimichthys polyactis,Mid-trophic species,13,608288.310333333,189649.960533333
Base,88,LarimichthysPolyactis,Larimichthys polyactis,Mid-trophic species,13,643945.47,200008.921333333
Base,89,LarimichthysPolyactis,Larimichthys polyactis,Mid-trophic species,13,568018.695333333,177415.421
Base,90,LarimichthysPolyactis,Larimichthys polyactis,Mid-trophic species,13,581669.770333333,181488.950666667
Base,91,LarimichthysPolyactis,Larimichthys polyactis,Mid-trophic species,13,667112.205666667,208835.789666667
Base,92,LarimichthysPolyactis,Larimichthys polyactis,Mid-trophic species,13,610206.211666667,189359.240666667
Base,93,LarimichthysPolyactis,Larimichthys polyactis,Mid-trophic species,13,631676.651666667,194208.034666667
Base,94,LarimichthysPolyactis,Larimichthys polyactis,Mid-trophic species,13,638824.362666667,199247.032666667
Base,95,LarimichthysPolyactis,Larimichthys polyactis,Mid-trophic species,13,619970.665333334,192282.196166667
Base,96,LarimichthysPolyactis,Larimichthys polyactis,Mid-trophic species,13,599727.097333333,186855.441666667
Base,97,LarimichthysPolyactis,Larimichthys polyactis,Mid-trophic species,13,650617.261333333,201647.5168
Base,98,LarimichthysPolyactis,Larimichthys polyactis,Mid-trophic species,13,593912.334666667,184290.364666667
Base,99,LarimichthysPolyactis,Larimichthys polyactis,Mid-trophic species,13,606268.022,188053.365
Base,100,LarimichthysPolyactis,Larimichthys polyactis,Mid-trophic species,13,626421.599666667,195302.321333333
Base,1,TrachurusJaponicus,Trachurus japonicus,Mid-trophic species,14,12967.9038333333,2709.43943
Base,2,TrachurusJaponicus,Trachurus japonicus,Mid-trophic species,14,13603.7660566667,2865.74175
Base,3,TrachurusJaponicus,Trachurus japonicus,Mid-trophic species,14,14385.7708033333,3032.65921233333
Base,4,TrachurusJaponicus,Trachurus japonicus,Mid-trophic species,14,15989.4002066667,3492.24988533333
Base,5,TrachurusJaponicus,Trachurus japonicus,Mid-trophic species,14,12772.5149866667,2847.62136
Base,6,TrachurusJaponicus,Trachurus japonicus,Mid-trophic species,14,12703.2755633333,2691.36395466667
Base,7,TrachurusJaponicus,Trachurus japonicus,Mid-trophic species,14,13827.6906266667,2876.841479
Base,8,TrachurusJaponicus,Trachurus japonicus,Mid-trophic species,14,14924.6832333333,3265.767122
Base,9,TrachurusJaponicus,Trachurus japonicus,Mid-trophic species,14,17909.3158533333,4111.39944866667
Base,10,TrachurusJaponicus,Trachurus japonicus,Mid-trophic species,14,14399.9589966667,3048.97879333333
Base,11,TrachurusJaponicus,Trachurus japonicus,Mid-trophic species,14,15280.53619,3336.16417766667
Base,12,TrachurusJaponicus,Trachurus japonicus,Mid-trophic species,14,14410.5339033333,3186.78215766667
Base,13,TrachurusJaponicus,Trachurus japonicus,Mid-trophic species,14,13425.2019733333,2804.75858433333
Base,14,TrachurusJaponicus,Trachurus japonicus,Mid-trophic species,14,15157.0842833333,3195.41722466667
Base,15,TrachurusJaponicus,Trachurus japonicus,Mid-trophic species,14,7019.25876333333,1450.573939
Base,16,TrachurusJaponicus,Trachurus japonicus,Mid-trophic species,14,15029.5801633333,3223.88102
Base,17,TrachurusJaponicus,Trachurus japonicus,Mid-trophic species,14,14214.1791233333,3053.21559666667
Base,18,TrachurusJaponicus,Trachurus japonicus,Mid-trophic species,14,17309.2678666667,3780.23208
Base,19,TrachurusJaponicus,Trachurus japonicus,Mid-trophic species,14,20938.9344466667,4912.86714666667
Base,20,TrachurusJaponicus,Trachurus japonicus,Mid-trophic species,14,17097.5427733333,3738.82265666667
Base,21,TrachurusJaponicus,Trachurus japonicus,Mid-trophic species,14,14169.2895766667,3138.68355466667
Base,22,TrachurusJaponicus,Trachurus japonicus,Mid-trophic species,14,15338.48584,3339.91637933333
Base,23,TrachurusJaponicus,Trachurus japonicus,Mid-trophic species,14,17300.8254,3798.03453333333
Base,24,TrachurusJaponicus,Trachurus japonicus,Mid-trophic species,14,6707.62024,1338.21466533333
Base,25,TrachurusJaponicus,Trachurus japonicus,Mid-trophic species,14,14711.4190466667,3195.91735266667
Base,26,TrachurusJaponicus,Trachurus japonicus,Mid-trophic species,14,15710.1262,3511.31648
Base,27,TrachurusJaponicus,Trachurus japonicus,Mid-trophic species,14,18475.3241666667,4202.61581666667
Base,28,TrachurusJaponicus,Trachurus japonicus,Mid-trophic species,14,17383.3485433333,3735.51676333333
Base,29,TrachurusJaponicus,Trachurus japonicus,Mid-trophic species,14,15660.6649533333,3502.73111533333
Base,30,TrachurusJaponicus,Trachurus japonicus,Mid-trophic species,14,14614.7214833333,3157.79305333333
Base,31,TrachurusJaponicus,Trachurus japonicus,Mid-trophic species,14,14780.47745,3201.75349333333
Base,32,TrachurusJaponicus,Trachurus japonicus,Mid-trophic species,14,13624.9362966667,2974.42228933333
Base,33,TrachurusJaponicus,Trachurus japonicus,Mid-trophic species,14,11592.52872,2389.61782
Base,34,TrachurusJaponicus,Trachurus japonicus,Mid-trophic species,14,16920.67167,3792.03392
Base,35,TrachurusJaponicus,Trachurus japonicus,Mid-trophic species,14,13843.0415833333,3033.97625333333
Base,36,TrachurusJaponicus,Trachurus japonicus,Mid-trophic species,14,15948.02067,3409.54799666667
Base,37,TrachurusJaponicus,Trachurus japonicus,Mid-trophic species,14,12757.90618,2828.89538666667
Base,38,TrachurusJaponicus,Trachurus japonicus,Mid-trophic species,14,14322.9754966667,3045.88068333333
Base,39,TrachurusJaponicus,Trachurus japonicus,Mid-trophic species,14,14289.12196,3012.76574866667
Base,40,TrachurusJaponicus,Trachurus japonicus,Mid-trophic species,14,15771.85766,3577.268932
Base,41,TrachurusJaponicus,Trachurus japonicus,Mid-trophic species,14,16414.8477666667,3603.85302
Base,42,TrachurusJaponicus,Trachurus japonicus,Mid-trophic species,14,16594.7847866667,3661.73517
Base,43,TrachurusJaponicus,Trachurus japonicus,Mid-trophic species,14,11254.9220666667,2373.92687333333
Base,44,TrachurusJaponicus,Trachurus japonicus,Mid-trophic species,14,15832.0670366667,3505.28469
Base,45,TrachurusJaponicus,Trachurus japonicus,Mid-trophic species,14,16397.9868333333,3552.55652333333
Base,46,TrachurusJaponicus,Trachurus japonicus,Mid-trophic species,14,10866.94324,2248.187177
Base,47,TrachurusJaponicus,Trachurus japonicus,Mid-trophic species,14,11180.0304166667,2358.64419266667
Base,48,TrachurusJaponicus,Trachurus japonicus,Mid-trophic species,14,14422.16605,3156.71954466667
Base,49,TrachurusJaponicus,Trachurus japonicus,Mid-trophic species,14,14889.6456533333,3214.69922333333
Base,50,TrachurusJaponicus,Trachurus japonicus,Mid-trophic species,14,15216.0642466667,3287.22587
Base,51,TrachurusJaponicus,Trachurus japonicus,Mid-trophic species,14,14487.76817,3123.080382
Base,52,TrachurusJaponicus,Trachurus japonicus,Mid-trophic species,14,15203.8870966667,3353.20429666667
Base,53,TrachurusJaponicus,Trachurus japonicus,Mid-trophic species,14,14329.85092,3039.537748
Base,54,TrachurusJaponicus,Trachurus japonicus,Mid-trophic species,14,14702.1250766667,3337.07542333333
Base,55,TrachurusJaponicus,Trachurus japonicus,Mid-trophic species,14,12213.2010066667,2566.039951
Base,56,TrachurusJaponicus,Trachurus japonicus,Mid-trophic species,14,18081.4662,3891.15351666667
Base,57,TrachurusJaponicus,Trachurus japonicus,Mid-trophic species,14,15910.87151,3547.84022333333
Base,58,TrachurusJaponicus,Trachurus japonicus,Mid-trophic species,14,10262.1259966667,2186.12449833333
Base,59,TrachurusJaponicus,Trachurus japonicus,Mid-trophic species,14,16037.2193433333,3444.69556333333
Base,60,TrachurusJaponicus,Trachurus japonicus,Mid-trophic species,14,12941.1855333333,2708.36355
Base,61,TrachurusJaponicus,Trachurus japonicus,Mid-trophic species,14,17081.2605033333,3795.96778666667
Base,62,TrachurusJaponicus,Trachurus japonicus,Mid-trophic species,14,15941.5185166667,3567.36015333333
Base,63,TrachurusJaponicus,Trachurus japonicus,Mid-trophic species,14,14938.0808133333,3240.86371666667
Base,64,TrachurusJaponicus,Trachurus japonicus,Mid-trophic species,14,15310.8672966667,3256.9097
Base,65,TrachurusJaponicus,Trachurus japonicus,Mid-trophic species,14,17818.19585,3822.94641
Base,66,TrachurusJaponicus,Trachurus japonicus,Mid-trophic species,14,14578.2693533333,3146.610884
Base,67,TrachurusJaponicus,Trachurus japonicus,Mid-trophic species,14,15255.2795533333,3274.93455433333
Base,68,TrachurusJaponicus,Trachurus japonicus,Mid-trophic species,14,9748.97858333333,2012.785902
Base,69,TrachurusJaponicus,Trachurus japonicus,Mid-trophic species,14,13642.9160833333,2835.98400333333
Base,70,TrachurusJaponicus,Trachurus japonicus,Mid-trophic species,14,11770.84845,2610.67392266667
Base,71,TrachurusJaponicus,Trachurus japonicus,Mid-trophic species,14,14367.3877833333,2949.49660666667
Base,72,TrachurusJaponicus,Trachurus japonicus,Mid-trophic species,14,16475.1995033333,3588.98805566667
Base,73,TrachurusJaponicus,Trachurus japonicus,Mid-trophic species,14,13088.5597833333,2756.15221666667
Base,74,TrachurusJaponicus,Trachurus japonicus,Mid-trophic species,14,14159.7545266667,3005.57556333333
Base,75,TrachurusJaponicus,Trachurus japonicus,Mid-trophic species,14,15735.8290666667,3433.66245666667
Base,76,TrachurusJaponicus,Trachurus japonicus,Mid-trophic species,14,14944.7004566667,3180.28808
Base,77,TrachurusJaponicus,Trachurus japonicus,Mid-trophic species,14,15193.6572133333,3278.99668733333
Base,78,TrachurusJaponicus,Trachurus japonicus,Mid-trophic species,14,14480.17045,3099.70723666667
Base,79,TrachurusJaponicus,Trachurus japonicus,Mid-trophic species,14,12253.1371833333,2599.62851033333
Base,80,TrachurusJaponicus,Trachurus japonicus,Mid-trophic species,14,17940.3235133333,3930.51123333334
Base,81,TrachurusJaponicus,Trachurus japonicus,Mid-trophic species,14,16955.68409,3661.25168333333
Base,82,TrachurusJaponicus,Trachurus japonicus,Mid-trophic species,14,15059.3519433333,3210.22469
Base,83,TrachurusJaponicus,Trachurus japonicus,Mid-trophic species,14,14941.2853966667,3279.89481833333
Base,84,TrachurusJaponicus,Trachurus japonicus,Mid-trophic species,14,14382.3854866667,3139.961985
Base,85,TrachurusJaponicus,Trachurus japonicus,Mid-trophic species,14,11197.4760866667,2335.54209666667
Base,86,TrachurusJaponicus,Trachurus japonicus,Mid-trophic species,14,13326.8168733333,2893.698265
Base,87,TrachurusJaponicus,Trachurus japonicus,Mid-trophic species,14,15209.06633,3328.32345466667
Base,88,TrachurusJaponicus,Trachurus japonicus,Mid-trophic species,14,12473.6554766667,2668.440661
Base,89,TrachurusJaponicus,Trachurus japonicus,Mid-trophic species,14,13008.37286,2657.382104
Base,90,TrachurusJaponicus,Trachurus japonicus,Mid-trophic species,14,10314.9575233333,2089.877135
Base,91,TrachurusJaponicus,Trachurus japonicus,Mid-trophic species,14,13640.88128,2841.04662666667
Base,92,TrachurusJaponicus,Trachurus japonicus,Mid-trophic species,14,15396.5520666667,3323.13903
Base,93,TrachurusJaponicus,Trachurus japonicus,Mid-trophic species,14,11868.8663333333,2480.64692533333
Base,94,TrachurusJaponicus,Trachurus japonicus,Mid-trophic species,14,14092.86108,3183.37145766667
Base,95,TrachurusJaponicus,Trachurus japonicus,Mid-trophic species,14,14477.77565,3141.68931533333
Base,96,TrachurusJaponicus,Trachurus japonicus,Mid-trophic species,14,13216.46168,2806.904201
Base,97,TrachurusJaponicus,Trachurus japonicus,Mid-trophic species,14,12042.04636,2574.41078666667
Base,98,TrachurusJaponicus,Trachurus japonicus,Mid-trophic species,14,13809.97608,2981.3057
Base,99,TrachurusJaponicus,Trachurus japonicus,Mid-trophic species,14,13261.3290833333,2905.87811833333
Base,100,TrachurusJaponicus,Trachurus japonicus,Mid-trophic species,14,16222.99715,3574.55551333333
SSP1-2.6,1,EngraulisJaponicus,Engraulis japonicus,Prey,1,836226.328271605,130990.998740741
SSP1-2.6,2,EngraulisJaponicus,Engraulis japonicus,Prey,1,811334.764691358,126951.391209877
SSP1-2.6,3,EngraulisJaponicus,Engraulis japonicus,Prey,1,807228.707283951,126792.729197531
SSP1-2.6,4,EngraulisJaponicus,Engraulis japonicus,Prey,1,823095.404691358,129644.939111111
SSP1-2.6,5,EngraulisJaponicus,Engraulis japonicus,Prey,1,818772.185555556,128474.142839506
SSP1-2.6,6,EngraulisJaponicus,Engraulis japonicus,Prey,1,812238.322839506,128023.979567901
SSP1-2.6,7,EngraulisJaponicus,Engraulis japonicus,Prey,1,785436.626666667,122962.296308642
SSP1-2.6,8,EngraulisJaponicus,Engraulis japonicus,Prey,1,803467.049506173,126193.866271605
SSP1-2.6,9,EngraulisJaponicus,Engraulis japonicus,Prey,1,863607.00308642,135742.946617284
SSP1-2.6,10,EngraulisJaponicus,Engraulis japonicus,Prey,1,856657.143580247,134345.520555556
SSP1-2.6,11,EngraulisJaponicus,Engraulis japonicus,Prey,1,805841.161728395,126453.818
SSP1-2.6,12,EngraulisJaponicus,Engraulis japonicus,Prey,1,807753.49617284,126803.970407407
SSP1-2.6,13,EngraulisJaponicus,Engraulis japonicus,Prey,1,781506.505185185,122398.68391358
SSP1-2.6,14,EngraulisJaponicus,Engraulis japonicus,Prey,1,815382.099259259,127958.002358025
SSP1-2.6,15,EngraulisJaponicus,Engraulis japonicus,Prey,1,855602.653209877,135205.179777778
SSP1-2.6,16,EngraulisJaponicus,Engraulis japonicus,Prey,1,826337.335555556,129824.634234568
SSP1-2.6,17,EngraulisJaponicus,Engraulis japonicus,Prey,1,838752.952716049,131927.292641975
SSP1-2.6,18,EngraulisJaponicus,Engraulis japonicus,Prey,1,844698.723333333,132209.311197531
SSP1-2.6,19,EngraulisJaponicus,Engraulis japonicus,Prey,1,820570.619753086,129232.207679012
SSP1-2.6,20,EngraulisJaponicus,Engraulis japonicus,Prey,1,792858.453580247,124593.842679012
SSP1-2.6,21,EngraulisJaponicus,Engraulis japonicus,Prey,1,862475.986419753,135740.180679012
SSP1-2.6,22,EngraulisJaponicus,Engraulis japonicus,Prey,1,782867.072098765,122415.166395062
SSP1-2.6,23,EngraulisJaponicus,Engraulis japonicus,Prey,1,830775.784444445,130264.048098765
SSP1-2.6,24,EngraulisJaponicus,Engraulis japonicus,Prey,1,808241.386049383,126745.48408642
SSP1-2.6,25,EngraulisJaponicus,Engraulis japonicus,Prey,1,854351.925185185,134535.241395062
SSP1-2.6,26,EngraulisJaponicus,Engraulis japonicus,Prey,1,842037.918148148,132224.978061728
SSP1-2.6,27,EngraulisJaponicus,Engraulis japonicus,Prey,1,859503.111234568,135425.409592593
SSP1-2.6,28,EngraulisJaponicus,Engraulis japonicus,Prey,1,847372.456419753,134034.180654321
SSP1-2.6,29,EngraulisJaponicus,Engraulis japonicus,Prey,1,803778.039506173,126428.599691358
SSP1-2.6,30,EngraulisJaponicus,Engraulis japonicus,Prey,1,830263.881851852,130671.534765432
SSP1-2.6,31,EngraulisJaponicus,Engraulis japonicus,Prey,1,807954.27962963,126964.348851852
SSP1-2.6,32,EngraulisJaponicus,Engraulis japonicus,Prey,1,822585.982839506,128781.90737037
SSP1-2.6,33,EngraulisJaponicus,Engraulis japonicus,Prey,1,852643.940493827,134491.966679012
SSP1-2.6,34,EngraulisJaponicus,Engraulis japonicus,Prey,1,785922.007283951,123654.377209877
SSP1-2.6,35,EngraulisJaponicus,Engraulis japonicus,Prey,1,829626.852345679,130026.573469136
SSP1-2.6,36,EngraulisJaponicus,Engraulis japonicus,Prey,1,836122.494320988,131345.358518519
SSP1-2.6,37,EngraulisJaponicus,Engraulis japonicus,Prey,1,794480.305679013,124463.685580247
SSP1-2.6,38,EngraulisJaponicus,Engraulis japonicus,Prey,1,819697.428024692,129042.388506173
SSP1-2.6,39,EngraulisJaponicus,Engraulis japonicus,Prey,1,806681.555555556,126870.240061728
SSP1-2.6,40,EngraulisJaponicus,Engraulis japonicus,Prey,1,798472.516419753,124873.566246914
SSP1-2.6,41,EngraulisJaponicus,Engraulis japonicus,Prey,1,815972.682222222,127996.837888889
SSP1-2.6,42,EngraulisJaponicus,Engraulis japonicus,Prey,1,829382.970617284,130224.459814815
SSP1-2.6,43,EngraulisJaponicus,Engraulis japonicus,Prey,1,763271.665308642,119202.401679012
SSP1-2.6,44,EngraulisJaponicus,Engraulis japonicus,Prey,1,815062.777901234,127941.286271605
SSP1-2.6,45,EngraulisJaponicus,Engraulis japonicus,Prey,1,809509.127160494,127525.007
SSP1-2.6,46,EngraulisJaponicus,Engraulis japonicus,Prey,1,830171.265061728,130192.551790123
SSP1-2.6,47,EngraulisJaponicus,Engraulis japonicus,Prey,1,819915.029506173,128605.158209877
SSP1-2.6,48,EngraulisJaponicus,Engraulis japonicus,Prey,1,815755.962469136,127525.329234568
SSP1-2.6,49,EngraulisJaponicus,Engraulis japonicus,Prey,1,826545.320864198,129915.620716049
SSP1-2.6,50,EngraulisJaponicus,Engraulis japonicus,Prey,1,831941.034444444,131500.319790124
SSP1-2.6,51,EngraulisJaponicus,Engraulis japonicus,Prey,1,813648.093703704,127814.109530864
SSP1-2.6,52,EngraulisJaponicus,Engraulis japonicus,Prey,1,780390.406296296,122568.47917284
SSP1-2.6,53,EngraulisJaponicus,Engraulis japonicus,Prey,1,844896.749753087,132713.561074074
SSP1-2.6,54,EngraulisJaponicus,Engraulis japonicus,Prey,1,806995.846296296,126692.075407407
SSP1-2.6,55,EngraulisJaponicus,Engraulis japonicus,Prey,1,820188.141111111,129461.098567901
SSP1-2.6,56,EngraulisJaponicus,Engraulis japonicus,Prey,1,802241.297407408,125962.790679012
SSP1-2.6,57,EngraulisJaponicus,Engraulis japonicus,Prey,1,809816.608395061,127613.824654321
SSP1-2.6,58,EngraulisJaponicus,Engraulis japonicus,Prey,1,788353.647283951,123462.089234568
SSP1-2.6,59,EngraulisJaponicus,Engraulis japonicus,Prey,1,801426.629506173,125474.982654321
SSP1-2.6,60,EngraulisJaponicus,Engraulis japonicus,Prey,1,827000.306666667,130171.249185185
SSP1-2.6,61,EngraulisJaponicus,Engraulis japonicus,Prey,1,777706.206419753,121731.480345679
SSP1-2.6,62,EngraulisJaponicus,Engraulis japonicus,Prey,1,789440.589382716,123328.672790123
SSP1-2.6,63,EngraulisJaponicus,Engraulis japonicus,Prey,1,838578.404691358,131393.437777778
SSP1-2.6,64,EngraulisJaponicus,Engraulis japonicus,Prey,1,818188.821604939,128849.161358025
SSP1-2.6,65,EngraulisJaponicus,Engraulis japonicus,Prey,1,798550.714567901,125842.681432099
SSP1-2.6,66,EngraulisJaponicus,Engraulis japonicus,Prey,1,814043.679876544,127244.597716049
SSP1-2.6,67,EngraulisJaponicus,Engraulis japonicus,Prey,1,791338.830987654,124015.595123457
SSP1-2.6,68,EngraulisJaponicus,Engraulis japonicus,Prey,1,824651.484197531,130353.06591358
SSP1-2.6,69,EngraulisJaponicus,Engraulis japonicus,Prey,1,822633.449012346,128936.541975309
SSP1-2.6,70,EngraulisJaponicus,Engraulis japonicus,Prey,1,805722.770246914,126385.134098765
SSP1-2.6,71,EngraulisJaponicus,Engraulis japonicus,Prey,1,823842.629135803,130022.710419753
SSP1-2.6,72,EngraulisJaponicus,Engraulis japonicus,Prey,1,798989.055061729,125200.780481481
SSP1-2.6,73,EngraulisJaponicus,Engraulis japonicus,Prey,1,838588.401358025,131996.94937037
SSP1-2.6,74,EngraulisJaponicus,Engraulis japonicus,Prey,1,836308.369876543,131610.069555556
SSP1-2.6,75,EngraulisJaponicus,Engraulis japonicus,Prey,1,805799.780987654,127192.779604938
SSP1-2.6,76,EngraulisJaponicus,Engraulis japonicus,Prey,1,836773.720987655,131429.22908642
SSP1-2.6,77,EngraulisJaponicus,Engraulis japonicus,Prey,1,848228.538024692,133214.832296296
SSP1-2.6,78,EngraulisJaponicus,Engraulis japonicus,Prey,1,813189.332345679,127262.622925926
SSP1-2.6,79,EngraulisJaponicus,Engraulis japonicus,Prey,1,827267.745061728,130070.009135802
SSP1-2.6,80,EngraulisJaponicus,Engraulis japonicus,Prey,1,772051.257530864,120578.82745679
SSP1-2.6,81,EngraulisJaponicus,Engraulis japonicus,Prey,1,810924.422345679,127271.708580247
SSP1-2.6,82,EngraulisJaponicus,Engraulis japonicus,Prey,1,786655.805432099,122781.955925926
SSP1-2.6,83,EngraulisJaponicus,Engraulis japonicus,Prey,1,804722.224444445,126242.347814815
SSP1-2.6,84,EngraulisJaponicus,Engraulis japonicus,Prey,1,804324.944444445,126529.688975309
SSP1-2.6,85,EngraulisJaponicus,Engraulis japonicus,Prey,1,829166.98728395,129736.345901235
SSP1-2.6,86,EngraulisJaponicus,Engraulis japonicus,Prey,1,807796.799753086,126782.759580247
SSP1-2.6,87,EngraulisJaponicus,Engraulis japonicus,Prey,1,775835.106296296,121432.716444444
SSP1-2.6,88,EngraulisJaponicus,Engraulis japonicus,Prey,1,839277.354197531,132424.143950617
SSP1-2.6,89,EngraulisJaponicus,Engraulis japonicus,Prey,1,786872.040617284,123499.977271605
SSP1-2.6,90,EngraulisJaponicus,Engraulis japonicus,Prey,1,795522.49308642,124314.51282716
SSP1-2.6,91,EngraulisJaponicus,Engraulis japonicus,Prey,1,813624.411604938,127463.483024691
SSP1-2.6,92,EngraulisJaponicus,Engraulis japonicus,Prey,1,813874.577037037,127648.317469136
SSP1-2.6,93,EngraulisJaponicus,Engraulis japonicus,Prey,1,815916.977407408,128764.521098765
SSP1-2.6,94,EngraulisJaponicus,Engraulis japonicus,Prey,1,798505.91308642,124677.630197531
SSP1-2.6,95,EngraulisJaponicus,Engraulis japonicus,Prey,1,793950.717160494,124457.603320988
SSP1-2.6,96,EngraulisJaponicus,Engraulis japonicus,Prey,1,871243.021481481,137230.90117284
SSP1-2.6,97,EngraulisJaponicus,Engraulis japonicus,Prey,1,811255.977530865,127237.973061728
SSP1-2.6,98,EngraulisJaponicus,Engraulis japonicus,Prey,1,813496.515432099,127956.543246914
SSP1-2.6,99,EngraulisJaponicus,Engraulis japonicus,Prey,1,841184.792592593,131916.75437037
SSP1-2.6,100,EngraulisJaponicus,Engraulis japonicus,Prey,1,816346.50728395,128284.531283951
SSP1-2.6,1,ScomberomorusNiphonius,Scomberomorus niphonius,Predator,2,94171.1427530864,36025.4125061728
SSP1-2.6,2,ScomberomorusNiphonius,Scomberomorus niphonius,Predator,2,95256.1296666667,36385.9455432099
SSP1-2.6,3,ScomberomorusNiphonius,Scomberomorus niphonius,Predator,2,91937.6707901234,35161.8231975309
SSP1-2.6,4,ScomberomorusNiphonius,Scomberomorus niphonius,Predator,2,92592.1471604939,35538.1826049383
SSP1-2.6,5,ScomberomorusNiphonius,Scomberomorus niphonius,Predator,2,93063.6566049383,35521.5243580247
SSP1-2.6,6,ScomberomorusNiphonius,Scomberomorus niphonius,Predator,2,93374.1305925926,35878.503382716
SSP1-2.6,7,ScomberomorusNiphonius,Scomberomorus niphonius,Predator,2,92881.7974691358,35553.0824814815
SSP1-2.6,8,ScomberomorusNiphonius,Scomberomorus niphonius,Predator,2,93441.9525185185,35851.5169753086
SSP1-2.6,9,ScomberomorusNiphonius,Scomberomorus niphonius,Predator,2,90622.9275679013,34669.6007530864
SSP1-2.6,10,ScomberomorusNiphonius,Scomberomorus niphonius,Predator,2,93218.3684691359,35688.6632716049
SSP1-2.6,11,ScomberomorusNiphonius,Scomberomorus niphonius,Predator,2,92290.1312962963,35347.7637777778
SSP1-2.6,12,ScomberomorusNiphonius,Scomberomorus niphonius,Predator,2,91793.2360493827,34983.1112716049
SSP1-2.6,13,ScomberomorusNiphonius,Scomberomorus niphonius,Predator,2,92197.5936296297,35302.4960740741
SSP1-2.6,14,ScomberomorusNiphonius,Scomberomorus niphonius,Predator,2,91077.8600246914,34793.7461851852
SSP1-2.6,15,ScomberomorusNiphonius,Scomberomorus niphonius,Predator,2,94016.8610740741,35924.1899012346
SSP1-2.6,16,ScomberomorusNiphonius,Scomberomorus niphonius,Predator,2,93311.2271604938,35664.8435925926
SSP1-2.6,17,ScomberomorusNiphonius,Scomberomorus niphonius,Predator,2,90787.9774197531,34781.1167037037
SSP1-2.6,18,ScomberomorusNiphonius,Scomberomorus niphonius,Predator,2,92675.8254691358,35538.2831234568
SSP1-2.6,19,ScomberomorusNiphonius,Scomberomorus niphonius,Predator,2,92955.9840740741,35558.9274444444
SSP1-2.6,20,ScomberomorusNiphonius,Scomberomorus niphonius,Predator,2,93370.2517901235,35606.2494814815
SSP1-2.6,21,ScomberomorusNiphonius,Scomberomorus niphonius,Predator,2,92378.3485555555,35307.5761975308
SSP1-2.6,22,ScomberomorusNiphonius,Scomberomorus niphonius,Predator,2,93270.2370864198,35663.8297160494
SSP1-2.6,23,ScomberomorusNiphonius,Scomberomorus niphonius,Predator,2,91459.4199259259,35055.150691358
SSP1-2.6,24,ScomberomorusNiphonius,Scomberomorus niphonius,Predator,2,93694.4002469136,35987.5865432099
SSP1-2.6,25,ScomberomorusNiphonius,Scomberomorus niphonius,Predator,2,94877.3908518518,36336.6511728395
SSP1-2.6,26,ScomberomorusNiphonius,Scomberomorus niphonius,Predator,2,92568.8359382716,35474.0854074074
SSP1-2.6,27,ScomberomorusNiphonius,Scomberomorus niphonius,Predator,2,94550.4012592593,36251.422654321
SSP1-2.6,28,ScomberomorusNiphonius,Scomberomorus niphonius,Predator,2,93674.1997160494,35843.7437654321
SSP1-2.6,29,ScomberomorusNiphonius,Scomberomorus niphonius,Predator,2,92073.1738888889,35262.7306419753
SSP1-2.6,30,ScomberomorusNiphonius,Scomberomorus niphonius,Predator,2,92533.1111234568,35381.2383333333
SSP1-2.6,31,ScomberomorusNiphonius,Scomberomorus niphonius,Predator,2,92577.7470493827,35322.9627283951
SSP1-2.6,32,ScomberomorusNiphonius,Scomberomorus niphonius,Predator,2,95575.7145555556,36553.8861481481
SSP1-2.6,33,ScomberomorusNiphonius,Scomberomorus niphonius,Predator,2,93360.3375555555,35520.4969259259
SSP1-2.6,34,ScomberomorusNiphonius,Scomberomorus niphonius,Predator,2,93137.4711234568,35766.5262098766
SSP1-2.6,35,ScomberomorusNiphonius,Scomberomorus niphonius,Predator,2,94110.6909753087,35994.2642222222
SSP1-2.6,36,ScomberomorusNiphonius,Scomberomorus niphonius,Predator,2,93817.2038148148,35874.9554567901
SSP1-2.6,37,ScomberomorusNiphonius,Scomberomorus niphonius,Predator,2,93540.1295802469,35546.8688271605
SSP1-2.6,38,ScomberomorusNiphonius,Scomberomorus niphonius,Predator,2,93788.2387654321,35862.1069753086
SSP1-2.6,39,ScomberomorusNiphonius,Scomberomorus niphonius,Predator,2,91444.3895185185,35111.9321234568
SSP1-2.6,40,ScomberomorusNiphonius,Scomberomorus niphonius,Predator,2,91305.1750617284,35039.3364691358
SSP1-2.6,41,ScomberomorusNiphonius,Scomberomorus niphonius,Predator,2,91530.4344320988,34990.4798765432
SSP1-2.6,42,ScomberomorusNiphonius,Scomberomorus niphonius,Predator,2,94398.9384444444,36150.0201358025
SSP1-2.6,43,ScomberomorusNiphonius,Scomberomorus niphonius,Predator,2,92288.9691111111,35300.9213333333
SSP1-2.6,44,ScomberomorusNiphonius,Scomberomorus niphonius,Predator,2,92165.2065555556,35369.9587654321
SSP1-2.6,45,ScomberomorusNiphonius,Scomberomorus niphonius,Predator,2,92710.4911728395,35548.3069135803
SSP1-2.6,46,ScomberomorusNiphonius,Scomberomorus niphonius,Predator,2,93332.6557530864,35745.9232222222
SSP1-2.6,47,ScomberomorusNiphonius,Scomberomorus niphonius,Predator,2,93925.0015308642,35880.2314567901
SSP1-2.6,48,ScomberomorusNiphonius,Scomberomorus niphonius,Predator,2,92844.3861358025,35475.5155185185
SSP1-2.6,49,ScomberomorusNiphonius,Scomberomorus niphonius,Predator,2,92272.4515432099,35298.5527654321
SSP1-2.6,50,ScomberomorusNiphonius,Scomberomorus niphonius,Predator,2,94120.8708765433,36105.9054320988
SSP1-2.6,51,ScomberomorusNiphonius,Scomberomorus niphonius,Predator,2,95987.4395925926,36808.6209506173
SSP1-2.6,52,ScomberomorusNiphonius,Scomberomorus niphonius,Predator,2,94905.1879012346,36358.6783703704
SSP1-2.6,53,ScomberomorusNiphonius,Scomberomorus niphonius,Predator,2,93286.9361975309,35842.9591234568
SSP1-2.6,54,ScomberomorusNiphonius,Scomberomorus niphonius,Predator,2,92608.0795432099,35364.6040864198
SSP1-2.6,55,ScomberomorusNiphonius,Scomberomorus niphonius,Predator,2,96783.1295925926,36973.6841481482
SSP1-2.6,56,ScomberomorusNiphonius,Scomberomorus niphonius,Predator,2,91792.2645308642,35262.1081604938
SSP1-2.6,57,ScomberomorusNiphonius,Scomberomorus niphonius,Predator,2,95115.5552716049,36364.5178888889
SSP1-2.6,58,ScomberomorusNiphonius,Scomberomorus niphonius,Predator,2,94936.9607160494,36458.6787407407
SSP1-2.6,59,ScomberomorusNiphonius,Scomberomorus niphonius,Predator,2,92592.2212716049,35419.0958148148
SSP1-2.6,60,ScomberomorusNiphonius,Scomberomorus niphonius,Predator,2,91944.649925926,35254.4461851852
SSP1-2.6,61,ScomberomorusNiphonius,Scomberomorus niphonius,Predator,2,92691.9955308642,35513.7129382716
SSP1-2.6,62,ScomberomorusNiphonius,Scomberomorus niphonius,Predator,2,93828.3664074074,35994.7665925926
SSP1-2.6,63,ScomberomorusNiphonius,Scomberomorus niphonius,Predator,2,93927.3801358025,35939.7783950617
SSP1-2.6,64,ScomberomorusNiphonius,Scomberomorus niphonius,Predator,2,92709.5731358025,35322.4219506173
SSP1-2.6,65,ScomberomorusNiphonius,Scomberomorus niphonius,Predator,2,93678.1516419753,35861.8658765432
SSP1-2.6,66,ScomberomorusNiphonius,Scomberomorus niphonius,Predator,2,93242.9964320988,35786.8467777778
SSP1-2.6,67,ScomberomorusNiphonius,Scomberomorus niphonius,Predator,2,92645.2723703704,35490.2078148148
SSP1-2.6,68,ScomberomorusNiphonius,Scomberomorus niphonius,Predator,2,93238.9684567901,35578.8664444445
SSP1-2.6,69,ScomberomorusNiphonius,Scomberomorus niphonius,Predator,2,94152.188308642,36094.8581851852
SSP1-2.6,70,ScomberomorusNiphonius,Scomberomorus niphonius,Predator,2,93567.8201481481,35781.2176419753
SSP1-2.6,71,ScomberomorusNiphonius,Scomberomorus niphonius,Predator,2,91209.6423333333,35066.6115555555
SSP1-2.6,72,ScomberomorusNiphonius,Scomberomorus niphonius,Predator,2,91435.7299259259,34973.3456790124
SSP1-2.6,73,ScomberomorusNiphonius,Scomberomorus niphonius,Predator,2,91241.990728395,34965.7559876543
SSP1-2.6,74,ScomberomorusNiphonius,Scomberomorus niphonius,Predator,2,92572.111962963,35347.6443827161
SSP1-2.6,75,ScomberomorusNiphonius,Scomberomorus niphonius,Predator,2,95122.258345679,36362.5557160494
SSP1-2.6,76,ScomberomorusNiphonius,Scomberomorus niphonius,Predator,2,95109.6983333333,36408.2052592593
SSP1-2.6,77,ScomberomorusNiphonius,Scomberomorus niphonius,Predator,2,92403.0912962963,35421.1420987654
SSP1-2.6,78,ScomberomorusNiphonius,Scomberomorus niphonius,Predator,2,89928.0892962963,34357.3694567901
SSP1-2.6,79,ScomberomorusNiphonius,Scomberomorus niphonius,Predator,2,92886.1137530864,35699.8527654321
SSP1-2.6,80,ScomberomorusNiphonius,Scomberomorus niphonius,Predator,2,92674.9863580247,35482.2345679012
SSP1-2.6,81,ScomberomorusNiphonius,Scomberomorus niphonius,Predator,2,92409.2155185185,35387.7161975309
SSP1-2.6,82,ScomberomorusNiphonius,Scomberomorus niphonius,Predator,2,91727.9532345679,35124.2446419753
SSP1-2.6,83,ScomberomorusNiphonius,Scomberomorus niphonius,Predator,2,94013.2240123457,35927.8203209877
SSP1-2.6,84,ScomberomorusNiphonius,Scomberomorus niphonius,Predator,2,90863.4317654321,34834.0155185185
SSP1-2.6,85,ScomberomorusNiphonius,Scomberomorus niphonius,Predator,2,93100.6852716049,35710.701691358
SSP1-2.6,86,ScomberomorusNiphonius,Scomberomorus niphonius,Predator,2,94508.6275925926,36196.7137160494
SSP1-2.6,87,ScomberomorusNiphonius,Scomberomorus niphonius,Predator,2,92687.1587901235,35445.1851851852
SSP1-2.6,88,ScomberomorusNiphonius,Scomberomorus niphonius,Predator,2,93502.199382716,35707.2361111111
SSP1-2.6,89,ScomberomorusNiphonius,Scomberomorus niphonius,Predator,2,93222.929037037,35798.2337777778
SSP1-2.6,90,ScomberomorusNiphonius,Scomberomorus niphonius,Predator,2,94097.921,35863.0130864198
SSP1-2.6,91,ScomberomorusNiphonius,Scomberomorus niphonius,Predator,2,93843.6683333334,36046.2988395062
SSP1-2.6,92,ScomberomorusNiphonius,Scomberomorus niphonius,Predator,2,91563.7261111111,34935.7787283951
SSP1-2.6,93,ScomberomorusNiphonius,Scomberomorus niphonius,Predator,2,93102.0630493827,35567.3352839506
SSP1-2.6,94,ScomberomorusNiphonius,Scomberomorus niphonius,Predator,2,92981.4482098766,35575.2532592593
SSP1-2.6,95,ScomberomorusNiphonius,Scomberomorus niphonius,Predator,2,94693.4445679013,36136.0708024691
SSP1-2.6,96,ScomberomorusNiphonius,Scomberomorus niphonius,Predator,2,92530.2964444445,35288.7835432099
SSP1-2.6,97,ScomberomorusNiphonius,Scomberomorus niphonius,Predator,2,92499.1120123457,35437.9877777778
SSP1-2.6,98,ScomberomorusNiphonius,Scomberomorus niphonius,Predator,2,95045.9988518519,36288.5026419753
SSP1-2.6,99,ScomberomorusNiphonius,Scomberomorus niphonius,Predator,2,92440.0516419753,35498.5168888889
SSP1-2.6,100,ScomberomorusNiphonius,Scomberomorus niphonius,Predator,2,92715.6491851851,35366.8864197531
SSP1-2.6,1,TrichiurusJaponicus,Trichiurus japonicus,Predator,3,1475421.77111111,218440.48617284
SSP1-2.6,2,TrichiurusJaponicus,Trichiurus japonicus,Predator,3,1477093.86098765,218178.42617284
SSP1-2.6,3,TrichiurusJaponicus,Trichiurus japonicus,Predator,3,1500491.75061728,221374.931604938
SSP1-2.6,4,TrichiurusJaponicus,Trichiurus japonicus,Predator,3,1467632.81604938,217378.827407407
SSP1-2.6,5,TrichiurusJaponicus,Trichiurus japonicus,Predator,3,1472438.44765432,217778.441111111
SSP1-2.6,6,TrichiurusJaponicus,Trichiurus japonicus,Predator,3,1458238.65753086,215712.705555556
SSP1-2.6,7,TrichiurusJaponicus,Trichiurus japonicus,Predator,3,1469616.70864198,217717.836296296
SSP1-2.6,8,TrichiurusJaponicus,Trichiurus japonicus,Predator,3,1467783.38691358,217476.259259259
SSP1-2.6,9,TrichiurusJaponicus,Trichiurus japonicus,Predator,3,1538388.34567901,226879.252839506
SSP1-2.6,10,TrichiurusJaponicus,Trichiurus japonicus,Predator,3,1486125.36419753,219334.47037037
SSP1-2.6,11,TrichiurusJaponicus,Trichiurus japonicus,Predator,3,1492981.46740741,220935.624567901
SSP1-2.6,12,TrichiurusJaponicus,Trichiurus japonicus,Predator,3,1483814.83950617,219461.955185185
SSP1-2.6,13,TrichiurusJaponicus,Trichiurus japonicus,Predator,3,1480827.92716049,219450.489506173
SSP1-2.6,14,TrichiurusJaponicus,Trichiurus japonicus,Predator,3,1466406.36296296,217045.765185185
SSP1-2.6,15,TrichiurusJaponicus,Trichiurus japonicus,Predator,3,1436706.75703704,213301.293209877
SSP1-2.6,16,TrichiurusJaponicus,Trichiurus japonicus,Predator,3,1508564.07827161,223006.438641975
SSP1-2.6,17,TrichiurusJaponicus,Trichiurus japonicus,Predator,3,1598916.85061728,235918.248148148
SSP1-2.6,18,TrichiurusJaponicus,Trichiurus japonicus,Predator,3,1465896.97333333,217468.169259259
SSP1-2.6,19,TrichiurusJaponicus,Trichiurus japonicus,Predator,3,1500618.78753086,221754.911111111
SSP1-2.6,20,TrichiurusJaponicus,Trichiurus japonicus,Predator,3,1499263.01111111,221682.779135802
SSP1-2.6,21,TrichiurusJaponicus,Trichiurus japonicus,Predator,3,1532900.08765432,226321.882469136
SSP1-2.6,22,TrichiurusJaponicus,Trichiurus japonicus,Predator,3,1513730.86049383,223965.576419753
SSP1-2.6,23,TrichiurusJaponicus,Trichiurus japonicus,Predator,3,1494698.1808642,221537.594691358
SSP1-2.6,24,TrichiurusJaponicus,Trichiurus japonicus,Predator,3,1485075.08888889,219947.386666667
SSP1-2.6,25,TrichiurusJaponicus,Trichiurus japonicus,Predator,3,1469230.29135802,217382.837407407
SSP1-2.6,26,TrichiurusJaponicus,Trichiurus japonicus,Predator,3,1550874.42839506,229094.98345679
SSP1-2.6,27,TrichiurusJaponicus,Trichiurus japonicus,Predator,3,1496156.55061728,221283.484197531
SSP1-2.6,28,TrichiurusJaponicus,Trichiurus japonicus,Predator,3,1483801.2,219765.254567901
SSP1-2.6,29,TrichiurusJaponicus,Trichiurus japonicus,Predator,3,1550349.01358025,228863.105679012
SSP1-2.6,30,TrichiurusJaponicus,Trichiurus japonicus,Predator,3,1555042.76,229894.18345679
SSP1-2.6,31,TrichiurusJaponicus,Trichiurus japonicus,Predator,3,1476512.4362963,218511.257037037
SSP1-2.6,32,TrichiurusJaponicus,Trichiurus japonicus,Predator,3,1538846.24469136,227257.061358025
SSP1-2.6,33,TrichiurusJaponicus,Trichiurus japonicus,Predator,3,1517624.0308642,224404.998148148
SSP1-2.6,34,TrichiurusJaponicus,Trichiurus japonicus,Predator,3,1530790.50617284,226279.595925926
SSP1-2.6,35,TrichiurusJaponicus,Trichiurus japonicus,Predator,3,1522916.57283951,225416.628395062
SSP1-2.6,36,TrichiurusJaponicus,Trichiurus japonicus,Predator,3,1471799.22962963,218331.991975309
SSP1-2.6,37,TrichiurusJaponicus,Trichiurus japonicus,Predator,3,1405489.60481481,208843.866296296
SSP1-2.6,38,TrichiurusJaponicus,Trichiurus japonicus,Predator,3,1469165.09135802,217547.139382716
SSP1-2.6,39,TrichiurusJaponicus,Trichiurus japonicus,Predator,3,1497519.03506173,221843.890123457
SSP1-2.6,40,TrichiurusJaponicus,Trichiurus japonicus,Predator,3,1507773,222450.880740741
SSP1-2.6,41,TrichiurusJaponicus,Trichiurus japonicus,Predator,3,1603991.83703704,236097.524074074
SSP1-2.6,42,TrichiurusJaponicus,Trichiurus japonicus,Predator,3,1449980.19037037,214631.256790123
SSP1-2.6,43,TrichiurusJaponicus,Trichiurus japonicus,Predator,3,1483862.03333333,220032.090123457
SSP1-2.6,44,TrichiurusJaponicus,Trichiurus japonicus,Predator,3,1500762.07530864,222076.755802469
SSP1-2.6,45,TrichiurusJaponicus,Trichiurus japonicus,Predator,3,1485815.39506173,219781.98345679
SSP1-2.6,46,TrichiurusJaponicus,Trichiurus japonicus,Predator,3,1455035.09135803,215951.472469136
SSP1-2.6,47,TrichiurusJaponicus,Trichiurus japonicus,Predator,3,1496434.09703704,221308.627901235
SSP1-2.6,48,TrichiurusJaponicus,Trichiurus japonicus,Predator,3,1513721.51234568,223818.16345679
SSP1-2.6,49,TrichiurusJaponicus,Trichiurus japonicus,Predator,3,1557330.05259259,229933.183209877
SSP1-2.6,50,TrichiurusJaponicus,Trichiurus japonicus,Predator,3,1544422.8808642,228193.852839506
SSP1-2.6,51,TrichiurusJaponicus,Trichiurus japonicus,Predator,3,1456233.49555556,216001.672222222
SSP1-2.6,52,TrichiurusJaponicus,Trichiurus japonicus,Predator,3,1537367.33901235,226941.703209877
SSP1-2.6,53,TrichiurusJaponicus,Trichiurus japonicus,Predator,3,1499947.91604938,221979.317037037
SSP1-2.6,54,TrichiurusJaponicus,Trichiurus japonicus,Predator,3,1493446.54938272,220624.699012346
SSP1-2.6,55,TrichiurusJaponicus,Trichiurus japonicus,Predator,3,1559763.10617284,230662.920864197
SSP1-2.6,56,TrichiurusJaponicus,Trichiurus japonicus,Predator,3,1540776.52716049,227370.400864198
SSP1-2.6,57,TrichiurusJaponicus,Trichiurus japonicus,Predator,3,1448444.28888889,214648.011234568
SSP1-2.6,58,TrichiurusJaponicus,Trichiurus japonicus,Predator,3,1443806.04864197,213667.067037037
SSP1-2.6,59,TrichiurusJaponicus,Trichiurus japonicus,Predator,3,1562557.35432099,231024.842962963
SSP1-2.6,60,TrichiurusJaponicus,Trichiurus japonicus,Predator,3,1519894.72345679,224670.151975309
SSP1-2.6,61,TrichiurusJaponicus,Trichiurus japonicus,Predator,3,1525340.03024691,225772.776666667
SSP1-2.6,62,TrichiurusJaponicus,Trichiurus japonicus,Predator,3,1532410.40864198,226616.813950617
SSP1-2.6,63,TrichiurusJaponicus,Trichiurus japonicus,Predator,3,1481768.43209877,219433.005308642
SSP1-2.6,64,TrichiurusJaponicus,Trichiurus japonicus,Predator,3,1516581.32296296,224003.757160494
SSP1-2.6,65,TrichiurusJaponicus,Trichiurus japonicus,Predator,3,1510968.37407407,222729.465802469
SSP1-2.6,66,TrichiurusJaponicus,Trichiurus japonicus,Predator,3,1466194.48222222,217242.479135803
SSP1-2.6,67,TrichiurusJaponicus,Trichiurus japonicus,Predator,3,1456113.27296296,215444.635925926
SSP1-2.6,68,TrichiurusJaponicus,Trichiurus japonicus,Predator,3,1574187.95185185,232691.094074074
SSP1-2.6,69,TrichiurusJaponicus,Trichiurus japonicus,Predator,3,1515403.20740741,224039.604691358
SSP1-2.6,70,TrichiurusJaponicus,Trichiurus japonicus,Predator,3,1492773.74530864,221542.148395062
SSP1-2.6,71,TrichiurusJaponicus,Trichiurus japonicus,Predator,3,1539827.48641975,227433.737160494
SSP1-2.6,72,TrichiurusJaponicus,Trichiurus japonicus,Predator,3,1555727.10987654,229676.870617284
SSP1-2.6,73,TrichiurusJaponicus,Trichiurus japonicus,Predator,3,1488099.27777778,220323.703580247
SSP1-2.6,74,TrichiurusJaponicus,Trichiurus japonicus,Predator,3,1544215.78765432,228207.109259259
SSP1-2.6,75,TrichiurusJaponicus,Trichiurus japonicus,Predator,3,1457764.17419753,216318.326666667
SSP1-2.6,76,TrichiurusJaponicus,Trichiurus japonicus,Predator,3,1522765.21234568,225593.319259259
SSP1-2.6,77,TrichiurusJaponicus,Trichiurus japonicus,Predator,3,1505436.54567901,222984.510617284
SSP1-2.6,78,TrichiurusJaponicus,Trichiurus japonicus,Predator,3,1504003.01728395,222500.142716049
SSP1-2.6,79,TrichiurusJaponicus,Trichiurus japonicus,Predator,3,1478447.19135802,219077.810864197
SSP1-2.6,80,TrichiurusJaponicus,Trichiurus japonicus,Predator,3,1532266.40617284,226787.977654321
SSP1-2.6,81,TrichiurusJaponicus,Trichiurus japonicus,Predator,3,1473565.14074074,217958.740740741
SSP1-2.6,82,TrichiurusJaponicus,Trichiurus japonicus,Predator,3,1455826.41481481,215231.634444444
SSP1-2.6,83,TrichiurusJaponicus,Trichiurus japonicus,Predator,3,1504925.25185185,222839.872469136
SSP1-2.6,84,TrichiurusJaponicus,Trichiurus japonicus,Predator,3,1511258.91185185,223214.801975309
SSP1-2.6,85,TrichiurusJaponicus,Trichiurus japonicus,Predator,3,1535160.87530864,226909.509753087
SSP1-2.6,86,TrichiurusJaponicus,Trichiurus japonicus,Predator,3,1497481.9691358,222308.511851852
SSP1-2.6,87,TrichiurusJaponicus,Trichiurus japonicus,Predator,3,1554899.32716049,230176.771481482
SSP1-2.6,88,TrichiurusJaponicus,Trichiurus japonicus,Predator,3,1534230.95061728,226044.287777778
SSP1-2.6,89,TrichiurusJaponicus,Trichiurus japonicus,Predator,3,1535950.90123457,226697.288765432
SSP1-2.6,90,TrichiurusJaponicus,Trichiurus japonicus,Predator,3,1427949.51851852,212082.697530864
SSP1-2.6,91,TrichiurusJaponicus,Trichiurus japonicus,Predator,3,1436321.04395062,212667.774691358
SSP1-2.6,92,TrichiurusJaponicus,Trichiurus japonicus,Predator,3,1537376.90074074,226807.369876543
SSP1-2.6,93,TrichiurusJaponicus,Trichiurus japonicus,Predator,3,1509417.85753086,223040.148888889
SSP1-2.6,94,TrichiurusJaponicus,Trichiurus japonicus,Predator,3,1461677.27802469,216392.581037037
SSP1-2.6,95,TrichiurusJaponicus,Trichiurus japonicus,Predator,3,1548326.22098765,228298.392962963
SSP1-2.6,96,TrichiurusJaponicus,Trichiurus japonicus,Predator,3,1510674.42469136,222779.060987654
SSP1-2.6,97,TrichiurusJaponicus,Trichiurus japonicus,Predator,3,1486794.22839506,220156.124814815
SSP1-2.6,98,TrichiurusJaponicus,Trichiurus japonicus,Predator,3,1482775.05135802,219487.06691358
SSP1-2.6,99,TrichiurusJaponicus,Trichiurus japonicus,Predator,3,1535161.73580247,226618.979506173
SSP1-2.6,100,TrichiurusJaponicus,Trichiurus japonicus,Predator,3,1553045.50617284,228988.682716049
SSP1-2.6,1,MuraenesoxCinereus,Muraenesox cinereus,Predator,4,814926.891358025,146873.972246914
SSP1-2.6,2,MuraenesoxCinereus,Muraenesox cinereus,Predator,4,831184.066049383,149191.889938272
SSP1-2.6,3,MuraenesoxCinereus,Muraenesox cinereus,Predator,4,820530.417777778,147165.83637037
SSP1-2.6,4,MuraenesoxCinereus,Muraenesox cinereus,Predator,4,826987.519876543,148443.601074074
SSP1-2.6,5,MuraenesoxCinereus,Muraenesox cinereus,Predator,4,810474.325925926,145287.025185185
SSP1-2.6,6,MuraenesoxCinereus,Muraenesox cinereus,Predator,4,855985.702839506,153932.560185185
SSP1-2.6,7,MuraenesoxCinereus,Muraenesox cinereus,Predator,4,847038.696049383,152242.803407407
SSP1-2.6,8,MuraenesoxCinereus,Muraenesox cinereus,Predator,4,827944.567901234,148426.138185185
SSP1-2.6,9,MuraenesoxCinereus,Muraenesox cinereus,Predator,4,798282.259876543,143225.080160494
SSP1-2.6,10,MuraenesoxCinereus,Muraenesox cinereus,Predator,4,818886.067530864,146848.500185185
SSP1-2.6,11,MuraenesoxCinereus,Muraenesox cinereus,Predator,4,818078.498765432,146764.618395062
SSP1-2.6,12,MuraenesoxCinereus,Muraenesox cinereus,Predator,4,825882.318765432,148366.379901235
SSP1-2.6,13,MuraenesoxCinereus,Muraenesox cinereus,Predator,4,840141.819876543,150844.377098765
SSP1-2.6,14,MuraenesoxCinereus,Muraenesox cinereus,Predator,4,822030.500987654,147453.71091358
SSP1-2.6,15,MuraenesoxCinereus,Muraenesox cinereus,Predator,4,843521.504691358,151674.515604938
SSP1-2.6,16,MuraenesoxCinereus,Muraenesox cinereus,Predator,4,813435.191851852,146118.07091358
SSP1-2.6,17,MuraenesoxCinereus,Muraenesox cinereus,Predator,4,816175.019506173,146242.018851852
SSP1-2.6,18,MuraenesoxCinereus,Muraenesox cinereus,Predator,4,824503.588148148,147598.319691358
SSP1-2.6,19,MuraenesoxCinereus,Muraenesox cinereus,Predator,4,839137.14691358,150484.286814815
SSP1-2.6,20,MuraenesoxCinereus,Muraenesox cinereus,Predator,4,847296.124444445,151638.669444444
SSP1-2.6,21,MuraenesoxCinereus,Muraenesox cinereus,Predator,4,823589.829876543,148000.39037037
SSP1-2.6,22,MuraenesoxCinereus,Muraenesox cinereus,Predator,4,832300.620123456,149534.620925926
SSP1-2.6,23,MuraenesoxCinereus,Muraenesox cinereus,Predator,4,797297.995061728,143337.228259259
SSP1-2.6,24,MuraenesoxCinereus,Muraenesox cinereus,Predator,4,851667.022098766,152886.025358025
SSP1-2.6,25,MuraenesoxCinereus,Muraenesox cinereus,Predator,4,823927.669876543,147845.85617284
SSP1-2.6,26,MuraenesoxCinereus,Muraenesox cinereus,Predator,4,839048.449012346,150740.755555556
SSP1-2.6,27,MuraenesoxCinereus,Muraenesox cinereus,Predator,4,847773.309506173,152128.423012346
SSP1-2.6,28,MuraenesoxCinereus,Muraenesox cinereus,Predator,4,818581.243333333,147105.416395062
SSP1-2.6,29,MuraenesoxCinereus,Muraenesox cinereus,Predator,4,829913.537160494,148913.047777778
SSP1-2.6,30,MuraenesoxCinereus,Muraenesox cinereus,Predator,4,808465.634814815,144725.08537037
SSP1-2.6,31,MuraenesoxCinereus,Muraenesox cinereus,Predator,4,830301.203333333,148988.647975309
SSP1-2.6,32,MuraenesoxCinereus,Muraenesox cinereus,Predator,4,823565.313209877,147677.315481481
SSP1-2.6,33,MuraenesoxCinereus,Muraenesox cinereus,Predator,4,823933.063827161,148304.714753086
SSP1-2.6,34,MuraenesoxCinereus,Muraenesox cinereus,Predator,4,829120.217654321,148435.147234568
SSP1-2.6,35,MuraenesoxCinereus,Muraenesox cinereus,Predator,4,828937.848395062,149310.073481481
SSP1-2.6,36,MuraenesoxCinereus,Muraenesox cinereus,Predator,4,833760.824444445,149583.253641975
SSP1-2.6,37,MuraenesoxCinereus,Muraenesox cinereus,Predator,4,857583.018518519,154163.444901235
SSP1-2.6,38,MuraenesoxCinereus,Muraenesox cinereus,Predator,4,823234.795061728,147722.68691358
SSP1-2.6,39,MuraenesoxCinereus,Muraenesox cinereus,Predator,4,810506.060123457,145387.018950617
SSP1-2.6,40,MuraenesoxCinereus,Muraenesox cinereus,Predator,4,833101.853703704,149626.020259259
SSP1-2.6,41,MuraenesoxCinereus,Muraenesox cinereus,Predator,4,813536.599382716,145597.242604938
SSP1-2.6,42,MuraenesoxCinereus,Muraenesox cinereus,Predator,4,828562.428641975,148645.669876543
SSP1-2.6,43,MuraenesoxCinereus,Muraenesox cinereus,Predator,4,828546.874444445,148752.479271605
SSP1-2.6,44,MuraenesoxCinereus,Muraenesox cinereus,Predator,4,821316.298765432,147194.730444444
SSP1-2.6,45,MuraenesoxCinereus,Muraenesox cinereus,Predator,4,836730.546296296,150320.95762963
SSP1-2.6,46,MuraenesoxCinereus,Muraenesox cinereus,Predator,4,850921.804567901,152892.647802469
SSP1-2.6,47,MuraenesoxCinereus,Muraenesox cinereus,Predator,4,827990.629259259,148300.572160494
SSP1-2.6,48,MuraenesoxCinereus,Muraenesox cinereus,Predator,4,815188.303950617,146432.587283951
SSP1-2.6,49,MuraenesoxCinereus,Muraenesox cinereus,Predator,4,817888.533209877,147021.226790123
SSP1-2.6,50,MuraenesoxCinereus,Muraenesox cinereus,Predator,4,831540.085925926,149413.535740741
SSP1-2.6,51,MuraenesoxCinereus,Muraenesox cinereus,Predator,4,852304.08308642,152805.981407407
SSP1-2.6,52,MuraenesoxCinereus,Muraenesox cinereus,Predator,4,827616.387160494,148132.997012346
SSP1-2.6,53,MuraenesoxCinereus,Muraenesox cinereus,Predator,4,829988.270246914,148626.810432099
SSP1-2.6,54,MuraenesoxCinereus,Muraenesox cinereus,Predator,4,837225.057283951,149750.815493827
SSP1-2.6,55,MuraenesoxCinereus,Muraenesox cinereus,Predator,4,847501.872345679,152272.325135802
SSP1-2.6,56,MuraenesoxCinereus,Muraenesox cinereus,Predator,4,828170.513209877,149082.782790123
SSP1-2.6,57,MuraenesoxCinereus,Muraenesox cinereus,Predator,4,846559.732469136,151975.520308642
SSP1-2.6,58,MuraenesoxCinereus,Muraenesox cinereus,Predator,4,837483.569506173,150147.913209877
SSP1-2.6,59,MuraenesoxCinereus,Muraenesox cinereus,Predator,4,825843.623333334,147945.157419753
SSP1-2.6,60,MuraenesoxCinereus,Muraenesox cinereus,Predator,4,827090.234938272,148053.612074074
SSP1-2.6,61,MuraenesoxCinereus,Muraenesox cinereus,Predator,4,819501.418765432,147142.753950617
SSP1-2.6,62,MuraenesoxCinereus,Muraenesox cinereus,Predator,4,833459.895185185,149408.455580247
SSP1-2.6,63,MuraenesoxCinereus,Muraenesox cinereus,Predator,4,832856.361481482,149794.049617284
SSP1-2.6,64,MuraenesoxCinereus,Muraenesox cinereus,Predator,4,839065.636296296,150225.991012346
SSP1-2.6,65,MuraenesoxCinereus,Muraenesox cinereus,Predator,4,810735.733333334,145678.963703704
SSP1-2.6,66,MuraenesoxCinereus,Muraenesox cinereus,Predator,4,840183.11,150778.823148148
SSP1-2.6,67,MuraenesoxCinereus,Muraenesox cinereus,Predator,4,813801.280740741,145784.743012346
SSP1-2.6,68,MuraenesoxCinereus,Muraenesox cinereus,Predator,4,828413.481481482,148537.035358025
SSP1-2.6,69,MuraenesoxCinereus,Muraenesox cinereus,Predator,4,819301.09962963,146619.514765432
SSP1-2.6,70,MuraenesoxCinereus,Muraenesox cinereus,Predator,4,833757.842716049,149449.944123457
SSP1-2.6,71,MuraenesoxCinereus,Muraenesox cinereus,Predator,4,819164.330864198,147381.703641975
SSP1-2.6,72,MuraenesoxCinereus,Muraenesox cinereus,Predator,4,808509.702592592,145186.96117284
SSP1-2.6,73,MuraenesoxCinereus,Muraenesox cinereus,Predator,4,815668.995061728,146332.37845679
SSP1-2.6,74,MuraenesoxCinereus,Muraenesox cinereus,Predator,4,828204.464567901,148287.035185185
SSP1-2.6,75,MuraenesoxCinereus,Muraenesox cinereus,Predator,4,856034.452345679,153690.149135802
SSP1-2.6,76,MuraenesoxCinereus,Muraenesox cinereus,Predator,4,852236.052592592,153203.355580247
SSP1-2.6,77,MuraenesoxCinereus,Muraenesox cinereus,Predator,4,804102.543209877,144904.715925926
SSP1-2.6,78,MuraenesoxCinereus,Muraenesox cinereus,Predator,4,822910.502469136,147767.306209877
SSP1-2.6,79,MuraenesoxCinereus,Muraenesox cinereus,Predator,4,823282.756172839,147480.220777778
SSP1-2.6,80,MuraenesoxCinereus,Muraenesox cinereus,Predator,4,820716.415679013,147311.670938272
SSP1-2.6,81,MuraenesoxCinereus,Muraenesox cinereus,Predator,4,835277.011728395,150395.06
SSP1-2.6,82,MuraenesoxCinereus,Muraenesox cinereus,Predator,4,834323.987283951,149735.835358025
SSP1-2.6,83,MuraenesoxCinereus,Muraenesox cinereus,Predator,4,820625.726666667,147235.420728395
SSP1-2.6,84,MuraenesoxCinereus,Muraenesox cinereus,Predator,4,824296.785925926,148213.601185185
SSP1-2.6,85,MuraenesoxCinereus,Muraenesox cinereus,Predator,4,805008.713950617,144323.698938272
SSP1-2.6,86,MuraenesoxCinereus,Muraenesox cinereus,Predator,4,846004.014444444,151578.885012346
SSP1-2.6,87,MuraenesoxCinereus,Muraenesox cinereus,Predator,4,823354.491851852,147424.993185185
SSP1-2.6,88,MuraenesoxCinereus,Muraenesox cinereus,Predator,4,816372.263950617,146368.635617284
SSP1-2.6,89,MuraenesoxCinereus,Muraenesox cinereus,Predator,4,822619.329506173,147907.373320988
SSP1-2.6,90,MuraenesoxCinereus,Muraenesox cinereus,Predator,4,830879.545925926,149152.063765432
SSP1-2.6,91,MuraenesoxCinereus,Muraenesox cinereus,Predator,4,847215.800617284,152086.187901235
SSP1-2.6,92,MuraenesoxCinereus,Muraenesox cinereus,Predator,4,794613.629012346,142484.577901235
SSP1-2.6,93,MuraenesoxCinereus,Muraenesox cinereus,Predator,4,839692.115308642,150810.886716049
SSP1-2.6,94,MuraenesoxCinereus,Muraenesox cinereus,Predator,4,834622.593827161,149663.927111111
SSP1-2.6,95,MuraenesoxCinereus,Muraenesox cinereus,Predator,4,822405.902098766,147750.223469136
SSP1-2.6,96,MuraenesoxCinereus,Muraenesox cinereus,Predator,4,822551.290246914,147205.790432099
SSP1-2.6,97,MuraenesoxCinereus,Muraenesox cinereus,Predator,4,842221.166049383,151432.55445679
SSP1-2.6,98,MuraenesoxCinereus,Muraenesox cinereus,Predator,4,853445.554691358,153148.805074074
SSP1-2.6,99,MuraenesoxCinereus,Muraenesox cinereus,Predator,4,818583.487037037,146717.684580247
SSP1-2.6,100,MuraenesoxCinereus,Muraenesox cinereus,Predator,4,831555.976790123,149346.22862963
SSP1-2.6,1,MiichthysMiiuy,Miichthys miiuy,Predator,5,66251.3837654321,24326.4832839506
SSP1-2.6,2,MiichthysMiiuy,Miichthys miiuy,Predator,5,69719.6845555556,26022.8003580247
SSP1-2.6,3,MiichthysMiiuy,Miichthys miiuy,Predator,5,68508.4439506173,25786.1695185185
SSP1-2.6,4,MiichthysMiiuy,Miichthys miiuy,Predator,5,72817.2634814815,26990.0255925926
SSP1-2.6,5,MiichthysMiiuy,Miichthys miiuy,Predator,5,73037.3504444444,27066.1521518518
SSP1-2.6,6,MiichthysMiiuy,Miichthys miiuy,Predator,5,67113.3039753087,25147.2989012346
SSP1-2.6,7,MiichthysMiiuy,Miichthys miiuy,Predator,5,76749.9112716049,28972.2105555556
SSP1-2.6,8,MiichthysMiiuy,Miichthys miiuy,Predator,5,69463.5137407408,26126.0220864198
SSP1-2.6,9,MiichthysMiiuy,Miichthys miiuy,Predator,5,72246.0479259259,26994.9471481481
SSP1-2.6,10,MiichthysMiiuy,Miichthys miiuy,Predator,5,66451.144654321,24629.1631481482
SSP1-2.6,11,MiichthysMiiuy,Miichthys miiuy,Predator,5,76096.7218271605,28781.8624259259
SSP1-2.6,12,MiichthysMiiuy,Miichthys miiuy,Predator,5,72475.4099753086,27101.7368148148
SSP1-2.6,13,MiichthysMiiuy,Miichthys miiuy,Predator,5,65243.4546790123,23844.9537654321
SSP1-2.6,14,MiichthysMiiuy,Miichthys miiuy,Predator,5,69891.9289876543,25648.8347469136
SSP1-2.6,15,MiichthysMiiuy,Miichthys miiuy,Predator,5,70049.5212098766,26259.4301358025
SSP1-2.6,16,MiichthysMiiuy,Miichthys miiuy,Predator,5,72754.1274444445,27228.9500703704
SSP1-2.6,17,MiichthysMiiuy,Miichthys miiuy,Predator,5,66271.1282962963,24782.1072098766
SSP1-2.6,18,MiichthysMiiuy,Miichthys miiuy,Predator,5,71489.7511481482,26601.8084567901
SSP1-2.6,19,MiichthysMiiuy,Miichthys miiuy,Predator,5,66669.9266419754,24758.3859975309
SSP1-2.6,20,MiichthysMiiuy,Miichthys miiuy,Predator,5,69598.1921728395,26189.099617284
SSP1-2.6,21,MiichthysMiiuy,Miichthys miiuy,Predator,5,70575.3032345679,26367.7375679012
SSP1-2.6,22,MiichthysMiiuy,Miichthys miiuy,Predator,5,74722.3071111111,28064.9900987654
SSP1-2.6,23,MiichthysMiiuy,Miichthys miiuy,Predator,5,66820.1235925926,25248.2312962963
SSP1-2.6,24,MiichthysMiiuy,Miichthys miiuy,Predator,5,67606.9427283951,25367.2344567901
SSP1-2.6,25,MiichthysMiiuy,Miichthys miiuy,Predator,5,71910.3362222222,26876.5165432099
SSP1-2.6,26,MiichthysMiiuy,Miichthys miiuy,Predator,5,70381.8800246914,26358.3303703704
SSP1-2.6,27,MiichthysMiiuy,Miichthys miiuy,Predator,5,65973.5148148149,24591.0686728395
SSP1-2.6,28,MiichthysMiiuy,Miichthys miiuy,Predator,5,70244.9333209876,26208.4592098765
SSP1-2.6,29,MiichthysMiiuy,Miichthys miiuy,Predator,5,66687.2276419753,24957.7832592593
SSP1-2.6,30,MiichthysMiiuy,Miichthys miiuy,Predator,5,72823.4437901235,27115.6748765432
SSP1-2.6,31,MiichthysMiiuy,Miichthys miiuy,Predator,5,72794.4781604938,27366.3624567901
SSP1-2.6,32,MiichthysMiiuy,Miichthys miiuy,Predator,5,67517.4625308642,25238.8484691358
SSP1-2.6,33,MiichthysMiiuy,Miichthys miiuy,Predator,5,76306.2728888889,28693.1652469136
SSP1-2.6,34,MiichthysMiiuy,Miichthys miiuy,Predator,5,68094.5691604939,25400.4861851852
SSP1-2.6,35,MiichthysMiiuy,Miichthys miiuy,Predator,5,68679.9548518519,25596.2535802469
SSP1-2.6,36,MiichthysMiiuy,Miichthys miiuy,Predator,5,73602.6731358025,27619.6291358025
SSP1-2.6,37,MiichthysMiiuy,Miichthys miiuy,Predator,5,70791.6917654321,26272.8901604938
SSP1-2.6,38,MiichthysMiiuy,Miichthys miiuy,Predator,5,74214.0728518518,27554.1072037037
SSP1-2.6,39,MiichthysMiiuy,Miichthys miiuy,Predator,5,68659.7092469136,25657.2549938272
SSP1-2.6,40,MiichthysMiiuy,Miichthys miiuy,Predator,5,73325.2445185185,27792.877537037
SSP1-2.6,41,MiichthysMiiuy,Miichthys miiuy,Predator,5,72985.091308642,27456.7975061728
SSP1-2.6,42,MiichthysMiiuy,Miichthys miiuy,Predator,5,66346.4793209877,24305.3494074074
SSP1-2.6,43,MiichthysMiiuy,Miichthys miiuy,Predator,5,70333.6952839506,26518.0444814815
SSP1-2.6,44,MiichthysMiiuy,Miichthys miiuy,Predator,5,71642.0000246914,26888.4796604938
SSP1-2.6,45,MiichthysMiiuy,Miichthys miiuy,Predator,5,66863.3928395061,25328.8587160494
SSP1-2.6,46,MiichthysMiiuy,Miichthys miiuy,Predator,5,69818.775617284,25798.3526790124
SSP1-2.6,47,MiichthysMiiuy,Miichthys miiuy,Predator,5,67395.5775925926,24818.3268271605
SSP1-2.6,48,MiichthysMiiuy,Miichthys miiuy,Predator,5,70011.0990246913,26229.0886481481
SSP1-2.6,49,MiichthysMiiuy,Miichthys miiuy,Predator,5,68502.1920123457,25534.6632962963
SSP1-2.6,50,MiichthysMiiuy,Miichthys miiuy,Predator,5,71290.7419753087,27070.4172962963
SSP1-2.6,51,MiichthysMiiuy,Miichthys miiuy,Predator,5,68907.1470493827,25664.2851111111
SSP1-2.6,52,MiichthysMiiuy,Miichthys miiuy,Predator,5,64903.8450864198,23740.6683333333
SSP1-2.6,53,MiichthysMiiuy,Miichthys miiuy,Predator,5,73757.1558888889,27525.7034320988
SSP1-2.6,54,MiichthysMiiuy,Miichthys miiuy,Predator,5,75433.4755679013,28196.8776666667
SSP1-2.6,55,MiichthysMiiuy,Miichthys miiuy,Predator,5,67283.1291728395,25442.4452222222
SSP1-2.6,56,MiichthysMiiuy,Miichthys miiuy,Predator,5,72720.6986296297,27160.7280308642
SSP1-2.6,57,MiichthysMiiuy,Miichthys miiuy,Predator,5,69008.9188148148,25896.3819197531
SSP1-2.6,58,MiichthysMiiuy,Miichthys miiuy,Predator,5,67486.6438024691,25194.6949938272
SSP1-2.6,59,MiichthysMiiuy,Miichthys miiuy,Predator,5,73614.1517530864,27354.4525432099
SSP1-2.6,60,MiichthysMiiuy,Miichthys miiuy,Predator,5,72573.075691358,26947.0597777778
SSP1-2.6,61,MiichthysMiiuy,Miichthys miiuy,Predator,5,70564.6062098766,26210.3102098766
SSP1-2.6,62,MiichthysMiiuy,Miichthys miiuy,Predator,5,70206.9791234568,26419.2085925926
SSP1-2.6,63,MiichthysMiiuy,Miichthys miiuy,Predator,5,70274.8077407408,26233.0591975309
SSP1-2.6,64,MiichthysMiiuy,Miichthys miiuy,Predator,5,70162.3429382716,26452.6240308642
SSP1-2.6,65,MiichthysMiiuy,Miichthys miiuy,Predator,5,69177.7649876543,25878.5105925926
SSP1-2.6,66,MiichthysMiiuy,Miichthys miiuy,Predator,5,67989.9127777778,25640.7490987654
SSP1-2.6,67,MiichthysMiiuy,Miichthys miiuy,Predator,5,69865.4101851852,26212.788037037
SSP1-2.6,68,MiichthysMiiuy,Miichthys miiuy,Predator,5,66570.6849876543,24959.5694814815
SSP1-2.6,69,MiichthysMiiuy,Miichthys miiuy,Predator,5,74005.0449506173,27493.6758395062
SSP1-2.6,70,MiichthysMiiuy,Miichthys miiuy,Predator,5,70105.7142469136,26184.3946419753
SSP1-2.6,71,MiichthysMiiuy,Miichthys miiuy,Predator,5,70713.2838271605,26607.462691358
SSP1-2.6,72,MiichthysMiiuy,Miichthys miiuy,Predator,5,70667.0607901235,26377.9453950617
SSP1-2.6,73,MiichthysMiiuy,Miichthys miiuy,Predator,5,68999.7372345679,25857.2978271605
SSP1-2.6,74,MiichthysMiiuy,Miichthys miiuy,Predator,5,68051.2489753086,25413.0226049383
SSP1-2.6,75,MiichthysMiiuy,Miichthys miiuy,Predator,5,67481.6788148148,25511.8797407407
SSP1-2.6,76,MiichthysMiiuy,Miichthys miiuy,Predator,5,72393.841271605,27006.6842716049
SSP1-2.6,77,MiichthysMiiuy,Miichthys miiuy,Predator,5,70066.6800987654,25926.3977407408
SSP1-2.6,78,MiichthysMiiuy,Miichthys miiuy,Predator,5,67742.7587777778,25344.3367777778
SSP1-2.6,79,MiichthysMiiuy,Miichthys miiuy,Predator,5,71693.4973333333,26482.3127283951
SSP1-2.6,80,MiichthysMiiuy,Miichthys miiuy,Predator,5,67231.4473703704,24932.7921358025
SSP1-2.6,81,MiichthysMiiuy,Miichthys miiuy,Predator,5,68201.559,25627.2015246914
SSP1-2.6,82,MiichthysMiiuy,Miichthys miiuy,Predator,5,71527.7934197531,26872.645617284
SSP1-2.6,83,MiichthysMiiuy,Miichthys miiuy,Predator,5,73742.3919506173,27573.7820740741
SSP1-2.6,84,MiichthysMiiuy,Miichthys miiuy,Predator,5,69381.4111481481,25865.4788395062
SSP1-2.6,85,MiichthysMiiuy,Miichthys miiuy,Predator,5,67419.2894320988,25077.1737283951
SSP1-2.6,86,MiichthysMiiuy,Miichthys miiuy,Predator,5,69810.023617284,25544.2170493827
SSP1-2.6,87,MiichthysMiiuy,Miichthys miiuy,Predator,5,70724.0407777778,26219.8545925926
SSP1-2.6,88,MiichthysMiiuy,Miichthys miiuy,Predator,5,70541.4372345679,26195.7241851852
SSP1-2.6,89,MiichthysMiiuy,Miichthys miiuy,Predator,5,68400.5621234568,25699.383617284
SSP1-2.6,90,MiichthysMiiuy,Miichthys miiuy,Predator,5,67829.9439753086,25441.3418518519
SSP1-2.6,91,MiichthysMiiuy,Miichthys miiuy,Predator,5,68704.1255308642,25543.201617284
SSP1-2.6,92,MiichthysMiiuy,Miichthys miiuy,Predator,5,78654.2885185185,29603.0328580247
SSP1-2.6,93,MiichthysMiiuy,Miichthys miiuy,Predator,5,69277.8269382716,26139.8437592593
SSP1-2.6,94,MiichthysMiiuy,Miichthys miiuy,Predator,5,70041.3012222223,26084.1165555556
SSP1-2.6,95,MiichthysMiiuy,Miichthys miiuy,Predator,5,72703.917382716,26909.782808642
SSP1-2.6,96,MiichthysMiiuy,Miichthys miiuy,Predator,5,65792.1204814815,24339.3833703704
SSP1-2.6,97,MiichthysMiiuy,Miichthys miiuy,Predator,5,69752.9725308642,26179.8027283951
SSP1-2.6,98,MiichthysMiiuy,Miichthys miiuy,Predator,5,69960.542654321,25856.2502469136
SSP1-2.6,99,MiichthysMiiuy,Miichthys miiuy,Predator,5,68451.4098395062,25406.3656975309
SSP1-2.6,100,MiichthysMiiuy,Miichthys miiuy,Predator,5,65960.166345679,24667.8153703704
SSP1-2.6,1,TodarodesPacificus,Todarodes pacificus,Invertebrate,6,887791.769012345,152371.572814815
SSP1-2.6,2,TodarodesPacificus,Todarodes pacificus,Invertebrate,6,919096.581851852,157755.365185185
SSP1-2.6,3,TodarodesPacificus,Todarodes pacificus,Invertebrate,6,862884.374074074,148290.089
SSP1-2.6,4,TodarodesPacificus,Todarodes pacificus,Invertebrate,6,896711.348024691,153470.378358025
SSP1-2.6,5,TodarodesPacificus,Todarodes pacificus,Invertebrate,6,854823.653333333,147157.067345679
SSP1-2.6,6,TodarodesPacificus,Todarodes pacificus,Invertebrate,6,926166.164814815,158457.211679012
SSP1-2.6,7,TodarodesPacificus,Todarodes pacificus,Invertebrate,6,887176.217901235,152293.050851852
SSP1-2.6,8,TodarodesPacificus,Todarodes pacificus,Invertebrate,6,867288.672098765,149276.322308642
SSP1-2.6,9,TodarodesPacificus,Todarodes pacificus,Invertebrate,6,880989.35345679,150989.622950617
SSP1-2.6,10,TodarodesPacificus,Todarodes pacificus,Invertebrate,6,861150.407407408,147714.046493827
SSP1-2.6,11,TodarodesPacificus,Todarodes pacificus,Invertebrate,6,921130.515802469,157915.651382716
SSP1-2.6,12,TodarodesPacificus,Todarodes pacificus,Invertebrate,6,932490.912592593,159528.922024691
SSP1-2.6,13,TodarodesPacificus,Todarodes pacificus,Invertebrate,6,875688.081728395,150303.002296296
SSP1-2.6,14,TodarodesPacificus,Todarodes pacificus,Invertebrate,6,916115.242839506,157762.892802469
SSP1-2.6,15,TodarodesPacificus,Todarodes pacificus,Invertebrate,6,880509.737654321,151118.714283951
SSP1-2.6,16,TodarodesPacificus,Todarodes pacificus,Invertebrate,6,911101.86,156042.165197531
SSP1-2.6,17,TodarodesPacificus,Todarodes pacificus,Invertebrate,6,916518.935555555,156494.330123457
SSP1-2.6,18,TodarodesPacificus,Todarodes pacificus,Invertebrate,6,873077.752592593,149849.687135803
SSP1-2.6,19,TodarodesPacificus,Todarodes pacificus,Invertebrate,6,891531.385061728,153282.110123457
SSP1-2.6,20,TodarodesPacificus,Todarodes pacificus,Invertebrate,6,925527.490493827,158213.284012346
SSP1-2.6,21,TodarodesPacificus,Todarodes pacificus,Invertebrate,6,866844.581851852,149021.416111111
SSP1-2.6,22,TodarodesPacificus,Todarodes pacificus,Invertebrate,6,939627.392345679,160702.892469136
SSP1-2.6,23,TodarodesPacificus,Todarodes pacificus,Invertebrate,6,843492.252098766,145192.075654321
SSP1-2.6,24,TodarodesPacificus,Todarodes pacificus,Invertebrate,6,878285.711975308,151403.492271605
SSP1-2.6,25,TodarodesPacificus,Todarodes pacificus,Invertebrate,6,836170.729382716,144186.043716049
SSP1-2.6,26,TodarodesPacificus,Todarodes pacificus,Invertebrate,6,897293.501851852,153827.68017284
SSP1-2.6,27,TodarodesPacificus,Todarodes pacificus,Invertebrate,6,838698.89271605,144424.016098765
SSP1-2.6,28,TodarodesPacificus,Todarodes pacificus,Invertebrate,6,890223.147530865,151746.747209877
SSP1-2.6,29,TodarodesPacificus,Todarodes pacificus,Invertebrate,6,881266.312222222,151253.795975309
SSP1-2.6,30,TodarodesPacificus,Todarodes pacificus,Invertebrate,6,865606.788395062,148975.501469136
SSP1-2.6,31,TodarodesPacificus,Todarodes pacificus,Invertebrate,6,869208.088148148,149708.723765432
SSP1-2.6,32,TodarodesPacificus,Todarodes pacificus,Invertebrate,6,865637.634938272,148545.079135803
SSP1-2.6,33,TodarodesPacificus,Todarodes pacificus,Invertebrate,6,881800.439135802,151237.571333333
SSP1-2.6,34,TodarodesPacificus,Todarodes pacificus,Invertebrate,6,895178.837530864,154314.781395062
SSP1-2.6,35,TodarodesPacificus,Todarodes pacificus,Invertebrate,6,862160.737160494,148827.598790123
SSP1-2.6,36,TodarodesPacificus,Todarodes pacificus,Invertebrate,6,872742.328888889,149824.035679012
SSP1-2.6,37,TodarodesPacificus,Todarodes pacificus,Invertebrate,6,933714.787530864,160437.607259259
SSP1-2.6,38,TodarodesPacificus,Todarodes pacificus,Invertebrate,6,930451.984320988,158869.479691358
SSP1-2.6,39,TodarodesPacificus,Todarodes pacificus,Invertebrate,6,864479.896419753,148787.942320988
SSP1-2.6,40,TodarodesPacificus,Todarodes pacificus,Invertebrate,6,907717.772592592,155610.27445679
SSP1-2.6,41,TodarodesPacificus,Todarodes pacificus,Invertebrate,6,897410.74,154126.72337037
SSP1-2.6,42,TodarodesPacificus,Todarodes pacificus,Invertebrate,6,875323.245555556,150141.057320988
SSP1-2.6,43,TodarodesPacificus,Todarodes pacificus,Invertebrate,6,899072.481604938,153860.914
SSP1-2.6,44,TodarodesPacificus,Todarodes pacificus,Invertebrate,6,867535.350246914,148282.308172839
SSP1-2.6,45,TodarodesPacificus,Todarodes pacificus,Invertebrate,6,904887.705185185,155774.58408642
SSP1-2.6,46,TodarodesPacificus,Todarodes pacificus,Invertebrate,6,878286.829382716,150536.735345679
SSP1-2.6,47,TodarodesPacificus,Todarodes pacificus,Invertebrate,6,856246.930617284,147102.124308642
SSP1-2.6,48,TodarodesPacificus,Todarodes pacificus,Invertebrate,6,875272.509506173,150390.535049383
SSP1-2.6,49,TodarodesPacificus,Todarodes pacificus,Invertebrate,6,908106.367160494,155660.398925926
SSP1-2.6,50,TodarodesPacificus,Todarodes pacificus,Invertebrate,6,912064.422592593,156195.278246914
SSP1-2.6,51,TodarodesPacificus,Todarodes pacificus,Invertebrate,6,915358.585432099,157620.762148148
SSP1-2.6,52,TodarodesPacificus,Todarodes pacificus,Invertebrate,6,907126.176419753,155573.349382716
SSP1-2.6,53,TodarodesPacificus,Todarodes pacificus,Invertebrate,6,855638.687530864,146897.802037037
SSP1-2.6,54,TodarodesPacificus,Todarodes pacificus,Invertebrate,6,901981.646790123,155199.647777778
SSP1-2.6,55,TodarodesPacificus,Todarodes pacificus,Invertebrate,6,896253.975061729,153987.278333333
SSP1-2.6,56,TodarodesPacificus,Todarodes pacificus,Invertebrate,6,885273.773209877,152065.746024691
SSP1-2.6,57,TodarodesPacificus,Todarodes pacificus,Invertebrate,6,897014.511728395,154720.018271605
SSP1-2.6,58,TodarodesPacificus,Todarodes pacificus,Invertebrate,6,932398.000987654,160340.649382716
SSP1-2.6,59,TodarodesPacificus,Todarodes pacificus,Invertebrate,6,911916.117530864,156568.191617284
SSP1-2.6,60,TodarodesPacificus,Todarodes pacificus,Invertebrate,6,893939.672098765,153319.522222222
SSP1-2.6,61,TodarodesPacificus,Todarodes pacificus,Invertebrate,6,878461.587160494,151288.805271605
SSP1-2.6,62,TodarodesPacificus,Todarodes pacificus,Invertebrate,6,863851.637654321,147958.874
SSP1-2.6,63,TodarodesPacificus,Todarodes pacificus,Invertebrate,6,885006.327037037,151525.619765432
SSP1-2.6,64,TodarodesPacificus,Todarodes pacificus,Invertebrate,6,882674.570123457,151715.708209877
SSP1-2.6,65,TodarodesPacificus,Todarodes pacificus,Invertebrate,6,869075.809259259,148769.692950617
SSP1-2.6,66,TodarodesPacificus,Todarodes pacificus,Invertebrate,6,905680.547160494,155163.959975309
SSP1-2.6,67,TodarodesPacificus,Todarodes pacificus,Invertebrate,6,906538.515925926,155259.769753086
SSP1-2.6,68,TodarodesPacificus,Todarodes pacificus,Invertebrate,6,864068.33617284,149000.993296296
SSP1-2.6,69,TodarodesPacificus,Todarodes pacificus,Invertebrate,6,886074.178765432,152703.184197531
SSP1-2.6,70,TodarodesPacificus,Todarodes pacificus,Invertebrate,6,907560.406172839,155117.128234568
SSP1-2.6,71,TodarodesPacificus,Todarodes pacificus,Invertebrate,6,876628.844197531,150503.112283951
SSP1-2.6,72,TodarodesPacificus,Todarodes pacificus,Invertebrate,6,914187.308271605,156254.38137037
SSP1-2.6,73,TodarodesPacificus,Todarodes pacificus,Invertebrate,6,905168.138641975,155264.49208642
SSP1-2.6,74,TodarodesPacificus,Todarodes pacificus,Invertebrate,6,867740.362592593,149044.622246914
SSP1-2.6,75,TodarodesPacificus,Todarodes pacificus,Invertebrate,6,890488.264197531,152431.611246914
SSP1-2.6,76,TodarodesPacificus,Todarodes pacificus,Invertebrate,6,901648.478518519,154765.525432099
SSP1-2.6,77,TodarodesPacificus,Todarodes pacificus,Invertebrate,6,950562.511234568,162300.318407407
SSP1-2.6,78,TodarodesPacificus,Todarodes pacificus,Invertebrate,6,913721.404197531,156617.183666667
SSP1-2.6,79,TodarodesPacificus,Todarodes pacificus,Invertebrate,6,901760.177901234,155336.978308642
SSP1-2.6,80,TodarodesPacificus,Todarodes pacificus,Invertebrate,6,912834.50617284,156659.389320988
SSP1-2.6,81,TodarodesPacificus,Todarodes pacificus,Invertebrate,6,890391.718765432,152778.395814815
SSP1-2.6,82,TodarodesPacificus,Todarodes pacificus,Invertebrate,6,908327.512345679,156180.713160494
SSP1-2.6,83,TodarodesPacificus,Todarodes pacificus,Invertebrate,6,892129.745185186,152462.819259259
SSP1-2.6,84,TodarodesPacificus,Todarodes pacificus,Invertebrate,6,897857.180987654,154697.483765432
SSP1-2.6,85,TodarodesPacificus,Todarodes pacificus,Invertebrate,6,885631.498148148,151769.344925926
SSP1-2.6,86,TodarodesPacificus,Todarodes pacificus,Invertebrate,6,897928.044074074,154347.700555556
SSP1-2.6,87,TodarodesPacificus,Todarodes pacificus,Invertebrate,6,880932.084074074,151338.684716049
SSP1-2.6,88,TodarodesPacificus,Todarodes pacificus,Invertebrate,6,875670.987283951,149694.373592593
SSP1-2.6,89,TodarodesPacificus,Todarodes pacificus,Invertebrate,6,865824.167407408,148327.876654321
SSP1-2.6,90,TodarodesPacificus,Todarodes pacificus,Invertebrate,6,888464.439876543,152232.096246914
SSP1-2.6,91,TodarodesPacificus,Todarodes pacificus,Invertebrate,6,902822.559753087,154990.963851852
SSP1-2.6,92,TodarodesPacificus,Todarodes pacificus,Invertebrate,6,893284.559012345,153555.855061728
SSP1-2.6,93,TodarodesPacificus,Todarodes pacificus,Invertebrate,6,869753.754938272,149840.999641975
SSP1-2.6,94,TodarodesPacificus,Todarodes pacificus,Invertebrate,6,898542.04345679,155052.422617284
SSP1-2.6,95,TodarodesPacificus,Todarodes pacificus,Invertebrate,6,873230.389382716,150380.363765432
SSP1-2.6,96,TodarodesPacificus,Todarodes pacificus,Invertebrate,6,941863.726419753,160979.624765432
SSP1-2.6,97,TodarodesPacificus,Todarodes pacificus,Invertebrate,6,903099.786666667,155594.830185185
SSP1-2.6,98,TodarodesPacificus,Todarodes pacificus,Invertebrate,6,860067.183209877,148236.413259259
SSP1-2.6,99,TodarodesPacificus,Todarodes pacificus,Invertebrate,6,889720.831358025,152435.921864198
SSP1-2.6,100,TodarodesPacificus,Todarodes pacificus,Invertebrate,6,891587.279382716,153080.825
SSP1-2.6,1,TrachysalambriaCurvirostris,Trachysalambria curvirostris,Invertebrate,7,260020.216666667,86935.9218765432
SSP1-2.6,2,TrachysalambriaCurvirostris,Trachysalambria curvirostris,Invertebrate,7,245172.401308642,83259.2415679013
SSP1-2.6,3,TrachysalambriaCurvirostris,Trachysalambria curvirostris,Invertebrate,7,267918.597975309,90458.1598641975
SSP1-2.6,4,TrachysalambriaCurvirostris,Trachysalambria curvirostris,Invertebrate,7,265253.246975309,90201.9570864197
SSP1-2.6,5,TrachysalambriaCurvirostris,Trachysalambria curvirostris,Invertebrate,7,252143.018148148,84833.8021851852
SSP1-2.6,6,TrachysalambriaCurvirostris,Trachysalambria curvirostris,Invertebrate,7,263612.312518519,88764.7398024691
SSP1-2.6,7,TrachysalambriaCurvirostris,Trachysalambria curvirostris,Invertebrate,7,277478.895185185,93034.8795555556
SSP1-2.6,8,TrachysalambriaCurvirostris,Trachysalambria curvirostris,Invertebrate,7,274723.876,92219.8007777778
SSP1-2.6,9,TrachysalambriaCurvirostris,Trachysalambria curvirostris,Invertebrate,7,255395.415185185,86240.4985432099
SSP1-2.6,10,TrachysalambriaCurvirostris,Trachysalambria curvirostris,Invertebrate,7,276615.841234568,92423.2458395061
SSP1-2.6,11,TrachysalambriaCurvirostris,Trachysalambria curvirostris,Invertebrate,7,258773.102962963,88593.9526790124
SSP1-2.6,12,TrachysalambriaCurvirostris,Trachysalambria curvirostris,Invertebrate,7,289516.181975309,96663.5678271605
SSP1-2.6,13,TrachysalambriaCurvirostris,Trachysalambria curvirostris,Invertebrate,7,262420.703382716,87964.0195925926
SSP1-2.6,14,TrachysalambriaCurvirostris,Trachysalambria curvirostris,Invertebrate,7,266083.992716049,89153.540617284
SSP1-2.6,15,TrachysalambriaCurvirostris,Trachysalambria curvirostris,Invertebrate,7,262341.331419753,88914.0360740741
SSP1-2.6,16,TrachysalambriaCurvirostris,Trachysalambria curvirostris,Invertebrate,7,252644.940987654,85850.1642716049
SSP1-2.6,17,TrachysalambriaCurvirostris,Trachysalambria curvirostris,Invertebrate,7,265956.525259259,89406.4022962963
SSP1-2.6,18,TrachysalambriaCurvirostris,Trachysalambria curvirostris,Invertebrate,7,264712.78345679,89622.4385802469
SSP1-2.6,19,TrachysalambriaCurvirostris,Trachysalambria curvirostris,Invertebrate,7,252017.796481482,85112.9372345679
SSP1-2.6,20,TrachysalambriaCurvirostris,Trachysalambria curvirostris,Invertebrate,7,253609.228209877,85162.0435802469
SSP1-2.6,21,TrachysalambriaCurvirostris,Trachysalambria curvirostris,Invertebrate,7,264649.896172839,89580.3349876543
SSP1-2.6,22,TrachysalambriaCurvirostris,Trachysalambria curvirostris,Invertebrate,7,266156.918148148,89824.7788148148
SSP1-2.6,23,TrachysalambriaCurvirostris,Trachysalambria curvirostris,Invertebrate,7,264698.14162963,89562.4824444444
SSP1-2.6,24,TrachysalambriaCurvirostris,Trachysalambria curvirostris,Invertebrate,7,261582.138888889,88336.6690493828
SSP1-2.6,25,TrachysalambriaCurvirostris,Trachysalambria curvirostris,Invertebrate,7,270797.327654321,90857.098691358
SSP1-2.6,26,TrachysalambriaCurvirostris,Trachysalambria curvirostris,Invertebrate,7,258613.188493827,87278.2445308642
SSP1-2.6,27,TrachysalambriaCurvirostris,Trachysalambria curvirostris,Invertebrate,7,257073.528814815,87184.0758641975
SSP1-2.6,28,TrachysalambriaCurvirostris,Trachysalambria curvirostris,Invertebrate,7,250680.458938272,84237.8294320988
SSP1-2.6,29,TrachysalambriaCurvirostris,Trachysalambria curvirostris,Invertebrate,7,249462.823654321,84463.1429259259
SSP1-2.6,30,TrachysalambriaCurvirostris,Trachysalambria curvirostris,Invertebrate,7,269767.622839506,91085.7170864197
SSP1-2.6,31,TrachysalambriaCurvirostris,Trachysalambria curvirostris,Invertebrate,7,239494.908135803,82107.0507654321
SSP1-2.6,32,TrachysalambriaCurvirostris,Trachysalambria curvirostris,Invertebrate,7,255491.061283951,85942.0450864198
SSP1-2.6,33,TrachysalambriaCurvirostris,Trachysalambria curvirostris,Invertebrate,7,284477.205802469,95521.7546666667
SSP1-2.6,34,TrachysalambriaCurvirostris,Trachysalambria curvirostris,Invertebrate,7,259319.891358025,87193.7158395062
SSP1-2.6,35,TrachysalambriaCurvirostris,Trachysalambria curvirostris,Invertebrate,7,266645.333395062,90347.8141111111
SSP1-2.6,36,TrachysalambriaCurvirostris,Trachysalambria curvirostris,Invertebrate,7,256010.496345679,86428.3195308642
SSP1-2.6,37,TrachysalambriaCurvirostris,Trachysalambria curvirostris,Invertebrate,7,256433.91808642,87057.0292345679
SSP1-2.6,38,TrachysalambriaCurvirostris,Trachysalambria curvirostris,Invertebrate,7,266841.603506173,90716.8383703704
SSP1-2.6,39,TrachysalambriaCurvirostris,Trachysalambria curvirostris,Invertebrate,7,265249.721851852,89477.3071851852
SSP1-2.6,40,TrachysalambriaCurvirostris,Trachysalambria curvirostris,Invertebrate,7,259427.866962963,87268.9270370371
SSP1-2.6,41,TrachysalambriaCurvirostris,Trachysalambria curvirostris,Invertebrate,7,271323.047654321,90983.6622962963
SSP1-2.6,42,TrachysalambriaCurvirostris,Trachysalambria curvirostris,Invertebrate,7,250409.678333333,85175.1401975309
SSP1-2.6,43,TrachysalambriaCurvirostris,Trachysalambria curvirostris,Invertebrate,7,260469.358395062,87647.5781975309
SSP1-2.6,44,TrachysalambriaCurvirostris,Trachysalambria curvirostris,Invertebrate,7,267864.400246914,90213.6968148148
SSP1-2.6,45,TrachysalambriaCurvirostris,Trachysalambria curvirostris,Invertebrate,7,266342.700246914,90037.414
SSP1-2.6,46,TrachysalambriaCurvirostris,Trachysalambria curvirostris,Invertebrate,7,260030.461975309,87539.4403209876
SSP1-2.6,47,TrachysalambriaCurvirostris,Trachysalambria curvirostris,Invertebrate,7,255787.583530864,86388.1248641975
SSP1-2.6,48,TrachysalambriaCurvirostris,Trachysalambria curvirostris,Invertebrate,7,250085.409320988,84125.2229135802
SSP1-2.6,49,TrachysalambriaCurvirostris,Trachysalambria curvirostris,Invertebrate,7,253471.894864197,85182.5000864198
SSP1-2.6,50,TrachysalambriaCurvirostris,Trachysalambria curvirostris,Invertebrate,7,260448.198765432,87815.2326666667
SSP1-2.6,51,TrachysalambriaCurvirostris,Trachysalambria curvirostris,Invertebrate,7,260628.400012346,87242.7218518518
SSP1-2.6,52,TrachysalambriaCurvirostris,Trachysalambria curvirostris,Invertebrate,7,262266.165728395,88332.5315925926
SSP1-2.6,53,TrachysalambriaCurvirostris,Trachysalambria curvirostris,Invertebrate,7,278608.233703704,94022.2354074074
SSP1-2.6,54,TrachysalambriaCurvirostris,Trachysalambria curvirostris,Invertebrate,7,243084.388641975,82083.9788518519
SSP1-2.6,55,TrachysalambriaCurvirostris,Trachysalambria curvirostris,Invertebrate,7,268257.930938272,90122.6964938272
SSP1-2.6,56,TrachysalambriaCurvirostris,Trachysalambria curvirostris,Invertebrate,7,247995.141864198,83720.9451481481
SSP1-2.6,57,TrachysalambriaCurvirostris,Trachysalambria curvirostris,Invertebrate,7,243944.781604938,82157.1225061729
SSP1-2.6,58,TrachysalambriaCurvirostris,Trachysalambria curvirostris,Invertebrate,7,278788.21771605,93704.8148888889
SSP1-2.6,59,TrachysalambriaCurvirostris,Trachysalambria curvirostris,Invertebrate,7,269857.477716049,90336.4553703704
SSP1-2.6,60,TrachysalambriaCurvirostris,Trachysalambria curvirostris,Invertebrate,7,267734.552098766,90402.8240617284
SSP1-2.6,61,TrachysalambriaCurvirostris,Trachysalambria curvirostris,Invertebrate,7,237849.32654321,80682.1650123457
SSP1-2.6,62,TrachysalambriaCurvirostris,Trachysalambria curvirostris,Invertebrate,7,253810.376790123,84744.3167407408
SSP1-2.6,63,TrachysalambriaCurvirostris,Trachysalambria curvirostris,Invertebrate,7,256283.589925926,87493.9047160494
SSP1-2.6,64,TrachysalambriaCurvirostris,Trachysalambria curvirostris,Invertebrate,7,270440.860493827,91060.1603580247
SSP1-2.6,65,TrachysalambriaCurvirostris,Trachysalambria curvirostris,Invertebrate,7,268925.275308642,90856.8089382716
SSP1-2.6,66,TrachysalambriaCurvirostris,Trachysalambria curvirostris,Invertebrate,7,257700.46445679,87146.1540123457
SSP1-2.6,67,TrachysalambriaCurvirostris,Trachysalambria curvirostris,Invertebrate,7,263955.954567901,88775.2351358025
SSP1-2.6,68,TrachysalambriaCurvirostris,Trachysalambria curvirostris,Invertebrate,7,263691.794814815,89233.560580247
SSP1-2.6,69,TrachysalambriaCurvirostris,Trachysalambria curvirostris,Invertebrate,7,276143.377037037,93273.7189259259
SSP1-2.6,70,TrachysalambriaCurvirostris,Trachysalambria curvirostris,Invertebrate,7,286677.21,96594.6396913581
SSP1-2.6,71,TrachysalambriaCurvirostris,Trachysalambria curvirostris,Invertebrate,7,254288.08945679,85975.6217530864
SSP1-2.6,72,TrachysalambriaCurvirostris,Trachysalambria curvirostris,Invertebrate,7,249289.375925926,84556.7811851852
SSP1-2.6,73,TrachysalambriaCurvirostris,Trachysalambria curvirostris,Invertebrate,7,267342.792098766,89868.0942222222
SSP1-2.6,74,TrachysalambriaCurvirostris,Trachysalambria curvirostris,Invertebrate,7,260428.161481482,87411.0958765432
SSP1-2.6,75,TrachysalambriaCurvirostris,Trachysalambria curvirostris,Invertebrate,7,256096.384123457,86410.7916419753
SSP1-2.6,76,TrachysalambriaCurvirostris,Trachysalambria curvirostris,Invertebrate,7,262919.127530864,88722.8974691358
SSP1-2.6,77,TrachysalambriaCurvirostris,Trachysalambria curvirostris,Invertebrate,7,263723.202962963,88883.6336049383
SSP1-2.6,78,TrachysalambriaCurvirostris,Trachysalambria curvirostris,Invertebrate,7,268320.978148148,90608.4282839506
SSP1-2.6,79,TrachysalambriaCurvirostris,Trachysalambria curvirostris,Invertebrate,7,281903.935061729,94546.3113333334
SSP1-2.6,80,TrachysalambriaCurvirostris,Trachysalambria curvirostris,Invertebrate,7,263411.101666667,88541.4095555555
SSP1-2.6,81,TrachysalambriaCurvirostris,Trachysalambria curvirostris,Invertebrate,7,254114.738580247,85224.0468765432
SSP1-2.6,82,TrachysalambriaCurvirostris,Trachysalambria curvirostris,Invertebrate,7,255013.142222222,85984.803345679
SSP1-2.6,83,TrachysalambriaCurvirostris,Trachysalambria curvirostris,Invertebrate,7,253341.295925926,85008.5283333333
SSP1-2.6,84,TrachysalambriaCurvirostris,Trachysalambria curvirostris,Invertebrate,7,260078.52,88037.3957037037
SSP1-2.6,85,TrachysalambriaCurvirostris,Trachysalambria curvirostris,Invertebrate,7,248078.505987654,84203.9676419753
SSP1-2.6,86,TrachysalambriaCurvirostris,Trachysalambria curvirostris,Invertebrate,7,288490.930617284,96802.9955679012
SSP1-2.6,87,TrachysalambriaCurvirostris,Trachysalambria curvirostris,Invertebrate,7,275656.442716049,92046.7618395062
SSP1-2.6,88,TrachysalambriaCurvirostris,Trachysalambria curvirostris,Invertebrate,7,255261.895864198,86334.0751111111
SSP1-2.6,89,TrachysalambriaCurvirostris,Trachysalambria curvirostris,Invertebrate,7,276567.552098765,92701.8676296296
SSP1-2.6,90,TrachysalambriaCurvirostris,Trachysalambria curvirostris,Invertebrate,7,266959.630123457,89444.2139506173
SSP1-2.6,91,TrachysalambriaCurvirostris,Trachysalambria curvirostris,Invertebrate,7,251859.401049383,84780.8920246914
SSP1-2.6,92,TrachysalambriaCurvirostris,Trachysalambria curvirostris,Invertebrate,7,292435.395308642,97872.6446296296
SSP1-2.6,93,TrachysalambriaCurvirostris,Trachysalambria curvirostris,Invertebrate,7,268917.650555556,90498.4353580247
SSP1-2.6,94,TrachysalambriaCurvirostris,Trachysalambria curvirostris,Invertebrate,7,251522.111185185,84786.1128765432
SSP1-2.6,95,TrachysalambriaCurvirostris,Trachysalambria curvirostris,Invertebrate,7,274882.448024692,92666.1202962963
SSP1-2.6,96,TrachysalambriaCurvirostris,Trachysalambria curvirostris,Invertebrate,7,263260.381975309,88686.1686790124
SSP1-2.6,97,TrachysalambriaCurvirostris,Trachysalambria curvirostris,Invertebrate,7,270365.682098766,92252.4769135802
SSP1-2.6,98,TrachysalambriaCurvirostris,Trachysalambria curvirostris,Invertebrate,7,298950.824814815,100329.636506173
SSP1-2.6,99,TrachysalambriaCurvirostris,Trachysalambria curvirostris,Invertebrate,7,266636.052222222,89541.6512098765
SSP1-2.6,100,TrachysalambriaCurvirostris,Trachysalambria curvirostris,Invertebrate,7,268575.311358025,90800.2038148148
SSP1-2.6,1,PortunusTrituberculatus,Portunus trituberculatus,Invertebrate,8,407140.386666667,89795.7051481482
SSP1-2.6,2,PortunusTrituberculatus,Portunus trituberculatus,Invertebrate,8,398389.658641975,88258.2511481481
SSP1-2.6,3,PortunusTrituberculatus,Portunus trituberculatus,Invertebrate,8,404934.089135802,89817.9531481482
SSP1-2.6,4,PortunusTrituberculatus,Portunus trituberculatus,Invertebrate,8,403887.023580247,89657.2879382716
SSP1-2.6,5,PortunusTrituberculatus,Portunus trituberculatus,Invertebrate,8,420568.790370371,92720.4647777778
SSP1-2.6,6,PortunusTrituberculatus,Portunus trituberculatus,Invertebrate,8,404017.575925926,88902.5907777778
SSP1-2.6,7,PortunusTrituberculatus,Portunus trituberculatus,Invertebrate,8,414280.961111111,91225.8299753086
SSP1-2.6,8,PortunusTrituberculatus,Portunus trituberculatus,Invertebrate,8,420174.845432099,93126.1626419753
SSP1-2.6,9,PortunusTrituberculatus,Portunus trituberculatus,Invertebrate,8,439889.460864198,96446.2552098765
SSP1-2.6,10,PortunusTrituberculatus,Portunus trituberculatus,Invertebrate,8,389813.858888889,86772.8718518518
SSP1-2.6,11,PortunusTrituberculatus,Portunus trituberculatus,Invertebrate,8,421549.921975309,92686.9842839506
SSP1-2.6,12,PortunusTrituberculatus,Portunus trituberculatus,Invertebrate,8,404040.071604938,89458.9605432099
SSP1-2.6,13,PortunusTrituberculatus,Portunus trituberculatus,Invertebrate,8,400301.460987654,88906.8665802469
SSP1-2.6,14,PortunusTrituberculatus,Portunus trituberculatus,Invertebrate,8,403599.29308642,88600.8728641976
SSP1-2.6,15,PortunusTrituberculatus,Portunus trituberculatus,Invertebrate,8,401525.587777778,88898.8923703704
SSP1-2.6,16,PortunusTrituberculatus,Portunus trituberculatus,Invertebrate,8,418681.960123457,92712.9030987654
SSP1-2.6,17,PortunusTrituberculatus,Portunus trituberculatus,Invertebrate,8,435151.792345679,96134.2574814815
SSP1-2.6,18,PortunusTrituberculatus,Portunus trituberculatus,Invertebrate,8,423078.742098766,93698.7851481481
SSP1-2.6,19,PortunusTrituberculatus,Portunus trituberculatus,Invertebrate,8,424782.982592593,93752.273654321
SSP1-2.6,20,PortunusTrituberculatus,Portunus trituberculatus,Invertebrate,8,402845.900246914,89680.0277530864
SSP1-2.6,21,PortunusTrituberculatus,Portunus trituberculatus,Invertebrate,8,416707.307407407,91557.8132962963
SSP1-2.6,22,PortunusTrituberculatus,Portunus trituberculatus,Invertebrate,8,396137.81,88624.1034938271
SSP1-2.6,23,PortunusTrituberculatus,Portunus trituberculatus,Invertebrate,8,402857.530617284,89458.3454691358
SSP1-2.6,24,PortunusTrituberculatus,Portunus trituberculatus,Invertebrate,8,420811.849259259,92536.1815679013
SSP1-2.6,25,PortunusTrituberculatus,Portunus trituberculatus,Invertebrate,8,418611.777283951,92823.870037037
SSP1-2.6,26,PortunusTrituberculatus,Portunus trituberculatus,Invertebrate,8,421034.529382716,93294.8353333333
SSP1-2.6,27,PortunusTrituberculatus,Portunus trituberculatus,Invertebrate,8,420863.140740741,92988.636888889
SSP1-2.6,28,PortunusTrituberculatus,Portunus trituberculatus,Invertebrate,8,415713.705679013,91497.1616913581
SSP1-2.6,29,PortunusTrituberculatus,Portunus trituberculatus,Invertebrate,8,409888.985308642,90455.6787901235
SSP1-2.6,30,PortunusTrituberculatus,Portunus trituberculatus,Invertebrate,8,406824.940246914,90764.9137037037
SSP1-2.6,31,PortunusTrituberculatus,Portunus trituberculatus,Invertebrate,8,401613.352839506,89153.0280123457
SSP1-2.6,32,PortunusTrituberculatus,Portunus trituberculatus,Invertebrate,8,421482.961111111,93163.7116419753
SSP1-2.6,33,PortunusTrituberculatus,Portunus trituberculatus,Invertebrate,8,408416.86,90388.7513950617
SSP1-2.6,34,PortunusTrituberculatus,Portunus trituberculatus,Invertebrate,8,410843.604320988,90745.254308642
SSP1-2.6,35,PortunusTrituberculatus,Portunus trituberculatus,Invertebrate,8,414365.402592593,91665.0969382716
SSP1-2.6,36,PortunusTrituberculatus,Portunus trituberculatus,Invertebrate,8,421996.289259259,92933.7406296296
SSP1-2.6,37,PortunusTrituberculatus,Portunus trituberculatus,Invertebrate,8,407805.123703704,89816.8892345679
SSP1-2.6,38,PortunusTrituberculatus,Portunus trituberculatus,Invertebrate,8,415410.247283951,92265.5055802469
SSP1-2.6,39,PortunusTrituberculatus,Portunus trituberculatus,Invertebrate,8,421401.42782716,92909.2988888889
SSP1-2.6,40,PortunusTrituberculatus,Portunus trituberculatus,Invertebrate,8,405736.664567901,89799.943691358
SSP1-2.6,41,PortunusTrituberculatus,Portunus trituberculatus,Invertebrate,8,433218.760740741,95014.2931234568
SSP1-2.6,42,PortunusTrituberculatus,Portunus trituberculatus,Invertebrate,8,388867.014567901,86359.0967530864
SSP1-2.6,43,PortunusTrituberculatus,Portunus trituberculatus,Invertebrate,8,415493.027283951,92070.4923333333
SSP1-2.6,44,PortunusTrituberculatus,Portunus trituberculatus,Invertebrate,8,416917.636049383,92305.441654321
SSP1-2.6,45,PortunusTrituberculatus,Portunus trituberculatus,Invertebrate,8,430533.194074074,95331.6015185185
SSP1-2.6,46,PortunusTrituberculatus,Portunus trituberculatus,Invertebrate,8,411784.845555556,90847.0564814815
SSP1-2.6,47,PortunusTrituberculatus,Portunus trituberculatus,Invertebrate,8,417676.86,91932.9833209877
SSP1-2.6,48,PortunusTrituberculatus,Portunus trituberculatus,Invertebrate,8,422660.696666667,93455.3126790124
SSP1-2.6,49,PortunusTrituberculatus,Portunus trituberculatus,Invertebrate,8,405171.791111111,90136.1431728395
SSP1-2.6,50,PortunusTrituberculatus,Portunus trituberculatus,Invertebrate,8,409046.975925926,90876.6304197531
SSP1-2.6,51,PortunusTrituberculatus,Portunus trituberculatus,Invertebrate,8,409610.90654321,90567.1871728395
SSP1-2.6,52,PortunusTrituberculatus,Portunus trituberculatus,Invertebrate,8,427672.67,94782.3637777778
SSP1-2.6,53,PortunusTrituberculatus,Portunus trituberculatus,Invertebrate,8,418950.361111111,92828.1677283951
SSP1-2.6,54,PortunusTrituberculatus,Portunus trituberculatus,Invertebrate,8,395492.480617284,88138.8194814815
SSP1-2.6,55,PortunusTrituberculatus,Portunus trituberculatus,Invertebrate,8,408024.330493827,90596.6477530864
SSP1-2.6,56,PortunusTrituberculatus,Portunus trituberculatus,Invertebrate,8,413769.575802469,91511.2766296297
SSP1-2.6,57,PortunusTrituberculatus,Portunus trituberculatus,Invertebrate,8,405596.292098766,89905.244308642
SSP1-2.6,58,PortunusTrituberculatus,Portunus trituberculatus,Invertebrate,8,421481.183209877,92416.6536296296
SSP1-2.6,59,PortunusTrituberculatus,Portunus trituberculatus,Invertebrate,8,441742.184567901,97878.4078888889
SSP1-2.6,60,PortunusTrituberculatus,Portunus trituberculatus,Invertebrate,8,407275.147160494,89786.0042716049
SSP1-2.6,61,PortunusTrituberculatus,Portunus trituberculatus,Invertebrate,8,414566.779012346,91600.1521358025
SSP1-2.6,62,PortunusTrituberculatus,Portunus trituberculatus,Invertebrate,8,408551.405185185,90887.6175555556
SSP1-2.6,63,PortunusTrituberculatus,Portunus trituberculatus,Invertebrate,8,415357.858148148,92048.2254814815
SSP1-2.6,64,PortunusTrituberculatus,Portunus trituberculatus,Invertebrate,8,437224.091975309,95974.8277777778
SSP1-2.6,65,PortunusTrituberculatus,Portunus trituberculatus,Invertebrate,8,396217.005308642,87608.6169506173
SSP1-2.6,66,PortunusTrituberculatus,Portunus trituberculatus,Invertebrate,8,403326.561234568,89226.5379753087
SSP1-2.6,67,PortunusTrituberculatus,Portunus trituberculatus,Invertebrate,8,401744.879012346,89478.5523950617
SSP1-2.6,68,PortunusTrituberculatus,Portunus trituberculatus,Invertebrate,8,429137.391851852,94117.3809876543
SSP1-2.6,69,PortunusTrituberculatus,Portunus trituberculatus,Invertebrate,8,427458.750740741,94183.8967777778
SSP1-2.6,70,PortunusTrituberculatus,Portunus trituberculatus,Invertebrate,8,428969.851975309,94193.9524938271
SSP1-2.6,71,PortunusTrituberculatus,Portunus trituberculatus,Invertebrate,8,426324.74691358,94295.1255925926
SSP1-2.6,72,PortunusTrituberculatus,Portunus trituberculatus,Invertebrate,8,425517.967283951,93483.2021728395
SSP1-2.6,73,PortunusTrituberculatus,Portunus trituberculatus,Invertebrate,8,400362.51962963,88714.4482222222
SSP1-2.6,74,PortunusTrituberculatus,Portunus trituberculatus,Invertebrate,8,415058.264567901,92167.6889382716
SSP1-2.6,75,PortunusTrituberculatus,Portunus trituberculatus,Invertebrate,8,414604.987037037,91228.4137160494
SSP1-2.6,76,PortunusTrituberculatus,Portunus trituberculatus,Invertebrate,8,407019.821728395,89675.7272345679
SSP1-2.6,77,PortunusTrituberculatus,Portunus trituberculatus,Invertebrate,8,419241.858518519,92891.607345679
SSP1-2.6,78,PortunusTrituberculatus,Portunus trituberculatus,Invertebrate,8,413545.908888889,91410.0570493827
SSP1-2.6,79,PortunusTrituberculatus,Portunus trituberculatus,Invertebrate,8,394673.807037037,87664.8041234568
SSP1-2.6,80,PortunusTrituberculatus,Portunus trituberculatus,Invertebrate,8,420922.445308642,92526.7188395062
SSP1-2.6,81,PortunusTrituberculatus,Portunus trituberculatus,Invertebrate,8,411598.07617284,91182.4800987654
SSP1-2.6,82,PortunusTrituberculatus,Portunus trituberculatus,Invertebrate,8,390352.098888889,85917.5696790124
SSP1-2.6,83,PortunusTrituberculatus,Portunus trituberculatus,Invertebrate,8,421929.739506173,93128.7912469136
SSP1-2.6,84,PortunusTrituberculatus,Portunus trituberculatus,Invertebrate,8,412481.013827161,91531.8481728395
SSP1-2.6,85,PortunusTrituberculatus,Portunus trituberculatus,Invertebrate,8,412859.706049383,91673.5542098766
SSP1-2.6,86,PortunusTrituberculatus,Portunus trituberculatus,Invertebrate,8,404348.173950617,88911.6043580247
SSP1-2.6,87,PortunusTrituberculatus,Portunus trituberculatus,Invertebrate,8,431387.640617284,94634.4641481481
SSP1-2.6,88,PortunusTrituberculatus,Portunus trituberculatus,Invertebrate,8,430233.247654321,95640.6420740741
SSP1-2.6,89,PortunusTrituberculatus,Portunus trituberculatus,Invertebrate,8,430520.795925926,94918.3702592593
SSP1-2.6,90,PortunusTrituberculatus,Portunus trituberculatus,Invertebrate,8,398613.453209877,88074.1964938272
SSP1-2.6,91,PortunusTrituberculatus,Portunus trituberculatus,Invertebrate,8,391471.865185185,87264.4078271605
SSP1-2.6,92,PortunusTrituberculatus,Portunus trituberculatus,Invertebrate,8,436829.735432099,96153.3192222222
SSP1-2.6,93,PortunusTrituberculatus,Portunus trituberculatus,Invertebrate,8,393904.29037037,87175.5703580247
SSP1-2.6,94,PortunusTrituberculatus,Portunus trituberculatus,Invertebrate,8,426920.210123457,93718.8837901235
SSP1-2.6,95,PortunusTrituberculatus,Portunus trituberculatus,Invertebrate,8,439337.403703704,96707.3485432099
SSP1-2.6,96,PortunusTrituberculatus,Portunus trituberculatus,Invertebrate,8,407526.030740741,90058.6842098766
SSP1-2.6,97,PortunusTrituberculatus,Portunus trituberculatus,Invertebrate,8,410231.167530864,90574.1133950617
SSP1-2.6,98,PortunusTrituberculatus,Portunus trituberculatus,Invertebrate,8,431967.521481482,94992.4644567902
SSP1-2.6,99,PortunusTrituberculatus,Portunus trituberculatus,Invertebrate,8,421425.546790123,92396.1264814815
SSP1-2.6,100,PortunusTrituberculatus,Portunus trituberculatus,Invertebrate,8,413426.175555556,91753.4109382716
SSP1-2.6,1,ScomberJaponicus,Scomber japonicus,Mid-trophic species,9,1120783.80691358,204213.945185185
SSP1-2.6,2,ScomberJaponicus,Scomber japonicus,Mid-trophic species,9,1099957.80740741,199612.985061728
SSP1-2.6,3,ScomberJaponicus,Scomber japonicus,Mid-trophic species,9,1090778.73641975,198141.724567901
SSP1-2.6,4,ScomberJaponicus,Scomber japonicus,Mid-trophic species,9,1121195.10246914,203368.013950617
SSP1-2.6,5,ScomberJaponicus,Scomber japonicus,Mid-trophic species,9,1116524.77777778,202405.91382716
SSP1-2.6,6,ScomberJaponicus,Scomber japonicus,Mid-trophic species,9,1130528.22802469,205318.392962963
SSP1-2.6,7,ScomberJaponicus,Scomber japonicus,Mid-trophic species,9,1103464.20197531,200162.570246914
SSP1-2.6,8,ScomberJaponicus,Scomber japonicus,Mid-trophic species,9,1099848.9908642,199610.830617284
SSP1-2.6,9,ScomberJaponicus,Scomber japonicus,Mid-trophic species,9,1091065.4562963,197692.920123457
SSP1-2.6,10,ScomberJaponicus,Scomber japonicus,Mid-trophic species,9,1104891.87666667,200909.357037037
SSP1-2.6,11,ScomberJaponicus,Scomber japonicus,Mid-trophic species,9,1103709.79061728,200206.142469136
SSP1-2.6,12,ScomberJaponicus,Scomber japonicus,Mid-trophic species,9,1105833.37024691,200685.860987654
SSP1-2.6,13,ScomberJaponicus,Scomber japonicus,Mid-trophic species,9,1108655.11259259,201483.597530864
SSP1-2.6,14,ScomberJaponicus,Scomber japonicus,Mid-trophic species,9,1102012.40012346,200107.694197531
SSP1-2.6,15,ScomberJaponicus,Scomber japonicus,Mid-trophic species,9,1091011.50740741,197856.822222222
SSP1-2.6,16,ScomberJaponicus,Scomber japonicus,Mid-trophic species,9,1112162.43049383,201452.701851852
SSP1-2.6,17,ScomberJaponicus,Scomber japonicus,Mid-trophic species,9,1093231.30814815,198168.571604938
SSP1-2.6,18,ScomberJaponicus,Scomber japonicus,Mid-trophic species,9,1092640.43567901,198371.327901235
SSP1-2.6,19,ScomberJaponicus,Scomber japonicus,Mid-trophic species,9,1086975.05592593,197404.879753086
SSP1-2.6,20,ScomberJaponicus,Scomber japonicus,Mid-trophic species,9,1102479.21938272,200240.857777778
SSP1-2.6,21,ScomberJaponicus,Scomber japonicus,Mid-trophic species,9,1097007.07049383,199068.455061728
SSP1-2.6,22,ScomberJaponicus,Scomber japonicus,Mid-trophic species,9,1127361.86481482,204271.361358025
SSP1-2.6,23,ScomberJaponicus,Scomber japonicus,Mid-trophic species,9,1094075.09172839,198348.589753086
SSP1-2.6,24,ScomberJaponicus,Scomber japonicus,Mid-trophic species,9,1112040.17395062,202229.575432099
SSP1-2.6,25,ScomberJaponicus,Scomber japonicus,Mid-trophic species,9,1105073.03037037,200452.269753086
SSP1-2.6,26,ScomberJaponicus,Scomber japonicus,Mid-trophic species,9,1121893.15518519,203580.038518519
SSP1-2.6,27,ScomberJaponicus,Scomber japonicus,Mid-trophic species,9,1106828.77691358,201231.403209877
SSP1-2.6,28,ScomberJaponicus,Scomber japonicus,Mid-trophic species,9,1076449.85407407,195694.688518519
SSP1-2.6,29,ScomberJaponicus,Scomber japonicus,Mid-trophic species,9,1119057.24098765,203390.327037037
SSP1-2.6,30,ScomberJaponicus,Scomber japonicus,Mid-trophic species,9,1124883.49395062,203766.029135803
SSP1-2.6,31,ScomberJaponicus,Scomber japonicus,Mid-trophic species,9,1096205.84506173,199276.007777778
SSP1-2.6,32,ScomberJaponicus,Scomber japonicus,Mid-trophic species,9,1082754.02481481,196652.317901235
SSP1-2.6,33,ScomberJaponicus,Scomber japonicus,Mid-trophic species,9,1087955.7908642,197797.415308642
SSP1-2.6,34,ScomberJaponicus,Scomber japonicus,Mid-trophic species,9,1080114.38320988,196329.640740741
SSP1-2.6,35,ScomberJaponicus,Scomber japonicus,Mid-trophic species,9,1108574.49641975,201296.45691358
SSP1-2.6,36,ScomberJaponicus,Scomber japonicus,Mid-trophic species,9,1084168.45172839,196937.766419753
SSP1-2.6,37,ScomberJaponicus,Scomber japonicus,Mid-trophic species,9,1123397.43160494,203654.77382716
SSP1-2.6,38,ScomberJaponicus,Scomber japonicus,Mid-trophic species,9,1096544.25839506,199108.149259259
SSP1-2.6,39,ScomberJaponicus,Scomber japonicus,Mid-trophic species,9,1128803.16962963,204994.827530864
SSP1-2.6,40,ScomberJaponicus,Scomber japonicus,Mid-trophic species,9,1127940.1608642,203998.812345679
SSP1-2.6,41,ScomberJaponicus,Scomber japonicus,Mid-trophic species,9,1099200.39827161,199292.094197531
SSP1-2.6,42,ScomberJaponicus,Scomber japonicus,Mid-trophic species,9,1080764.75493827,196682.550123457
SSP1-2.6,43,ScomberJaponicus,Scomber japonicus,Mid-trophic species,9,1100578.54271605,199477.719135802
SSP1-2.6,44,ScomberJaponicus,Scomber japonicus,Mid-trophic species,9,1133807.05098765,205602.926790124
SSP1-2.6,45,ScomberJaponicus,Scomber japonicus,Mid-trophic species,9,1110120.42395062,201603.468271605
SSP1-2.6,46,ScomberJaponicus,Scomber japonicus,Mid-trophic species,9,1092617.96728395,198720.574444445
SSP1-2.6,47,ScomberJaponicus,Scomber japonicus,Mid-trophic species,9,1112108.97185185,201938.417037037
SSP1-2.6,48,ScomberJaponicus,Scomber japonicus,Mid-trophic species,9,1121877.2454321,203197.331111111
SSP1-2.6,49,ScomberJaponicus,Scomber japonicus,Mid-trophic species,9,1115250.24197531,201925.015802469
SSP1-2.6,50,ScomberJaponicus,Scomber japonicus,Mid-trophic species,9,1110466.2117284,201470.410123457
SSP1-2.6,51,ScomberJaponicus,Scomber japonicus,Mid-trophic species,9,1082787.47,196812.370987654
SSP1-2.6,52,ScomberJaponicus,Scomber japonicus,Mid-trophic species,9,1115194.54493827,202197.435432099
SSP1-2.6,53,ScomberJaponicus,Scomber japonicus,Mid-trophic species,9,1086248.27765432,197109.162345679
SSP1-2.6,54,ScomberJaponicus,Scomber japonicus,Mid-trophic species,9,1098045.01,198599.665061728
SSP1-2.6,55,ScomberJaponicus,Scomber japonicus,Mid-trophic species,9,1080764.64432099,196196.032098765
SSP1-2.6,56,ScomberJaponicus,Scomber japonicus,Mid-trophic species,9,1106700.23888889,200993.458271605
SSP1-2.6,57,ScomberJaponicus,Scomber japonicus,Mid-trophic species,9,1074281.57432099,195656.400246914
SSP1-2.6,58,ScomberJaponicus,Scomber japonicus,Mid-trophic species,9,1120277.06246914,203859.09617284
SSP1-2.6,59,ScomberJaponicus,Scomber japonicus,Mid-trophic species,9,1109038.9491358,201372.992469136
SSP1-2.6,60,ScomberJaponicus,Scomber japonicus,Mid-trophic species,9,1091837.99555556,198372.538271605
SSP1-2.6,61,ScomberJaponicus,Scomber japonicus,Mid-trophic species,9,1140071.47851852,206487.694814815
SSP1-2.6,62,ScomberJaponicus,Scomber japonicus,Mid-trophic species,9,1109139.02518519,201054.824814815
SSP1-2.6,63,ScomberJaponicus,Scomber japonicus,Mid-trophic species,9,1104764.09160494,200132.526296296
SSP1-2.6,64,ScomberJaponicus,Scomber japonicus,Mid-trophic species,9,1104673.95555556,200780.054444444
SSP1-2.6,65,ScomberJaponicus,Scomber japonicus,Mid-trophic species,9,1084862.47580247,196869.741234568
SSP1-2.6,66,ScomberJaponicus,Scomber japonicus,Mid-trophic species,9,1107990.76641975,201383.976419753
SSP1-2.6,67,ScomberJaponicus,Scomber japonicus,Mid-trophic species,9,1125697.71419753,204544.365555556
SSP1-2.6,68,ScomberJaponicus,Scomber japonicus,Mid-trophic species,9,1101783.05246914,199981.042345679
SSP1-2.6,69,ScomberJaponicus,Scomber japonicus,Mid-trophic species,9,1122831.9362963,203808.847283951
SSP1-2.6,70,ScomberJaponicus,Scomber japonicus,Mid-trophic species,9,1109025.76567901,201335.118765432
SSP1-2.6,71,ScomberJaponicus,Scomber japonicus,Mid-trophic species,9,1097082.10580247,198747.260740741
SSP1-2.6,72,ScomberJaponicus,Scomber japonicus,Mid-trophic species,9,1115149.29037037,202059.536419753
SSP1-2.6,73,ScomberJaponicus,Scomber japonicus,Mid-trophic species,9,1128645.88148148,204412.50037037
SSP1-2.6,74,ScomberJaponicus,Scomber japonicus,Mid-trophic species,9,1124673.35444444,204023.834197531
SSP1-2.6,75,ScomberJaponicus,Scomber japonicus,Mid-trophic species,9,1098927.3708642,199546.083827161
SSP1-2.6,76,ScomberJaponicus,Scomber japonicus,Mid-trophic species,9,1094706.24123457,199249.978395062
SSP1-2.6,77,ScomberJaponicus,Scomber japonicus,Mid-trophic species,9,1109168.19839506,201556.018888889
SSP1-2.6,78,ScomberJaponicus,Scomber japonicus,Mid-trophic species,9,1111204.65604938,201538.496419753
SSP1-2.6,79,ScomberJaponicus,Scomber japonicus,Mid-trophic species,9,1121761.78888889,203660.197654321
SSP1-2.6,80,ScomberJaponicus,Scomber japonicus,Mid-trophic species,9,1133588.19160494,205529.789753086
SSP1-2.6,81,ScomberJaponicus,Scomber japonicus,Mid-trophic species,9,1099588.68308642,199681.488888889
SSP1-2.6,82,ScomberJaponicus,Scomber japonicus,Mid-trophic species,9,1096575.67654321,198920.769506173
SSP1-2.6,83,ScomberJaponicus,Scomber japonicus,Mid-trophic species,9,1103872.91333333,200228.431358025
SSP1-2.6,84,ScomberJaponicus,Scomber japonicus,Mid-trophic species,9,1120620.26938272,203463.665925926
SSP1-2.6,85,ScomberJaponicus,Scomber japonicus,Mid-trophic species,9,1104082.96283951,200728.100740741
SSP1-2.6,86,ScomberJaponicus,Scomber japonicus,Mid-trophic species,9,1105474.5982716,200817.992839506
SSP1-2.6,87,ScomberJaponicus,Scomber japonicus,Mid-trophic species,9,1125062.2791358,204058.826790123
SSP1-2.6,88,ScomberJaponicus,Scomber japonicus,Mid-trophic species,9,1077251.52604938,195339.650987654
SSP1-2.6,89,ScomberJaponicus,Scomber japonicus,Mid-trophic species,9,1113484.21098765,202948.232592593
SSP1-2.6,90,ScomberJaponicus,Scomber japonicus,Mid-trophic species,9,1097334.56691358,198665.283827161
SSP1-2.6,91,ScomberJaponicus,Scomber japonicus,Mid-trophic species,9,1093895.68382716,198898.820987654
SSP1-2.6,92,ScomberJaponicus,Scomber japonicus,Mid-trophic species,9,1124450.38666667,203773.211851852
SSP1-2.6,93,ScomberJaponicus,Scomber japonicus,Mid-trophic species,9,1089782.98777778,198315.760740741
SSP1-2.6,94,ScomberJaponicus,Scomber japonicus,Mid-trophic species,9,1104775.78950617,200512.564074074
SSP1-2.6,95,ScomberJaponicus,Scomber japonicus,Mid-trophic species,9,1095549.48753086,198825.259506173
SSP1-2.6,96,ScomberJaponicus,Scomber japonicus,Mid-trophic species,9,1089313.78654321,197846.49
SSP1-2.6,97,ScomberJaponicus,Scomber japonicus,Mid-trophic species,9,1111751.59296296,201524.165061729
SSP1-2.6,98,ScomberJaponicus,Scomber japonicus,Mid-trophic species,9,1105056.84716049,199974.095555556
SSP1-2.6,99,ScomberJaponicus,Scomber japonicus,Mid-trophic species,9,1124256.73975309,203853.103827161
SSP1-2.6,100,ScomberJaponicus,Scomber japonicus,Mid-trophic species,9,1117699.83604938,202540.898888889
SSP1-2.6,1,DecapterusMaruadsi,Decapterus maruadsi,Mid-trophic species,10,48253.0781975309,11023.4391962963
SSP1-2.6,2,DecapterusMaruadsi,Decapterus maruadsi,Mid-trophic species,10,47207.6653333333,10761.1614567901
SSP1-2.6,3,DecapterusMaruadsi,Decapterus maruadsi,Mid-trophic species,10,47345.9458888889,10775.6004716049
SSP1-2.6,4,DecapterusMaruadsi,Decapterus maruadsi,Mid-trophic species,10,51870.0700987654,11803.6255111111
SSP1-2.6,5,DecapterusMaruadsi,Decapterus maruadsi,Mid-trophic species,10,47116.1601358025,10722.0560358025
SSP1-2.6,6,DecapterusMaruadsi,Decapterus maruadsi,Mid-trophic species,10,50004.4042222222,11391.2387148148
SSP1-2.6,7,DecapterusMaruadsi,Decapterus maruadsi,Mid-trophic species,10,47096.7224938272,10709.1297382716
SSP1-2.6,8,DecapterusMaruadsi,Decapterus maruadsi,Mid-trophic species,10,46332.483,10571.730691358
SSP1-2.6,9,DecapterusMaruadsi,Decapterus maruadsi,Mid-trophic species,10,48488.6733888889,11056.4611407407
SSP1-2.6,10,DecapterusMaruadsi,Decapterus maruadsi,Mid-trophic species,10,43059.6853333333,9898.77111851852
SSP1-2.6,11,DecapterusMaruadsi,Decapterus maruadsi,Mid-trophic species,10,46944.2595308642,10653.919162963
SSP1-2.6,12,DecapterusMaruadsi,Decapterus maruadsi,Mid-trophic species,10,45325.2028518519,10383.9842320988
SSP1-2.6,13,DecapterusMaruadsi,Decapterus maruadsi,Mid-trophic species,10,53070.2469753086,12031.1686691358
SSP1-2.6,14,DecapterusMaruadsi,Decapterus maruadsi,Mid-trophic species,10,45162.8116419753,10318.2041950617
SSP1-2.6,15,DecapterusMaruadsi,Decapterus maruadsi,Mid-trophic species,10,51026.375345679,11628.782337037
SSP1-2.6,16,DecapterusMaruadsi,Decapterus maruadsi,Mid-trophic species,10,43415.9397530864,9898.90194320987
SSP1-2.6,17,DecapterusMaruadsi,Decapterus maruadsi,Mid-trophic species,10,51564.6559382716,11681.3428493827
SSP1-2.6,18,DecapterusMaruadsi,Decapterus maruadsi,Mid-trophic species,10,47006.9477777778,10706.4806580247
SSP1-2.6,19,DecapterusMaruadsi,Decapterus maruadsi,Mid-trophic species,10,54572.8584691358,12321.8133864198
SSP1-2.6,20,DecapterusMaruadsi,Decapterus maruadsi,Mid-trophic species,10,44841.3201728395,10249.6066851852
SSP1-2.6,21,DecapterusMaruadsi,Decapterus maruadsi,Mid-trophic species,10,50150.5947901235,11398.4418814815
SSP1-2.6,22,DecapterusMaruadsi,Decapterus maruadsi,Mid-trophic species,10,43702.5506296296,9947.92857530864
SSP1-2.6,23,DecapterusMaruadsi,Decapterus maruadsi,Mid-trophic species,10,56292.2132592593,12739.0790666667
SSP1-2.6,24,DecapterusMaruadsi,Decapterus maruadsi,Mid-trophic species,10,51061.5559753086,11637.9099074074
SSP1-2.6,25,DecapterusMaruadsi,Decapterus maruadsi,Mid-trophic species,10,47529.2251481482,10729.7318382716
SSP1-2.6,26,DecapterusMaruadsi,Decapterus maruadsi,Mid-trophic species,10,44900.3411234568,10317.198154321
SSP1-2.6,27,DecapterusMaruadsi,Decapterus maruadsi,Mid-trophic species,10,52721.944,12027.5844
SSP1-2.6,28,DecapterusMaruadsi,Decapterus maruadsi,Mid-trophic species,10,54800.7663580247,12426.5687740741
SSP1-2.6,29,DecapterusMaruadsi,Decapterus maruadsi,Mid-trophic species,10,45277.8627037037,10346.5608024691
SSP1-2.6,30,DecapterusMaruadsi,Decapterus maruadsi,Mid-trophic species,10,41608.6497530864,9513.01062469135
SSP1-2.6,31,DecapterusMaruadsi,Decapterus maruadsi,Mid-trophic species,10,45953.5211358025,10441.4216382716
SSP1-2.6,32,DecapterusMaruadsi,Decapterus maruadsi,Mid-trophic species,10,49194.0284938272,11166.0793925926
SSP1-2.6,33,DecapterusMaruadsi,Decapterus maruadsi,Mid-trophic species,10,44202.2709753086,10151.523191358
SSP1-2.6,34,DecapterusMaruadsi,Decapterus maruadsi,Mid-trophic species,10,53829.9223333334,12291.578862963
SSP1-2.6,35,DecapterusMaruadsi,Decapterus maruadsi,Mid-trophic species,10,51028.0281358025,11568.9337469136
SSP1-2.6,36,DecapterusMaruadsi,Decapterus maruadsi,Mid-trophic species,10,45502.6973333333,10437.4189814815
SSP1-2.6,37,DecapterusMaruadsi,Decapterus maruadsi,Mid-trophic species,10,36017.9472592593,8302.40600246914
SSP1-2.6,38,DecapterusMaruadsi,Decapterus maruadsi,Mid-trophic species,10,48182.01,10991.9791975309
SSP1-2.6,39,DecapterusMaruadsi,Decapterus maruadsi,Mid-trophic species,10,49734.8516296296,11254.0259320988
SSP1-2.6,40,DecapterusMaruadsi,Decapterus maruadsi,Mid-trophic species,10,47178.7108765432,10778.5658061728
SSP1-2.6,41,DecapterusMaruadsi,Decapterus maruadsi,Mid-trophic species,10,47505.645691358,10852.2494666667
SSP1-2.6,42,DecapterusMaruadsi,Decapterus maruadsi,Mid-trophic species,10,48654.885925926,11093.9019555556
SSP1-2.6,43,DecapterusMaruadsi,Decapterus maruadsi,Mid-trophic species,10,51080.5070246914,11631.6987765432
SSP1-2.6,44,DecapterusMaruadsi,Decapterus maruadsi,Mid-trophic species,10,51642.1226049383,11762.2357530864
SSP1-2.6,45,DecapterusMaruadsi,Decapterus maruadsi,Mid-trophic species,10,48313.4443703704,10991.0784333333
SSP1-2.6,46,DecapterusMaruadsi,Decapterus maruadsi,Mid-trophic species,10,44185.2390123457,10147.4242777778
SSP1-2.6,47,DecapterusMaruadsi,Decapterus maruadsi,Mid-trophic species,10,44127.4473333333,10127.4093901235
SSP1-2.6,48,DecapterusMaruadsi,Decapterus maruadsi,Mid-trophic species,10,48483.58,11090.7044876543
SSP1-2.6,49,DecapterusMaruadsi,Decapterus maruadsi,Mid-trophic species,10,48768.5319876543,11047.4699234568
SSP1-2.6,50,DecapterusMaruadsi,Decapterus maruadsi,Mid-trophic species,10,39590.0861432099,9164.75863703704
SSP1-2.6,51,DecapterusMaruadsi,Decapterus maruadsi,Mid-trophic species,10,48124.0439012346,10939.9443827161
SSP1-2.6,52,DecapterusMaruadsi,Decapterus maruadsi,Mid-trophic species,10,48059.6934074074,10955.1790493827
SSP1-2.6,53,DecapterusMaruadsi,Decapterus maruadsi,Mid-trophic species,10,41274.0477530864,9438.31368271605
SSP1-2.6,54,DecapterusMaruadsi,Decapterus maruadsi,Mid-trophic species,10,49280.4042839506,11198.3963814815
SSP1-2.6,55,DecapterusMaruadsi,Decapterus maruadsi,Mid-trophic species,10,44365.8150987654,10115.9414024691
SSP1-2.6,56,DecapterusMaruadsi,Decapterus maruadsi,Mid-trophic species,10,45365.1959012346,10377.2672567901
SSP1-2.6,57,DecapterusMaruadsi,Decapterus maruadsi,Mid-trophic species,10,47573.5339506173,10787.6744209877
SSP1-2.6,58,DecapterusMaruadsi,Decapterus maruadsi,Mid-trophic species,10,47316.2250246914,10744.4701814815
SSP1-2.6,59,DecapterusMaruadsi,Decapterus maruadsi,Mid-trophic species,10,43743.2670703704,9983.89036296296
SSP1-2.6,60,DecapterusMaruadsi,Decapterus maruadsi,Mid-trophic species,10,42707.5569382716,9788.94881358025
SSP1-2.6,61,DecapterusMaruadsi,Decapterus maruadsi,Mid-trophic species,10,52732.7317037037,11992.2681172839
SSP1-2.6,62,DecapterusMaruadsi,Decapterus maruadsi,Mid-trophic species,10,45459.095654321,10325.530345679
SSP1-2.6,63,DecapterusMaruadsi,Decapterus maruadsi,Mid-trophic species,10,47648.8603950617,10830.1374975309
SSP1-2.6,64,DecapterusMaruadsi,Decapterus maruadsi,Mid-trophic species,10,49243.8650617284,11156.6814987654
SSP1-2.6,65,DecapterusMaruadsi,Decapterus maruadsi,Mid-trophic species,10,53251.8807407407,12070.8273864198
SSP1-2.6,66,DecapterusMaruadsi,Decapterus maruadsi,Mid-trophic species,10,46002.5092839506,10523.0407382716
SSP1-2.6,67,DecapterusMaruadsi,Decapterus maruadsi,Mid-trophic species,10,49680.9077530864,11272.551737037
SSP1-2.6,68,DecapterusMaruadsi,Decapterus maruadsi,Mid-trophic species,10,50939.5921851852,11540.5697061728
SSP1-2.6,69,DecapterusMaruadsi,Decapterus maruadsi,Mid-trophic species,10,48233.4284074074,10964.3010061728
SSP1-2.6,70,DecapterusMaruadsi,Decapterus maruadsi,Mid-trophic species,10,40027.5540740741,9202.09729506173
SSP1-2.6,71,DecapterusMaruadsi,Decapterus maruadsi,Mid-trophic species,10,49865.212691358,11301.6493518519
SSP1-2.6,72,DecapterusMaruadsi,Decapterus maruadsi,Mid-trophic species,10,48786.1112716049,11050.8312049383
SSP1-2.6,73,DecapterusMaruadsi,Decapterus maruadsi,Mid-trophic species,10,45663.7561481482,10484.6598839506
SSP1-2.6,74,DecapterusMaruadsi,Decapterus maruadsi,Mid-trophic species,10,44130.487654321,10039.735354321
SSP1-2.6,75,DecapterusMaruadsi,Decapterus maruadsi,Mid-trophic species,10,55320.5653703704,12537.7135246914
SSP1-2.6,76,DecapterusMaruadsi,Decapterus maruadsi,Mid-trophic species,10,45467.3367407408,10419.841845679
SSP1-2.6,77,DecapterusMaruadsi,Decapterus maruadsi,Mid-trophic species,10,50757.9730987655,11564.9157024691
SSP1-2.6,78,DecapterusMaruadsi,Decapterus maruadsi,Mid-trophic species,10,47170.0951358025,10708.5099222222
SSP1-2.6,79,DecapterusMaruadsi,Decapterus maruadsi,Mid-trophic species,10,41439.8947654321,9481.53157654322
SSP1-2.6,80,DecapterusMaruadsi,Decapterus maruadsi,Mid-trophic species,10,44568.373962963,10182.2107938272
SSP1-2.6,81,DecapterusMaruadsi,Decapterus maruadsi,Mid-trophic species,10,51015.0517777778,11574.2312592593
SSP1-2.6,82,DecapterusMaruadsi,Decapterus maruadsi,Mid-trophic species,10,46863.2308641975,10669.1832592593
SSP1-2.6,83,DecapterusMaruadsi,Decapterus maruadsi,Mid-trophic species,10,48637.8542345679,10996.5895444444
SSP1-2.6,84,DecapterusMaruadsi,Decapterus maruadsi,Mid-trophic species,10,47462.3720987654,10810.2872135803
SSP1-2.6,85,DecapterusMaruadsi,Decapterus maruadsi,Mid-trophic species,10,51204.6976172839,11674.8576135802
SSP1-2.6,86,DecapterusMaruadsi,Decapterus maruadsi,Mid-trophic species,10,45477.8341111111,10407.5982925926
SSP1-2.6,87,DecapterusMaruadsi,Decapterus maruadsi,Mid-trophic species,10,52626.3095679013,11932.3750061728
SSP1-2.6,88,DecapterusMaruadsi,Decapterus maruadsi,Mid-trophic species,10,49972.2361851852,11288.7177160494
SSP1-2.6,89,DecapterusMaruadsi,Decapterus maruadsi,Mid-trophic species,10,50218.6467530864,11358.1246407407
SSP1-2.6,90,DecapterusMaruadsi,Decapterus maruadsi,Mid-trophic species,10,47927.9678148148,10937.1249765432
SSP1-2.6,91,DecapterusMaruadsi,Decapterus maruadsi,Mid-trophic species,10,47507.754691358,10756.1558135802
SSP1-2.6,92,DecapterusMaruadsi,Decapterus maruadsi,Mid-trophic species,10,49083.4762469136,11200.1339740741
SSP1-2.6,93,DecapterusMaruadsi,Decapterus maruadsi,Mid-trophic species,10,43285.1521111111,9861.14447901234
SSP1-2.6,94,DecapterusMaruadsi,Decapterus maruadsi,Mid-trophic species,10,50705.004617284,11520.2296185185
SSP1-2.6,95,DecapterusMaruadsi,Decapterus maruadsi,Mid-trophic species,10,48212.6683209876,10971.3550234568
SSP1-2.6,96,DecapterusMaruadsi,Decapterus maruadsi,Mid-trophic species,10,45766.1754938272,10424.0000888889
SSP1-2.6,97,DecapterusMaruadsi,Decapterus maruadsi,Mid-trophic species,10,49371.5148888889,11208.5554283951
SSP1-2.6,98,DecapterusMaruadsi,Decapterus maruadsi,Mid-trophic species,10,45810.5777962963,10399.4566654321
SSP1-2.6,99,DecapterusMaruadsi,Decapterus maruadsi,Mid-trophic species,10,46931.0901851852,10647.7195432099
SSP1-2.6,100,DecapterusMaruadsi,Decapterus maruadsi,Mid-trophic species,10,47340.3694197531,10778.3067679012
SSP1-2.6,1,PennahiaArgentata,Pennahia argentata,Mid-trophic species,11,728262.737901235,124210.386246914
SSP1-2.6,2,PennahiaArgentata,Pennahia argentata,Mid-trophic species,11,701235.347777778,119329.755790123
SSP1-2.6,3,PennahiaArgentata,Pennahia argentata,Mid-trophic species,11,697199.571604938,118920.588246914
SSP1-2.6,4,PennahiaArgentata,Pennahia argentata,Mid-trophic species,11,704672.458518519,120049.619222222
SSP1-2.6,5,PennahiaArgentata,Pennahia argentata,Mid-trophic species,11,742752.332716049,126214.205160494
SSP1-2.6,6,PennahiaArgentata,Pennahia argentata,Mid-trophic species,11,669776.010740741,114089.933382716
SSP1-2.6,7,PennahiaArgentata,Pennahia argentata,Mid-trophic species,11,660639.22345679,112740.334395062
SSP1-2.6,8,PennahiaArgentata,Pennahia argentata,Mid-trophic species,11,719776.09691358,122828.217753086
SSP1-2.6,9,PennahiaArgentata,Pennahia argentata,Mid-trophic species,11,701430.49308642,119633.347950617
SSP1-2.6,10,PennahiaArgentata,Pennahia argentata,Mid-trophic species,11,751960.838888889,128279.388259259
SSP1-2.6,11,PennahiaArgentata,Pennahia argentata,Mid-trophic species,11,695773.788888889,118721.232530864
SSP1-2.6,12,PennahiaArgentata,Pennahia argentata,Mid-trophic species,11,693255.077901235,117957.601530864
SSP1-2.6,13,PennahiaArgentata,Pennahia argentata,Mid-trophic species,11,744715.48345679,127179.312592593
SSP1-2.6,14,PennahiaArgentata,Pennahia argentata,Mid-trophic species,11,772499.847407407,131456.276320988
SSP1-2.6,15,PennahiaArgentata,Pennahia argentata,Mid-trophic species,11,709751.518765432,120977.247283951
SSP1-2.6,16,PennahiaArgentata,Pennahia argentata,Mid-trophic species,11,672974.814691358,114924.142987654
SSP1-2.6,17,PennahiaArgentata,Pennahia argentata,Mid-trophic species,11,690954.016790124,117902.631987654
SSP1-2.6,18,PennahiaArgentata,Pennahia argentata,Mid-trophic species,11,658061.506790124,112067.487024691
SSP1-2.6,19,PennahiaArgentata,Pennahia argentata,Mid-trophic species,11,698651.762345679,119529.287839506
SSP1-2.6,20,PennahiaArgentata,Pennahia argentata,Mid-trophic species,11,628727.061481482,107104.410185185
SSP1-2.6,21,PennahiaArgentata,Pennahia argentata,Mid-trophic species,11,780016.582469136,133113.719802469
SSP1-2.6,22,PennahiaArgentata,Pennahia argentata,Mid-trophic species,11,635311.26691358,108598.731506173
SSP1-2.6,23,PennahiaArgentata,Pennahia argentata,Mid-trophic species,11,735175.407654321,125821.45382716
SSP1-2.6,24,PennahiaArgentata,Pennahia argentata,Mid-trophic species,11,665025.721975309,113294.65017284
SSP1-2.6,25,PennahiaArgentata,Pennahia argentata,Mid-trophic species,11,721699.89617284,123236.70682716
SSP1-2.6,26,PennahiaArgentata,Pennahia argentata,Mid-trophic species,11,657457.105555556,112184.517604938
SSP1-2.6,27,PennahiaArgentata,Pennahia argentata,Mid-trophic species,11,725024.790493827,123975.467827161
SSP1-2.6,28,PennahiaArgentata,Pennahia argentata,Mid-trophic species,11,752516.39962963,128859.77837037
SSP1-2.6,29,PennahiaArgentata,Pennahia argentata,Mid-trophic species,11,776468.651728395,132140.467814815
SSP1-2.6,30,PennahiaArgentata,Pennahia argentata,Mid-trophic species,11,704582.856172839,120527.912864198
SSP1-2.6,31,PennahiaArgentata,Pennahia argentata,Mid-trophic species,11,742676.670617284,126808.047469136
SSP1-2.6,32,PennahiaArgentata,Pennahia argentata,Mid-trophic species,11,747567.120246914,127489.943851852
SSP1-2.6,33,PennahiaArgentata,Pennahia argentata,Mid-trophic species,11,717138.706296296,122617.965827161
SSP1-2.6,34,PennahiaArgentata,Pennahia argentata,Mid-trophic species,11,669267.145432099,114092.987975309
SSP1-2.6,35,PennahiaArgentata,Pennahia argentata,Mid-trophic species,11,701334.562345679,119275.364061728
SSP1-2.6,36,PennahiaArgentata,Pennahia argentata,Mid-trophic species,11,714707.75,122490.470901234
SSP1-2.6,37,PennahiaArgentata,Pennahia argentata,Mid-trophic species,11,693896.820246914,118355.341345679
SSP1-2.6,38,PennahiaArgentata,Pennahia argentata,Mid-trophic species,11,678612.956790123,115985.318419753
SSP1-2.6,39,PennahiaArgentata,Pennahia argentata,Mid-trophic species,11,713827.751604939,122114.237123457
SSP1-2.6,40,PennahiaArgentata,Pennahia argentata,Mid-trophic species,11,704863.805061728,120002.776666667
SSP1-2.6,41,PennahiaArgentata,Pennahia argentata,Mid-trophic species,11,701783.46308642,119839.950814815
SSP1-2.6,42,PennahiaArgentata,Pennahia argentata,Mid-trophic species,11,799128.452839506,136671.568864198
SSP1-2.6,43,PennahiaArgentata,Pennahia argentata,Mid-trophic species,11,628784.662469136,107067.595938272
SSP1-2.6,44,PennahiaArgentata,Pennahia argentata,Mid-trophic species,11,656725.739382716,112216.256320988
SSP1-2.6,45,PennahiaArgentata,Pennahia argentata,Mid-trophic species,11,762728.039753086,129739.973938272
SSP1-2.6,46,PennahiaArgentata,Pennahia argentata,Mid-trophic species,11,703063.705802469,120072.940333333
SSP1-2.6,47,PennahiaArgentata,Pennahia argentata,Mid-trophic species,11,708202.227901235,120698.087691358
SSP1-2.6,48,PennahiaArgentata,Pennahia argentata,Mid-trophic species,11,717144.364567901,122886.112012346
SSP1-2.6,49,PennahiaArgentata,Pennahia argentata,Mid-trophic species,11,722617.345432099,123361.757469136
SSP1-2.6,50,PennahiaArgentata,Pennahia argentata,Mid-trophic species,11,660262.566296296,112766.579444444
SSP1-2.6,51,PennahiaArgentata,Pennahia argentata,Mid-trophic species,11,709822.730617284,120800.726617284
SSP1-2.6,52,PennahiaArgentata,Pennahia argentata,Mid-trophic species,11,690239.885308642,117486.336901235
SSP1-2.6,53,PennahiaArgentata,Pennahia argentata,Mid-trophic species,11,732338.476790124,124838.732037037
SSP1-2.6,54,PennahiaArgentata,Pennahia argentata,Mid-trophic species,11,700116.116419753,119383.180666667
SSP1-2.6,55,PennahiaArgentata,Pennahia argentata,Mid-trophic species,11,645278.256419753,110284.688814815
SSP1-2.6,56,PennahiaArgentata,Pennahia argentata,Mid-trophic species,11,670976.122098766,114817.69537037
SSP1-2.6,57,PennahiaArgentata,Pennahia argentata,Mid-trophic species,11,670713.942962963,114303.06145679
SSP1-2.6,58,PennahiaArgentata,Pennahia argentata,Mid-trophic species,11,639228.321234568,109229.569938272
SSP1-2.6,59,PennahiaArgentata,Pennahia argentata,Mid-trophic species,11,682946.782716049,116213.776777778
SSP1-2.6,60,PennahiaArgentata,Pennahia argentata,Mid-trophic species,11,706880.145679012,120691.73454321
SSP1-2.6,61,PennahiaArgentata,Pennahia argentata,Mid-trophic species,11,734974.906296297,125236.413160494
SSP1-2.6,62,PennahiaArgentata,Pennahia argentata,Mid-trophic species,11,706104.942962963,120635.815604938
SSP1-2.6,63,PennahiaArgentata,Pennahia argentata,Mid-trophic species,11,714621.788024692,122023.616
SSP1-2.6,64,PennahiaArgentata,Pennahia argentata,Mid-trophic species,11,675607.277530864,115155.325259259
SSP1-2.6,65,PennahiaArgentata,Pennahia argentata,Mid-trophic species,11,734701.10345679,125131.074469136
SSP1-2.6,66,PennahiaArgentata,Pennahia argentata,Mid-trophic species,11,730793.664691358,124179.76245679
SSP1-2.6,67,PennahiaArgentata,Pennahia argentata,Mid-trophic species,11,740219.275555556,126722.582
SSP1-2.6,68,PennahiaArgentata,Pennahia argentata,Mid-trophic species,11,705012.638271605,120237.169358025
SSP1-2.6,69,PennahiaArgentata,Pennahia argentata,Mid-trophic species,11,678291.893950618,115514.217530864
SSP1-2.6,70,PennahiaArgentata,Pennahia argentata,Mid-trophic species,11,693709.782098765,118447.207160494
SSP1-2.6,71,PennahiaArgentata,Pennahia argentata,Mid-trophic species,11,712037.836049383,121764.899777778
SSP1-2.6,72,PennahiaArgentata,Pennahia argentata,Mid-trophic species,11,735024.831234568,125321.033962963
SSP1-2.6,73,PennahiaArgentata,Pennahia argentata,Mid-trophic species,11,738060.714074074,125822.448555556
SSP1-2.6,74,PennahiaArgentata,Pennahia argentata,Mid-trophic species,11,752735.208148148,128625.236765432
SSP1-2.6,75,PennahiaArgentata,Pennahia argentata,Mid-trophic species,11,643256.24691358,109810.563234568
SSP1-2.6,76,PennahiaArgentata,Pennahia argentata,Mid-trophic species,11,675019.511975309,115142.517938272
SSP1-2.6,77,PennahiaArgentata,Pennahia argentata,Mid-trophic species,11,729225.095925926,123987.242864198
SSP1-2.6,78,PennahiaArgentata,Pennahia argentata,Mid-trophic species,11,706673.960370371,120215.769975309
SSP1-2.6,79,PennahiaArgentata,Pennahia argentata,Mid-trophic species,11,699627.245061728,119605.04291358
SSP1-2.6,80,PennahiaArgentata,Pennahia argentata,Mid-trophic species,11,724895.460617284,122889.269185185
SSP1-2.6,81,PennahiaArgentata,Pennahia argentata,Mid-trophic species,11,705930.233827161,120681.10991358
SSP1-2.6,82,PennahiaArgentata,Pennahia argentata,Mid-trophic species,11,732744.346296296,125083.131469136
SSP1-2.6,83,PennahiaArgentata,Pennahia argentata,Mid-trophic species,11,657053.359876543,111838.611234568
SSP1-2.6,84,PennahiaArgentata,Pennahia argentata,Mid-trophic species,11,696394.325061728,118692.875827161
SSP1-2.6,85,PennahiaArgentata,Pennahia argentata,Mid-trophic species,11,728422.037160494,124355.205320988
SSP1-2.6,86,PennahiaArgentata,Pennahia argentata,Mid-trophic species,11,690891.077037037,117865.471185185
SSP1-2.6,87,PennahiaArgentata,Pennahia argentata,Mid-trophic species,11,640799.246049383,109406.191753086
SSP1-2.6,88,PennahiaArgentata,Pennahia argentata,Mid-trophic species,11,676798.711851852,115438.630567901
SSP1-2.6,89,PennahiaArgentata,Pennahia argentata,Mid-trophic species,11,692177.437407408,118051.057765432
SSP1-2.6,90,PennahiaArgentata,Pennahia argentata,Mid-trophic species,11,744804.204320988,127015.777777778
SSP1-2.6,91,PennahiaArgentata,Pennahia argentata,Mid-trophic species,11,709765.667283951,120730.141098765
SSP1-2.6,92,PennahiaArgentata,Pennahia argentata,Mid-trophic species,11,637195.569506173,108974.219345679
SSP1-2.6,93,PennahiaArgentata,Pennahia argentata,Mid-trophic species,11,756662.434691358,129286.946493827
SSP1-2.6,94,PennahiaArgentata,Pennahia argentata,Mid-trophic species,11,716049.090740741,122072.976197531
SSP1-2.6,95,PennahiaArgentata,Pennahia argentata,Mid-trophic species,11,655897.303827161,112061.346506173
SSP1-2.6,96,PennahiaArgentata,Pennahia argentata,Mid-trophic species,11,742773.189382716,126824.379790123
SSP1-2.6,97,PennahiaArgentata,Pennahia argentata,Mid-trophic species,11,757906.603703704,129125.899753086
SSP1-2.6,98,PennahiaArgentata,Pennahia argentata,Mid-trophic species,11,692913.176419753,118136.028703704
SSP1-2.6,99,PennahiaArgentata,Pennahia argentata,Mid-trophic species,11,688416.637407408,117239.837320988
SSP1-2.6,100,PennahiaArgentata,Pennahia argentata,Mid-trophic species,11,670432.361604938,114414.876592593
SSP1-2.6,1,PampusArgenteus,Pampus argenteus,Mid-trophic species,12,14409.6482308642,8524.94387160494
SSP1-2.6,2,PampusArgenteus,Pampus argenteus,Mid-trophic species,12,16350.6035666667,9742.20844320988
SSP1-2.6,3,PampusArgenteus,Pampus argenteus,Mid-trophic species,12,14041.4657432099,8387.23613827161
SSP1-2.6,4,PampusArgenteus,Pampus argenteus,Mid-trophic species,12,10158.780162963,6076.78711234568
SSP1-2.6,5,PampusArgenteus,Pampus argenteus,Mid-trophic species,12,13005.8520222222,7882.60698271605
SSP1-2.6,6,PampusArgenteus,Pampus argenteus,Mid-trophic species,12,14131.3509975309,8283.23903333334
SSP1-2.6,7,PampusArgenteus,Pampus argenteus,Mid-trophic species,12,12213.9635604938,7308.47815308642
SSP1-2.6,8,PampusArgenteus,Pampus argenteus,Mid-trophic species,12,13956.871291358,8297.71659135803
SSP1-2.6,9,PampusArgenteus,Pampus argenteus,Mid-trophic species,12,14392.659708642,8540.50788641976
SSP1-2.6,10,PampusArgenteus,Pampus argenteus,Mid-trophic species,12,16412.2071308642,9742.08245679013
SSP1-2.6,11,PampusArgenteus,Pampus argenteus,Mid-trophic species,12,16694.1957975309,9826.29558148148
SSP1-2.6,12,PampusArgenteus,Pampus argenteus,Mid-trophic species,12,15039.3597851852,8827.917
SSP1-2.6,13,PampusArgenteus,Pampus argenteus,Mid-trophic species,12,14203.5860098765,8504.46893518519
SSP1-2.6,14,PampusArgenteus,Pampus argenteus,Mid-trophic species,12,15313.8064703704,9095.00653950617
SSP1-2.6,15,PampusArgenteus,Pampus argenteus,Mid-trophic species,12,10608.0899296296,6444.43234518518
SSP1-2.6,16,PampusArgenteus,Pampus argenteus,Mid-trophic species,12,14014.7385012346,8349.44691604939
SSP1-2.6,17,PampusArgenteus,Pampus argenteus,Mid-trophic species,12,15318.5729407407,9004.90912345679
SSP1-2.6,18,PampusArgenteus,Pampus argenteus,Mid-trophic species,12,13196.5488444444,7928.26337703704
SSP1-2.6,19,PampusArgenteus,Pampus argenteus,Mid-trophic species,12,15725.2908555556,9309.58461234568
SSP1-2.6,20,PampusArgenteus,Pampus argenteus,Mid-trophic species,12,12149.8892148148,7287.12127160494
SSP1-2.6,21,PampusArgenteus,Pampus argenteus,Mid-trophic species,12,13343.2370604938,7909.39031049383
SSP1-2.6,22,PampusArgenteus,Pampus argenteus,Mid-trophic species,12,12526.2711222222,7505.11411296296
SSP1-2.6,23,PampusArgenteus,Pampus argenteus,Mid-trophic species,12,16079.2173320988,9558.78457037037
SSP1-2.6,24,PampusArgenteus,Pampus argenteus,Mid-trophic species,12,13446.0964049383,7946.52913283951
SSP1-2.6,25,PampusArgenteus,Pampus argenteus,Mid-trophic species,12,15280.981982716,9037.38781481482
SSP1-2.6,26,PampusArgenteus,Pampus argenteus,Mid-trophic species,12,11080.851537037,6752.91856666667
SSP1-2.6,27,PampusArgenteus,Pampus argenteus,Mid-trophic species,12,16506.2272469136,9820.5541308642
SSP1-2.6,28,PampusArgenteus,Pampus argenteus,Mid-trophic species,12,13677.0828703704,8176.44134691358
SSP1-2.6,29,PampusArgenteus,Pampus argenteus,Mid-trophic species,12,14216.6616888889,8416.15769506173
SSP1-2.6,30,PampusArgenteus,Pampus argenteus,Mid-trophic species,12,16955.5060395062,9926.50948518519
SSP1-2.6,31,PampusArgenteus,Pampus argenteus,Mid-trophic species,12,15634.4631839506,9240.90912716049
SSP1-2.6,32,PampusArgenteus,Pampus argenteus,Mid-trophic species,12,13795.2686271605,8209.29170864198
SSP1-2.6,33,PampusArgenteus,Pampus argenteus,Mid-trophic species,12,12110.9699407407,7283.06070617284
SSP1-2.6,34,PampusArgenteus,Pampus argenteus,Mid-trophic species,12,12754.7791259259,7666.25635679012
SSP1-2.6,35,PampusArgenteus,Pampus argenteus,Mid-trophic species,12,15810.3094419753,9372.21432839506
SSP1-2.6,36,PampusArgenteus,Pampus argenteus,Mid-trophic species,12,12113.1075716049,7279.7527345679
SSP1-2.6,37,PampusArgenteus,Pampus argenteus,Mid-trophic species,12,14436.6980259259,8650.4802345679
SSP1-2.6,38,PampusArgenteus,Pampus argenteus,Mid-trophic species,12,16131.5815271605,9519.07333333333
SSP1-2.6,39,PampusArgenteus,Pampus argenteus,Mid-trophic species,12,16242.9533580247,9575.54782716049
SSP1-2.6,40,PampusArgenteus,Pampus argenteus,Mid-trophic species,12,14083.7136123457,8342.18422592593
SSP1-2.6,41,PampusArgenteus,Pampus argenteus,Mid-trophic species,12,11038.9050259259,6605.98714691358
SSP1-2.6,42,PampusArgenteus,Pampus argenteus,Mid-trophic species,12,13991.8951592593,8200.97191111112
SSP1-2.6,43,PampusArgenteus,Pampus argenteus,Mid-trophic species,12,14332.8776950617,8490.13639753087
SSP1-2.6,44,PampusArgenteus,Pampus argenteus,Mid-trophic species,12,15836.7555740741,9391.89125555555
SSP1-2.6,45,PampusArgenteus,Pampus argenteus,Mid-trophic species,12,13518.328242716,7970.70237209877
SSP1-2.6,46,PampusArgenteus,Pampus argenteus,Mid-trophic species,12,13745.7879160494,8227.4149654321
SSP1-2.6,47,PampusArgenteus,Pampus argenteus,Mid-trophic species,12,13924.1819197531,8270.95513209877
SSP1-2.6,48,PampusArgenteus,Pampus argenteus,Mid-trophic species,12,11626.3344518519,6992.79885679012
SSP1-2.6,49,PampusArgenteus,Pampus argenteus,Mid-trophic species,12,11652.2640222222,6976.63256049383
SSP1-2.6,50,PampusArgenteus,Pampus argenteus,Mid-trophic species,12,14688.9040518518,8642.36899135802
SSP1-2.6,51,PampusArgenteus,Pampus argenteus,Mid-trophic species,12,13868.3736271605,8242.73559382716
SSP1-2.6,52,PampusArgenteus,Pampus argenteus,Mid-trophic species,12,13845.5281382716,8229.29837037037
SSP1-2.6,53,PampusArgenteus,Pampus argenteus,Mid-trophic species,12,14173.1433790123,8405.74936049383
SSP1-2.6,54,PampusArgenteus,Pampus argenteus,Mid-trophic species,12,12198.9811666667,7296.9658654321
SSP1-2.6,55,PampusArgenteus,Pampus argenteus,Mid-trophic species,12,13748.9978802469,8155.55035679012
SSP1-2.6,56,PampusArgenteus,Pampus argenteus,Mid-trophic species,12,14446.6608851852,8625.68115061729
SSP1-2.6,57,PampusArgenteus,Pampus argenteus,Mid-trophic species,12,14811.5514493827,8742.72353209877
SSP1-2.6,58,PampusArgenteus,Pampus argenteus,Mid-trophic species,12,17535.9525283951,10263.6030358025
SSP1-2.6,59,PampusArgenteus,Pampus argenteus,Mid-trophic species,12,13267.1634950617,7970.96245925926
SSP1-2.6,60,PampusArgenteus,Pampus argenteus,Mid-trophic species,12,10774.5184320988,6450.94857037037
SSP1-2.6,61,PampusArgenteus,Pampus argenteus,Mid-trophic species,12,14515.9225814815,8621.88940617284
SSP1-2.6,62,PampusArgenteus,Pampus argenteus,Mid-trophic species,12,16255.0553234568,9497.90608271605
SSP1-2.6,63,PampusArgenteus,Pampus argenteus,Mid-trophic species,12,11953.8537469136,7161.18901481482
SSP1-2.6,64,PampusArgenteus,Pampus argenteus,Mid-trophic species,12,15122.3349185185,8935.45642839506
SSP1-2.6,65,PampusArgenteus,Pampus argenteus,Mid-trophic species,12,13494.9994580247,8086.51836666667
SSP1-2.6,66,PampusArgenteus,Pampus argenteus,Mid-trophic species,12,14647.223937037,8687.32121604938
SSP1-2.6,67,PampusArgenteus,Pampus argenteus,Mid-trophic species,12,15671.7473938272,9304.95672469136
SSP1-2.6,68,PampusArgenteus,Pampus argenteus,Mid-trophic species,12,14007.9276432099,8367.34702654321
SSP1-2.6,69,PampusArgenteus,Pampus argenteus,Mid-trophic species,12,11758.3157925926,7073.11007037037
SSP1-2.6,70,PampusArgenteus,Pampus argenteus,Mid-trophic species,12,13515.8696506173,8050.09276135802
SSP1-2.6,71,PampusArgenteus,Pampus argenteus,Mid-trophic species,12,13848.0218876543,8249.24633580247
SSP1-2.6,72,PampusArgenteus,Pampus argenteus,Mid-trophic species,12,12978.0497506173,7854.08094444445
SSP1-2.6,73,PampusArgenteus,Pampus argenteus,Mid-trophic species,12,14432.0034555556,8524.88164567901
SSP1-2.6,74,PampusArgenteus,Pampus argenteus,Mid-trophic species,12,13299.6274481481,7851.82078888889
SSP1-2.6,75,PampusArgenteus,Pampus argenteus,Mid-trophic species,12,16199.9863444444,9503.92546419753
SSP1-2.6,76,PampusArgenteus,Pampus argenteus,Mid-trophic species,12,6960.52980444445,4232.36582234568
SSP1-2.6,77,PampusArgenteus,Pampus argenteus,Mid-trophic species,12,12426.6021469136,7339.05709135802
SSP1-2.6,78,PampusArgenteus,Pampus argenteus,Mid-trophic species,12,14541.0496407407,8597.53864938272
SSP1-2.6,79,PampusArgenteus,Pampus argenteus,Mid-trophic species,12,12725.6465234568,7572.3475691358
SSP1-2.6,80,PampusArgenteus,Pampus argenteus,Mid-trophic species,12,8785.94004814815,5305.24838592593
SSP1-2.6,81,PampusArgenteus,Pampus argenteus,Mid-trophic species,12,13058.0378851852,7794.77712222222
SSP1-2.6,82,PampusArgenteus,Pampus argenteus,Mid-trophic species,12,13826.135454321,8126.32336049383
SSP1-2.6,83,PampusArgenteus,Pampus argenteus,Mid-trophic species,12,13632.4821641975,8116.88627283951
SSP1-2.6,84,PampusArgenteus,Pampus argenteus,Mid-trophic species,12,12974.3779691358,7780.11788024691
SSP1-2.6,85,PampusArgenteus,Pampus argenteus,Mid-trophic species,12,13226.211954321,7981.15785679012
SSP1-2.6,86,PampusArgenteus,Pampus argenteus,Mid-trophic species,12,10817.6615111111,6491.95225802469
SSP1-2.6,87,PampusArgenteus,Pampus argenteus,Mid-trophic species,12,12786.0450641975,7736.01854691358
SSP1-2.6,88,PampusArgenteus,Pampus argenteus,Mid-trophic species,12,10936.7979839506,6522.29842098766
SSP1-2.6,89,PampusArgenteus,Pampus argenteus,Mid-trophic species,12,14009.9425037037,8347.3260345679
SSP1-2.6,90,PampusArgenteus,Pampus argenteus,Mid-trophic species,12,15734.7502481481,9226.50285308642
SSP1-2.6,91,PampusArgenteus,Pampus argenteus,Mid-trophic species,12,16021.3242666667,9499.51008148148
SSP1-2.6,92,PampusArgenteus,Pampus argenteus,Mid-trophic species,12,15064.1576839506,8926.27055679012
SSP1-2.6,93,PampusArgenteus,Pampus argenteus,Mid-trophic species,12,13394.8256679012,8040.12329135802
SSP1-2.6,94,PampusArgenteus,Pampus argenteus,Mid-trophic species,12,13029.3725382716,7659.76972716049
SSP1-2.6,95,PampusArgenteus,Pampus argenteus,Mid-trophic species,12,13338.8740061728,7951.88468148148
SSP1-2.6,96,PampusArgenteus,Pampus argenteus,Mid-trophic species,12,15256.4141567901,9059.61822592593
SSP1-2.6,97,PampusArgenteus,Pampus argenteus,Mid-trophic species,12,11530.3776740741,6980.34727901235
SSP1-2.6,98,PampusArgenteus,Pampus argenteus,Mid-trophic species,12,14945.9432641975,8925.88823333334
SSP1-2.6,99,PampusArgenteus,Pampus argenteus,Mid-trophic species,12,14531.8290308642,8639.36745185186
SSP1-2.6,100,PampusArgenteus,Pampus argenteus,Mid-trophic species,12,13776.5469209877,8155.52841111111
SSP1-2.6,1,LarimichthysPolyactis,Larimichthys polyactis,Mid-trophic species,13,690244.840987655,216729.147283951
SSP1-2.6,2,LarimichthysPolyactis,Larimichthys polyactis,Mid-trophic species,13,640073.009753087,202200.437654321
SSP1-2.6,3,LarimichthysPolyactis,Larimichthys polyactis,Mid-trophic species,13,643891.429382716,204573.861975309
SSP1-2.6,4,LarimichthysPolyactis,Larimichthys polyactis,Mid-trophic species,13,667804.022962963,211069.815432099
SSP1-2.6,5,LarimichthysPolyactis,Larimichthys polyactis,Mid-trophic species,13,660306.568024691,206869.046049383
SSP1-2.6,6,LarimichthysPolyactis,Larimichthys polyactis,Mid-trophic species,13,665483.890493827,209077.542098765
SSP1-2.6,7,LarimichthysPolyactis,Larimichthys polyactis,Mid-trophic species,13,640307.948765432,201280.712395062
SSP1-2.6,8,LarimichthysPolyactis,Larimichthys polyactis,Mid-trophic species,13,653957.28617284,206172.552345679
SSP1-2.6,9,LarimichthysPolyactis,Larimichthys polyactis,Mid-trophic species,13,690635.560864198,217655.816419753
SSP1-2.6,10,LarimichthysPolyactis,Larimichthys polyactis,Mid-trophic species,13,651081.913950618,203836.110740741
SSP1-2.6,11,LarimichthysPolyactis,Larimichthys polyactis,Mid-trophic species,13,640213.534814815,201963.518518519
SSP1-2.6,12,LarimichthysPolyactis,Larimichthys polyactis,Mid-trophic species,13,655722.226296296,206215.976666667
SSP1-2.6,13,LarimichthysPolyactis,Larimichthys polyactis,Mid-trophic species,13,627419.577530864,197742.780666667
SSP1-2.6,14,LarimichthysPolyactis,Larimichthys polyactis,Mid-trophic species,13,617450.030370371,194325.619506173
SSP1-2.6,15,LarimichthysPolyactis,Larimichthys polyactis,Mid-trophic species,13,658575.086790123,207775.855061728
SSP1-2.6,16,LarimichthysPolyactis,Larimichthys polyactis,Mid-trophic species,13,666258.084444445,210543.113333333
SSP1-2.6,17,LarimichthysPolyactis,Larimichthys polyactis,Mid-trophic species,13,648600.478888889,204861.103641975
SSP1-2.6,18,LarimichthysPolyactis,Larimichthys polyactis,Mid-trophic species,13,699279.769012346,219814.644382716
SSP1-2.6,19,LarimichthysPolyactis,Larimichthys polyactis,Mid-trophic species,13,660088.12382716,208664.975185185
SSP1-2.6,20,LarimichthysPolyactis,Larimichthys polyactis,Mid-trophic species,13,669872.07617284,211052.471234568
SSP1-2.6,21,LarimichthysPolyactis,Larimichthys polyactis,Mid-trophic species,13,638220.854814815,201348.942839506
SSP1-2.6,22,LarimichthysPolyactis,Larimichthys polyactis,Mid-trophic species,13,659505.864444444,208118.106345679
SSP1-2.6,23,LarimichthysPolyactis,Larimichthys polyactis,Mid-trophic species,13,667451.001851852,210559.82
SSP1-2.6,24,LarimichthysPolyactis,Larimichthys polyactis,Mid-trophic species,13,627584.649753087,197983.022345679
SSP1-2.6,25,LarimichthysPolyactis,Larimichthys polyactis,Mid-trophic species,13,651817.172469136,203652.524074074
SSP1-2.6,26,LarimichthysPolyactis,Larimichthys polyactis,Mid-trophic species,13,643870.687530864,202463.308888889
SSP1-2.6,27,LarimichthysPolyactis,Larimichthys polyactis,Mid-trophic species,13,631993.437407407,199157.698024691
SSP1-2.6,28,LarimichthysPolyactis,Larimichthys polyactis,Mid-trophic species,13,645169.757654321,202628.477592593
SSP1-2.6,29,LarimichthysPolyactis,Larimichthys polyactis,Mid-trophic species,13,631154.169506173,198991.422296296
SSP1-2.6,30,LarimichthysPolyactis,Larimichthys polyactis,Mid-trophic species,13,650616.035925926,205912.217037037
SSP1-2.6,31,LarimichthysPolyactis,Larimichthys polyactis,Mid-trophic species,13,667095.512469136,211114.591481482
SSP1-2.6,32,LarimichthysPolyactis,Larimichthys polyactis,Mid-trophic species,13,674151.081481481,213019.889753086
SSP1-2.6,33,LarimichthysPolyactis,Larimichthys polyactis,Mid-trophic species,13,653041.001851852,204516.002592593
SSP1-2.6,34,LarimichthysPolyactis,Larimichthys polyactis,Mid-trophic species,13,625228.345679012,196079.656296296
SSP1-2.6,35,LarimichthysPolyactis,Larimichthys polyactis,Mid-trophic species,13,647717.248641975,204696.481358025
SSP1-2.6,36,LarimichthysPolyactis,Larimichthys polyactis,Mid-trophic species,13,644728.709506173,204276.026666667
SSP1-2.6,37,LarimichthysPolyactis,Larimichthys polyactis,Mid-trophic species,13,648702.98962963,204286.674691358
SSP1-2.6,38,LarimichthysPolyactis,Larimichthys polyactis,Mid-trophic species,13,656683.062962963,205673.004074074
SSP1-2.6,39,LarimichthysPolyactis,Larimichthys polyactis,Mid-trophic species,13,679918.280493827,213756.474074074
SSP1-2.6,40,LarimichthysPolyactis,Larimichthys polyactis,Mid-trophic species,13,631499.670123457,197838.001728395
SSP1-2.6,41,LarimichthysPolyactis,Larimichthys polyactis,Mid-trophic species,13,669692.759753087,208765.41037037
SSP1-2.6,42,LarimichthysPolyactis,Larimichthys polyactis,Mid-trophic species,13,666386.921481482,209748.322962963
SSP1-2.6,43,LarimichthysPolyactis,Larimichthys polyactis,Mid-trophic species,13,685833.350123457,215800.305555556
SSP1-2.6,44,LarimichthysPolyactis,Larimichthys polyactis,Mid-trophic species,13,677544.235432099,212817.814814815
SSP1-2.6,45,LarimichthysPolyactis,Larimichthys polyactis,Mid-trophic species,13,677593.733580247,212920.927530864
SSP1-2.6,46,LarimichthysPolyactis,Larimichthys polyactis,Mid-trophic species,13,659673.293209877,207883.964444444
SSP1-2.6,47,LarimichthysPolyactis,Larimichthys polyactis,Mid-trophic species,13,651752.39345679,205726.905851852
SSP1-2.6,48,LarimichthysPolyactis,Larimichthys polyactis,Mid-trophic species,13,676219.465308642,212593.096049383
SSP1-2.6,49,LarimichthysPolyactis,Larimichthys polyactis,Mid-trophic species,13,684005.540123457,214422.332098765
SSP1-2.6,50,LarimichthysPolyactis,Larimichthys polyactis,Mid-trophic species,13,667202.917283951,209512.597777778
SSP1-2.6,51,LarimichthysPolyactis,Larimichthys polyactis,Mid-trophic species,13,631780.800617284,199371.125308642
SSP1-2.6,52,LarimichthysPolyactis,Larimichthys polyactis,Mid-trophic species,13,666616.933703704,209191.422839506
SSP1-2.6,53,LarimichthysPolyactis,Larimichthys polyactis,Mid-trophic species,13,676295.211728395,212197.089259259
SSP1-2.6,54,LarimichthysPolyactis,Larimichthys polyactis,Mid-trophic species,13,654848.563209877,205699.342592593
SSP1-2.6,55,LarimichthysPolyactis,Larimichthys polyactis,Mid-trophic species,13,651281.871481482,205990.662098765
SSP1-2.6,56,LarimichthysPolyactis,Larimichthys polyactis,Mid-trophic species,13,666247.691975309,209847.889012346
SSP1-2.6,57,LarimichthysPolyactis,Larimichthys polyactis,Mid-trophic species,13,649453.347160494,204516.075061728
SSP1-2.6,58,LarimichthysPolyactis,Larimichthys polyactis,Mid-trophic species,13,653083.786296296,205028.987407407
SSP1-2.6,59,LarimichthysPolyactis,Larimichthys polyactis,Mid-trophic species,13,654410.979382716,206596.304197531
SSP1-2.6,60,LarimichthysPolyactis,Larimichthys polyactis,Mid-trophic species,13,658256.908271605,206675.538148148
SSP1-2.6,61,LarimichthysPolyactis,Larimichthys polyactis,Mid-trophic species,13,659845.852962963,207756.41037037
SSP1-2.6,62,LarimichthysPolyactis,Larimichthys polyactis,Mid-trophic species,13,640724.468148148,202042.872962963
SSP1-2.6,63,LarimichthysPolyactis,Larimichthys polyactis,Mid-trophic species,13,655467.241234568,207433.929135803
SSP1-2.6,64,LarimichthysPolyactis,Larimichthys polyactis,Mid-trophic species,13,633352.42,198673.080493827
SSP1-2.6,65,LarimichthysPolyactis,Larimichthys polyactis,Mid-trophic species,13,649638.184197531,205413.020740741
SSP1-2.6,66,LarimichthysPolyactis,Larimichthys polyactis,Mid-trophic species,13,668339.385308642,210959.863333333
SSP1-2.6,67,LarimichthysPolyactis,Larimichthys polyactis,Mid-trophic species,13,656189.085802469,206595.625432099
SSP1-2.6,68,LarimichthysPolyactis,Larimichthys polyactis,Mid-trophic species,13,672989.742716049,212035.065061729
SSP1-2.6,69,LarimichthysPolyactis,Larimichthys polyactis,Mid-trophic species,13,649563.526790124,203279.845185185
SSP1-2.6,70,LarimichthysPolyactis,Larimichthys polyactis,Mid-trophic species,13,653229.181975309,206030.255246914
SSP1-2.6,71,LarimichthysPolyactis,Larimichthys polyactis,Mid-trophic species,13,685520.667777778,217317.901111111
SSP1-2.6,72,LarimichthysPolyactis,Larimichthys polyactis,Mid-trophic species,13,682608.228148149,215981.25308642
SSP1-2.6,73,LarimichthysPolyactis,Larimichthys polyactis,Mid-trophic species,13,647079.792839506,203675.661049383
SSP1-2.6,74,LarimichthysPolyactis,Larimichthys polyactis,Mid-trophic species,13,644852.808888889,203739.990987654
SSP1-2.6,75,LarimichthysPolyactis,Larimichthys polyactis,Mid-trophic species,13,643818.765185185,202550.11345679
SSP1-2.6,76,LarimichthysPolyactis,Larimichthys polyactis,Mid-trophic species,13,638781.77308642,202066.630864198
SSP1-2.6,77,LarimichthysPolyactis,Larimichthys polyactis,Mid-trophic species,13,633811.437530864,198433.170493827
SSP1-2.6,78,LarimichthysPolyactis,Larimichthys polyactis,Mid-trophic species,13,666057.062098766,209921.122716049
SSP1-2.6,79,LarimichthysPolyactis,Larimichthys polyactis,Mid-trophic species,13,658136.595679012,207071.688209877
SSP1-2.6,80,LarimichthysPolyactis,Larimichthys polyactis,Mid-trophic species,13,676883.484074074,212568.360567901
SSP1-2.6,81,LarimichthysPolyactis,Larimichthys polyactis,Mid-trophic species,13,629886.792469136,198252.748395062
SSP1-2.6,82,LarimichthysPolyactis,Larimichthys polyactis,Mid-trophic species,13,654641.167283951,206043.318765432
SSP1-2.6,83,LarimichthysPolyactis,Larimichthys polyactis,Mid-trophic species,13,679849.776666667,213698.172716049
SSP1-2.6,84,LarimichthysPolyactis,Larimichthys polyactis,Mid-trophic species,13,660472.690123457,208437.011604938
SSP1-2.6,85,LarimichthysPolyactis,Larimichthys polyactis,Mid-trophic species,13,649587.864444444,204043.08
SSP1-2.6,86,LarimichthysPolyactis,Larimichthys polyactis,Mid-trophic species,13,629939.786296296,198292.208024691
SSP1-2.6,87,LarimichthysPolyactis,Larimichthys polyactis,Mid-trophic species,13,680706.795308642,216008.022345679
SSP1-2.6,88,LarimichthysPolyactis,Larimichthys polyactis,Mid-trophic species,13,683062.242962963,214715.898641975
SSP1-2.6,89,LarimichthysPolyactis,Larimichthys polyactis,Mid-trophic species,13,650861.403950618,206021.597037037
SSP1-2.6,90,LarimichthysPolyactis,Larimichthys polyactis,Mid-trophic species,13,647243.028271605,204170.330123457
SSP1-2.6,91,LarimichthysPolyactis,Larimichthys polyactis,Mid-trophic species,13,621486.606666667,195891.722839506
SSP1-2.6,92,LarimichthysPolyactis,Larimichthys polyactis,Mid-trophic species,13,670018.810617284,211120.649135802
SSP1-2.6,93,LarimichthysPolyactis,Larimichthys polyactis,Mid-trophic species,13,645179.244197531,203156.075802469
SSP1-2.6,94,LarimichthysPolyactis,Larimichthys polyactis,Mid-trophic species,13,660962.550987655,207484.800617284
SSP1-2.6,95,LarimichthysPolyactis,Larimichthys polyactis,Mid-trophic species,13,637319.369753086,200398.393950617
SSP1-2.6,96,LarimichthysPolyactis,Larimichthys polyactis,Mid-trophic species,13,672425.612222222,211628.161728395
SSP1-2.6,97,LarimichthysPolyactis,Larimichthys polyactis,Mid-trophic species,13,605766.143333334,190865.417530864
SSP1-2.6,98,LarimichthysPolyactis,Larimichthys polyactis,Mid-trophic species,13,611329.058148148,193831.531111111
SSP1-2.6,99,LarimichthysPolyactis,Larimichthys polyactis,Mid-trophic species,13,621449.25345679,194845.40691358
SSP1-2.6,100,LarimichthysPolyactis,Larimichthys polyactis,Mid-trophic species,13,635781.90962963,200380.500493827
SSP1-2.6,1,TrachurusJaponicus,Trachurus japonicus,Mid-trophic species,14,11719.3258950617,2440.21980987654
SSP1-2.6,2,TrachurusJaponicus,Trachurus japonicus,Mid-trophic species,14,11335.9782753086,2267.67150654321
SSP1-2.6,3,TrachurusJaponicus,Trachurus japonicus,Mid-trophic species,14,13593.9568790123,2941.06889814815
SSP1-2.6,4,TrachurusJaponicus,Trachurus japonicus,Mid-trophic species,14,11819.1474950617,2425.87011641975
SSP1-2.6,5,TrachurusJaponicus,Trachurus japonicus,Mid-trophic species,14,11562.360662963,2388.23776975309
SSP1-2.6,6,TrachurusJaponicus,Trachurus japonicus,Mid-trophic species,14,9789.32094074074,2014.22378469136
SSP1-2.6,7,TrachurusJaponicus,Trachurus japonicus,Mid-trophic species,14,11850.2338246914,2449.29016901235
SSP1-2.6,8,TrachurusJaponicus,Trachurus japonicus,Mid-trophic species,14,11414.5341617284,2340.62139098765
SSP1-2.6,9,TrachurusJaponicus,Trachurus japonicus,Mid-trophic species,14,12120.9625432099,2571.46862407407
SSP1-2.6,10,TrachurusJaponicus,Trachurus japonicus,Mid-trophic species,14,12695.7139395062,2677.55351641975
SSP1-2.6,11,TrachurusJaponicus,Trachurus japonicus,Mid-trophic species,14,8719.51388765432,1788.42942444444
SSP1-2.6,12,TrachurusJaponicus,Trachurus japonicus,Mid-trophic species,14,12710.7326012346,2684.85514938272
SSP1-2.6,13,TrachurusJaponicus,Trachurus japonicus,Mid-trophic species,14,11413.2205790123,2368.4304854321
SSP1-2.6,14,TrachurusJaponicus,Trachurus japonicus,Mid-trophic species,14,12497.2421765432,2559.17986506173
SSP1-2.6,15,TrachurusJaponicus,Trachurus japonicus,Mid-trophic species,14,11174.1902950617,2282.25821777778
SSP1-2.6,16,TrachurusJaponicus,Trachurus japonicus,Mid-trophic species,14,12375.1226753086,2502.79124777778
SSP1-2.6,17,TrachurusJaponicus,Trachurus japonicus,Mid-trophic species,14,13179.0662888889,2759.26990839506
SSP1-2.6,18,TrachurusJaponicus,Trachurus japonicus,Mid-trophic species,14,11764.4399666667,2339.50089987654
SSP1-2.6,19,TrachurusJaponicus,Trachurus japonicus,Mid-trophic species,14,9126.46210740741,1846.91429530864
SSP1-2.6,20,TrachurusJaponicus,Trachurus japonicus,Mid-trophic species,14,10173.3359123457,2076.97852925926
SSP1-2.6,21,TrachurusJaponicus,Trachurus japonicus,Mid-trophic species,14,9924.62031839506,2074.40523074074
SSP1-2.6,22,TrachurusJaponicus,Trachurus japonicus,Mid-trophic species,14,12571.4428703704,2642.22024962963
SSP1-2.6,23,TrachurusJaponicus,Trachurus japonicus,Mid-trophic species,14,13630.7109777778,2851.78235987654
SSP1-2.6,24,TrachurusJaponicus,Trachurus japonicus,Mid-trophic species,14,11766.1984283951,2459.75668654321
SSP1-2.6,25,TrachurusJaponicus,Trachurus japonicus,Mid-trophic species,14,11412.0690061728,2369.11304061728
SSP1-2.6,26,TrachurusJaponicus,Trachurus japonicus,Mid-trophic species,14,9176.83108395062,1848.56506839506
SSP1-2.6,27,TrachurusJaponicus,Trachurus japonicus,Mid-trophic species,14,9958.84353493827,2057.7301817284
SSP1-2.6,28,TrachurusJaponicus,Trachurus japonicus,Mid-trophic species,14,10736.7753197531,2184.7401454321
SSP1-2.6,29,TrachurusJaponicus,Trachurus japonicus,Mid-trophic species,14,11936.5361938272,2510.8404091358
SSP1-2.6,30,TrachurusJaponicus,Trachurus japonicus,Mid-trophic species,14,12780.1859728395,2639.63336987654
SSP1-2.6,31,TrachurusJaponicus,Trachurus japonicus,Mid-trophic species,14,11363.1322427161,2408.66260149383
SSP1-2.6,32,TrachurusJaponicus,Trachurus japonicus,Mid-trophic species,14,9794.40795432098,1979.95603444445
SSP1-2.6,33,TrachurusJaponicus,Trachurus japonicus,Mid-trophic species,14,10522.3053925926,2188.3324808642
SSP1-2.6,34,TrachurusJaponicus,Trachurus japonicus,Mid-trophic species,14,11121.9545209877,2242.82273518519
SSP1-2.6,35,TrachurusJaponicus,Trachurus japonicus,Mid-trophic species,14,10782.6925024691,2230.52990024691
SSP1-2.6,36,TrachurusJaponicus,Trachurus japonicus,Mid-trophic species,14,10705.9649061728,2173.04632950617
SSP1-2.6,37,TrachurusJaponicus,Trachurus japonicus,Mid-trophic species,14,10619.2223925926,2168.32132530864
SSP1-2.6,38,TrachurusJaponicus,Trachurus japonicus,Mid-trophic species,14,10867.8084585185,2268.06948407407
SSP1-2.6,39,TrachurusJaponicus,Trachurus japonicus,Mid-trophic species,14,11976.5503407407,2479.02486345679
SSP1-2.6,40,TrachurusJaponicus,Trachurus japonicus,Mid-trophic species,14,12909.7198345679,2661.71451814815
SSP1-2.6,41,TrachurusJaponicus,Trachurus japonicus,Mid-trophic species,14,10945.7684617284,2296.25042308642
SSP1-2.6,42,TrachurusJaponicus,Trachurus japonicus,Mid-trophic species,14,10866.1064333333,2243.08190987654
SSP1-2.6,43,TrachurusJaponicus,Trachurus japonicus,Mid-trophic species,14,14614.712354321,3095.4107
SSP1-2.6,44,TrachurusJaponicus,Trachurus japonicus,Mid-trophic species,14,11332.7466493827,2324.09753938272
SSP1-2.6,45,TrachurusJaponicus,Trachurus japonicus,Mid-trophic species,14,9208.59032098766,1880.12351654321
SSP1-2.6,46,TrachurusJaponicus,Trachurus japonicus,Mid-trophic species,14,12779.5002666667,2705.60428901235
SSP1-2.6,47,TrachurusJaponicus,Trachurus japonicus,Mid-trophic species,14,12292.9107012346,2513.27592765432
SSP1-2.6,48,TrachurusJaponicus,Trachurus japonicus,Mid-trophic species,14,12346.5964222222,2542.2039137037
SSP1-2.6,49,TrachurusJaponicus,Trachurus japonicus,Mid-trophic species,14,8408.26665802469,1668.11657135802
SSP1-2.6,50,TrachurusJaponicus,Trachurus japonicus,Mid-trophic species,14,10993.5059679012,2237.8554062963
SSP1-2.6,51,TrachurusJaponicus,Trachurus japonicus,Mid-trophic species,14,11927.3067888889,2437.85091740741
SSP1-2.6,52,TrachurusJaponicus,Trachurus japonicus,Mid-trophic species,14,11260.0519728395,2344.6927954321
SSP1-2.6,53,TrachurusJaponicus,Trachurus japonicus,Mid-trophic species,14,9756.49224567902,2037.31817209877
SSP1-2.6,54,TrachurusJaponicus,Trachurus japonicus,Mid-trophic species,14,12203.7191777778,2500.90079098765
SSP1-2.6,55,TrachurusJaponicus,Trachurus japonicus,Mid-trophic species,14,10633.7064204938,2189.69357172839
SSP1-2.6,56,TrachurusJaponicus,Trachurus japonicus,Mid-trophic species,14,13055.1467271605,2789.11351666667
SSP1-2.6,57,TrachurusJaponicus,Trachurus japonicus,Mid-trophic species,14,12252.7106197531,2515.97677814815
SSP1-2.6,58,TrachurusJaponicus,Trachurus japonicus,Mid-trophic species,14,11205.5562333333,2323.98778530864
SSP1-2.6,59,TrachurusJaponicus,Trachurus japonicus,Mid-trophic species,14,11472.308292963,2383.03118703704
SSP1-2.6,60,TrachurusJaponicus,Trachurus japonicus,Mid-trophic species,14,12095.747962963,2508.65082283951
SSP1-2.6,61,TrachurusJaponicus,Trachurus japonicus,Mid-trophic species,14,12271.9118209877,2541.10514777778
SSP1-2.6,62,TrachurusJaponicus,Trachurus japonicus,Mid-trophic species,14,12415.1554407407,2544.04291765432
SSP1-2.6,63,TrachurusJaponicus,Trachurus japonicus,Mid-trophic species,14,9904.61943456791,1993.77345012346
SSP1-2.6,64,TrachurusJaponicus,Trachurus japonicus,Mid-trophic species,14,10581.6333308642,2190.65176407408
SSP1-2.6,65,TrachurusJaponicus,Trachurus japonicus,Mid-trophic species,14,14912.2661222222,3194.98124197531
SSP1-2.6,66,TrachurusJaponicus,Trachurus japonicus,Mid-trophic species,14,11309.912282716,2299.55563518519
SSP1-2.6,67,TrachurusJaponicus,Trachurus japonicus,Mid-trophic species,14,12559.0918123457,2565.97174592593
SSP1-2.6,68,TrachurusJaponicus,Trachurus japonicus,Mid-trophic species,14,11202.8875407407,2294.41614209877
SSP1-2.6,69,TrachurusJaponicus,Trachurus japonicus,Mid-trophic species,14,11498.4873728395,2353.28061469136
SSP1-2.6,70,TrachurusJaponicus,Trachurus japonicus,Mid-trophic species,14,10064.7933975309,2072.23555777778
SSP1-2.6,71,TrachurusJaponicus,Trachurus japonicus,Mid-trophic species,14,9394.23462469136,1918.67049148148
SSP1-2.6,72,TrachurusJaponicus,Trachurus japonicus,Mid-trophic species,14,12734.8093345679,2686.74765604938
SSP1-2.6,73,TrachurusJaponicus,Trachurus japonicus,Mid-trophic species,14,13286.0565419753,2784.77031160494
SSP1-2.6,74,TrachurusJaponicus,Trachurus japonicus,Mid-trophic species,14,12647.2366419753,2620.3565117284
SSP1-2.6,75,TrachurusJaponicus,Trachurus japonicus,Mid-trophic species,14,11035.7743444444,2283.75257172839
SSP1-2.6,76,TrachurusJaponicus,Trachurus japonicus,Mid-trophic species,14,12891.3057975309,2681.97192358025
SSP1-2.6,77,TrachurusJaponicus,Trachurus japonicus,Mid-trophic species,14,10551.5825654321,2173.15342691358
SSP1-2.6,78,TrachurusJaponicus,Trachurus japonicus,Mid-trophic species,14,13114.8842666667,2684.96659506173
SSP1-2.6,79,TrachurusJaponicus,Trachurus japonicus,Mid-trophic species,14,12259.2367111111,2566.52319962963
SSP1-2.6,80,TrachurusJaponicus,Trachurus japonicus,Mid-trophic species,14,11557.8201851852,2370.92260592593
SSP1-2.6,81,TrachurusJaponicus,Trachurus japonicus,Mid-trophic species,14,13725.7310296296,2871.81294938272
SSP1-2.6,82,TrachurusJaponicus,Trachurus japonicus,Mid-trophic species,14,11850.442891358,2457.30685950617
SSP1-2.6,83,TrachurusJaponicus,Trachurus japonicus,Mid-trophic species,14,12124.1761037037,2464.14973580247
SSP1-2.6,84,TrachurusJaponicus,Trachurus japonicus,Mid-trophic species,14,12267.2910172839,2533.56533382716
SSP1-2.6,85,TrachurusJaponicus,Trachurus japonicus,Mid-trophic species,14,11634.0814530864,2393.62759814815
SSP1-2.6,86,TrachurusJaponicus,Trachurus japonicus,Mid-trophic species,14,10844.8031740741,2278.20900864198
SSP1-2.6,87,TrachurusJaponicus,Trachurus japonicus,Mid-trophic species,14,10995.6040197531,2269.43750246914
SSP1-2.6,88,TrachurusJaponicus,Trachurus japonicus,Mid-trophic species,14,12265.2600925926,2495.0432245679
SSP1-2.6,89,TrachurusJaponicus,Trachurus japonicus,Mid-trophic species,14,11375.2451037037,2320.50251876543
SSP1-2.6,90,TrachurusJaponicus,Trachurus japonicus,Mid-trophic species,14,11143.2348358025,2266.83913740741
SSP1-2.6,91,TrachurusJaponicus,Trachurus japonicus,Mid-trophic species,14,12921.6527246914,2652.9174791358
SSP1-2.6,92,TrachurusJaponicus,Trachurus japonicus,Mid-trophic species,14,10319.2170987654,2127.25201604938
SSP1-2.6,93,TrachurusJaponicus,Trachurus japonicus,Mid-trophic species,14,10108.6436197531,2065.40993234568
SSP1-2.6,94,TrachurusJaponicus,Trachurus japonicus,Mid-trophic species,14,10622.7422444444,2171.82010765432
SSP1-2.6,95,TrachurusJaponicus,Trachurus japonicus,Mid-trophic species,14,14588.7486975309,3091.93583407407
SSP1-2.6,96,TrachurusJaponicus,Trachurus japonicus,Mid-trophic species,14,11626.7091176543,2393.41927333333
SSP1-2.6,97,TrachurusJaponicus,Trachurus japonicus,Mid-trophic species,14,11302.5598024691,2348.19451074074
SSP1-2.6,98,TrachurusJaponicus,Trachurus japonicus,Mid-trophic species,14,12349.4304839506,2560.78916333333
SSP1-2.6,99,TrachurusJaponicus,Trachurus japonicus,Mid-trophic species,14,11714.5001259259,2409.18565753086
SSP1-2.6,100,TrachurusJaponicus,Trachurus japonicus,Mid-trophic species,14,13866.6157061728,2894.96491666667
SSP5-8.5,1,EngraulisJaponicus,Engraulis japonicus,Prey,1,701574.402592592,110061.442049383
SSP5-8.5,2,EngraulisJaponicus,Engraulis japonicus,Prey,1,739086.538888889,115945.486320988
SSP5-8.5,3,EngraulisJaponicus,Engraulis japonicus,Prey,1,729257.167901235,114403.516802469
SSP5-8.5,4,EngraulisJaponicus,Engraulis japonicus,Prey,1,745997.119012346,116729.346876543
SSP5-8.5,5,EngraulisJaponicus,Engraulis japonicus,Prey,1,720783.599506173,112592.765395062
SSP5-8.5,6,EngraulisJaponicus,Engraulis japonicus,Prey,1,747568.497160494,117343.475123457
SSP5-8.5,7,EngraulisJaponicus,Engraulis japonicus,Prey,1,715656.800123457,112279.405061728
SSP5-8.5,8,EngraulisJaponicus,Engraulis japonicus,Prey,1,737051.828765432,115694.911123457
SSP5-8.5,9,EngraulisJaponicus,Engraulis japonicus,Prey,1,758938.582345679,119166.662975309
SSP5-8.5,10,EngraulisJaponicus,Engraulis japonicus,Prey,1,755737.645185185,118923.573802469
SSP5-8.5,11,EngraulisJaponicus,Engraulis japonicus,Prey,1,732769.549382716,114401.61762963
SSP5-8.5,12,EngraulisJaponicus,Engraulis japonicus,Prey,1,739718.502962963,115735.914802469
SSP5-8.5,13,EngraulisJaponicus,Engraulis japonicus,Prey,1,732495.512222222,114281.876222222
SSP5-8.5,14,EngraulisJaponicus,Engraulis japonicus,Prey,1,754643.819629629,118545.484814815
SSP5-8.5,15,EngraulisJaponicus,Engraulis japonicus,Prey,1,746414.722839506,117090.672604938
SSP5-8.5,16,EngraulisJaponicus,Engraulis japonicus,Prey,1,712893.137037037,111580.746259259
SSP5-8.5,17,EngraulisJaponicus,Engraulis japonicus,Prey,1,755981.77691358,118581.658358025
SSP5-8.5,18,EngraulisJaponicus,Engraulis japonicus,Prey,1,708340.765679012,111233.065740741
SSP5-8.5,19,EngraulisJaponicus,Engraulis japonicus,Prey,1,749688.572469136,117921.236333333
SSP5-8.5,20,EngraulisJaponicus,Engraulis japonicus,Prey,1,715865.128641975,112177.061851852
SSP5-8.5,21,EngraulisJaponicus,Engraulis japonicus,Prey,1,741554.061604938,116234.529024691
SSP5-8.5,22,EngraulisJaponicus,Engraulis japonicus,Prey,1,771824.570740741,121299.346777778
SSP5-8.5,23,EngraulisJaponicus,Engraulis japonicus,Prey,1,721552.63691358,113170.103185185
SSP5-8.5,24,EngraulisJaponicus,Engraulis japonicus,Prey,1,727544.416790123,113738.348246914
SSP5-8.5,25,EngraulisJaponicus,Engraulis japonicus,Prey,1,739398.877901235,115803.427259259
SSP5-8.5,26,EngraulisJaponicus,Engraulis japonicus,Prey,1,737330.379876543,115297.63045679
SSP5-8.5,27,EngraulisJaponicus,Engraulis japonicus,Prey,1,744248.094197531,116714.230358025
SSP5-8.5,28,EngraulisJaponicus,Engraulis japonicus,Prey,1,744006.963827161,116411.605876543
SSP5-8.5,29,EngraulisJaponicus,Engraulis japonicus,Prey,1,743127.297283951,116519.460493827
SSP5-8.5,30,EngraulisJaponicus,Engraulis japonicus,Prey,1,767139.875802469,120783.926407407
SSP5-8.5,31,EngraulisJaponicus,Engraulis japonicus,Prey,1,728972.296296296,114338.156814815
SSP5-8.5,32,EngraulisJaponicus,Engraulis japonicus,Prey,1,736017.73382716,115193.259901235
SSP5-8.5,33,EngraulisJaponicus,Engraulis japonicus,Prey,1,718258.159135803,112254.853148148
SSP5-8.5,34,EngraulisJaponicus,Engraulis japonicus,Prey,1,739634.221481482,115950.420580247
SSP5-8.5,35,EngraulisJaponicus,Engraulis japonicus,Prey,1,714047.827407408,111249.345395062
SSP5-8.5,36,EngraulisJaponicus,Engraulis japonicus,Prey,1,745593.522222222,117344.155246914
SSP5-8.5,37,EngraulisJaponicus,Engraulis japonicus,Prey,1,753461.22308642,118476.17145679
SSP5-8.5,38,EngraulisJaponicus,Engraulis japonicus,Prey,1,719444.288765432,112394.541654321
SSP5-8.5,39,EngraulisJaponicus,Engraulis japonicus,Prey,1,736253.024074074,115072.391234568
SSP5-8.5,40,EngraulisJaponicus,Engraulis japonicus,Prey,1,731095.659382716,114128.227049383
SSP5-8.5,41,EngraulisJaponicus,Engraulis japonicus,Prey,1,742299.590493827,116304.483061728
SSP5-8.5,42,EngraulisJaponicus,Engraulis japonicus,Prey,1,738183.322345679,115390.838259259
SSP5-8.5,43,EngraulisJaponicus,Engraulis japonicus,Prey,1,711221.187901235,111695.854604938
SSP5-8.5,44,EngraulisJaponicus,Engraulis japonicus,Prey,1,754844.727160494,118515.19491358
SSP5-8.5,45,EngraulisJaponicus,Engraulis japonicus,Prey,1,716684.564197531,111908.239148148
SSP5-8.5,46,EngraulisJaponicus,Engraulis japonicus,Prey,1,736031.721851852,115568.126419753
SSP5-8.5,47,EngraulisJaponicus,Engraulis japonicus,Prey,1,718408.727037037,112711.156765432
SSP5-8.5,48,EngraulisJaponicus,Engraulis japonicus,Prey,1,746734.486790123,117025.971864198
SSP5-8.5,49,EngraulisJaponicus,Engraulis japonicus,Prey,1,804650.733333333,127002.605740741
SSP5-8.5,50,EngraulisJaponicus,Engraulis japonicus,Prey,1,731250.86925926,114594.010740741
SSP5-8.5,51,EngraulisJaponicus,Engraulis japonicus,Prey,1,758898.198765432,119287.627345679
SSP5-8.5,52,EngraulisJaponicus,Engraulis japonicus,Prey,1,734399.801604938,115209.39437037
SSP5-8.5,53,EngraulisJaponicus,Engraulis japonicus,Prey,1,734818.665061728,114913.678728395
SSP5-8.5,54,EngraulisJaponicus,Engraulis japonicus,Prey,1,699347.605802469,109455.977679012
SSP5-8.5,55,EngraulisJaponicus,Engraulis japonicus,Prey,1,746309.201728395,117247.639777778
SSP5-8.5,56,EngraulisJaponicus,Engraulis japonicus,Prey,1,718890.49271605,112325.605
SSP5-8.5,57,EngraulisJaponicus,Engraulis japonicus,Prey,1,758517.663209876,119078.386098765
SSP5-8.5,58,EngraulisJaponicus,Engraulis japonicus,Prey,1,758916.734320988,119193.672148148
SSP5-8.5,59,EngraulisJaponicus,Engraulis japonicus,Prey,1,755491.295308642,119128.104962963
SSP5-8.5,60,EngraulisJaponicus,Engraulis japonicus,Prey,1,714090.962345679,111568.235703704
SSP5-8.5,61,EngraulisJaponicus,Engraulis japonicus,Prey,1,742161.615925926,116020.229419753
SSP5-8.5,62,EngraulisJaponicus,Engraulis japonicus,Prey,1,754325.56,117985.353555556
SSP5-8.5,63,EngraulisJaponicus,Engraulis japonicus,Prey,1,737509.431111111,115253.442530864
SSP5-8.5,64,EngraulisJaponicus,Engraulis japonicus,Prey,1,715930.317407407,111850.292901235
SSP5-8.5,65,EngraulisJaponicus,Engraulis japonicus,Prey,1,757655.149506173,119040.713962963
SSP5-8.5,66,EngraulisJaponicus,Engraulis japonicus,Prey,1,714132.002222222,111775.84137037
SSP5-8.5,67,EngraulisJaponicus,Engraulis japonicus,Prey,1,752622.395679013,118273.052691358
SSP5-8.5,68,EngraulisJaponicus,Engraulis japonicus,Prey,1,744212.200493827,116608.373728395
SSP5-8.5,69,EngraulisJaponicus,Engraulis japonicus,Prey,1,775205.697037037,121739.256703704
SSP5-8.5,70,EngraulisJaponicus,Engraulis japonicus,Prey,1,760254.870987654,119701.478123457
SSP5-8.5,71,EngraulisJaponicus,Engraulis japonicus,Prey,1,750939.567777778,118048.448197531
SSP5-8.5,72,EngraulisJaponicus,Engraulis japonicus,Prey,1,721194.460987654,113306.371654321
SSP5-8.5,73,EngraulisJaponicus,Engraulis japonicus,Prey,1,773678.268518519,120481.388851852
SSP5-8.5,74,EngraulisJaponicus,Engraulis japonicus,Prey,1,709298.962222222,111353.720308642
SSP5-8.5,75,EngraulisJaponicus,Engraulis japonicus,Prey,1,720488.519382716,112779.072839506
SSP5-8.5,76,EngraulisJaponicus,Engraulis japonicus,Prey,1,707129.763580247,110814.050432099
SSP5-8.5,77,EngraulisJaponicus,Engraulis japonicus,Prey,1,747797.102592592,116938.874283951
SSP5-8.5,78,EngraulisJaponicus,Engraulis japonicus,Prey,1,770657.931975308,121407.62037037
SSP5-8.5,79,EngraulisJaponicus,Engraulis japonicus,Prey,1,750560.519753087,117854.479024691
SSP5-8.5,80,EngraulisJaponicus,Engraulis japonicus,Prey,1,718995.870123457,112177.157
SSP5-8.5,81,EngraulisJaponicus,Engraulis japonicus,Prey,1,703051.248518519,110219.125790123
SSP5-8.5,82,EngraulisJaponicus,Engraulis japonicus,Prey,1,730445.972839506,115030.080592593
SSP5-8.5,83,EngraulisJaponicus,Engraulis japonicus,Prey,1,718011.888765432,112479.166160494
SSP5-8.5,84,EngraulisJaponicus,Engraulis japonicus,Prey,1,715823.325802469,111778.865407407
SSP5-8.5,85,EngraulisJaponicus,Engraulis japonicus,Prey,1,741769.846049383,116729.206135802
SSP5-8.5,86,EngraulisJaponicus,Engraulis japonicus,Prey,1,713868.098395062,110949.441222222
SSP5-8.5,87,EngraulisJaponicus,Engraulis japonicus,Prey,1,730816.368518519,115182.68637037
SSP5-8.5,88,EngraulisJaponicus,Engraulis japonicus,Prey,1,730562.417654321,114190.111172839
SSP5-8.5,89,EngraulisJaponicus,Engraulis japonicus,Prey,1,740516.467160494,115762.398827161
SSP5-8.5,90,EngraulisJaponicus,Engraulis japonicus,Prey,1,780736.833827161,122727.946567901
SSP5-8.5,91,EngraulisJaponicus,Engraulis japonicus,Prey,1,742895.829876543,116311.036654321
SSP5-8.5,92,EngraulisJaponicus,Engraulis japonicus,Prey,1,773509.370617284,121605.634
SSP5-8.5,93,EngraulisJaponicus,Engraulis japonicus,Prey,1,733239.925185185,114321.418753086
SSP5-8.5,94,EngraulisJaponicus,Engraulis japonicus,Prey,1,750092.633209876,116851.143876543
SSP5-8.5,95,EngraulisJaponicus,Engraulis japonicus,Prey,1,747854.381358025,117378.209246914
SSP5-8.5,96,EngraulisJaponicus,Engraulis japonicus,Prey,1,728636.488765432,114420.967530864
SSP5-8.5,97,EngraulisJaponicus,Engraulis japonicus,Prey,1,731913.349506173,115364.080296296
SSP5-8.5,98,EngraulisJaponicus,Engraulis japonicus,Prey,1,717907.61654321,112762.816716049
SSP5-8.5,99,EngraulisJaponicus,Engraulis japonicus,Prey,1,754114.699506173,118119.213592593
SSP5-8.5,100,EngraulisJaponicus,Engraulis japonicus,Prey,1,762825.815925926,118969.499851852
SSP5-8.5,1,ScomberomorusNiphonius,Scomberomorus niphonius,Predator,2,91051.6852469136,34799.0297407408
SSP5-8.5,2,ScomberomorusNiphonius,Scomberomorus niphonius,Predator,2,93855.7962222222,35898.447691358
SSP5-8.5,3,ScomberomorusNiphonius,Scomberomorus niphonius,Predator,2,94901.9707654321,36382.5275432099
SSP5-8.5,4,ScomberomorusNiphonius,Scomberomorus niphonius,Predator,2,94262.6581481481,36087.476654321
SSP5-8.5,5,ScomberomorusNiphonius,Scomberomorus niphonius,Predator,2,94187.691345679,35958.8232716049
SSP5-8.5,6,ScomberomorusNiphonius,Scomberomorus niphonius,Predator,2,91845.0266049383,35021.3103950617
SSP5-8.5,7,ScomberomorusNiphonius,Scomberomorus niphonius,Predator,2,93358.6901851852,35739.8735308642
SSP5-8.5,8,ScomberomorusNiphonius,Scomberomorus niphonius,Predator,2,94594.337382716,36077.4965679012
SSP5-8.5,9,ScomberomorusNiphonius,Scomberomorus niphonius,Predator,2,95612.0443703704,36638.1786296296
SSP5-8.5,10,ScomberomorusNiphonius,Scomberomorus niphonius,Predator,2,93111.7968395062,35772.256345679
SSP5-8.5,11,ScomberomorusNiphonius,Scomberomorus niphonius,Predator,2,93728.4256666667,35771.9282592593
SSP5-8.5,12,ScomberomorusNiphonius,Scomberomorus niphonius,Predator,2,93675.6819012346,35949.5297160494
SSP5-8.5,13,ScomberomorusNiphonius,Scomberomorus niphonius,Predator,2,92777.551728395,35292.7131851852
SSP5-8.5,14,ScomberomorusNiphonius,Scomberomorus niphonius,Predator,2,94713.5622962963,36192.314308642
SSP5-8.5,15,ScomberomorusNiphonius,Scomberomorus niphonius,Predator,2,92974.7122098765,35535.0765802469
SSP5-8.5,16,ScomberomorusNiphonius,Scomberomorus niphonius,Predator,2,93129.9042716049,35762.6160864197
SSP5-8.5,17,ScomberomorusNiphonius,Scomberomorus niphonius,Predator,2,93532.3392098765,35726.5937407408
SSP5-8.5,18,ScomberomorusNiphonius,Scomberomorus niphonius,Predator,2,93842.0037530864,35837.499617284
SSP5-8.5,19,ScomberomorusNiphonius,Scomberomorus niphonius,Predator,2,93808.4542962963,35899.5447654321
SSP5-8.5,20,ScomberomorusNiphonius,Scomberomorus niphonius,Predator,2,94547.883691358,36103.8347901235
SSP5-8.5,21,ScomberomorusNiphonius,Scomberomorus niphonius,Predator,2,93692.7132962963,35883.9067654321
SSP5-8.5,22,ScomberomorusNiphonius,Scomberomorus niphonius,Predator,2,93064.4286296296,35828.0688024691
SSP5-8.5,23,ScomberomorusNiphonius,Scomberomorus niphonius,Predator,2,92753.6768024691,35673.5644814815
SSP5-8.5,24,ScomberomorusNiphonius,Scomberomorus niphonius,Predator,2,95319.2635802469,36503.5400740741
SSP5-8.5,25,ScomberomorusNiphonius,Scomberomorus niphonius,Predator,2,91353.1094814815,35036.110037037
SSP5-8.5,26,ScomberomorusNiphonius,Scomberomorus niphonius,Predator,2,94038.2762839506,35837.3013950617
SSP5-8.5,27,ScomberomorusNiphonius,Scomberomorus niphonius,Predator,2,93655.8709135802,35907.099037037
SSP5-8.5,28,ScomberomorusNiphonius,Scomberomorus niphonius,Predator,2,94373.9069012346,36097.9219506173
SSP5-8.5,29,ScomberomorusNiphonius,Scomberomorus niphonius,Predator,2,94323.1468765432,36175.994308642
SSP5-8.5,30,ScomberomorusNiphonius,Scomberomorus niphonius,Predator,2,92403.9897530865,35366.8625432099
SSP5-8.5,31,ScomberomorusNiphonius,Scomberomorus niphonius,Predator,2,92264.8537160494,35340.1629876543
SSP5-8.5,32,ScomberomorusNiphonius,Scomberomorus niphonius,Predator,2,92768.0906790123,35309.9419382716
SSP5-8.5,33,ScomberomorusNiphonius,Scomberomorus niphonius,Predator,2,92779.6758641975,35380.9538024692
SSP5-8.5,34,ScomberomorusNiphonius,Scomberomorus niphonius,Predator,2,95535.3510493827,36452.0533827161
SSP5-8.5,35,ScomberomorusNiphonius,Scomberomorus niphonius,Predator,2,93313.3758765432,35736.977345679
SSP5-8.5,36,ScomberomorusNiphonius,Scomberomorus niphonius,Predator,2,93969.0855802469,36022.5616666667
SSP5-8.5,37,ScomberomorusNiphonius,Scomberomorus niphonius,Predator,2,94361.3134814814,36175.1410617284
SSP5-8.5,38,ScomberomorusNiphonius,Scomberomorus niphonius,Predator,2,93445.3388024691,35714.6886419753
SSP5-8.5,39,ScomberomorusNiphonius,Scomberomorus niphonius,Predator,2,94172.3669876543,35982.2582469136
SSP5-8.5,40,ScomberomorusNiphonius,Scomberomorus niphonius,Predator,2,93524.6050864198,35856.5209012346
SSP5-8.5,41,ScomberomorusNiphonius,Scomberomorus niphonius,Predator,2,92773.1011975308,35418.4487283951
SSP5-8.5,42,ScomberomorusNiphonius,Scomberomorus niphonius,Predator,2,92444.248,35277.7199753087
SSP5-8.5,43,ScomberomorusNiphonius,Scomberomorus niphonius,Predator,2,91797.7801358025,34983.1080864198
SSP5-8.5,44,ScomberomorusNiphonius,Scomberomorus niphonius,Predator,2,93928.7294567902,35831.1213827161
SSP5-8.5,45,ScomberomorusNiphonius,Scomberomorus niphonius,Predator,2,93246.115,35470.3294320988
SSP5-8.5,46,ScomberomorusNiphonius,Scomberomorus niphonius,Predator,2,92648.8413580247,35555.1157037037
SSP5-8.5,47,ScomberomorusNiphonius,Scomberomorus niphonius,Predator,2,93342.782617284,35811.5137407407
SSP5-8.5,48,ScomberomorusNiphonius,Scomberomorus niphonius,Predator,2,93372.2317037037,35675.1977901235
SSP5-8.5,49,ScomberomorusNiphonius,Scomberomorus niphonius,Predator,2,93754.5194814815,35794.1305061728
SSP5-8.5,50,ScomberomorusNiphonius,Scomberomorus niphonius,Predator,2,93144.6792098765,35464.2728641975
SSP5-8.5,51,ScomberomorusNiphonius,Scomberomorus niphonius,Predator,2,92855.1185432099,35401.3291728395
SSP5-8.5,52,ScomberomorusNiphonius,Scomberomorus niphonius,Predator,2,94519.8344567901,36091.2445555555
SSP5-8.5,53,ScomberomorusNiphonius,Scomberomorus niphonius,Predator,2,93459.6679876543,35744.734654321
SSP5-8.5,54,ScomberomorusNiphonius,Scomberomorus niphonius,Predator,2,94407.8569506173,36102.0349382716
SSP5-8.5,55,ScomberomorusNiphonius,Scomberomorus niphonius,Predator,2,93632.2242716049,36029.2007037037
SSP5-8.5,56,ScomberomorusNiphonius,Scomberomorus niphonius,Predator,2,93317.8987777778,35675.440308642
SSP5-8.5,57,ScomberomorusNiphonius,Scomberomorus niphonius,Predator,2,91632.2069135802,34999.432654321
SSP5-8.5,58,ScomberomorusNiphonius,Scomberomorus niphonius,Predator,2,93694.534,35994.2469135802
SSP5-8.5,59,ScomberomorusNiphonius,Scomberomorus niphonius,Predator,2,93206.0778395062,35637.0622469136
SSP5-8.5,60,ScomberomorusNiphonius,Scomberomorus niphonius,Predator,2,92957.9518765432,35729.5515432099
SSP5-8.5,61,ScomberomorusNiphonius,Scomberomorus niphonius,Predator,2,94150.7190123457,35993.6142469136
SSP5-8.5,62,ScomberomorusNiphonius,Scomberomorus niphonius,Predator,2,93130.8758148148,35671.9097160494
SSP5-8.5,63,ScomberomorusNiphonius,Scomberomorus niphonius,Predator,2,92235.3538271605,35222.9763209876
SSP5-8.5,64,ScomberomorusNiphonius,Scomberomorus niphonius,Predator,2,93391.0751975309,35697.887654321
SSP5-8.5,65,ScomberomorusNiphonius,Scomberomorus niphonius,Predator,2,93722.6704320988,35910.8644074074
SSP5-8.5,66,ScomberomorusNiphonius,Scomberomorus niphonius,Predator,2,92980.6333580247,35724.4245679012
SSP5-8.5,67,ScomberomorusNiphonius,Scomberomorus niphonius,Predator,2,92544.848654321,35498.6247901235
SSP5-8.5,68,ScomberomorusNiphonius,Scomberomorus niphonius,Predator,2,94563.0290740741,36178.2811358025
SSP5-8.5,69,ScomberomorusNiphonius,Scomberomorus niphonius,Predator,2,93716.6959259259,36044.697345679
SSP5-8.5,70,ScomberomorusNiphonius,Scomberomorus niphonius,Predator,2,94533.8568148148,36249.1762222222
SSP5-8.5,71,ScomberomorusNiphonius,Scomberomorus niphonius,Predator,2,93377.2054074074,35799.4057407407
SSP5-8.5,72,ScomberomorusNiphonius,Scomberomorus niphonius,Predator,2,94323.9213580247,35928.529691358
SSP5-8.5,73,ScomberomorusNiphonius,Scomberomorus niphonius,Predator,2,94971.3959012345,36374.2440740741
SSP5-8.5,74,ScomberomorusNiphonius,Scomberomorus niphonius,Predator,2,93078.9660740741,35507.0072592593
SSP5-8.5,75,ScomberomorusNiphonius,Scomberomorus niphonius,Predator,2,92164.2632469136,35330.1617283951
SSP5-8.5,76,ScomberomorusNiphonius,Scomberomorus niphonius,Predator,2,93181.8019753087,35601.8916049383
SSP5-8.5,77,ScomberomorusNiphonius,Scomberomorus niphonius,Predator,2,92805.4016419753,35450.5909876543
SSP5-8.5,78,ScomberomorusNiphonius,Scomberomorus niphonius,Predator,2,92514.7502962963,35409.0857901235
SSP5-8.5,79,ScomberomorusNiphonius,Scomberomorus niphonius,Predator,2,92648.0842345679,35388.4075185185
SSP5-8.5,80,ScomberomorusNiphonius,Scomberomorus niphonius,Predator,2,93732.0181975308,35719.8556172839
SSP5-8.5,81,ScomberomorusNiphonius,Scomberomorus niphonius,Predator,2,93004.1934444445,35463.8075061728
SSP5-8.5,82,ScomberomorusNiphonius,Scomberomorus niphonius,Predator,2,93681.2852098765,35777.7475679013
SSP5-8.5,83,ScomberomorusNiphonius,Scomberomorus niphonius,Predator,2,92390.0745432099,35291.0353703704
SSP5-8.5,84,ScomberomorusNiphonius,Scomberomorus niphonius,Predator,2,95780.4319753087,36578.4122962963
SSP5-8.5,85,ScomberomorusNiphonius,Scomberomorus niphonius,Predator,2,96208.390962963,36783.3900246914
SSP5-8.5,86,ScomberomorusNiphonius,Scomberomorus niphonius,Predator,2,93008.7120987654,35523.0714444445
SSP5-8.5,87,ScomberomorusNiphonius,Scomberomorus niphonius,Predator,2,93360.0090617284,35757.2287777778
SSP5-8.5,88,ScomberomorusNiphonius,Scomberomorus niphonius,Predator,2,92068.4037160494,35219.8920617284
SSP5-8.5,89,ScomberomorusNiphonius,Scomberomorus niphonius,Predator,2,93992.7501481481,36014.1233580247
SSP5-8.5,90,ScomberomorusNiphonius,Scomberomorus niphonius,Predator,2,95540.7081604938,36456.1200493827
SSP5-8.5,91,ScomberomorusNiphonius,Scomberomorus niphonius,Predator,2,91583.0979259259,34959.8072098765
SSP5-8.5,92,ScomberomorusNiphonius,Scomberomorus niphonius,Predator,2,94711.2684938272,36510.9813209877
SSP5-8.5,93,ScomberomorusNiphonius,Scomberomorus niphonius,Predator,2,93112.597654321,35528.4847160494
SSP5-8.5,94,ScomberomorusNiphonius,Scomberomorus niphonius,Predator,2,92653.7105185185,35532.7813950617
SSP5-8.5,95,ScomberomorusNiphonius,Scomberomorus niphonius,Predator,2,93790.269074074,35726.3117777778
SSP5-8.5,96,ScomberomorusNiphonius,Scomberomorus niphonius,Predator,2,93408.9597654321,35798.4613333333
SSP5-8.5,97,ScomberomorusNiphonius,Scomberomorus niphonius,Predator,2,93130.2302839506,35681.1027037037
SSP5-8.5,98,ScomberomorusNiphonius,Scomberomorus niphonius,Predator,2,95383.5185679013,36465.4509382716
SSP5-8.5,99,ScomberomorusNiphonius,Scomberomorus niphonius,Predator,2,93171.6927283951,35542.9410864198
SSP5-8.5,100,ScomberomorusNiphonius,Scomberomorus niphonius,Predator,2,93421.1679012346,35659.9309876543
SSP5-8.5,1,TrichiurusJaponicus,Trichiurus japonicus,Predator,3,1462614.28395062,217344.061111111
SSP5-8.5,2,TrichiurusJaponicus,Trichiurus japonicus,Predator,3,1501146.04864198,222463.355432099
SSP5-8.5,3,TrichiurusJaponicus,Trichiurus japonicus,Predator,3,1533412.8617284,227150.031604938
SSP5-8.5,4,TrichiurusJaponicus,Trichiurus japonicus,Predator,3,1539952.97530864,227603.370246914
SSP5-8.5,5,TrichiurusJaponicus,Trichiurus japonicus,Predator,3,1544382.78024691,228000.845308642
SSP5-8.5,6,TrichiurusJaponicus,Trichiurus japonicus,Predator,3,1572396.50123457,231796.156296296
SSP5-8.5,7,TrichiurusJaponicus,Trichiurus japonicus,Predator,3,1527547.84567901,226384.483333333
SSP5-8.5,8,TrichiurusJaponicus,Trichiurus japonicus,Predator,3,1511761.84074074,223836.572592593
SSP5-8.5,9,TrichiurusJaponicus,Trichiurus japonicus,Predator,3,1527919.41111111,226033.129012346
SSP5-8.5,10,TrichiurusJaponicus,Trichiurus japonicus,Predator,3,1504217.67037037,222917.981604938
SSP5-8.5,11,TrichiurusJaponicus,Trichiurus japonicus,Predator,3,1598030.06617284,235678.39962963
SSP5-8.5,12,TrichiurusJaponicus,Trichiurus japonicus,Predator,3,1503221.80197531,223211.971358025
SSP5-8.5,13,TrichiurusJaponicus,Trichiurus japonicus,Predator,3,1517233.77283951,225255.318641975
SSP5-8.5,14,TrichiurusJaponicus,Trichiurus japonicus,Predator,3,1479458.37160494,219439.102345679
SSP5-8.5,15,TrichiurusJaponicus,Trichiurus japonicus,Predator,3,1472645.11234568,218929.95654321
SSP5-8.5,16,TrichiurusJaponicus,Trichiurus japonicus,Predator,3,1517584.29876543,224467.063209877
SSP5-8.5,17,TrichiurusJaponicus,Trichiurus japonicus,Predator,3,1508451.05987654,223611.69308642
SSP5-8.5,18,TrichiurusJaponicus,Trichiurus japonicus,Predator,3,1482977.15679012,220003.250493827
SSP5-8.5,19,TrichiurusJaponicus,Trichiurus japonicus,Predator,3,1547056.64814815,229188.374444444
SSP5-8.5,20,TrichiurusJaponicus,Trichiurus japonicus,Predator,3,1507751.21901235,223648.511604938
SSP5-8.5,21,TrichiurusJaponicus,Trichiurus japonicus,Predator,3,1447504.65308642,214592.745234568
SSP5-8.5,22,TrichiurusJaponicus,Trichiurus japonicus,Predator,3,1496008.53827161,221849.204444444
SSP5-8.5,23,TrichiurusJaponicus,Trichiurus japonicus,Predator,3,1512485.37469136,224166.373703704
SSP5-8.5,24,TrichiurusJaponicus,Trichiurus japonicus,Predator,3,1431617.71777778,213205.207407407
SSP5-8.5,25,TrichiurusJaponicus,Trichiurus japonicus,Predator,3,1521678.75925926,225514.545432099
SSP5-8.5,26,TrichiurusJaponicus,Trichiurus japonicus,Predator,3,1546814.30123457,228438.770493827
SSP5-8.5,27,TrichiurusJaponicus,Trichiurus japonicus,Predator,3,1506113.67160494,223544.889012346
SSP5-8.5,28,TrichiurusJaponicus,Trichiurus japonicus,Predator,3,1496800.73950617,221713.934320988
SSP5-8.5,29,TrichiurusJaponicus,Trichiurus japonicus,Predator,3,1533326.27160494,226589.13308642
SSP5-8.5,30,TrichiurusJaponicus,Trichiurus japonicus,Predator,3,1522817.41358025,225754.07
SSP5-8.5,31,TrichiurusJaponicus,Trichiurus japonicus,Predator,3,1522830.34617284,225605.839876543
SSP5-8.5,32,TrichiurusJaponicus,Trichiurus japonicus,Predator,3,1524258.09382716,225462.375802469
SSP5-8.5,33,TrichiurusJaponicus,Trichiurus japonicus,Predator,3,1519707.47037037,225137.172962963
SSP5-8.5,34,TrichiurusJaponicus,Trichiurus japonicus,Predator,3,1464253.94,217306.403333333
SSP5-8.5,35,TrichiurusJaponicus,Trichiurus japonicus,Predator,3,1487073.23703704,220944.316049383
SSP5-8.5,36,TrichiurusJaponicus,Trichiurus japonicus,Predator,3,1478238.88222222,219306.145061728
SSP5-8.5,37,TrichiurusJaponicus,Trichiurus japonicus,Predator,3,1497159.24074074,222329.667777778
SSP5-8.5,38,TrichiurusJaponicus,Trichiurus japonicus,Predator,3,1468716.6,218290.444691358
SSP5-8.5,39,TrichiurusJaponicus,Trichiurus japonicus,Predator,3,1484693.14938272,220445.352222222
SSP5-8.5,40,TrichiurusJaponicus,Trichiurus japonicus,Predator,3,1495005.70802469,221826.358271605
SSP5-8.5,41,TrichiurusJaponicus,Trichiurus japonicus,Predator,3,1476084.57950617,219294.837160494
SSP5-8.5,42,TrichiurusJaponicus,Trichiurus japonicus,Predator,3,1559684.13333333,230847.470864198
SSP5-8.5,43,TrichiurusJaponicus,Trichiurus japonicus,Predator,3,1583664.57777778,233439.579012346
SSP5-8.5,44,TrichiurusJaponicus,Trichiurus japonicus,Predator,3,1546474.5037037,228432.118395062
SSP5-8.5,45,TrichiurusJaponicus,Trichiurus japonicus,Predator,3,1524311.53555556,225684.516666667
SSP5-8.5,46,TrichiurusJaponicus,Trichiurus japonicus,Predator,3,1501861.04074074,222152.54654321
SSP5-8.5,47,TrichiurusJaponicus,Trichiurus japonicus,Predator,3,1503686.65259259,223181.426419753
SSP5-8.5,48,TrichiurusJaponicus,Trichiurus japonicus,Predator,3,1522220.75061728,225685.642716049
SSP5-8.5,49,TrichiurusJaponicus,Trichiurus japonicus,Predator,3,1501692.58271605,222599.405802469
SSP5-8.5,50,TrichiurusJaponicus,Trichiurus japonicus,Predator,3,1561056.69876543,230736.992962963
SSP5-8.5,51,TrichiurusJaponicus,Trichiurus japonicus,Predator,3,1526703.27530864,225619.828641975
SSP5-8.5,52,TrichiurusJaponicus,Trichiurus japonicus,Predator,3,1513035.56049383,223971.588395062
SSP5-8.5,53,TrichiurusJaponicus,Trichiurus japonicus,Predator,3,1571623.88148148,232324.98382716
SSP5-8.5,54,TrichiurusJaponicus,Trichiurus japonicus,Predator,3,1473590.77765432,218557.123333333
SSP5-8.5,55,TrichiurusJaponicus,Trichiurus japonicus,Predator,3,1473485.48395062,218570.689259259
SSP5-8.5,56,TrichiurusJaponicus,Trichiurus japonicus,Predator,3,1498062.89012346,221950.162469136
SSP5-8.5,57,TrichiurusJaponicus,Trichiurus japonicus,Predator,3,1512653.25432099,223628.722716049
SSP5-8.5,58,TrichiurusJaponicus,Trichiurus japonicus,Predator,3,1488730.45259259,220940.800740741
SSP5-8.5,59,TrichiurusJaponicus,Trichiurus japonicus,Predator,3,1458780.22962963,216935.063765432
SSP5-8.5,60,TrichiurusJaponicus,Trichiurus japonicus,Predator,3,1451710.5437037,215967.326296296
SSP5-8.5,61,TrichiurusJaponicus,Trichiurus japonicus,Predator,3,1508729.12901235,223707.45654321
SSP5-8.5,62,TrichiurusJaponicus,Trichiurus japonicus,Predator,3,1520148.71111111,225275.197777778
SSP5-8.5,63,TrichiurusJaponicus,Trichiurus japonicus,Predator,3,1536560.9945679,227847.819382716
SSP5-8.5,64,TrichiurusJaponicus,Trichiurus japonicus,Predator,3,1526499.26666667,225868.310493827
SSP5-8.5,65,TrichiurusJaponicus,Trichiurus japonicus,Predator,3,1508176.02839506,223223.98654321
SSP5-8.5,66,TrichiurusJaponicus,Trichiurus japonicus,Predator,3,1519091.35432099,224650.440493827
SSP5-8.5,67,TrichiurusJaponicus,Trichiurus japonicus,Predator,3,1430887.65876543,212178.410493827
SSP5-8.5,68,TrichiurusJaponicus,Trichiurus japonicus,Predator,3,1452290.86530864,216213.305432099
SSP5-8.5,69,TrichiurusJaponicus,Trichiurus japonicus,Predator,3,1483775.1054321,220424.056296296
SSP5-8.5,70,TrichiurusJaponicus,Trichiurus japonicus,Predator,3,1554798.04814815,229465.864938272
SSP5-8.5,71,TrichiurusJaponicus,Trichiurus japonicus,Predator,3,1531872.05679012,226749.036419753
SSP5-8.5,72,TrichiurusJaponicus,Trichiurus japonicus,Predator,3,1511349.17283951,223950.256296296
SSP5-8.5,73,TrichiurusJaponicus,Trichiurus japonicus,Predator,3,1518187.93333333,224654.114567901
SSP5-8.5,74,TrichiurusJaponicus,Trichiurus japonicus,Predator,3,1535462.38888889,227337.504197531
SSP5-8.5,75,TrichiurusJaponicus,Trichiurus japonicus,Predator,3,1465950.66938272,217548.03345679
SSP5-8.5,76,TrichiurusJaponicus,Trichiurus japonicus,Predator,3,1531536.57283951,226844.433950617
SSP5-8.5,77,TrichiurusJaponicus,Trichiurus japonicus,Predator,3,1580980.69259259,233668.708148148
SSP5-8.5,78,TrichiurusJaponicus,Trichiurus japonicus,Predator,3,1536222.45851852,227882.85345679
SSP5-8.5,79,TrichiurusJaponicus,Trichiurus japonicus,Predator,3,1547453.40123457,229462.858765432
SSP5-8.5,80,TrichiurusJaponicus,Trichiurus japonicus,Predator,3,1438079.61604938,213683.826419753
SSP5-8.5,81,TrichiurusJaponicus,Trichiurus japonicus,Predator,3,1503899.46419753,222817.169135803
SSP5-8.5,82,TrichiurusJaponicus,Trichiurus japonicus,Predator,3,1511835.29925926,224292.250123457
SSP5-8.5,83,TrichiurusJaponicus,Trichiurus japonicus,Predator,3,1505709.85555555,223002.862716049
SSP5-8.5,84,TrichiurusJaponicus,Trichiurus japonicus,Predator,3,1469529.80123457,218535.599012346
SSP5-8.5,85,TrichiurusJaponicus,Trichiurus japonicus,Predator,3,1534021.20246914,227043.214814815
SSP5-8.5,86,TrichiurusJaponicus,Trichiurus japonicus,Predator,3,1491434.99074074,221460.630246914
SSP5-8.5,87,TrichiurusJaponicus,Trichiurus japonicus,Predator,3,1487518.57407407,220927.93654321
SSP5-8.5,88,TrichiurusJaponicus,Trichiurus japonicus,Predator,3,1609235.81358025,237410.550987654
SSP5-8.5,89,TrichiurusJaponicus,Trichiurus japonicus,Predator,3,1470157.12962963,217973.577777778
SSP5-8.5,90,TrichiurusJaponicus,Trichiurus japonicus,Predator,3,1435200.74753086,213269.956049383
SSP5-8.5,91,TrichiurusJaponicus,Trichiurus japonicus,Predator,3,1567044.64444444,231667.793950617
SSP5-8.5,92,TrichiurusJaponicus,Trichiurus japonicus,Predator,3,1491254.01975309,221248.929876543
SSP5-8.5,93,TrichiurusJaponicus,Trichiurus japonicus,Predator,3,1494953.67358025,221044.473950617
SSP5-8.5,94,TrichiurusJaponicus,Trichiurus japonicus,Predator,3,1531748.05555556,226669.809012346
SSP5-8.5,95,TrichiurusJaponicus,Trichiurus japonicus,Predator,3,1549669.92407407,229550.579382716
SSP5-8.5,96,TrichiurusJaponicus,Trichiurus japonicus,Predator,3,1458466.31555556,216104.882962963
SSP5-8.5,97,TrichiurusJaponicus,Trichiurus japonicus,Predator,3,1500854.7654321,222321.183333333
SSP5-8.5,98,TrichiurusJaponicus,Trichiurus japonicus,Predator,3,1490012.5691358,221031.529876543
SSP5-8.5,99,TrichiurusJaponicus,Trichiurus japonicus,Predator,3,1494165.93209877,221581.025432099
SSP5-8.5,100,TrichiurusJaponicus,Trichiurus japonicus,Predator,3,1488973.81851852,220115.440493827
SSP5-8.5,1,MuraenesoxCinereus,Muraenesox cinereus,Predator,4,856384.426666667,154028.529185185
SSP5-8.5,2,MuraenesoxCinereus,Muraenesox cinereus,Predator,4,825408.440987654,148765.044382716
SSP5-8.5,3,MuraenesoxCinereus,Muraenesox cinereus,Predator,4,843399.136296296,151528.789320988
SSP5-8.5,4,MuraenesoxCinereus,Muraenesox cinereus,Predator,4,839753.108765432,150479.659148148
SSP5-8.5,5,MuraenesoxCinereus,Muraenesox cinereus,Predator,4,824910.400987655,148406.510654321
SSP5-8.5,6,MuraenesoxCinereus,Muraenesox cinereus,Predator,4,832028.335802469,149014.937024691
SSP5-8.5,7,MuraenesoxCinereus,Muraenesox cinereus,Predator,4,835554.16580247,150267.384679012
SSP5-8.5,8,MuraenesoxCinereus,Muraenesox cinereus,Predator,4,826449.968888889,148533.87537037
SSP5-8.5,9,MuraenesoxCinereus,Muraenesox cinereus,Predator,4,822952.463580247,147655.670851852
SSP5-8.5,10,MuraenesoxCinereus,Muraenesox cinereus,Predator,4,845665.925308642,152299.809641975
SSP5-8.5,11,MuraenesoxCinereus,Muraenesox cinereus,Predator,4,832004.516419753,148994.426234568
SSP5-8.5,12,MuraenesoxCinereus,Muraenesox cinereus,Predator,4,856901.468271605,153483.533518519
SSP5-8.5,13,MuraenesoxCinereus,Muraenesox cinereus,Predator,4,853310.139753086,152937.121962963
SSP5-8.5,14,MuraenesoxCinereus,Muraenesox cinereus,Predator,4,834368.837777778,150013.217024691
SSP5-8.5,15,MuraenesoxCinereus,Muraenesox cinereus,Predator,4,839483.68962963,150855.799851852
SSP5-8.5,16,MuraenesoxCinereus,Muraenesox cinereus,Predator,4,852594.950740741,152992.827160494
SSP5-8.5,17,MuraenesoxCinereus,Muraenesox cinereus,Predator,4,845629.388395062,152099.25745679
SSP5-8.5,18,MuraenesoxCinereus,Muraenesox cinereus,Predator,4,852177.479012345,153109.223024691
SSP5-8.5,19,MuraenesoxCinereus,Muraenesox cinereus,Predator,4,838307.501358025,150028.409518519
SSP5-8.5,20,MuraenesoxCinereus,Muraenesox cinereus,Predator,4,826727.527160494,148560.384691358
SSP5-8.5,21,MuraenesoxCinereus,Muraenesox cinereus,Predator,4,842599.192839506,151386.284271605
SSP5-8.5,22,MuraenesoxCinereus,Muraenesox cinereus,Predator,4,821323.284320988,147368.130703704
SSP5-8.5,23,MuraenesoxCinereus,Muraenesox cinereus,Predator,4,838548.195308642,150558.456296296
SSP5-8.5,24,MuraenesoxCinereus,Muraenesox cinereus,Predator,4,852723.651975308,153078.291111111
SSP5-8.5,25,MuraenesoxCinereus,Muraenesox cinereus,Predator,4,847511.550864197,152381.223641975
SSP5-8.5,26,MuraenesoxCinereus,Muraenesox cinereus,Predator,4,847065.275555556,151909.03882716
SSP5-8.5,27,MuraenesoxCinereus,Muraenesox cinereus,Predator,4,820215.318888889,147165.059123457
SSP5-8.5,28,MuraenesoxCinereus,Muraenesox cinereus,Predator,4,852425.093950617,153154.993641975
SSP5-8.5,29,MuraenesoxCinereus,Muraenesox cinereus,Predator,4,840061.277160494,150692.396962963
SSP5-8.5,30,MuraenesoxCinereus,Muraenesox cinereus,Predator,4,827817.754197531,148550.561074074
SSP5-8.5,31,MuraenesoxCinereus,Muraenesox cinereus,Predator,4,862106.063333334,154727.978753086
SSP5-8.5,32,MuraenesoxCinereus,Muraenesox cinereus,Predator,4,843807.542222222,151760.70745679
SSP5-8.5,33,MuraenesoxCinereus,Muraenesox cinereus,Predator,4,847161.719259259,152229.860308642
SSP5-8.5,34,MuraenesoxCinereus,Muraenesox cinereus,Predator,4,829549.360864198,148944.01254321
SSP5-8.5,35,MuraenesoxCinereus,Muraenesox cinereus,Predator,4,855168.695308642,153375.593740741
SSP5-8.5,36,MuraenesoxCinereus,Muraenesox cinereus,Predator,4,850666.290864198,152581.033209877
SSP5-8.5,37,MuraenesoxCinereus,Muraenesox cinereus,Predator,4,850577.90925926,152856.420827161
SSP5-8.5,38,MuraenesoxCinereus,Muraenesox cinereus,Predator,4,824042.882592593,148265.483876543
SSP5-8.5,39,MuraenesoxCinereus,Muraenesox cinereus,Predator,4,851611.160617284,152613.138592593
SSP5-8.5,40,MuraenesoxCinereus,Muraenesox cinereus,Predator,4,851371.486419753,152998.550987654
SSP5-8.5,41,MuraenesoxCinereus,Muraenesox cinereus,Predator,4,856146.311111111,153259.867160494
SSP5-8.5,42,MuraenesoxCinereus,Muraenesox cinereus,Predator,4,831608.981604938,149590.839950617
SSP5-8.5,43,MuraenesoxCinereus,Muraenesox cinereus,Predator,4,839991.780864198,151040.749197531
SSP5-8.5,44,MuraenesoxCinereus,Muraenesox cinereus,Predator,4,816466.78654321,146545.308518519
SSP5-8.5,45,MuraenesoxCinereus,Muraenesox cinereus,Predator,4,853208.599876543,153379.771728395
SSP5-8.5,46,MuraenesoxCinereus,Muraenesox cinereus,Predator,4,853906.881111111,153055.813765432
SSP5-8.5,47,MuraenesoxCinereus,Muraenesox cinereus,Predator,4,832937.355802469,149354.842839506
SSP5-8.5,48,MuraenesoxCinereus,Muraenesox cinereus,Predator,4,845773.508888889,152112.024987654
SSP5-8.5,49,MuraenesoxCinereus,Muraenesox cinereus,Predator,4,841307.451975309,151378.227962963
SSP5-8.5,50,MuraenesoxCinereus,Muraenesox cinereus,Predator,4,837788.114197531,150526.318530864
SSP5-8.5,51,MuraenesoxCinereus,Muraenesox cinereus,Predator,4,836575.186666667,150473.461617284
SSP5-8.5,52,MuraenesoxCinereus,Muraenesox cinereus,Predator,4,845500.89271605,151714.695925926
SSP5-8.5,53,MuraenesoxCinereus,Muraenesox cinereus,Predator,4,837647.372222222,150545.51962963
SSP5-8.5,54,MuraenesoxCinereus,Muraenesox cinereus,Predator,4,849521.791358025,152212.493728395
SSP5-8.5,55,MuraenesoxCinereus,Muraenesox cinereus,Predator,4,837116.301975309,150389.197876543
SSP5-8.5,56,MuraenesoxCinereus,Muraenesox cinereus,Predator,4,846179.883333334,152009.926481481
SSP5-8.5,57,MuraenesoxCinereus,Muraenesox cinereus,Predator,4,856146.801851852,153182.87345679
SSP5-8.5,58,MuraenesoxCinereus,Muraenesox cinereus,Predator,4,841775.191975309,150767.638148148
SSP5-8.5,59,MuraenesoxCinereus,Muraenesox cinereus,Predator,4,842099.334567901,151188.34962963
SSP5-8.5,60,MuraenesoxCinereus,Muraenesox cinereus,Predator,4,843111.093209877,151746.770987654
SSP5-8.5,61,MuraenesoxCinereus,Muraenesox cinereus,Predator,4,845145.799012346,151804.262592593
SSP5-8.5,62,MuraenesoxCinereus,Muraenesox cinereus,Predator,4,851839.400617284,153001.747580247
SSP5-8.5,63,MuraenesoxCinereus,Muraenesox cinereus,Predator,4,822693.601728395,147731.559555556
SSP5-8.5,64,MuraenesoxCinereus,Muraenesox cinereus,Predator,4,831493.660123457,149009.61562963
SSP5-8.5,65,MuraenesoxCinereus,Muraenesox cinereus,Predator,4,849169.314567901,152488.935197531
SSP5-8.5,66,MuraenesoxCinereus,Muraenesox cinereus,Predator,4,848892.292962963,152355.021111111
SSP5-8.5,67,MuraenesoxCinereus,Muraenesox cinereus,Predator,4,860986.064814815,154268.508246914
SSP5-8.5,68,MuraenesoxCinereus,Muraenesox cinereus,Predator,4,827486.899382716,148635.991333333
SSP5-8.5,69,MuraenesoxCinereus,Muraenesox cinereus,Predator,4,831418.509876543,149667.027641975
SSP5-8.5,70,MuraenesoxCinereus,Muraenesox cinereus,Predator,4,840621.320123457,151321.788074074
SSP5-8.5,71,MuraenesoxCinereus,Muraenesox cinereus,Predator,4,853859.650123457,153344.22808642
SSP5-8.5,72,MuraenesoxCinereus,Muraenesox cinereus,Predator,4,830581.282592593,149278.813209877
SSP5-8.5,73,MuraenesoxCinereus,Muraenesox cinereus,Predator,4,872678.295308642,156295.037345679
SSP5-8.5,74,MuraenesoxCinereus,Muraenesox cinereus,Predator,4,841559.997777778,150974.153703704
SSP5-8.5,75,MuraenesoxCinereus,Muraenesox cinereus,Predator,4,853930.983703704,153133.61537037
SSP5-8.5,76,MuraenesoxCinereus,Muraenesox cinereus,Predator,4,854839.660493827,153480.467901235
SSP5-8.5,77,MuraenesoxCinereus,Muraenesox cinereus,Predator,4,842714.324567901,151023.587098765
SSP5-8.5,78,MuraenesoxCinereus,Muraenesox cinereus,Predator,4,863503.002962963,154963.763012346
SSP5-8.5,79,MuraenesoxCinereus,Muraenesox cinereus,Predator,4,873311.441358024,156781.995876543
SSP5-8.5,80,MuraenesoxCinereus,Muraenesox cinereus,Predator,4,831845.795185186,149204.048864198
SSP5-8.5,81,MuraenesoxCinereus,Muraenesox cinereus,Predator,4,851184.997777778,152993.809444445
SSP5-8.5,82,MuraenesoxCinereus,Muraenesox cinereus,Predator,4,840000.546913581,150739.570160494
SSP5-8.5,83,MuraenesoxCinereus,Muraenesox cinereus,Predator,4,836578.652222223,150360.799506173
SSP5-8.5,84,MuraenesoxCinereus,Muraenesox cinereus,Predator,4,838149.555555556,150384.085185185
SSP5-8.5,85,MuraenesoxCinereus,Muraenesox cinereus,Predator,4,832271.71580247,149907.127950617
SSP5-8.5,86,MuraenesoxCinereus,Muraenesox cinereus,Predator,4,860225.997037037,154737.472592593
SSP5-8.5,87,MuraenesoxCinereus,Muraenesox cinereus,Predator,4,844262.529876543,151497.265691358
SSP5-8.5,88,MuraenesoxCinereus,Muraenesox cinereus,Predator,4,825135.457530864,148127.978518519
SSP5-8.5,89,MuraenesoxCinereus,Muraenesox cinereus,Predator,4,862498.600987655,154983.366024691
SSP5-8.5,90,MuraenesoxCinereus,Muraenesox cinereus,Predator,4,841995.219259259,151190.405925926
SSP5-8.5,91,MuraenesoxCinereus,Muraenesox cinereus,Predator,4,851828.422345679,153176.499518519
SSP5-8.5,92,MuraenesoxCinereus,Muraenesox cinereus,Predator,4,832292.258148148,148964.198308642
SSP5-8.5,93,MuraenesoxCinereus,Muraenesox cinereus,Predator,4,828494.393333333,149023.321975309
SSP5-8.5,94,MuraenesoxCinereus,Muraenesox cinereus,Predator,4,821844.109382716,147933.923209877
SSP5-8.5,95,MuraenesoxCinereus,Muraenesox cinereus,Predator,4,822555.208641976,147620.925938272
SSP5-8.5,96,MuraenesoxCinereus,Muraenesox cinereus,Predator,4,852511.24382716,152914.948148148
SSP5-8.5,97,MuraenesoxCinereus,Muraenesox cinereus,Predator,4,859731.402098766,154182.082654321
SSP5-8.5,98,MuraenesoxCinereus,Muraenesox cinereus,Predator,4,826194.105555556,148515.929432099
SSP5-8.5,99,MuraenesoxCinereus,Muraenesox cinereus,Predator,4,841448.197037037,151068.979061728
SSP5-8.5,100,MuraenesoxCinereus,Muraenesox cinereus,Predator,4,817205.879506173,146401.420049383
SSP5-8.5,1,MiichthysMiiuy,Miichthys miiuy,Predator,5,83687.8728395062,31659.6296049383
SSP5-8.5,2,MiichthysMiiuy,Miichthys miiuy,Predator,5,85385.6107530864,32733.507654321
SSP5-8.5,3,MiichthysMiiuy,Miichthys miiuy,Predator,5,79472.361345679,30505.7218641975
SSP5-8.5,4,MiichthysMiiuy,Miichthys miiuy,Predator,5,78833.3982962963,30085.5857037037
SSP5-8.5,5,MiichthysMiiuy,Miichthys miiuy,Predator,5,80566.1053333333,30411.4878765432
SSP5-8.5,6,MiichthysMiiuy,Miichthys miiuy,Predator,5,82069.6606790123,31129.3334814815
SSP5-8.5,7,MiichthysMiiuy,Miichthys miiuy,Predator,5,84225.8864074074,31901.268
SSP5-8.5,8,MiichthysMiiuy,Miichthys miiuy,Predator,5,83657.9965802469,31851.9078148148
SSP5-8.5,9,MiichthysMiiuy,Miichthys miiuy,Predator,5,84383.9187901235,31802.516617284
SSP5-8.5,10,MiichthysMiiuy,Miichthys miiuy,Predator,5,75873.8809259259,28572.6081728395
SSP5-8.5,11,MiichthysMiiuy,Miichthys miiuy,Predator,5,78434.3610987654,29592.8666049383
SSP5-8.5,12,MiichthysMiiuy,Miichthys miiuy,Predator,5,80207.3424938272,30113.9972592593
SSP5-8.5,13,MiichthysMiiuy,Miichthys miiuy,Predator,5,82832.2927407408,31170.885962963
SSP5-8.5,14,MiichthysMiiuy,Miichthys miiuy,Predator,5,84192.2024938272,32185.2462469136
SSP5-8.5,15,MiichthysMiiuy,Miichthys miiuy,Predator,5,84298.8629506173,31962.5080493827
SSP5-8.5,16,MiichthysMiiuy,Miichthys miiuy,Predator,5,81026.4065925926,30505.9427530864
SSP5-8.5,17,MiichthysMiiuy,Miichthys miiuy,Predator,5,80006.8469753087,30509.7607037037
SSP5-8.5,18,MiichthysMiiuy,Miichthys miiuy,Predator,5,81825.0363827161,31002.0180493827
SSP5-8.5,19,MiichthysMiiuy,Miichthys miiuy,Predator,5,82451.511654321,31312.2454814815
SSP5-8.5,20,MiichthysMiiuy,Miichthys miiuy,Predator,5,83946.1710123457,31744.7241975309
SSP5-8.5,21,MiichthysMiiuy,Miichthys miiuy,Predator,5,80996.6113209876,30846.0995802469
SSP5-8.5,22,MiichthysMiiuy,Miichthys miiuy,Predator,5,89434.0689012346,33667.5160617284
SSP5-8.5,23,MiichthysMiiuy,Miichthys miiuy,Predator,5,80691.7728641975,30374.6600493827
SSP5-8.5,24,MiichthysMiiuy,Miichthys miiuy,Predator,5,84797.5800864197,32094.2995185185
SSP5-8.5,25,MiichthysMiiuy,Miichthys miiuy,Predator,5,81613.6197160494,30944.2358641975
SSP5-8.5,26,MiichthysMiiuy,Miichthys miiuy,Predator,5,83255.5988395062,31475.0312654321
SSP5-8.5,27,MiichthysMiiuy,Miichthys miiuy,Predator,5,85831.9847407407,32639.2061975309
SSP5-8.5,28,MiichthysMiiuy,Miichthys miiuy,Predator,5,82710.426345679,31277.3439074074
SSP5-8.5,29,MiichthysMiiuy,Miichthys miiuy,Predator,5,80033.9599012345,30675.1405432099
SSP5-8.5,30,MiichthysMiiuy,Miichthys miiuy,Predator,5,85243.8538395062,32124.6292469136
SSP5-8.5,31,MiichthysMiiuy,Miichthys miiuy,Predator,5,81045.8925432099,30714.1557407407
SSP5-8.5,32,MiichthysMiiuy,Miichthys miiuy,Predator,5,80528.4416049383,30742.503345679
SSP5-8.5,33,MiichthysMiiuy,Miichthys miiuy,Predator,5,84653.6961851851,31745.4168888889
SSP5-8.5,34,MiichthysMiiuy,Miichthys miiuy,Predator,5,85280.0649135802,32190.5133703704
SSP5-8.5,35,MiichthysMiiuy,Miichthys miiuy,Predator,5,83265.0998148148,31482.0081728395
SSP5-8.5,36,MiichthysMiiuy,Miichthys miiuy,Predator,5,79683.8304074074,29859.8227530864
SSP5-8.5,37,MiichthysMiiuy,Miichthys miiuy,Predator,5,81354.5804320988,30949.8658024691
SSP5-8.5,38,MiichthysMiiuy,Miichthys miiuy,Predator,5,86638.7842469136,33329.1034444444
SSP5-8.5,39,MiichthysMiiuy,Miichthys miiuy,Predator,5,81304.0743703704,30816.0002098765
SSP5-8.5,40,MiichthysMiiuy,Miichthys miiuy,Predator,5,81315.2331851852,30664.5725679012
SSP5-8.5,41,MiichthysMiiuy,Miichthys miiuy,Predator,5,81944.6270123457,30783.4852098766
SSP5-8.5,42,MiichthysMiiuy,Miichthys miiuy,Predator,5,80896.0367777778,30764.9347037037
SSP5-8.5,43,MiichthysMiiuy,Miichthys miiuy,Predator,5,76332.3062839506,28553.7172654321
SSP5-8.5,44,MiichthysMiiuy,Miichthys miiuy,Predator,5,86382.2832962963,32628.8559259259
SSP5-8.5,45,MiichthysMiiuy,Miichthys miiuy,Predator,5,80331.2416419753,31032.6010123457
SSP5-8.5,46,MiichthysMiiuy,Miichthys miiuy,Predator,5,79051.4931975309,29736.6578271605
SSP5-8.5,47,MiichthysMiiuy,Miichthys miiuy,Predator,5,79320.4400740741,29894.4561481482
SSP5-8.5,48,MiichthysMiiuy,Miichthys miiuy,Predator,5,83007.9228518518,31559.148117284
SSP5-8.5,49,MiichthysMiiuy,Miichthys miiuy,Predator,5,87144.5759876543,33062.7082345679
SSP5-8.5,50,MiichthysMiiuy,Miichthys miiuy,Predator,5,84810.2257530864,32536.0991111111
SSP5-8.5,51,MiichthysMiiuy,Miichthys miiuy,Predator,5,79758.6757654321,30032.7155432099
SSP5-8.5,52,MiichthysMiiuy,Miichthys miiuy,Predator,5,82473.0872962963,30871.3224320988
SSP5-8.5,53,MiichthysMiiuy,Miichthys miiuy,Predator,5,83588.9205185185,31269.5653703704
SSP5-8.5,54,MiichthysMiiuy,Miichthys miiuy,Predator,5,77571.4971358025,29292.8347037037
SSP5-8.5,55,MiichthysMiiuy,Miichthys miiuy,Predator,5,84611.4192469135,31896.0099876543
SSP5-8.5,56,MiichthysMiiuy,Miichthys miiuy,Predator,5,80132.237654321,30664.4919259259
SSP5-8.5,57,MiichthysMiiuy,Miichthys miiuy,Predator,5,79854.3538641976,30211.9714567901
SSP5-8.5,58,MiichthysMiiuy,Miichthys miiuy,Predator,5,86768.8936790124,32972.3840123457
SSP5-8.5,59,MiichthysMiiuy,Miichthys miiuy,Predator,5,82045.0819506173,31289.5782469136
SSP5-8.5,60,MiichthysMiiuy,Miichthys miiuy,Predator,5,79619.0522839506,30211.0780123457
SSP5-8.5,61,MiichthysMiiuy,Miichthys miiuy,Predator,5,78646.9492716049,29820.9701234568
SSP5-8.5,62,MiichthysMiiuy,Miichthys miiuy,Predator,5,83490.9286790123,31440.654
SSP5-8.5,63,MiichthysMiiuy,Miichthys miiuy,Predator,5,85205.5498148148,32500.0858518518
SSP5-8.5,64,MiichthysMiiuy,Miichthys miiuy,Predator,5,86306.9948395062,32834.157691358
SSP5-8.5,65,MiichthysMiiuy,Miichthys miiuy,Predator,5,85010.6455802469,32076.1553827161
SSP5-8.5,66,MiichthysMiiuy,Miichthys miiuy,Predator,5,82235.0255432099,31179.950617284
SSP5-8.5,67,MiichthysMiiuy,Miichthys miiuy,Predator,5,82070.9670123457,31552.5979753086
SSP5-8.5,68,MiichthysMiiuy,Miichthys miiuy,Predator,5,83779.883654321,31442.7929753086
SSP5-8.5,69,MiichthysMiiuy,Miichthys miiuy,Predator,5,80702.6212469136,30660.2888271605
SSP5-8.5,70,MiichthysMiiuy,Miichthys miiuy,Predator,5,81670.1777777777,30847.9877654321
SSP5-8.5,71,MiichthysMiiuy,Miichthys miiuy,Predator,5,79917.6166790123,30434.447
SSP5-8.5,72,MiichthysMiiuy,Miichthys miiuy,Predator,5,77223.7821604939,28837.2389259259
SSP5-8.5,73,MiichthysMiiuy,Miichthys miiuy,Predator,5,78752.7372222222,30000.7727901235
SSP5-8.5,74,MiichthysMiiuy,Miichthys miiuy,Predator,5,86517.7499382716,33149.6101111111
SSP5-8.5,75,MiichthysMiiuy,Miichthys miiuy,Predator,5,81205.9985308642,30387.1788888889
SSP5-8.5,76,MiichthysMiiuy,Miichthys miiuy,Predator,5,76112.9105308642,28504.025845679
SSP5-8.5,77,MiichthysMiiuy,Miichthys miiuy,Predator,5,84956.6883580247,32543.8504444444
SSP5-8.5,78,MiichthysMiiuy,Miichthys miiuy,Predator,5,81634.793308642,31035.883962963
SSP5-8.5,79,MiichthysMiiuy,Miichthys miiuy,Predator,5,81063.2593827161,30463.1482839506
SSP5-8.5,80,MiichthysMiiuy,Miichthys miiuy,Predator,5,82653.3987407407,31225.1386296296
SSP5-8.5,81,MiichthysMiiuy,Miichthys miiuy,Predator,5,83923.0717407407,31910.8469259259
SSP5-8.5,82,MiichthysMiiuy,Miichthys miiuy,Predator,5,83890.5365802469,31605.689654321
SSP5-8.5,83,MiichthysMiiuy,Miichthys miiuy,Predator,5,82980.3680987654,31533.0097037037
SSP5-8.5,84,MiichthysMiiuy,Miichthys miiuy,Predator,5,82589.0615802469,31442.9914691358
SSP5-8.5,85,MiichthysMiiuy,Miichthys miiuy,Predator,5,80982.4787160494,30913.2371111111
SSP5-8.5,86,MiichthysMiiuy,Miichthys miiuy,Predator,5,76708.3789259259,28879.5976049383
SSP5-8.5,87,MiichthysMiiuy,Miichthys miiuy,Predator,5,80421.9313209877,30742.7057530864
SSP5-8.5,88,MiichthysMiiuy,Miichthys miiuy,Predator,5,79873.1871604938,30063.9541296296
SSP5-8.5,89,MiichthysMiiuy,Miichthys miiuy,Predator,5,85128.0035555556,32238.0998518519
SSP5-8.5,90,MiichthysMiiuy,Miichthys miiuy,Predator,5,81737.3314814815,31028.218954321
SSP5-8.5,91,MiichthysMiiuy,Miichthys miiuy,Predator,5,78600.6945925926,29799.6953209877
SSP5-8.5,92,MiichthysMiiuy,Miichthys miiuy,Predator,5,78796.5806296297,29889.5809382716
SSP5-8.5,93,MiichthysMiiuy,Miichthys miiuy,Predator,5,83220.1868148148,31497.9984197531
SSP5-8.5,94,MiichthysMiiuy,Miichthys miiuy,Predator,5,90965.7268271605,34356.8981975309
SSP5-8.5,95,MiichthysMiiuy,Miichthys miiuy,Predator,5,80083.6362098766,30152.2389506173
SSP5-8.5,96,MiichthysMiiuy,Miichthys miiuy,Predator,5,86214.7927654321,32983.2207283951
SSP5-8.5,97,MiichthysMiiuy,Miichthys miiuy,Predator,5,81789.952308642,30781.110617284
SSP5-8.5,98,MiichthysMiiuy,Miichthys miiuy,Predator,5,82371.8028641975,30908.4146419753
SSP5-8.5,99,MiichthysMiiuy,Miichthys miiuy,Predator,5,82127.6818148148,31409.2059876543
SSP5-8.5,100,MiichthysMiiuy,Miichthys miiuy,Predator,5,86891.8612469136,33132.636382716
SSP5-8.5,1,TodarodesPacificus,Todarodes pacificus,Invertebrate,6,929780.057654321,159954.077691358
SSP5-8.5,2,TodarodesPacificus,Todarodes pacificus,Invertebrate,6,924988.121604939,158636.840925926
SSP5-8.5,3,TodarodesPacificus,Todarodes pacificus,Invertebrate,6,876728.086296297,151924.650814815
SSP5-8.5,4,TodarodesPacificus,Todarodes pacificus,Invertebrate,6,914275.519876543,157441.215555556
SSP5-8.5,5,TodarodesPacificus,Todarodes pacificus,Invertebrate,6,967422.270617284,165954.071592593
SSP5-8.5,6,TodarodesPacificus,Todarodes pacificus,Invertebrate,6,915486.604567901,157467.073962963
SSP5-8.5,7,TodarodesPacificus,Todarodes pacificus,Invertebrate,6,916258.23691358,157723.997296296
SSP5-8.5,8,TodarodesPacificus,Todarodes pacificus,Invertebrate,6,896350.974814814,154035.456037037
SSP5-8.5,9,TodarodesPacificus,Todarodes pacificus,Invertebrate,6,897202.548888889,154094.804358025
SSP5-8.5,10,TodarodesPacificus,Todarodes pacificus,Invertebrate,6,937877.463580247,161228.097604938
SSP5-8.5,11,TodarodesPacificus,Todarodes pacificus,Invertebrate,6,910376.349135802,156567.055506173
SSP5-8.5,12,TodarodesPacificus,Todarodes pacificus,Invertebrate,6,927439.977407407,158539.670481482
SSP5-8.5,13,TodarodesPacificus,Todarodes pacificus,Invertebrate,6,950926.712222222,163756.59962963
SSP5-8.5,14,TodarodesPacificus,Todarodes pacificus,Invertebrate,6,883975.097160494,151733.814703704
SSP5-8.5,15,TodarodesPacificus,Todarodes pacificus,Invertebrate,6,947675.694691358,161988.337395062
SSP5-8.5,16,TodarodesPacificus,Todarodes pacificus,Invertebrate,6,952060.035432099,163563.20154321
SSP5-8.5,17,TodarodesPacificus,Todarodes pacificus,Invertebrate,6,865371.271358025,149072.345518519
SSP5-8.5,18,TodarodesPacificus,Todarodes pacificus,Invertebrate,6,897907.154814815,154868.000111111
SSP5-8.5,19,TodarodesPacificus,Todarodes pacificus,Invertebrate,6,922551.239259259,158850.116185185
SSP5-8.5,20,TodarodesPacificus,Todarodes pacificus,Invertebrate,6,931326.304444444,160076.514617284
SSP5-8.5,21,TodarodesPacificus,Todarodes pacificus,Invertebrate,6,911898.647530864,156601.47482716
SSP5-8.5,22,TodarodesPacificus,Todarodes pacificus,Invertebrate,6,919029.839753087,158314.509703704
SSP5-8.5,23,TodarodesPacificus,Todarodes pacificus,Invertebrate,6,917736.661975309,157515.202790123
SSP5-8.5,24,TodarodesPacificus,Todarodes pacificus,Invertebrate,6,901242.658024691,155193.795259259
SSP5-8.5,25,TodarodesPacificus,Todarodes pacificus,Invertebrate,6,931451.101604938,160326.263987654
SSP5-8.5,26,TodarodesPacificus,Todarodes pacificus,Invertebrate,6,897732.50580247,154475.205333333
SSP5-8.5,27,TodarodesPacificus,Todarodes pacificus,Invertebrate,6,931947.034567901,159779.867111111
SSP5-8.5,28,TodarodesPacificus,Todarodes pacificus,Invertebrate,6,868321.427407407,150556.848777778
SSP5-8.5,29,TodarodesPacificus,Todarodes pacificus,Invertebrate,6,898440.501851852,155540.561358025
SSP5-8.5,30,TodarodesPacificus,Todarodes pacificus,Invertebrate,6,892484.938148148,154296.683345679
SSP5-8.5,31,TodarodesPacificus,Todarodes pacificus,Invertebrate,6,937756.655308642,161054.901753086
SSP5-8.5,32,TodarodesPacificus,Todarodes pacificus,Invertebrate,6,942644.607654321,161081.524802469
SSP5-8.5,33,TodarodesPacificus,Todarodes pacificus,Invertebrate,6,911392.027901235,156771.366666667
SSP5-8.5,34,TodarodesPacificus,Todarodes pacificus,Invertebrate,6,927439.170000001,159348.537851852
SSP5-8.5,35,TodarodesPacificus,Todarodes pacificus,Invertebrate,6,958649.532962963,164972.50408642
SSP5-8.5,36,TodarodesPacificus,Todarodes pacificus,Invertebrate,6,883902.397037038,152794.034197531
SSP5-8.5,37,TodarodesPacificus,Todarodes pacificus,Invertebrate,6,916279.558888889,157255.167901235
SSP5-8.5,38,TodarodesPacificus,Todarodes pacificus,Invertebrate,6,884379.811358025,153054.938074074
SSP5-8.5,39,TodarodesPacificus,Todarodes pacificus,Invertebrate,6,889342.066296296,154234.33554321
SSP5-8.5,40,TodarodesPacificus,Todarodes pacificus,Invertebrate,6,899206.351728395,155352.096802469
SSP5-8.5,41,TodarodesPacificus,Todarodes pacificus,Invertebrate,6,862246.388888889,149028.329814815
SSP5-8.5,42,TodarodesPacificus,Todarodes pacificus,Invertebrate,6,894149.076419753,153673.622246914
SSP5-8.5,43,TodarodesPacificus,Todarodes pacificus,Invertebrate,6,887534.630987654,152598.931802469
SSP5-8.5,44,TodarodesPacificus,Todarodes pacificus,Invertebrate,6,906626.556666667,155952.384814815
SSP5-8.5,45,TodarodesPacificus,Todarodes pacificus,Invertebrate,6,908453.002592592,156294.869296296
SSP5-8.5,46,TodarodesPacificus,Todarodes pacificus,Invertebrate,6,924053.197901235,158544.220432099
SSP5-8.5,47,TodarodesPacificus,Todarodes pacificus,Invertebrate,6,888594.534320988,153319.122419753
SSP5-8.5,48,TodarodesPacificus,Todarodes pacificus,Invertebrate,6,936268.643950618,160964.163098765
SSP5-8.5,49,TodarodesPacificus,Todarodes pacificus,Invertebrate,6,949097.014320988,163273.611222222
SSP5-8.5,50,TodarodesPacificus,Todarodes pacificus,Invertebrate,6,937685.763827161,161387.994851852
SSP5-8.5,51,TodarodesPacificus,Todarodes pacificus,Invertebrate,6,913061.320740741,156811.805839506
SSP5-8.5,52,TodarodesPacificus,Todarodes pacificus,Invertebrate,6,882204.28,151781.944209877
SSP5-8.5,53,TodarodesPacificus,Todarodes pacificus,Invertebrate,6,945445.513827161,162167.980851852
SSP5-8.5,54,TodarodesPacificus,Todarodes pacificus,Invertebrate,6,925330.423827161,158995.761864198
SSP5-8.5,55,TodarodesPacificus,Todarodes pacificus,Invertebrate,6,921768.612962963,158819.681888889
SSP5-8.5,56,TodarodesPacificus,Todarodes pacificus,Invertebrate,6,908799.925308642,156552.508123457
SSP5-8.5,57,TodarodesPacificus,Todarodes pacificus,Invertebrate,6,918078.522962963,158469.623222222
SSP5-8.5,58,TodarodesPacificus,Todarodes pacificus,Invertebrate,6,921678.86691358,158321.814530864
SSP5-8.5,59,TodarodesPacificus,Todarodes pacificus,Invertebrate,6,953468.538765432,163571.152716049
SSP5-8.5,60,TodarodesPacificus,Todarodes pacificus,Invertebrate,6,910202.361604938,156242.808074074
SSP5-8.5,61,TodarodesPacificus,Todarodes pacificus,Invertebrate,6,922626.353333333,159489.18345679
SSP5-8.5,62,TodarodesPacificus,Todarodes pacificus,Invertebrate,6,893917.185679012,154847.830864198
SSP5-8.5,63,TodarodesPacificus,Todarodes pacificus,Invertebrate,6,943274.417407408,162207.822209877
SSP5-8.5,64,TodarodesPacificus,Todarodes pacificus,Invertebrate,6,885438.067530865,152901.666617284
SSP5-8.5,65,TodarodesPacificus,Todarodes pacificus,Invertebrate,6,918142.671358025,157704.751580247
SSP5-8.5,66,TodarodesPacificus,Todarodes pacificus,Invertebrate,6,913272.912469136,156657.823580247
SSP5-8.5,67,TodarodesPacificus,Todarodes pacificus,Invertebrate,6,886132.947283951,153269.327506173
SSP5-8.5,68,TodarodesPacificus,Todarodes pacificus,Invertebrate,6,955532.611604938,163594.893148148
SSP5-8.5,69,TodarodesPacificus,Todarodes pacificus,Invertebrate,6,915309.330987654,157516.318728395
SSP5-8.5,70,TodarodesPacificus,Todarodes pacificus,Invertebrate,6,872800.730617284,150253.752765432
SSP5-8.5,71,TodarodesPacificus,Todarodes pacificus,Invertebrate,6,892254.979506173,154223.457703704
SSP5-8.5,72,TodarodesPacificus,Todarodes pacificus,Invertebrate,6,920653.909753086,157703.071012346
SSP5-8.5,73,TodarodesPacificus,Todarodes pacificus,Invertebrate,6,909880.469012346,157129.868259259
SSP5-8.5,74,TodarodesPacificus,Todarodes pacificus,Invertebrate,6,940970.034197531,162102.961358025
SSP5-8.5,75,TodarodesPacificus,Todarodes pacificus,Invertebrate,6,980278.109506173,168416.446074074
SSP5-8.5,76,TodarodesPacificus,Todarodes pacificus,Invertebrate,6,975711.82308642,167036.065296296
SSP5-8.5,77,TodarodesPacificus,Todarodes pacificus,Invertebrate,6,955246.468024692,164276.64308642
SSP5-8.5,78,TodarodesPacificus,Todarodes pacificus,Invertebrate,6,927770.632222222,159350.204888889
SSP5-8.5,79,TodarodesPacificus,Todarodes pacificus,Invertebrate,6,912514.10308642,157866.177691358
SSP5-8.5,80,TodarodesPacificus,Todarodes pacificus,Invertebrate,6,922724.011358025,158271.625987654
SSP5-8.5,81,TodarodesPacificus,Todarodes pacificus,Invertebrate,6,985449.038641975,168491.418320988
SSP5-8.5,82,TodarodesPacificus,Todarodes pacificus,Invertebrate,6,917824.903950617,157092.305308642
SSP5-8.5,83,TodarodesPacificus,Todarodes pacificus,Invertebrate,6,949375.117777778,162652.306975309
SSP5-8.5,84,TodarodesPacificus,Todarodes pacificus,Invertebrate,6,920410.491851852,158375.05962963
SSP5-8.5,85,TodarodesPacificus,Todarodes pacificus,Invertebrate,6,898238.650864197,155063.459382716
SSP5-8.5,86,TodarodesPacificus,Todarodes pacificus,Invertebrate,6,930383.914814815,160207.538209877
SSP5-8.5,87,TodarodesPacificus,Todarodes pacificus,Invertebrate,6,912100.575061728,157145.33917284
SSP5-8.5,88,TodarodesPacificus,Todarodes pacificus,Invertebrate,6,915739.148888889,157551.254604938
SSP5-8.5,89,TodarodesPacificus,Todarodes pacificus,Invertebrate,6,931479.94037037,160519.163888889
SSP5-8.5,90,TodarodesPacificus,Todarodes pacificus,Invertebrate,6,969133.633209877,165482.558987654
SSP5-8.5,91,TodarodesPacificus,Todarodes pacificus,Invertebrate,6,937712.471975309,161031.99708642
SSP5-8.5,92,TodarodesPacificus,Todarodes pacificus,Invertebrate,6,910644.694567901,156140.878333333
SSP5-8.5,93,TodarodesPacificus,Todarodes pacificus,Invertebrate,6,957483.402098766,164189.280691358
SSP5-8.5,94,TodarodesPacificus,Todarodes pacificus,Invertebrate,6,903756.041111111,155404.912938272
SSP5-8.5,95,TodarodesPacificus,Todarodes pacificus,Invertebrate,6,921198.199259259,158876.564345679
SSP5-8.5,96,TodarodesPacificus,Todarodes pacificus,Invertebrate,6,883310.363703704,152962.301061728
SSP5-8.5,97,TodarodesPacificus,Todarodes pacificus,Invertebrate,6,886728.369135802,152900.914814815
SSP5-8.5,98,TodarodesPacificus,Todarodes pacificus,Invertebrate,6,914124.338395062,157111.084679012
SSP5-8.5,99,TodarodesPacificus,Todarodes pacificus,Invertebrate,6,883242.95345679,151854.345777778
SSP5-8.5,100,TodarodesPacificus,Todarodes pacificus,Invertebrate,6,920606.234320988,158107.454358025
SSP5-8.5,1,TrachysalambriaCurvirostris,Trachysalambria curvirostris,Invertebrate,7,254444.452592593,87070.3868395062
SSP5-8.5,2,TrachysalambriaCurvirostris,Trachysalambria curvirostris,Invertebrate,7,259925.961432099,88663.9283580247
SSP5-8.5,3,TrachysalambriaCurvirostris,Trachysalambria curvirostris,Invertebrate,7,273789.948024692,92506.9191234568
SSP5-8.5,4,TrachysalambriaCurvirostris,Trachysalambria curvirostris,Invertebrate,7,271286.81308642,91960.882074074
SSP5-8.5,5,TrachysalambriaCurvirostris,Trachysalambria curvirostris,Invertebrate,7,259179.491851852,87575.3423950617
SSP5-8.5,6,TrachysalambriaCurvirostris,Trachysalambria curvirostris,Invertebrate,7,259897.107296296,87928.1477283951
SSP5-8.5,7,TrachysalambriaCurvirostris,Trachysalambria curvirostris,Invertebrate,7,281688.942160494,95880.1781728395
SSP5-8.5,8,TrachysalambriaCurvirostris,Trachysalambria curvirostris,Invertebrate,7,264952.95037037,90155.8532098765
SSP5-8.5,9,TrachysalambriaCurvirostris,Trachysalambria curvirostris,Invertebrate,7,260054.58945679,88111.991654321
SSP5-8.5,10,TrachysalambriaCurvirostris,Trachysalambria curvirostris,Invertebrate,7,276251.844814815,93572.6187283951
SSP5-8.5,11,TrachysalambriaCurvirostris,Trachysalambria curvirostris,Invertebrate,7,258109.787530864,87965.1630740741
SSP5-8.5,12,TrachysalambriaCurvirostris,Trachysalambria curvirostris,Invertebrate,7,259694.44017284,87833.5685432099
SSP5-8.5,13,TrachysalambriaCurvirostris,Trachysalambria curvirostris,Invertebrate,7,279541.741111111,93923.3528395062
SSP5-8.5,14,TrachysalambriaCurvirostris,Trachysalambria curvirostris,Invertebrate,7,246554.538148148,84588.6293703704
SSP5-8.5,15,TrachysalambriaCurvirostris,Trachysalambria curvirostris,Invertebrate,7,293010.139382716,98838.0705555556
SSP5-8.5,16,TrachysalambriaCurvirostris,Trachysalambria curvirostris,Invertebrate,7,294473.897530864,99254.6328765432
SSP5-8.5,17,TrachysalambriaCurvirostris,Trachysalambria curvirostris,Invertebrate,7,280273.508148148,95095.5043950617
SSP5-8.5,18,TrachysalambriaCurvirostris,Trachysalambria curvirostris,Invertebrate,7,275203.747777778,92679.0089135803
SSP5-8.5,19,TrachysalambriaCurvirostris,Trachysalambria curvirostris,Invertebrate,7,273385.98054321,93862.6141728395
SSP5-8.5,20,TrachysalambriaCurvirostris,Trachysalambria curvirostris,Invertebrate,7,261945.078518519,88490.4433703704
SSP5-8.5,21,TrachysalambriaCurvirostris,Trachysalambria curvirostris,Invertebrate,7,251477.514567901,85902.5623703704
SSP5-8.5,22,TrachysalambriaCurvirostris,Trachysalambria curvirostris,Invertebrate,7,246392.807407407,84182.9436296297
SSP5-8.5,23,TrachysalambriaCurvirostris,Trachysalambria curvirostris,Invertebrate,7,279941.899617284,94139.5783703704
SSP5-8.5,24,TrachysalambriaCurvirostris,Trachysalambria curvirostris,Invertebrate,7,252753.32362963,86326.6494074074
SSP5-8.5,25,TrachysalambriaCurvirostris,Trachysalambria curvirostris,Invertebrate,7,270914.707407407,91569.0045555555
SSP5-8.5,26,TrachysalambriaCurvirostris,Trachysalambria curvirostris,Invertebrate,7,277620.754814815,93907.6588641975
SSP5-8.5,27,TrachysalambriaCurvirostris,Trachysalambria curvirostris,Invertebrate,7,258082.169753086,87391.6772469136
SSP5-8.5,28,TrachysalambriaCurvirostris,Trachysalambria curvirostris,Invertebrate,7,277268.867098766,93292.5714567901
SSP5-8.5,29,TrachysalambriaCurvirostris,Trachysalambria curvirostris,Invertebrate,7,271999.805185185,92704.4532716049
SSP5-8.5,30,TrachysalambriaCurvirostris,Trachysalambria curvirostris,Invertebrate,7,282111.935851852,94956.8937530864
SSP5-8.5,31,TrachysalambriaCurvirostris,Trachysalambria curvirostris,Invertebrate,7,257128.367481482,86824.9881111111
SSP5-8.5,32,TrachysalambriaCurvirostris,Trachysalambria curvirostris,Invertebrate,7,263052.791111111,88807.5814320988
SSP5-8.5,33,TrachysalambriaCurvirostris,Trachysalambria curvirostris,Invertebrate,7,272336.058518519,91966.6790617284
SSP5-8.5,34,TrachysalambriaCurvirostris,Trachysalambria curvirostris,Invertebrate,7,260676.741604938,88712.1449753086
SSP5-8.5,35,TrachysalambriaCurvirostris,Trachysalambria curvirostris,Invertebrate,7,251732.603777778,85860.4733950618
SSP5-8.5,36,TrachysalambriaCurvirostris,Trachysalambria curvirostris,Invertebrate,7,254756.115938272,86554.1014197531
SSP5-8.5,37,TrachysalambriaCurvirostris,Trachysalambria curvirostris,Invertebrate,7,280011.27,95632.1447777778
SSP5-8.5,38,TrachysalambriaCurvirostris,Trachysalambria curvirostris,Invertebrate,7,254039.141975309,86104.551
SSP5-8.5,39,TrachysalambriaCurvirostris,Trachysalambria curvirostris,Invertebrate,7,263078.67691358,89622.203617284
SSP5-8.5,40,TrachysalambriaCurvirostris,Trachysalambria curvirostris,Invertebrate,7,281087.934753086,95000.0500123457
SSP5-8.5,41,TrachysalambriaCurvirostris,Trachysalambria curvirostris,Invertebrate,7,246575.929382716,83744.8205185185
SSP5-8.5,42,TrachysalambriaCurvirostris,Trachysalambria curvirostris,Invertebrate,7,270885.281604938,92345.805345679
SSP5-8.5,43,TrachysalambriaCurvirostris,Trachysalambria curvirostris,Invertebrate,7,273568.483753086,91864.6169382716
SSP5-8.5,44,TrachysalambriaCurvirostris,Trachysalambria curvirostris,Invertebrate,7,288248.952962963,96995.5105802469
SSP5-8.5,45,TrachysalambriaCurvirostris,Trachysalambria curvirostris,Invertebrate,7,270156.754197531,91635.0828148148
SSP5-8.5,46,TrachysalambriaCurvirostris,Trachysalambria curvirostris,Invertebrate,7,248556.638395062,84189.9701851852
SSP5-8.5,47,TrachysalambriaCurvirostris,Trachysalambria curvirostris,Invertebrate,7,275716.214567901,93514.7026049383
SSP5-8.5,48,TrachysalambriaCurvirostris,Trachysalambria curvirostris,Invertebrate,7,257888.499259259,88335.7261481482
SSP5-8.5,49,TrachysalambriaCurvirostris,Trachysalambria curvirostris,Invertebrate,7,246373.365308642,83780.0194197531
SSP5-8.5,50,TrachysalambriaCurvirostris,Trachysalambria curvirostris,Invertebrate,7,253512.369135802,86317.8223703704
SSP5-8.5,51,TrachysalambriaCurvirostris,Trachysalambria curvirostris,Invertebrate,7,268258.427160494,91260.6180864198
SSP5-8.5,52,TrachysalambriaCurvirostris,Trachysalambria curvirostris,Invertebrate,7,256557.353345679,86759.9321481481
SSP5-8.5,53,TrachysalambriaCurvirostris,Trachysalambria curvirostris,Invertebrate,7,263397.721358025,89557.4357901235
SSP5-8.5,54,TrachysalambriaCurvirostris,Trachysalambria curvirostris,Invertebrate,7,268623.393259259,92012.1403580247
SSP5-8.5,55,TrachysalambriaCurvirostris,Trachysalambria curvirostris,Invertebrate,7,280976.773333333,94590.756037037
SSP5-8.5,56,TrachysalambriaCurvirostris,Trachysalambria curvirostris,Invertebrate,7,253023.755308642,86353.5516790124
SSP5-8.5,57,TrachysalambriaCurvirostris,Trachysalambria curvirostris,Invertebrate,7,256658.789135803,87284.6003580247
SSP5-8.5,58,TrachysalambriaCurvirostris,Trachysalambria curvirostris,Invertebrate,7,277799.623259259,93531.8897160494
SSP5-8.5,59,TrachysalambriaCurvirostris,Trachysalambria curvirostris,Invertebrate,7,262944.249259259,89138.3315061728
SSP5-8.5,60,TrachysalambriaCurvirostris,Trachysalambria curvirostris,Invertebrate,7,271647.032962963,91461.024691358
SSP5-8.5,61,TrachysalambriaCurvirostris,Trachysalambria curvirostris,Invertebrate,7,260687.314567901,87648.4404197531
SSP5-8.5,62,TrachysalambriaCurvirostris,Trachysalambria curvirostris,Invertebrate,7,269724.881728395,91246.1083703703
SSP5-8.5,63,TrachysalambriaCurvirostris,Trachysalambria curvirostris,Invertebrate,7,274099.232222222,92362.0148518519
SSP5-8.5,64,TrachysalambriaCurvirostris,Trachysalambria curvirostris,Invertebrate,7,265554.200666667,90188.0750123457
SSP5-8.5,65,TrachysalambriaCurvirostris,Trachysalambria curvirostris,Invertebrate,7,285279.979506173,96249.8606666667
SSP5-8.5,66,TrachysalambriaCurvirostris,Trachysalambria curvirostris,Invertebrate,7,248291.641790124,84691.4873209877
SSP5-8.5,67,TrachysalambriaCurvirostris,Trachysalambria curvirostris,Invertebrate,7,284605.871975309,96085.6157037037
SSP5-8.5,68,TrachysalambriaCurvirostris,Trachysalambria curvirostris,Invertebrate,7,278026.3,94179.096
SSP5-8.5,69,TrachysalambriaCurvirostris,Trachysalambria curvirostris,Invertebrate,7,243206.355185185,82067.4666419754
SSP5-8.5,70,TrachysalambriaCurvirostris,Trachysalambria curvirostris,Invertebrate,7,236686.556098766,80857.114691358
SSP5-8.5,71,TrachysalambriaCurvirostris,Trachysalambria curvirostris,Invertebrate,7,258452.964074074,87933.4928148149
SSP5-8.5,72,TrachysalambriaCurvirostris,Trachysalambria curvirostris,Invertebrate,7,262380.984938272,89072.2587654321
SSP5-8.5,73,TrachysalambriaCurvirostris,Trachysalambria curvirostris,Invertebrate,7,263549.028283951,89460.7633703703
SSP5-8.5,74,TrachysalambriaCurvirostris,Trachysalambria curvirostris,Invertebrate,7,276151.299876543,93827.1453950617
SSP5-8.5,75,TrachysalambriaCurvirostris,Trachysalambria curvirostris,Invertebrate,7,267412.945802469,90945.6567901235
SSP5-8.5,76,TrachysalambriaCurvirostris,Trachysalambria curvirostris,Invertebrate,7,254645.859506173,86467.4324938272
SSP5-8.5,77,TrachysalambriaCurvirostris,Trachysalambria curvirostris,Invertebrate,7,265498.876419753,90468.2964074074
SSP5-8.5,78,TrachysalambriaCurvirostris,Trachysalambria curvirostris,Invertebrate,7,288225.245123457,97602.5452098766
SSP5-8.5,79,TrachysalambriaCurvirostris,Trachysalambria curvirostris,Invertebrate,7,270909.12617284,92076.2744074074
SSP5-8.5,80,TrachysalambriaCurvirostris,Trachysalambria curvirostris,Invertebrate,7,251229.874197531,85286.1731481482
SSP5-8.5,81,TrachysalambriaCurvirostris,Trachysalambria curvirostris,Invertebrate,7,265464.371975309,90612.8065679012
SSP5-8.5,82,TrachysalambriaCurvirostris,Trachysalambria curvirostris,Invertebrate,7,274882.105975309,92805.4818148148
SSP5-8.5,83,TrachysalambriaCurvirostris,Trachysalambria curvirostris,Invertebrate,7,270245.734567901,92335.7284691358
SSP5-8.5,84,TrachysalambriaCurvirostris,Trachysalambria curvirostris,Invertebrate,7,274154.830049383,93185.7064691358
SSP5-8.5,85,TrachysalambriaCurvirostris,Trachysalambria curvirostris,Invertebrate,7,250627.294851852,85638.6994691358
SSP5-8.5,86,TrachysalambriaCurvirostris,Trachysalambria curvirostris,Invertebrate,7,265027.222592593,90117.003962963
SSP5-8.5,87,TrachysalambriaCurvirostris,Trachysalambria curvirostris,Invertebrate,7,286471.442592593,96446.838925926
SSP5-8.5,88,TrachysalambriaCurvirostris,Trachysalambria curvirostris,Invertebrate,7,268406.705925926,91231.628962963
SSP5-8.5,89,TrachysalambriaCurvirostris,Trachysalambria curvirostris,Invertebrate,7,267540.282469136,90516.3960987654
SSP5-8.5,90,TrachysalambriaCurvirostris,Trachysalambria curvirostris,Invertebrate,7,255271.041432099,86325.8337777778
SSP5-8.5,91,TrachysalambriaCurvirostris,Trachysalambria curvirostris,Invertebrate,7,274753.726716049,92453.9836666667
SSP5-8.5,92,TrachysalambriaCurvirostris,Trachysalambria curvirostris,Invertebrate,7,282010.624814815,95395.3279753087
SSP5-8.5,93,TrachysalambriaCurvirostris,Trachysalambria curvirostris,Invertebrate,7,285968.213950617,96994.4685432099
SSP5-8.5,94,TrachysalambriaCurvirostris,Trachysalambria curvirostris,Invertebrate,7,281505.97654321,95693.531691358
SSP5-8.5,95,TrachysalambriaCurvirostris,Trachysalambria curvirostris,Invertebrate,7,283279.319382716,95758.4453209877
SSP5-8.5,96,TrachysalambriaCurvirostris,Trachysalambria curvirostris,Invertebrate,7,246587.954444445,84977.9121975309
SSP5-8.5,97,TrachysalambriaCurvirostris,Trachysalambria curvirostris,Invertebrate,7,275360.883641975,93254.3054320988
SSP5-8.5,98,TrachysalambriaCurvirostris,Trachysalambria curvirostris,Invertebrate,7,278731.795555556,94193.4615802469
SSP5-8.5,99,TrachysalambriaCurvirostris,Trachysalambria curvirostris,Invertebrate,7,249198.267703704,84504.9264567902
SSP5-8.5,100,TrachysalambriaCurvirostris,Trachysalambria curvirostris,Invertebrate,7,235941.593308642,80944.7209012346
SSP5-8.5,1,PortunusTrituberculatus,Portunus trituberculatus,Invertebrate,8,394524.684444445,87916.3967407408
SSP5-8.5,2,PortunusTrituberculatus,Portunus trituberculatus,Invertebrate,8,403163.799259259,89599.8340864198
SSP5-8.5,3,PortunusTrituberculatus,Portunus trituberculatus,Invertebrate,8,394792.074074074,88243.3852222222
SSP5-8.5,4,PortunusTrituberculatus,Portunus trituberculatus,Invertebrate,8,401808.458271605,89075.1469012346
SSP5-8.5,5,PortunusTrituberculatus,Portunus trituberculatus,Invertebrate,8,395081.134691358,88084.2212592592
SSP5-8.5,6,PortunusTrituberculatus,Portunus trituberculatus,Invertebrate,8,409956.738888889,91243.7003209877
SSP5-8.5,7,PortunusTrituberculatus,Portunus trituberculatus,Invertebrate,8,418807.215925926,92395.0087901235
SSP5-8.5,8,PortunusTrituberculatus,Portunus trituberculatus,Invertebrate,8,423167.670246914,93880.1205061728
SSP5-8.5,9,PortunusTrituberculatus,Portunus trituberculatus,Invertebrate,8,388765.078765432,86265.1075308642
SSP5-8.5,10,PortunusTrituberculatus,Portunus trituberculatus,Invertebrate,8,370267.87691358,82291.0801851852
SSP5-8.5,11,PortunusTrituberculatus,Portunus trituberculatus,Invertebrate,8,392767.204691358,87176.5876666667
SSP5-8.5,12,PortunusTrituberculatus,Portunus trituberculatus,Invertebrate,8,395031.938765432,87514.5945802469
SSP5-8.5,13,PortunusTrituberculatus,Portunus trituberculatus,Invertebrate,8,404504.710493827,89560.3812222223
SSP5-8.5,14,PortunusTrituberculatus,Portunus trituberculatus,Invertebrate,8,392655.180987654,87268.3164444445
SSP5-8.5,15,PortunusTrituberculatus,Portunus trituberculatus,Invertebrate,8,393324.740493827,87514.227308642
SSP5-8.5,16,PortunusTrituberculatus,Portunus trituberculatus,Invertebrate,8,411917.696666667,91266.4928765432
SSP5-8.5,17,PortunusTrituberculatus,Portunus trituberculatus,Invertebrate,8,420846.867407408,92780.2581234568
SSP5-8.5,18,PortunusTrituberculatus,Portunus trituberculatus,Invertebrate,8,394349.570493827,87918.8308765432
SSP5-8.5,19,PortunusTrituberculatus,Portunus trituberculatus,Invertebrate,8,413688.502098765,91556.5953703704
SSP5-8.5,20,PortunusTrituberculatus,Portunus trituberculatus,Invertebrate,8,413370.221111111,91989.7538271605
SSP5-8.5,21,PortunusTrituberculatus,Portunus trituberculatus,Invertebrate,8,409703.051604938,90474.7093209877
SSP5-8.5,22,PortunusTrituberculatus,Portunus trituberculatus,Invertebrate,8,418810.631851852,92976.1485185185
SSP5-8.5,23,PortunusTrituberculatus,Portunus trituberculatus,Invertebrate,8,403938.878888889,89582.6220864197
SSP5-8.5,24,PortunusTrituberculatus,Portunus trituberculatus,Invertebrate,8,397656.681975309,88563.332037037
SSP5-8.5,25,PortunusTrituberculatus,Portunus trituberculatus,Invertebrate,8,392859.815555556,87565.9494567901
SSP5-8.5,26,PortunusTrituberculatus,Portunus trituberculatus,Invertebrate,8,399396.160246914,89220.1082839507
SSP5-8.5,27,PortunusTrituberculatus,Portunus trituberculatus,Invertebrate,8,409905.011358025,90814.0554691358
SSP5-8.5,28,PortunusTrituberculatus,Portunus trituberculatus,Invertebrate,8,400718.461234568,89252.1305308642
SSP5-8.5,29,PortunusTrituberculatus,Portunus trituberculatus,Invertebrate,8,421318.587283951,93603.8082222222
SSP5-8.5,30,PortunusTrituberculatus,Portunus trituberculatus,Invertebrate,8,401669.094567901,88596.1622098766
SSP5-8.5,31,PortunusTrituberculatus,Portunus trituberculatus,Invertebrate,8,396469.81037037,88101.6149876543
SSP5-8.5,32,PortunusTrituberculatus,Portunus trituberculatus,Invertebrate,8,403630.971481482,89552.5484567901
SSP5-8.5,33,PortunusTrituberculatus,Portunus trituberculatus,Invertebrate,8,398392.112839506,88860.9410617284
SSP5-8.5,34,PortunusTrituberculatus,Portunus trituberculatus,Invertebrate,8,383402.315802469,86196.4236296296
SSP5-8.5,35,PortunusTrituberculatus,Portunus trituberculatus,Invertebrate,8,399356.161975309,88616.3951234568
SSP5-8.5,36,PortunusTrituberculatus,Portunus trituberculatus,Invertebrate,8,404851.57345679,89700.6808148148
SSP5-8.5,37,PortunusTrituberculatus,Portunus trituberculatus,Invertebrate,8,396047.127530864,88407.9087530865
SSP5-8.5,38,PortunusTrituberculatus,Portunus trituberculatus,Invertebrate,8,391929.308271605,87008.3528518518
SSP5-8.5,39,PortunusTrituberculatus,Portunus trituberculatus,Invertebrate,8,409796.894691358,90931.5303950617
SSP5-8.5,40,PortunusTrituberculatus,Portunus trituberculatus,Invertebrate,8,389385.244444444,86884.4565802469
SSP5-8.5,41,PortunusTrituberculatus,Portunus trituberculatus,Invertebrate,8,401154.4,88853.1631234568
SSP5-8.5,42,PortunusTrituberculatus,Portunus trituberculatus,Invertebrate,8,385511.818395062,86306.9116172839
SSP5-8.5,43,PortunusTrituberculatus,Portunus trituberculatus,Invertebrate,8,385002.913209877,86237.9741358025
SSP5-8.5,44,PortunusTrituberculatus,Portunus trituberculatus,Invertebrate,8,424822.947037037,94064.6249382717
SSP5-8.5,45,PortunusTrituberculatus,Portunus trituberculatus,Invertebrate,8,421977.771975309,93514.4585061729
SSP5-8.5,46,PortunusTrituberculatus,Portunus trituberculatus,Invertebrate,8,408023.594814815,90184.0329259259
SSP5-8.5,47,PortunusTrituberculatus,Portunus trituberculatus,Invertebrate,8,395429.248148148,87958.4690617284
SSP5-8.5,48,PortunusTrituberculatus,Portunus trituberculatus,Invertebrate,8,405917.159259259,90242.6617407408
SSP5-8.5,49,PortunusTrituberculatus,Portunus trituberculatus,Invertebrate,8,396051.820123457,88355.3707777778
SSP5-8.5,50,PortunusTrituberculatus,Portunus trituberculatus,Invertebrate,8,402176.613703704,89608.9069876543
SSP5-8.5,51,PortunusTrituberculatus,Portunus trituberculatus,Invertebrate,8,403291.343209877,89907.5409506173
SSP5-8.5,52,PortunusTrituberculatus,Portunus trituberculatus,Invertebrate,8,406259.000493827,90669.1126419753
SSP5-8.5,53,PortunusTrituberculatus,Portunus trituberculatus,Invertebrate,8,382220.559012346,86087.5020987655
SSP5-8.5,54,PortunusTrituberculatus,Portunus trituberculatus,Invertebrate,8,381585.425185185,84976.0802592593
SSP5-8.5,55,PortunusTrituberculatus,Portunus trituberculatus,Invertebrate,8,398891.037530864,88356.5957777778
SSP5-8.5,56,PortunusTrituberculatus,Portunus trituberculatus,Invertebrate,8,403734.758148148,89718.0390123457
SSP5-8.5,57,PortunusTrituberculatus,Portunus trituberculatus,Invertebrate,8,398708.874320988,88692.5320987655
SSP5-8.5,58,PortunusTrituberculatus,Portunus trituberculatus,Invertebrate,8,403903.396666667,89438.9281604938
SSP5-8.5,59,PortunusTrituberculatus,Portunus trituberculatus,Invertebrate,8,400923.255679012,88840.7424691358
SSP5-8.5,60,PortunusTrituberculatus,Portunus trituberculatus,Invertebrate,8,410624.804567901,91311.8902716049
SSP5-8.5,61,PortunusTrituberculatus,Portunus trituberculatus,Invertebrate,8,396652.763209877,87539.1543209876
SSP5-8.5,62,PortunusTrituberculatus,Portunus trituberculatus,Invertebrate,8,400408.260246914,89214.7632469136
SSP5-8.5,63,PortunusTrituberculatus,Portunus trituberculatus,Invertebrate,8,417664.679876543,92572.6290123457
SSP5-8.5,64,PortunusTrituberculatus,Portunus trituberculatus,Invertebrate,8,402633.051358025,89076.1197777778
SSP5-8.5,65,PortunusTrituberculatus,Portunus trituberculatus,Invertebrate,8,420969.639753086,93466.8454814815
SSP5-8.5,66,PortunusTrituberculatus,Portunus trituberculatus,Invertebrate,8,410400.084691358,90880.3508765432
SSP5-8.5,67,PortunusTrituberculatus,Portunus trituberculatus,Invertebrate,8,381451.078765432,84966.4772098766
SSP5-8.5,68,PortunusTrituberculatus,Portunus trituberculatus,Invertebrate,8,408291.714938272,90730.2309753086
SSP5-8.5,69,PortunusTrituberculatus,Portunus trituberculatus,Invertebrate,8,393467.912098765,87465.5338024691
SSP5-8.5,70,PortunusTrituberculatus,Portunus trituberculatus,Invertebrate,8,403782.67691358,89908.8725185185
SSP5-8.5,71,PortunusTrituberculatus,Portunus trituberculatus,Invertebrate,8,406070.582345679,90220.8882345679
SSP5-8.5,72,PortunusTrituberculatus,Portunus trituberculatus,Invertebrate,8,423881.859259259,93722.5405679012
SSP5-8.5,73,PortunusTrituberculatus,Portunus trituberculatus,Invertebrate,8,409362.124074074,90861.6632592592
SSP5-8.5,74,PortunusTrituberculatus,Portunus trituberculatus,Invertebrate,8,405436.307777778,89753.5654444445
SSP5-8.5,75,PortunusTrituberculatus,Portunus trituberculatus,Invertebrate,8,389385.676296297,85932.6983580247
SSP5-8.5,76,PortunusTrituberculatus,Portunus trituberculatus,Invertebrate,8,429048.545555556,94737.4214567902
SSP5-8.5,77,PortunusTrituberculatus,Portunus trituberculatus,Invertebrate,8,395732.149259259,88223.9347654321
SSP5-8.5,78,PortunusTrituberculatus,Portunus trituberculatus,Invertebrate,8,399164.645925926,88809.2629753086
SSP5-8.5,79,PortunusTrituberculatus,Portunus trituberculatus,Invertebrate,8,433771.807037037,96105.4590617285
SSP5-8.5,80,PortunusTrituberculatus,Portunus trituberculatus,Invertebrate,8,396633.249382716,88665.3964197531
SSP5-8.5,81,PortunusTrituberculatus,Portunus trituberculatus,Invertebrate,8,389014.224074074,87049.5159135803
SSP5-8.5,82,PortunusTrituberculatus,Portunus trituberculatus,Invertebrate,8,421228.116790124,93343.2672222222
SSP5-8.5,83,PortunusTrituberculatus,Portunus trituberculatus,Invertebrate,8,387899.511975309,86532.8600740741
SSP5-8.5,84,PortunusTrituberculatus,Portunus trituberculatus,Invertebrate,8,389075.94037037,87001.6760493827
SSP5-8.5,85,PortunusTrituberculatus,Portunus trituberculatus,Invertebrate,8,395458.256049383,87883.1586790123
SSP5-8.5,86,PortunusTrituberculatus,Portunus trituberculatus,Invertebrate,8,414113.477160494,92223.4698395062
SSP5-8.5,87,PortunusTrituberculatus,Portunus trituberculatus,Invertebrate,8,382966.595308642,85434.9140864197
SSP5-8.5,88,PortunusTrituberculatus,Portunus trituberculatus,Invertebrate,8,405296.67654321,89500.366
SSP5-8.5,89,PortunusTrituberculatus,Portunus trituberculatus,Invertebrate,8,413238.234444445,92062.0194567901
SSP5-8.5,90,PortunusTrituberculatus,Portunus trituberculatus,Invertebrate,8,415987.722716049,91725.7564197531
SSP5-8.5,91,PortunusTrituberculatus,Portunus trituberculatus,Invertebrate,8,389164.005679013,86346.9974814815
SSP5-8.5,92,PortunusTrituberculatus,Portunus trituberculatus,Invertebrate,8,382197.366296296,84993.7255925926
SSP5-8.5,93,PortunusTrituberculatus,Portunus trituberculatus,Invertebrate,8,380068.607901235,84735.1764074074
SSP5-8.5,94,PortunusTrituberculatus,Portunus trituberculatus,Invertebrate,8,416882.407037037,93257.6688888889
SSP5-8.5,95,PortunusTrituberculatus,Portunus trituberculatus,Invertebrate,8,410871.048641975,90998.2913950617
SSP5-8.5,96,PortunusTrituberculatus,Portunus trituberculatus,Invertebrate,8,361958.555555556,81100.3214691358
SSP5-8.5,97,PortunusTrituberculatus,Portunus trituberculatus,Invertebrate,8,406915.857407407,90245.6298395062
SSP5-8.5,98,PortunusTrituberculatus,Portunus trituberculatus,Invertebrate,8,410005.627654321,90723.7681728395
SSP5-8.5,99,PortunusTrituberculatus,Portunus trituberculatus,Invertebrate,8,416659.813950617,92217.3294567901
SSP5-8.5,100,PortunusTrituberculatus,Portunus trituberculatus,Invertebrate,8,404619.222839506,90068.3077530864
SSP5-8.5,1,ScomberJaponicus,Scomber japonicus,Mid-trophic species,9,1022092.33530864,185687.644938272
SSP5-8.5,2,ScomberJaponicus,Scomber japonicus,Mid-trophic species,9,1027799.51148148,185804.779135803
SSP5-8.5,3,ScomberJaponicus,Scomber japonicus,Mid-trophic species,9,1026351.65444444,186168.645925926
SSP5-8.5,4,ScomberJaponicus,Scomber japonicus,Mid-trophic species,9,1016689.52407407,183865.621604938
SSP5-8.5,5,ScomberJaponicus,Scomber japonicus,Mid-trophic species,9,1042379.46246914,188970.772469136
SSP5-8.5,6,ScomberJaponicus,Scomber japonicus,Mid-trophic species,9,1039570.24555556,188710.185925926
SSP5-8.5,7,ScomberJaponicus,Scomber japonicus,Mid-trophic species,9,1021452.66716049,185421.117407407
SSP5-8.5,8,ScomberJaponicus,Scomber japonicus,Mid-trophic species,9,1028311.85864198,186463.387592593
SSP5-8.5,9,ScomberJaponicus,Scomber japonicus,Mid-trophic species,9,1012654.92333333,183482.395679012
SSP5-8.5,10,ScomberJaponicus,Scomber japonicus,Mid-trophic species,9,1027365.04950617,185945.28437037
SSP5-8.5,11,ScomberJaponicus,Scomber japonicus,Mid-trophic species,9,1030237.16037037,186779.728222222
SSP5-8.5,12,ScomberJaponicus,Scomber japonicus,Mid-trophic species,9,1023823.38617284,185582.296666667
SSP5-8.5,13,ScomberJaponicus,Scomber japonicus,Mid-trophic species,9,1028882.93432099,185552.767654321
SSP5-8.5,14,ScomberJaponicus,Scomber japonicus,Mid-trophic species,9,1015038.86432099,183888.898518519
SSP5-8.5,15,ScomberJaponicus,Scomber japonicus,Mid-trophic species,9,1025672.84567901,185858.270864198
SSP5-8.5,16,ScomberJaponicus,Scomber japonicus,Mid-trophic species,9,1042991.44666667,188797.90654321
SSP5-8.5,17,ScomberJaponicus,Scomber japonicus,Mid-trophic species,9,1049224.81728395,190298.538024691
SSP5-8.5,18,ScomberJaponicus,Scomber japonicus,Mid-trophic species,9,1024441.5654321,185346.559753086
SSP5-8.5,19,ScomberJaponicus,Scomber japonicus,Mid-trophic species,9,1040520.55222222,188107.509506173
SSP5-8.5,20,ScomberJaponicus,Scomber japonicus,Mid-trophic species,9,1014178.62135803,183813.325061728
SSP5-8.5,21,ScomberJaponicus,Scomber japonicus,Mid-trophic species,9,1028293.27160494,186337.072222222
SSP5-8.5,22,ScomberJaponicus,Scomber japonicus,Mid-trophic species,9,1019168.10604938,184255.04
SSP5-8.5,23,ScomberJaponicus,Scomber japonicus,Mid-trophic species,9,1024388.33765432,185549.278888889
SSP5-8.5,24,ScomberJaponicus,Scomber japonicus,Mid-trophic species,9,1026813.35580247,186183.726345679
SSP5-8.5,25,ScomberJaponicus,Scomber japonicus,Mid-trophic species,9,1036907.0137037,188216.03037037
SSP5-8.5,26,ScomberJaponicus,Scomber japonicus,Mid-trophic species,9,1032919.86419753,187340.642345679
SSP5-8.5,27,ScomberJaponicus,Scomber japonicus,Mid-trophic species,9,1018334.08740741,184321.132333333
SSP5-8.5,28,ScomberJaponicus,Scomber japonicus,Mid-trophic species,9,1006107.83814815,182482.516666667
SSP5-8.5,29,ScomberJaponicus,Scomber japonicus,Mid-trophic species,9,1034975.90851852,187917.445432099
SSP5-8.5,30,ScomberJaponicus,Scomber japonicus,Mid-trophic species,9,999601.804814815,181099.104444445
SSP5-8.5,31,ScomberJaponicus,Scomber japonicus,Mid-trophic species,9,1019213.30209877,184784.90691358
SSP5-8.5,32,ScomberJaponicus,Scomber japonicus,Mid-trophic species,9,1018114.49716049,184940.833580247
SSP5-8.5,33,ScomberJaponicus,Scomber japonicus,Mid-trophic species,9,1020084.32320988,185141.471975309
SSP5-8.5,34,ScomberJaponicus,Scomber japonicus,Mid-trophic species,9,1029647.10975309,186477.026851852
SSP5-8.5,35,ScomberJaponicus,Scomber japonicus,Mid-trophic species,9,1020949.29790123,185473.364197531
SSP5-8.5,36,ScomberJaponicus,Scomber japonicus,Mid-trophic species,9,1026902.39987654,186115.685802469
SSP5-8.5,37,ScomberJaponicus,Scomber japonicus,Mid-trophic species,9,1010836.92530864,183511.535308642
SSP5-8.5,38,ScomberJaponicus,Scomber japonicus,Mid-trophic species,9,1006165.73654321,182323.359074074
SSP5-8.5,39,ScomberJaponicus,Scomber japonicus,Mid-trophic species,9,1014882.28790123,184378.163259259
SSP5-8.5,40,ScomberJaponicus,Scomber japonicus,Mid-trophic species,9,1016656.18691358,184071.450049383
SSP5-8.5,41,ScomberJaponicus,Scomber japonicus,Mid-trophic species,9,1007083.11049383,182955.741481481
SSP5-8.5,42,ScomberJaponicus,Scomber japonicus,Mid-trophic species,9,1018121.38679012,184524.000987654
SSP5-8.5,43,ScomberJaponicus,Scomber japonicus,Mid-trophic species,9,1044896.70851852,189320.556049383
SSP5-8.5,44,ScomberJaponicus,Scomber japonicus,Mid-trophic species,9,1023685.37049383,185442.618024691
SSP5-8.5,45,ScomberJaponicus,Scomber japonicus,Mid-trophic species,9,1034661.88617284,187605.448765432
SSP5-8.5,46,ScomberJaponicus,Scomber japonicus,Mid-trophic species,9,1042871.9337037,188951.465432099
SSP5-8.5,47,ScomberJaponicus,Scomber japonicus,Mid-trophic species,9,1036230.71074074,187382.133209877
SSP5-8.5,48,ScomberJaponicus,Scomber japonicus,Mid-trophic species,9,1020032.08580247,184444.740765432
SSP5-8.5,49,ScomberJaponicus,Scomber japonicus,Mid-trophic species,9,1017983.3617284,184937.748024691
SSP5-8.5,50,ScomberJaponicus,Scomber japonicus,Mid-trophic species,9,1034604.94506173,186989.76962963
SSP5-8.5,51,ScomberJaponicus,Scomber japonicus,Mid-trophic species,9,997526.422345679,181304.608395062
SSP5-8.5,52,ScomberJaponicus,Scomber japonicus,Mid-trophic species,9,1010777.30444444,183254.059135802
SSP5-8.5,53,ScomberJaponicus,Scomber japonicus,Mid-trophic species,9,1032955.08037037,187314.771851852
SSP5-8.5,54,ScomberJaponicus,Scomber japonicus,Mid-trophic species,9,1023394.04666667,185663.234567901
SSP5-8.5,55,ScomberJaponicus,Scomber japonicus,Mid-trophic species,9,1035857.05506173,188044.842592593
SSP5-8.5,56,ScomberJaponicus,Scomber japonicus,Mid-trophic species,9,1021316.7491358,185089.263703704
SSP5-8.5,57,ScomberJaponicus,Scomber japonicus,Mid-trophic species,9,1036443.51098765,188043.135185185
SSP5-8.5,58,ScomberJaponicus,Scomber japonicus,Mid-trophic species,9,1013429.81135802,183732.457283951
SSP5-8.5,59,ScomberJaponicus,Scomber japonicus,Mid-trophic species,9,1019465.19296296,184952.325555555
SSP5-8.5,60,ScomberJaponicus,Scomber japonicus,Mid-trophic species,9,1033299.75259259,187313.641111111
SSP5-8.5,61,ScomberJaponicus,Scomber japonicus,Mid-trophic species,9,1013280.64271605,183933.016098766
SSP5-8.5,62,ScomberJaponicus,Scomber japonicus,Mid-trophic species,9,1034116.81950617,187087.479876543
SSP5-8.5,63,ScomberJaponicus,Scomber japonicus,Mid-trophic species,9,1038642.7554321,188063.550617284
SSP5-8.5,64,ScomberJaponicus,Scomber japonicus,Mid-trophic species,9,1039057.2362963,188265.94617284
SSP5-8.5,65,ScomberJaponicus,Scomber japonicus,Mid-trophic species,9,1017339.4908642,184325.142098766
SSP5-8.5,66,ScomberJaponicus,Scomber japonicus,Mid-trophic species,9,1041131.11111111,188764.376790123
SSP5-8.5,67,ScomberJaponicus,Scomber japonicus,Mid-trophic species,9,1011754.71617284,183750.484938272
SSP5-8.5,68,ScomberJaponicus,Scomber japonicus,Mid-trophic species,9,1019644.03555556,184630.442098766
SSP5-8.5,69,ScomberJaponicus,Scomber japonicus,Mid-trophic species,9,1040811.17506173,188488.275802469
SSP5-8.5,70,ScomberJaponicus,Scomber japonicus,Mid-trophic species,9,1007716.78765432,183099.811728395
SSP5-8.5,71,ScomberJaponicus,Scomber japonicus,Mid-trophic species,9,1020733.25407407,185237.55962963
SSP5-8.5,72,ScomberJaponicus,Scomber japonicus,Mid-trophic species,9,1049837.77345679,190222.056419753
SSP5-8.5,73,ScomberJaponicus,Scomber japonicus,Mid-trophic species,9,980435.83271605,178196.440740741
SSP5-8.5,74,ScomberJaponicus,Scomber japonicus,Mid-trophic species,9,1015004.57716049,184150.768148148
SSP5-8.5,75,ScomberJaponicus,Scomber japonicus,Mid-trophic species,9,1029379.20308642,186461.987037037
SSP5-8.5,76,ScomberJaponicus,Scomber japonicus,Mid-trophic species,9,1058543.26395062,191771.718888889
SSP5-8.5,77,ScomberJaponicus,Scomber japonicus,Mid-trophic species,9,1010569.3837037,183632.60654321
SSP5-8.5,78,ScomberJaponicus,Scomber japonicus,Mid-trophic species,9,1002689.4791358,182214.266666667
SSP5-8.5,79,ScomberJaponicus,Scomber japonicus,Mid-trophic species,9,1020580.44012346,185034.549753086
SSP5-8.5,80,ScomberJaponicus,Scomber japonicus,Mid-trophic species,9,1047944.30814815,189531.496049383
SSP5-8.5,81,ScomberJaponicus,Scomber japonicus,Mid-trophic species,9,1013529.38654321,183810.525802469
SSP5-8.5,82,ScomberJaponicus,Scomber japonicus,Mid-trophic species,9,1021414.31283951,185245.817901235
SSP5-8.5,83,ScomberJaponicus,Scomber japonicus,Mid-trophic species,9,1054063.9237037,190706.549012346
SSP5-8.5,84,ScomberJaponicus,Scomber japonicus,Mid-trophic species,9,1002399.75197531,182374.227901235
SSP5-8.5,85,ScomberJaponicus,Scomber japonicus,Mid-trophic species,9,1018022.2854321,184366.15691358
SSP5-8.5,86,ScomberJaponicus,Scomber japonicus,Mid-trophic species,9,1011019.43604938,183757.926666667
SSP5-8.5,87,ScomberJaponicus,Scomber japonicus,Mid-trophic species,9,1036914.93209877,188062.633209877
SSP5-8.5,88,ScomberJaponicus,Scomber japonicus,Mid-trophic species,9,1024831.60160494,185593.317160494
SSP5-8.5,89,ScomberJaponicus,Scomber japonicus,Mid-trophic species,9,1011856.9937037,183997.617777778
SSP5-8.5,90,ScomberJaponicus,Scomber japonicus,Mid-trophic species,9,1033544.98901235,187477.758395062
SSP5-8.5,91,ScomberJaponicus,Scomber japonicus,Mid-trophic species,9,1042360.68592593,188869.586296296
SSP5-8.5,92,ScomberJaponicus,Scomber japonicus,Mid-trophic species,9,1019780.13320988,185131.707209876
SSP5-8.5,93,ScomberJaponicus,Scomber japonicus,Mid-trophic species,9,1027586.29135802,186152.854197531
SSP5-8.5,94,ScomberJaponicus,Scomber japonicus,Mid-trophic species,9,1008763.66432099,182668.953703704
SSP5-8.5,95,ScomberJaponicus,Scomber japonicus,Mid-trophic species,9,1030972.24679012,187188.321604938
SSP5-8.5,96,ScomberJaponicus,Scomber japonicus,Mid-trophic species,9,992986.767530864,179942.274567901
SSP5-8.5,97,ScomberJaponicus,Scomber japonicus,Mid-trophic species,9,1003791.99209877,181902.812716049
SSP5-8.5,98,ScomberJaponicus,Scomber japonicus,Mid-trophic species,9,1056228.45679012,191844.10037037
SSP5-8.5,99,ScomberJaponicus,Scomber japonicus,Mid-trophic species,9,999878.636172839,181346.630123457
SSP5-8.5,100,ScomberJaponicus,Scomber japonicus,Mid-trophic species,9,1012050.42777778,183182.784444444
SSP5-8.5,1,DecapterusMaruadsi,Decapterus maruadsi,Mid-trophic species,10,53541.1897654321,12104.5624728395
SSP5-8.5,2,DecapterusMaruadsi,Decapterus maruadsi,Mid-trophic species,10,43001.9500740741,9777.60194444445
SSP5-8.5,3,DecapterusMaruadsi,Decapterus maruadsi,Mid-trophic species,10,47862.7692345679,10899.7674987654
SSP5-8.5,4,DecapterusMaruadsi,Decapterus maruadsi,Mid-trophic species,10,46558.0536728395,10575.9013160494
SSP5-8.5,5,DecapterusMaruadsi,Decapterus maruadsi,Mid-trophic species,10,43148.3439135802,9802.16450246914
SSP5-8.5,6,DecapterusMaruadsi,Decapterus maruadsi,Mid-trophic species,10,52949.0618395062,12061.5762111111
SSP5-8.5,7,DecapterusMaruadsi,Decapterus maruadsi,Mid-trophic species,10,46007.0663333333,10445.7942345679
SSP5-8.5,8,DecapterusMaruadsi,Decapterus maruadsi,Mid-trophic species,10,49145.2189382716,11099.367017284
SSP5-8.5,9,DecapterusMaruadsi,Decapterus maruadsi,Mid-trophic species,10,45834.3548518519,10418.491317284
SSP5-8.5,10,DecapterusMaruadsi,Decapterus maruadsi,Mid-trophic species,10,46751.7127777778,10654.9871135802
SSP5-8.5,11,DecapterusMaruadsi,Decapterus maruadsi,Mid-trophic species,10,44774.0414567901,10200.9116728395
SSP5-8.5,12,DecapterusMaruadsi,Decapterus maruadsi,Mid-trophic species,10,45224.2839012346,10330.6190691358
SSP5-8.5,13,DecapterusMaruadsi,Decapterus maruadsi,Mid-trophic species,10,41038.0522839506,9364.0629037037
SSP5-8.5,14,DecapterusMaruadsi,Decapterus maruadsi,Mid-trophic species,10,49079.1007407407,11253.8989790123
SSP5-8.5,15,DecapterusMaruadsi,Decapterus maruadsi,Mid-trophic species,10,52544.5883333333,11940.0992555556
SSP5-8.5,16,DecapterusMaruadsi,Decapterus maruadsi,Mid-trophic species,10,50937.450691358,11531.2194259259
SSP5-8.5,17,DecapterusMaruadsi,Decapterus maruadsi,Mid-trophic species,10,48925.1977407407,11108.5339209877
SSP5-8.5,18,DecapterusMaruadsi,Decapterus maruadsi,Mid-trophic species,10,50632.3172962963,11431.5145740741
SSP5-8.5,19,DecapterusMaruadsi,Decapterus maruadsi,Mid-trophic species,10,51043.049925926,11623.6184753086
SSP5-8.5,20,DecapterusMaruadsi,Decapterus maruadsi,Mid-trophic species,10,48927.7039382716,11093.5876641975
SSP5-8.5,21,DecapterusMaruadsi,Decapterus maruadsi,Mid-trophic species,10,49144.9705679012,11211.8211098765
SSP5-8.5,22,DecapterusMaruadsi,Decapterus maruadsi,Mid-trophic species,10,47233.930691358,10785.7576061728
SSP5-8.5,23,DecapterusMaruadsi,Decapterus maruadsi,Mid-trophic species,10,48194.9312962963,10949.6932135802
SSP5-8.5,24,DecapterusMaruadsi,Decapterus maruadsi,Mid-trophic species,10,48980.2330617284,11108.9646641975
SSP5-8.5,25,DecapterusMaruadsi,Decapterus maruadsi,Mid-trophic species,10,42748.7195925926,9821.78179876543
SSP5-8.5,26,DecapterusMaruadsi,Decapterus maruadsi,Mid-trophic species,10,46207.7235802469,10624.7073160494
SSP5-8.5,27,DecapterusMaruadsi,Decapterus maruadsi,Mid-trophic species,10,48294.4290123457,11065.5383901235
SSP5-8.5,28,DecapterusMaruadsi,Decapterus maruadsi,Mid-trophic species,10,46827.8540123457,10700.0376432099
SSP5-8.5,29,DecapterusMaruadsi,Decapterus maruadsi,Mid-trophic species,10,47670.2789506173,10864.1864802469
SSP5-8.5,30,DecapterusMaruadsi,Decapterus maruadsi,Mid-trophic species,10,52359.2887407407,11863.443391358
SSP5-8.5,31,DecapterusMaruadsi,Decapterus maruadsi,Mid-trophic species,10,42800.936691358,9828.33933209877
SSP5-8.5,32,DecapterusMaruadsi,Decapterus maruadsi,Mid-trophic species,10,52139.4097777778,11813.8160148148
SSP5-8.5,33,DecapterusMaruadsi,Decapterus maruadsi,Mid-trophic species,10,45350.4088765432,10387.5963604938
SSP5-8.5,34,DecapterusMaruadsi,Decapterus maruadsi,Mid-trophic species,10,47698.9411358025,10826.2327234568
SSP5-8.5,35,DecapterusMaruadsi,Decapterus maruadsi,Mid-trophic species,10,48767.1359382716,11081.1025506173
SSP5-8.5,36,DecapterusMaruadsi,Decapterus maruadsi,Mid-trophic species,10,52110.3057037037,11724.4054296296
SSP5-8.5,37,DecapterusMaruadsi,Decapterus maruadsi,Mid-trophic species,10,47760.9842962963,10869.9453925926
SSP5-8.5,38,DecapterusMaruadsi,Decapterus maruadsi,Mid-trophic species,10,50316.6326790124,11427.9897518519
SSP5-8.5,39,DecapterusMaruadsi,Decapterus maruadsi,Mid-trophic species,10,47320.4977777778,10797.6424209877
SSP5-8.5,40,DecapterusMaruadsi,Decapterus maruadsi,Mid-trophic species,10,44521.7592222222,10210.2939790123
SSP5-8.5,41,DecapterusMaruadsi,Decapterus maruadsi,Mid-trophic species,10,47882.269,10858.514762963
SSP5-8.5,42,DecapterusMaruadsi,Decapterus maruadsi,Mid-trophic species,10,44743.8574320988,10178.1837851852
SSP5-8.5,43,DecapterusMaruadsi,Decapterus maruadsi,Mid-trophic species,10,50069.5153703704,11309.168245679
SSP5-8.5,44,DecapterusMaruadsi,Decapterus maruadsi,Mid-trophic species,10,47703.052,10889.9597506173
SSP5-8.5,45,DecapterusMaruadsi,Decapterus maruadsi,Mid-trophic species,10,42378.1072469136,9702.11370246913
SSP5-8.5,46,DecapterusMaruadsi,Decapterus maruadsi,Mid-trophic species,10,42750.8254197531,9776.19494567901
SSP5-8.5,47,DecapterusMaruadsi,Decapterus maruadsi,Mid-trophic species,10,45858.9477037037,10539.2691271605
SSP5-8.5,48,DecapterusMaruadsi,Decapterus maruadsi,Mid-trophic species,10,46510.4648395062,10640.9053407407
SSP5-8.5,49,DecapterusMaruadsi,Decapterus maruadsi,Mid-trophic species,10,48409.7554691358,10989.5107790123
SSP5-8.5,50,DecapterusMaruadsi,Decapterus maruadsi,Mid-trophic species,10,47708.9716234568,10857.7149209877
SSP5-8.5,51,DecapterusMaruadsi,Decapterus maruadsi,Mid-trophic species,10,52319.1884444444,11843.048308642
SSP5-8.5,52,DecapterusMaruadsi,Decapterus maruadsi,Mid-trophic species,10,56189.812037037,12747.297945679
SSP5-8.5,53,DecapterusMaruadsi,Decapterus maruadsi,Mid-trophic species,10,50227.6774691358,11383.7544814815
SSP5-8.5,54,DecapterusMaruadsi,Decapterus maruadsi,Mid-trophic species,10,52182.4374691358,11790.8753
SSP5-8.5,55,DecapterusMaruadsi,Decapterus maruadsi,Mid-trophic species,10,43853.8872592593,10010.2927839506
SSP5-8.5,56,DecapterusMaruadsi,Decapterus maruadsi,Mid-trophic species,10,50677.405345679,11504.3158555556
SSP5-8.5,57,DecapterusMaruadsi,Decapterus maruadsi,Mid-trophic species,10,47195.3840123457,10679.0437098765
SSP5-8.5,58,DecapterusMaruadsi,Decapterus maruadsi,Mid-trophic species,10,45342.5569876543,10415.7563592593
SSP5-8.5,59,DecapterusMaruadsi,Decapterus maruadsi,Mid-trophic species,10,48495.6788395062,11071.584837037
SSP5-8.5,60,DecapterusMaruadsi,Decapterus maruadsi,Mid-trophic species,10,50916.4381234568,11584.6365802469
SSP5-8.5,61,DecapterusMaruadsi,Decapterus maruadsi,Mid-trophic species,10,51417.5560123457,11703.9249012346
SSP5-8.5,62,DecapterusMaruadsi,Decapterus maruadsi,Mid-trophic species,10,46652.8229753086,10660.8061691358
SSP5-8.5,63,DecapterusMaruadsi,Decapterus maruadsi,Mid-trophic species,10,43086.8152098766,9835.8004925926
SSP5-8.5,64,DecapterusMaruadsi,Decapterus maruadsi,Mid-trophic species,10,52046.8821975309,11876.9757975309
SSP5-8.5,65,DecapterusMaruadsi,Decapterus maruadsi,Mid-trophic species,10,45815.908308642,10483.943491358
SSP5-8.5,66,DecapterusMaruadsi,Decapterus maruadsi,Mid-trophic species,10,52196.1884814815,11806.6994666667
SSP5-8.5,67,DecapterusMaruadsi,Decapterus maruadsi,Mid-trophic species,10,42430.5894444445,9674.66806172839
SSP5-8.5,68,DecapterusMaruadsi,Decapterus maruadsi,Mid-trophic species,10,44099.4340617284,9994.68317654321
SSP5-8.5,69,DecapterusMaruadsi,Decapterus maruadsi,Mid-trophic species,10,48540.3073333333,11069.9880444444
SSP5-8.5,70,DecapterusMaruadsi,Decapterus maruadsi,Mid-trophic species,10,49511.2865802469,11253.6760530864
SSP5-8.5,71,DecapterusMaruadsi,Decapterus maruadsi,Mid-trophic species,10,43533.9693580247,9980.24467283951
SSP5-8.5,72,DecapterusMaruadsi,Decapterus maruadsi,Mid-trophic species,10,49746.2665925926,11308.1552432099
SSP5-8.5,73,DecapterusMaruadsi,Decapterus maruadsi,Mid-trophic species,10,48360.5942345679,11082.6974592593
SSP5-8.5,74,DecapterusMaruadsi,Decapterus maruadsi,Mid-trophic species,10,44609.9618148148,10165.2977382716
SSP5-8.5,75,DecapterusMaruadsi,Decapterus maruadsi,Mid-trophic species,10,51020.5472962963,11599.0133469136
SSP5-8.5,76,DecapterusMaruadsi,Decapterus maruadsi,Mid-trophic species,10,45049.3710123457,10281.3328950617
SSP5-8.5,77,DecapterusMaruadsi,Decapterus maruadsi,Mid-trophic species,10,39713.5545987655,9100.56375061728
SSP5-8.5,78,DecapterusMaruadsi,Decapterus maruadsi,Mid-trophic species,10,45023.9094691358,10300.7411333333
SSP5-8.5,79,DecapterusMaruadsi,Decapterus maruadsi,Mid-trophic species,10,38371.947462963,8781.74252098765
SSP5-8.5,80,DecapterusMaruadsi,Decapterus maruadsi,Mid-trophic species,10,46809.091345679,10616.3444802469
SSP5-8.5,81,DecapterusMaruadsi,Decapterus maruadsi,Mid-trophic species,10,45563.0183209877,10402.3146950617
SSP5-8.5,82,DecapterusMaruadsi,Decapterus maruadsi,Mid-trophic species,10,43245.0073950617,9825.76104074074
SSP5-8.5,83,DecapterusMaruadsi,Decapterus maruadsi,Mid-trophic species,10,44123.3441851852,10120.7284407407
SSP5-8.5,84,DecapterusMaruadsi,Decapterus maruadsi,Mid-trophic species,10,44968.5764074074,10283.1055123457
SSP5-8.5,85,DecapterusMaruadsi,Decapterus maruadsi,Mid-trophic species,10,47180.4632222222,10751.6884320988
SSP5-8.5,86,DecapterusMaruadsi,Decapterus maruadsi,Mid-trophic species,10,55442.2307037037,12458.1502938272
SSP5-8.5,87,DecapterusMaruadsi,Decapterus maruadsi,Mid-trophic species,10,52600.4560493827,11987.245008642
SSP5-8.5,88,DecapterusMaruadsi,Decapterus maruadsi,Mid-trophic species,10,45355.6997654321,10364.5781
SSP5-8.5,89,DecapterusMaruadsi,Decapterus maruadsi,Mid-trophic species,10,43722.0130617284,10027.8682864198
SSP5-8.5,90,DecapterusMaruadsi,Decapterus maruadsi,Mid-trophic species,10,43312.7548024691,9915.64134814815
SSP5-8.5,91,DecapterusMaruadsi,Decapterus maruadsi,Mid-trophic species,10,45814.4935802469,10485.7733864198
SSP5-8.5,92,DecapterusMaruadsi,Decapterus maruadsi,Mid-trophic species,10,46496.0126049383,10629.8483444444
SSP5-8.5,93,DecapterusMaruadsi,Decapterus maruadsi,Mid-trophic species,10,48833.7161358025,11116.514508642
SSP5-8.5,94,DecapterusMaruadsi,Decapterus maruadsi,Mid-trophic species,10,50387.2829876543,11449.5386518519
SSP5-8.5,95,DecapterusMaruadsi,Decapterus maruadsi,Mid-trophic species,10,43887.8598518519,10056.1482481482
SSP5-8.5,96,DecapterusMaruadsi,Decapterus maruadsi,Mid-trophic species,10,47984.6172222222,10817.9569654321
SSP5-8.5,97,DecapterusMaruadsi,Decapterus maruadsi,Mid-trophic species,10,47414.8900493827,10800.9353172839
SSP5-8.5,98,DecapterusMaruadsi,Decapterus maruadsi,Mid-trophic species,10,43691.1190864197,9985.1245
SSP5-8.5,99,DecapterusMaruadsi,Decapterus maruadsi,Mid-trophic species,10,48624.4735061729,11084.7799320988
SSP5-8.5,100,DecapterusMaruadsi,Decapterus maruadsi,Mid-trophic species,10,47968.5237283951,10872.9665259259
SSP5-8.5,1,PennahiaArgentata,Pennahia argentata,Mid-trophic species,11,864266.097530864,147852.166123457
SSP5-8.5,2,PennahiaArgentata,Pennahia argentata,Mid-trophic species,11,865767.687901235,148100.585987654
SSP5-8.5,3,PennahiaArgentata,Pennahia argentata,Mid-trophic species,11,751593.193827161,128822.391148148
SSP5-8.5,4,PennahiaArgentata,Pennahia argentata,Mid-trophic species,11,938947.502222222,160699.437481482
SSP5-8.5,5,PennahiaArgentata,Pennahia argentata,Mid-trophic species,11,833153.31925926,142046.427283951
SSP5-8.5,6,PennahiaArgentata,Pennahia argentata,Mid-trophic species,11,815476.657037037,139799.863481481
SSP5-8.5,7,PennahiaArgentata,Pennahia argentata,Mid-trophic species,11,812302.302962963,138719.455567901
SSP5-8.5,8,PennahiaArgentata,Pennahia argentata,Mid-trophic species,11,830718.755925926,142123.981888889
SSP5-8.5,9,PennahiaArgentata,Pennahia argentata,Mid-trophic species,11,878655.829259259,149314.542703704
SSP5-8.5,10,PennahiaArgentata,Pennahia argentata,Mid-trophic species,11,918903.428888889,157131.981283951
SSP5-8.5,11,PennahiaArgentata,Pennahia argentata,Mid-trophic species,11,877399.656049383,149740.624148148
SSP5-8.5,12,PennahiaArgentata,Pennahia argentata,Mid-trophic species,11,811157.077530864,138612.167975309
SSP5-8.5,13,PennahiaArgentata,Pennahia argentata,Mid-trophic species,11,899170.930740741,153382.483259259
SSP5-8.5,14,PennahiaArgentata,Pennahia argentata,Mid-trophic species,11,876641.520987655,150352.192098765
SSP5-8.5,15,PennahiaArgentata,Pennahia argentata,Mid-trophic species,11,826642.213827161,141097.115654321
SSP5-8.5,16,PennahiaArgentata,Pennahia argentata,Mid-trophic species,11,801076.699382716,137052.380728395
SSP5-8.5,17,PennahiaArgentata,Pennahia argentata,Mid-trophic species,11,864364.201975309,147861.570938272
SSP5-8.5,18,PennahiaArgentata,Pennahia argentata,Mid-trophic species,11,809035.116666667,137910.228481481
SSP5-8.5,19,PennahiaArgentata,Pennahia argentata,Mid-trophic species,11,789511.970740741,134749.679518519
SSP5-8.5,20,PennahiaArgentata,Pennahia argentata,Mid-trophic species,11,836292.578888889,143114.367839506
SSP5-8.5,21,PennahiaArgentata,Pennahia argentata,Mid-trophic species,11,885381.071975309,151342.330222222
SSP5-8.5,22,PennahiaArgentata,Pennahia argentata,Mid-trophic species,11,872715.52962963,149629.786592593
SSP5-8.5,23,PennahiaArgentata,Pennahia argentata,Mid-trophic species,11,939184.871111111,160889.087209877
SSP5-8.5,24,PennahiaArgentata,Pennahia argentata,Mid-trophic species,11,819056.532469136,140162.188728395
SSP5-8.5,25,PennahiaArgentata,Pennahia argentata,Mid-trophic species,11,846583.210740741,144446.342679012
SSP5-8.5,26,PennahiaArgentata,Pennahia argentata,Mid-trophic species,11,798875.510617284,136395.241493827
SSP5-8.5,27,PennahiaArgentata,Pennahia argentata,Mid-trophic species,11,840738.35617284,143932.676753086
SSP5-8.5,28,PennahiaArgentata,Pennahia argentata,Mid-trophic species,11,809229.738271605,138521.36137037
SSP5-8.5,29,PennahiaArgentata,Pennahia argentata,Mid-trophic species,11,831973.800493827,141704.949271605
SSP5-8.5,30,PennahiaArgentata,Pennahia argentata,Mid-trophic species,11,937389.465061729,159925.008
SSP5-8.5,31,PennahiaArgentata,Pennahia argentata,Mid-trophic species,11,784734.837530864,134358.036283951
SSP5-8.5,32,PennahiaArgentata,Pennahia argentata,Mid-trophic species,11,892046.826049383,152828.942938272
SSP5-8.5,33,PennahiaArgentata,Pennahia argentata,Mid-trophic species,11,845257.654691358,144885.79062963
SSP5-8.5,34,PennahiaArgentata,Pennahia argentata,Mid-trophic species,11,801490.51617284,136973.286827161
SSP5-8.5,35,PennahiaArgentata,Pennahia argentata,Mid-trophic species,11,847359.811358025,144504.074123457
SSP5-8.5,36,PennahiaArgentata,Pennahia argentata,Mid-trophic species,11,859128.812345679,146941.574679012
SSP5-8.5,37,PennahiaArgentata,Pennahia argentata,Mid-trophic species,11,870945.298271605,149106.186012346
SSP5-8.5,38,PennahiaArgentata,Pennahia argentata,Mid-trophic species,11,970340.138765432,166304.795283951
SSP5-8.5,39,PennahiaArgentata,Pennahia argentata,Mid-trophic species,11,831807.067407408,142147.288691358
SSP5-8.5,40,PennahiaArgentata,Pennahia argentata,Mid-trophic species,11,809492.229876543,138756.555283951
SSP5-8.5,41,PennahiaArgentata,Pennahia argentata,Mid-trophic species,11,890121.854444445,152164.252555556
SSP5-8.5,42,PennahiaArgentata,Pennahia argentata,Mid-trophic species,11,831552.782345679,142074.066135802
SSP5-8.5,43,PennahiaArgentata,Pennahia argentata,Mid-trophic species,11,895998.460493827,153289.259876543
SSP5-8.5,44,PennahiaArgentata,Pennahia argentata,Mid-trophic species,11,816687.338641975,139611.055851852
SSP5-8.5,45,PennahiaArgentata,Pennahia argentata,Mid-trophic species,11,808875.691851852,138375.232382716
SSP5-8.5,46,PennahiaArgentata,Pennahia argentata,Mid-trophic species,11,812287.877901234,138244.963518519
SSP5-8.5,47,PennahiaArgentata,Pennahia argentata,Mid-trophic species,11,895607.460123457,153048.355740741
SSP5-8.5,48,PennahiaArgentata,Pennahia argentata,Mid-trophic species,11,820741.049876543,140885.140074074
SSP5-8.5,49,PennahiaArgentata,Pennahia argentata,Mid-trophic species,11,839957.244320988,143891.486975309
SSP5-8.5,50,PennahiaArgentata,Pennahia argentata,Mid-trophic species,11,782738.568765432,133840.653469136
SSP5-8.5,51,PennahiaArgentata,Pennahia argentata,Mid-trophic species,11,926933.149506173,158106.671530864
SSP5-8.5,52,PennahiaArgentata,Pennahia argentata,Mid-trophic species,11,843562.262592593,143858.016691358
SSP5-8.5,53,PennahiaArgentata,Pennahia argentata,Mid-trophic species,11,860089.049876543,147169.363666667
SSP5-8.5,54,PennahiaArgentata,Pennahia argentata,Mid-trophic species,11,897016.539382716,153370.74291358
SSP5-8.5,55,PennahiaArgentata,Pennahia argentata,Mid-trophic species,11,853559.943580247,146094.246444444
SSP5-8.5,56,PennahiaArgentata,Pennahia argentata,Mid-trophic species,11,825969.314938272,141040.211814815
SSP5-8.5,57,PennahiaArgentata,Pennahia argentata,Mid-trophic species,11,924962.835555556,158553.974407407
SSP5-8.5,58,PennahiaArgentata,Pennahia argentata,Mid-trophic species,11,807273.754938271,138314.997469136
SSP5-8.5,59,PennahiaArgentata,Pennahia argentata,Mid-trophic species,11,874568.332098766,149627.091666667
SSP5-8.5,60,PennahiaArgentata,Pennahia argentata,Mid-trophic species,11,844900.310617284,144317.589765432
SSP5-8.5,61,PennahiaArgentata,Pennahia argentata,Mid-trophic species,11,884111.068024691,151106.381296296
SSP5-8.5,62,PennahiaArgentata,Pennahia argentata,Mid-trophic species,11,815422.523209877,139214.82162963
SSP5-8.5,63,PennahiaArgentata,Pennahia argentata,Mid-trophic species,11,835161.344074074,142381.734592593
SSP5-8.5,64,PennahiaArgentata,Pennahia argentata,Mid-trophic species,11,849019.954320988,145490.895197531
SSP5-8.5,65,PennahiaArgentata,Pennahia argentata,Mid-trophic species,11,769269.906296296,131504.916358025
SSP5-8.5,66,PennahiaArgentata,Pennahia argentata,Mid-trophic species,11,805052.958271605,138074.587283951
SSP5-8.5,67,PennahiaArgentata,Pennahia argentata,Mid-trophic species,11,855234.945925926,146301.651123457
SSP5-8.5,68,PennahiaArgentata,Pennahia argentata,Mid-trophic species,11,835207.132098766,142339.298555556
SSP5-8.5,69,PennahiaArgentata,Pennahia argentata,Mid-trophic species,11,897033.151234568,153342.605493827
SSP5-8.5,70,PennahiaArgentata,Pennahia argentata,Mid-trophic species,11,874717.122098766,149992.248444444
SSP5-8.5,71,PennahiaArgentata,Pennahia argentata,Mid-trophic species,11,889419.625925926,152517.018802469
SSP5-8.5,72,PennahiaArgentata,Pennahia argentata,Mid-trophic species,11,916496.78271605,157011.870061728
SSP5-8.5,73,PennahiaArgentata,Pennahia argentata,Mid-trophic species,11,752889.797283951,128816.569802469
SSP5-8.5,74,PennahiaArgentata,Pennahia argentata,Mid-trophic species,11,814752.312592593,139566.819493827
SSP5-8.5,75,PennahiaArgentata,Pennahia argentata,Mid-trophic species,11,800954.748148148,136478.749024691
SSP5-8.5,76,PennahiaArgentata,Pennahia argentata,Mid-trophic species,11,833615.90654321,142802.600419753
SSP5-8.5,77,PennahiaArgentata,Pennahia argentata,Mid-trophic species,11,835187.022345679,142719.876740741
SSP5-8.5,78,PennahiaArgentata,Pennahia argentata,Mid-trophic species,11,846148.59617284,145201.536444445
SSP5-8.5,79,PennahiaArgentata,Pennahia argentata,Mid-trophic species,11,805629.157530864,137965.520567901
SSP5-8.5,80,PennahiaArgentata,Pennahia argentata,Mid-trophic species,11,873772.895432099,148822.718148148
SSP5-8.5,81,PennahiaArgentata,Pennahia argentata,Mid-trophic species,11,852776.876049383,145618.35145679
SSP5-8.5,82,PennahiaArgentata,Pennahia argentata,Mid-trophic species,11,906304.625925926,155177.947962963
SSP5-8.5,83,PennahiaArgentata,Pennahia argentata,Mid-trophic species,11,829060.359876543,141782.232135802
SSP5-8.5,84,PennahiaArgentata,Pennahia argentata,Mid-trophic species,11,865851.139629629,148146.529333333
SSP5-8.5,85,PennahiaArgentata,Pennahia argentata,Mid-trophic species,11,822804.403703704,140748.519876543
SSP5-8.5,86,PennahiaArgentata,Pennahia argentata,Mid-trophic species,11,889434.211234568,152195.178901235
SSP5-8.5,87,PennahiaArgentata,Pennahia argentata,Mid-trophic species,11,832486.318518519,142500.942839506
SSP5-8.5,88,PennahiaArgentata,Pennahia argentata,Mid-trophic species,11,833483.194814815,142383.100703704
SSP5-8.5,89,PennahiaArgentata,Pennahia argentata,Mid-trophic species,11,825278.741358025,141450.889160494
SSP5-8.5,90,PennahiaArgentata,Pennahia argentata,Mid-trophic species,11,838879.264197531,143306.594407407
SSP5-8.5,91,PennahiaArgentata,Pennahia argentata,Mid-trophic species,11,830651.498148148,142122.45454321
SSP5-8.5,92,PennahiaArgentata,Pennahia argentata,Mid-trophic species,11,931101.922716049,159519.062518519
SSP5-8.5,93,PennahiaArgentata,Pennahia argentata,Mid-trophic species,11,821356.197160494,140558.096493827
SSP5-8.5,94,PennahiaArgentata,Pennahia argentata,Mid-trophic species,11,810919.978641975,138701.152580247
SSP5-8.5,95,PennahiaArgentata,Pennahia argentata,Mid-trophic species,11,876587.623703704,150196.901950617
SSP5-8.5,96,PennahiaArgentata,Pennahia argentata,Mid-trophic species,11,901022.710740741,154096.140777778
SSP5-8.5,97,PennahiaArgentata,Pennahia argentata,Mid-trophic species,11,810912.475925926,138744.185024691
SSP5-8.5,98,PennahiaArgentata,Pennahia argentata,Mid-trophic species,11,860097.915061728,146711.720962963
SSP5-8.5,99,PennahiaArgentata,Pennahia argentata,Mid-trophic species,11,867956.239135803,148179.391839506
SSP5-8.5,100,PennahiaArgentata,Pennahia argentata,Mid-trophic species,11,905586.573580247,155131.517654321
SSP5-8.5,1,PampusArgenteus,Pampus argenteus,Mid-trophic species,12,12407.4612691358,7465.61444691358
SSP5-8.5,2,PampusArgenteus,Pampus argenteus,Mid-trophic species,12,15088.5664407407,8916.52531358025
SSP5-8.5,3,PampusArgenteus,Pampus argenteus,Mid-trophic species,12,11424.2181049383,6914.50740123457
SSP5-8.5,4,PampusArgenteus,Pampus argenteus,Mid-trophic species,12,12290.3175740741,7336.98761679012
SSP5-8.5,5,PampusArgenteus,Pampus argenteus,Mid-trophic species,12,10796.7491580247,6543.87374370371
SSP5-8.5,6,PampusArgenteus,Pampus argenteus,Mid-trophic species,12,11292.0321635803,6813.92434074074
SSP5-8.5,7,PampusArgenteus,Pampus argenteus,Mid-trophic species,12,14300.7853074074,8534.24361728395
SSP5-8.5,8,PampusArgenteus,Pampus argenteus,Mid-trophic species,12,15267.6206962963,9109.6933382716
SSP5-8.5,9,PampusArgenteus,Pampus argenteus,Mid-trophic species,12,13209.9956234568,7907.59467160494
SSP5-8.5,10,PampusArgenteus,Pampus argenteus,Mid-trophic species,12,14908.0983074074,8884.24240123457
SSP5-8.5,11,PampusArgenteus,Pampus argenteus,Mid-trophic species,12,9832.12005061728,5917.4614654321
SSP5-8.5,12,PampusArgenteus,Pampus argenteus,Mid-trophic species,12,14552.2998382716,8639.2326037037
SSP5-8.5,13,PampusArgenteus,Pampus argenteus,Mid-trophic species,12,11240.2181875309,6677.81520395062
SSP5-8.5,14,PampusArgenteus,Pampus argenteus,Mid-trophic species,12,14008.0850246914,8362.53091234568
SSP5-8.5,15,PampusArgenteus,Pampus argenteus,Mid-trophic species,12,12465.1649432099,7450.8749962963
SSP5-8.5,16,PampusArgenteus,Pampus argenteus,Mid-trophic species,12,10065.2222862963,6088.25529111111
SSP5-8.5,17,PampusArgenteus,Pampus argenteus,Mid-trophic species,12,11863.5950864198,7113.45531851852
SSP5-8.5,18,PampusArgenteus,Pampus argenteus,Mid-trophic species,12,14016.848608642,8431.42418888889
SSP5-8.5,19,PampusArgenteus,Pampus argenteus,Mid-trophic species,12,11769.2977358025,7082.93151111111
SSP5-8.5,20,PampusArgenteus,Pampus argenteus,Mid-trophic species,12,14309.1093592593,8445.94888716049
SSP5-8.5,21,PampusArgenteus,Pampus argenteus,Mid-trophic species,12,13036.7814679012,7858.41898024692
SSP5-8.5,22,PampusArgenteus,Pampus argenteus,Mid-trophic species,12,13522.3245716049,8152.21554567901
SSP5-8.5,23,PampusArgenteus,Pampus argenteus,Mid-trophic species,12,13058.9621217284,7713.3093462963
SSP5-8.5,24,PampusArgenteus,Pampus argenteus,Mid-trophic species,12,12987.9903432099,7853.55700407408
SSP5-8.5,25,PampusArgenteus,Pampus argenteus,Mid-trophic species,12,12619.4222185185,7610.49524197531
SSP5-8.5,26,PampusArgenteus,Pampus argenteus,Mid-trophic species,12,12408.4806185185,7459.67668024692
SSP5-8.5,27,PampusArgenteus,Pampus argenteus,Mid-trophic species,12,15525.0587728395,9179.66671358025
SSP5-8.5,28,PampusArgenteus,Pampus argenteus,Mid-trophic species,12,13918.8711604938,8279.47510123457
SSP5-8.5,29,PampusArgenteus,Pampus argenteus,Mid-trophic species,12,11381.9249185185,6865.59091481482
SSP5-8.5,30,PampusArgenteus,Pampus argenteus,Mid-trophic species,12,10784.2791345679,6449.38875061729
SSP5-8.5,31,PampusArgenteus,Pampus argenteus,Mid-trophic species,12,12975.8745012346,7734.95969753087
SSP5-8.5,32,PampusArgenteus,Pampus argenteus,Mid-trophic species,12,13067.3774246914,7849.48318358024
SSP5-8.5,33,PampusArgenteus,Pampus argenteus,Mid-trophic species,12,12180.3626098765,7321.79227654321
SSP5-8.5,34,PampusArgenteus,Pampus argenteus,Mid-trophic species,12,15185.3856506173,8964.68578641975
SSP5-8.5,35,PampusArgenteus,Pampus argenteus,Mid-trophic species,12,13582.602154321,8102.09735308642
SSP5-8.5,36,PampusArgenteus,Pampus argenteus,Mid-trophic species,12,15384.3472975309,9115.36358765432
SSP5-8.5,37,PampusArgenteus,Pampus argenteus,Mid-trophic species,12,9032.02944814815,5460.29400864198
SSP5-8.5,38,PampusArgenteus,Pampus argenteus,Mid-trophic species,12,10353.5846716049,6252.55164444445
SSP5-8.5,39,PampusArgenteus,Pampus argenteus,Mid-trophic species,12,12667.3878037037,7598.25256543209
SSP5-8.5,40,PampusArgenteus,Pampus argenteus,Mid-trophic species,12,15309.3878432099,9032.52480617284
SSP5-8.5,41,PampusArgenteus,Pampus argenteus,Mid-trophic species,12,13319.9232098765,7974.49324296296
SSP5-8.5,42,PampusArgenteus,Pampus argenteus,Mid-trophic species,12,12166.016291358,7321.93341975309
SSP5-8.5,43,PampusArgenteus,Pampus argenteus,Mid-trophic species,12,13159.8043259259,7850.86036481482
SSP5-8.5,44,PampusArgenteus,Pampus argenteus,Mid-trophic species,12,13511.1451345679,8078.5965962963
SSP5-8.5,45,PampusArgenteus,Pampus argenteus,Mid-trophic species,12,13663.6344074074,8096.79725679012
SSP5-8.5,46,PampusArgenteus,Pampus argenteus,Mid-trophic species,12,16270.6203432099,9540.46986296296
SSP5-8.5,47,PampusArgenteus,Pampus argenteus,Mid-trophic species,12,15830.6197814815,9424.8471962963
SSP5-8.5,48,PampusArgenteus,Pampus argenteus,Mid-trophic species,12,13477.7963308642,8037.5356345679
SSP5-8.5,49,PampusArgenteus,Pampus argenteus,Mid-trophic species,12,10372.0126567901,6303.59124444444
SSP5-8.5,50,PampusArgenteus,Pampus argenteus,Mid-trophic species,12,11765.6404876543,7070.3594654321
SSP5-8.5,51,PampusArgenteus,Pampus argenteus,Mid-trophic species,12,11795.4494703704,7072.19243827161
SSP5-8.5,52,PampusArgenteus,Pampus argenteus,Mid-trophic species,12,14382.4045234568,8635.92275061729
SSP5-8.5,53,PampusArgenteus,Pampus argenteus,Mid-trophic species,12,12183.2735777778,7272.8477691358
SSP5-8.5,54,PampusArgenteus,Pampus argenteus,Mid-trophic species,12,17472.5859679012,10287.3323765432
SSP5-8.5,55,PampusArgenteus,Pampus argenteus,Mid-trophic species,12,10234.7725839506,6170.96291234568
SSP5-8.5,56,PampusArgenteus,Pampus argenteus,Mid-trophic species,12,16762.7868012346,9917.51368641975
SSP5-8.5,57,PampusArgenteus,Pampus argenteus,Mid-trophic species,12,10986.3208802469,6660.40623333333
SSP5-8.5,58,PampusArgenteus,Pampus argenteus,Mid-trophic species,12,11359.8383185185,6855.92801604938
SSP5-8.5,59,PampusArgenteus,Pampus argenteus,Mid-trophic species,12,12034.0129691358,7237.81625802469
SSP5-8.5,60,PampusArgenteus,Pampus argenteus,Mid-trophic species,12,13668.7477518518,8151.51207654321
SSP5-8.5,61,PampusArgenteus,Pampus argenteus,Mid-trophic species,12,15656.8398691358,9226.78391851852
SSP5-8.5,62,PampusArgenteus,Pampus argenteus,Mid-trophic species,12,12174.8180753086,7316.91296234568
SSP5-8.5,63,PampusArgenteus,Pampus argenteus,Mid-trophic species,12,11718.8698617284,7045.72783950618
SSP5-8.5,64,PampusArgenteus,Pampus argenteus,Mid-trophic species,12,11976.9437148148,7219.5384962963
SSP5-8.5,65,PampusArgenteus,Pampus argenteus,Mid-trophic species,12,13061.8326432099,7782.49269382716
SSP5-8.5,66,PampusArgenteus,Pampus argenteus,Mid-trophic species,12,15670.3381135803,9256.60959135803
SSP5-8.5,67,PampusArgenteus,Pampus argenteus,Mid-trophic species,12,11779.1854148148,7130.87301234568
SSP5-8.5,68,PampusArgenteus,Pampus argenteus,Mid-trophic species,12,15686.7292851852,9261.22725432099
SSP5-8.5,69,PampusArgenteus,Pampus argenteus,Mid-trophic species,12,13310.3472617284,7929.2889691358
SSP5-8.5,70,PampusArgenteus,Pampus argenteus,Mid-trophic species,12,12857.3236901235,7674.75606703704
SSP5-8.5,71,PampusArgenteus,Pampus argenteus,Mid-trophic species,12,11382.2768864198,6824.05154197531
SSP5-8.5,72,PampusArgenteus,Pampus argenteus,Mid-trophic species,12,11604.4218333333,6990.60375061728
SSP5-8.5,73,PampusArgenteus,Pampus argenteus,Mid-trophic species,12,11058.6538439506,6658.53561753086
SSP5-8.5,74,PampusArgenteus,Pampus argenteus,Mid-trophic species,12,12523.5380074074,7446.45154444445
SSP5-8.5,75,PampusArgenteus,Pampus argenteus,Mid-trophic species,12,11392.943491358,6802.09402469136
SSP5-8.5,76,PampusArgenteus,Pampus argenteus,Mid-trophic species,12,13192.0701328395,7887.57418197531
SSP5-8.5,77,PampusArgenteus,Pampus argenteus,Mid-trophic species,12,11514.0809790123,6898.67740740741
SSP5-8.5,78,PampusArgenteus,Pampus argenteus,Mid-trophic species,12,14109.957891358,8483.86511234568
SSP5-8.5,79,PampusArgenteus,Pampus argenteus,Mid-trophic species,12,9182.97076666667,5542.97691358025
SSP5-8.5,80,PampusArgenteus,Pampus argenteus,Mid-trophic species,12,17836.1606296296,10369.1293069136
SSP5-8.5,81,PampusArgenteus,Pampus argenteus,Mid-trophic species,12,14583.4776209877,8645.82300740741
SSP5-8.5,82,PampusArgenteus,Pampus argenteus,Mid-trophic species,12,10539.0563176543,6285.27126419753
SSP5-8.5,83,PampusArgenteus,Pampus argenteus,Mid-trophic species,12,11013.7185049383,6669.55994074074
SSP5-8.5,84,PampusArgenteus,Pampus argenteus,Mid-trophic species,12,13758.8012333333,8215.93800617285
SSP5-8.5,85,PampusArgenteus,Pampus argenteus,Mid-trophic species,12,17776.5839135802,10343.4278802469
SSP5-8.5,86,PampusArgenteus,Pampus argenteus,Mid-trophic species,12,13641.4094024691,8105.30733827161
SSP5-8.5,87,PampusArgenteus,Pampus argenteus,Mid-trophic species,12,14500.7234061728,8650.98127160494
SSP5-8.5,88,PampusArgenteus,Pampus argenteus,Mid-trophic species,12,13988.3871506173,8439.74599135803
SSP5-8.5,89,PampusArgenteus,Pampus argenteus,Mid-trophic species,12,13868.9217469136,8393.90065555556
SSP5-8.5,90,PampusArgenteus,Pampus argenteus,Mid-trophic species,12,14707.5110481482,8756.71288888889
SSP5-8.5,91,PampusArgenteus,Pampus argenteus,Mid-trophic species,12,10522.0880271605,6344.22146444445
SSP5-8.5,92,PampusArgenteus,Pampus argenteus,Mid-trophic species,12,13274.3809975309,7953.06712962963
SSP5-8.5,93,PampusArgenteus,Pampus argenteus,Mid-trophic species,12,12687.2360530864,7568.21175802469
SSP5-8.5,94,PampusArgenteus,Pampus argenteus,Mid-trophic species,12,12895.6824049383,7768.06952962963
SSP5-8.5,95,PampusArgenteus,Pampus argenteus,Mid-trophic species,12,11943.2447345679,7190.15198395062
SSP5-8.5,96,PampusArgenteus,Pampus argenteus,Mid-trophic species,12,15509.5198160494,9259.6766037037
SSP5-8.5,97,PampusArgenteus,Pampus argenteus,Mid-trophic species,12,14395.4684518519,8632.37062345679
SSP5-8.5,98,PampusArgenteus,Pampus argenteus,Mid-trophic species,12,12120.8228,7366.45865802469
SSP5-8.5,99,PampusArgenteus,Pampus argenteus,Mid-trophic species,12,11998.0836617284,7226.46284444444
SSP5-8.5,100,PampusArgenteus,Pampus argenteus,Mid-trophic species,12,12210.7940641975,7258.20494814815
SSP5-8.5,1,LarimichthysPolyactis,Larimichthys polyactis,Mid-trophic species,13,695513.488395062,219464.791358025
SSP5-8.5,2,LarimichthysPolyactis,Larimichthys polyactis,Mid-trophic species,13,661467.323703704,208736.899580247
SSP5-8.5,3,LarimichthysPolyactis,Larimichthys polyactis,Mid-trophic species,13,688120.475061729,216911.212839506
SSP5-8.5,4,LarimichthysPolyactis,Larimichthys polyactis,Mid-trophic species,13,672571.931728395,211584.946975309
SSP5-8.5,5,LarimichthysPolyactis,Larimichthys polyactis,Mid-trophic species,13,694445.812962963,216735.230864198
SSP5-8.5,6,LarimichthysPolyactis,Larimichthys polyactis,Mid-trophic species,13,656806.978888889,206294.630740741
SSP5-8.5,7,LarimichthysPolyactis,Larimichthys polyactis,Mid-trophic species,13,692026.544567901,217638.574567901
SSP5-8.5,8,LarimichthysPolyactis,Larimichthys polyactis,Mid-trophic species,13,703435.264197531,221425.191728395
SSP5-8.5,9,LarimichthysPolyactis,Larimichthys polyactis,Mid-trophic species,13,708090.31,221688.282469136
SSP5-8.5,10,LarimichthysPolyactis,Larimichthys polyactis,Mid-trophic species,13,650805.382469136,205709.098148148
SSP5-8.5,11,LarimichthysPolyactis,Larimichthys polyactis,Mid-trophic species,13,671475.959382716,211761.205925926
SSP5-8.5,12,LarimichthysPolyactis,Larimichthys polyactis,Mid-trophic species,13,717030.011234568,226695.13654321
SSP5-8.5,13,LarimichthysPolyactis,Larimichthys polyactis,Mid-trophic species,13,690815.58,219026.49345679
SSP5-8.5,14,LarimichthysPolyactis,Larimichthys polyactis,Mid-trophic species,13,693597.930617284,219406.195925926
SSP5-8.5,15,LarimichthysPolyactis,Larimichthys polyactis,Mid-trophic species,13,670136.144074074,210284.317901235
SSP5-8.5,16,LarimichthysPolyactis,Larimichthys polyactis,Mid-trophic species,13,680266.038148148,213799.649876543
SSP5-8.5,17,LarimichthysPolyactis,Larimichthys polyactis,Mid-trophic species,13,662299.688024691,207745.515185185
SSP5-8.5,18,LarimichthysPolyactis,Larimichthys polyactis,Mid-trophic species,13,696588.482222223,219207.767777778
SSP5-8.5,19,LarimichthysPolyactis,Larimichthys polyactis,Mid-trophic species,13,675968.17654321,212016.702345679
SSP5-8.5,20,LarimichthysPolyactis,Larimichthys polyactis,Mid-trophic species,13,696693.346913581,218103.415925926
SSP5-8.5,21,LarimichthysPolyactis,Larimichthys polyactis,Mid-trophic species,13,684582.525555555,215672.251234568
SSP5-8.5,22,LarimichthysPolyactis,Larimichthys polyactis,Mid-trophic species,13,691711.123580247,216398.116419753
SSP5-8.5,23,LarimichthysPolyactis,Larimichthys polyactis,Mid-trophic species,13,673210.807530864,212097.615185185
SSP5-8.5,24,LarimichthysPolyactis,Larimichthys polyactis,Mid-trophic species,13,673398.06382716,212898.751975309
SSP5-8.5,25,LarimichthysPolyactis,Larimichthys polyactis,Mid-trophic species,13,683801.235802469,215596.167160494
SSP5-8.5,26,LarimichthysPolyactis,Larimichthys polyactis,Mid-trophic species,13,665868.201234568,209616.135925926
SSP5-8.5,27,LarimichthysPolyactis,Larimichthys polyactis,Mid-trophic species,13,681063.978024691,214137.980123457
SSP5-8.5,28,LarimichthysPolyactis,Larimichthys polyactis,Mid-trophic species,13,712318.787530864,225955.573950617
SSP5-8.5,29,LarimichthysPolyactis,Larimichthys polyactis,Mid-trophic species,13,674557.063580247,212189.996296296
SSP5-8.5,30,LarimichthysPolyactis,Larimichthys polyactis,Mid-trophic species,13,686824.362098766,216624.291481482
SSP5-8.5,31,LarimichthysPolyactis,Larimichthys polyactis,Mid-trophic species,13,683712.230740741,214917.822901235
SSP5-8.5,32,LarimichthysPolyactis,Larimichthys polyactis,Mid-trophic species,13,669690.109506173,210188.967901235
SSP5-8.5,33,LarimichthysPolyactis,Larimichthys polyactis,Mid-trophic species,13,668967.069382716,210192.156049383
SSP5-8.5,34,LarimichthysPolyactis,Larimichthys polyactis,Mid-trophic species,13,688431.685925926,217356.595358025
SSP5-8.5,35,LarimichthysPolyactis,Larimichthys polyactis,Mid-trophic species,13,648781.496296296,204017.535864198
SSP5-8.5,36,LarimichthysPolyactis,Larimichthys polyactis,Mid-trophic species,13,692246.466666667,218276.001358025
SSP5-8.5,37,LarimichthysPolyactis,Larimichthys polyactis,Mid-trophic species,13,682649.090740741,216787.481308642
SSP5-8.5,38,LarimichthysPolyactis,Larimichthys polyactis,Mid-trophic species,13,702003.48345679,221052.272222222
SSP5-8.5,39,LarimichthysPolyactis,Larimichthys polyactis,Mid-trophic species,13,719542.528765432,227287.989012346
SSP5-8.5,40,LarimichthysPolyactis,Larimichthys polyactis,Mid-trophic species,13,682149.614691358,216247.636790123
SSP5-8.5,41,LarimichthysPolyactis,Larimichthys polyactis,Mid-trophic species,13,685082.042469136,218193.663777778
SSP5-8.5,42,LarimichthysPolyactis,Larimichthys polyactis,Mid-trophic species,13,696650.6,219289.684938272
SSP5-8.5,43,LarimichthysPolyactis,Larimichthys polyactis,Mid-trophic species,13,713190.182345679,224426.529259259
SSP5-8.5,44,LarimichthysPolyactis,Larimichthys polyactis,Mid-trophic species,13,668156.738271605,210568.882098765
SSP5-8.5,45,LarimichthysPolyactis,Larimichthys polyactis,Mid-trophic species,13,675042.827037037,212390.510123457
SSP5-8.5,46,LarimichthysPolyactis,Larimichthys polyactis,Mid-trophic species,13,674035.868888889,212020.479259259
SSP5-8.5,47,LarimichthysPolyactis,Larimichthys polyactis,Mid-trophic species,13,702834.763950617,221493.806666667
SSP5-8.5,48,LarimichthysPolyactis,Larimichthys polyactis,Mid-trophic species,13,679058.164197531,214086.430493827
SSP5-8.5,49,LarimichthysPolyactis,Larimichthys polyactis,Mid-trophic species,13,664348.047160494,208490.744074074
SSP5-8.5,50,LarimichthysPolyactis,Larimichthys polyactis,Mid-trophic species,13,675894.931234568,213852.324691358
SSP5-8.5,51,LarimichthysPolyactis,Larimichthys polyactis,Mid-trophic species,13,668929.303827161,210527.649876543
SSP5-8.5,52,LarimichthysPolyactis,Larimichthys polyactis,Mid-trophic species,13,680115.208888889,215324.782098765
SSP5-8.5,53,LarimichthysPolyactis,Larimichthys polyactis,Mid-trophic species,13,669795.537654321,210954.096419753
SSP5-8.5,54,LarimichthysPolyactis,Larimichthys polyactis,Mid-trophic species,13,645222.697654321,202796.374691358
SSP5-8.5,55,LarimichthysPolyactis,Larimichthys polyactis,Mid-trophic species,13,681708.641481481,214012.548395062
SSP5-8.5,56,LarimichthysPolyactis,Larimichthys polyactis,Mid-trophic species,13,665491.140493827,209562.783950617
SSP5-8.5,57,LarimichthysPolyactis,Larimichthys polyactis,Mid-trophic species,13,646339.701851852,201863.464691358
SSP5-8.5,58,LarimichthysPolyactis,Larimichthys polyactis,Mid-trophic species,13,687472.40654321,215492.841481482
SSP5-8.5,59,LarimichthysPolyactis,Larimichthys polyactis,Mid-trophic species,13,678767.753580247,213350.806790124
SSP5-8.5,60,LarimichthysPolyactis,Larimichthys polyactis,Mid-trophic species,13,670575.728395062,211976.052839506
SSP5-8.5,61,LarimichthysPolyactis,Larimichthys polyactis,Mid-trophic species,13,663378.621851852,207537.533098765
SSP5-8.5,62,LarimichthysPolyactis,Larimichthys polyactis,Mid-trophic species,13,659225.191358025,207170.452716049
SSP5-8.5,63,LarimichthysPolyactis,Larimichthys polyactis,Mid-trophic species,13,654581.900864198,204416.253703704
SSP5-8.5,64,LarimichthysPolyactis,Larimichthys polyactis,Mid-trophic species,13,661904.045555556,209146.765679012
SSP5-8.5,65,LarimichthysPolyactis,Larimichthys polyactis,Mid-trophic species,13,702476.159382716,221019.757530864
SSP5-8.5,66,LarimichthysPolyactis,Larimichthys polyactis,Mid-trophic species,13,686087.664938272,217378.494320988
SSP5-8.5,67,LarimichthysPolyactis,Larimichthys polyactis,Mid-trophic species,13,668175.494814815,210014.093209877
SSP5-8.5,68,LarimichthysPolyactis,Larimichthys polyactis,Mid-trophic species,13,696123.41,220412.256419753
SSP5-8.5,69,LarimichthysPolyactis,Larimichthys polyactis,Mid-trophic species,13,670242.87345679,212027.967160494
SSP5-8.5,70,LarimichthysPolyactis,Larimichthys polyactis,Mid-trophic species,13,658586.65308642,207739.402592593
SSP5-8.5,71,LarimichthysPolyactis,Larimichthys polyactis,Mid-trophic species,13,650583.206049383,204998.475234568
SSP5-8.5,72,LarimichthysPolyactis,Larimichthys polyactis,Mid-trophic species,13,716346.671604938,225688.018271605
SSP5-8.5,73,LarimichthysPolyactis,Larimichthys polyactis,Mid-trophic species,13,694614.655061729,219188.120432099
SSP5-8.5,74,LarimichthysPolyactis,Larimichthys polyactis,Mid-trophic species,13,686740.038271605,214980.582222222
SSP5-8.5,75,LarimichthysPolyactis,Larimichthys polyactis,Mid-trophic species,13,685586.194691358,215974.503703704
SSP5-8.5,76,LarimichthysPolyactis,Larimichthys polyactis,Mid-trophic species,13,669144.340246914,210020.140246914
SSP5-8.5,77,LarimichthysPolyactis,Larimichthys polyactis,Mid-trophic species,13,687200.519753086,216445.008271605
SSP5-8.5,78,LarimichthysPolyactis,Larimichthys polyactis,Mid-trophic species,13,669206.893827161,210310.006111111
SSP5-8.5,79,LarimichthysPolyactis,Larimichthys polyactis,Mid-trophic species,13,684249.285432099,216059.831111111
SSP5-8.5,80,LarimichthysPolyactis,Larimichthys polyactis,Mid-trophic species,13,689007.853703704,215527.228395062
SSP5-8.5,81,LarimichthysPolyactis,Larimichthys polyactis,Mid-trophic species,13,659284.137283951,206476.860617284
SSP5-8.5,82,LarimichthysPolyactis,Larimichthys polyactis,Mid-trophic species,13,690789.204444444,216924.748641975
SSP5-8.5,83,LarimichthysPolyactis,Larimichthys polyactis,Mid-trophic species,13,690057.982592593,217333.656666667
SSP5-8.5,84,LarimichthysPolyactis,Larimichthys polyactis,Mid-trophic species,13,692204.266790124,218859.405679012
SSP5-8.5,85,LarimichthysPolyactis,Larimichthys polyactis,Mid-trophic species,13,660308.517037037,207497.944320988
SSP5-8.5,86,LarimichthysPolyactis,Larimichthys polyactis,Mid-trophic species,13,647240.338271605,203967.338765432
SSP5-8.5,87,LarimichthysPolyactis,Larimichthys polyactis,Mid-trophic species,13,660482.043703704,208576.52654321
SSP5-8.5,88,LarimichthysPolyactis,Larimichthys polyactis,Mid-trophic species,13,720855.44,226566.151604938
SSP5-8.5,89,LarimichthysPolyactis,Larimichthys polyactis,Mid-trophic species,13,667138.111975309,208978.532716049
SSP5-8.5,90,LarimichthysPolyactis,Larimichthys polyactis,Mid-trophic species,13,711852.14962963,223559.306666667
SSP5-8.5,91,LarimichthysPolyactis,Larimichthys polyactis,Mid-trophic species,13,688674.885679012,217907.141728395
SSP5-8.5,92,LarimichthysPolyactis,Larimichthys polyactis,Mid-trophic species,13,696236.078518519,218943.839506173
SSP5-8.5,93,LarimichthysPolyactis,Larimichthys polyactis,Mid-trophic species,13,653901.976666667,206924.279012346
SSP5-8.5,94,LarimichthysPolyactis,Larimichthys polyactis,Mid-trophic species,13,718495.637901235,225289.593333333
SSP5-8.5,95,LarimichthysPolyactis,Larimichthys polyactis,Mid-trophic species,13,692396.216666667,217029.775135802
SSP5-8.5,96,LarimichthysPolyactis,Larimichthys polyactis,Mid-trophic species,13,695634.497037037,219466.097901235
SSP5-8.5,97,LarimichthysPolyactis,Larimichthys polyactis,Mid-trophic species,13,716370.662716049,226900.540987654
SSP5-8.5,98,LarimichthysPolyactis,Larimichthys polyactis,Mid-trophic species,13,681152.04962963,214869.755358025
SSP5-8.5,99,LarimichthysPolyactis,Larimichthys polyactis,Mid-trophic species,13,719821.413703704,228475.932222222
SSP5-8.5,100,LarimichthysPolyactis,Larimichthys polyactis,Mid-trophic species,13,697489.369135803,219126.313580247
SSP5-8.5,1,TrachurusJaponicus,Trachurus japonicus,Mid-trophic species,14,12132.4746160494,2430.88311135803
SSP5-8.5,2,TrachurusJaponicus,Trachurus japonicus,Mid-trophic species,14,12400.5125061728,2530.63507209877
SSP5-8.5,3,TrachurusJaponicus,Trachurus japonicus,Mid-trophic species,14,11463.2139481481,2302.64697790123
SSP5-8.5,4,TrachurusJaponicus,Trachurus japonicus,Mid-trophic species,14,11861.7268624691,2449.74863888889
SSP5-8.5,5,TrachurusJaponicus,Trachurus japonicus,Mid-trophic species,14,11019.3841209877,2241.51971098765
SSP5-8.5,6,TrachurusJaponicus,Trachurus japonicus,Mid-trophic species,14,12074.6434037037,2399.1246737037
SSP5-8.5,7,TrachurusJaponicus,Trachurus japonicus,Mid-trophic species,14,11532.3826432099,2384.16979716049
SSP5-8.5,8,TrachurusJaponicus,Trachurus japonicus,Mid-trophic species,14,10302.4077320988,2059.1939208642
SSP5-8.5,9,TrachurusJaponicus,Trachurus japonicus,Mid-trophic species,14,10498.4237716049,2112.33496345679
SSP5-8.5,10,TrachurusJaponicus,Trachurus japonicus,Mid-trophic species,14,12783.2290135802,2605.14073901235
SSP5-8.5,11,TrachurusJaponicus,Trachurus japonicus,Mid-trophic species,14,12809.103717284,2605.29430703704
SSP5-8.5,12,TrachurusJaponicus,Trachurus japonicus,Mid-trophic species,14,10188.8506864198,2069.81746691358
SSP5-8.5,13,TrachurusJaponicus,Trachurus japonicus,Mid-trophic species,14,10461.8996876543,2117.08624197531
SSP5-8.5,14,TrachurusJaponicus,Trachurus japonicus,Mid-trophic species,14,8874.67202962963,1778.55735296296
SSP5-8.5,15,TrachurusJaponicus,Trachurus japonicus,Mid-trophic species,14,12269.4975074074,2483.4173862963
SSP5-8.5,16,TrachurusJaponicus,Trachurus japonicus,Mid-trophic species,14,13371.1601888889,2765.78854604938
SSP5-8.5,17,TrachurusJaponicus,Trachurus japonicus,Mid-trophic species,14,12380.6468037037,2524.6070482716
SSP5-8.5,18,TrachurusJaponicus,Trachurus japonicus,Mid-trophic species,14,10813.6889530864,2133.10356160494
SSP5-8.5,19,TrachurusJaponicus,Trachurus japonicus,Mid-trophic species,14,10931.3665,2198.52420148148
SSP5-8.5,20,TrachurusJaponicus,Trachurus japonicus,Mid-trophic species,14,10653.0673448148,2157.845
SSP5-8.5,21,TrachurusJaponicus,Trachurus japonicus,Mid-trophic species,14,13159.7186888889,2744.2298345679
SSP5-8.5,22,TrachurusJaponicus,Trachurus japonicus,Mid-trophic species,14,11683.8897839506,2374.25947135802
SSP5-8.5,23,TrachurusJaponicus,Trachurus japonicus,Mid-trophic species,14,13016.2509333333,2690.28342135803
SSP5-8.5,24,TrachurusJaponicus,Trachurus japonicus,Mid-trophic species,14,10968.4934950617,2177.68547604938
SSP5-8.5,25,TrachurusJaponicus,Trachurus japonicus,Mid-trophic species,14,11728.6062165432,2412.82501246914
SSP5-8.5,26,TrachurusJaponicus,Trachurus japonicus,Mid-trophic species,14,10902.4877876543,2198.67509246914
SSP5-8.5,27,TrachurusJaponicus,Trachurus japonicus,Mid-trophic species,14,10019.2385950617,2024.0993945679
SSP5-8.5,28,TrachurusJaponicus,Trachurus japonicus,Mid-trophic species,14,10831.7421111111,2175.03922790123
SSP5-8.5,29,TrachurusJaponicus,Trachurus japonicus,Mid-trophic species,14,12386.9813753086,2533.94426777778
SSP5-8.5,30,TrachurusJaponicus,Trachurus japonicus,Mid-trophic species,14,10702.6422271605,2208.06393098765
SSP5-8.5,31,TrachurusJaponicus,Trachurus japonicus,Mid-trophic species,14,11732.0635950617,2380.38900864198
SSP5-8.5,32,TrachurusJaponicus,Trachurus japonicus,Mid-trophic species,14,11032.8004814815,2226.8953108642
SSP5-8.5,33,TrachurusJaponicus,Trachurus japonicus,Mid-trophic species,14,11278.9574,2320.09744864198
SSP5-8.5,34,TrachurusJaponicus,Trachurus japonicus,Mid-trophic species,14,11933.0998481482,2430.27467592593
SSP5-8.5,35,TrachurusJaponicus,Trachurus japonicus,Mid-trophic species,14,11995.1155950617,2454.10261814815
SSP5-8.5,36,TrachurusJaponicus,Trachurus japonicus,Mid-trophic species,14,9883.31589506173,1996.44765975309
SSP5-8.5,37,TrachurusJaponicus,Trachurus japonicus,Mid-trophic species,14,12840.471137037,2652.40130506173
SSP5-8.5,38,TrachurusJaponicus,Trachurus japonicus,Mid-trophic species,14,11671.8562580247,2337.22231851852
SSP5-8.5,39,TrachurusJaponicus,Trachurus japonicus,Mid-trophic species,14,10606.1074580247,2178.5638567284
SSP5-8.5,40,TrachurusJaponicus,Trachurus japonicus,Mid-trophic species,14,12723.0752209877,2557.56722506173
SSP5-8.5,41,TrachurusJaponicus,Trachurus japonicus,Mid-trophic species,14,12743.8317049383,2545.97728493827
SSP5-8.5,42,TrachurusJaponicus,Trachurus japonicus,Mid-trophic species,14,12909.558291358,2621.89626037037
SSP5-8.5,43,TrachurusJaponicus,Trachurus japonicus,Mid-trophic species,14,13686.7405259259,2748.14721691358
SSP5-8.5,44,TrachurusJaponicus,Trachurus japonicus,Mid-trophic species,14,10968.281508642,2240.61499580247
SSP5-8.5,45,TrachurusJaponicus,Trachurus japonicus,Mid-trophic species,14,12065.9700049383,2419.84656506173
SSP5-8.5,46,TrachurusJaponicus,Trachurus japonicus,Mid-trophic species,14,12539.0318,2521.60196753086
SSP5-8.5,47,TrachurusJaponicus,Trachurus japonicus,Mid-trophic species,14,10237.8905802469,2022.24826802469
SSP5-8.5,48,TrachurusJaponicus,Trachurus japonicus,Mid-trophic species,14,9739.39698024692,1960.01618753087
SSP5-8.5,49,TrachurusJaponicus,Trachurus japonicus,Mid-trophic species,14,11564.7484580247,2323.0461162963
SSP5-8.5,50,TrachurusJaponicus,Trachurus japonicus,Mid-trophic species,14,10957.2038314815,2222.69537925926
SSP5-8.5,51,TrachurusJaponicus,Trachurus japonicus,Mid-trophic species,14,11533.4819271605,2356.30369839506
SSP5-8.5,52,TrachurusJaponicus,Trachurus japonicus,Mid-trophic species,14,11192.6489691358,2241.74017407407
SSP5-8.5,53,TrachurusJaponicus,Trachurus japonicus,Mid-trophic species,14,11084.7372876543,2247.11908888889
SSP5-8.5,54,TrachurusJaponicus,Trachurus japonicus,Mid-trophic species,14,10647.1253196296,2180.81410155556
SSP5-8.5,55,TrachurusJaponicus,Trachurus japonicus,Mid-trophic species,14,11687.9374765432,2386.27943555556
SSP5-8.5,56,TrachurusJaponicus,Trachurus japonicus,Mid-trophic species,14,12048.400562963,2475.04719666667
SSP5-8.5,57,TrachurusJaponicus,Trachurus japonicus,Mid-trophic species,14,11843.5241987654,2449.26789876543
SSP5-8.5,58,TrachurusJaponicus,Trachurus japonicus,Mid-trophic species,14,11221.0856691358,2267.22238382716
SSP5-8.5,59,TrachurusJaponicus,Trachurus japonicus,Mid-trophic species,14,9336.11236790124,1904.33458975309
SSP5-8.5,60,TrachurusJaponicus,Trachurus japonicus,Mid-trophic species,14,12097.3811135802,2481.94921617284
SSP5-8.5,61,TrachurusJaponicus,Trachurus japonicus,Mid-trophic species,14,11479.5157358025,2350.8806717284
SSP5-8.5,62,TrachurusJaponicus,Trachurus japonicus,Mid-trophic species,14,10832.1543283951,2227.51860308642
SSP5-8.5,63,TrachurusJaponicus,Trachurus japonicus,Mid-trophic species,14,13798.6065061728,2805.83013925926
SSP5-8.5,64,TrachurusJaponicus,Trachurus japonicus,Mid-trophic species,14,11091.7441777778,2221.94218135802
SSP5-8.5,65,TrachurusJaponicus,Trachurus japonicus,Mid-trophic species,14,10491.1762481482,2134.94190604938
SSP5-8.5,66,TrachurusJaponicus,Trachurus japonicus,Mid-trophic species,14,11279.6799024691,2257.80493185185
SSP5-8.5,67,TrachurusJaponicus,Trachurus japonicus,Mid-trophic species,14,12744.2528740741,2600.06278444444
SSP5-8.5,68,TrachurusJaponicus,Trachurus japonicus,Mid-trophic species,14,10916.8485493827,2254.49406950617
SSP5-8.5,69,TrachurusJaponicus,Trachurus japonicus,Mid-trophic species,14,12112.2910617284,2492.96320222222
SSP5-8.5,70,TrachurusJaponicus,Trachurus japonicus,Mid-trophic species,14,12099.6240950617,2476.51058975309
SSP5-8.5,71,TrachurusJaponicus,Trachurus japonicus,Mid-trophic species,14,12087.9984814815,2467.17498493827
SSP5-8.5,72,TrachurusJaponicus,Trachurus japonicus,Mid-trophic species,14,13325.3524666667,2719.97076012346
SSP5-8.5,73,TrachurusJaponicus,Trachurus japonicus,Mid-trophic species,14,13405.8383987654,2803.18599555556
SSP5-8.5,74,TrachurusJaponicus,Trachurus japonicus,Mid-trophic species,14,10142.2579740741,2072.02861790123
SSP5-8.5,75,TrachurusJaponicus,Trachurus japonicus,Mid-trophic species,14,12019.9243567901,2448.9863091358
SSP5-8.5,76,TrachurusJaponicus,Trachurus japonicus,Mid-trophic species,14,12273.930158642,2538.46462390123
SSP5-8.5,77,TrachurusJaponicus,Trachurus japonicus,Mid-trophic species,14,11234.3065691358,2252.24899382716
SSP5-8.5,78,TrachurusJaponicus,Trachurus japonicus,Mid-trophic species,14,7636.60838148148,1516.85939259259
SSP5-8.5,79,TrachurusJaponicus,Trachurus japonicus,Mid-trophic species,14,8604.6535537037,1698.9175245679
SSP5-8.5,80,TrachurusJaponicus,Trachurus japonicus,Mid-trophic species,14,11981.8918740741,2426.61452222222
SSP5-8.5,81,TrachurusJaponicus,Trachurus japonicus,Mid-trophic species,14,10042.0584925926,2018.74402135803
SSP5-8.5,82,TrachurusJaponicus,Trachurus japonicus,Mid-trophic species,14,11024.570337037,2262.72145469136
SSP5-8.5,83,TrachurusJaponicus,Trachurus japonicus,Mid-trophic species,14,11198.1558296296,2233.65801481481
SSP5-8.5,84,TrachurusJaponicus,Trachurus japonicus,Mid-trophic species,14,12009.5615679012,2439.48095061728
SSP5-8.5,85,TrachurusJaponicus,Trachurus japonicus,Mid-trophic species,14,11415.0469197531,2270.27852666667
SSP5-8.5,86,TrachurusJaponicus,Trachurus japonicus,Mid-trophic species,14,8709.31393950617,1763.4911745679
SSP5-8.5,87,TrachurusJaponicus,Trachurus japonicus,Mid-trophic species,14,12185.0619740741,2533.16924098765
SSP5-8.5,88,TrachurusJaponicus,Trachurus japonicus,Mid-trophic species,14,11976.5624790124,2441.58172777778
SSP5-8.5,89,TrachurusJaponicus,Trachurus japonicus,Mid-trophic species,14,9913.35027901234,1979.12942666667
SSP5-8.5,90,TrachurusJaponicus,Trachurus japonicus,Mid-trophic species,14,11580.1322123457,2353.63565209877
SSP5-8.5,91,TrachurusJaponicus,Trachurus japonicus,Mid-trophic species,14,10625.9294888889,2151.40721641975
SSP5-8.5,92,TrachurusJaponicus,Trachurus japonicus,Mid-trophic species,14,10785.6934469136,2175.18344296296
SSP5-8.5,93,TrachurusJaponicus,Trachurus japonicus,Mid-trophic species,14,12396.3468172839,2558.0725754321
SSP5-8.5,94,TrachurusJaponicus,Trachurus japonicus,Mid-trophic species,14,11557.4429975309,2377.51743617284
SSP5-8.5,95,TrachurusJaponicus,Trachurus japonicus,Mid-trophic species,14,9817.47937777778,1961.49869864198
SSP5-8.5,96,TrachurusJaponicus,Trachurus japonicus,Mid-trophic species,14,10328.5284197531,2096.81220493827
SSP5-8.5,97,TrachurusJaponicus,Trachurus japonicus,Mid-trophic species,14,9690.96350493827,1928.84140777778
SSP5-8.5,98,TrachurusJaponicus,Trachurus japonicus,Mid-trophic species,14,10700.2676074074,2101.09240506173
SSP5-8.5,99,TrachurusJaponicus,Trachurus japonicus,Mid-trophic species,14,9639.64456790124,1946.88718469136
SSP5-8.5,100,TrachurusJaponicus,Trachurus japonicus,Mid-trophic species,14,12912.9719283951,2611.75221074074
